[18:08:09] 进局中(全自动)...
[18:11:49] {"kind": "start", "policy": "ra2web-jev-player/1.0", "maxDecisions": 999999, "micro": {"events": [{"kind": "micro", "t": 1, "what": "start"}], "loopN": 1, "on": true, "outcome": null, "stall": false}, "ts": "18:11:49"}
[18:11:49] === ra2web-jev-player start (tick=1.5s, max_decisions=999999) ===
[18:11:49] t=1 DEPLOY mcv
[18:11:49] {"kind": "action", "what": "deploy", "ids": [1042], "ts": "18:11:49"}
[18:11:49] {"kind": "action", "what": "deploy", "name": null, "qty": null, "tid": null, "ts": "18:11:49"}
[18:11:57] t=9 jev BUILD NAPOWR HOLD (开局序列前置位保护: 等 NAREFN)
[18:11:57] t=9 jev STANCE defend->develop (conf 0.92)
[18:11:58] t=11 jev BUILD NAPOWR HOLD (开局序列前置位保护: 等 NAREFN)
[18:12:00] t=13 jev BUILD NAPOWR HOLD (开局序列前置位保护: 等 NAREFN)
[18:12:01] t=15 jev BUILD NAPOWR HOLD (开局序列前置位保护: 等 NAREFN)
[18:12:03] t=17 jev BUILD NAPOWR HOLD (开局序列前置位保护: 等 NAREFN)
[18:12:04] t=19 jev BUILD NAPOWR HOLD (开局序列前置位保护: 等 NAREFN)
[18:12:06] t=21 jev BUILD NAPOWR HOLD (开局序列前置位保护: 等 NAREFN)
[18:12:07] t=23 jev BUILD NAPOWR HOLD (开局序列前置位保护: 等 NAREFN)
[18:12:09] t=25 jev BUILD NAPOWR HOLD (开局序列前置位保护: 等 NAREFN)
[18:12:10] t=27 jev BUILD NAPOWR HOLD (开局序列前置位保护: 等 NAREFN)
[18:12:11] t=29 jev BUILD NAPOWR HOLD (开局序列前置位保护: 等 NAREFN)
[18:12:13] t=31 jev BUILD NAPOWR HOLD (开局序列前置位保护: 等 NAREFN)
[18:12:14] t=33 jev BUILD NAPOWR HOLD (开局序列前置位保护: 等 NAREFN)
[18:12:16] t=35 jev BUILD NAPOWR HOLD (开局序列前置位保护: 等 NAREFN)
[18:12:17] t=37 jev BUILD NAPOWR HOLD (开局序列前置位保护: 等 NAREFN)
[18:12:19] t=39 jev BUILD NAPOWR HOLD (开局序列前置位保护: 等 NAREFN)
[18:12:20] t=41 OPENING REJECT NAREFN (40gs 无进展, 拉黑)
[18:12:20] t=41 OPENING FALLBACK -> legacy NAPOWR-first
[18:12:20] {"kind": "action", "what": "produce", "name": "NAPOWR", "qty": 1, "tid": null, "ts": "18:12:20"}
[18:12:20] t=41 OPENING BUILD NAPOWR
[18:12:31] t=55 tick#25 credits=9612 stance=develop | jev 25 decisions p50=834ms
[18:12:39] {"kind": "action", "what": "produce", "name": "NAREFN", "qty": 1, "tid": null, "ts": "18:12:39"}
[18:12:39] t=67 OPENING BUILD NAREFN
[18:13:09] t=105 tick#50 credits=8484 stance=develop | jev 50 decisions p50=872ms
[18:13:46] t=155 tick#75 credits=7400 stance=develop | jev 75 decisions p50=881ms
[18:13:47] {"kind": "action", "what": "produce", "name": "NAHAND", "qty": 1, "tid": null, "ts": "18:13:47"}
[18:13:47] t=157 OPENING BUILD NAHAND
[18:14:06] t=183 DEFLINE NALASR (have 0)
[18:14:06] {"kind": "action", "what": "produce", "name": "NALASR", "qty": 1, "tid": null, "ts": "18:14:06"}
[18:14:06] {"kind": "action", "what": "produce", "name": "NAWEAP", "qty": 1, "tid": null, "ts": "18:14:06"}
[18:14:06] t=183 OPENING BUILD NAWEAP
[18:14:24] t=205 tick#100 credits=5871 stance=develop | jev 100 decisions p50=892ms
[18:14:24] t=207 DEFLINE NALASR (have 1)
[18:15:02] t=255 tick#125 credits=4658 stance=defend | jev 125 decisions p50=906ms
[18:15:09] t=267 DEFLINE NALASR (have 1)
[18:15:09] {"kind": "action", "what": "produce", "name": "NALASR", "qty": 1, "tid": null, "ts": "18:15:09"}
[18:15:14] t=273 ECON harv#2
[18:15:14] t=273 TANK HTNK x3
[18:15:14] {"kind": "action", "what": "produce", "name": "HARV", "qty": 1, "tid": null, "ts": "18:15:14"}
[18:15:14] {"kind": "action", "what": "produce", "name": "HTNK", "qty": 3, "tid": null, "ts": "18:15:14"}
[18:15:15] t=273 jev BUILD NAREFN (conf 0.38)
[18:15:15] {"kind": "action", "what": "produce", "name": "NAREFN", "qty": 1, "tid": null, "ts": "18:15:15"}
[18:15:27] t=291 INSURE AA building
[18:15:27] {"kind": "action", "what": "produce", "name": "NAFLAK", "qty": 1, "tid": null, "ts": "18:15:27"}
[18:15:41] t=308 jev STANCE defend->develop (conf 0.46)
[18:15:41] t=308 tick#150 credits=4098 stance=develop | jev 150 decisions p50=946ms
[18:16:21] t=361 tick#175 credits=990 stance=develop | jev 175 decisions p50=1099ms
[18:16:21] t=364 POWER plant (reserve -35)
[18:16:22] {"kind": "action", "what": "produce", "name": "NAPOWR", "qty": 1, "tid": null, "ts": "18:16:22"}
[18:16:28] t=372 SCOUT #1092->[47, 186]
[18:16:28] {"kind": "action", "what": "attack_move", "name": null, "qty": null, "tid": null, "ts": "18:16:28"}
[18:16:30] t=374 SCOUT* #1092->[47, 186]
[18:16:30] {"kind": "action", "what": "attack_move", "name": null, "qty": null, "tid": null, "ts": "18:16:30"}
[18:17:02] t=415 tick#200 credits=0 stance=develop | jev 200 decisions p50=1124ms
[18:17:25] t=446 jev BUILD NAREFN (conf 0.33)
[18:17:25] {"kind": "action", "what": "produce", "name": "NAREFN", "qty": 1, "tid": null, "ts": "18:17:25"}
[18:17:34] t=459 MOVE assault x1 -> (137,82)
[18:17:34] {"kind": "action", "what": "attack_move", "name": null, "qty": null, "tid": null, "ts": "18:17:34"}
[18:17:43] t=470 tick#225 credits=782 stance=develop | jev 225 decisions p50=1151ms
[18:17:47] t=476 MOVE assault x1 -> (137,82)
[18:17:47] {"kind": "action", "what": "attack_move", "name": null, "qty": null, "tid": null, "ts": "18:17:47"}
[18:18:00] t=494 MOVE assault x1 -> (137,82)
[18:18:00] {"kind": "action", "what": "attack_move", "name": null, "qty": null, "tid": null, "ts": "18:18:00"}
[18:18:02] t=498 ECON harv#4
[18:18:02] t=498 TANK HTNK x2
[18:18:02] {"kind": "action", "what": "produce", "name": "HARV", "qty": 1, "tid": null, "ts": "18:18:02"}
[18:18:02] {"kind": "action", "what": "produce", "name": "HTNK", "qty": 2, "tid": null, "ts": "18:18:02"}
[18:18:04] t=498 MOVE guard x1 -> (137,82)
[18:18:04] {"kind": "action", "what": "attack_move", "name": null, "qty": null, "tid": null, "ts": "18:18:04"}
[18:18:13] t=511 MOVE assault x1 -> (137,82)
[18:18:14] {"kind": "action", "what": "attack_move", "name": null, "qty": null, "tid": null, "ts": "18:18:14"}
[18:18:23] t=524 tick#250 credits=1678 stance=develop | jev 250 decisions p50=1174ms
[18:18:26] t=528 MOVE assault x1 -> (137,82)
[18:18:27] {"kind": "action", "what": "attack_move", "name": null, "qty": null, "tid": null, "ts": "18:18:27"}
[18:18:33] t=537 jev BUILD NAHAND HOLD (资金闸门: 坦克优先, cash=1126)
[18:18:35] t=539 jev BUILD NAHAND HOLD (资金闸门: 坦克优先, cash=1072)
[18:18:35] t=539 MOVE guard x1 -> (137,82)
[18:18:35] {"kind": "action", "what": "attack_move", "name": null, "qty": null, "tid": null, "ts": "18:18:35"}
[18:18:36] t=541 jev BUILD NAHAND HOLD (资金闸门: 坦克优先, cash=1019)
[18:18:38] t=544 jev BUILD NAHAND HOLD (资金闸门: 坦克优先, cash=967)
[18:18:40] t=546 jev BUILD NAHAND HOLD (资金闸门: 坦克优先, cash=915)
[18:18:40] t=546 MOVE assault x1 -> (137,82)
[18:18:40] {"kind": "action", "what": "attack_move", "name": null, "qty": null, "tid": null, "ts": "18:18:40"}
[18:18:41] t=548 jev BUILD NAHAND HOLD (资金闸门: 坦克优先, cash=862)
[18:18:43] t=550 jev BUILD NAHAND HOLD (资金闸门: 坦克优先, cash=808)
[18:18:44] t=552 jev BUILD NAHAND HOLD (资金闸门: 坦克优先, cash=757)
[18:18:46] t=554 jev BUILD NAHAND HOLD (资金闸门: 坦克优先, cash=705)
[18:18:48] t=557 jev BUILD NAHAND HOLD (资金闸门: 坦克优先, cash=650)
[18:18:49] t=559 jev BUILD NAHAND HOLD (资金闸门: 坦克优先, cash=597)
[18:18:51] t=561 jev BUILD NAHAND HOLD (资金闸门: 坦克优先, cash=544)
[18:18:53] t=563 jev BUILD NAHAND HOLD (资金闸门: 坦克优先, cash=489)
[18:18:53] t=563 MOVE assault x1 -> (137,82)
[18:18:53] {"kind": "action", "what": "attack_move", "name": null, "qty": null, "tid": null, "ts": "18:18:53"}
[18:18:54] t=565 jev BUILD NAHAND HOLD (资金闸门: 坦克优先, cash=434)
[18:18:54] t=567 ALARM enemy approaching -> counter 2 vs 1 -> [122, 82]
[18:18:54] {"kind": "action", "what": "attack_move", "name": null, "qty": null, "tid": null, "ts": "18:18:54"}
[18:18:54] t=567 SCOUT* #1092->[14, 108]
[18:18:54] {"kind": "action", "what": "attack_move", "name": null, "qty": null, "tid": null, "ts": "18:18:54"}
[18:18:56] t=567 jev BUILD NAHAND HOLD (资金闸门: 坦克优先, cash=380)
[18:18:58] t=570 jev BUILD NAHAND HOLD (资金闸门: 坦克优先, cash=320)
[18:18:59] t=572 jev BUILD NAHAND HOLD (资金闸门: 坦克优先, cash=264)
[18:19:01] t=574 jev BUILD NAHAND HOLD (资金闸门: 坦克优先, cash=207)
[18:19:03] t=577 jev BUILD NAHAND HOLD (资金闸门: 坦克优先, cash=150)
[18:19:03] t=579 ALARM NAPOWR under attack -> counter 2 vs 2 -> [133, 77]
[18:19:03] {"kind": "action", "what": "attack_move", "name": null, "qty": null, "tid": null, "ts": "18:19:03"}
[18:19:05] t=579 jev BUILD NAHAND HOLD (资金闸门: 坦克优先, cash=92)
[18:19:05] t=579 tick#275 credits=92 stance=defend | jev 275 decisions p50=1356ms
[18:19:06] t=581 jev BUILD NAHAND HOLD (资金闸门: 坦克优先, cash=32)
[18:19:08] t=584 jev BUILD NAHAND HOLD (资金闸门: 坦克优先, cash=0)
[18:19:10] t=586 jev BUILD NAHAND HOLD (资金闸门: 坦克优先, cash=0)
[18:19:10] t=588 RETREAT HTNK(10%)
[18:19:10] {"kind": "action", "what": "move", "name": null, "qty": null, "tid": null, "ts": "18:19:10"}
[18:19:12] t=588 jev BUILD NAHAND HOLD (资金闸门: 坦克优先, cash=0)
[18:19:12] t=588 MOVE assault x1 -> (137,82); guard x1 -> (137,82)
[18:19:12] {"kind": "action", "what": "attack_move", "name": null, "qty": null, "tid": null, "ts": "18:19:12"}
[18:19:12] {"kind": "action", "what": "attack_move", "name": null, "qty": null, "tid": null, "ts": "18:19:12"}
[18:19:12] t=591 ALARM unit lost -> TURTLE (1 v 3, 守塔阵不打野战)
[18:19:12] {"kind": "action", "what": "attack_move", "name": null, "qty": null, "tid": null, "ts": "18:19:12"}
[18:19:13] t=591 jev BUILD NAHAND HOLD (资金闸门: 坦克优先, cash=0)
[18:19:15] t=593 jev BUILD NAHAND HOLD (资金闸门: 坦克优先, cash=0)
[18:19:17] t=595 jev BUILD NAHAND HOLD (资金闸门: 坦克优先, cash=0)
[18:19:19] t=598 jev BUILD NAHAND HOLD (资金闸门: 坦克优先, cash=0)
[18:19:19] t=600 RETREAT HTNK(32%)
[18:19:19] {"kind": "action", "what": "move", "name": null, "qty": null, "tid": null, "ts": "18:19:19"}
[18:19:20] t=600 jev BUILD NAHAND HOLD (资金闸门: 坦克优先, cash=0)
[18:19:21] t=602 ALARM enemy approaching -> counter 1 vs 2 -> [130, 81]
[18:19:21] {"kind": "action", "what": "attack_move", "name": null, "qty": null, "tid": null, "ts": "18:19:21"}
[18:19:22] t=602 jev BUILD NAHAND HOLD (资金闸门: 坦克优先, cash=0)
[18:19:24] t=605 jev BUILD NAHAND HOLD (资金闸门: 坦克优先, cash=0)
[18:19:25] t=607 jev BUILD NAHAND HOLD (资金闸门: 坦克优先, cash=0)
[18:19:27] t=609 jev BUILD NAHAND HOLD (资金闸门: 坦克优先, cash=0)
[18:19:27] t=611 SCOUT #1103->[14, 178] (敌影)
[18:19:27] {"kind": "action", "what": "attack_move", "name": null, "qty": null, "tid": null, "ts": "18:19:27"}
[18:19:29] t=611 jev BUILD NAHAND HOLD (资金闸门: 坦克优先, cash=0)
[18:19:31] t=614 jev BUILD NAHAND HOLD (资金闸门: 坦克优先, cash=0)
[18:19:31] t=616 POWER plant (reserve 59)
[18:19:31] {"kind": "action", "what": "produce", "name": "NAPOWR", "qty": 1, "tid": null, "ts": "18:19:31"}
[18:19:34] t=621 RETREAT HTNK(32%)
[18:19:34] {"kind": "action", "what": "move", "name": null, "qty": null, "tid": null, "ts": "18:19:34"}
[18:19:39] t=625 MOVE assault x1 -> (137,82)
[18:19:39] {"kind": "action", "what": "attack_move", "name": null, "qty": null, "tid": null, "ts": "18:19:39"}
[18:19:39] t=627 SCOUT* #1103->[14, 147]
[18:19:39] {"kind": "action", "what": "attack_move", "name": null, "qty": null, "tid": null, "ts": "18:19:39"}
[18:19:47] t=636 tick#300 credits=15 stance=defend | jev 300 decisions p50=1365ms
[18:19:52] t=643 MOVE assault x1 -> (137,82)
[18:19:52] {"kind": "action", "what": "attack_move", "name": null, "qty": null, "tid": null, "ts": "18:19:52"}
[18:19:53] t=645 ALARM enemy approaching -> counter 1 vs 2 -> [116, 80]
[18:19:53] {"kind": "action", "what": "attack_move", "name": null, "qty": null, "tid": null, "ts": "18:19:53"}
[18:19:54] t=645 jev BUILD NAHAND (conf 0.31)
[18:19:54] t=645 jev INF E2 (conf 0.26)
[18:19:54] {"kind": "action", "what": "produce", "name": "NAHAND", "qty": 1, "tid": null, "ts": "18:19:54"}
[18:19:54] {"kind": "action", "what": "produce", "name": "E2", "qty": 1, "tid": null, "ts": "18:19:54"}
[18:19:56] t=650 RUSH-DEFENSE ON (敌4压门 vs 守2) 动员兵爆产
[18:19:58] t=652 RUSH-DEFENSE E2 x4 (敌5压门 守3)
[18:19:59] t=652 jev INF E2 (conf 0.55)
[18:20:01] t=654 jev INF E2 (conf 0.51)
[18:20:01] t=654 MOVE t=654 RUSH-DEFENSE tanks x1 -> 塔线协防; hold_a x1 -> (129,85)
[18:20:01] {"kind": "action", "what": "attack_move", "name": null, "qty": null, "tid": null, "ts": "18:20:01"}
[18:20:01] t=657 ALARM enemy approaching -> TURTLE (2 v 9, 守塔阵不打野战)
[18:20:01] {"kind": "action", "what": "attack_move", "name": null, "qty": null, "tid": null, "ts": "18:20:01"}
[18:20:03] t=657 jev INF E2 (conf 0.51)
[18:20:05] t=659 jev INF E2 (conf 0.54)
[18:20:05] t=662 TANK HTNK x3
[18:20:05] {"kind": "action", "what": "produce", "name": "HTNK", "qty": 3, "tid": null, "ts": "18:20:05"}
[18:20:07] t=662 jev INF E2 (conf 0.46)
[18:20:08] t=664 jev INF E2 (conf 0.48)
[18:20:10] t=666 jev INF E2 (conf 0.41)
[18:20:10] t=666 MOVE assault x1 -> (137,82); t=666 RUSH-DEFENSE tanks x1 -> 塔线协防; hold_a x1 -> (128,84); guard x1 -> (137,82)
[18:20:10] {"kind": "action", "what": "attack_move", "name": null, "qty": null, "tid": null, "ts": "18:20:10"}
[18:20:10] {"kind": "action", "what": "attack_move", "name": null, "qty": null, "tid": null, "ts": "18:20:10"}
[18:20:10] {"kind": "action", "what": "attack_move", "name": null, "qty": null, "tid": null, "ts": "18:20:10"}
[18:20:10] t=669 ALARM enemy approaching -> TURTLE (3 v 9, 守塔阵不打野战)
[18:20:10] {"kind": "action", "what": "attack_move", "name": null, "qty": null, "tid": null, "ts": "18:20:10"}
[18:20:11] {"kind": "action", "what": "produce", "name": "NAWEAP", "qty": 1, "tid": null, "ts": "18:20:11"}
[18:20:11] t=669 OPENING BUILD NAWEAP
[18:20:12] t=669 jev INF E2 (conf 0.50)
[18:20:14] t=671 jev INF E2 (conf 0.48)
[18:20:16] t=674 jev INF E2 (conf 0.48)
[18:20:17] t=676 jev INF E2 (conf 0.49)
[18:20:19] t=678 jev INF E2 (conf 0.49)
[18:20:19] t=681 ALARM enemy approaching -> TURTLE (3 v 8, 守塔阵不打野战)
[18:20:19] {"kind": "action", "what": "attack_move", "name": null, "qty": null, "tid": null, "ts": "18:20:19"}
[18:20:21] t=681 jev INF E2 (conf 0.47)
[18:20:21] {"kind": "action", "what": "produce", "name": "E2", "qty": 1, "tid": null, "ts": "18:20:21"}
[18:20:25] t=688 RUSH-DEFENSE E2 x4 (敌6压门 守5)
[18:20:25] t=688 SCOUT* #1103->[14, 57]
[18:20:25] {"kind": "action", "what": "attack_move", "name": null, "qty": null, "tid": null, "ts": "18:20:25"}
[18:20:26] t=688 jev INF E2 (conf 0.50)
[18:20:28] t=690 jev INF E2 (conf 0.52)
[18:20:28] t=690 MOVE assault x1 -> (137,82); t=690 RUSH-DEFENSE tanks x1 -> 塔线协防; hold_b x1 -> (130,71)
[18:20:28] {"kind": "action", "what": "attack_move", "name": null, "qty": null, "tid": null, "ts": "18:20:28"}
[18:20:28] {"kind": "action", "what": "attack_move", "name": null, "qty": null, "tid": null, "ts": "18:20:28"}
[18:20:28] t=693 ALARM enemy approaching -> TURTLE (4 v 6, 守塔阵不打野战)
[18:20:28] {"kind": "action", "what": "attack_move", "name": null, "qty": null, "tid": null, "ts": "18:20:28"}
[18:20:30] t=693 jev INF E2 (conf 0.51)
[18:20:32] t=695 jev INF E2 (conf 0.52)
[18:20:32] t=695 tick#325 credits=1156 stance=defend | jev 325 decisions p50=1372ms
[18:20:33] t=697 jev INF E2 (conf 0.45)
[18:20:34] t=700 ESCORT 坦克#1205 -> 护航矿车@[127, 106]
[18:20:34] {"kind": "action", "what": "attack_move", "name": null, "qty": null, "tid": null, "ts": "18:20:34"}
[18:20:34] t=700 SCOUT2 #1205->[66, 121]
[18:20:34] {"kind": "action", "what": "attack_move", "name": null, "qty": null, "tid": null, "ts": "18:20:34"}
[18:20:35] t=700 jev INF E2 (conf 0.43)
[18:20:37] t=702 jev INF E2 (conf 0.42)
[18:20:37] t=704 ALARM enemy approaching -> counter 5 vs 4 -> [117, 76]
[18:20:37] {"kind": "action", "what": "attack_move", "name": null, "qty": null, "tid": null, "ts": "18:20:37"}
[18:20:39] t=704 jev INF E2 (conf 0.47)
[18:20:40] t=707 jev INF E2 (conf 0.47)
[18:20:42] t=709 jev INF E2 (conf 0.47)
[18:20:44] t=711 jev INF E2 (conf 0.46)
[18:20:46] t=714 jev INF E2 (conf 0.42)
[18:20:46] t=714 MOVE assault x2 -> (137,82); t=714 RUSH-DEFENSE tanks x2 -> 塔线协防; hold_a x1 -> (127,84); hold_b x1 -> (131,71); guard x1 -> (137,82)
[18:20:46] {"kind": "action", "what": "attack_move", "name": null, "qty": null, "tid": null, "ts": "18:20:46"}
[18:20:46] {"kind": "action", "what": "attack_move", "name": null, "qty": null, "tid": null, "ts": "18:20:46"}
[18:20:46] {"kind": "action", "what": "attack_move", "name": null, "qty": null, "tid": null, "ts": "18:20:46"}
[18:20:46] {"kind": "action", "what": "attack_move", "name": null, "qty": null, "tid": null, "ts": "18:20:46"}
[18:20:46] t=716 ALARM enemy approaching -> counter 5 vs 4 -> [118, 75]
[18:20:46] {"kind": "action", "what": "attack_move", "name": null, "qty": null, "tid": null, "ts": "18:20:46"}
[18:20:47] t=716 jev INF E2 (conf 0.44)
[18:20:48] {"kind": "action", "what": "produce", "name": "E2", "qty": 1, "tid": null, "ts": "18:20:48"}
[18:20:51] t=723 RUSH-DEFENSE OFF (威胁解除) 恢复原公式
[18:20:58] t=730 MOVE assault x2 -> (137,82)
[18:20:58] {"kind": "action", "what": "attack_move", "name": null, "qty": null, "tid": null, "ts": "18:20:58"}
[18:21:00] t=732 jev INF E2 HOLD (预算保护 gate=False e2=3)
[18:21:01] t=735 jev INF E2 HOLD (预算保护 gate=False e2=3)
[18:21:03] t=737 jev INF E2 HOLD (预算保护 gate=False e2=3)
[18:21:05] t=739 jev STANCE defend->rush (conf 0.47)
[18:21:05] t=739 MOVE assault x3 -> (66,121)
[18:21:05] {"kind": "action", "what": "attack_move", "name": null, "qty": null, "tid": null, "ts": "18:21:05"}
[18:21:05] t=741 ESCORT 坦克#1513 -> 护航矿车@[128, 104]
[18:21:05] {"kind": "action", "what": "attack_move", "name": null, "qty": null, "tid": null, "ts": "18:21:05"}
[18:21:08] t=746 ALARM enemy approaching -> 攻势保持（塔阵守家, 前线 7 个单位继续进攻）
[18:21:10] t=746 jev INF E2 (conf 0.27)
[18:21:10] t=746 MOVE assault x3 -> (119,91); hold_a x2 -> (134,86); hold_b x1 -> (126,76)
[18:21:10] {"kind": "action", "what": "attack_move", "name": null, "qty": null, "tid": null, "ts": "18:21:10"}
[18:21:10] {"kind": "action", "what": "attack_move", "name": null, "qty": null, "tid": null, "ts": "18:21:10"}
[18:21:10] {"kind": "action", "what": "attack_move", "name": null, "qty": null, "tid": null, "ts": "18:21:10"}
[18:21:10] t=748 ALARM enemy approaching -> 攻势保持（塔阵守家, 前线 7 个单位继续进攻）
[18:21:10] t=748 SCOUT* #1103->[26, 186]
[18:21:10] {"kind": "action", "what": "attack_move", "name": null, "qty": null, "tid": null, "ts": "18:21:10"}
[18:21:12] t=748 MOVE assault x3 -> (120,93); hold_a x2 -> (135,86); hold_b x1 -> (126,77)
[18:21:12] {"kind": "action", "what": "attack_move", "name": null, "qty": null, "tid": null, "ts": "18:21:12"}
[18:21:12] {"kind": "action", "what": "attack_move", "name": null, "qty": null, "tid": null, "ts": "18:21:12"}
[18:21:12] {"kind": "action", "what": "attack_move", "name": null, "qty": null, "tid": null, "ts": "18:21:12"}
[18:21:12] t=751 ALARM enemy approaching -> RESCUE 预备队 3 人驰援远端 [120, 96]
[18:21:12] {"kind": "action", "what": "attack_move", "name": null, "qty": null, "tid": null, "ts": "18:21:12"}
[18:21:15] t=753 tick#350 credits=657 stance=rush | jev 350 decisions p50=1377ms
[18:21:20] t=760 jev BUILD NARADR HOLD (资金闸门: 坦克优先, cash=412)
[18:21:20] t=760 MOVE assault x3 -> (66,121); hold_a x2 -> (136,86); hold_b x1 -> (126,78); guard x1 -> (137,82)
[18:21:20] {"kind": "action", "what": "attack_move", "name": null, "qty": null, "tid": null, "ts": "18:21:20"}
[18:21:20] {"kind": "action", "what": "attack_move", "name": null, "qty": null, "tid": null, "ts": "18:21:20"}
[18:21:20] {"kind": "action", "what": "attack_move", "name": null, "qty": null, "tid": null, "ts": "18:21:20"}
[18:21:20] {"kind": "action", "what": "attack_move", "name": null, "qty": null, "tid": null, "ts": "18:21:20"}
[18:21:22] t=762 jev BUILD NARADR HOLD (资金闸门: 坦克优先, cash=292)
[18:21:24] t=764 jev BUILD NARADR HOLD (资金闸门: 坦克优先, cash=185)
[18:21:25] t=767 jev BUILD NARADR HOLD (资金闸门: 坦克优先, cash=80)
[18:21:25] t=767 jev VEH HARV HOLD (预算保护 cash=80 aav帽=ok aav=0)
[18:21:25] t=767 ATTACK (tanks=6)
[18:21:27] t=769 jev BUILD NARADR HOLD (资金闸门: 坦克优先, cash=80)
[18:21:27] t=769 jev VEH HARV HOLD (预算保护 cash=80 aav帽=ok aav=0)
[18:21:27] t=769 jev STANCE attack->rush (conf 0.54)
[18:21:27] t=769 ATTACK (tanks=6)
[18:21:28] t=771 jev BUILD NARADR HOLD (资金闸门: 坦克优先, cash=80)
[18:21:28] t=771 jev VEH HARV HOLD (预算保护 cash=80 aav帽=ok aav=0)
[18:21:28] t=771 jev STANCE attack->rush (conf 0.53)
[18:21:28] t=771 ATTACK (tanks=6)
[18:21:30] t=773 jev BUILD NARADR HOLD (资金闸门: 坦克优先, cash=80)
[18:21:30] t=773 jev VEH HARV HOLD (预算保护 cash=80 aav帽=ok aav=0)
[18:21:30] t=773 jev STANCE attack->rush (conf 0.54)
[18:21:30] t=773 ATTACK (tanks=6)
[18:21:32] t=775 jev BUILD NARADR HOLD (资金闸门: 坦克优先, cash=80)
[18:21:32] t=775 jev VEH HARV HOLD (预算保护 cash=80 aav帽=ok aav=0)
[18:21:32] t=775 jev STANCE attack->rush (conf 0.54)
[18:21:32] t=775 ATTACK (tanks=6)
[18:21:33] t=777 jev BUILD NARADR HOLD (资金闸门: 坦克优先, cash=80)
[18:21:33] t=777 jev VEH HARV HOLD (预算保护 cash=80 aav帽=ok aav=0)
[18:21:33] t=777 jev STANCE attack->rush (conf 0.53)
[18:21:33] t=777 ATTACK (tanks=6)
[18:21:33] t=777 MOVE assault x4 -> (66,121)
[18:21:33] {"kind": "action", "what": "attack_move", "name": null, "qty": null, "tid": null, "ts": "18:21:33"}
[18:21:35] t=780 jev BUILD NARADR HOLD (资金闸门: 坦克优先, cash=80)
[18:21:35] t=780 jev VEH HARV HOLD (预算保护 cash=80 aav帽=ok aav=0)
[18:21:35] t=780 jev STANCE attack->rush (conf 0.52)
[18:21:35] t=780 ATTACK (tanks=6)
[18:21:37] t=782 jev BUILD NARADR HOLD (资金闸门: 坦克优先, cash=80)
[18:21:37] t=782 jev VEH HARV HOLD (预算保护 cash=80 aav帽=ok aav=0)
[18:21:37] t=782 jev STANCE attack->rush (conf 0.52)
[18:21:37] t=782 ATTACK (tanks=6)
[18:21:38] t=784 jev BUILD NARADR HOLD (资金闸门: 坦克优先, cash=80)
[18:21:38] t=784 jev VEH HARV HOLD (预算保护 cash=80 aav帽=ok aav=0)
[18:21:38] t=784 jev STANCE attack->rush (conf 0.53)
[18:21:38] t=784 ATTACK (tanks=6)
[18:21:40] t=786 jev BUILD NARADR HOLD (资金闸门: 坦克优先, cash=80)
[18:21:40] t=786 jev VEH HARV HOLD (预算保护 cash=80 aav帽=ok aav=0)
[18:21:40] t=786 jev STANCE attack->rush (conf 0.53)
[18:21:40] t=786 ATTACK (tanks=6)
[18:21:41] t=788 jev BUILD NARADR HOLD (资金闸门: 坦克优先, cash=80)
[18:21:41] t=788 jev VEH HARV HOLD (预算保护 cash=80 aav帽=ok aav=0)
[18:21:41] t=788 jev STANCE attack->rush (conf 0.53)
[18:21:41] t=788 ATTACK (tanks=6)
[18:21:43] t=791 jev BUILD NARADR HOLD (资金闸门: 坦克优先, cash=80)
[18:21:43] t=791 jev VEH HARV HOLD (预算保护 cash=80 aav帽=ok aav=0)
[18:21:43] t=791 jev STANCE attack->rush (conf 0.53)
[18:21:43] t=791 ATTACK (tanks=6)
[18:21:43] t=793 TANK HTNK x2
[18:21:43] {"kind": "action", "what": "produce", "name": "HTNK", "qty": 2, "tid": null, "ts": "18:21:43"}
[18:21:45] t=793 jev BUILD NARADR HOLD (资金闸门: 坦克优先, cash=1205)
[18:21:45] t=793 jev STANCE attack->rush (conf 0.54)
[18:21:45] t=793 ATTACK (tanks=6)
[18:21:46] t=795 jev BUILD NARADR (conf 0.25)
[18:21:46] t=795 jev STANCE attack->rush (conf 0.53)
[18:21:46] {"kind": "action", "what": "produce", "name": "NARADR", "qty": 1, "tid": null, "ts": "18:21:46"}
[18:21:46] t=795 ATTACK (tanks=6)
[18:21:46] t=795 MOVE assault x4 -> (66,121)
[18:21:46] {"kind": "action", "what": "attack_move", "name": null, "qty": null, "tid": null, "ts": "18:21:46"}
[18:21:48] t=797 jev STANCE attack->rush (conf 0.53)
[18:21:48] t=797 ATTACK (tanks=6)
[18:21:50] t=799 jev STANCE attack->rush (conf 0.53)
[18:21:50] t=799 ATTACK (tanks=6)
[18:21:50] t=802 ESCORT 坦克#1519 -> 护航矿车@[130, 105]
[18:21:50] {"kind": "action", "what": "attack_move", "name": null, "qty": null, "tid": null, "ts": "18:21:50"}
[18:21:51] t=802 jev STANCE attack->rush (conf 0.53)
[18:21:51] t=802 ATTACK (tanks=6)
[18:21:51] t=802 MOVE guard x1 -> (137,82)
[18:21:51] {"kind": "action", "what": "attack_move", "name": null, "qty": null, "tid": null, "ts": "18:21:51"}
[18:21:53] t=804 jev STANCE attack->rush (conf 0.51)
[18:21:53] t=804 ATTACK (tanks=6)
[18:21:55] t=806 jev STANCE attack->rush (conf 0.53)
[18:21:55] t=806 ATTACK (tanks=6)
[18:21:55] t=808 ENEMY BASE spotted @[75, 118]
[18:21:57] t=808 MOVE raid x2 -> (82,118); assault x2 -> 攻击目标#1095@(80,122); hold_a x2 -> (133,86); hold_b x1 -> (126,76)
[18:21:57] {"kind": "action", "what": "attack_move", "name": null, "qty": null, "tid": null, "ts": "18:21:57"}
[18:21:57] {"kind": "action", "what": "attack_obj", "name": null, "qty": null, "tid": 1095, "ts": "18:21:57"}
[18:21:57] {"kind": "action", "what": "attack_move", "name": null, "qty": null, "tid": null, "ts": "18:21:57"}
[18:21:57] {"kind": "action", "what": "attack_move", "name": null, "qty": null, "tid": null, "ts": "18:21:57"}
[18:21:57] t=808 tick#375 credits=1278 stance=attack | jev 375 decisions p50=1381ms
[18:21:59] t=811 MOVE raid x2 -> (83,114)
[18:21:59] {"kind": "action", "what": "attack_move", "name": null, "qty": null, "tid": null, "ts": "18:21:59"}
[18:22:01] t=814 MOVE raid x2 -> (89,114); assault x3 -> 攻击目标#1171@(75,115); hold_b x1 -> (126,75)
[18:22:01] {"kind": "action", "what": "attack_move", "name": null, "qty": null, "tid": null, "ts": "18:22:01"}
[18:22:01] {"kind": "action", "what": "attack_obj", "name": null, "qty": null, "tid": 1171, "ts": "18:22:01"}
[18:22:01] {"kind": "action", "what": "attack_move", "name": null, "qty": null, "tid": null, "ts": "18:22:01"}
[18:22:03] t=817 MOVE raid x2 -> (89,110)
[18:22:03] {"kind": "action", "what": "attack_move", "name": null, "qty": null, "tid": null, "ts": "18:22:03"}
[18:22:05] t=819 MOVE raid x2 -> (89,107)
[18:22:05] {"kind": "action", "what": "attack_move", "name": null, "qty": null, "tid": null, "ts": "18:22:05"}
[18:22:07] t=822 MOVE raid x2 -> (92,105)
[18:22:07] {"kind": "action", "what": "attack_move", "name": null, "qty": null, "tid": null, "ts": "18:22:07"}
[18:22:09] t=825 MOVE raid x2 -> (94,103)
[18:22:09] {"kind": "action", "what": "attack_move", "name": null, "qty": null, "tid": null, "ts": "18:22:09"}
[18:22:11] t=827 MOVE raid x2 -> (96,102)
[18:22:11] {"kind": "action", "what": "attack_move", "name": null, "qty": null, "tid": null, "ts": "18:22:11"}
[18:22:11] t=830 HARASS DRON x2 (have 0)
[18:22:11] {"kind": "action", "what": "produce", "name": "DRON", "qty": 2, "tid": null, "ts": "18:22:11"}
[18:22:13] t=830 MOVE raid x2 -> (99,102); assault x4 -> 攻击目标#1171@(75,115)
[18:22:13] {"kind": "action", "what": "attack_move", "name": null, "qty": null, "tid": null, "ts": "18:22:13"}
[18:22:13] {"kind": "action", "what": "attack_obj", "name": null, "qty": null, "tid": 1171, "ts": "18:22:13"}
[18:22:15] t=833 jev INF E2 HOLD (预算保护 gate=False e2=3)
[18:22:15] t=833 MOVE raid x2 -> (102,99)
[18:22:15] {"kind": "action", "what": "attack_move", "name": null, "qty": null, "tid": null, "ts": "18:22:15"}
[18:22:17] t=835 jev INF FLAKT HOLD (预算保护 gate=False e2=3)
[18:22:17] t=835 MOVE raid x2 -> (104,96)
[18:22:17] {"kind": "action", "what": "attack_move", "name": null, "qty": null, "tid": null, "ts": "18:22:17"}
[18:22:20] t=838 jev INF FLAKT HOLD (预算保护 gate=False e2=3)
[18:22:20] t=838 MOVE raid x3 -> (104,93)
[18:22:20] {"kind": "action", "what": "attack_move", "name": null, "qty": null, "tid": null, "ts": "18:22:20"}
[18:22:22] t=841 jev INF FLAKT HOLD (预算保护 gate=False e2=3)
[18:22:22] t=841 MOVE raid x3 -> (105,89); guard x1 -> (137,82)
[18:22:22] {"kind": "action", "what": "attack_move", "name": null, "qty": null, "tid": null, "ts": "18:22:22"}
[18:22:22] {"kind": "action", "what": "attack_move", "name": null, "qty": null, "tid": null, "ts": "18:22:22"}
[18:22:22] t=844 ESCORT 坦克#1558 -> 护航矿车@[130, 109]
[18:22:22] {"kind": "action", "what": "attack_move", "name": null, "qty": null, "tid": null, "ts": "18:22:22"}
[18:22:24] t=844 jev INF FLAKT HOLD (预算保护 gate=False e2=3)
[18:22:24] t=844 MOVE raid x3 -> (106,87)
[18:22:24] {"kind": "action", "what": "attack_move", "name": null, "qty": null, "tid": null, "ts": "18:22:24"}
[18:22:26] t=847 jev INF FLAKT HOLD (预算保护 gate=False e2=3)
[18:22:26] t=847 jev VEH DRON HOLD (预算保护 cash=55 aav帽=ok aav=0)
[18:22:26] t=847 MOVE raid x3 -> (107,85); assault x5 -> 攻击目标#1171@(75,115)
[18:22:26] {"kind": "action", "what": "attack_move", "name": null, "qty": null, "tid": null, "ts": "18:22:26"}
[18:22:26] {"kind": "action", "what": "attack_obj", "name": null, "qty": null, "tid": 1171, "ts": "18:22:26"}
[18:22:27] t=850 ALARM enemy approaching -> RESCUE 预备队 3 人驰援远端 [109, 84]
[18:22:27] {"kind": "action", "what": "attack_move", "name": null, "qty": null, "tid": null, "ts": "18:22:27"}
[18:22:27] t=850 RETREAT HTNK(24%)
[18:22:27] {"kind": "action", "what": "move", "name": null, "qty": null, "tid": null, "ts": "18:22:27"}
[18:22:29] t=850 jev INF FLAKT HOLD (预算保护 gate=False e2=3)
[18:22:29] t=850 jev VEH DRON HOLD (预算保护 cash=55 aav帽=ok aav=0)
[18:22:31] t=853 jev INF FLAKT HOLD (预算保护 gate=False e2=3)
[18:22:31] t=853 jev VEH DRON HOLD (预算保护 cash=55 aav帽=ok aav=0)
[18:22:33] t=856 jev INF FLAKT HOLD (预算保护 gate=False e2=3)
[18:22:33] t=856 jev VEH DRON HOLD (预算保护 cash=55 aav帽=ok aav=0)
[18:22:35] t=859 jev INF FLAKT HOLD (预算保护 gate=False e2=3)
[18:22:35] t=859 jev VEH HTK HOLD (预算保护 cash=55 aav帽=ok aav=0)
[18:22:35] t=859 MOVE raid x2 -> (111,86)
[18:22:35] {"kind": "action", "what": "attack_move", "name": null, "qty": null, "tid": null, "ts": "18:22:35"}
[18:22:35] t=862 ALARM enemy approaching -> RESCUE 预备队 3 人驰援远端 [113, 87]
[18:22:35] {"kind": "action", "what": "attack_move", "name": null, "qty": null, "tid": null, "ts": "18:22:35"}
[18:22:37] t=862 jev INF FLAKT HOLD (预算保护 gate=False e2=3)
[18:22:37] t=862 jev VEH HARV HOLD (预算保护 cash=55 aav帽=ok aav=0)
[18:22:39] t=865 jev INF FLAKT HOLD (预算保护 gate=False e2=3)
[18:22:39] t=865 jev VEH DRON HOLD (预算保护 cash=55 aav帽=ok aav=0)
[18:22:42] t=868 jev INF FLAKT HOLD (预算保护 gate=False e2=3)
[18:22:42] t=868 jev VEH HARV HOLD (预算保护 cash=55 aav帽=ok aav=0)
[18:22:44] t=871 jev INF FLAKT HOLD (预算保护 gate=False e2=3)
[18:22:44] t=871 jev VEH HARV HOLD (预算保护 cash=55 aav帽=ok aav=0)
[18:22:44] t=871 MOVE raid x2 -> (80,115); assault x3 -> 攻击目标#1171@(75,115)
[18:22:44] {"kind": "action", "what": "attack_move", "name": null, "qty": null, "tid": null, "ts": "18:22:44"}
[18:22:44] {"kind": "action", "what": "attack_obj", "name": null, "qty": null, "tid": 1171, "ts": "18:22:44"}
[18:22:44] t=874 RETREAT HTNK(29%)
[18:22:44] {"kind": "action", "what": "move", "name": null, "qty": null, "tid": null, "ts": "18:22:44"}
[18:22:46] t=874 jev INF FLAKT HOLD (预算保护 gate=False e2=3)
[18:22:46] t=874 jev VEH HARV HOLD (预算保护 cash=55 aav帽=ok aav=0)
[18:22:48] t=877 jev INF FLAKT HOLD (预算保护 gate=False e2=3)
[18:22:48] t=877 jev VEH HARV HOLD (预算保护 cash=55 aav帽=ok aav=0)
[18:22:50] t=879 jev INF FLAKT HOLD (预算保护 gate=False e2=3)
[18:22:50] t=879 jev VEH HARV HOLD (预算保护 cash=55 aav帽=ok aav=0)
[18:22:50] t=879 MOVE raid x2 -> (81,115)
[18:22:50] {"kind": "action", "what": "attack_move", "name": null, "qty": null, "tid": null, "ts": "18:22:50"}
[18:22:50] t=879 tick#400 credits=55 stance=attack | jev 400 decisions p50=1387ms
[18:22:51] t=882 HARASS DRON x2 (have 0)
[18:22:51] {"kind": "action", "what": "produce", "name": "DRON", "qty": 2, "tid": null, "ts": "18:22:51"}
[18:22:53] t=882 jev INF FLAKT (conf 0.34)
[18:22:53] {"kind": "action", "what": "produce", "name": "FLAKT", "qty": 1, "tid": null, "ts": "18:22:53"}
[18:22:53] t=882 MOVE raid x2 -> (120,105); guard x1 -> (137,82)
[18:22:53] {"kind": "action", "what": "attack_move", "name": null, "qty": null, "tid": null, "ts": "18:22:53"}
[18:22:53] {"kind": "action", "what": "attack_move", "name": null, "qty": null, "tid": null, "ts": "18:22:53"}
[18:22:53] t=885 ALARM unit lost -> 攻势保持（塔阵守家, 前线 7 个单位继续进攻）
[18:22:53] t=885 ESCORT 坦克#1205 -> 护航矿车@[130, 107]
[18:22:53] {"kind": "action", "what": "attack_move", "name": null, "qty": null, "tid": null, "ts": "18:22:53"}
[18:22:55] t=885 THREAT 0.58 -> force defend
[18:22:55] t=885 ATTACK (tanks=6)
[18:22:55] t=885 MOVE raid x2 -> (120,101)
[18:22:55] {"kind": "action", "what": "attack_move", "name": null, "qty": null, "tid": null, "ts": "18:22:55"}
[18:22:55] t=888 ALARM enemy approaching -> RESCUE 预备队 3 人驰援远端 [120, 97]
[18:22:55] {"kind": "action", "what": "attack_move", "name": null, "qty": null, "tid": null, "ts": "18:22:55"}
[18:22:57] t=888 THREAT 0.57 -> force defend
[18:22:57] t=888 ATTACK (tanks=6)
[18:22:59] t=891 jev INF FLAKT HOLD (预算保护 gate=False e2=3)
[18:22:59] t=891 THREAT 0.61 -> force defend
[18:22:59] t=891 ATTACK (tanks=7)
[18:23:00] t=894 RETREAT HTNK(37%)
[18:23:00] {"kind": "action", "what": "move", "name": null, "qty": null, "tid": null, "ts": "18:23:00"}
[18:23:02] t=894 jev INF FLAKT HOLD (预算保护 gate=False e2=3)
[18:23:02] t=894 THREAT 0.56 -> force defend
[18:23:02] t=894 ATTACK (tanks=7)
[18:23:04] t=897 jev INF E2 HOLD (预算保护 gate=False e2=3)
[18:23:04] t=897 jev VEH HTNK HOLD (预算保护 cash=130 aav帽=ok aav=0)
[18:23:04] t=897 MOVE raid x3 -> (116,88); assault x3 -> 攻击目标#1171@(75,115); hold_a x2 -> (133,86); hold_b x2 -> (126,75)
[18:23:04] {"kind": "action", "what": "attack_move", "name": null, "qty": null, "tid": null, "ts": "18:23:04"}
[18:23:04] {"kind": "action", "what": "attack_obj", "name": null, "qty": null, "tid": 1171, "ts": "18:23:04"}
[18:23:04] {"kind": "action", "what": "attack_move", "name": null, "qty": null, "tid": null, "ts": "18:23:04"}
[18:23:04] {"kind": "action", "what": "attack_move", "name": null, "qty": null, "tid": null, "ts": "18:23:04"}
[18:23:04] t=900 ALARM unit lost -> 攻势保持（塔阵守家, 前线 9 个单位继续进攻）
[18:23:06] t=900 jev INF FLAKT HOLD (预算保护 gate=False e2=2)
[18:23:06] t=900 jev VEH HTK HOLD (预算保护 cash=130 aav帽=ok aav=0)
[18:23:06] t=900 THREAT 0.61 -> force defend
[18:23:06] t=900 ATTACK (tanks=8)
[18:23:06] t=900 MOVE raid x3 -> (113,87)
[18:23:06] {"kind": "action", "what": "attack_move", "name": null, "qty": null, "tid": null, "ts": "18:23:06"}
[18:23:06] t=903 ALARM unit lost -> 攻势保持（塔阵守家, 前线 8 个单位继续进攻）
[18:23:08] t=903 jev INF FLAKT HOLD (预算保护 gate=False e2=2)
[18:23:08] t=903 jev VEH HTNK HOLD (预算保护 cash=130 aav帽=ok aav=0)
[18:23:08] t=903 THREAT 0.57 -> force defend
[18:23:08] t=903 ATTACK (tanks=7)
[18:23:08] t=903 MOVE raid x2 -> (110,85)
[18:23:08] {"kind": "action", "what": "attack_move", "name": null, "qty": null, "tid": null, "ts": "18:23:08"}
[18:23:08] t=906 ALARM enemy approaching -> RESCUE 预备队 3 人驰援远端 [110, 85]
[18:23:09] {"kind": "action", "what": "attack_move", "name": null, "qty": null, "tid": null, "ts": "18:23:09"}
[18:23:09] t=906 V3-RESPONSE HTK x2 (alive 0, seen t0 fire t1000000906)
[18:23:09] {"kind": "action", "what": "produce", "name": "HTK", "qty": 2, "tid": null, "ts": "18:23:09"}
[18:23:10] t=906 jev INF FLAKT (conf 0.51)
[18:23:11] t=909 RETREAT HTNK(34%)
[18:23:11] {"kind": "action", "what": "move", "name": null, "qty": null, "tid": null, "ts": "18:23:11"}
[18:23:13] t=909 jev INF FLAKT (conf 0.45)
[18:23:15] t=912 jev INF FLAKT (conf 0.44)
[18:23:17] t=915 jev INF FLAKT HOLD (预算保护 gate=False e2=2)
[18:23:17] t=915 MOVE raid x2 -> (105,88); assault x2 -> 攻击目标#1171@(75,115); aahunt x1 -> (125,84)
[18:23:17] {"kind": "action", "what": "attack_move", "name": null, "qty": null, "tid": null, "ts": "18:23:17"}
[18:23:17] {"kind": "action", "what": "attack_obj", "name": null, "qty": null, "tid": 1171, "ts": "18:23:17"}
[18:23:17] {"kind": "action", "what": "attack_move", "name": null, "qty": null, "tid": null, "ts": "18:23:17"}
[18:23:17] t=918 ALARM unit lost -> 攻势保持（塔阵守家, 前线 8 个单位继续进攻）
[18:23:19] t=918 jev INF FLAKT HOLD (预算保护 gate=False e2=2)
[18:23:19] t=918 MOVE raid x1 -> (103,90)
[18:23:19] {"kind": "action", "what": "attack_move", "name": null, "qty": null, "tid": null, "ts": "18:23:19"}
[18:23:22] t=921 jev INF FLAKT HOLD (预算保护 gate=False e2=2)
[18:23:22] t=921 jev VEH HTK HOLD (预算保护 cash=255 aav帽=ok aav=2)
[18:23:22] t=921 MOVE raid x1 -> (103,93)
[18:23:22] {"kind": "action", "what": "attack_move", "name": null, "qty": null, "tid": null, "ts": "18:23:22"}
[18:23:22] t=924 RETREAT HTNK(32%)
[18:23:22] t=924 RETREAT HTNK(35%)
[18:23:22] {"kind": "action", "what": "move", "name": null, "qty": null, "tid": null, "ts": "18:23:22"}
[18:23:22] {"kind": "action", "what": "move", "name": null, "qty": null, "tid": null, "ts": "18:23:22"}
[18:23:24] t=924 jev INF FLAKT HOLD (预算保护 gate=False e2=2)
[18:23:24] t=924 jev VEH HTK HOLD (预算保护 cash=255 aav帽=ok aav=2)
[18:23:24] t=924 MOVE raid x1 -> (103,96); guard x1 -> (137,82)
[18:23:24] {"kind": "action", "what": "attack_move", "name": null, "qty": null, "tid": null, "ts": "18:23:24"}
[18:23:24] {"kind": "action", "what": "attack_move", "name": null, "qty": null, "tid": null, "ts": "18:23:24"}
[18:23:24] t=927 ESCORT 坦克#1205 -> 护航矿车@[125, 106]
[18:23:24] {"kind": "action", "what": "attack_move", "name": null, "qty": null, "tid": null, "ts": "18:23:24"}
[18:23:26] t=927 jev INF FLAKT HOLD (预算保护 gate=False e2=2)
[18:23:26] t=927 jev VEH HTK HOLD (预算保护 cash=255 aav帽=ok aav=2)
[18:23:26] t=927 MOVE raid x1 -> (102,99)
[18:23:26] {"kind": "action", "what": "attack_move", "name": null, "qty": null, "tid": null, "ts": "18:23:26"}
[18:23:26] t=930 HARASS DRON x2 (have 1)
[18:23:26] t=930 V3-RESPONSE HTK x1 (alive 2, seen t0 fire t1000000930)
[18:23:26] {"kind": "action", "what": "produce", "name": "DRON", "qty": 2, "tid": null, "ts": "18:23:26"}
[18:23:28] t=930 jev INF FLAKT (conf 0.49)
[18:23:28] {"kind": "action", "what": "produce", "name": "FLAKT", "qty": 1, "tid": null, "ts": "18:23:28"}
[18:23:28] t=930 MOVE raid x1 -> (100,101)
[18:23:28] {"kind": "action", "what": "attack_move", "name": null, "qty": null, "tid": null, "ts": "18:23:28"}
[18:23:29] t=933 ALARM unit lost -> 攻势保持（塔阵守家, 前线 8 个单位继续进攻）
[18:23:31] t=933 MOVE raid x1 -> (97,102); assault x1 -> 攻击目标#1171@(75,115)
[18:23:31] {"kind": "action", "what": "attack_move", "name": null, "qty": null, "tid": null, "ts": "18:23:31"}
[18:23:31] {"kind": "action", "what": "attack_obj", "name": null, "qty": null, "tid": 1171, "ts": "18:23:31"}
[18:23:31] t=936 ALARM unit lost -> 攻势保持（塔阵守家, 前线 7 个单位继续进攻）
[18:23:33] t=936 THREAT 0.69 -> force defend
[18:23:35] t=939 ATTACK (tanks=6)
[18:23:35] t=939 MOVE raid x1 -> (92,105)
[18:23:35] {"kind": "action", "what": "attack_move", "name": null, "qty": null, "tid": null, "ts": "18:23:35"}
[18:23:37] t=942 THREAT 0.65 -> force defend
[18:23:37] t=942 ATTACK (tanks=6)
[18:23:37] t=942 MOVE raid x1 -> (90,106)
[18:23:37] {"kind": "action", "what": "attack_move", "name": null, "qty": null, "tid": null, "ts": "18:23:37"}
[18:23:40] t=945 jev VEH HTK HOLD (预算保护 cash=330 aav帽=ok aav=2)
[18:23:40] t=945 THREAT 0.62 -> force defend
[18:23:40] t=945 ATTACK (tanks=7)
[18:23:40] t=945 MOVE raid x2 -> (88,108)
[18:23:40] {"kind": "action", "what": "attack_move", "name": null, "qty": null, "tid": null, "ts": "18:23:40"}
[18:23:42] t=948 jev VEH HTK HOLD (预算保护 cash=330 aav帽=ok aav=2)
[18:23:42] t=948 THREAT 0.62 -> force defend
[18:23:42] t=948 ATTACK (tanks=7)
[18:23:42] t=948 MOVE raid x2 -> (87,110)
[18:23:42] {"kind": "action", "what": "attack_move", "name": null, "qty": null, "tid": null, "ts": "18:23:42"}
[18:23:44] t=951 jev VEH HTK HOLD (预算保护 cash=330 aav帽=ok aav=2)
[18:23:44] t=951 THREAT 0.63 -> force defend
[18:23:44] t=951 ATTACK (tanks=7)
[18:23:44] t=951 MOVE raid x2 -> (87,113); assault x1 -> 攻击目标#1171@(75,115)
[18:23:44] {"kind": "action", "what": "attack_move", "name": null, "qty": null, "tid": null, "ts": "18:23:44"}
[18:23:44] {"kind": "action", "what": "attack_obj", "name": null, "qty": null, "tid": 1171, "ts": "18:23:44"}
[18:23:46] t=954 jev VEH HTK HOLD (预算保护 cash=330 aav帽=ok aav=2)
[18:23:46] t=954 THREAT 0.60 -> force defend
[18:23:46] t=954 ATTACK (tanks=7)
[18:23:46] t=954 MOVE raid x2 -> (87,116)
[18:23:46] {"kind": "action", "what": "attack_move", "name": null, "qty": null, "tid": null, "ts": "18:23:46"}
[18:23:46] t=954 tick#425 credits=330 stance=attack | jev 425 decisions p50=1395ms
[18:23:46] t=957 RETREAT HTNK(30%)
[18:23:46] {"kind": "action", "what": "move", "name": null, "qty": null, "tid": null, "ts": "18:23:46"}
[18:23:48] t=957 jev VEH HTK HOLD (预算保护 cash=330 aav帽=ok aav=2)
[18:23:48] t=957 MOVE raid x2 -> (88,109); aahunt x2 -> (125,84)
[18:23:48] {"kind": "action", "what": "attack_move", "name": null, "qty": null, "tid": null, "ts": "18:23:48"}
[18:23:48] {"kind": "action", "what": "attack_move", "name": null, "qty": null, "tid": null, "ts": "18:23:48"}
[18:23:51] t=960 jev VEH HTK HOLD (预算保护 cash=330 aav帽=ok aav=2)
[18:23:51] t=960 MOVE raid x2 -> (87,109)
[18:23:51] {"kind": "action", "what": "attack_move", "name": null, "qty": null, "tid": null, "ts": "18:23:51"}
[18:23:53] t=963 jev VEH HTK HOLD (预算保护 cash=330 aav帽=ok aav=2)
[18:23:53] t=966 ALARM unit lost -> 攻势保持（塔阵守家, 前线 8 个单位继续进攻）
[18:23:55] t=966 jev VEH HTK HOLD (预算保护 cash=330 aav帽=ok aav=2)
[18:23:55] t=966 MOVE raid x2 -> (86,108)
[18:23:55] {"kind": "action", "what": "attack_move", "name": null, "qty": null, "tid": null, "ts": "18:23:55"}
[18:23:55] t=969 ALARM unit lost -> 攻势保持（塔阵守家, 前线 7 个单位继续进攻）
[18:23:55] t=969 ESCORT 坦克#1205 -> 护航矿车@[133, 125]
[18:23:55] {"kind": "action", "what": "attack_move", "name": null, "qty": null, "tid": null, "ts": "18:23:55"}
[18:23:57] t=969 jev VEH HARV HOLD (预算保护 cash=330 aav帽=ok aav=2)
[18:23:57] t=969 MOVE raid x1 -> (87,107); assault x1 -> 攻击目标#1171@(75,115)
[18:23:57] {"kind": "action", "what": "attack_move", "name": null, "qty": null, "tid": null, "ts": "18:23:57"}
[18:23:57] {"kind": "action", "what": "attack_obj", "name": null, "qty": null, "tid": 1171, "ts": "18:23:57"}
[18:24:00] t=972 jev VEH HARV HOLD (预算保护 cash=330 aav帽=ok aav=2)
[18:24:02] t=975 jev VEH HARV HOLD (预算保护 cash=330 aav帽=ok aav=2)
[18:24:02] t=975 MOVE raid x1 -> (88,108)
[18:24:02] {"kind": "action", "what": "attack_move", "name": null, "qty": null, "tid": null, "ts": "18:24:02"}
[18:24:02] t=977 ALARM unit lost -> 攻势保持（塔阵守家, 前线 6 个单位继续进攻）
[18:24:04] t=977 jev VEH HARV HOLD (预算保护 cash=330 aav帽=ok aav=2)
[18:24:04] t=977 MOVE hold_a x2 -> (133,86); hold_b x1 -> (126,75)
[18:24:04] {"kind": "action", "what": "attack_move", "name": null, "qty": null, "tid": null, "ts": "18:24:04"}
[18:24:04] {"kind": "action", "what": "attack_move", "name": null, "qty": null, "tid": null, "ts": "18:24:04"}
[18:24:06] t=980 jev VEH HARV HOLD (预算保护 cash=330 aav帽=ok aav=2)
[18:24:08] t=983 jev VEH HARV HOLD (预算保护 cash=330 aav帽=ok aav=2)
[18:24:08] t=983 THREAT 0.56 -> force defend
[18:24:08] t=983 MOVE assault x1 -> 攻击目标#2394@(75,111)
[18:24:08] {"kind": "action", "what": "attack_obj", "name": null, "qty": null, "tid": 2394, "ts": "18:24:08"}
[18:24:10] t=986 jev VEH HARV HOLD (预算保护 cash=330 aav帽=ok aav=2)
[18:24:13] t=989 jev VEH HARV HOLD (预算保护 cash=330 aav帽=ok aav=2)
[18:24:15] t=992 jev VEH HARV HOLD (预算保护 cash=330 aav帽=ok aav=2)
[18:24:15] t=995 HARASS DRON x2 (have 0)
[18:24:15] {"kind": "action", "what": "produce", "name": "DRON", "qty": 2, "tid": null, "ts": "18:24:15"}
[18:24:19] t=998 MOVE aahunt x2 -> (125,84)
[18:24:19] {"kind": "action", "what": "attack_move", "name": null, "qty": null, "tid": null, "ts": "18:24:19"}
[18:24:21] t=1001 MOVE assault x1 -> 攻击目标#2394@(75,111)
[18:24:21] {"kind": "action", "what": "attack_obj", "name": null, "qty": null, "tid": 2394, "ts": "18:24:21"}
[18:24:23] t=1004 MOVE raid x1 -> (90,109)
[18:24:23] {"kind": "action", "what": "attack_move", "name": null, "qty": null, "tid": null, "ts": "18:24:23"}
[18:24:26] t=1006 MOVE raid x1 -> (90,106)
[18:24:26] {"kind": "action", "what": "attack_move", "name": null, "qty": null, "tid": null, "ts": "18:24:26"}
[18:24:28] t=1009 MOVE raid x1 -> (92,105)
[18:24:28] {"kind": "action", "what": "attack_move", "name": null, "qty": null, "tid": null, "ts": "18:24:28"}
[18:24:28] t=1012 V3-RESPONSE HTK x1 (alive 2, seen t0 fire t1000001012)
[18:24:28] {"kind": "action", "what": "produce", "name": "HTK", "qty": 1, "tid": null, "ts": "18:24:28"}
[18:24:30] t=1012 ATTACK (tanks=6)
[18:24:30] t=1012 MOVE raid x2 -> (94,103)
[18:24:30] {"kind": "action", "what": "attack_move", "name": null, "qty": null, "tid": null, "ts": "18:24:30"}
[18:24:32] t=1015 THREAT 0.58 -> force defend
[18:24:32] t=1015 ATTACK (tanks=6)
[18:24:32] t=1015 MOVE raid x2 -> (95,102)
[18:24:32] {"kind": "action", "what": "attack_move", "name": null, "qty": null, "tid": null, "ts": "18:24:32"}
[18:24:34] t=1018 THREAT 0.57 -> force defend
[18:24:34] t=1018 ATTACK (tanks=6)
[18:24:34] t=1018 MOVE raid x2 -> (98,102); assault x1 -> 攻击目标#2394@(75,111)
[18:24:34] {"kind": "action", "what": "attack_move", "name": null, "qty": null, "tid": null, "ts": "18:24:34"}
[18:24:34] {"kind": "action", "what": "attack_obj", "name": null, "qty": null, "tid": 2394, "ts": "18:24:34"}
[18:24:37] t=1021 jev VEH HARV HOLD (预算保护 cash=80 aav帽=ok aav=3)
[18:24:37] t=1021 THREAT 0.56 -> force defend
[18:24:37] t=1021 ATTACK (tanks=7)
[18:24:37] t=1021 MOVE raid x2 -> (99,101)
[18:24:37] {"kind": "action", "what": "attack_move", "name": null, "qty": null, "tid": null, "ts": "18:24:37"}
[18:24:37] t=1024 ESCORT 坦克#2406 -> 护航矿车@[126, 104]
[18:24:37] {"kind": "action", "what": "attack_move", "name": null, "qty": null, "tid": null, "ts": "18:24:37"}
[18:24:39] t=1024 jev VEH HARV HOLD (预算保护 cash=80 aav帽=ok aav=3)
[18:24:39] t=1024 THREAT 0.58 -> force defend
[18:24:39] t=1024 ATTACK (tanks=7)
[18:24:39] t=1024 MOVE raid x2 -> (101,100)
[18:24:39] {"kind": "action", "what": "attack_move", "name": null, "qty": null, "tid": null, "ts": "18:24:39"}
[18:24:39] t=1027 ALARM unit lost -> 攻势保持（塔阵守家, 前线 8 个单位继续进攻）
[18:24:39] t=1027 HARASS DRON x2 (have 1)
[18:24:41] t=1027 jev VEH HARV HOLD (预算保护 cash=1205 aav帽=ok aav=3)
[18:24:41] t=1027 THREAT 0.57 -> force defend
[18:24:41] t=1027 ATTACK (tanks=6)
[18:24:41] t=1027 MOVE raid x1 -> (102,99)
[18:24:41] {"kind": "action", "what": "attack_move", "name": null, "qty": null, "tid": null, "ts": "18:24:41"}
[18:24:41] t=1027 tick#450 credits=1205 stance=attack | jev 450 decisions p50=1413ms
[18:24:41] t=1030 HARASS DRON x2 (have 1)
[18:24:41] {"kind": "action", "what": "produce", "name": "DRON", "qty": 2, "tid": null, "ts": "18:24:41"}
[18:24:43] t=1030 MOVE raid x1 -> (103,96)
[18:24:43] {"kind": "action", "what": "attack_move", "name": null, "qty": null, "tid": null, "ts": "18:24:43"}
[18:24:46] t=1033 MOVE raid x1 -> (103,94)
[18:24:46] {"kind": "action", "what": "attack_move", "name": null, "qty": null, "tid": null, "ts": "18:24:46"}
[18:24:46] t=1036 ALARM unit lost -> 攻势保持（塔阵守家, 前线 7 个单位继续进攻）
[18:24:48] t=1036 MOVE assault x1 -> 攻击目标#2394@(75,111)
[18:24:48] {"kind": "action", "what": "attack_obj", "name": null, "qty": null, "tid": 2394, "ts": "18:24:48"}
[18:24:48] t=1039 RETREAT HTNK(35%)
[18:24:48] {"kind": "action", "what": "move", "name": null, "qty": null, "tid": null, "ts": "18:24:48"}
[18:24:50] t=1039 MOVE raid x1 -> (105,88); aahunt x3 -> (125,84)
[18:24:50] {"kind": "action", "what": "attack_move", "name": null, "qty": null, "tid": null, "ts": "18:24:50"}
[18:24:50] {"kind": "action", "what": "attack_move", "name": null, "qty": null, "tid": null, "ts": "18:24:50"}
[18:24:53] t=1042 MOVE raid x1 -> (107,86)
[18:24:53] {"kind": "action", "what": "attack_move", "name": null, "qty": null, "tid": null, "ts": "18:24:53"}
[18:24:53] t=1045 ALARM unit lost -> 攻势保持（塔阵守家, 前线 8 个单位继续进攻）
[18:24:53] t=1045 V3-RESPONSE HTK x1 (alive 3, seen t0 fire t1000001045)
[18:24:53] t=1045 TANK HTNK x1
[18:24:53] {"kind": "action", "what": "produce", "name": "HTNK", "qty": 1, "tid": null, "ts": "18:24:53"}
[18:24:55] t=1045 MOVE raid x2 -> (109,84)
[18:24:55] {"kind": "action", "what": "attack_move", "name": null, "qty": null, "tid": null, "ts": "18:24:55"}
[18:24:55] t=1048 ALARM enemy approaching -> RESCUE 预备队 3 人驰援远端 [110, 85]
[18:24:55] {"kind": "action", "what": "attack_move", "name": null, "qty": null, "tid": null, "ts": "18:24:55"}
[18:24:57] t=1048 THREAT 0.60 -> force defend
[18:24:57] t=1048 ATTACK (tanks=6)
[18:24:59] t=1051 THREAT 0.62 -> force defend
[18:24:59] t=1051 ATTACK (tanks=6)
[18:25:02] t=1054 THREAT 0.69 -> force defend
[18:25:02] t=1054 ATTACK (tanks=6)
[18:25:04] t=1057 THREAT 0.61 -> force defend
[18:25:04] t=1057 ATTACK (tanks=6)
[18:25:04] t=1057 MOVE raid x2 -> (117,88)
[18:25:04] {"kind": "action", "what": "attack_move", "name": null, "qty": null, "tid": null, "ts": "18:25:04"}
[18:25:04] t=1060 ALARM enemy approaching -> 攻势保持（塔阵守家, 前线 8 个单位继续进攻）
[18:25:06] t=1060 THREAT 0.60 -> force defend
[18:25:06] t=1060 ATTACK (tanks=6)
[18:25:06] t=1060 MOVE raid x2 -> (119,91); hold_a x2 -> (133,86); hold_b x1 -> (126,75)
[18:25:06] {"kind": "action", "what": "attack_move", "name": null, "qty": null, "tid": null, "ts": "18:25:06"}
[18:25:06] {"kind": "action", "what": "attack_move", "name": null, "qty": null, "tid": null, "ts": "18:25:06"}
[18:25:06] {"kind": "action", "what": "attack_move", "name": null, "qty": null, "tid": null, "ts": "18:25:06"}
[18:25:06] t=1063 ALARM enemy approaching -> 攻势保持（塔阵守家, 前线 8 个单位继续进攻）
[18:25:08] t=1063 THREAT 0.60 -> force defend
[18:25:08] t=1063 ATTACK (tanks=6)
[18:25:08] t=1063 MOVE raid x2 -> (120,92)
[18:25:08] {"kind": "action", "what": "attack_move", "name": null, "qty": null, "tid": null, "ts": "18:25:08"}
[18:25:09] t=1066 V3-RESPONSE HTK x1 (alive 3, seen t0 fire t1000001066)
[18:25:09] {"kind": "action", "what": "produce", "name": "HTK", "qty": 1, "tid": null, "ts": "18:25:09"}
[18:25:11] t=1066 MOVE raid x2 -> (91,108); assault x1 -> 攻击目标#2394@(75,111)
[18:25:11] {"kind": "action", "what": "attack_move", "name": null, "qty": null, "tid": null, "ts": "18:25:11"}
[18:25:11] {"kind": "action", "what": "attack_obj", "name": null, "qty": null, "tid": 2394, "ts": "18:25:11"}
[18:25:13] t=1069 THREAT 0.66 -> force defend
[18:25:13] t=1069 ATTACK (tanks=7)
[18:25:13] t=1069 MOVE raid x2 -> (76,102)
[18:25:13] {"kind": "action", "what": "attack_move", "name": null, "qty": null, "tid": null, "ts": "18:25:13"}
[18:25:13] t=1072 ESCORT 坦克#2533 -> 护航矿车@[122, 104]
[18:25:13] {"kind": "action", "what": "attack_move", "name": null, "qty": null, "tid": null, "ts": "18:25:13"}
[18:25:15] t=1072 THREAT 0.63 -> force defend
[18:25:15] t=1072 ATTACK (tanks=7)
[18:25:15] t=1072 MOVE raid x2 -> (79,102)
[18:25:15] {"kind": "action", "what": "attack_move", "name": null, "qty": null, "tid": null, "ts": "18:25:15"}
[18:25:15] t=1076 TANK HTNK x2
[18:25:17] t=1076 jev VEH HARV HOLD (预算保护 cash=1230 aav帽=ok aav=4)
[18:25:17] t=1076 THREAT 0.60 -> force defend
[18:25:17] t=1076 ATTACK (tanks=8)
[18:25:17] t=1076 MOVE raid x2 -> (91,108)
[18:25:17] {"kind": "action", "what": "attack_move", "name": null, "qty": null, "tid": null, "ts": "18:25:17"}
[18:25:18] t=1078 TANK HTNK x2
[18:25:20] t=1078 jev VEH HARV HOLD (预算保护 cash=1230 aav帽=ok aav=4)
[18:25:20] t=1078 THREAT 0.69 -> force defend
[18:25:20] t=1078 ATTACK (tanks=8)
[18:25:20] t=1078 MOVE raid x2 -> (74,111)
[18:25:20] {"kind": "action", "what": "attack_move", "name": null, "qty": null, "tid": null, "ts": "18:25:20"}
[18:25:20] t=1081 TANK HTNK x2
[18:25:20] {"kind": "action", "what": "produce", "name": "HTNK", "qty": 2, "tid": null, "ts": "18:25:20"}
[18:25:22] t=1081 THREAT 0.62 -> force defend
[18:25:22] t=1081 ATTACK (tanks=8)
[18:25:22] t=1081 MOVE raid x2 -> (74,115); aahunt x4 -> (125,84)
[18:25:22] {"kind": "action", "what": "attack_move", "name": null, "qty": null, "tid": null, "ts": "18:25:22"}
[18:25:22] {"kind": "action", "what": "attack_move", "name": null, "qty": null, "tid": null, "ts": "18:25:22"}
[18:25:24] t=1084 THREAT 0.68 -> force defend
[18:25:24] t=1084 ATTACK (tanks=8)
[18:25:24] t=1084 MOVE raid x2 -> (91,108); assault x1 -> 攻击目标#2394@(75,111)
[18:25:24] {"kind": "action", "what": "attack_move", "name": null, "qty": null, "tid": null, "ts": "18:25:24"}
[18:25:24] {"kind": "action", "what": "attack_obj", "name": null, "qty": null, "tid": 2394, "ts": "18:25:24"}
[18:25:26] t=1087 THREAT 0.67 -> force defend
[18:25:26] t=1087 ATTACK (tanks=8)
[18:25:27] t=1090 ALARM unit lost -> 攻势保持（塔阵守家, 前线 9 个单位继续进攻）
[18:25:28] t=1090 THREAT 0.64 -> force defend
[18:25:28] t=1090 ATTACK (tanks=7)
[18:25:29] t=1093 ALARM unit lost -> 攻势保持（塔阵守家, 前线 8 个单位继续进攻）
[18:25:31] t=1093 THREAT 0.66 -> force defend
[18:25:31] t=1093 ATTACK (tanks=6)
[18:25:33] t=1096 THREAT 0.65 -> force defend
[18:25:33] t=1096 ATTACK (tanks=6)
[18:25:35] t=1099 THREAT 0.65 -> force defend
[18:25:35] t=1099 ATTACK (tanks=6)
[18:25:37] t=1102 THREAT 0.63 -> force defend
[18:25:37] t=1102 ATTACK (tanks=7)
[18:25:37] t=1102 MOVE assault x1 -> 攻击目标#2394@(75,111); guard x1 -> (137,82)
[18:25:37] {"kind": "action", "what": "attack_obj", "name": null, "qty": null, "tid": 2394, "ts": "18:25:37"}
[18:25:37] {"kind": "action", "what": "attack_move", "name": null, "qty": null, "tid": null, "ts": "18:25:37"}
[18:25:37] t=1102 tick#475 credits=370 stance=attack | jev 475 decisions p50=1465ms
[18:25:39] t=1105 THREAT 0.63 -> force defend
[18:25:39] t=1105 ATTACK (tanks=7)
[18:25:41] t=1107 THREAT 0.60 -> force defend
[18:25:41] t=1107 ATTACK (tanks=7)
[18:25:43] t=1110 THREAT 0.59 -> force defend
[18:25:43] t=1110 ATTACK (tanks=7)
[18:25:44] t=1113 ESCORT 坦克#2593 -> 护航矿车@[120, 132]
[18:25:44] {"kind": "action", "what": "attack_move", "name": null, "qty": null, "tid": null, "ts": "18:25:44"}
[18:25:46] t=1113 THREAT 0.60 -> force defend
[18:25:46] t=1113 ATTACK (tanks=7)
[18:25:48] t=1116 THREAT 0.59 -> force defend
[18:25:48] t=1116 ATTACK (tanks=7)
[18:25:50] t=1119 THREAT 0.58 -> force defend
[18:25:50] t=1119 ATTACK (tanks=7)
[18:25:50] t=1119 MOVE assault x1 -> 攻击目标#2394@(75,111)
[18:25:50] {"kind": "action", "what": "attack_obj", "name": null, "qty": null, "tid": 2394, "ts": "18:25:50"}
[18:25:52] t=1122 THREAT 0.59 -> force defend
[18:25:52] t=1122 ATTACK (tanks=7)
[18:25:52] t=1122 MOVE aahunt x4 -> (125,84)
[18:25:52] {"kind": "action", "what": "attack_move", "name": null, "qty": null, "tid": null, "ts": "18:25:52"}
[18:25:54] t=1125 THREAT 0.59 -> force defend
[18:25:54] t=1125 ATTACK (tanks=7)
[18:25:56] t=1128 THREAT 0.59 -> force defend
[18:25:56] t=1128 ATTACK (tanks=7)
[18:25:59] t=1130 THREAT 0.58 -> force defend
[18:25:59] t=1130 ATTACK (tanks=7)
[18:26:01] t=1133 THREAT 0.59 -> force defend
[18:26:01] t=1133 ATTACK (tanks=7)
[18:26:03] t=1136 THREAT 0.58 -> force defend
[18:26:03] t=1136 ATTACK (tanks=7)
[18:26:03] t=1136 MOVE assault x1 -> 攻击目标#2394@(75,111)
[18:26:03] {"kind": "action", "what": "attack_obj", "name": null, "qty": null, "tid": 2394, "ts": "18:26:03"}
[18:26:05] t=1139 THREAT 0.56 -> force defend
[18:26:05] t=1139 ATTACK (tanks=7)
[18:26:07] t=1142 THREAT 0.56 -> force defend
[18:26:07] t=1142 ATTACK (tanks=7)
[18:26:07] t=1142 MOVE hold_a x2 -> (133,86); hold_b x1 -> (126,75); guard x1 -> (137,82)
[18:26:07] {"kind": "action", "what": "attack_move", "name": null, "qty": null, "tid": null, "ts": "18:26:07"}
[18:26:07] {"kind": "action", "what": "attack_move", "name": null, "qty": null, "tid": null, "ts": "18:26:07"}
[18:26:07] {"kind": "action", "what": "attack_move", "name": null, "qty": null, "tid": null, "ts": "18:26:07"}
[18:26:09] t=1145 THREAT 0.55 -> force defend
[18:26:09] t=1145 ATTACK (tanks=7)
[18:26:12] t=1148 THREAT 0.56 -> force defend
[18:26:12] t=1148 ATTACK (tanks=7)
[18:26:14] t=1151 THREAT 0.56 -> force defend
[18:26:14] t=1151 ATTACK (tanks=7)
[18:26:14] t=1154 ESCORT 坦克#2593 -> 护航矿车@[117, 133]
[18:26:14] {"kind": "action", "what": "attack_move", "name": null, "qty": null, "tid": null, "ts": "18:26:14"}
[18:26:16] t=1154 THREAT 0.56 -> force defend
[18:26:16] t=1154 ATTACK (tanks=7)
[18:26:16] t=1154 MOVE assault x1 -> 攻击目标#2394@(75,111)
[18:26:16] {"kind": "action", "what": "attack_obj", "name": null, "qty": null, "tid": 2394, "ts": "18:26:16"}
[18:26:18] t=1156 THREAT 0.56 -> force defend
[18:26:18] t=1156 ATTACK (tanks=7)
[18:26:22] t=1162 MOVE aahunt x4 -> (125,84)
[18:26:22] {"kind": "action", "what": "attack_move", "name": null, "qty": null, "tid": null, "ts": "18:26:22"}
[18:26:24] t=1165 THREAT 0.57 -> force defend
[18:26:24] t=1165 ATTACK (tanks=7)
[18:26:29] t=1171 THREAT 0.56 -> force defend
[18:26:29] t=1171 ATTACK (tanks=7)
[18:26:29] t=1171 MOVE assault x1 -> 攻击目标#2394@(75,111)
[18:26:29] {"kind": "action", "what": "attack_obj", "name": null, "qty": null, "tid": 2394, "ts": "18:26:29"}
[18:26:31] t=1174 tick#500 credits=0 stance=attack | jev 500 decisions p50=1503ms
[18:26:37] t=1182 MOVE guard x1 -> (137,82)
[18:26:37] {"kind": "action", "what": "attack_move", "name": null, "qty": null, "tid": null, "ts": "18:26:37"}
[18:26:38] t=1185 HARASS DRON x2 (have 0)
[18:26:38] t=1185 RETREAT HTNK(17%)
[18:26:38] {"kind": "action", "what": "produce", "name": "DRON", "qty": 2, "tid": null, "ts": "18:26:38"}
[18:26:38] {"kind": "action", "what": "move", "name": null, "qty": null, "tid": null, "ts": "18:26:38"}
[18:26:40] t=1188 ALARM unit lost -> 攻势保持（塔阵守家, 前线 9 个单位继续进攻）
[18:26:42] t=1188 MOVE assault x1 -> 攻击目标#2394@(75,111)
[18:26:42] {"kind": "action", "what": "attack_obj", "name": null, "qty": null, "tid": 2394, "ts": "18:26:42"}
[18:26:44] t=1194 ESCORT 坦克#2689 -> 护航矿车@[120, 110]
[18:26:44] {"kind": "action", "what": "attack_move", "name": null, "qty": null, "tid": null, "ts": "18:26:44"}
[18:26:46] t=1194 MOVE raid x1 -> (80,103)
[18:26:46] {"kind": "action", "what": "attack_move", "name": null, "qty": null, "tid": null, "ts": "18:26:46"}
[18:26:49] t=1197 MOVE raid x1 -> (80,107)
[18:26:49] {"kind": "action", "what": "attack_move", "name": null, "qty": null, "tid": null, "ts": "18:26:49"}
[18:26:51] t=1200 jev VEH HARV HOLD (预算保护 cash=355 aav帽=ok aav=4)
[18:26:51] t=1200 MOVE raid x2 -> (80,111)
[18:26:51] {"kind": "action", "what": "attack_move", "name": null, "qty": null, "tid": null, "ts": "18:26:51"}
[18:26:53] t=1203 jev VEH HARV HOLD (预算保护 cash=355 aav帽=ok aav=4)
[18:26:53] t=1203 MOVE raid x2 -> (80,115); aahunt x4 -> (125,84)
[18:26:53] {"kind": "action", "what": "attack_move", "name": null, "qty": null, "tid": null, "ts": "18:26:53"}
[18:26:53] {"kind": "action", "what": "attack_move", "name": null, "qty": null, "tid": null, "ts": "18:26:53"}
[18:26:55] t=1206 jev VEH HARV HOLD (预算保护 cash=355 aav帽=ok aav=4)
[18:26:55] t=1206 MOVE raid x2 -> (80,118); assault x1 -> 攻击目标#2394@(75,111)
[18:26:55] {"kind": "action", "what": "attack_move", "name": null, "qty": null, "tid": null, "ts": "18:26:55"}
[18:26:55] {"kind": "action", "what": "attack_obj", "name": null, "qty": null, "tid": 2394, "ts": "18:26:55"}
[18:26:57] t=1209 jev VEH HARV HOLD (预算保护 cash=355 aav帽=ok aav=4)
[18:26:57] t=1209 MOVE raid x2 -> (80,120)
[18:26:57] {"kind": "action", "what": "attack_move", "name": null, "qty": null, "tid": null, "ts": "18:26:57"}
[18:27:00] t=1212 jev VEH HARV HOLD (预算保护 cash=355 aav帽=ok aav=4)
[18:27:00] t=1212 MOVE raid x2 -> (92,108)
[18:27:00] {"kind": "action", "what": "attack_move", "name": null, "qty": null, "tid": null, "ts": "18:27:00"}
[18:27:00] t=1215 TANK HTNK x2
[18:27:00] {"kind": "action", "what": "produce", "name": "HTNK", "qty": 2, "tid": null, "ts": "18:27:00"}
[18:27:06] t=1220 MOVE raid x2 -> (90,106)
[18:27:06] {"kind": "action", "what": "attack_move", "name": null, "qty": null, "tid": null, "ts": "18:27:06"}
[18:27:06] t=1223 ALARM unit lost -> 攻势保持（塔阵守家, 前线 10 个单位继续进攻）
[18:27:08] t=1223 THREAT 0.62 -> force defend
[18:27:08] t=1223 ATTACK (tanks=8)
[18:27:08] t=1223 MOVE raid x1 -> (92,108); assault x1 -> 攻击目标#2394@(75,111); hold_a x2 -> (133,86); hold_b x1 -> (126,75); guard x1 -> (137,82)
[18:27:08] {"kind": "action", "what": "attack_move", "name": null, "qty": null, "tid": null, "ts": "18:27:08"}
[18:27:08] {"kind": "action", "what": "attack_obj", "name": null, "qty": null, "tid": 2394, "ts": "18:27:08"}
[18:27:08] {"kind": "action", "what": "attack_move", "name": null, "qty": null, "tid": null, "ts": "18:27:08"}
[18:27:08] {"kind": "action", "what": "attack_move", "name": null, "qty": null, "tid": null, "ts": "18:27:08"}
[18:27:08] {"kind": "action", "what": "attack_move", "name": null, "qty": null, "tid": null, "ts": "18:27:08"}
[18:27:09] t=1226 RETREAT HTNK(32%)
[18:27:09] {"kind": "action", "what": "move", "name": null, "qty": null, "tid": null, "ts": "18:27:09"}
[18:27:10] t=1226 THREAT 0.61 -> force defend
[18:27:10] t=1226 ATTACK (tanks=8)
[18:27:11] t=1229 ALARM unit lost -> 攻势保持（塔阵守家, 前线 9 个单位继续进攻）
[18:27:13] t=1229 THREAT 0.58 -> force defend
[18:27:13] t=1229 ATTACK (tanks=7)
[18:27:15] t=1232 THREAT 0.57 -> force defend
[18:27:15] t=1232 ATTACK (tanks=7)
[18:27:15] t=1235 ESCORT 坦克#2746 -> 护航矿车@[127, 105]
[18:27:15] {"kind": "action", "what": "attack_move", "name": null, "qty": null, "tid": null, "ts": "18:27:15"}
[18:27:17] t=1235 THREAT 0.55 -> force defend
[18:27:17] t=1235 ATTACK (tanks=8)
[18:27:19] t=1238 THREAT 0.56 -> force defend
[18:27:19] t=1238 ATTACK (tanks=8)
[18:27:21] t=1241 THREAT 0.57 -> force defend
[18:27:21] t=1241 ATTACK (tanks=8)
[18:27:21] t=1241 MOVE assault x2 -> 攻击目标#2394@(75,111)
[18:27:21] {"kind": "action", "what": "attack_obj", "name": null, "qty": null, "tid": 2394, "ts": "18:27:21"}
[18:27:24] t=1244 THREAT 0.55 -> force defend
[18:27:24] t=1244 ATTACK (tanks=8)
[18:27:24] t=1244 MOVE aahunt x4 -> (125,84)
[18:27:24] {"kind": "action", "what": "attack_move", "name": null, "qty": null, "tid": null, "ts": "18:27:24"}
[18:27:26] t=1247 THREAT 0.60 -> force defend
[18:27:26] t=1247 ATTACK (tanks=8)
[18:27:26] t=1247 tick#525 credits=1005 stance=attack | jev 525 decisions p50=1622ms
[18:27:28] t=1250 THREAT 0.59 -> force defend
[18:27:28] t=1250 ATTACK (tanks=8)
[18:27:28] t=1253 HARASS DRON x2 (have 0)
[18:27:28] {"kind": "action", "what": "produce", "name": "DRON", "qty": 2, "tid": null, "ts": "18:27:28"}
[18:27:30] t=1253 THREAT 0.57 -> force defend
[18:27:30] t=1253 ATTACK (tanks=9)
[18:27:32] t=1256 THREAT 0.57 -> force defend
[18:27:32] t=1256 ATTACK (tanks=9)
[18:27:33] t=1258 RETREAT HTNK(15%)
[18:27:33] {"kind": "action", "what": "move", "name": null, "qty": null, "tid": null, "ts": "18:27:33"}
[18:27:35] t=1258 THREAT 0.57 -> force defend
[18:27:35] t=1258 ATTACK (tanks=9)
[18:27:35] t=1258 MOVE assault x3 -> 攻击目标#2394@(75,111)
[18:27:35] {"kind": "action", "what": "attack_obj", "name": null, "qty": null, "tid": 2394, "ts": "18:27:35"}
[18:27:35] t=1262 ALARM unit lost -> 攻势保持（塔阵守家, 前线 11 个单位继续进攻）
[18:27:37] t=1262 THREAT 0.57 -> force defend
[18:27:37] t=1262 ATTACK (tanks=9)
[18:27:37] t=1262 MOVE raid x1 -> (92,108)
[18:27:37] {"kind": "action", "what": "attack_move", "name": null, "qty": null, "tid": null, "ts": "18:27:37"}
[18:27:39] t=1264 THREAT 0.55 -> force defend
[18:27:39] t=1264 ATTACK (tanks=9)
[18:27:39] t=1264 MOVE raid x1 -> (91,105); guard x1 -> (137,82)
[18:27:39] {"kind": "action", "what": "attack_move", "name": null, "qty": null, "tid": null, "ts": "18:27:39"}
[18:27:39] {"kind": "action", "what": "attack_move", "name": null, "qty": null, "tid": null, "ts": "18:27:39"}
[18:27:41] t=1268 jev VEH HTK HOLD (预算保护 cash=5 aav帽=hit aav=4)
[18:27:44] t=1270 jev VEH HTK HOLD (预算保护 cash=5 aav帽=hit aav=4)
[18:27:46] t=1273 jev VEH HTK HOLD (预算保护 cash=5 aav帽=hit aav=4)
[18:27:46] t=1276 ESCORT 坦克#2862 -> 护航矿车@[120, 106]
[18:27:46] {"kind": "action", "what": "attack_move", "name": null, "qty": null, "tid": null, "ts": "18:27:46"}
[18:27:48] t=1276 jev VEH HTK HOLD (预算保护 cash=5 aav帽=hit aav=4)
[18:27:48] t=1276 MOVE assault x2 -> 攻击目标#2394@(75,111)
[18:27:48] {"kind": "action", "what": "attack_obj", "name": null, "qty": null, "tid": 2394, "ts": "18:27:48"}
[18:27:50] t=1279 jev VEH HARV HOLD (预算保护 cash=5 aav帽=ok aav=4)
[18:27:50] t=1279 MOVE raid x2 -> (83,119)
[18:27:50] {"kind": "action", "what": "attack_move", "name": null, "qty": null, "tid": null, "ts": "18:27:50"}
[18:27:52] t=1282 jev VEH HARV HOLD (预算保护 cash=5 aav帽=ok aav=4)
[18:27:52] t=1282 MOVE raid x2 -> (83,115)
[18:27:52] {"kind": "action", "what": "attack_move", "name": null, "qty": null, "tid": null, "ts": "18:27:52"}
[18:27:55] t=1285 jev VEH HARV HOLD (预算保护 cash=5 aav帽=ok aav=4)
[18:27:55] t=1285 MOVE raid x2 -> (83,111); aahunt x4 -> (125,84)
[18:27:55] {"kind": "action", "what": "attack_move", "name": null, "qty": null, "tid": null, "ts": "18:27:55"}
[18:27:55] {"kind": "action", "what": "attack_move", "name": null, "qty": null, "tid": null, "ts": "18:27:55"}
[18:27:57] t=1288 jev VEH HARV HOLD (预算保护 cash=5 aav帽=ok aav=4)
[18:27:57] t=1288 MOVE raid x2 -> (83,107)
[18:27:57] {"kind": "action", "what": "attack_move", "name": null, "qty": null, "tid": null, "ts": "18:27:57"}
[18:27:59] t=1291 jev VEH HTK HOLD (预算保护 cash=5 aav帽=hit aav=4)
[18:27:59] t=1291 MOVE raid x2 -> (82,103)
[18:27:59] {"kind": "action", "what": "attack_move", "name": null, "qty": null, "tid": null, "ts": "18:27:59"}
[18:28:01] t=1294 jev VEH HARV HOLD (预算保护 cash=5 aav帽=ok aav=4)
[18:28:01] t=1294 MOVE raid x2 -> (106,96); assault x2 -> 攻击目标#2394@(75,111)
[18:28:02] {"kind": "action", "what": "attack_move", "name": null, "qty": null, "tid": null, "ts": "18:28:02"}
[18:28:02] {"kind": "action", "what": "attack_obj", "name": null, "qty": null, "tid": 2394, "ts": "18:28:02"}
[18:28:02] t=1297 RETREAT HTNK(26%)
[18:28:02] {"kind": "action", "what": "move", "name": null, "qty": null, "tid": null, "ts": "18:28:02"}
[18:28:04] t=1297 jev VEH HARV HOLD (预算保护 cash=5 aav帽=ok aav=4)
[18:28:04] t=1297 THREAT 0.56 -> force defend
[18:28:04] t=1297 ATTACK (tanks=10)
[18:28:04] t=1300 ALARM unit lost -> 攻势保持（塔阵守家, 前线 11 个单位继续进攻）
[18:28:06] t=1300 jev VEH HTK HOLD (预算保护 cash=5 aav帽=hit aav=4)
[18:28:06] t=1300 THREAT 0.57 -> force defend
[18:28:06] t=1300 ATTACK (tanks=9)
[18:28:06] t=1300 MOVE raid x2 -> (106,95)
[18:28:06] {"kind": "action", "what": "attack_move", "name": null, "qty": null, "tid": null, "ts": "18:28:06"}
[18:28:06] t=1303 ALARM unit lost -> 攻势保持（塔阵守家, 前线 9 个单位继续进攻）
[18:28:08] t=1303 jev VEH HTK HOLD (预算保护 cash=5 aav帽=hit aav=4)
[18:28:08] t=1303 THREAT 0.57 -> force defend
[18:28:08] t=1303 ATTACK (tanks=7)
[18:28:08] t=1303 MOVE hold_a x2 -> (133,86); hold_b x1 -> (126,75)
[18:28:08] {"kind": "action", "what": "attack_move", "name": null, "qty": null, "tid": null, "ts": "18:28:08"}
[18:28:08] {"kind": "action", "what": "attack_move", "name": null, "qty": null, "tid": null, "ts": "18:28:08"}
[18:28:10] t=1306 jev VEH HTK HOLD (预算保护 cash=5 aav帽=hit aav=4)
[18:28:10] t=1306 THREAT 0.60 -> force defend
[18:28:10] t=1306 ATTACK (tanks=7)
[18:28:10] t=1306 MOVE guard x1 -> (137,82)
[18:28:11] {"kind": "action", "what": "attack_move", "name": null, "qty": null, "tid": null, "ts": "18:28:11"}
[18:28:11] t=1309 RETREAT HTNK(24%)
[18:28:11] {"kind": "action", "what": "move", "name": null, "qty": null, "tid": null, "ts": "18:28:11"}
[18:28:13] t=1309 jev VEH HTK HOLD (预算保护 cash=5 aav帽=hit aav=4)
[18:28:13] t=1309 THREAT 0.57 -> force defend
[18:28:13] t=1309 ATTACK (tanks=7)
[18:28:13] t=1312 ALARM unit lost -> 攻势保持（塔阵守家, 前线 8 个单位继续进攻）
[18:28:15] t=1312 jev VEH HARV HOLD (预算保护 cash=380 aav帽=ok aav=4)
[18:28:15] t=1312 THREAT 0.61 -> force defend
[18:28:15] t=1312 ATTACK (tanks=6)
[18:28:15] t=1312 MOVE assault x1 -> 攻击目标#2394@(75,111)
[18:28:15] {"kind": "action", "what": "attack_obj", "name": null, "qty": null, "tid": 2394, "ts": "18:28:15"}
[18:28:15] t=1315 RETREAT HTK(3%)
[18:28:15] {"kind": "action", "what": "move", "name": null, "qty": null, "tid": null, "ts": "18:28:15"}
[18:28:17] t=1315 jev VEH HTK HOLD (预算保护 cash=380 aav帽=hit aav=4)
[18:28:17] t=1315 THREAT 0.59 -> force defend
[18:28:17] t=1315 ATTACK (tanks=6)
[18:28:17] t=1318 ALARM unit lost -> 攻势保持（塔阵守家, 前线 7 个单位继续进攻）
[18:28:17] t=1318 ESCORT 坦克#2557 -> 护航矿车@[117, 134]
[18:28:17] {"kind": "action", "what": "attack_move", "name": null, "qty": null, "tid": null, "ts": "18:28:17"}
[18:28:19] t=1318 jev VEH HTK HOLD (预算保护 cash=380 aav帽=ok aav=3)
[18:28:19] t=1318 THREAT 0.66 -> force defend
[18:28:20] t=1321 ALARM unit lost -> TURTLE (6 v 32, 守塔阵不打野战)
[18:28:20] {"kind": "action", "what": "attack_move", "name": null, "qty": null, "tid": null, "ts": "18:28:20"}
[18:28:22] t=1321 jev VEH HARV HOLD (预算保护 cash=380 aav帽=ok aav=2)
[18:28:22] t=1321 tick#550 credits=380 stance=defend | jev 550 decisions p50=1844ms
[18:28:24] t=1324 jev VEH HARV HOLD (预算保护 cash=380 aav帽=ok aav=2)
[18:28:26] t=1327 jev VEH HARV HOLD (预算保护 cash=380 aav帽=ok aav=2)
[18:28:28] t=1330 jev VEH HARV HOLD (预算保护 cash=380 aav帽=ok aav=1)
[18:28:28] t=1330 MOVE assault x1 -> 攻击目标#2394@(75,111); aahunt x1 -> (125,84)
[18:28:28] {"kind": "action", "what": "attack_obj", "name": null, "qty": null, "tid": 2394, "ts": "18:28:28"}
[18:28:28] {"kind": "action", "what": "attack_move", "name": null, "qty": null, "tid": null, "ts": "18:28:28"}
[18:28:30] t=1333 jev VEH HTK HOLD (预算保护 cash=380 aav帽=ok aav=1)
[18:28:31] t=1336 ALARM enemy approaching -> RESCUE 预备队 3 人驰援远端 [110, 86]
[18:28:31] {"kind": "action", "what": "attack_move", "name": null, "qty": null, "tid": null, "ts": "18:28:31"}
[18:28:31] t=1336 HARASS DRON x2 (have 0)
[18:28:31] t=1336 V3-RESPONSE HTK x1 (alive 1, seen t0 fire t1000001336)
[18:28:31] {"kind": "action", "what": "produce", "name": "DRON", "qty": 2, "tid": null, "ts": "18:28:31"}
[18:28:31] {"kind": "action", "what": "produce", "name": "HTK", "qty": 1, "tid": null, "ts": "18:28:31"}
[18:28:35] t=1342 RUSH-DEFENSE ON (敌8压门 vs 守6) 动员兵爆产
[18:28:39] t=1344 MOVE raid x1 -> (112,84); assault x1 -> (137,82); t=1344 RUSH-DEFENSE tanks x1 -> 塔线协防
[18:28:39] {"kind": "action", "what": "attack_move", "name": null, "qty": null, "tid": null, "ts": "18:28:39"}
[18:28:39] {"kind": "action", "what": "attack_move", "name": null, "qty": null, "tid": null, "ts": "18:28:39"}
[18:28:39] t=1348 ALARM enemy approaching -> RESCUE 预备队 3 人驰援远端 [113, 84]
[18:28:40] {"kind": "action", "what": "attack_move", "name": null, "qty": null, "tid": null, "ts": "18:28:40"}
[18:28:40] t=1348 RETREAT HTK(7%)
[18:28:40] {"kind": "action", "what": "move", "name": null, "qty": null, "tid": null, "ts": "18:28:40"}
[18:28:44] t=1354 RETREAT HTNK(31%)
[18:28:44] {"kind": "action", "what": "move", "name": null, "qty": null, "tid": null, "ts": "18:28:44"}
[18:28:48] t=1357 MOVE t=1357 RUSH-DEFENSE tanks x1 -> 塔线协防; guard x1 -> (137,82)
[18:28:48] {"kind": "action", "what": "attack_move", "name": null, "qty": null, "tid": null, "ts": "18:28:48"}
[18:28:49] t=1360 ALARM unit lost -> TURTLE (5 v 32, 守塔阵不打野战)
[18:28:49] {"kind": "action", "what": "attack_move", "name": null, "qty": null, "tid": null, "ts": "18:28:49"}
[18:28:49] t=1360 HARASS DRON x2 (have 1)
[18:28:49] t=1360 V3-RESPONSE HTK x1 (alive 1, seen t0 fire t1000001360)
[18:28:51] t=1360 jev VEH HARV HOLD (预算保护 cash=1330 aav帽=ok aav=1)
[18:28:51] t=1363 HARASS DRON x2 (have 1)
[18:28:51] t=1363 V3-RESPONSE HTK x1 (alive 1, seen t0 fire t1000001363)
[18:28:53] t=1363 jev VEH HARV HOLD (预算保护 cash=1330 aav帽=ok aav=1)
[18:28:53] t=1366 HARASS DRON x2 (have 1)
[18:28:53] t=1366 V3-RESPONSE HTK x1 (alive 1, seen t0 fire t1000001366)
[18:28:55] t=1366 jev VEH HARV HOLD (预算保护 cash=1330 aav帽=ok aav=1)
[18:28:55] t=1368 HARASS DRON x2 (have 1)
[18:28:55] t=1368 V3-RESPONSE HTK x1 (alive 1, seen t0 fire t1000001368)
[18:28:57] t=1368 jev VEH HTK (conf 0.14)
[18:28:57] {"kind": "action", "what": "produce", "name": "HTK", "qty": 1, "tid": null, "ts": "18:28:57"}
[18:28:57] t=1368 MOVE raid x1 -> (90,106); assault x1 -> (137,82); t=1368 RUSH-DEFENSE tanks x1 -> 塔线协防
[18:28:57] {"kind": "action", "what": "attack_move", "name": null, "qty": null, "tid": null, "ts": "18:28:57"}
[18:28:57] {"kind": "action", "what": "attack_move", "name": null, "qty": null, "tid": null, "ts": "18:28:57"}
[18:28:58] t=1371 ALARM unit lost -> TURTLE (2 v 33, 守塔阵不打野战)
[18:28:58] {"kind": "action", "what": "attack_move", "name": null, "qty": null, "tid": null, "ts": "18:28:58"}
[18:28:58] t=1371 RETREAT E2(14%)
[18:28:58] {"kind": "action", "what": "move", "name": null, "qty": null, "tid": null, "ts": "18:28:58"}
[18:29:04] t=1380 HARASS DRON x2 (have 0)
[18:29:04] {"kind": "action", "what": "produce", "name": "DRON", "qty": 2, "tid": null, "ts": "18:29:04"}
[18:29:06] t=1380 MOVE t=1380 RUSH-DEFENSE tanks x0 -> 塔线协防; aahunt x1 -> (125,84)
[18:29:06] {"kind": "action", "what": "attack_move", "name": null, "qty": null, "tid": null, "ts": "18:29:06"}
[18:29:06] t=1383 ALARM enemy approaching -> TURTLE (2 v 35, 守塔阵不打野战)
[18:29:06] {"kind": "action", "what": "attack_move", "name": null, "qty": null, "tid": null, "ts": "18:29:06"}
[18:29:10] t=1386 jev BUILD NATECH HOLD (资金闸门: 坦克优先, cash=508)
[18:29:15] t=1392 jev BUILD NATECH HOLD (资金闸门: 坦克优先, cash=187)
[18:29:15] t=1392 MOVE raid x1 -> (105,88); assault x1 -> (137,82); t=1392 RUSH-DEFENSE tanks x1 -> 塔线协防; hold_a x1 -> (133,86)
[18:29:15] {"kind": "action", "what": "attack_move", "name": null, "qty": null, "tid": null, "ts": "18:29:15"}
[18:29:15] {"kind": "action", "what": "attack_move", "name": null, "qty": null, "tid": null, "ts": "18:29:15"}
[18:29:15] {"kind": "action", "what": "attack_move", "name": null, "qty": null, "tid": null, "ts": "18:29:15"}
[18:29:15] t=1395 ALARM NAPOWR under attack -> TURTLE (4 v 34, 守塔阵不打野战)
[18:29:15] {"kind": "action", "what": "attack_move", "name": null, "qty": null, "tid": null, "ts": "18:29:15"}
[18:29:15] t=1395 ESCORT 坦克#3215 -> 护航矿车@[115, 135]
[18:29:15] {"kind": "action", "what": "attack_move", "name": null, "qty": null, "tid": null, "ts": "18:29:15"}
[18:29:17] t=1395 jev BUILD NATECH HOLD (资金闸门: 坦克优先, cash=24)
[18:29:17] t=1395 jev VEH HTK HOLD (预算保护 cash=24 aav帽=ok aav=1)
[18:29:17] t=1395 tick#575 credits=24 stance=defend | jev 575 decisions p50=1860ms
[18:29:19] t=1398 jev BUILD NAHAND HOLD (资金闸门: 坦克优先, cash=22)
[18:29:19] t=1398 jev VEH HTK HOLD (预算保护 cash=22 aav帽=ok aav=1)
[18:29:19] t=1401 RETREAT E2(30%)
[18:29:19] {"kind": "action", "what": "move", "name": null, "qty": null, "tid": null, "ts": "18:29:19"}
[18:29:21] t=1401 jev BUILD NAHAND HOLD (资金闸门: 坦克优先, cash=22)
[18:29:21] t=1401 jev VEH HTK HOLD (预算保护 cash=22 aav帽=ok aav=1)
[18:29:24] t=1404 jev BUILD NAHAND HOLD (资金闸门: 坦克优先, cash=22)
[18:29:24] t=1404 jev INF E2 (conf 0.28)
[18:29:24] t=1404 jev VEH HTK HOLD (预算保护 cash=22 aav帽=ok aav=1)
[18:29:24] {"kind": "action", "what": "produce", "name": "E2", "qty": 1, "tid": null, "ts": "18:29:24"}
[18:29:24] t=1404 MOVE raid x1 -> (107,86); t=1404 RUSH-DEFENSE tanks x1 -> 塔线协防; hold_b x1 -> (126,75)
[18:29:24] {"kind": "action", "what": "attack_move", "name": null, "qty": null, "tid": null, "ts": "18:29:24"}
[18:29:24] {"kind": "action", "what": "attack_move", "name": null, "qty": null, "tid": null, "ts": "18:29:24"}
[18:29:24] t=1407 ALARM NAPOWR under attack -> TURTLE (3 v 33, 守塔阵不打野战)
[18:29:24] {"kind": "action", "what": "attack_move", "name": null, "qty": null, "tid": null, "ts": "18:29:24"}
[18:29:26] t=1407 jev BUILD NAHAND HOLD (资金闸门: 坦克优先, cash=12)
[18:29:26] t=1407 jev VEH HTK HOLD (预算保护 cash=12 aav帽=ok aav=1)
[18:29:28] t=1409 jev BUILD NAHAND HOLD (资金闸门: 坦克优先, cash=0)
[18:29:28] t=1409 jev VEH HARV HOLD (预算保护 cash=0 aav帽=ok aav=1)
[18:29:28] t=1412 RETREAT FLAKT(28%)
[18:29:28] {"kind": "action", "what": "move", "name": null, "qty": null, "tid": null, "ts": "18:29:28"}
[18:29:30] t=1412 jev VEH HTK HOLD (预算保护 cash=0 aav帽=ok aav=1)
[18:29:30] t=1415 RETREAT HTK(33%)
[18:29:30] {"kind": "action", "what": "move", "name": null, "qty": null, "tid": null, "ts": "18:29:30"}
[18:29:32] t=1415 jev VEH DRON HOLD (预算保护 cash=0 aav帽=ok aav=1)
[18:29:32] t=1415 MOVE t=1415 RUSH-DEFENSE tanks x0 -> 塔线协防; aahunt x1 -> 攻击目标#1448@(112,81)
[18:29:32] {"kind": "action", "what": "attack_obj", "name": null, "qty": null, "tid": 1448, "ts": "18:29:32"}
[18:29:33] t=1418 ALARM NAHAND under attack -> TURTLE (2 v 34, 守塔阵不打野战)
[18:29:33] {"kind": "action", "what": "attack_move", "name": null, "qty": null, "tid": null, "ts": "18:29:33"}
[18:29:35] t=1418 jev VEH DRON HOLD (预算保护 cash=0 aav帽=ok aav=1)
[18:29:37] t=1421 jev VEH DRON HOLD (预算保护 cash=0 aav帽=ok aav=0)
[18:29:39] t=1424 jev VEH DRON HOLD (预算保护 cash=0 aav帽=ok aav=0)
[18:29:39] t=1427 RETREAT E2(13%)
[18:29:39] {"kind": "action", "what": "move", "name": null, "qty": null, "tid": null, "ts": "18:29:39"}
[18:29:41] t=1427 jev BUILD NAHAND HOLD (资金闸门: 坦克优先, cash=333)
[18:29:41] t=1427 jev VEH DRON HOLD (预算保护 cash=333 aav帽=ok aav=0)
[18:29:41] t=1430 ALARM NAREFN under attack -> TURTLE (2 v 31, 守塔阵不打野战)
[18:29:42] {"kind": "action", "what": "attack_move", "name": null, "qty": null, "tid": null, "ts": "18:29:42"}
[18:29:42] t=1430 RUSH-DEFENSE E2 x4 (敌10压门 守3)
[18:29:43] t=1430 jev INF E2 (conf 0.35)
[18:29:43] t=1430 jev VEH DRON HOLD (预算保护 cash=307 aav帽=ok aav=0)
[18:29:45] t=1433 jev INF E2 (conf 0.32)
[18:29:45] t=1433 jev VEH HTK HOLD (预算保护 cash=304 aav帽=ok aav=0)
[18:29:47] t=1435 jev INF E2 (conf 0.32)
[18:29:47] t=1435 jev VEH HTK HOLD (预算保护 cash=302 aav帽=ok aav=0)
[18:29:49] t=1438 jev INF E2 (conf 0.32)
[18:29:49] t=1438 jev VEH HTK HOLD (预算保护 cash=299 aav帽=ok aav=0)
[18:29:49] {"kind": "action", "what": "produce", "name": "E2", "qty": 1, "tid": null, "ts": "18:29:49"}
[18:29:50] t=1441 ALARM NAHAND under attack -> TURTLE (1 v 30, 守塔阵不打野战)
[18:29:50] {"kind": "action", "what": "attack_move", "name": null, "qty": null, "tid": null, "ts": "18:29:50"}
[18:29:50] t=1441 RETREAT E2(23%)
[18:29:50] {"kind": "action", "what": "move", "name": null, "qty": null, "tid": null, "ts": "18:29:50"}
[18:29:51] t=1441 jev VEH DRON HOLD (预算保护 cash=286 aav帽=ok aav=0)
[18:29:53] t=1444 jev VEH DRON HOLD (预算保护 cash=245 aav帽=ok aav=0)
[18:29:55] t=1446 jev VEH HTK HOLD (预算保护 cash=204 aav帽=ok aav=0)
[18:29:57] t=1449 jev INF E2 (conf 0.40)
[18:29:57] t=1449 jev VEH DRON HOLD (预算保护 cash=179 aav帽=ok aav=0)
[18:29:58] t=1452 ALARM NAHAND under attack -> TURTLE (2 v 32, 守塔阵不打野战)
[18:29:58] {"kind": "action", "what": "attack_move", "name": null, "qty": null, "tid": null, "ts": "18:29:58"}
[18:29:59] t=1452 jev INF E2 (conf 0.38)
[18:29:59] t=1452 jev VEH DRON HOLD (预算保护 cash=170 aav帽=ok aav=0)
[18:30:01] t=1454 jev INF E2 (conf 0.39)
[18:30:01] t=1454 jev VEH DRON HOLD (预算保护 cash=161 aav帽=ok aav=0)
[18:30:02] t=1457 POWER plant (reserve -96)
[18:30:02] t=1457 V3-RESPONSE HTK x1 (alive 0, seen t0 fire t1000001457)
[18:30:02] {"kind": "action", "what": "produce", "name": "NAPOWR", "qty": 1, "tid": null, "ts": "18:30:02"}
[18:30:02] {"kind": "action", "what": "produce", "name": "HTK", "qty": 1, "tid": null, "ts": "18:30:02"}
[18:30:04] t=1457 jev INF E2 (conf 0.33)
[18:30:04] t=1460 RUSH-DEFENSE E2 x4 (敌6压门 守3)
[18:30:06] t=1460 jev INF E2 (conf 0.37)
[18:30:06] t=1462 ALARM enemy approaching -> TURTLE (1 v 28, 守塔阵不打野战)
[18:30:06] {"kind": "action", "what": "attack_move", "name": null, "qty": null, "tid": null, "ts": "18:30:06"}
[18:30:06] t=1462 RETREAT E2(5%)
[18:30:06] {"kind": "action", "what": "move", "name": null, "qty": null, "tid": null, "ts": "18:30:06"}
[18:30:08] t=1462 jev INF E2 (conf 0.36)
[18:30:08] t=1465 RUSH-DEFENSE E2 x4 (敌4压门 守2)
[18:30:10] t=1465 jev INF E2 (conf 0.48)
[18:30:10] t=1465 tick#600 credits=2200 stance=defend | jev 600 decisions p50=1863ms
[18:30:12] t=1468 jev INF E2 (conf 0.42)
[18:30:12] t=1470 RUSH-DEFENSE E2 x4 (敌4压门 守3)
[18:30:14] t=1470 jev INF E2 (conf 0.27)
[18:30:16] t=1473 jev INF E2 (conf 0.32)
[18:30:16] {"kind": "action", "what": "produce", "name": "E2", "qty": 1, "tid": null, "ts": "18:30:16"}
[18:30:16] t=1473 MOVE t=1473 RUSH-DEFENSE tanks x0 -> 塔线协防; hold_a x1 -> (133,86)
[18:30:16] {"kind": "action", "what": "attack_move", "name": null, "qty": null, "tid": null, "ts": "18:30:16"}
[18:30:16] t=1476 ALARM enemy approaching -> TURTLE (1 v 29, 守塔阵不打野战)
[18:30:16] {"kind": "action", "what": "attack_move", "name": null, "qty": null, "tid": null, "ts": "18:30:16"}
[18:30:16] t=1476 RETREAT E2(20%)
[18:30:16] {"kind": "action", "what": "move", "name": null, "qty": null, "tid": null, "ts": "18:30:16"}
[18:30:24] t=1487 ALARM enemy approaching -> TURTLE (2 v 29, 守塔阵不打野战)
[18:30:24] {"kind": "action", "what": "attack_move", "name": null, "qty": null, "tid": null, "ts": "18:30:24"}
[18:30:28] t=1492 HARASS DRON x2 (have 0)
[18:30:28] t=1492 V3-RESPONSE HTK x1 (alive 1, seen t0 fire t1000001492)
[18:30:28] {"kind": "action", "what": "produce", "name": "DRON", "qty": 2, "tid": null, "ts": "18:30:28"}
[18:30:28] {"kind": "action", "what": "produce", "name": "HTK", "qty": 1, "tid": null, "ts": "18:30:28"}
[18:30:30] t=1494 RETREAT E2(22%)
[18:30:30] {"kind": "action", "what": "move", "name": null, "qty": null, "tid": null, "ts": "18:30:30"}
[18:30:33] t=1497 MOVE t=1497 RUSH-DEFENSE tanks x0 -> 塔线协防; hold_b x1 -> (126,75); aahunt x1 -> 攻击目标#1448@(115,82)
[18:30:33] {"kind": "action", "what": "attack_move", "name": null, "qty": null, "tid": null, "ts": "18:30:33"}
[18:30:33] {"kind": "action", "what": "attack_obj", "name": null, "qty": null, "tid": 1448, "ts": "18:30:33"}
[18:30:33] t=1499 ALARM enemy approaching -> TURTLE (2 v 25, 守塔阵不打野战)
[18:30:33] {"kind": "action", "what": "attack_move", "name": null, "qty": null, "tid": null, "ts": "18:30:33"}
[18:30:43] t=1511 ALARM enemy approaching -> TURTLE (2 v 27, 守塔阵不打野战)
[18:30:43] {"kind": "action", "what": "attack_move", "name": null, "qty": null, "tid": null, "ts": "18:30:43"}
[18:30:50] t=1521 RUSH-DEFENSE OFF (威胁解除) 恢复原公式
[18:30:52] t=1521 MOVE raid x1 -> (119,134); aahunt x1 -> (125,84)
[18:30:52] {"kind": "action", "what": "attack_move", "name": null, "qty": null, "tid": null, "ts": "18:30:52"}
[18:30:52] {"kind": "action", "what": "attack_move", "name": null, "qty": null, "tid": null, "ts": "18:30:52"}
[18:30:56] t=1529 RETREAT HTNK(6%)
[18:30:56] {"kind": "action", "what": "move", "name": null, "qty": null, "tid": null, "ts": "18:30:56"}
[18:30:57] t=1529 tick#625 credits=731 stance=defend | jev 625 decisions p50=1863ms
[18:31:01] t=1534 MOVE raid x1 -> (120,133)
[18:31:01] {"kind": "action", "what": "attack_move", "name": null, "qty": null, "tid": null, "ts": "18:31:01"}
[18:31:06] t=1543 ESCORT 坦克#3904 -> 护航矿车@[114, 133]
[18:31:06] {"kind": "action", "what": "attack_move", "name": null, "qty": null, "tid": null, "ts": "18:31:06"}
[18:31:10] t=1546 MOVE raid x2 -> (117,132)
[18:31:10] {"kind": "action", "what": "attack_move", "name": null, "qty": null, "tid": null, "ts": "18:31:10"}
[18:31:10] t=1548 ALARM unit lost -> TURTLE (3 v 26, 守塔阵不打野战)
[18:31:10] {"kind": "action", "what": "attack_move", "name": null, "qty": null, "tid": null, "ts": "18:31:10"}
[18:31:10] t=1548 POWER plant (reserve 44)
[18:31:10] {"kind": "action", "what": "produce", "name": "NAPOWR", "qty": 1, "tid": null, "ts": "18:31:10"}
[18:31:14] t=1553 HARASS DRON x2 (have 1)
[18:31:14] {"kind": "action", "what": "produce", "name": "DRON", "qty": 2, "tid": null, "ts": "18:31:14"}
[18:31:19] t=1558 MOVE hold_a x1 -> (133,86)
[18:31:19] {"kind": "action", "what": "attack_move", "name": null, "qty": null, "tid": null, "ts": "18:31:19"}
[18:31:21] t=1560 MOVE raid x1 -> (116,132)
[18:31:21] {"kind": "action", "what": "attack_move", "name": null, "qty": null, "tid": null, "ts": "18:31:21"}
[18:31:23] t=1563 MOVE raid x2 -> (120,129); aahunt x2 -> (125,84)
[18:31:23] {"kind": "action", "what": "attack_move", "name": null, "qty": null, "tid": null, "ts": "18:31:23"}
[18:31:23] {"kind": "action", "what": "attack_move", "name": null, "qty": null, "tid": null, "ts": "18:31:23"}
[18:31:24] t=1565 MOVE raid x2 -> (120,127)
[18:31:25] {"kind": "action", "what": "attack_move", "name": null, "qty": null, "tid": null, "ts": "18:31:25"}
[18:31:25] t=1568 V3-RESPONSE HTK x2 (alive 2, seen t0 fire t1000001568)
[18:31:25] {"kind": "action", "what": "produce", "name": "HTK", "qty": 2, "tid": null, "ts": "18:31:25"}
[18:31:26] t=1568 ATTACK (tanks=6)
[18:31:26] t=1568 MOVE raid x2 -> (120,124); assault x1 -> 攻击目标#2394@(75,111)
[18:31:26] {"kind": "action", "what": "attack_move", "name": null, "qty": null, "tid": null, "ts": "18:31:26"}
[18:31:26] {"kind": "action", "what": "attack_obj", "name": null, "qty": null, "tid": 2394, "ts": "18:31:26"}
[18:31:28] t=1570 MOVE raid x2 -> (120,120)
[18:31:28] {"kind": "action", "what": "attack_move", "name": null, "qty": null, "tid": null, "ts": "18:31:28"}
[18:31:29] {"kind": "action", "what": "produce", "name": "NAHAND", "qty": 1, "tid": null, "ts": "18:31:29"}
[18:31:29] t=1573 OPENING BUILD NAHAND
[18:31:30] t=1573 MOVE raid x2 -> (120,117)
[18:31:30] {"kind": "action", "what": "attack_move", "name": null, "qty": null, "tid": null, "ts": "18:31:30"}
[18:31:30] t=1575 ALARM unit lost -> 攻势保持（塔阵守家, 前线 6 个单位继续进攻）
[18:31:32] t=1575 MOVE raid x2 -> (119,115)
[18:31:32] {"kind": "action", "what": "attack_move", "name": null, "qty": null, "tid": null, "ts": "18:31:32"}
[18:31:34] t=1578 MOVE raid x2 -> (120,114); hold_b x1 -> (126,75)
[18:31:34] {"kind": "action", "what": "attack_move", "name": null, "qty": null, "tid": null, "ts": "18:31:34"}
[18:31:34] {"kind": "action", "what": "attack_move", "name": null, "qty": null, "tid": null, "ts": "18:31:34"}
[18:31:36] t=1580 MOVE raid x2 -> (120,111)
[18:31:36] {"kind": "action", "what": "attack_move", "name": null, "qty": null, "tid": null, "ts": "18:31:36"}
[18:31:38] t=1583 jev VEH DRON HOLD (预算保护 cash=162 aav帽=ok aav=4)
[18:31:38] t=1583 MOVE raid x2 -> (120,107)
[18:31:38] {"kind": "action", "what": "attack_move", "name": null, "qty": null, "tid": null, "ts": "18:31:38"}
[18:31:38] t=1585 ESCORT 坦克#3991 -> 护航矿车@[114, 134]
[18:31:38] {"kind": "action", "what": "attack_move", "name": null, "qty": null, "tid": null, "ts": "18:31:38"}
[18:31:39] t=1585 jev VEH DRON HOLD (预算保护 cash=96 aav帽=ok aav=4)
[18:31:39] t=1585 MOVE raid x2 -> (120,104)
[18:31:39] {"kind": "action", "what": "attack_move", "name": null, "qty": null, "tid": null, "ts": "18:31:39"}
[18:31:40] t=1588 ALARM unit lost -> 攻势保持（塔阵守家, 前线 6 个单位继续进攻）
[18:31:41] t=1588 jev VEH HTK HOLD (预算保护 cash=25 aav帽=hit aav=4)
[18:31:41] t=1588 MOVE raid x1 -> (120,100)
[18:31:41] {"kind": "action", "what": "attack_move", "name": null, "qty": null, "tid": null, "ts": "18:31:41"}
[18:31:42] t=1590 ALARM unit lost -> 攻势保持（塔阵守家, 前线 5 个单位继续进攻）
[18:31:43] t=1590 jev VEH HTK HOLD (预算保护 cash=0 aav帽=hit aav=4)
[18:31:43] t=1590 tick#650 credits=0 stance=attack | jev 650 decisions p50=1863ms
[18:31:43] t=1593 ALARM enemy approaching -> RESCUE 预备队 3 人驰援远端 [120, 94]
[18:31:43] {"kind": "action", "what": "attack_move", "name": null, "qty": null, "tid": null, "ts": "18:31:43"}
[18:31:45] t=1593 jev VEH DRON HOLD (预算保护 cash=0 aav帽=ok aav=4)
[18:31:45] t=1593 THREAT 0.56 -> force defend
[18:31:47] t=1595 jev VEH DRON HOLD (预算保护 cash=0 aav帽=ok aav=4)
[18:31:49] t=1597 jev VEH DRON HOLD (预算保护 cash=0 aav帽=ok aav=4)
[18:31:50] t=1600 jev VEH HTK HOLD (预算保护 cash=0 aav帽=hit aav=4)
[18:31:52] t=1602 jev VEH HTK HOLD (预算保护 cash=0 aav帽=hit aav=4)
[18:31:52] t=1605 ALARM enemy approaching -> RESCUE 预备队 3 人驰援远端 [120, 98]
[18:31:53] {"kind": "action", "what": "attack_move", "name": null, "qty": null, "tid": null, "ts": "18:31:53"}
[18:31:54] t=1605 jev VEH HTK HOLD (预算保护 cash=0 aav帽=hit aav=4)
[18:31:56] t=1607 jev VEH HTK HOLD (预算保护 cash=0 aav帽=hit aav=4)
[18:31:58] t=1610 jev VEH HTK HOLD (预算保护 cash=0 aav帽=hit aav=4)
[18:32:00] t=1612 jev VEH HTK HOLD (预算保护 cash=0 aav帽=hit aav=4)
[18:32:01] t=1614 jev VEH HTK HOLD (预算保护 cash=0 aav帽=hit aav=4)
[18:32:01] t=1614 MOVE aahunt x4 -> (125,84)
[18:32:01] {"kind": "action", "what": "attack_move", "name": null, "qty": null, "tid": null, "ts": "18:32:01"}
[18:32:03] t=1617 jev VEH DRON HOLD (预算保护 cash=0 aav帽=ok aav=4)
[18:32:05] t=1619 jev VEH DRON HOLD (预算保护 cash=0 aav帽=ok aav=4)
[18:32:07] t=1622 jev VEH DRON HOLD (预算保护 cash=0 aav帽=ok aav=4)
[18:32:09] t=1624 jev VEH DRON HOLD (预算保护 cash=0 aav帽=ok aav=4)
[18:32:10] t=1627 jev VEH DRON HOLD (预算保护 cash=0 aav帽=ok aav=4)
[18:32:12] t=1629 jev VEH DRON HOLD (预算保护 cash=0 aav帽=ok aav=4)
[18:32:14] t=1631 jev VEH DRON HOLD (预算保护 cash=0 aav帽=ok aav=4)
[18:32:16] t=1634 jev VEH DRON HOLD (预算保护 cash=0 aav帽=ok aav=4)
[18:32:18] t=1636 jev VEH DRON HOLD (预算保护 cash=0 aav帽=ok aav=4)
[18:32:19] t=1639 jev VEH DRON HOLD (预算保护 cash=0 aav帽=ok aav=4)
[18:32:19] t=1639 MOVE hold_a x1 -> (133,86)
[18:32:20] {"kind": "action", "what": "attack_move", "name": null, "qty": null, "tid": null, "ts": "18:32:20"}
[18:32:21] t=1641 jev VEH DRON HOLD (预算保护 cash=0 aav帽=ok aav=4)
[18:32:23] t=1643 jev VEH DRON HOLD (预算保护 cash=0 aav帽=ok aav=4)
[18:32:25] t=1646 jev VEH DRON HOLD (预算保护 cash=0 aav帽=ok aav=4)
[18:32:27] t=1648 jev VEH DRON HOLD (预算保护 cash=154 aav帽=ok aav=4)
[18:32:29] t=1651 jev VEH DRON HOLD (预算保护 cash=136 aav帽=ok aav=4)
[18:32:29] t=1651 tick#675 credits=136 stance=defend | jev 675 decisions p50=1863ms
[18:32:30] t=1653 jev VEH DRON HOLD (预算保护 cash=136 aav帽=ok aav=4)
[18:32:32] t=1655 jev BUILD NAHAND HOLD (资金闸门: 坦克优先, cash=136)
[18:32:32] t=1655 jev INF E2 HOLD (预算保护 gate=False e2=1)
[18:32:32] t=1655 jev VEH HTK HOLD (预算保护 cash=136 aav帽=hit aav=4)
[18:32:32] t=1655 MOVE aahunt x4 -> (125,84)
[18:32:32] {"kind": "action", "what": "attack_move", "name": null, "qty": null, "tid": null, "ts": "18:32:32"}
[18:32:33] t=1658 ESCORT 坦克#3960 -> 护航矿车@[115, 135]
[18:32:33] {"kind": "action", "what": "attack_move", "name": null, "qty": null, "tid": null, "ts": "18:32:33"}
[18:32:34] t=1658 jev BUILD NAHAND HOLD (资金闸门: 坦克优先, cash=136)
[18:32:34] t=1658 jev INF E2 HOLD (预算保护 gate=False e2=1)
[18:32:34] t=1658 jev VEH HTK HOLD (预算保护 cash=136 aav帽=hit aav=4)
[18:32:34] t=1658 ATTACK (tanks=6)
[18:32:34] t=1658 MOVE raid x1 -> (81,119); hold_b x1 -> (126,75)
[18:32:34] {"kind": "action", "what": "attack_move", "name": null, "qty": null, "tid": null, "ts": "18:32:34"}
[18:32:34] {"kind": "action", "what": "attack_move", "name": null, "qty": null, "tid": null, "ts": "18:32:34"}
[18:32:36] t=1661 jev BUILD NAHAND HOLD (资金闸门: 坦克优先, cash=136)
[18:32:36] t=1661 jev VEH HTK HOLD (预算保护 cash=136 aav帽=hit aav=4)
[18:32:36] t=1661 MOVE raid x1 -> (83,120)
[18:32:36] {"kind": "action", "what": "attack_move", "name": null, "qty": null, "tid": null, "ts": "18:32:36"}
[18:32:37] t=1664 ALARM unit lost -> 攻势保持（塔阵守家, 前线 5 个单位继续进攻）
[18:32:38] t=1664 jev BUILD NAHAND HOLD (资金闸门: 坦克优先, cash=136)
[18:32:38] t=1664 jev VEH HTK HOLD (预算保护 cash=136 aav帽=hit aav=4)
[18:32:40] t=1666 jev BUILD NAHAND HOLD (资金闸门: 坦克优先, cash=136)
[18:32:40] t=1666 jev VEH HTK HOLD (预算保护 cash=136 aav帽=hit aav=4)
[18:32:42] t=1669 jev BUILD NAHAND HOLD (资金闸门: 坦克优先, cash=736)
[18:32:42] t=1669 jev VEH HTK HOLD (预算保护 cash=736 aav帽=hit aav=4)
[18:32:44] t=1672 jev BUILD NAHAND HOLD (资金闸门: 坦克优先, cash=736)
[18:32:44] t=1672 jev VEH HTK HOLD (预算保护 cash=736 aav帽=hit aav=4)
[18:32:45] t=1674 ALARM unit lost -> 攻势保持（塔阵守家, 前线 5 个单位继续进攻）
[18:32:46] t=1674 jev BUILD NAHAND HOLD (资金闸门: 坦克优先, cash=736)
[18:32:46] t=1674 jev VEH HTK HOLD (预算保护 cash=736 aav帽=hit aav=4)
[18:32:48] t=1677 jev BUILD NAHAND HOLD (资金闸门: 坦克优先, cash=736)
[18:32:48] t=1677 jev VEH HTK HOLD (预算保护 cash=736 aav帽=hit aav=4)
[18:32:50] t=1679 jev BUILD NAHAND HOLD (资金闸门: 坦克优先, cash=736)
[18:32:50] t=1679 jev VEH HTK HOLD (预算保护 cash=736 aav帽=hit aav=4)
[18:32:52] t=1682 jev BUILD NAHAND HOLD (资金闸门: 坦克优先, cash=736)
[18:32:52] t=1682 jev INF E2 HOLD (预算保护 gate=False e2=1)
[18:32:52] t=1682 jev VEH HTK HOLD (预算保护 cash=736 aav帽=hit aav=4)
[18:32:52] t=1685 HARASS DRON x2 (have 0)
[18:32:52] t=1685 TANK HTNK x1
[18:32:52] {"kind": "action", "what": "produce", "name": "DRON", "qty": 2, "tid": null, "ts": "18:32:52"}
[18:32:52] {"kind": "action", "what": "produce", "name": "HTNK", "qty": 1, "tid": null, "ts": "18:32:52"}
[18:32:54] t=1685 jev BUILD NAHAND (conf 0.32)
[18:32:54] t=1685 jev INF E2 (conf 0.24)
[18:32:54] {"kind": "action", "what": "produce", "name": "NAHAND", "qty": 1, "tid": null, "ts": "18:32:54"}
[18:32:54] {"kind": "action", "what": "produce", "name": "E2", "qty": 1, "tid": null, "ts": "18:32:54"}
[18:32:58] t=1693 SCOUT #4101->[14, 178] (敌影)
[18:32:58] {"kind": "action", "what": "attack_move", "name": null, "qty": null, "tid": null, "ts": "18:32:58"}
[18:33:00] t=1693 jev INF E2 (conf 0.36)
[18:33:02] t=1695 jev INF E2 (conf 0.36)
[18:33:04] t=1698 jev INF E2 HOLD (预算保护 gate=False e2=2)
[18:33:04] t=1698 MOVE aahunt x4 -> (125,84)
[18:33:04] {"kind": "action", "what": "attack_move", "name": null, "qty": null, "tid": null, "ts": "18:33:04"}
[18:33:04] t=1700 ESCORT 坦克#4105 -> 护航矿车@[126, 104]
[18:33:04] {"kind": "action", "what": "attack_move", "name": null, "qty": null, "tid": null, "ts": "18:33:04"}
[18:33:06] t=1700 jev INF E2 HOLD (预算保护 gate=False e2=2)
[18:33:06] t=1700 MOVE raid x1 -> (85,120)
[18:33:06] {"kind": "action", "what": "attack_move", "name": null, "qty": null, "tid": null, "ts": "18:33:06"}
[18:33:08] t=1703 jev INF E2 HOLD (预算保护 gate=False e2=2)
[18:33:10] t=1706 jev INF E2 HOLD (预算保护 gate=False e2=2)
[18:33:12] t=1708 jev INF E2 HOLD (预算保护 gate=False e2=2)
[18:33:12] t=1708 MOVE raid x1 -> (83,117)
[18:33:12] {"kind": "action", "what": "attack_move", "name": null, "qty": null, "tid": null, "ts": "18:33:12"}
[18:33:14] t=1711 jev INF E2 HOLD (预算保护 gate=False e2=2)
[18:33:16] t=1713 jev BUILD NARADR HOLD (资金闸门: 坦克优先, cash=0)
[18:33:16] t=1713 jev INF E2 HOLD (预算保护 gate=False e2=2)
[18:33:18] t=1716 jev BUILD NARADR HOLD (资金闸门: 坦克优先, cash=0)
[18:33:18] t=1716 jev INF E2 HOLD (预算保护 gate=False e2=2)
[18:33:18] t=1716 tick#700 credits=0 stance=attack | jev 700 decisions p50=1859ms
[18:33:19] t=1719 jev BUILD NARADR HOLD (资金闸门: 坦克优先, cash=0)
[18:33:19] t=1719 jev INF E2 HOLD (预算保护 gate=False e2=2)
[18:33:19] t=1719 MOVE hold_a x2 -> (133,86)
[18:33:20] {"kind": "action", "what": "attack_move", "name": null, "qty": null, "tid": null, "ts": "18:33:20"}
[18:33:21] t=1721 jev BUILD NARADR HOLD (资金闸门: 坦克优先, cash=0)
[18:33:21] t=1721 jev INF E2 HOLD (预算保护 gate=False e2=2)
[18:33:21] t=1721 THREAT 0.56 -> force defend
[18:33:21] t=1721 ATTACK (tanks=6)
[18:33:23] t=1724 jev BUILD NARADR HOLD (资金闸门: 坦克优先, cash=0)
[18:33:23] t=1724 jev INF E2 HOLD (预算保护 gate=False e2=2)
[18:33:23] t=1724 THREAT 0.56 -> force defend
[18:33:23] t=1724 ATTACK (tanks=6)
[18:33:25] t=1726 jev INF E2 HOLD (预算保护 gate=False e2=2)
[18:33:27] t=1729 jev BUILD NARADR HOLD (资金闸门: 坦克优先, cash=159)
[18:33:27] t=1729 jev INF E2 HOLD (预算保护 gate=False e2=2)
[18:33:27] t=1731 RETREAT DRON(26%)
[18:33:27] {"kind": "action", "what": "move", "name": null, "qty": null, "tid": null, "ts": "18:33:27"}
[18:33:29] t=1731 jev BUILD NARADR HOLD (资金闸门: 坦克优先, cash=29)
[18:33:29] t=1731 jev INF E2 HOLD (预算保护 gate=False e2=2)
[18:33:29] t=1731 MOVE raid x1 -> (85,114)
[18:33:29] {"kind": "action", "what": "attack_move", "name": null, "qty": null, "tid": null, "ts": "18:33:29"}
[18:33:29] t=1734 ALARM unit lost -> 攻势保持（塔阵守家, 前线 6 个单位继续进攻）
[18:33:31] t=1734 jev INF E2 HOLD (预算保护 gate=False e2=2)
[18:33:33] t=1737 jev INF E2 HOLD (预算保护 gate=False e2=2)
[18:33:35] t=1739 jev INF E2 HOLD (预算保护 gate=False e2=2)
[18:33:35] t=1739 THREAT 0.56 -> force defend
[18:33:35] t=1739 MOVE hold_b x1 -> (126,75); aahunt x4 -> (125,84)
[18:33:35] {"kind": "action", "what": "attack_move", "name": null, "qty": null, "tid": null, "ts": "18:33:35"}
[18:33:35] {"kind": "action", "what": "attack_move", "name": null, "qty": null, "tid": null, "ts": "18:33:35"}
[18:33:37] t=1742 jev INF E2 HOLD (预算保护 gate=False e2=2)
[18:33:39] t=1745 jev INF E2 HOLD (预算保护 gate=False e2=2)
[18:33:41] t=1747 jev INF E2 HOLD (预算保护 gate=False e2=2)
[18:33:43] t=1750 jev INF E2 HOLD (预算保护 gate=False e2=2)
[18:33:45] t=1752 jev INF E2 HOLD (预算保护 gate=False e2=2)
[18:33:47] t=1755 jev INF E2 HOLD (预算保护 gate=False e2=2)
[18:33:49] t=1757 jev BUILD NARADR HOLD (资金闸门: 坦克优先, cash=0)
[18:33:49] t=1757 jev INF E2 HOLD (预算保护 gate=False e2=2)
[18:33:51] t=1760 jev BUILD NARADR HOLD (资金闸门: 坦克优先, cash=0)
[18:33:51] t=1760 jev INF E2 HOLD (预算保护 gate=False e2=2)
[18:33:53] t=1763 jev BUILD NARADR HOLD (资金闸门: 坦克优先, cash=0)
[18:33:53] t=1763 jev INF E2 HOLD (预算保护 gate=False e2=2)
[18:33:54] t=1765 jev BUILD NARADR HOLD (资金闸门: 坦克优先, cash=0)
[18:33:54] t=1765 jev INF E2 HOLD (预算保护 gate=False e2=2)
[18:33:56] t=1768 jev BUILD NARADR HOLD (资金闸门: 坦克优先, cash=0)
[18:33:56] t=1768 jev INF E2 HOLD (预算保护 gate=False e2=2)
[18:33:58] t=1770 jev BUILD NARADR HOLD (资金闸门: 坦克优先, cash=0)
[18:33:58] t=1770 jev INF E2 HOLD (预算保护 gate=False e2=2)
[18:34:00] t=1773 jev BUILD NARADR HOLD (资金闸门: 坦克优先, cash=0)
[18:34:00] t=1773 jev INF E2 HOLD (预算保护 gate=False e2=2)
[18:34:02] t=1775 jev BUILD NARADR HOLD (资金闸门: 坦克优先, cash=0)
[18:34:02] t=1775 jev INF E2 HOLD (预算保护 gate=False e2=2)
[18:34:04] t=1778 jev BUILD NARADR HOLD (资金闸门: 坦克优先, cash=0)
[18:34:04] t=1778 jev INF E2 HOLD (预算保护 gate=False e2=2)
[18:34:06] t=1780 jev BUILD NARADR HOLD (资金闸门: 坦克优先, cash=0)
[18:34:06] t=1780 jev INF E2 HOLD (预算保护 gate=False e2=2)
[18:34:06] t=1780 MOVE aahunt x4 -> (125,84)
[18:34:06] {"kind": "action", "what": "attack_move", "name": null, "qty": null, "tid": null, "ts": "18:34:06"}
[18:34:06] t=1780 tick#725 credits=0 stance=defend | jev 725 decisions p50=1842ms
[18:34:08] t=1783 jev BUILD NARADR HOLD (资金闸门: 坦克优先, cash=0)
[18:34:08] t=1783 jev INF E2 HOLD (预算保护 gate=False e2=2)
[18:34:10] t=1786 jev BUILD NARADR HOLD (资金闸门: 坦克优先, cash=0)
[18:34:10] t=1786 jev INF E2 HOLD (预算保护 gate=False e2=2)
[18:34:12] t=1788 jev BUILD NARADR HOLD (资金闸门: 坦克优先, cash=342)
[18:34:12] t=1788 jev INF E2 HOLD (预算保护 gate=False e2=2)
[18:34:14] t=1791 jev BUILD NARADR HOLD (资金闸门: 坦克优先, cash=215)
[18:34:14] t=1791 jev INF E2 HOLD (预算保护 gate=False e2=2)
[18:34:14] t=1793 ESCORT 坦克#4209 -> 护航矿车@[119, 128]
[18:34:14] {"kind": "action", "what": "attack_move", "name": null, "qty": null, "tid": null, "ts": "18:34:14"}
[18:34:16] t=1793 jev BUILD NARADR HOLD (资金闸门: 坦克优先, cash=171)
[18:34:16] t=1793 jev INF E2 HOLD (预算保护 gate=False e2=2)
[18:34:16] t=1793 jev VEH HTK HOLD (预算保护 cash=171 aav帽=hit aav=4)
[18:34:16] t=1793 ATTACK (tanks=6)
[18:34:16] t=1793 MOVE assault x1 -> 攻击目标#2394@(75,111)
[18:34:16] {"kind": "action", "what": "attack_obj", "name": null, "qty": null, "tid": 2394, "ts": "18:34:16"}
[18:34:16] t=1796 ALARM unit lost -> 攻势保持（塔阵守家, 前线 7 个单位继续进攻）
[18:34:16] t=1796 RETREAT E2(3%)
[18:34:16] {"kind": "action", "what": "move", "name": null, "qty": null, "tid": null, "ts": "18:34:16"}
[18:34:18] t=1796 jev BUILD NARADR HOLD (资金闸门: 坦克优先, cash=171)
[18:34:18] t=1796 jev INF E2 HOLD (预算保护 gate=False e2=2)
[18:34:18] t=1796 jev VEH HTK HOLD (预算保护 cash=171 aav帽=hit aav=4)
[18:34:20] t=1799 jev BUILD NARADR HOLD (资金闸门: 坦克优先, cash=171)
[18:34:20] t=1799 jev INF E2 HOLD (预算保护 gate=False e2=2)
[18:34:20] t=1799 jev VEH HTK HOLD (预算保护 cash=171 aav帽=hit aav=4)
[18:34:20] t=1799 MOVE hold_a x2 -> (133,86)
[18:34:20] {"kind": "action", "what": "attack_move", "name": null, "qty": null, "tid": null, "ts": "18:34:20"}
[18:34:22] t=1801 jev BUILD NARADR HOLD (资金闸门: 坦克优先, cash=171)
[18:34:22] t=1801 jev INF E2 HOLD (预算保护 gate=False e2=2)
[18:34:22] t=1801 jev VEH HTK HOLD (预算保护 cash=171 aav帽=hit aav=4)
[18:34:23] t=1804 jev BUILD NARADR HOLD (资金闸门: 坦克优先, cash=171)
[18:34:23] t=1804 jev INF E2 HOLD (预算保护 gate=False e2=2)
[18:34:23] t=1804 jev VEH HTK HOLD (预算保护 cash=171 aav帽=hit aav=4)
[18:34:24] t=1806 HARASS DRON x2 (have 1)
[18:34:24] {"kind": "action", "what": "produce", "name": "DRON", "qty": 2, "tid": null, "ts": "18:34:24"}
[18:34:25] t=1806 jev BUILD NARADR HOLD (资金闸门: 坦克优先, cash=1296)
[18:34:25] t=1806 jev INF E2 (conf 0.34)
[18:34:25] t=1806 THREAT 0.55 -> force defend
[18:34:25] {"kind": "action", "what": "produce", "name": "E2", "qty": 1, "tid": null, "ts": "18:34:25"}
[18:34:25] t=1806 ATTACK (tanks=6)
[18:34:27] t=1809 jev BUILD NARADR HOLD (资金闸门: 坦克优先, cash=1144)
[18:34:30] t=1812 THREAT 0.57 -> force defend
[18:34:30] t=1812 ATTACK (tanks=6)
[18:34:30] t=1812 MOVE assault x1 -> 攻击目标#2394@(75,111)
[18:34:30] {"kind": "action", "what": "attack_obj", "name": null, "qty": null, "tid": 2394, "ts": "18:34:30"}
[18:34:32] t=1815 jev BUILD NARADR HOLD (资金闸门: 坦克优先, cash=740)
[18:34:32] t=1815 jev INF E2 HOLD (预算保护 gate=False e2=3)
[18:34:32] t=1815 MOVE raid x1 -> (78,78)
[18:34:32] {"kind": "action", "what": "attack_move", "name": null, "qty": null, "tid": null, "ts": "18:34:32"}
[18:34:34] t=1817 jev BUILD NARADR HOLD (资金闸门: 坦克优先, cash=595)
[18:34:34] t=1817 jev INF E2 HOLD (预算保护 gate=False e2=3)
[18:34:36] t=1820 jev BUILD NARADR HOLD (资金闸门: 坦克优先, cash=451)
[18:34:36] t=1820 jev INF E2 HOLD (预算保护 gate=False e2=3)
[18:34:36] t=1820 MOVE hold_b x2 -> (126,75)
[18:34:36] {"kind": "action", "what": "attack_move", "name": null, "qty": null, "tid": null, "ts": "18:34:36"}
[18:34:38] t=1823 jev BUILD NARADR HOLD (资金闸门: 坦克优先, cash=406)
[18:34:38] t=1823 jev INF E2 HOLD (预算保护 gate=False e2=3)
[18:34:38] t=1823 jev VEH HTK HOLD (预算保护 cash=406 aav帽=hit aav=4)
[18:34:38] t=1823 MOVE raid x2 -> (79,78); aahunt x4 -> (125,84)
[18:34:38] {"kind": "action", "what": "attack_move", "name": null, "qty": null, "tid": null, "ts": "18:34:38"}
[18:34:38] {"kind": "action", "what": "attack_move", "name": null, "qty": null, "tid": null, "ts": "18:34:38"}
[18:34:40] t=1825 jev BUILD NARADR HOLD (资金闸门: 坦克优先, cash=706)
[18:34:40] t=1825 jev INF E2 HOLD (预算保护 gate=False e2=3)
[18:34:40] t=1825 jev VEH HTK HOLD (预算保护 cash=706 aav帽=hit aav=4)
[18:34:42] t=1828 jev BUILD NARADR HOLD (资金闸门: 坦克优先, cash=706)
[18:34:42] t=1828 jev INF E2 HOLD (预算保护 gate=False e2=3)
[18:34:42] t=1828 jev VEH HTK HOLD (预算保护 cash=706 aav帽=hit aav=4)
[18:34:43] t=1830 jev BUILD NARADR HOLD (资金闸门: 坦克优先, cash=706)
[18:34:43] t=1830 jev INF E2 HOLD (预算保护 gate=False e2=3)
[18:34:43] t=1830 jev VEH HTK HOLD (预算保护 cash=706 aav帽=hit aav=4)
[18:34:43] t=1830 MOVE raid x2 -> (80,78); assault x1 -> 攻击目标#2394@(75,111)
[18:34:44] {"kind": "action", "what": "attack_move", "name": null, "qty": null, "tid": null, "ts": "18:34:44"}
[18:34:44] {"kind": "action", "what": "attack_obj", "name": null, "qty": null, "tid": 2394, "ts": "18:34:44"}
[18:34:45] t=1833 jev BUILD NARADR HOLD (资金闸门: 坦克优先, cash=706)
[18:34:45] t=1833 jev INF E2 HOLD (预算保护 gate=False e2=3)
[18:34:45] t=1833 jev VEH HTK HOLD (预算保护 cash=706 aav帽=hit aav=4)
[18:34:46] t=1836 ESCORT 坦克#4223 -> 护航矿车@[127, 105]
[18:34:46] {"kind": "action", "what": "attack_move", "name": null, "qty": null, "tid": null, "ts": "18:34:46"}
[18:34:47] t=1836 jev BUILD NARADR HOLD (资金闸门: 坦克优先, cash=706)
[18:34:47] t=1836 jev INF E2 HOLD (预算保护 gate=False e2=3)
[18:34:47] t=1836 jev VEH HTK HOLD (预算保护 cash=706 aav帽=hit aav=4)
[18:34:49] t=1838 jev INF E2 HOLD (预算保护 gate=False e2=3)
[18:34:49] t=1838 jev VEH HTK HOLD (预算保护 cash=706 aav帽=hit aav=4)
[18:34:49] t=1838 MOVE raid x2 -> (78,79)
[18:34:49] {"kind": "action", "what": "attack_move", "name": null, "qty": null, "tid": null, "ts": "18:34:49"}
[18:34:51] t=1841 jev INF E2 HOLD (预算保护 gate=False e2=3)
[18:34:51] t=1841 jev VEH HTK HOLD (预算保护 cash=706 aav帽=hit aav=4)
[18:34:51] t=1841 MOVE raid x2 -> (83,74)
[18:34:51] {"kind": "action", "what": "attack_move", "name": null, "qty": null, "tid": null, "ts": "18:34:51"}
[18:34:53] t=1843 jev INF E2 HOLD (预算保护 gate=False e2=3)
[18:34:53] t=1843 jev VEH HTK HOLD (预算保护 cash=706 aav帽=hit aav=4)
[18:34:55] t=1846 jev INF E2 HOLD (预算保护 gate=False e2=3)
[18:34:55] t=1846 jev VEH HTK HOLD (预算保护 cash=706 aav帽=hit aav=4)
[18:34:55] t=1846 tick#750 credits=706 stance=attack | jev 750 decisions p50=1721ms
[18:34:57] t=1849 jev INF E2 HOLD (预算保护 gate=False e2=3)
[18:34:57] t=1849 jev VEH HTK HOLD (预算保护 cash=706 aav帽=hit aav=4)
[18:34:57] t=1849 MOVE assault x1 -> 攻击目标#2394@(75,111)
[18:34:57] {"kind": "action", "what": "attack_obj", "name": null, "qty": null, "tid": 2394, "ts": "18:34:57"}
[18:34:59] t=1851 jev INF E2 HOLD (预算保护 gate=False e2=3)
[18:34:59] t=1851 jev VEH HTK HOLD (预算保护 cash=706 aav帽=hit aav=4)
[18:34:59] t=1851 MOVE raid x2 -> (83,75)
[18:34:59] {"kind": "action", "what": "attack_move", "name": null, "qty": null, "tid": null, "ts": "18:34:59"}
[18:35:01] t=1854 jev INF E2 HOLD (预算保护 gate=False e2=3)
[18:35:01] t=1854 jev VEH HTK HOLD (预算保护 cash=706 aav帽=hit aav=4)
[18:35:01] t=1854 MOVE raid x2 -> (83,76)
[18:35:01] {"kind": "action", "what": "attack_move", "name": null, "qty": null, "tid": null, "ts": "18:35:01"}
[18:35:03] t=1856 jev INF E2 HOLD (预算保护 gate=False e2=3)
[18:35:03] t=1856 jev VEH HTK HOLD (预算保护 cash=706 aav帽=hit aav=4)
[18:35:03] t=1859 ALARM unit lost -> 攻势保持（塔阵守家, 前线 9 个单位继续进攻）
[18:35:03] t=1859 TANK HTNK x1
[18:35:03] {"kind": "action", "what": "produce", "name": "HTNK", "qty": 1, "tid": null, "ts": "18:35:03"}
[18:35:05] t=1859 jev INF E2 (conf 0.34)
[18:35:05] t=1859 THREAT 0.56 -> force defend
[18:35:05] {"kind": "action", "what": "produce", "name": "E2", "qty": 1, "tid": null, "ts": "18:35:05"}
[18:35:05] t=1859 ATTACK (tanks=7)
[18:35:05] t=1859 MOVE raid x1 -> (80,119)
[18:35:05] {"kind": "action", "what": "attack_move", "name": null, "qty": null, "tid": null, "ts": "18:35:05"}
[18:35:07] t=1862 MOVE raid x1 -> (88,80)
[18:35:07] {"kind": "action", "what": "attack_move", "name": null, "qty": null, "tid": null, "ts": "18:35:07"}
[18:35:09] t=1864 MOVE raid x1 -> (80,119); aahunt x4 -> (125,84)
[18:35:09] {"kind": "action", "what": "attack_move", "name": null, "qty": null, "tid": null, "ts": "18:35:09"}
[18:35:09] {"kind": "action", "what": "attack_move", "name": null, "qty": null, "tid": null, "ts": "18:35:09"}
[18:35:11] t=1867 jev INF E2 HOLD (预算保护 gate=False e2=4)
[18:35:11] t=1867 THREAT 0.55 -> force defend
[18:35:11] t=1867 ATTACK (tanks=7)
[18:35:11] t=1867 MOVE raid x1 -> (87,85); assault x1 -> 攻击目标#2394@(75,111)
[18:35:11] {"kind": "action", "what": "attack_move", "name": null, "qty": null, "tid": null, "ts": "18:35:11"}
[18:35:11] {"kind": "action", "what": "attack_obj", "name": null, "qty": null, "tid": 2394, "ts": "18:35:11"}
[18:35:13] t=1870 jev BUILD NARADR HOLD (资金闸门: 坦克优先, cash=330)
[18:35:13] t=1870 jev INF E2 HOLD (预算保护 gate=False e2=4)
[18:35:13] t=1870 MOVE raid x1 -> (86,87)
[18:35:13] {"kind": "action", "what": "attack_move", "name": null, "qty": null, "tid": null, "ts": "18:35:13"}
[18:35:13] t=1872 ALARM unit lost -> 攻势保持（塔阵守家, 前线 8 个单位继续进攻）
[18:35:15] t=1872 jev BUILD NARADR HOLD (资金闸门: 坦克优先, cash=200)
[18:35:15] t=1872 jev INF E2 HOLD (预算保护 gate=False e2=4)
[18:35:17] t=1875 jev BUILD NARADR HOLD (资金闸门: 坦克优先, cash=73)
[18:35:17] t=1875 jev INF E2 HOLD (预算保护 gate=False e2=4)
[18:35:17] t=1877 ESCORT 坦克#4209 -> 护航矿车@[128, 105]
[18:35:17] {"kind": "action", "what": "attack_move", "name": null, "qty": null, "tid": null, "ts": "18:35:17"}
[18:35:19] t=1877 jev INF E2 HOLD (预算保护 gate=False e2=4)
[18:35:21] t=1880 jev INF E2 HOLD (预算保护 gate=False e2=4)
[18:35:21] t=1880 MOVE hold_a x3 -> (133,86)
[18:35:21] {"kind": "action", "what": "attack_move", "name": null, "qty": null, "tid": null, "ts": "18:35:21"}
[18:35:23] t=1883 jev INF E2 HOLD (预算保护 gate=False e2=4)
[18:35:24] t=1885 jev INF E2 HOLD (预算保护 gate=False e2=4)
[18:35:24] t=1885 MOVE assault x1 -> 攻击目标#2394@(75,111)
[18:35:24] {"kind": "action", "what": "attack_obj", "name": null, "qty": null, "tid": 2394, "ts": "18:35:24"}
[18:35:26] t=1888 jev INF E2 HOLD (预算保护 gate=False e2=4)
[18:35:28] t=1890 jev INF E2 HOLD (预算保护 gate=False e2=4)
[18:35:30] t=1893 jev INF E2 HOLD (预算保护 gate=False e2=4)
[18:35:30] t=1895 RETREAT HTNK(9%)
[18:35:30] {"kind": "action", "what": "move", "name": null, "qty": null, "tid": null, "ts": "18:35:30"}
[18:35:32] t=1895 jev INF E2 HOLD (预算保护 gate=False e2=4)
[18:35:32] t=1898 ALARM unit lost -> 攻势保持（塔阵守家, 前线 8 个单位继续进攻）
[18:35:34] t=1898 jev BUILD NARADR HOLD (资金闸门: 坦克优先, cash=0)
[18:35:34] t=1898 jev INF E2 HOLD (预算保护 gate=False e2=4)
[18:35:36] t=1900 jev BUILD NARADR HOLD (资金闸门: 坦克优先, cash=0)
[18:35:36] t=1900 jev INF E2 HOLD (预算保护 gate=False e2=4)
[18:35:36] t=1900 MOVE hold_b x2 -> (126,75)
[18:35:36] {"kind": "action", "what": "attack_move", "name": null, "qty": null, "tid": null, "ts": "18:35:36"}
[18:35:38] t=1903 jev BUILD NARADR HOLD (资金闸门: 坦克优先, cash=0)
[18:35:38] t=1903 jev INF E2 HOLD (预算保护 gate=False e2=4)
[18:35:40] t=1905 jev INF E2 HOLD (预算保护 gate=False e2=4)
[18:35:40] t=1905 MOVE aahunt x4 -> (125,84)
[18:35:40] {"kind": "action", "what": "attack_move", "name": null, "qty": null, "tid": null, "ts": "18:35:40"}
[18:35:42] t=1908 jev BUILD NARADR HOLD (资金闸门: 坦克优先, cash=0)
[18:35:42] t=1908 jev INF E2 HOLD (预算保护 gate=False e2=4)
[18:35:44] t=1911 jev BUILD NARADR HOLD (资金闸门: 坦克优先, cash=0)
[18:35:44] t=1911 jev INF E2 HOLD (预算保护 gate=False e2=4)
[18:35:44] t=1911 tick#775 credits=0 stance=attack | jev 775 decisions p50=1679ms
[18:35:45] t=1913 jev BUILD NARADR HOLD (资金闸门: 坦克优先, cash=0)
[18:35:45] t=1913 jev INF E2 HOLD (预算保护 gate=False e2=4)
[18:35:47] t=1916 jev BUILD NARADR HOLD (资金闸门: 坦克优先, cash=0)
[18:35:47] t=1916 jev INF E2 HOLD (预算保护 gate=False e2=4)
[18:35:49] t=1918 jev INF E2 HOLD (预算保护 gate=False e2=4)
[18:35:51] t=1921 jev INF E2 HOLD (预算保护 gate=False e2=4)
[18:35:53] t=1923 jev INF E2 HOLD (预算保护 gate=False e2=4)
[18:35:55] t=1926 jev INF E2 HOLD (预算保护 gate=False e2=4)
[18:35:57] t=1928 jev INF E2 HOLD (预算保护 gate=False e2=4)
[18:35:57] t=1931 ESCORT 坦克#4272 -> 护航矿车@[120, 123]
[18:35:57] {"kind": "action", "what": "attack_move", "name": null, "qty": null, "tid": null, "ts": "18:35:57"}
[18:35:59] t=1931 jev BUILD NARADR HOLD (资金闸门: 坦克优先, cash=491)
[18:35:59] t=1931 jev INF E2 HOLD (预算保护 gate=False e2=4)
[18:35:59] t=1931 jev VEH HARV HOLD (预算保护 cash=491 aav帽=ok aav=4)
[18:35:59] t=1931 MOVE assault x1 -> 攻击目标#2394@(75,111)
[18:35:59] {"kind": "action", "what": "attack_obj", "name": null, "qty": null, "tid": 2394, "ts": "18:35:59"}
[18:35:59] t=1933 HARASS DRON x2 (have 1)
[18:35:59] {"kind": "action", "what": "produce", "name": "DRON", "qty": 2, "tid": null, "ts": "18:35:59"}
[18:36:00] t=1933 jev INF E2 (conf 0.27)
[18:36:01] {"kind": "action", "what": "produce", "name": "E2", "qty": 1, "tid": null, "ts": "18:36:01"}
[18:36:06] t=1941 jev INF E2 HOLD (预算保护 gate=False e2=5)
[18:36:06] t=1941 MOVE raid x1 -> (84,106)
[18:36:06] {"kind": "action", "what": "attack_move", "name": null, "qty": null, "tid": null, "ts": "18:36:06"}
[18:36:08] t=1943 jev BUILD NARADR HOLD (资金闸门: 坦克优先, cash=210)
[18:36:08] t=1943 jev INF E2 HOLD (预算保护 gate=False e2=5)
[18:36:08] t=1943 MOVE raid x1 -> (79,80)
[18:36:08] {"kind": "action", "what": "attack_move", "name": null, "qty": null, "tid": null, "ts": "18:36:08"}
[18:36:10] t=1946 jev BUILD NARADR HOLD (资金闸门: 坦克优先, cash=65)
[18:36:10] t=1946 jev INF E2 HOLD (预算保护 gate=False e2=5)
[18:36:10] t=1946 MOVE raid x1 -> (80,83); aahunt x4 -> (125,84)
[18:36:10] {"kind": "action", "what": "attack_move", "name": null, "qty": null, "tid": null, "ts": "18:36:10"}
[18:36:10] {"kind": "action", "what": "attack_move", "name": null, "qty": null, "tid": null, "ts": "18:36:10"}
[18:36:12] t=1949 jev INF E2 HOLD (预算保护 gate=False e2=5)
[18:36:12] t=1949 MOVE raid x1 -> (80,87); assault x1 -> 攻击目标#2394@(75,111)
[18:36:12] {"kind": "action", "what": "attack_move", "name": null, "qty": null, "tid": null, "ts": "18:36:12"}
[18:36:12] {"kind": "action", "what": "attack_obj", "name": null, "qty": null, "tid": 2394, "ts": "18:36:12"}
[18:36:14] t=1951 jev INF E2 HOLD (预算保护 gate=False e2=5)
[18:36:14] t=1951 MOVE raid x1 -> (80,83)
[18:36:14] {"kind": "action", "what": "attack_move", "name": null, "qty": null, "tid": null, "ts": "18:36:14"}
[18:36:16] t=1954 jev INF E2 HOLD (预算保护 gate=False e2=5)
[18:36:16] t=1954 MOVE raid x1 -> (80,87)
[18:36:16] {"kind": "action", "what": "attack_move", "name": null, "qty": null, "tid": null, "ts": "18:36:16"}
[18:36:18] t=1957 jev INF E2 HOLD (预算保护 gate=False e2=5)
[18:36:18] t=1957 MOVE raid x1 -> (80,90)
[18:36:18] {"kind": "action", "what": "attack_move", "name": null, "qty": null, "tid": null, "ts": "18:36:18"}
[18:36:20] t=1959 jev INF E2 HOLD (预算保护 gate=False e2=5)
[18:36:20] t=1959 MOVE raid x1 -> (80,94)
[18:36:20] {"kind": "action", "what": "attack_move", "name": null, "qty": null, "tid": null, "ts": "18:36:20"}
[18:36:22] t=1962 jev INF E2 HOLD (预算保护 gate=False e2=5)
[18:36:22] t=1962 MOVE raid x1 -> (80,97); hold_a x3 -> (133,86)
[18:36:22] {"kind": "action", "what": "attack_move", "name": null, "qty": null, "tid": null, "ts": "18:36:22"}
[18:36:22] {"kind": "action", "what": "attack_move", "name": null, "qty": null, "tid": null, "ts": "18:36:22"}
[18:36:24] t=1964 jev INF E2 HOLD (预算保护 gate=False e2=5)
[18:36:24] t=1964 THREAT 0.56 -> force defend
[18:36:24] t=1964 ATTACK (tanks=7)
[18:36:24] t=1964 MOVE raid x1 -> (80,101)
[18:36:24] {"kind": "action", "what": "attack_move", "name": null, "qty": null, "tid": null, "ts": "18:36:24"}
[18:36:26] t=1967 jev INF E2 HOLD (预算保护 gate=False e2=5)
[18:36:26] t=1967 MOVE raid x1 -> (80,104); assault x1 -> 攻击目标#2394@(75,111)
[18:36:26] {"kind": "action", "what": "attack_move", "name": null, "qty": null, "tid": null, "ts": "18:36:26"}
[18:36:26] {"kind": "action", "what": "attack_obj", "name": null, "qty": null, "tid": 2394, "ts": "18:36:26"}
[18:36:28] t=1970 jev INF E2 HOLD (预算保护 gate=False e2=5)
[18:36:28] t=1970 THREAT 0.56 -> force defend
[18:36:28] t=1970 ATTACK (tanks=7)
[18:36:28] t=1970 MOVE raid x1 -> (80,108)
[18:36:28] {"kind": "action", "what": "attack_move", "name": null, "qty": null, "tid": null, "ts": "18:36:28"}
[18:36:30] t=1972 jev INF E2 HOLD (预算保护 gate=False e2=5)
[18:36:30] t=1972 MOVE raid x1 -> (80,111)
[18:36:30] {"kind": "action", "what": "attack_move", "name": null, "qty": null, "tid": null, "ts": "18:36:30"}
[18:36:30] t=1975 ALARM unit lost -> 攻势保持（塔阵守家, 前线 10 个单位继续进攻）
[18:36:32] t=1975 jev INF E2 HOLD (预算保护 gate=False e2=5)
[18:36:32] t=1975 tick#800 credits=0 stance=attack | jev 800 decisions p50=1654ms
[18:36:34] t=1978 jev INF E2 HOLD (预算保护 gate=False e2=5)
[18:36:36] t=1980 jev INF E2 HOLD (预算保护 gate=False e2=5)
[18:36:38] t=1983 jev INF E2 HOLD (预算保护 gate=False e2=5)
[18:36:38] t=1983 MOVE hold_b x3 -> (126,75)
[18:36:38] {"kind": "action", "what": "attack_move", "name": null, "qty": null, "tid": null, "ts": "18:36:38"}
[18:36:39] t=1985 jev INF E2 HOLD (预算保护 gate=False e2=5)
[18:36:39] t=1985 jev VEH HTK HOLD (预算保护 cash=426 aav帽=hit aav=4)
[18:36:39] t=1985 MOVE raid x1 -> (89,106); assault x1 -> 攻击目标#2394@(75,111)
[18:36:40] {"kind": "action", "what": "attack_move", "name": null, "qty": null, "tid": null, "ts": "18:36:40"}
[18:36:40] {"kind": "action", "what": "attack_obj", "name": null, "qty": null, "tid": 2394, "ts": "18:36:40"}
[18:36:41] t=1988 jev INF E2 HOLD (预算保护 gate=False e2=5)
[18:36:41] t=1988 jev VEH HTK HOLD (预算保护 cash=426 aav帽=hit aav=4)
[18:36:41] t=1988 MOVE aahunt x4 -> (125,84)
[18:36:41] {"kind": "action", "what": "attack_move", "name": null, "qty": null, "tid": null, "ts": "18:36:41"}
[18:36:43] t=1990 jev INF E2 HOLD (预算保护 gate=False e2=5)
[18:36:43] t=1990 jev VEH HTK HOLD (预算保护 cash=426 aav帽=hit aav=4)
[18:36:44] t=1993 ESCORT 坦克#4272 -> 护航矿车@[90, 108]
[18:36:44] {"kind": "action", "what": "attack_move", "name": null, "qty": null, "tid": null, "ts": "18:36:44"}
[18:36:45] t=1993 jev INF E2 HOLD (预算保护 gate=False e2=5)
[18:36:45] t=1993 jev VEH HTK HOLD (预算保护 cash=426 aav帽=hit aav=4)
[18:36:47] t=1995 jev BUILD NARADR HOLD (资金闸门: 坦克优先, cash=426)
[18:36:47] t=1995 jev INF E2 HOLD (预算保护 gate=False e2=5)
[18:36:47] t=1995 jev VEH DRON HOLD (预算保护 cash=426 aav帽=ok aav=4)
[18:36:47] t=1995 MOVE raid x1 -> (79,118)
[18:36:47] {"kind": "action", "what": "attack_move", "name": null, "qty": null, "tid": null, "ts": "18:36:47"}
[18:36:49] t=1998 jev BUILD NARADR HOLD (资金闸门: 坦克优先, cash=426)
[18:36:49] t=1998 jev INF E2 HOLD (预算保护 gate=False e2=5)
[18:36:49] t=1998 jev VEH DRON HOLD (预算保护 cash=426 aav帽=ok aav=4)
[18:36:49] t=1998 MOVE raid x1 -> (79,115)
[18:36:49] {"kind": "action", "what": "attack_move", "name": null, "qty": null, "tid": null, "ts": "18:36:49"}
[18:36:51] t=2001 jev BUILD NARADR HOLD (资金闸门: 坦克优先, cash=426)
[18:36:51] t=2001 jev INF E2 HOLD (预算保护 gate=False e2=5)
[18:36:51] t=2001 jev VEH DRON HOLD (预算保护 cash=426 aav帽=ok aav=4)
[18:36:51] t=2001 MOVE raid x1 -> (79,111)
[18:36:51] {"kind": "action", "what": "attack_move", "name": null, "qty": null, "tid": null, "ts": "18:36:51"}
[18:36:51] t=2003 RETREAT HTNK(30%)
[18:36:52] {"kind": "action", "what": "move", "name": null, "qty": null, "tid": null, "ts": "18:36:52"}
[18:36:53] t=2003 jev BUILD NARADR HOLD (资金闸门: 坦克优先, cash=426)
[18:36:53] t=2003 jev INF E2 HOLD (预算保护 gate=False e2=5)
[18:36:53] t=2003 jev VEH DRON HOLD (预算保护 cash=426 aav帽=ok aav=4)
[18:36:53] t=2003 MOVE raid x1 -> (79,108); assault x1 -> 攻击目标#2394@(75,111)
[18:36:53] {"kind": "action", "what": "attack_move", "name": null, "qty": null, "tid": null, "ts": "18:36:53"}
[18:36:53] {"kind": "action", "what": "attack_obj", "name": null, "qty": null, "tid": 2394, "ts": "18:36:53"}
[18:36:54] t=2006 ALARM unit lost -> 攻势保持（塔阵守家, 前线 10 个单位继续进攻）
[18:36:55] t=2006 jev BUILD NARADR HOLD (资金闸门: 坦克优先, cash=426)
[18:36:55] t=2006 jev INF E2 HOLD (预算保护 gate=False e2=5)
[18:36:55] t=2006 jev VEH DRON HOLD (预算保护 cash=426 aav帽=ok aav=4)
[18:36:55] t=2006 MOVE raid x1 -> (79,104)
[18:36:55] {"kind": "action", "what": "attack_move", "name": null, "qty": null, "tid": null, "ts": "18:36:55"}
[18:36:57] t=2009 jev INF E2 HOLD (预算保护 gate=False e2=5)
[18:36:57] t=2009 jev VEH DRON HOLD (预算保护 cash=426 aav帽=ok aav=4)
[18:36:57] t=2009 MOVE raid x1 -> (80,101)
[18:36:57] {"kind": "action", "what": "attack_move", "name": null, "qty": null, "tid": null, "ts": "18:36:57"}
[18:36:59] t=2011 jev INF E2 HOLD (预算保护 gate=False e2=5)
[18:36:59] t=2011 jev VEH DRON HOLD (预算保护 cash=426 aav帽=ok aav=4)
[18:36:59] t=2011 THREAT 0.58 -> force defend
[18:36:59] t=2011 ATTACK (tanks=6)
[18:36:59] t=2011 MOVE raid x1 -> (80,98)
[18:36:59] {"kind": "action", "what": "attack_move", "name": null, "qty": null, "tid": null, "ts": "18:36:59"}
[18:37:01] t=2014 jev INF E2 HOLD (预算保护 gate=False e2=5)
[18:37:01] t=2014 jev VEH DRON HOLD (预算保护 cash=426 aav帽=ok aav=4)
[18:37:01] t=2014 THREAT 0.58 -> force defend
[18:37:01] t=2014 ATTACK (tanks=6)
[18:37:01] t=2014 MOVE raid x1 -> (80,94)
[18:37:01] {"kind": "action", "what": "attack_move", "name": null, "qty": null, "tid": null, "ts": "18:37:01"}
[18:37:03] t=2017 jev BUILD NARADR HOLD (资金闸门: 坦克优先, cash=426)
[18:37:03] t=2017 jev INF E2 HOLD (预算保护 gate=False e2=5)
[18:37:03] t=2017 jev VEH DRON HOLD (预算保护 cash=426 aav帽=ok aav=4)
[18:37:03] t=2017 THREAT 0.57 -> force defend
[18:37:03] t=2017 ATTACK (tanks=6)
[18:37:03] t=2017 MOVE raid x1 -> (80,91)
[18:37:03] {"kind": "action", "what": "attack_move", "name": null, "qty": null, "tid": null, "ts": "18:37:03"}
[18:37:03] t=2019 ALARM unit lost -> 攻势保持（塔阵守家, 前线 9 个单位继续进攻）
[18:37:05] t=2019 jev INF E2 HOLD (预算保护 gate=False e2=5)
[18:37:05] t=2019 jev VEH DRON HOLD (预算保护 cash=426 aav帽=ok aav=4)
[18:37:07] t=2022 jev INF E2 HOLD (预算保护 gate=False e2=5)
[18:37:07] t=2022 jev VEH HTNK HOLD (预算保护 cash=426 aav帽=ok aav=4)
[18:37:07] t=2025 ALARM unit lost -> 攻势保持（塔阵守家, 前线 9 个单位继续进攻）
[18:37:09] t=2025 jev INF E2 HOLD (预算保护 gate=False e2=5)
[18:37:09] t=2025 jev VEH HTK HOLD (预算保护 cash=426 aav帽=hit aav=4)
[18:37:11] t=2027 jev INF E2 HOLD (预算保护 gate=False e2=5)
[18:37:11] t=2027 jev VEH HTK HOLD (预算保护 cash=426 aav帽=hit aav=4)
[18:37:13] t=2030 jev INF E2 HOLD (预算保护 gate=False e2=5)
[18:37:13] t=2030 jev VEH HTK HOLD (预算保护 cash=426 aav帽=hit aav=4)
[18:37:13] t=2030 MOVE aahunt x4 -> (125,84)
[18:37:13] {"kind": "action", "what": "attack_move", "name": null, "qty": null, "tid": null, "ts": "18:37:13"}
[18:37:15] t=2032 jev INF E2 HOLD (预算保护 gate=False e2=5)
[18:37:15] t=2032 jev VEH DRON HOLD (预算保护 cash=426 aav帽=ok aav=4)
[18:37:15] t=2035 HARASS DRON x2 (have 1)
[18:37:15] {"kind": "action", "what": "produce", "name": "DRON", "qty": 2, "tid": null, "ts": "18:37:15"}
[18:37:17] t=2035 jev INF E2 (conf 0.34)
[18:37:17] {"kind": "action", "what": "produce", "name": "E2", "qty": 1, "tid": null, "ts": "18:37:17"}
[18:37:21] t=2040 tick#825 credits=442 stance=attack | jev 825 decisions p50=1651ms
[18:37:21] t=2043 ESCORT 坦克#4371 -> 护航矿车@[116, 135]
[18:37:21] {"kind": "action", "what": "attack_move", "name": null, "qty": null, "tid": null, "ts": "18:37:21"}
[18:37:23] t=2043 jev INF E2 HOLD (预算保护 gate=False e2=6)
[18:37:23] t=2043 MOVE raid x1 -> (88,127); hold_a x4 -> (133,86)
[18:37:23] {"kind": "action", "what": "attack_move", "name": null, "qty": null, "tid": null, "ts": "18:37:23"}
[18:37:23] {"kind": "action", "what": "attack_move", "name": null, "qty": null, "tid": null, "ts": "18:37:23"}
[18:37:25] t=2045 jev BUILD NARADR HOLD (资金闸门: 坦克优先, cash=130)
[18:37:25] t=2045 jev INF E2 HOLD (预算保护 gate=False e2=6)
[18:37:25] t=2045 MOVE raid x1 -> (89,126)
[18:37:25] {"kind": "action", "what": "attack_move", "name": null, "qty": null, "tid": null, "ts": "18:37:25"}
[18:37:27] t=2048 jev INF E2 HOLD (预算保护 gate=False e2=6)
[18:37:29] t=2051 jev INF E2 HOLD (预算保护 gate=False e2=6)
[18:37:31] t=2053 jev INF E2 HOLD (预算保护 gate=False e2=6)
[18:37:33] t=2056 jev INF E2 HOLD (预算保护 gate=False e2=6)
[18:37:33] t=2056 jev VEH HTK HOLD (预算保护 cash=286 aav帽=hit aav=4)
[18:37:34] t=2058 jev BUILD NARADR HOLD (资金闸门: 坦克优先, cash=286)
[18:37:34] t=2058 jev INF E2 HOLD (预算保护 gate=False e2=6)
[18:37:34] t=2058 jev VEH HTK HOLD (预算保护 cash=286 aav帽=hit aav=4)
[18:37:36] t=2061 jev INF E2 HOLD (预算保护 gate=False e2=6)
[18:37:36] t=2061 jev VEH HTK HOLD (预算保护 cash=286 aav帽=hit aav=4)
[18:37:38] t=2064 jev INF E2 HOLD (预算保护 gate=False e2=6)
[18:37:38] t=2064 jev VEH HTK HOLD (预算保护 cash=286 aav帽=hit aav=4)
[18:37:38] t=2064 MOVE hold_b x3 -> (126,75)
[18:37:38] {"kind": "action", "what": "attack_move", "name": null, "qty": null, "tid": null, "ts": "18:37:38"}
[18:37:40] t=2066 jev BUILD NARADR HOLD (资金闸门: 坦克优先, cash=286)
[18:37:40] t=2066 jev INF E2 HOLD (预算保护 gate=False e2=6)
[18:37:40] t=2066 jev VEH HTK HOLD (预算保护 cash=286 aav帽=hit aav=4)
[18:37:40] t=2066 MOVE raid x2 -> (90,124)
[18:37:40] {"kind": "action", "what": "attack_move", "name": null, "qty": null, "tid": null, "ts": "18:37:40"}
[18:37:42] t=2069 jev INF E2 HOLD (预算保护 gate=False e2=6)
[18:37:42] t=2069 jev VEH HTK HOLD (预算保护 cash=286 aav帽=hit aav=4)
[18:37:42] t=2069 MOVE raid x2 -> (88,124)
[18:37:42] {"kind": "action", "what": "attack_move", "name": null, "qty": null, "tid": null, "ts": "18:37:42"}
[18:37:44] t=2071 jev INF E2 HOLD (预算保护 gate=False e2=6)
[18:37:44] t=2071 jev VEH HTK HOLD (预算保护 cash=286 aav帽=hit aav=4)
[18:37:44] t=2071 MOVE raid x2 -> (87,124); aahunt x4 -> (125,84)
[18:37:44] {"kind": "action", "what": "attack_move", "name": null, "qty": null, "tid": null, "ts": "18:37:44"}
[18:37:44] {"kind": "action", "what": "attack_move", "name": null, "qty": null, "tid": null, "ts": "18:37:44"}
[18:37:46] t=2074 jev INF E2 HOLD (预算保护 gate=False e2=6)
[18:37:46] t=2074 jev VEH DRON HOLD (预算保护 cash=286 aav帽=ok aav=4)
[18:37:46] t=2074 MOVE raid x2 -> (78,79)
[18:37:46] {"kind": "action", "what": "attack_move", "name": null, "qty": null, "tid": null, "ts": "18:37:46"}
[18:37:47] t=2077 ALARM unit lost -> 攻势保持（塔阵守家, 前线 11 个单位继续进攻）
[18:37:48] t=2077 jev BUILD NARADR HOLD (资金闸门: 坦克优先, cash=286)
[18:37:48] t=2077 jev INF E2 HOLD (预算保护 gate=False e2=6)
[18:37:48] t=2077 jev VEH DRON HOLD (预算保护 cash=286 aav帽=ok aav=4)
[18:37:48] t=2077 MOVE raid x1 -> (80,81)
[18:37:48] {"kind": "action", "what": "attack_move", "name": null, "qty": null, "tid": null, "ts": "18:37:48"}
[18:37:50] t=2079 jev BUILD NARADR HOLD (资金闸门: 坦克优先, cash=286)
[18:37:50] t=2079 jev INF E2 HOLD (预算保护 gate=False e2=6)
[18:37:50] t=2079 jev VEH DRON HOLD (预算保护 cash=286 aav帽=ok aav=4)
[18:37:50] t=2079 MOVE raid x1 -> (80,82)
[18:37:50] {"kind": "action", "what": "attack_move", "name": null, "qty": null, "tid": null, "ts": "18:37:50"}
[18:37:52] t=2082 jev INF E2 HOLD (预算保护 gate=False e2=6)
[18:37:52] t=2082 jev VEH DRON HOLD (预算保护 cash=286 aav帽=ok aav=4)
[18:37:52] t=2082 MOVE raid x1 -> (80,85)
[18:37:52] {"kind": "action", "what": "attack_move", "name": null, "qty": null, "tid": null, "ts": "18:37:52"}
[18:37:52] t=2085 ESCORT 坦克#4377 -> 护航矿车@[117, 135]
[18:37:52] {"kind": "action", "what": "attack_move", "name": null, "qty": null, "tid": null, "ts": "18:37:52"}
[18:37:54] t=2085 jev BUILD NARADR HOLD (资金闸门: 坦克优先, cash=286)
[18:37:54] t=2085 jev INF E2 HOLD (预算保护 gate=False e2=6)
[18:37:54] t=2085 jev VEH DRON HOLD (预算保护 cash=286 aav帽=ok aav=4)
[18:37:54] t=2085 MOVE raid x1 -> (80,89)
[18:37:54] {"kind": "action", "what": "attack_move", "name": null, "qty": null, "tid": null, "ts": "18:37:54"}
[18:37:56] t=2087 jev BUILD NARADR HOLD (资金闸门: 坦克优先, cash=286)
[18:37:56] t=2087 jev INF E2 HOLD (预算保护 gate=False e2=6)
[18:37:56] t=2087 jev VEH DRON HOLD (预算保护 cash=286 aav帽=ok aav=4)
[18:37:56] t=2087 MOVE raid x1 -> (80,92)
[18:37:56] {"kind": "action", "what": "attack_move", "name": null, "qty": null, "tid": null, "ts": "18:37:56"}
[18:37:58] t=2090 jev BUILD NARADR HOLD (资金闸门: 坦克优先, cash=286)
[18:37:58] t=2090 jev INF E2 HOLD (预算保护 gate=False e2=6)
[18:37:58] t=2090 jev VEH DRON HOLD (预算保护 cash=286 aav帽=ok aav=4)
[18:37:58] t=2090 MOVE raid x1 -> (80,96)
[18:37:58] {"kind": "action", "what": "attack_move", "name": null, "qty": null, "tid": null, "ts": "18:37:58"}
[18:38:00] t=2093 jev BUILD NARADR HOLD (资金闸门: 坦克优先, cash=286)
[18:38:00] t=2093 jev INF E2 HOLD (预算保护 gate=False e2=6)
[18:38:00] t=2093 jev VEH DRON HOLD (预算保护 cash=286 aav帽=ok aav=4)
[18:38:00] t=2093 MOVE raid x1 -> (80,100)
[18:38:00] {"kind": "action", "what": "attack_move", "name": null, "qty": null, "tid": null, "ts": "18:38:00"}
[18:38:02] t=2095 jev BUILD NARADR HOLD (资金闸门: 坦克优先, cash=286)
[18:38:02] t=2095 jev INF E2 HOLD (预算保护 gate=False e2=6)
[18:38:02] t=2095 jev VEH DRON HOLD (预算保护 cash=286 aav帽=ok aav=4)
[18:38:02] t=2095 MOVE raid x1 -> (80,103)
[18:38:02] {"kind": "action", "what": "attack_move", "name": null, "qty": null, "tid": null, "ts": "18:38:02"}
[18:38:02] t=2098 RETREAT E2(3%)
[18:38:02] {"kind": "action", "what": "move", "name": null, "qty": null, "tid": null, "ts": "18:38:02"}
[18:38:04] t=2098 jev BUILD NARADR HOLD (资金闸门: 坦克优先, cash=286)
[18:38:04] t=2098 jev INF E2 HOLD (预算保护 gate=False e2=6)
[18:38:04] t=2098 jev VEH DRON HOLD (预算保护 cash=286 aav帽=ok aav=4)
[18:38:04] t=2098 MOVE raid x1 -> (80,107)
[18:38:04] {"kind": "action", "what": "attack_move", "name": null, "qty": null, "tid": null, "ts": "18:38:04"}
[18:38:06] t=2101 jev BUILD NARADR HOLD (资金闸门: 坦克优先, cash=286)
[18:38:06] t=2101 jev INF E2 HOLD (预算保护 gate=False e2=6)
[18:38:06] t=2101 jev VEH DRON HOLD (预算保护 cash=286 aav帽=ok aav=4)
[18:38:06] t=2101 MOVE raid x1 -> (80,110)
[18:38:06] {"kind": "action", "what": "attack_move", "name": null, "qty": null, "tid": null, "ts": "18:38:06"}
[18:38:06] t=2103 ALARM unit lost -> 攻势保持（塔阵守家, 前线 10 个单位继续进攻）
[18:38:08] t=2103 jev BUILD NARADR HOLD (资金闸门: 坦克优先, cash=286)
[18:38:08] t=2103 jev INF E2 HOLD (预算保护 gate=False e2=6)
[18:38:08] t=2103 jev VEH DRON HOLD (预算保护 cash=286 aav帽=ok aav=4)
[18:38:10] t=2106 jev BUILD NARADR HOLD (资金闸门: 坦克优先, cash=286)
[18:38:10] t=2106 jev INF E2 HOLD (预算保护 gate=False e2=6)
[18:38:10] t=2106 jev VEH DRON HOLD (预算保护 cash=286 aav帽=ok aav=4)
[18:38:10] t=2106 tick#850 credits=286 stance=attack | jev 850 decisions p50=1649ms
[18:38:12] t=2108 jev BUILD NARADR HOLD (资金闸门: 坦克优先, cash=286)
[18:38:12] t=2108 jev INF E2 HOLD (预算保护 gate=False e2=6)
[18:38:12] t=2108 jev VEH DRON HOLD (预算保护 cash=286 aav帽=ok aav=4)
[18:38:12] t=2108 THREAT 0.59 -> force defend
[18:38:14] t=2111 jev BUILD NARADR HOLD (资金闸门: 坦克优先, cash=286)
[18:38:14] t=2111 jev INF E2 HOLD (预算保护 gate=False e2=6)
[18:38:14] t=2111 jev VEH HTK HOLD (预算保护 cash=286 aav帽=hit aav=4)
[18:38:16] t=2114 jev BUILD NARADR HOLD (资金闸门: 坦克优先, cash=286)
[18:38:16] t=2114 jev INF E2 HOLD (预算保护 gate=False e2=6)
[18:38:16] t=2114 jev VEH HTK HOLD (预算保护 cash=286 aav帽=hit aav=4)
[18:38:16] t=2114 MOVE aahunt x4 -> (125,84)
[18:38:16] {"kind": "action", "what": "attack_move", "name": null, "qty": null, "tid": null, "ts": "18:38:16"}
[18:38:18] t=2116 jev BUILD NARADR HOLD (资金闸门: 坦克优先, cash=286)
[18:38:18] t=2116 jev INF E2 HOLD (预算保护 gate=False e2=6)
[18:38:18] t=2116 jev VEH HTK HOLD (预算保护 cash=286 aav帽=hit aav=4)
[18:38:20] t=2119 jev BUILD NARADR HOLD (资金闸门: 坦克优先, cash=286)
[18:38:20] t=2119 jev INF E2 HOLD (预算保护 gate=False e2=6)
[18:38:20] t=2119 jev VEH HTK HOLD (预算保护 cash=286 aav帽=hit aav=4)
[18:38:22] t=2121 jev BUILD NARADR HOLD (资金闸门: 坦克优先, cash=286)
[18:38:22] t=2121 jev INF E2 HOLD (预算保护 gate=False e2=6)
[18:38:22] t=2121 jev VEH HTK HOLD (预算保护 cash=286 aav帽=hit aav=4)
[18:38:24] t=2124 jev BUILD NARADR HOLD (资金闸门: 坦克优先, cash=286)
[18:38:24] t=2124 jev INF E2 HOLD (预算保护 gate=False e2=6)
[18:38:24] t=2124 jev VEH HTK HOLD (预算保护 cash=286 aav帽=hit aav=4)
[18:38:24] t=2124 MOVE hold_a x4 -> (133,86)
[18:38:24] {"kind": "action", "what": "attack_move", "name": null, "qty": null, "tid": null, "ts": "18:38:24"}
[18:38:25] t=2126 jev BUILD NARADR HOLD (资金闸门: 坦克优先, cash=286)
[18:38:25] t=2126 jev INF E2 HOLD (预算保护 gate=False e2=6)
[18:38:25] t=2126 jev VEH DRON HOLD (预算保护 cash=286 aav帽=ok aav=4)
[18:38:27] t=2129 jev BUILD NARADR HOLD (资金闸门: 坦克优先, cash=286)
[18:38:27] t=2129 jev INF E2 HOLD (预算保护 gate=False e2=6)
[18:38:27] t=2129 jev VEH HTK HOLD (预算保护 cash=286 aav帽=hit aav=4)
[18:38:29] t=2132 jev BUILD NARADR HOLD (资金闸门: 坦克优先, cash=286)
[18:38:29] t=2132 jev INF E2 HOLD (预算保护 gate=False e2=6)
[18:38:29] t=2132 jev VEH HTK HOLD (预算保护 cash=286 aav帽=hit aav=4)
[18:38:31] t=2134 jev BUILD NARADR HOLD (资金闸门: 坦克优先, cash=586)
[18:38:31] t=2134 jev INF E2 HOLD (预算保护 gate=False e2=6)
[18:38:31] t=2134 jev VEH HTK HOLD (预算保护 cash=586 aav帽=hit aav=4)
[18:38:33] t=2137 jev BUILD NARADR HOLD (资金闸门: 坦克优先, cash=586)
[18:38:33] t=2137 jev INF E2 HOLD (预算保护 gate=False e2=6)
[18:38:33] t=2137 jev VEH HTK HOLD (预算保护 cash=586 aav帽=hit aav=4)
[18:38:35] t=2139 jev BUILD NARADR HOLD (资金闸门: 坦克优先, cash=586)
[18:38:35] t=2139 jev INF E2 HOLD (预算保护 gate=False e2=6)
[18:38:35] t=2139 jev VEH HTK HOLD (预算保护 cash=586 aav帽=hit aav=4)
[18:38:37] t=2142 jev BUILD NARADR HOLD (资金闸门: 坦克优先, cash=586)
[18:38:37] t=2142 jev INF E2 HOLD (预算保护 gate=False e2=6)
[18:38:37] t=2142 jev VEH HTK HOLD (预算保护 cash=586 aav帽=hit aav=4)
[18:38:39] t=2145 jev BUILD NARADR HOLD (资金闸门: 坦克优先, cash=586)
[18:38:39] t=2145 jev INF E2 HOLD (预算保护 gate=False e2=6)
[18:38:39] t=2145 jev VEH HTK HOLD (预算保护 cash=586 aav帽=hit aav=4)
[18:38:39] t=2145 MOVE hold_b x3 -> (126,75)
[18:38:39] {"kind": "action", "what": "attack_move", "name": null, "qty": null, "tid": null, "ts": "18:38:39"}
[18:38:41] t=2147 jev BUILD NARADR HOLD (资金闸门: 坦克优先, cash=586)
[18:38:41] t=2147 jev INF E2 HOLD (预算保护 gate=False e2=6)
[18:38:41] t=2147 jev VEH HTK HOLD (预算保护 cash=586 aav帽=hit aav=4)
[18:38:43] t=2150 jev BUILD NARADR HOLD (资金闸门: 坦克优先, cash=586)
[18:38:43] t=2150 jev INF E2 HOLD (预算保护 gate=False e2=6)
[18:38:43] t=2150 jev VEH DRON HOLD (预算保护 cash=586 aav帽=ok aav=4)
[18:38:45] t=2152 jev BUILD NARADR HOLD (资金闸门: 坦克优先, cash=586)
[18:38:45] t=2152 jev INF E2 HOLD (预算保护 gate=False e2=6)
[18:38:45] t=2152 jev VEH DRON HOLD (预算保护 cash=586 aav帽=ok aav=4)
[18:38:47] t=2155 jev BUILD NARADR HOLD (资金闸门: 坦克优先, cash=586)
[18:38:47] t=2155 jev INF E2 HOLD (预算保护 gate=False e2=6)
[18:38:47] t=2155 jev VEH DRON HOLD (预算保护 cash=586 aav帽=ok aav=4)
[18:38:47] t=2155 MOVE aahunt x4 -> (125,84)
[18:38:47] {"kind": "action", "what": "attack_move", "name": null, "qty": null, "tid": null, "ts": "18:38:47"}
[18:38:49] t=2157 jev BUILD NARADR HOLD (资金闸门: 坦克优先, cash=586)
[18:38:49] t=2157 jev INF E2 HOLD (预算保护 gate=False e2=6)
[18:38:49] t=2157 jev VEH DRON HOLD (预算保护 cash=586 aav帽=ok aav=4)
[18:38:51] t=2160 jev BUILD NARADR HOLD (资金闸门: 坦克优先, cash=586)
[18:38:51] t=2160 jev INF E2 HOLD (预算保护 gate=False e2=6)
[18:38:51] t=2160 jev VEH DRON HOLD (预算保护 cash=586 aav帽=ok aav=4)
[18:38:53] t=2163 jev BUILD NARADR HOLD (资金闸门: 坦克优先, cash=586)
[18:38:53] t=2163 jev INF E2 HOLD (预算保护 gate=False e2=6)
[18:38:53] t=2163 jev VEH DRON HOLD (预算保护 cash=586 aav帽=ok aav=4)
[18:38:54] t=2165 jev BUILD NARADR HOLD (资金闸门: 坦克优先, cash=586)
[18:38:54] t=2165 jev INF E2 HOLD (预算保护 gate=False e2=6)
[18:38:54] t=2165 jev VEH DRON HOLD (预算保护 cash=586 aav帽=ok aav=4)
[18:38:56] t=2168 jev BUILD NARADR HOLD (资金闸门: 坦克优先, cash=586)
[18:38:56] t=2168 jev INF E2 HOLD (预算保护 gate=False e2=6)
[18:38:56] t=2168 jev VEH DRON HOLD (预算保护 cash=586 aav帽=ok aav=4)
[18:38:58] t=2170 jev BUILD NARADR HOLD (资金闸门: 坦克优先, cash=586)
[18:38:58] t=2170 jev INF E2 HOLD (预算保护 gate=False e2=6)
[18:38:58] t=2170 jev VEH HTK HOLD (预算保护 cash=586 aav帽=hit aav=4)
[18:38:58] t=2170 tick#875 credits=586 stance=defend | jev 875 decisions p50=1648ms
[18:39:00] t=2173 jev INF E2 HOLD (预算保护 gate=False e2=6)
[18:39:00] t=2173 jev VEH HTK HOLD (预算保护 cash=586 aav帽=hit aav=4)
[18:39:02] t=2176 jev INF E2 HOLD (预算保护 gate=False e2=6)
[18:39:02] t=2176 jev VEH HTK HOLD (预算保护 cash=586 aav帽=hit aav=4)
[18:39:04] t=2178 jev BUILD NARADR HOLD (资金闸门: 坦克优先, cash=586)
[18:39:04] t=2178 jev INF E2 HOLD (预算保护 gate=False e2=6)
[18:39:04] t=2178 jev VEH HTK HOLD (预算保护 cash=586 aav帽=hit aav=4)
[18:39:06] t=2181 jev INF E2 HOLD (预算保护 gate=False e2=6)
[18:39:06] t=2181 jev VEH HTK HOLD (预算保护 cash=586 aav帽=hit aav=4)
[18:39:08] t=2184 jev INF E2 HOLD (预算保护 gate=False e2=6)
[18:39:08] t=2184 jev VEH HTK HOLD (预算保护 cash=586 aav帽=hit aav=4)
[18:39:10] t=2186 jev BUILD NARADR HOLD (资金闸门: 坦克优先, cash=586)
[18:39:10] t=2186 jev INF E2 HOLD (预算保护 gate=False e2=6)
[18:39:10] t=2186 jev VEH DRON HOLD (预算保护 cash=586 aav帽=ok aav=4)
[18:39:11] t=2189 HARASS DRON x2 (have 1)
[18:39:11] {"kind": "action", "what": "produce", "name": "DRON", "qty": 2, "tid": null, "ts": "18:39:11"}
[18:39:12] t=2189 jev BUILD NARADR HOLD (资金闸门: 坦克优先, cash=1036)
[18:39:12] t=2189 jev INF E2 (conf 0.33)
[18:39:12] {"kind": "action", "what": "produce", "name": "E2", "qty": 1, "tid": null, "ts": "18:39:12"}
[18:39:16] t=2194 jev BUILD NARADR HOLD (资金闸门: 坦克优先, cash=675)
[18:39:18] t=2197 jev BUILD NARADR HOLD (资金闸门: 坦克优先, cash=517)
[18:39:18] t=2197 jev INF E2 HOLD (预算保护 gate=False e2=7)
[18:39:18] t=2197 ATTACK (tanks=6)
[18:39:18] t=2197 MOVE raid x1 -> (86,127); aahunt x4 -> (125,84)
[18:39:18] {"kind": "action", "what": "attack_move", "name": null, "qty": null, "tid": null, "ts": "18:39:18"}
[18:39:18] {"kind": "action", "what": "attack_move", "name": null, "qty": null, "tid": null, "ts": "18:39:18"}
[18:39:20] t=2199 jev BUILD NARADR HOLD (资金闸门: 坦克优先, cash=369)
[18:39:20] t=2199 jev INF E2 HOLD (预算保护 gate=False e2=7)
[18:39:20] t=2199 MOVE raid x1 -> (88,127)
[18:39:20] {"kind": "action", "what": "attack_move", "name": null, "qty": null, "tid": null, "ts": "18:39:20"}
[18:39:22] t=2202 jev BUILD NARADR HOLD (资金闸门: 坦克优先, cash=221)
[18:39:22] t=2202 jev INF E2 HOLD (预算保护 gate=False e2=7)
[18:39:22] t=2202 MOVE raid x1 -> (89,126)
[18:39:22] {"kind": "action", "what": "attack_move", "name": null, "qty": null, "tid": null, "ts": "18:39:22"}
[18:39:24] t=2205 jev BUILD NARADR HOLD (资金闸门: 坦克优先, cash=146)
[18:39:24] t=2205 jev INF E2 HOLD (预算保护 gate=False e2=7)
[18:39:24] t=2205 jev VEH DRON HOLD (预算保护 cash=146 aav帽=ok aav=4)
[18:39:24] t=2205 MOVE hold_a x4 -> (133,86)
[18:39:24] {"kind": "action", "what": "attack_move", "name": null, "qty": null, "tid": null, "ts": "18:39:24"}
[18:39:26] t=2207 jev BUILD NARADR HOLD (资金闸门: 坦克优先, cash=146)
[18:39:26] t=2207 jev INF E2 HOLD (预算保护 gate=False e2=7)
[18:39:26] t=2207 jev VEH DRON HOLD (预算保护 cash=146 aav帽=ok aav=4)
[18:39:28] t=2210 jev BUILD NARADR HOLD (资金闸门: 坦克优先, cash=146)
[18:39:28] t=2210 jev INF E2 HOLD (预算保护 gate=False e2=7)
[18:39:28] t=2210 jev VEH DRON HOLD (预算保护 cash=146 aav帽=ok aav=4)
[18:39:28] t=2210 MOVE raid x2 -> (78,79)
[18:39:28] {"kind": "action", "what": "attack_move", "name": null, "qty": null, "tid": null, "ts": "18:39:28"}
[18:39:30] t=2212 jev BUILD NARADR HOLD (资金闸门: 坦克优先, cash=146)
[18:39:30] t=2212 jev INF E2 HOLD (预算保护 gate=False e2=7)
[18:39:30] t=2212 jev VEH DRON HOLD (预算保护 cash=146 aav帽=ok aav=4)
[18:39:30] t=2212 MOVE raid x2 -> (80,82)
[18:39:30] {"kind": "action", "what": "attack_move", "name": null, "qty": null, "tid": null, "ts": "18:39:30"}
[18:39:32] t=2215 jev BUILD NARADR HOLD (资金闸门: 坦克优先, cash=146)
[18:39:32] t=2215 jev INF E2 HOLD (预算保护 gate=False e2=7)
[18:39:32] t=2215 jev VEH DRON HOLD (预算保护 cash=146 aav帽=ok aav=4)
[18:39:32] t=2215 MOVE raid x2 -> (80,85)
[18:39:32] {"kind": "action", "what": "attack_move", "name": null, "qty": null, "tid": null, "ts": "18:39:32"}
[18:39:32] t=2218 TANK HTNK x1
[18:39:32] {"kind": "action", "what": "produce", "name": "HTNK", "qty": 1, "tid": null, "ts": "18:39:32"}
[18:39:34] t=2218 jev INF E2 (conf 0.33)
[18:39:34] t=2218 MOVE raid x2 -> (80,84)
[18:39:34] {"kind": "action", "what": "attack_move", "name": null, "qty": null, "tid": null, "ts": "18:39:34"}
[18:39:36] t=2220 jev INF E2 HOLD (预算保护 gate=False e2=7)
[18:39:36] t=2220 MOVE raid x2 -> (80,87)
[18:39:36] {"kind": "action", "what": "attack_move", "name": null, "qty": null, "tid": null, "ts": "18:39:36"}
[18:39:36] t=2223 ESCORT 坦克#4421 -> 护航矿车@[126, 104]
[18:39:36] {"kind": "action", "what": "attack_move", "name": null, "qty": null, "tid": null, "ts": "18:39:36"}
[18:39:38] t=2223 jev BUILD NARADR HOLD (资金闸门: 坦克优先, cash=633)
[18:39:38] t=2223 jev INF E2 HOLD (预算保护 gate=False e2=7)
[18:39:38] t=2223 MOVE raid x2 -> (80,91)
[18:39:38] {"kind": "action", "what": "attack_move", "name": null, "qty": null, "tid": null, "ts": "18:39:38"}
[18:39:40] t=2226 jev BUILD NARADR HOLD (资金闸门: 坦克优先, cash=500)
[18:39:40] t=2226 jev INF E2 HOLD (预算保护 gate=False e2=7)
[18:39:40] t=2226 MOVE raid x2 -> (80,95); hold_b x4 -> (126,75)
[18:39:40] {"kind": "action", "what": "attack_move", "name": null, "qty": null, "tid": null, "ts": "18:39:40"}
[18:39:40] {"kind": "action", "what": "attack_move", "name": null, "qty": null, "tid": null, "ts": "18:39:40"}
[18:39:42] t=2228 jev BUILD NARADR HOLD (资金闸门: 坦克优先, cash=366)
[18:39:42] t=2228 jev INF E2 HOLD (预算保护 gate=False e2=7)
[18:39:42] t=2228 MOVE raid x2 -> (80,98)
[18:39:42] {"kind": "action", "what": "attack_move", "name": null, "qty": null, "tid": null, "ts": "18:39:42"}
[18:39:44] t=2231 jev BUILD NARADR HOLD (资金闸门: 坦克优先, cash=533)
[18:39:44] t=2231 jev INF E2 HOLD (预算保护 gate=False e2=7)
[18:39:44] t=2231 MOVE raid x2 -> (80,102)
[18:39:44] {"kind": "action", "what": "attack_move", "name": null, "qty": null, "tid": null, "ts": "18:39:44"}
[18:39:46] t=2234 jev BUILD NARADR HOLD (资金闸门: 坦克优先, cash=400)
[18:39:46] t=2234 jev INF E2 HOLD (预算保护 gate=False e2=7)
[18:39:46] t=2234 MOVE raid x2 -> (80,105)
[18:39:46] {"kind": "action", "what": "attack_move", "name": null, "qty": null, "tid": null, "ts": "18:39:46"}
[18:39:46] t=2236 ALARM unit lost -> 攻势保持（塔阵守家, 前线 13 个单位继续进攻）
[18:39:48] t=2236 jev BUILD NARADR HOLD (资金闸门: 坦克优先, cash=296)
[18:39:48] t=2236 jev INF E2 HOLD (预算保护 gate=False e2=7)
[18:39:48] t=2236 jev VEH HTK HOLD (预算保护 cash=296 aav帽=hit aav=4)
[18:39:48] t=2236 MOVE raid x1 -> (80,107); assault x1 -> 攻击目标#2394@(75,111)
[18:39:48] {"kind": "action", "what": "attack_move", "name": null, "qty": null, "tid": null, "ts": "18:39:48"}
[18:39:48] {"kind": "action", "what": "attack_obj", "name": null, "qty": null, "tid": 2394, "ts": "18:39:48"}
[18:39:48] t=2236 tick#900 credits=296 stance=attack | jev 900 decisions p50=1647ms
[18:39:48] t=2239 ALARM unit lost -> 攻势保持（塔阵守家, 前线 12 个单位继续进攻）
[18:39:50] t=2239 jev BUILD NARADR HOLD (资金闸门: 坦克优先, cash=296)
[18:39:50] t=2239 jev INF E2 HOLD (预算保护 gate=False e2=7)
[18:39:50] t=2239 jev VEH HTK HOLD (预算保护 cash=296 aav帽=hit aav=4)
[18:39:50] t=2239 MOVE aahunt x4 -> (125,84)
[18:39:50] {"kind": "action", "what": "attack_move", "name": null, "qty": null, "tid": null, "ts": "18:39:50"}
[18:39:52] t=2242 jev BUILD NARADR HOLD (资金闸门: 坦克优先, cash=296)
[18:39:52] t=2242 jev INF E2 HOLD (预算保护 gate=False e2=7)
[18:39:52] t=2242 jev VEH HTK HOLD (预算保护 cash=296 aav帽=hit aav=4)
[18:39:54] t=2245 jev BUILD NARADR HOLD (资金闸门: 坦克优先, cash=296)
[18:39:54] t=2245 jev INF E2 HOLD (预算保护 gate=False e2=7)
[18:39:54] t=2245 jev VEH HTK HOLD (预算保护 cash=296 aav帽=hit aav=4)
[18:39:56] t=2247 jev BUILD NARADR HOLD (资金闸门: 坦克优先, cash=296)
[18:39:56] t=2247 jev INF E2 HOLD (预算保护 gate=False e2=7)
[18:39:56] t=2247 jev VEH HTK HOLD (预算保护 cash=296 aav帽=hit aav=4)
[18:39:58] t=2250 jev BUILD NARADR HOLD (资金闸门: 坦克优先, cash=296)
[18:39:58] t=2250 jev INF E2 HOLD (预算保护 gate=False e2=7)
[18:39:58] t=2250 jev VEH HTK HOLD (预算保护 cash=296 aav帽=hit aav=4)
[18:40:00] t=2253 jev BUILD NARADR HOLD (资金闸门: 坦克优先, cash=296)
[18:40:00] t=2253 jev INF E2 HOLD (预算保护 gate=False e2=7)
[18:40:00] t=2253 jev VEH HTK HOLD (预算保护 cash=296 aav帽=hit aav=4)
[18:40:00] t=2253 MOVE assault x1 -> 攻击目标#2394@(75,111)
[18:40:00] {"kind": "action", "what": "attack_obj", "name": null, "qty": null, "tid": 2394, "ts": "18:40:00"}
[18:40:02] t=2255 jev BUILD NARADR HOLD (资金闸门: 坦克优先, cash=296)
[18:40:02] t=2255 jev INF E2 HOLD (预算保护 gate=False e2=7)
[18:40:02] t=2255 jev VEH HTK HOLD (预算保护 cash=296 aav帽=hit aav=4)
[18:40:04] t=2258 jev BUILD NARADR HOLD (资金闸门: 坦克优先, cash=296)
[18:40:04] t=2258 jev INF E2 HOLD (预算保护 gate=False e2=7)
[18:40:04] t=2258 jev VEH HTK HOLD (预算保护 cash=296 aav帽=hit aav=4)
[18:40:06] t=2261 jev BUILD NARADR HOLD (资金闸门: 坦克优先, cash=296)
[18:40:06] t=2261 jev INF E2 HOLD (预算保护 gate=False e2=7)
[18:40:06] t=2261 jev VEH HTK HOLD (预算保护 cash=296 aav帽=hit aav=4)
[18:40:06] t=2263 ESCORT 坦克#4437 -> 护航矿车@[126, 105]
[18:40:06] {"kind": "action", "what": "attack_move", "name": null, "qty": null, "tid": null, "ts": "18:40:06"}
[18:40:08] t=2263 jev BUILD NARADR HOLD (资金闸门: 坦克优先, cash=296)
[18:40:08] t=2263 jev INF E2 HOLD (预算保护 gate=False e2=7)
[18:40:08] t=2263 jev VEH HTK HOLD (预算保护 cash=296 aav帽=hit aav=4)
[18:40:10] t=2266 jev BUILD NARADR HOLD (资金闸门: 坦克优先, cash=296)
[18:40:10] t=2266 jev INF E2 HOLD (预算保护 gate=False e2=7)
[18:40:10] t=2266 jev VEH HTK HOLD (预算保护 cash=296 aav帽=hit aav=4)
[18:40:12] t=2269 jev BUILD NARADR HOLD (资金闸门: 坦克优先, cash=296)
[18:40:12] t=2269 jev INF E2 HOLD (预算保护 gate=False e2=7)
[18:40:12] t=2269 jev VEH HTK HOLD (预算保护 cash=296 aav帽=hit aav=4)
[18:40:14] t=2271 jev BUILD NARADR HOLD (资金闸门: 坦克优先, cash=296)
[18:40:14] t=2271 jev INF E2 HOLD (预算保护 gate=False e2=7)
[18:40:14] t=2271 jev VEH HTK HOLD (预算保护 cash=296 aav帽=hit aav=4)
[18:40:14] t=2271 MOVE assault x1 -> 攻击目标#2394@(75,111)
[18:40:14] {"kind": "action", "what": "attack_obj", "name": null, "qty": null, "tid": 2394, "ts": "18:40:14"}
[18:40:16] t=2274 jev BUILD NARADR HOLD (资金闸门: 坦克优先, cash=296)
[18:40:16] t=2274 jev INF E2 HOLD (预算保护 gate=False e2=7)
[18:40:16] t=2274 jev VEH HTK HOLD (预算保护 cash=296 aav帽=hit aav=4)
[18:40:18] t=2277 jev BUILD NARADR HOLD (资金闸门: 坦克优先, cash=296)
[18:40:18] t=2277 jev INF E2 HOLD (预算保护 gate=False e2=7)
[18:40:18] t=2277 jev VEH HTK HOLD (预算保护 cash=296 aav帽=hit aav=4)
[18:40:18] t=2277 MOVE assault x1 -> 攻击目标#1116@(83,126)
[18:40:18] {"kind": "action", "what": "attack_obj", "name": null, "qty": null, "tid": 1116, "ts": "18:40:18"}
[18:40:20] t=2279 jev BUILD NARADR HOLD (资金闸门: 坦克优先, cash=296)
[18:40:20] t=2279 jev INF E2 HOLD (预算保护 gate=False e2=7)
[18:40:20] t=2279 jev VEH HTK HOLD (预算保护 cash=296 aav帽=hit aav=4)
[18:40:20] t=2279 MOVE assault x1 -> 攻击目标#2394@(75,111); aahunt x4 -> (125,84)
[18:40:20] {"kind": "action", "what": "attack_obj", "name": null, "qty": null, "tid": 2394, "ts": "18:40:20"}
[18:40:20] {"kind": "action", "what": "attack_move", "name": null, "qty": null, "tid": null, "ts": "18:40:20"}
[18:40:22] t=2282 jev BUILD NARADR HOLD (资金闸门: 坦克优先, cash=296)
[18:40:22] t=2282 jev INF E2 HOLD (预算保护 gate=False e2=7)
[18:40:22] t=2282 jev VEH HTK HOLD (预算保护 cash=296 aav帽=hit aav=4)
[18:40:24] t=2285 jev BUILD NARADR HOLD (资金闸门: 坦克优先, cash=296)
[18:40:24] t=2285 jev INF E2 HOLD (预算保护 gate=False e2=7)
[18:40:24] t=2285 jev VEH HTK HOLD (预算保护 cash=296 aav帽=hit aav=4)
[18:40:24] t=2285 MOVE hold_a x4 -> (133,86)
[18:40:24] {"kind": "action", "what": "attack_move", "name": null, "qty": null, "tid": null, "ts": "18:40:24"}
[18:40:26] t=2287 jev BUILD NARADR HOLD (资金闸门: 坦克优先, cash=296)
[18:40:26] t=2287 jev INF E2 HOLD (预算保护 gate=False e2=7)
[18:40:26] t=2287 jev VEH HTK HOLD (预算保护 cash=296 aav帽=hit aav=4)
[18:40:28] t=2290 jev BUILD NARADR HOLD (资金闸门: 坦克优先, cash=296)
[18:40:28] t=2290 jev INF E2 HOLD (预算保护 gate=False e2=7)
[18:40:28] t=2290 jev VEH HTK HOLD (预算保护 cash=296 aav帽=hit aav=4)
[18:40:30] t=2293 jev BUILD NARADR HOLD (资金闸门: 坦克优先, cash=296)
[18:40:30] t=2293 jev INF E2 HOLD (预算保护 gate=False e2=7)
[18:40:30] t=2293 jev VEH HTK HOLD (预算保护 cash=296 aav帽=hit aav=4)
[18:40:32] t=2295 jev BUILD NARADR HOLD (资金闸门: 坦克优先, cash=296)
[18:40:32] t=2295 jev INF E2 HOLD (预算保护 gate=False e2=7)
[18:40:32] t=2295 jev VEH HTK HOLD (预算保护 cash=296 aav帽=hit aav=4)
[18:40:32] t=2295 MOVE assault x1 -> 攻击目标#2394@(75,111)
[18:40:32] {"kind": "action", "what": "attack_obj", "name": null, "qty": null, "tid": 2394, "ts": "18:40:32"}
[18:40:34] t=2298 jev BUILD NARADR HOLD (资金闸门: 坦克优先, cash=296)
[18:40:34] t=2298 jev INF E2 HOLD (预算保护 gate=False e2=7)
[18:40:34] t=2298 jev VEH HTK HOLD (预算保护 cash=296 aav帽=hit aav=4)
[18:40:36] t=2301 jev BUILD NARADR HOLD (资金闸门: 坦克优先, cash=296)
[18:40:36] t=2301 jev INF E2 HOLD (预算保护 gate=False e2=7)
[18:40:36] t=2301 jev VEH HTK HOLD (预算保护 cash=296 aav帽=hit aav=4)
[18:40:36] t=2303 ESCORT 坦克#4437 -> 护航矿车@[115, 135]
[18:40:36] {"kind": "action", "what": "attack_move", "name": null, "qty": null, "tid": null, "ts": "18:40:36"}
[18:40:38] t=2303 jev BUILD NARADR HOLD (资金闸门: 坦克优先, cash=296)
[18:40:38] t=2303 jev INF E2 HOLD (预算保护 gate=False e2=7)
[18:40:38] t=2303 jev VEH HTK HOLD (预算保护 cash=296 aav帽=hit aav=4)
[18:40:38] t=2303 tick#925 credits=296 stance=attack | jev 925 decisions p50=1651ms
[18:40:40] t=2306 jev BUILD NARADR HOLD (资金闸门: 坦克优先, cash=296)
[18:40:40] t=2306 jev INF E2 HOLD (预算保护 gate=False e2=7)
[18:40:40] t=2306 jev VEH HTK HOLD (预算保护 cash=296 aav帽=hit aav=4)
[18:40:40] t=2306 MOVE hold_b x4 -> (126,75)
[18:40:40] {"kind": "action", "what": "attack_move", "name": null, "qty": null, "tid": null, "ts": "18:40:40"}
[18:40:42] t=2309 jev BUILD NARADR HOLD (资金闸门: 坦克优先, cash=296)
[18:40:42] t=2309 jev INF E2 HOLD (预算保护 gate=False e2=7)
[18:40:42] t=2309 jev VEH HTK HOLD (预算保护 cash=296 aav帽=hit aav=4)
[18:40:44] t=2311 jev BUILD NARADR HOLD (资金闸门: 坦克优先, cash=296)
[18:40:44] t=2311 jev INF E2 HOLD (预算保护 gate=False e2=7)
[18:40:44] t=2311 jev VEH HTK HOLD (预算保护 cash=296 aav帽=hit aav=4)
[18:40:44] t=2311 MOVE assault x1 -> 攻击目标#2394@(75,111)
[18:40:44] {"kind": "action", "what": "attack_obj", "name": null, "qty": null, "tid": 2394, "ts": "18:40:44"}
[18:40:46] t=2314 jev BUILD NARADR HOLD (资金闸门: 坦克优先, cash=296)
[18:40:46] t=2314 jev INF E2 HOLD (预算保护 gate=False e2=7)
[18:40:46] t=2314 jev VEH DRON HOLD (预算保护 cash=296 aav帽=ok aav=4)
[18:40:48] t=2317 jev BUILD NARADR HOLD (资金闸门: 坦克优先, cash=296)
[18:40:48] t=2317 jev INF E2 HOLD (预算保护 gate=False e2=7)
[18:40:48] t=2317 jev VEH HTK HOLD (预算保护 cash=296 aav帽=hit aav=4)
[18:40:50] t=2319 jev BUILD NARADR HOLD (资金闸门: 坦克优先, cash=296)
[18:40:50] t=2319 jev INF E2 HOLD (预算保护 gate=False e2=7)
[18:40:50] t=2319 jev VEH HTK HOLD (预算保护 cash=296 aav帽=hit aav=4)
[18:40:50] t=2319 MOVE aahunt x4 -> (125,84)
[18:40:50] {"kind": "action", "what": "attack_move", "name": null, "qty": null, "tid": null, "ts": "18:40:50"}
[18:40:52] t=2322 jev BUILD NARADR HOLD (资金闸门: 坦克优先, cash=296)
[18:40:52] t=2322 jev INF E2 HOLD (预算保护 gate=False e2=7)
[18:40:52] t=2322 jev VEH HTK HOLD (预算保护 cash=296 aav帽=hit aav=4)
[18:40:53] t=2325 ALARM enemy approaching -> RESCUE 预备队 3 人驰援远端 [109, 84]
[18:40:53] {"kind": "action", "what": "attack_move", "name": null, "qty": null, "tid": null, "ts": "18:40:53"}
[18:40:54] t=2325 jev BUILD NARADR HOLD (资金闸门: 坦克优先, cash=296)
[18:40:54] t=2325 jev INF E2 HOLD (预算保护 gate=False e2=7)
[18:40:54] t=2325 jev VEH DRON HOLD (预算保护 cash=296 aav帽=ok aav=4)
[18:40:56] t=2327 jev BUILD NARADR HOLD (资金闸门: 坦克优先, cash=746)
[18:40:56] t=2327 jev INF E2 HOLD (预算保护 gate=False e2=7)
[18:40:56] t=2327 jev VEH HTK HOLD (预算保护 cash=746 aav帽=hit aav=4)
[18:40:58] t=2330 jev BUILD NARADR HOLD (资金闸门: 坦克优先, cash=746)
[18:40:58] t=2330 jev INF E2 HOLD (预算保护 gate=False e2=7)
[18:40:58] t=2330 jev VEH HTK HOLD (预算保护 cash=746 aav帽=hit aav=4)
[18:41:00] t=2333 jev BUILD NARADR HOLD (资金闸门: 坦克优先, cash=746)
[18:41:00] t=2333 jev INF E2 HOLD (预算保护 gate=False e2=7)
[18:41:00] t=2333 jev VEH HTK HOLD (预算保护 cash=746 aav帽=hit aav=4)
[18:41:01] t=2335 ALARM enemy approaching -> 攻势保持（塔阵守家, 前线 12 个单位继续进攻）
[18:41:02] t=2335 jev BUILD NARADR HOLD (资金闸门: 坦克优先, cash=746)
[18:41:02] t=2335 jev INF E2 HOLD (预算保护 gate=False e2=7)
[18:41:02] t=2335 jev VEH HTK HOLD (预算保护 cash=746 aav帽=hit aav=4)
[18:41:02] t=2335 MOVE assault x1 -> 攻击目标#2394@(75,111)
[18:41:02] {"kind": "action", "what": "attack_obj", "name": null, "qty": null, "tid": 2394, "ts": "18:41:02"}
[18:41:03] t=2338 ALARM enemy approaching -> RESCUE 预备队 3 人驰援远端 [120, 94]
[18:41:03] {"kind": "action", "what": "attack_move", "name": null, "qty": null, "tid": null, "ts": "18:41:03"}
[18:41:03] t=2338 HARASS DRON x2 (have 1)
[18:41:03] {"kind": "action", "what": "produce", "name": "DRON", "qty": 2, "tid": null, "ts": "18:41:03"}
[18:41:04] t=2338 jev BUILD NARADR HOLD (资金闸门: 坦克优先, cash=1121)
[18:41:04] t=2338 jev INF E2 (conf 0.38)
[18:41:04] {"kind": "action", "what": "produce", "name": "E2", "qty": 1, "tid": null, "ts": "18:41:04"}
[18:41:06] t=2341 jev BUILD NARADR HOLD (资金闸门: 坦克优先, cash=962)
[18:41:06] t=2341 THREAT 0.56 -> force defend
[18:41:06] t=2341 ATTACK (tanks=6)
[18:41:07] t=2344 ESCORT 坦克#4437 -> 护航矿车@[117, 135]
[18:41:07] {"kind": "action", "what": "attack_move", "name": null, "qty": null, "tid": null, "ts": "18:41:07"}
[18:41:08] t=2344 jev BUILD NARADR HOLD (资金闸门: 坦克优先, cash=747)
[18:41:08] t=2344 THREAT 0.56 -> force defend
[18:41:08] t=2344 ATTACK (tanks=6)
[18:41:10] t=2346 jev BUILD NARADR HOLD (资金闸门: 坦克优先, cash=587)
[18:41:10] t=2346 jev INF E2 HOLD (预算保护 gate=False e2=8)
[18:41:12] t=2349 jev BUILD NARADR HOLD (资金闸门: 坦克优先, cash=439)
[18:41:12] t=2349 jev INF E2 HOLD (预算保护 gate=False e2=8)
[18:41:12] t=2349 MOVE raid x1 -> (120,108)
[18:41:13] {"kind": "action", "what": "attack_move", "name": null, "qty": null, "tid": null, "ts": "18:41:13"}
[18:41:15] t=2352 jev BUILD NARADR HOLD (资金闸门: 坦克优先, cash=287)
[18:41:15] t=2352 jev INF E2 HOLD (预算保护 gate=False e2=8)
[18:41:15] t=2352 MOVE raid x1 -> (120,112); assault x1 -> 攻击目标#2394@(75,111)
[18:41:15] {"kind": "action", "what": "attack_move", "name": null, "qty": null, "tid": null, "ts": "18:41:15"}
[18:41:15] {"kind": "action", "what": "attack_obj", "name": null, "qty": null, "tid": 2394, "ts": "18:41:15"}
[18:41:17] t=2355 jev BUILD NARADR HOLD (资金闸门: 坦克优先, cash=231)
[18:41:17] t=2355 jev INF E2 HOLD (预算保护 gate=False e2=8)
[18:41:17] t=2355 jev VEH HTK HOLD (预算保护 cash=231 aav帽=hit aav=4)
[18:41:17] t=2355 MOVE raid x2 -> (120,116)
[18:41:17] {"kind": "action", "what": "attack_move", "name": null, "qty": null, "tid": null, "ts": "18:41:17"}
[18:41:19] t=2357 jev BUILD NARADR HOLD (资金闸门: 坦克优先, cash=231)
[18:41:19] t=2357 jev INF E2 HOLD (预算保护 gate=False e2=8)
[18:41:19] t=2357 jev VEH HTK HOLD (预算保护 cash=231 aav帽=hit aav=4)
[18:41:19] t=2357 MOVE raid x2 -> (120,120)
[18:41:19] {"kind": "action", "what": "attack_move", "name": null, "qty": null, "tid": null, "ts": "18:41:19"}
[18:41:21] t=2360 jev BUILD NARADR HOLD (资金闸门: 坦克优先, cash=231)
[18:41:21] t=2360 jev INF E2 HOLD (预算保护 gate=False e2=8)
[18:41:21] t=2360 jev VEH HTK HOLD (预算保护 cash=231 aav帽=hit aav=4)
[18:41:21] t=2360 MOVE raid x2 -> (120,123); aahunt x4 -> (125,84)
[18:41:21] {"kind": "action", "what": "attack_move", "name": null, "qty": null, "tid": null, "ts": "18:41:21"}
[18:41:21] {"kind": "action", "what": "attack_move", "name": null, "qty": null, "tid": null, "ts": "18:41:21"}
[18:41:23] t=2363 jev BUILD NARADR HOLD (资金闸门: 坦克优先, cash=231)
[18:41:23] t=2363 jev INF E2 HOLD (预算保护 gate=False e2=8)
[18:41:23] t=2363 jev VEH HTK HOLD (预算保护 cash=231 aav帽=hit aav=4)
[18:41:23] t=2363 MOVE raid x2 -> (118,126)
[18:41:23] {"kind": "action", "what": "attack_move", "name": null, "qty": null, "tid": null, "ts": "18:41:23"}
[18:41:25] t=2365 jev BUILD NARADR HOLD (资金闸门: 坦克优先, cash=231)
[18:41:25] t=2365 jev INF E2 HOLD (预算保护 gate=False e2=8)
[18:41:25] t=2365 jev VEH HTK HOLD (预算保护 cash=231 aav帽=hit aav=4)
[18:41:25] t=2365 MOVE raid x2 -> (117,130); hold_a x5 -> (133,86)
[18:41:25] {"kind": "action", "what": "attack_move", "name": null, "qty": null, "tid": null, "ts": "18:41:25"}
[18:41:25] {"kind": "action", "what": "attack_move", "name": null, "qty": null, "tid": null, "ts": "18:41:25"}
[18:41:27] t=2368 jev BUILD NARADR HOLD (资金闸门: 坦克优先, cash=231)
[18:41:27] t=2368 jev INF E2 HOLD (预算保护 gate=False e2=8)
[18:41:27] t=2368 jev VEH HTK HOLD (预算保护 cash=231 aav帽=hit aav=4)
[18:41:27] t=2368 MOVE raid x2 -> (116,133); assault x1 -> 攻击目标#2394@(75,111)
[18:41:27] {"kind": "action", "what": "attack_move", "name": null, "qty": null, "tid": null, "ts": "18:41:27"}
[18:41:27] {"kind": "action", "what": "attack_obj", "name": null, "qty": null, "tid": 2394, "ts": "18:41:27"}
[18:41:29] t=2371 jev BUILD NARADR HOLD (资金闸门: 坦克优先, cash=231)
[18:41:29] t=2371 jev INF E2 HOLD (预算保护 gate=False e2=8)
[18:41:29] t=2371 jev VEH HTK HOLD (预算保护 cash=231 aav帽=hit aav=4)
[18:41:29] t=2371 MOVE raid x2 -> (115,135)
[18:41:29] {"kind": "action", "what": "attack_move", "name": null, "qty": null, "tid": null, "ts": "18:41:29"}
[18:41:29] t=2371 tick#950 credits=231 stance=attack | jev 950 decisions p50=1656ms
[18:41:31] t=2374 jev BUILD NARADR HOLD (资金闸门: 坦克优先, cash=231)
[18:41:31] t=2374 jev INF E2 HOLD (预算保护 gate=False e2=8)
[18:41:31] t=2374 jev VEH HTK HOLD (预算保护 cash=231 aav帽=hit aav=4)
[18:41:33] t=2376 jev BUILD NARADR HOLD (资金闸门: 坦克优先, cash=231)
[18:41:33] t=2376 jev INF E2 HOLD (预算保护 gate=False e2=8)
[18:41:33] t=2376 jev VEH HTK HOLD (预算保护 cash=231 aav帽=hit aav=4)
[18:41:33] t=2376 MOVE raid x2 -> (117,135)
[18:41:33] {"kind": "action", "what": "attack_move", "name": null, "qty": null, "tid": null, "ts": "18:41:33"}
[18:41:33] t=2379 ALARM unit lost -> 攻势保持（塔阵守家, 前线 14 个单位继续进攻）
[18:41:35] t=2379 jev BUILD NARADR HOLD (资金闸门: 坦克优先, cash=231)
[18:41:35] t=2379 jev INF E2 HOLD (预算保护 gate=False e2=8)
[18:41:35] t=2379 jev VEH HTK HOLD (预算保护 cash=231 aav帽=hit aav=4)
[18:41:37] t=2382 jev BUILD NARADR HOLD (资金闸门: 坦克优先, cash=231)
[18:41:37] t=2382 jev INF E2 HOLD (预算保护 gate=False e2=8)
[18:41:37] t=2382 jev VEH HTK HOLD (预算保护 cash=231 aav帽=hit aav=4)
[18:41:37] t=2384 ESCORT 坦克#4509 -> 护航矿车@[127, 105]
[18:41:37] {"kind": "action", "what": "attack_move", "name": null, "qty": null, "tid": null, "ts": "18:41:37"}
[18:41:39] t=2384 jev BUILD NARADR HOLD (资金闸门: 坦克优先, cash=231)
[18:41:39] t=2384 jev INF E2 HOLD (预算保护 gate=False e2=8)
[18:41:39] t=2384 jev VEH HTK HOLD (预算保护 cash=231 aav帽=hit aav=4)
[18:41:39] t=2384 MOVE assault x1 -> 攻击目标#2394@(75,111)
[18:41:39] {"kind": "action", "what": "attack_obj", "name": null, "qty": null, "tid": 2394, "ts": "18:41:39"}
[18:41:41] t=2387 jev BUILD NARADR HOLD (资金闸门: 坦克优先, cash=231)
[18:41:41] t=2387 jev INF E2 HOLD (预算保护 gate=False e2=8)
[18:41:41] t=2387 jev VEH HTK HOLD (预算保护 cash=231 aav帽=hit aav=4)
[18:41:41] t=2387 MOVE raid x1 -> (117,133); hold_b x4 -> (126,75)
[18:41:41] {"kind": "action", "what": "attack_move", "name": null, "qty": null, "tid": null, "ts": "18:41:41"}
[18:41:41] {"kind": "action", "what": "attack_move", "name": null, "qty": null, "tid": null, "ts": "18:41:41"}
[18:41:43] t=2390 jev BUILD NARADR HOLD (资金闸门: 坦克优先, cash=231)
[18:41:43] t=2390 jev INF E2 HOLD (预算保护 gate=False e2=8)
[18:41:43] t=2390 jev VEH HTK HOLD (预算保护 cash=231 aav帽=hit aav=4)
[18:41:43] t=2390 MOVE raid x1 -> (119,130)
[18:41:43] {"kind": "action", "what": "attack_move", "name": null, "qty": null, "tid": null, "ts": "18:41:43"}
[18:41:45] t=2392 jev BUILD NARADR HOLD (资金闸门: 坦克优先, cash=231)
[18:41:45] t=2392 jev INF E2 HOLD (预算保护 gate=False e2=8)
[18:41:45] t=2392 jev VEH HTK HOLD (预算保护 cash=231 aav帽=hit aav=4)
[18:41:45] t=2392 MOVE raid x1 -> (120,127)
[18:41:45] {"kind": "action", "what": "attack_move", "name": null, "qty": null, "tid": null, "ts": "18:41:45"}
[18:41:47] t=2395 jev BUILD NARADR HOLD (资金闸门: 坦克优先, cash=231)
[18:41:47] t=2395 jev INF E2 HOLD (预算保护 gate=False e2=8)
[18:41:47] t=2395 jev VEH HTK HOLD (预算保护 cash=231 aav帽=hit aav=4)
[18:41:47] t=2395 MOVE raid x1 -> (120,123)
[18:41:47] {"kind": "action", "what": "attack_move", "name": null, "qty": null, "tid": null, "ts": "18:41:47"}
[18:41:49] t=2398 jev BUILD NARADR HOLD (资金闸门: 坦克优先, cash=231)
[18:41:49] t=2398 jev INF E2 HOLD (预算保护 gate=False e2=8)
[18:41:49] t=2398 jev VEH HTK HOLD (预算保护 cash=231 aav帽=hit aav=4)
[18:41:49] t=2398 MOVE raid x1 -> (120,119)
[18:41:49] {"kind": "action", "what": "attack_move", "name": null, "qty": null, "tid": null, "ts": "18:41:49"}
[18:41:49] t=2401 ALARM unit lost -> 攻势保持（塔阵守家, 前线 13 个单位继续进攻）
[18:41:49] t=2401 RETREAT E2(3%)
[18:41:49] {"kind": "action", "what": "move", "name": null, "qty": null, "tid": null, "ts": "18:41:49"}
[18:41:51] t=2401 jev BUILD NARADR HOLD (资金闸门: 坦克优先, cash=231)
[18:41:51] t=2401 jev INF E2 HOLD (预算保护 gate=False e2=8)
[18:41:51] t=2401 jev VEH HTK HOLD (预算保护 cash=231 aav帽=hit aav=4)
[18:41:51] t=2401 MOVE assault x1 -> 攻击目标#2394@(75,111); aahunt x4 -> (125,84)
[18:41:51] {"kind": "action", "what": "attack_obj", "name": null, "qty": null, "tid": 2394, "ts": "18:41:51"}
[18:41:51] {"kind": "action", "what": "attack_move", "name": null, "qty": null, "tid": null, "ts": "18:41:51"}
[18:41:53] t=2403 jev BUILD NARADR HOLD (资金闸门: 坦克优先, cash=231)
[18:41:53] t=2403 jev INF E2 HOLD (预算保护 gate=False e2=8)
[18:41:53] t=2403 jev VEH HTK HOLD (预算保护 cash=231 aav帽=hit aav=4)
[18:41:55] t=2406 jev BUILD NARADR HOLD (资金闸门: 坦克优先, cash=231)
[18:41:55] t=2406 jev INF E2 HOLD (预算保护 gate=False e2=8)
[18:41:55] t=2406 jev VEH HTK HOLD (预算保护 cash=231 aav帽=hit aav=4)
[18:41:55] t=2409 ALARM unit lost -> 攻势保持（塔阵守家, 前线 12 个单位继续进攻）
[18:41:57] t=2409 jev BUILD NARADR HOLD (资金闸门: 坦克优先, cash=231)
[18:41:57] t=2409 jev INF E2 HOLD (预算保护 gate=False e2=8)
[18:41:57] t=2409 jev VEH HTK HOLD (预算保护 cash=231 aav帽=hit aav=4)
[18:41:59] t=2411 jev BUILD NARADR HOLD (资金闸门: 坦克优先, cash=231)
[18:41:59] t=2411 jev INF E2 HOLD (预算保护 gate=False e2=8)
[18:41:59] t=2411 jev VEH HTK HOLD (预算保护 cash=231 aav帽=hit aav=4)
[18:41:59] t=2414 ALARM enemy approaching -> RESCUE 预备队 3 人驰援远端 [120, 98]
[18:42:00] {"kind": "action", "what": "attack_move", "name": null, "qty": null, "tid": null, "ts": "18:42:00"}
[18:42:01] t=2414 jev BUILD NARADR HOLD (资金闸门: 坦克优先, cash=231)
[18:42:01] t=2414 jev INF E2 HOLD (预算保护 gate=False e2=8)
[18:42:01] t=2414 jev VEH HTK HOLD (预算保护 cash=231 aav帽=hit aav=4)
[18:42:03] t=2417 jev BUILD NARADR HOLD (资金闸门: 坦克优先, cash=231)
[18:42:03] t=2417 jev INF E2 HOLD (预算保护 gate=False e2=8)
[18:42:03] t=2417 jev VEH HTK HOLD (预算保护 cash=231 aav帽=hit aav=4)
[18:42:05] t=2419 jev BUILD NARADR HOLD (资金闸门: 坦克优先, cash=231)
[18:42:05] t=2419 jev INF E2 HOLD (预算保护 gate=False e2=8)
[18:42:05] t=2419 jev VEH HTK HOLD (预算保护 cash=231 aav帽=hit aav=4)
[18:42:07] t=2422 jev BUILD NARADR HOLD (资金闸门: 坦克优先, cash=231)
[18:42:07] t=2422 jev INF E2 HOLD (预算保护 gate=False e2=8)
[18:42:07] t=2422 jev VEH HTK HOLD (预算保护 cash=231 aav帽=hit aav=4)
[18:42:08] t=2425 ALARM enemy approaching -> RESCUE 预备队 3 人驰援远端 [114, 87]
[18:42:08] {"kind": "action", "what": "attack_move", "name": null, "qty": null, "tid": null, "ts": "18:42:08"}
[18:42:09] t=2425 jev BUILD NARADR HOLD (资金闸门: 坦克优先, cash=231)
[18:42:09] t=2425 jev INF E2 HOLD (预算保护 gate=False e2=8)
[18:42:09] t=2425 jev VEH HTK HOLD (预算保护 cash=231 aav帽=hit aav=4)
[18:42:11] t=2427 jev BUILD NARADR HOLD (资金闸门: 坦克优先, cash=231)
[18:42:11] t=2427 jev INF E2 HOLD (预算保护 gate=False e2=8)
[18:42:11] t=2427 jev VEH HTK HOLD (预算保护 cash=231 aav帽=hit aav=4)
[18:42:13] t=2430 jev BUILD NARADR HOLD (资金闸门: 坦克优先, cash=231)
[18:42:13] t=2430 jev INF E2 HOLD (预算保护 gate=False e2=8)
[18:42:13] t=2430 jev VEH HTK HOLD (预算保护 cash=231 aav帽=hit aav=4)
[18:42:15] t=2433 jev BUILD NARADR HOLD (资金闸门: 坦克优先, cash=531)
[18:42:15] t=2433 jev INF E2 HOLD (预算保护 gate=False e2=8)
[18:42:15] t=2433 jev VEH HTK HOLD (预算保护 cash=531 aav帽=hit aav=4)
[18:42:17] t=2435 jev BUILD NARADR HOLD (资金闸门: 坦克优先, cash=531)
[18:42:17] t=2435 jev INF E2 HOLD (预算保护 gate=False e2=8)
[18:42:17] t=2435 jev VEH HTK HOLD (预算保护 cash=531 aav帽=hit aav=4)
[18:42:17] t=2438 ECON harv#4
[18:42:17] {"kind": "action", "what": "produce", "name": "HARV", "qty": 1, "tid": null, "ts": "18:42:17"}
[18:42:19] t=2438 jev BUILD NARADR HOLD (资金闸门: 坦克优先, cash=1281)
[18:42:19] t=2438 jev INF E2 (conf 0.34)
[18:42:19] {"kind": "action", "what": "produce", "name": "E2", "qty": 1, "tid": null, "ts": "18:42:19"}
[18:42:19] t=2438 tick#975 credits=1281 stance=attack | jev 975 decisions p50=1662ms
[18:42:21] t=2441 jev BUILD NARADR HOLD (资金闸门: 坦克优先, cash=1149)
[18:42:21] t=2441 MOVE aahunt x4 -> (125,84)
[18:42:21] {"kind": "action", "what": "attack_move", "name": null, "qty": null, "tid": null, "ts": "18:42:21"}
[18:42:23] t=2443 jev BUILD NARADR HOLD (资金闸门: 坦克优先, cash=947)
[18:42:25] t=2446 jev BUILD NARADR HOLD (资金闸门: 坦克优先, cash=806)
[18:42:25] t=2446 jev INF E2 (conf 0.36)
[18:42:25] t=2446 MOVE hold_a x5 -> (133,86)
[18:42:25] {"kind": "action", "what": "attack_move", "name": null, "qty": null, "tid": null, "ts": "18:42:25"}
[18:42:27] t=2449 jev BUILD NARADR HOLD (资金闸门: 坦克优先, cash=676)
[18:42:27] t=2449 jev INF E2 HOLD (预算保护 gate=False e2=9)
[18:42:29] t=2451 jev BUILD NARADR HOLD (资金闸门: 坦克优先, cash=550)
[18:42:29] t=2451 jev INF E2 HOLD (预算保护 gate=False e2=9)
[18:42:31] t=2454 jev BUILD NARADR HOLD (资金闸门: 坦克优先, cash=423)
[18:42:31] t=2454 jev INF E2 HOLD (预算保护 gate=False e2=9)
[18:42:33] t=2456 jev BUILD NARADR HOLD (资金闸门: 坦克优先, cash=747)
[18:42:33] t=2456 jev INF E2 HOLD (预算保护 gate=False e2=9)
[18:42:35] t=2459 jev BUILD NARADR HOLD (资金闸门: 坦克优先, cash=617)
[18:42:35] t=2459 jev INF E2 HOLD (预算保护 gate=False e2=9)
[18:42:37] t=2462 jev BUILD NARADR HOLD (资金闸门: 坦克优先, cash=491)
[18:42:37] t=2462 jev INF E2 HOLD (预算保护 gate=False e2=9)
[18:42:37] t=2462 THREAT 0.57 -> force defend
[18:42:39] t=2464 jev BUILD NARADR HOLD (资金闸门: 坦克优先, cash=365)
[18:42:39] t=2464 jev INF E2 HOLD (预算保护 gate=False e2=9)
[18:42:41] t=2467 jev BUILD NARADR HOLD (资金闸门: 坦克优先, cash=241)
[18:42:41] t=2467 jev INF E2 HOLD (预算保护 gate=False e2=9)
[18:42:41] t=2467 jev VEH DRON HOLD (预算保护 cash=241 aav帽=ok aav=4)
[18:42:43] t=2470 jev BUILD NARADR HOLD (资金闸门: 坦克优先, cash=241)
[18:42:43] t=2470 jev INF E2 HOLD (预算保护 gate=False e2=9)
[18:42:43] t=2470 jev VEH DRON HOLD (预算保护 cash=241 aav帽=ok aav=4)
[18:42:43] t=2470 MOVE hold_b x5 -> (126,75)
[18:42:43] {"kind": "action", "what": "attack_move", "name": null, "qty": null, "tid": null, "ts": "18:42:43"}
[18:42:45] t=2472 jev BUILD NARADR HOLD (资金闸门: 坦克优先, cash=241)
[18:42:45] t=2472 jev INF E2 HOLD (预算保护 gate=False e2=9)
[18:42:45] t=2472 jev VEH DRON HOLD (预算保护 cash=241 aav帽=ok aav=4)
[18:42:47] t=2475 jev BUILD NARADR HOLD (资金闸门: 坦克优先, cash=241)
[18:42:47] t=2475 jev INF E2 HOLD (预算保护 gate=False e2=9)
[18:42:47] t=2475 jev VEH DRON HOLD (预算保护 cash=241 aav帽=ok aav=4)
[18:42:49] t=2477 jev BUILD NARADR HOLD (资金闸门: 坦克优先, cash=241)
[18:42:49] t=2477 jev INF E2 HOLD (预算保护 gate=False e2=9)
[18:42:49] t=2477 jev VEH HTK HOLD (预算保护 cash=241 aav帽=hit aav=4)
[18:42:51] t=2480 jev BUILD NARADR HOLD (资金闸门: 坦克优先, cash=241)
[18:42:51] t=2480 jev INF E2 HOLD (预算保护 gate=False e2=9)
[18:42:51] t=2480 jev VEH HTK HOLD (预算保护 cash=241 aav帽=hit aav=4)
[18:42:53] t=2483 jev BUILD NARADR HOLD (资金闸门: 坦克优先, cash=241)
[18:42:53] t=2483 jev INF E2 HOLD (预算保护 gate=False e2=9)
[18:42:53] t=2483 jev VEH HTK HOLD (预算保护 cash=241 aav帽=hit aav=4)
[18:42:53] t=2483 MOVE aahunt x4 -> (125,84)
[18:42:53] {"kind": "action", "what": "attack_move", "name": null, "qty": null, "tid": null, "ts": "18:42:53"}
[18:42:55] t=2485 jev BUILD NARADR HOLD (资金闸门: 坦克优先, cash=241)
[18:42:55] t=2485 jev INF E2 HOLD (预算保护 gate=False e2=9)
[18:42:55] t=2485 jev VEH HTK HOLD (预算保护 cash=241 aav帽=hit aav=4)
[18:42:57] t=2488 jev BUILD NARADR HOLD (资金闸门: 坦克优先, cash=241)
[18:42:57] t=2488 jev INF E2 HOLD (预算保护 gate=False e2=9)
[18:42:57] t=2488 jev VEH HTK HOLD (预算保护 cash=241 aav帽=hit aav=4)
[18:42:59] t=2491 jev BUILD NARADR HOLD (资金闸门: 坦克优先, cash=241)
[18:42:59] t=2491 jev INF E2 HOLD (预算保护 gate=False e2=9)
[18:42:59] t=2491 jev VEH HTK HOLD (预算保护 cash=241 aav帽=hit aav=4)
[18:43:01] t=2493 jev BUILD NARADR HOLD (资金闸门: 坦克优先, cash=241)
[18:43:01] t=2493 jev INF E2 HOLD (预算保护 gate=False e2=9)
[18:43:01] t=2493 jev VEH HTK HOLD (预算保护 cash=241 aav帽=hit aav=4)
[18:43:03] t=2496 jev BUILD NARADR HOLD (资金闸门: 坦克优先, cash=241)
[18:43:03] t=2496 jev INF E2 HOLD (预算保护 gate=False e2=9)
[18:43:03] t=2496 jev VEH HTK HOLD (预算保护 cash=241 aav帽=hit aav=4)
[18:43:05] t=2499 jev BUILD NARADR HOLD (资金闸门: 坦克优先, cash=241)
[18:43:05] t=2499 jev INF E2 HOLD (预算保护 gate=False e2=9)
[18:43:05] t=2499 jev VEH HTK HOLD (预算保护 cash=241 aav帽=hit aav=4)
[18:43:05] t=2501 ALARM enemy approaching -> RESCUE 预备队 3 人驰援远端 [112, 84]
[18:43:05] {"kind": "action", "what": "attack_move", "name": null, "qty": null, "tid": null, "ts": "18:43:05"}
[18:43:07] t=2501 jev BUILD NARADR HOLD (资金闸门: 坦克优先, cash=241)
[18:43:07] t=2501 jev INF E2 HOLD (预算保护 gate=False e2=9)
[18:43:07] t=2501 jev VEH HTK HOLD (预算保护 cash=241 aav帽=hit aav=4)
[18:43:09] t=2504 jev BUILD NARADR HOLD (资金闸门: 坦克优先, cash=241)
[18:43:09] t=2504 jev INF E2 HOLD (预算保护 gate=False e2=9)
[18:43:09] t=2504 jev VEH HTK HOLD (预算保护 cash=241 aav帽=hit aav=4)
[18:43:09] t=2504 tick#1000 credits=241 stance=defend | jev 1000 decisions p50=1664ms
[18:43:11] t=2506 jev BUILD NARADR HOLD (资金闸门: 坦克优先, cash=241)
[18:43:11] t=2506 jev INF E2 HOLD (预算保护 gate=False e2=9)
[18:43:11] t=2506 jev VEH HTK HOLD (预算保护 cash=241 aav帽=hit aav=4)
[18:43:13] t=2509 jev BUILD NARADR HOLD (资金闸门: 坦克优先, cash=241)
[18:43:13] t=2509 jev INF E2 HOLD (预算保护 gate=False e2=9)
[18:43:13] t=2509 jev VEH HTK HOLD (预算保护 cash=241 aav帽=hit aav=4)
[18:43:15] t=2512 jev BUILD NARADR HOLD (资金闸门: 坦克优先, cash=241)
[18:43:15] t=2512 jev INF E2 HOLD (预算保护 gate=False e2=9)
[18:43:15] t=2512 jev VEH HTK HOLD (预算保护 cash=241 aav帽=hit aav=4)
[18:43:15] t=2514 ALARM unit lost -> TURTLE (12 v 26, 守塔阵不打野战)
[18:43:15] {"kind": "action", "what": "attack_move", "name": null, "qty": null, "tid": null, "ts": "18:43:15"}
[18:43:17] t=2514 jev BUILD NARADR HOLD (资金闸门: 坦克优先, cash=241)
[18:43:17] t=2514 jev INF E2 HOLD (预算保护 gate=False e2=9)
[18:43:17] t=2514 jev VEH HTK HOLD (预算保护 cash=241 aav帽=ok aav=3)
[18:43:19] t=2517 jev BUILD NARADR HOLD (资金闸门: 坦克优先, cash=241)
[18:43:19] t=2517 jev INF E2 HOLD (预算保护 gate=False e2=9)
[18:43:19] t=2517 jev VEH HTK HOLD (预算保护 cash=241 aav帽=ok aav=2)
[18:43:21] t=2520 jev BUILD NARADR HOLD (资金闸门: 坦克优先, cash=241)
[18:43:21] t=2520 jev INF E2 HOLD (预算保护 gate=False e2=9)
[18:43:21] t=2520 jev VEH HTK HOLD (预算保护 cash=241 aav帽=ok aav=2)
[18:43:23] t=2522 jev BUILD NARADR HOLD (资金闸门: 坦克优先, cash=241)
[18:43:23] t=2522 jev INF E2 HOLD (预算保护 gate=False e2=9)
[18:43:23] t=2522 jev VEH HTK HOLD (预算保护 cash=241 aav帽=ok aav=2)
[18:43:23] t=2525 ALARM enemy approaching -> TURTLE (11 v 26, 守塔阵不打野战)
[18:43:23] {"kind": "action", "what": "attack_move", "name": null, "qty": null, "tid": null, "ts": "18:43:23"}
[18:43:25] t=2525 jev BUILD NARADR HOLD (资金闸门: 坦克优先, cash=241)
[18:43:25] t=2525 jev INF E2 HOLD (预算保护 gate=False e2=9)
[18:43:25] t=2525 jev VEH HTK HOLD (预算保护 cash=241 aav帽=ok aav=2)
[18:43:27] t=2528 jev BUILD NARADR HOLD (资金闸门: 坦克优先, cash=241)
[18:43:27] t=2528 jev INF E2 HOLD (预算保护 gate=False e2=9)
[18:43:27] t=2528 jev VEH HTK HOLD (预算保护 cash=241 aav帽=ok aav=2)
[18:43:29] t=2531 jev BUILD NARADR HOLD (资金闸门: 坦克优先, cash=241)
[18:43:29] t=2531 jev INF E2 HOLD (预算保护 gate=False e2=9)
[18:43:29] t=2531 jev VEH HTK HOLD (预算保护 cash=241 aav帽=ok aav=2)
[18:43:29] t=2533 RETREAT E2(21%)
[18:43:29] {"kind": "action", "what": "move", "name": null, "qty": null, "tid": null, "ts": "18:43:29"}
[18:43:31] t=2533 jev BUILD NARADR HOLD (资金闸门: 坦克优先, cash=241)
[18:43:31] t=2533 jev INF E2 HOLD (预算保护 gate=False e2=9)
[18:43:31] t=2533 jev VEH HTK HOLD (预算保护 cash=241 aav帽=ok aav=2)
[18:43:31] t=2536 ALARM enemy approaching -> TURTLE (10 v 26, 守塔阵不打野战)
[18:43:31] {"kind": "action", "what": "attack_move", "name": null, "qty": null, "tid": null, "ts": "18:43:31"}
[18:43:33] t=2536 jev BUILD NARADR HOLD (资金闸门: 坦克优先, cash=241)
[18:43:33] t=2536 jev INF E2 HOLD (预算保护 gate=False e2=9)
[18:43:33] t=2536 jev VEH HTK HOLD (预算保护 cash=241 aav帽=ok aav=2)
[18:43:33] t=2539 RETREAT E2(39%)
[18:43:33] {"kind": "action", "what": "move", "name": null, "qty": null, "tid": null, "ts": "18:43:33"}
[18:43:35] t=2539 jev BUILD NARADR HOLD (资金闸门: 坦克优先, cash=241)
[18:43:35] t=2539 jev INF E2 HOLD (预算保护 gate=False e2=9)
[18:43:35] t=2539 jev VEH HTK HOLD (预算保护 cash=241 aav帽=ok aav=2)
[18:43:37] t=2541 jev BUILD NARADR HOLD (资金闸门: 坦克优先, cash=241)
[18:43:37] t=2541 jev INF E2 HOLD (预算保护 gate=False e2=8)
[18:43:37] t=2541 jev VEH HTK HOLD (预算保护 cash=241 aav帽=ok aav=2)
[18:43:37] t=2544 V3-RESPONSE HTK x1 (alive 2, seen t0 fire t1000002544)
[18:43:37] {"kind": "action", "what": "produce", "name": "HTK", "qty": 1, "tid": null, "ts": "18:43:37"}
[18:43:39] t=2544 jev BUILD NARADR HOLD (资金闸门: 坦克优先, cash=616)
[18:43:39] t=2544 jev INF E2 HOLD (预算保护 gate=False e2=8)
[18:43:39] t=2547 ALARM enemy approaching -> TURTLE (8 v 25, 守塔阵不打野战)
[18:43:39] {"kind": "action", "what": "attack_move", "name": null, "qty": null, "tid": null, "ts": "18:43:39"}
[18:43:39] t=2547 RETREAT E2(33%)
[18:43:39] {"kind": "action", "what": "move", "name": null, "qty": null, "tid": null, "ts": "18:43:39"}
[18:43:41] t=2547 jev BUILD NARADR HOLD (资金闸门: 坦克优先, cash=431)
[18:43:41] t=2547 jev INF E2 HOLD (预算保护 gate=False e2=8)
[18:43:43] t=2549 jev BUILD NARADR HOLD (资金闸门: 坦克优先, cash=237)
[18:43:43] t=2549 jev INF E2 HOLD (预算保护 gate=False e2=8)
[18:43:45] t=2552 jev BUILD NARADR HOLD (资金闸门: 坦克优先, cash=116)
[18:43:45] t=2552 jev INF E2 HOLD (预算保护 gate=False e2=8)
[18:43:45] t=2552 jev VEH HTK HOLD (预算保护 cash=116 aav帽=ok aav=2)
[18:43:47] t=2555 jev BUILD NARADR HOLD (资金闸门: 坦克优先, cash=116)
[18:43:47] t=2555 jev INF E2 HOLD (预算保护 gate=False e2=8)
[18:43:47] t=2555 jev VEH HTK HOLD (预算保护 cash=116 aav帽=ok aav=2)
[18:43:47] t=2557 ALARM enemy approaching -> TURTLE (7 v 21, 守塔阵不打野战)
[18:43:47] {"kind": "action", "what": "attack_move", "name": null, "qty": null, "tid": null, "ts": "18:43:47"}
[18:43:47] t=2557 RETREAT E2(29%)
[18:43:47] {"kind": "action", "what": "move", "name": null, "qty": null, "tid": null, "ts": "18:43:47"}
[18:43:49] t=2557 jev BUILD NARADR HOLD (资金闸门: 坦克优先, cash=116)
[18:43:49] t=2557 jev INF E2 HOLD (预算保护 gate=False e2=8)
[18:43:49] t=2557 jev VEH HTK HOLD (预算保护 cash=116 aav帽=ok aav=2)
[18:43:51] t=2560 jev BUILD NARADR HOLD (资金闸门: 坦克优先, cash=116)
[18:43:51] t=2560 jev INF E2 HOLD (预算保护 gate=False e2=8)
[18:43:51] t=2560 jev VEH HTK HOLD (预算保护 cash=116 aav帽=ok aav=2)
[18:43:53] t=2563 jev BUILD NARADR HOLD (资金闸门: 坦克优先, cash=116)
[18:43:53] t=2563 jev INF E2 HOLD (预算保护 gate=False e2=7)
[18:43:53] t=2563 jev VEH HTK HOLD (预算保护 cash=116 aav帽=ok aav=2)
[18:43:55] t=2565 jev BUILD NARADR HOLD (资金闸门: 坦克优先, cash=416)
[18:43:55] t=2565 jev INF E2 HOLD (预算保护 gate=False e2=7)
[18:43:55] t=2565 jev VEH HTK HOLD (预算保护 cash=416 aav帽=ok aav=2)
[18:43:55] t=2568 RETREAT E2(22%)
[18:43:55] {"kind": "action", "what": "move", "name": null, "qty": null, "tid": null, "ts": "18:43:55"}
[18:43:57] t=2568 jev BUILD NARADR HOLD (资金闸门: 坦克优先, cash=416)
[18:43:57] t=2568 jev INF E2 HOLD (预算保护 gate=False e2=7)
[18:43:57] t=2568 jev VEH HTK HOLD (预算保护 cash=416 aav帽=ok aav=2)
[18:43:57] t=2568 MOVE hold_a x4 -> (133,86); hold_b x4 -> (126,75); aahunt x2 -> 攻击目标#4412@(109,84)
[18:43:57] {"kind": "action", "what": "attack_move", "name": null, "qty": null, "tid": null, "ts": "18:43:57"}
[18:43:57] {"kind": "action", "what": "attack_move", "name": null, "qty": null, "tid": null, "ts": "18:43:57"}
[18:43:57] {"kind": "action", "what": "attack_obj", "name": null, "qty": null, "tid": 4412, "ts": "18:43:57"}
[18:43:57] t=2571 ALARM enemy approaching -> TURTLE (6 v 21, 守塔阵不打野战)
[18:43:57] {"kind": "action", "what": "attack_move", "name": null, "qty": null, "tid": null, "ts": "18:43:57"}
[18:43:59] t=2571 jev BUILD NARADR HOLD (资金闸门: 坦克优先, cash=416)
[18:43:59] t=2571 jev INF E2 HOLD (预算保护 gate=False e2=7)
[18:43:59] t=2571 jev VEH HTK HOLD (预算保护 cash=416 aav帽=ok aav=2)
[18:43:59] t=2571 tick#1025 credits=416 stance=defend | jev 1025 decisions p50=1670ms
[18:44:01] t=2574 jev BUILD NARADR HOLD (资金闸门: 坦克优先, cash=416)
[18:44:01] t=2574 jev INF E2 HOLD (预算保护 gate=False e2=5)
[18:44:01] t=2574 jev VEH HTK HOLD (预算保护 cash=416 aav帽=ok aav=2)
[18:44:01] t=2576 RUSH-DEFENSE ON (敌6压门 vs 守7) 动员兵爆产
[18:44:01] t=2576 RUSH-DEFENSE E2 x4 (敌6压门 守7)
[18:44:01] {"kind": "action", "what": "produce", "name": "E2", "qty": 4, "tid": null, "ts": "18:44:01"}
[18:44:03] t=2576 jev BUILD NARADR HOLD (资金闸门: 坦克优先, cash=416)
[18:44:03] t=2576 jev VEH HTK HOLD (预算保护 cash=416 aav帽=ok aav=1)
[18:44:03] t=2579 RETREAT E2(37%)
[18:44:03] {"kind": "action", "what": "move", "name": null, "qty": null, "tid": null, "ts": "18:44:03"}
[18:44:05] t=2579 jev BUILD NARADR HOLD (资金闸门: 坦克优先, cash=351)
[18:44:05] t=2579 jev VEH HTK HOLD (预算保护 cash=351 aav帽=ok aav=1)
[18:44:05] t=2582 ALARM unit lost -> TURTLE (4 v 20, 守塔阵不打野战)
[18:44:05] {"kind": "action", "what": "attack_move", "name": null, "qty": null, "tid": null, "ts": "18:44:05"}
[18:44:07] t=2582 jev BUILD NARADR HOLD (资金闸门: 坦克优先, cash=285)
[18:44:07] t=2582 jev VEH HTK HOLD (预算保护 cash=285 aav帽=ok aav=0)
[18:44:09] t=2584 jev BUILD NARADR HOLD (资金闸门: 坦克优先, cash=218)
[18:44:09] t=2584 jev VEH DRON HOLD (预算保护 cash=218 aav帽=ok aav=0)
[18:44:11] t=2587 jev BUILD NARADR HOLD (资金闸门: 坦克优先, cash=301)
[18:44:11] t=2587 jev VEH DRON HOLD (预算保护 cash=301 aav帽=ok aav=0)
[18:44:11] t=2590 RETREAT E2(36%)
[18:44:11] {"kind": "action", "what": "move", "name": null, "qty": null, "tid": null, "ts": "18:44:11"}
[18:44:13] t=2590 jev BUILD NARADR HOLD (资金闸门: 坦克优先, cash=235)
[18:44:13] t=2590 jev VEH DRON HOLD (预算保护 cash=235 aav帽=ok aav=0)
[18:44:13] t=2592 RUSH-DEFENSE E2 x4 (敌5压门 守9)
[18:44:13] t=2592 RETREAT FLAKT(15%)
[18:44:13] {"kind": "action", "what": "move", "name": null, "qty": null, "tid": null, "ts": "18:44:13"}
[18:44:15] t=2592 jev BUILD NARADR HOLD (资金闸门: 坦克优先, cash=206)
[18:44:15] t=2592 jev INF E2 (conf 0.32)
[18:44:15] t=2592 jev VEH HTK HOLD (预算保护 cash=206 aav帽=ok aav=0)
[18:44:15] t=2595 ALARM unit lost -> TURTLE (5 v 24, 守塔阵不打野战)
[18:44:15] {"kind": "action", "what": "attack_move", "name": null, "qty": null, "tid": null, "ts": "18:44:15"}
[18:44:15] t=2595 RUSH-DEFENSE E2 x4 (敌6压门 守7)
[18:44:17] t=2595 jev BUILD NARADR HOLD (资金闸门: 坦克优先, cash=206)
[18:44:17] t=2595 jev INF E2 (conf 0.23)
[18:44:17] t=2595 jev VEH HTK HOLD (预算保护 cash=206 aav帽=ok aav=0)
[18:44:17] t=2598 RUSH-DEFENSE E2 x4 (敌6压门 守6)
[18:44:17] t=2598 RETREAT E2(28%)
[18:44:17] {"kind": "action", "what": "move", "name": null, "qty": null, "tid": null, "ts": "18:44:17"}
[18:44:19] t=2598 jev BUILD NARADR HOLD (资金闸门: 坦克优先, cash=206)
[18:44:19] t=2598 jev INF E2 (conf 0.24)
[18:44:19] t=2598 jev VEH HTK HOLD (预算保护 cash=206 aav帽=ok aav=0)
[18:44:19] t=2600 RUSH-DEFENSE E2 x4 (敌6压门 守5)
[18:44:21] t=2600 jev BUILD NARADR HOLD (资金闸门: 坦克优先, cash=206)
[18:44:21] t=2600 jev INF E2 (conf 0.24)
[18:44:21] t=2600 jev VEH HTK HOLD (预算保护 cash=206 aav帽=ok aav=0)
[18:44:21] t=2603 RUSH-DEFENSE E2 x4 (敌6压门 守4)
[18:44:23] t=2603 jev BUILD NARADR HOLD (资金闸门: 坦克优先, cash=206)
[18:44:23] t=2603 jev INF E2 (conf 0.25)
[18:44:23] t=2603 jev VEH DRON HOLD (预算保护 cash=206 aav帽=ok aav=0)
[18:44:23] t=2606 ALARM unit lost -> TURTLE (2 v 22, 守塔阵不打野战)
[18:44:23] {"kind": "action", "what": "attack_move", "name": null, "qty": null, "tid": null, "ts": "18:44:23"}
[18:44:23] t=2606 RUSH-DEFENSE E2 x4 (敌5压门 守3)
[18:44:25] t=2606 jev BUILD NARADR HOLD (资金闸门: 坦克优先, cash=206)
[18:44:25] t=2606 jev INF E2 (conf 0.28)
[18:44:25] t=2606 jev VEH DRON HOLD (预算保护 cash=206 aav帽=ok aav=0)
[18:44:25] t=2608 RUSH-DEFENSE E2 x4 (敌6压门 守1)
[18:44:27] t=2608 jev BUILD NARADR HOLD (资金闸门: 坦克优先, cash=206)
[18:44:27] t=2608 jev INF E2 (conf 0.25)
[18:44:27] t=2608 jev VEH DRON HOLD (预算保护 cash=206 aav帽=ok aav=0)
[18:44:27] {"kind": "action", "what": "produce", "name": "E2", "qty": 1, "tid": null, "ts": "18:44:27"}
[18:44:29] t=2611 jev BUILD NARADR HOLD (资金闸门: 坦克优先, cash=198)
[18:44:29] t=2611 jev VEH HTK HOLD (预算保护 cash=198 aav帽=ok aav=0)
[18:44:31] t=2614 jev BUILD NARADR HOLD (资金闸门: 坦克优先, cash=133)
[18:44:31] t=2614 jev VEH HTK HOLD (预算保护 cash=133 aav帽=ok aav=0)
[18:44:33] t=2616 jev BUILD NARADR HOLD (资金闸门: 坦克优先, cash=116)
[18:44:33] t=2616 jev VEH HTK HOLD (预算保护 cash=116 aav帽=ok aav=0)
[18:44:33] t=2619 RUSH-DEFENSE E2 x4 (敌5压门 守0)
[18:44:35] t=2619 jev BUILD NARADR HOLD (资金闸门: 坦克优先, cash=116)
[18:44:35] t=2619 jev INF E2 (conf 0.25)
[18:44:35] t=2619 jev VEH HTK HOLD (预算保护 cash=116 aav帽=ok aav=0)
[18:44:37] t=2622 jev BUILD NARADR HOLD (资金闸门: 坦克优先, cash=116)
[18:44:37] t=2622 jev INF E2 (conf 0.25)
[18:44:37] t=2622 jev VEH HTK HOLD (预算保护 cash=116 aav帽=ok aav=0)
[18:44:39] t=2624 jev BUILD NARADR HOLD (资金闸门: 坦克优先, cash=116)
[18:44:39] t=2624 jev INF E2 (conf 0.21)
[18:44:39] t=2624 jev VEH HTK HOLD (预算保护 cash=116 aav帽=ok aav=0)
[18:44:39] t=2627 ALARM NAHAND under attack -> TURTLE (1 v 23, 守塔阵不打野战)
[18:44:39] {"kind": "action", "what": "attack_move", "name": null, "qty": null, "tid": null, "ts": "18:44:39"}
[18:44:39] t=2627 RUSH-DEFENSE E2 x4 (敌6压门 守1)
[18:44:41] t=2627 jev VEH HTK HOLD (预算保护 cash=116 aav帽=ok aav=0)
[18:44:41] t=2630 RUSH-DEFENSE E2 x4 (敌7压门 守2)
[18:44:43] t=2630 jev INF E2 (conf 0.23)
[18:44:43] t=2630 jev VEH HTK HOLD (预算保护 cash=116 aav帽=ok aav=0)
[18:44:45] t=2632 jev INF E2 (conf 0.25)
[18:44:45] t=2632 jev VEH HTK HOLD (预算保护 cash=116 aav帽=ok aav=0)
[18:44:47] t=2635 jev INF E2 (conf 0.29)
[18:44:47] t=2635 jev VEH HTK HOLD (预算保护 cash=116 aav帽=ok aav=0)
[18:44:47] t=2638 ALARM unit lost -> TURTLE (1 v 24, 守塔阵不打野战)
[18:44:47] {"kind": "action", "what": "attack_move", "name": null, "qty": null, "tid": null, "ts": "18:44:47"}
[18:44:47] t=2638 RUSH-DEFENSE E2 x4 (敌7压门 守1)
[18:44:49] t=2638 jev INF E2 (conf 0.24)
[18:44:49] t=2638 jev VEH HTK HOLD (预算保护 cash=116 aav帽=ok aav=0)
[18:44:49] t=2638 tick#1050 credits=116 stance=defend | jev 1050 decisions p50=1682ms
[18:44:49] t=2640 RUSH-DEFENSE E2 x4 (敌7压门 守0)
[18:44:51] t=2640 jev INF E2 (conf 0.37)
[18:44:51] t=2640 jev VEH HTK HOLD (预算保护 cash=116 aav帽=ok aav=0)
[18:44:53] t=2643 jev INF E2 (conf 0.30)
[18:44:53] t=2643 jev VEH HTK HOLD (预算保护 cash=116 aav帽=ok aav=0)
[18:44:53] {"kind": "action", "what": "produce", "name": "E2", "qty": 1, "tid": null, "ts": "18:44:53"}
[18:44:55] t=2646 jev VEH HTK HOLD (预算保护 cash=114 aav帽=ok aav=0)
[18:44:55] t=2649 ALARM NAREFN under attack -> TURTLE (1 v 23, 守塔阵不打野战)
[18:44:55] {"kind": "action", "what": "attack_move", "name": null, "qty": null, "tid": null, "ts": "18:44:55"}
[18:44:57] t=2649 jev BUILD NAPOWR HOLD (资金闸门: 坦克优先, cash=91)
[18:44:57] t=2649 jev VEH HTK HOLD (预算保护 cash=91 aav帽=ok aav=0)
[18:44:59] t=2651 jev BUILD NAPOWR HOLD (资金闸门: 坦克优先, cash=69)
[18:44:59] t=2651 jev VEH HTK HOLD (预算保护 cash=69 aav帽=ok aav=0)
[18:45:01] t=2654 jev BUILD NAPOWR HOLD (资金闸门: 坦克优先, cash=46)
[18:45:01] t=2654 jev VEH HTK HOLD (预算保护 cash=46 aav帽=ok aav=0)
[18:45:03] t=2657 jev BUILD NAPOWR HOLD (资金闸门: 坦克优先, cash=26)
[18:45:03] t=2657 jev INF E2 (conf 0.26)
[18:45:03] t=2657 jev VEH HTK HOLD (预算保护 cash=26 aav帽=ok aav=0)
[18:45:03] t=2659 ALARM NALASR under attack -> TURTLE (2 v 23, 守塔阵不打野战)
[18:45:03] {"kind": "action", "what": "attack_move", "name": null, "qty": null, "tid": null, "ts": "18:45:03"}
[18:45:05] t=2659 jev BUILD NAPOWR HOLD (资金闸门: 坦克优先, cash=26)
[18:45:05] t=2659 jev INF E2 (conf 0.27)
[18:45:05] t=2659 jev VEH HTK HOLD (预算保护 cash=26 aav帽=ok aav=0)
[18:45:07] t=2662 jev BUILD NAPOWR HOLD (资金闸门: 坦克优先, cash=26)
[18:45:07] t=2662 jev INF E2 (conf 0.19)
[18:45:07] t=2662 jev VEH HTK HOLD (预算保护 cash=26 aav帽=ok aav=0)
[18:45:07] t=2665 RETREAT E2(0%)
[18:45:07] {"kind": "action", "what": "move", "name": null, "qty": null, "tid": null, "ts": "18:45:07"}
[18:45:07] {"kind": "action", "what": "produce", "name": "NAREFN", "qty": 1, "tid": null, "ts": "18:45:07"}
[18:45:07] t=2665 OPENING BUILD NAREFN
[18:45:09] t=2665 jev INF E2 (conf 0.21)
[18:45:09] t=2665 jev VEH HTK HOLD (预算保护 cash=26 aav帽=ok aav=0)
[18:45:09] t=2667 RUSH-DEFENSE E2 x4 (敌6压门 守2)
[18:45:11] t=2667 jev INF E2 (conf 0.26)
[18:45:11] t=2667 jev VEH HTK HOLD (预算保护 cash=228 aav帽=ok aav=0)
[18:45:11] t=2670 ALARM NALASR under attack -> TURTLE (2 v 23, 守塔阵不打野战)
[18:45:12] {"kind": "action", "what": "attack_move", "name": null, "qty": null, "tid": null, "ts": "18:45:12"}
[18:45:13] t=2670 jev INF E2 (conf 0.32)
[18:45:13] t=2670 jev VEH HTK HOLD (预算保护 cash=205 aav帽=ok aav=0)
[18:45:14] t=2673 RUSH-DEFENSE E2 x4 (敌6压门 守1)
[18:45:15] t=2673 jev INF E2 (conf 0.29)
[18:45:15] t=2673 jev VEH HTK HOLD (预算保护 cash=180 aav帽=ok aav=0)
[18:45:16] t=2676 RETREAT E2(29%)
[18:45:16] {"kind": "action", "what": "move", "name": null, "qty": null, "tid": null, "ts": "18:45:16"}
[18:45:17] t=2676 jev VEH HTK HOLD (预算保护 cash=228 aav帽=ok aav=0)
[18:45:19] t=2678 jev VEH HTK HOLD (预算保护 cash=202 aav帽=ok aav=0)
[18:45:19] t=2681 HARASS DRON x2 (have 0)
[18:45:19] {"kind": "action", "what": "produce", "name": "DRON", "qty": 2, "tid": null, "ts": "18:45:19"}
[18:45:32] t=2698 ALARM NACNST under attack -> TURTLE (1 v 23, 守塔阵不打野战)
[18:45:32] {"kind": "action", "what": "attack_move", "name": null, "qty": null, "tid": null, "ts": "18:45:32"}
[18:45:32] t=2698 POWER plant (reserve -200)
[18:45:33] {"kind": "action", "what": "produce", "name": "NAPOWR", "qty": 1, "tid": null, "ts": "18:45:33"}
[18:45:38] t=2703 tick#1075 credits=597 stance=defend | jev 1075 decisions p50=1689ms
[18:45:40] t=2708 RETREAT E2(35%)
[18:45:40] {"kind": "action", "what": "move", "name": null, "qty": null, "tid": null, "ts": "18:45:40"}
[18:45:40] t=2708 SCOUT #5163->[14, 178] (敌影)
[18:45:40] {"kind": "action", "what": "attack_move", "name": null, "qty": null, "tid": null, "ts": "18:45:40"}
[18:45:41] t=2708 MOVE t=2708 RUSH-DEFENSE tanks x0 -> 塔线协防; hold_a x1 -> (133,86)
[18:45:41] {"kind": "action", "what": "attack_move", "name": null, "qty": null, "tid": null, "ts": "18:45:41"}
[18:45:45] t=2715 RUSH-DEFENSE OFF (威胁解除) 恢复原公式
[18:45:47] t=2718 ALARM NAREFN under attack -> TURTLE (8 v 22, 守塔阵不打野战)
[18:45:55] t=2729 ALARM unit lost -> TURTLE (5 v 23, 守塔阵不打野战)
[18:46:04] t=2740 ALARM unit lost -> TURTLE (2 v 23, 守塔阵不打野战)
[18:46:13] t=2750 jev VEH HTK HOLD (预算保护 cash=126 aav帽=ok aav=0)
[18:46:13] t=2750 MOVE raid x1 -> (132,77)
[18:46:13] {"kind": "action", "what": "attack_move", "name": null, "qty": null, "tid": null, "ts": "18:46:13"}
[18:46:13] t=2752 ALARM NAREFN under attack -> TURTLE (1 v 24, 守塔阵不打野战)
[18:46:15] t=2752 jev VEH HTK HOLD (预算保护 cash=126 aav帽=ok aav=0)
[18:46:15] t=2754 OPENING REJECT NAPOWR (40gs 无进展, 拉黑)
[18:46:16] t=2754 jev VEH HTK HOLD (预算保护 cash=126 aav帽=ok aav=0)
[18:46:18] t=2757 jev VEH HTK HOLD (预算保护 cash=126 aav帽=ok aav=0)
[18:46:20] t=2759 jev VEH HTK HOLD (预算保护 cash=126 aav帽=ok aav=0)
[18:46:20] t=2759 tick#1100 credits=126 stance=defend | jev 1100 decisions p50=1689ms
[18:46:21] t=2761 jev VEH HTK HOLD (预算保护 cash=126 aav帽=ok aav=0)
[18:46:23] t=2763 jev VEH HTK HOLD (预算保护 cash=126 aav帽=ok aav=0)
[18:46:25] t=2766 jev VEH HTK HOLD (预算保护 cash=126 aav帽=ok aav=0)
[18:46:26] t=2768 jev VEH HTK HOLD (预算保护 cash=126 aav帽=ok aav=0)
[18:46:28] t=2770 jev VEH HTK HOLD (预算保护 cash=126 aav帽=ok aav=0)
[18:46:30] t=2772 jev VEH HTK HOLD (预算保护 cash=126 aav帽=ok aav=0)
[18:46:31] t=2774 jev VEH HTK HOLD (预算保护 cash=126 aav帽=ok aav=0)
[18:46:33] t=2777 jev VEH HTK HOLD (预算保护 cash=126 aav帽=ok aav=0)
[18:46:34] t=2779 jev VEH HTK HOLD (预算保护 cash=126 aav帽=ok aav=0)
[18:46:34] t=2779 MOVE raid x1 -> (135,79)
[18:46:34] {"kind": "action", "what": "attack_move", "name": null, "qty": null, "tid": null, "ts": "18:46:34"}
[18:46:35] t=2781 ALARM unit lost -> TURTLE (1 v 23, 守塔阵不打野战)
[18:46:36] t=2781 jev VEH HTK HOLD (预算保护 cash=126 aav帽=ok aav=0)
[18:46:38] t=2783 jev VEH HTK HOLD (预算保护 cash=126 aav帽=ok aav=0)
[18:46:39] t=2785 jev VEH HTK HOLD (预算保护 cash=126 aav帽=ok aav=0)
[18:46:41] t=2787 jev VEH HTK HOLD (预算保护 cash=126 aav帽=ok aav=0)
[18:46:43] t=2790 jev VEH HTK HOLD (预算保护 cash=126 aav帽=ok aav=0)
[18:46:44] t=2792 jev VEH HTK HOLD (预算保护 cash=126 aav帽=ok aav=0)
[18:46:44] t=2794 OPENING REJECT NAHAND (40gs 无进展, 拉黑)
[18:46:46] t=2794 jev VEH HTK HOLD (预算保护 cash=126 aav帽=ok aav=0)
[2026-10-05 18:46:48] {"kind": "report", "result": "defeat", "t": 2798, "ticks": 1118, "crisis_ticks": 325, "stance": "defend", "jev": {"decisions": 1117, "errors": 0, "input_tokens": 3919932, "output_tokens": 0, "p50_ms": 1689, "p95_ms": 1739}, "enemy_base": [70, 117], "ts": "2026-10-05 18:46:48"}
[18:46:49] REVIEW game#67 defeat → game-0067-review.md | changes=0
{
  "result": "defeat",
  "t": 2798,
  "ticks": 1118,
  "crisis_ticks": 325,
  "stance": "defend",
  "jev": {
    "decisions": 1117,
    "errors": 0,
    "input_tokens": 3919932,
    "output_tokens": 0,
    "p50_ms": 1689,
    "p95_ms": 1739
  },
  "enemy_base": [
    70,
    117
  ],
  "ts": "2026-10-05 18:46:48",
  "review": {
    "game_no": 67,
    "rootcause": "def overrun",
    "auto_tuned": 0
  }
}
