[20:16:35] 进局中(全自动)...
[20:17:07] {"kind": "start", "policy": "ra2web-jev-player/1.0", "maxDecisions": 999999, "micro": {"events": [{"kind": "micro", "t": 1, "what": "start"}], "loopN": 1, "on": true, "outcome": null, "stall": false}, "ts": "20:17:07"}
[20:17:07] === ra2web-jev-player start (tick=1.5s, max_decisions=999999) ===
[20:17:07] t=1 DEPLOY mcv
[20:17:07] {"kind": "action", "what": "deploy", "ids": [1042], "ts": "20:17:07"}
[20:17:07] {"kind": "action", "what": "deploy", "name": null, "qty": null, "tid": null, "ts": "20:17:07"}
[20:17:09] t=3 jev BUILD NAPOWR HOLD (开局序列前置位保护: 等 NAREFN)
[20:17:09] t=3 jev STANCE defend->develop (conf 0.91)
[20:17:11] t=5 jev BUILD NAPOWR HOLD (开局序列前置位保护: 等 NAREFN)
[20:17:12] t=7 jev BUILD NAPOWR HOLD (开局序列前置位保护: 等 NAREFN)
[20:17:14] t=9 jev BUILD NAPOWR HOLD (开局序列前置位保护: 等 NAREFN)
[20:17:15] t=11 jev BUILD NAPOWR HOLD (开局序列前置位保护: 等 NAREFN)
[20:17:17] t=13 jev BUILD NAPOWR HOLD (开局序列前置位保护: 等 NAREFN)
[20:17:19] t=15 jev BUILD NAPOWR HOLD (开局序列前置位保护: 等 NAREFN)
[20:17:20] t=17 jev BUILD NAPOWR HOLD (开局序列前置位保护: 等 NAREFN)
[20:17:21] t=19 jev BUILD NAPOWR HOLD (开局序列前置位保护: 等 NAREFN)
[20:17:23] t=21 jev BUILD NAPOWR HOLD (开局序列前置位保护: 等 NAREFN)
[20:17:24] t=23 jev BUILD NAPOWR HOLD (开局序列前置位保护: 等 NAREFN)
[20:17:26] t=25 jev BUILD NAPOWR HOLD (开局序列前置位保护: 等 NAREFN)
[20:17:27] t=27 jev BUILD NAPOWR HOLD (开局序列前置位保护: 等 NAREFN)
[20:17:29] t=29 jev BUILD NAPOWR HOLD (开局序列前置位保护: 等 NAREFN)
[20:17:31] t=31 jev BUILD NAPOWR HOLD (开局序列前置位保护: 等 NAREFN)
[20:17:32] t=33 jev BUILD NAPOWR HOLD (开局序列前置位保护: 等 NAREFN)
[20:17:34] t=35 jev BUILD NAPOWR HOLD (开局序列前置位保护: 等 NAREFN)
[20:17:35] t=37 jev BUILD NAPOWR HOLD (开局序列前置位保护: 等 NAREFN)
[20:17:37] t=39 jev BUILD NAPOWR HOLD (开局序列前置位保护: 等 NAREFN)
[20:17:37] t=41 OPENING REJECT NAREFN (40gs 无进展, 拉黑)
[20:17:37] t=41 OPENING FALLBACK -> legacy NAPOWR-first
[20:17:37] {"kind": "action", "what": "produce", "name": "NAPOWR", "qty": 1, "tid": null, "ts": "20:17:37"}
[20:17:37] t=41 OPENING BUILD NAPOWR
[20:17:44] t=49 tick#25 credits=9780 stance=develop | jev 25 decisions p50=969ms
[20:17:57] {"kind": "action", "what": "produce", "name": "NAREFN", "qty": 1, "tid": null, "ts": "20:17:57"}
[20:17:57] t=67 OPENING BUILD NAREFN
[20:18:21] t=99 tick#50 credits=8628 stance=develop | jev 50 decisions p50=971ms
[20:18:59] t=149 tick#75 credits=7420 stance=develop | jev 75 decisions p50=995ms
[20:19:06] {"kind": "action", "what": "produce", "name": "NAHAND", "qty": 1, "tid": null, "ts": "20:19:06"}
[20:19:06] t=159 OPENING BUILD NAHAND
[20:19:24] t=184 DEFLINE NALASR (have 0)
[20:19:24] {"kind": "action", "what": "produce", "name": "NALASR", "qty": 1, "tid": null, "ts": "20:19:24"}
[20:19:24] {"kind": "action", "what": "produce", "name": "NAWEAP", "qty": 1, "tid": null, "ts": "20:19:24"}
[20:19:24] t=184 OPENING BUILD NAWEAP
[20:19:38] t=201 tick#100 credits=6038 stance=develop | jev 100 decisions p50=1031ms
[20:19:43] t=209 DEFLINE NALASR (have 1)
[20:20:16] t=252 tick#125 credits=4752 stance=defend | jev 125 decisions p50=1090ms
[20:20:27] t=269 DEFLINE NALASR (have 1)
[20:20:28] {"kind": "action", "what": "produce", "name": "NALASR", "qty": 1, "tid": null, "ts": "20:20:28"}
[20:20:32] t=275 ECON harv#2
[20:20:32] t=275 TANK HTNK x3
[20:20:32] {"kind": "action", "what": "produce", "name": "HARV", "qty": 1, "tid": null, "ts": "20:20:32"}
[20:20:32] {"kind": "action", "what": "produce", "name": "HTNK", "qty": 3, "tid": null, "ts": "20:20:32"}
[20:20:34] t=275 jev BUILD NAREFN (conf 0.36)
[20:20:34] t=275 jev STANCE defend->develop (conf 0.48)
[20:20:34] {"kind": "action", "what": "produce", "name": "NAREFN", "qty": 1, "tid": null, "ts": "20:20:34"}
[20:20:44] t=291 INSURE AA building
[20:20:44] {"kind": "action", "what": "produce", "name": "NAFLAK", "qty": 1, "tid": null, "ts": "20:20:44"}
[20:20:58] t=308 tick#150 credits=4200 stance=develop | jev 150 decisions p50=1163ms
[20:21:39] t=364 POWER plant (reserve -35)
[20:21:39] {"kind": "action", "what": "produce", "name": "NAPOWR", "qty": 1, "tid": null, "ts": "20:21:39"}
[20:21:42] t=366 tick#175 credits=916 stance=develop | jev 175 decisions p50=1232ms
[20:21:47] t=375 SCOUT #1092->[47, 186]
[20:21:48] {"kind": "action", "what": "attack_move", "name": null, "qty": null, "tid": null, "ts": "20:21:48"}
[20:21:49] t=378 SCOUT* #1092->[47, 186]
[20:21:49] {"kind": "action", "what": "attack_move", "name": null, "qty": null, "tid": null, "ts": "20:21:49"}
[20:22:26] t=425 tick#200 credits=0 stance=develop | jev 200 decisions p50=1267ms
[20:22:37] t=439 jev BUILD NAREFN (conf 0.31)
[20:22:37] {"kind": "action", "what": "produce", "name": "NAREFN", "qty": 1, "tid": null, "ts": "20:22:37"}
[20:22:51] t=458 MOVE assault x1 -> (137,82)
[20:22:51] {"kind": "action", "what": "attack_move", "name": null, "qty": null, "tid": null, "ts": "20:22:51"}
[20:23:03] t=475 MOVE assault x1 -> (137,82)
[20:23:04] {"kind": "action", "what": "attack_move", "name": null, "qty": null, "tid": null, "ts": "20:23:04"}
[20:23:11] t=484 tick#225 credits=0 stance=develop | jev 225 decisions p50=1328ms
[20:23:18] t=491 MOVE assault x1 -> (137,82)
[20:23:18] {"kind": "action", "what": "attack_move", "name": null, "qty": null, "tid": null, "ts": "20:23:18"}
[20:23:20] t=498 ECON harv#4
[20:23:20] t=498 TANK HTNK x2
[20:23:20] {"kind": "action", "what": "produce", "name": "HARV", "qty": 1, "tid": null, "ts": "20:23:20"}
[20:23:20] {"kind": "action", "what": "produce", "name": "HTNK", "qty": 2, "tid": null, "ts": "20:23:20"}
[20:23:21] t=498 MOVE guard x1 -> (137,82)
[20:23:21] {"kind": "action", "what": "attack_move", "name": null, "qty": null, "tid": null, "ts": "20:23:21"}
[20:23:30] t=510 MOVE assault x1 -> (137,82)
[20:23:30] {"kind": "action", "what": "attack_move", "name": null, "qty": null, "tid": null, "ts": "20:23:30"}
[20:23:43] t=527 MOVE assault x1 -> (137,82)
[20:23:43] {"kind": "action", "what": "attack_move", "name": null, "qty": null, "tid": null, "ts": "20:23:43"}
[20:23:52] t=539 jev BUILD NAHAND HOLD (资金闸门: 坦克优先, cash=1094)
[20:23:52] t=539 MOVE guard x1 -> (137,82)
[20:23:52] {"kind": "action", "what": "attack_move", "name": null, "qty": null, "tid": null, "ts": "20:23:52"}
[20:23:53] t=541 jev BUILD NAHAND HOLD (资金闸门: 坦克优先, cash=1032)
[20:23:55] t=544 jev BUILD NAHAND HOLD (资金闸门: 坦克优先, cash=974)
[20:23:55] t=544 MOVE assault x1 -> (137,82)
[20:23:55] {"kind": "action", "what": "attack_move", "name": null, "qty": null, "tid": null, "ts": "20:23:55"}
[20:23:57] t=546 jev BUILD NAHAND HOLD (资金闸门: 坦克优先, cash=914)
[20:23:57] t=546 tick#250 credits=914 stance=develop | jev 250 decisions p50=1343ms
[20:23:59] t=549 jev BUILD NAHAND HOLD (资金闸门: 坦克优先, cash=855)
[20:24:01] t=551 jev BUILD NAHAND HOLD (资金闸门: 坦克优先, cash=795)
[20:24:03] t=554 jev BUILD NAHAND HOLD (资金闸门: 坦克优先, cash=735)
[20:24:04] t=556 jev BUILD NAHAND HOLD (资金闸门: 坦克优先, cash=677)
[20:24:06] t=558 jev BUILD NAHAND HOLD (资金闸门: 坦克优先, cash=615)
[20:24:08] t=561 jev BUILD NAHAND HOLD (资金闸门: 坦克优先, cash=554)
[20:24:08] t=561 MOVE assault x1 -> (137,82)
[20:24:08] {"kind": "action", "what": "attack_move", "name": null, "qty": null, "tid": null, "ts": "20:24:08"}
[20:24:10] t=563 jev BUILD NAHAND HOLD (资金闸门: 坦克优先, cash=490)
[20:24:12] t=566 jev BUILD NAHAND HOLD (资金闸门: 坦克优先, cash=430)
[20:24:12] t=568 ALARM enemy approaching -> counter 2 vs 1 -> [123, 82]
[20:24:12] {"kind": "action", "what": "attack_move", "name": null, "qty": null, "tid": null, "ts": "20:24:12"}
[20:24:12] t=568 SCOUT* #1092->[14, 111]
[20:24:12] {"kind": "action", "what": "attack_move", "name": null, "qty": null, "tid": null, "ts": "20:24:12"}
[20:24:14] t=568 jev BUILD NAHAND HOLD (资金闸门: 坦克优先, cash=369)
[20:24:16] t=571 jev BUILD NAHAND HOLD (资金闸门: 坦克优先, cash=304)
[20:24:18] t=573 jev BUILD NAHAND HOLD (资金闸门: 坦克优先, cash=239)
[20:24:20] t=576 jev BUILD NAHAND HOLD (资金闸门: 坦克优先, cash=175)
[20:24:22] t=579 jev BUILD NAHAND HOLD (资金闸门: 坦克优先, cash=110)
[20:24:22] t=579 MOVE assault x1 -> (137,82)
[20:24:22] {"kind": "action", "what": "attack_move", "name": null, "qty": null, "tid": null, "ts": "20:24:22"}
[20:24:22] t=581 ALARM NALASR under attack -> counter 2 vs 2 -> [132, 79]
[20:24:22] {"kind": "action", "what": "attack_move", "name": null, "qty": null, "tid": null, "ts": "20:24:22"}
[20:24:24] t=581 jev BUILD NAHAND HOLD (资金闸门: 坦克优先, cash=42)
[20:24:26] t=584 jev BUILD NAHAND HOLD (资金闸门: 坦克优先, cash=0)
[20:24:27] t=586 jev BUILD NAHAND HOLD (资金闸门: 坦克优先, cash=0)
[20:24:28] t=589 RETREAT HTNK(32%)
[20:24:28] {"kind": "action", "what": "move", "name": null, "qty": null, "tid": null, "ts": "20:24:28"}
[20:24:29] t=589 jev BUILD NAHAND HOLD (资金闸门: 坦克优先, cash=0)
[20:24:31] t=592 jev BUILD NAHAND HOLD (资金闸门: 坦克优先, cash=0)
[20:24:31] t=592 MOVE guard x1 -> (137,82)
[20:24:31] {"kind": "action", "what": "attack_move", "name": null, "qty": null, "tid": null, "ts": "20:24:31"}
[20:24:32] t=594 ALARM unit lost -> counter 1 vs 2 -> [134, 79]
[20:24:32] {"kind": "action", "what": "attack_move", "name": null, "qty": null, "tid": null, "ts": "20:24:32"}
[20:24:33] t=594 jev BUILD NAHAND HOLD (资金闸门: 坦克优先, cash=0)
[20:24:35] t=597 jev BUILD NAHAND HOLD (资金闸门: 坦克优先, cash=0)
[20:24:37] t=599 jev BUILD NAHAND HOLD (资金闸门: 坦克优先, cash=0)
[20:24:39] t=602 jev BUILD NAHAND HOLD (资金闸门: 坦克优先, cash=0)
[20:24:41] t=604 jev BUILD NAHAND HOLD (资金闸门: 坦克优先, cash=0)
[20:24:41] t=604 MOVE assault x1 -> (137,82)
[20:24:41] {"kind": "action", "what": "attack_move", "name": null, "qty": null, "tid": null, "ts": "20:24:41"}
[20:24:41] t=607 ALARM enemy approaching -> counter 1 vs 1 -> [127, 83]
[20:24:41] {"kind": "action", "what": "attack_move", "name": null, "qty": null, "tid": null, "ts": "20:24:41"}
[20:24:41] t=607 RETREAT HTNK(32%)
[20:24:41] {"kind": "action", "what": "move", "name": null, "qty": null, "tid": null, "ts": "20:24:41"}
[20:24:43] t=607 jev BUILD NAHAND HOLD (资金闸门: 坦克优先, cash=0)
[20:24:45] t=610 jev BUILD NAHAND HOLD (资金闸门: 坦克优先, cash=0)
[20:24:45] t=610 tick#275 credits=0 stance=defend | jev 275 decisions p50=1454ms
[20:24:47] t=612 jev BUILD NAHAND HOLD (资金闸门: 坦克优先, cash=0)
[20:24:49] t=615 jev BUILD NAHAND HOLD (资金闸门: 坦克优先, cash=0)
[20:24:50] t=617 jev BUILD NAHAND HOLD (资金闸门: 坦克优先, cash=1072)
[20:24:52] t=620 jev BUILD NAHAND HOLD (资金闸门: 坦克优先, cash=1009)
[20:24:54] t=622 jev BUILD NAHAND HOLD (资金闸门: 坦克优先, cash=949)
[20:24:54] t=622 MOVE assault x1 -> (137,82)
[20:24:54] {"kind": "action", "what": "attack_move", "name": null, "qty": null, "tid": null, "ts": "20:24:54"}
[20:24:56] t=625 jev BUILD NAHAND HOLD (资金闸门: 坦克优先, cash=884)
[20:24:58] t=627 jev BUILD NAHAND HOLD (资金闸门: 坦克优先, cash=824)
[20:24:58] t=629 SCOUT* #1092->[14, 138]
[20:24:58] {"kind": "action", "what": "attack_move", "name": null, "qty": null, "tid": null, "ts": "20:24:58"}
[20:25:00] t=629 jev BUILD NAHAND HOLD (资金闸门: 坦克优先, cash=764)
[20:25:01] t=632 jev BUILD NAHAND HOLD (资金闸门: 坦克优先, cash=704)
[20:25:01] t=632 MOVE guard x1 -> (137,82)
[20:25:01] {"kind": "action", "what": "attack_move", "name": null, "qty": null, "tid": null, "ts": "20:25:01"}
[20:25:03] t=634 jev BUILD NAHAND HOLD (资金闸门: 坦克优先, cash=639)
[20:25:05] t=637 jev BUILD NAHAND HOLD (资金闸门: 坦克优先, cash=579)
[20:25:05] {"kind": "action", "what": "produce", "name": "NAWEAP", "qty": 1, "tid": null, "ts": "20:25:05"}
[20:25:05] t=639 OPENING BUILD NAWEAP
[20:25:07] t=639 MOVE assault x1 -> (137,82)
[20:25:07] {"kind": "action", "what": "attack_move", "name": null, "qty": null, "tid": null, "ts": "20:25:07"}
[20:25:11] t=647 ALARM enemy approaching -> TURTLE (2 v 3, 守塔阵不打野战)
[20:25:11] {"kind": "action", "what": "attack_move", "name": null, "qty": null, "tid": null, "ts": "20:25:11"}
[20:25:13] t=647 jev INF E2 (conf 0.36)
[20:25:13] {"kind": "action", "what": "produce", "name": "E2", "qty": 1, "tid": null, "ts": "20:25:13"}
[20:25:13] t=650 RUSH-DEFENSE ON (敌4压门 vs 守3) 动员兵爆产
[20:25:17] t=655 RUSH-DEFENSE E2 x4 (敌7压门 守4)
[20:25:19] t=655 jev INF E2 (conf 0.50)
[20:25:21] t=657 jev INF E2 (conf 0.51)
[20:25:21] t=657 MOVE assault x1 -> (137,82); t=657 RUSH-DEFENSE tanks x1 -> 塔线协防; hold_a x1 -> (129,85)
[20:25:21] {"kind": "action", "what": "attack_move", "name": null, "qty": null, "tid": null, "ts": "20:25:21"}
[20:25:21] {"kind": "action", "what": "attack_move", "name": null, "qty": null, "tid": null, "ts": "20:25:21"}
[20:25:21] t=660 ALARM enemy approaching -> TURTLE (4 v 9, 守塔阵不打野战)
[20:25:21] {"kind": "action", "what": "attack_move", "name": null, "qty": null, "tid": null, "ts": "20:25:21"}
[20:25:21] t=660 ECON harv#6
[20:25:21] t=660 TANK HTNK x2
[20:25:21] t=660 ESCORT 坦克#1207 -> 护航矿车@[126, 106]
[20:25:21] {"kind": "action", "what": "produce", "name": "HARV", "qty": 1, "tid": null, "ts": "20:25:21"}
[20:25:21] {"kind": "action", "what": "produce", "name": "HTNK", "qty": 2, "tid": null, "ts": "20:25:21"}
[20:25:21] {"kind": "action", "what": "attack_move", "name": null, "qty": null, "tid": null, "ts": "20:25:21"}
[20:25:21] t=660 SCOUT2 #1108->[66, 121]
[20:25:21] {"kind": "action", "what": "attack_move", "name": null, "qty": null, "tid": null, "ts": "20:25:21"}
[20:25:23] t=660 jev INF E2 (conf 0.48)
[20:25:25] t=663 jev INF E2 (conf 0.39)
[20:25:27] t=666 jev INF E2 (conf 0.42)
[20:25:29] t=668 jev INF E2 (conf 0.41)
[20:25:29] t=671 ALARM enemy approaching -> TURTLE (4 v 8, 守塔阵不打野战)
[20:25:29] {"kind": "action", "what": "attack_move", "name": null, "qty": null, "tid": null, "ts": "20:25:29"}
[20:25:31] t=671 jev INF E2 (conf 0.46)
[20:25:33] t=674 jev INF E2 (conf 0.44)
[20:25:33] t=674 tick#300 credits=2652 stance=defend | jev 300 decisions p50=1473ms
[20:25:35] t=676 jev INF E2 (conf 0.43)
[20:25:37] t=679 jev INF E2 (conf 0.45)
[20:25:37] t=682 ALARM enemy approaching -> TURTLE (4 v 7, 守塔阵不打野战)
[20:25:37] {"kind": "action", "what": "attack_move", "name": null, "qty": null, "tid": null, "ts": "20:25:37"}
[20:25:39] t=682 jev INF E2 (conf 0.48)
[20:25:39] {"kind": "action", "what": "produce", "name": "E2", "qty": 1, "tid": null, "ts": "20:25:39"}
[20:25:43] t=689 RUSH-DEFENSE E2 x4 (敌7压门 守6)
[20:25:43] t=689 SCOUT* #1092->[14, 59]
[20:25:43] {"kind": "action", "what": "attack_move", "name": null, "qty": null, "tid": null, "ts": "20:25:43"}
[20:25:45] t=689 jev INF E2 (conf 0.48)
[20:25:47] t=692 jev INF E2 (conf 0.49)
[20:25:47] t=692 MOVE assault x2 -> (137,82); t=692 RUSH-DEFENSE tanks x2 -> 塔线协防; hold_a x1 -> (128,84); hold_b x1 -> (130,71); guard x1 -> (137,82)
[20:25:47] {"kind": "action", "what": "attack_move", "name": null, "qty": null, "tid": null, "ts": "20:25:47"}
[20:25:47] {"kind": "action", "what": "attack_move", "name": null, "qty": null, "tid": null, "ts": "20:25:47"}
[20:25:47] {"kind": "action", "what": "attack_move", "name": null, "qty": null, "tid": null, "ts": "20:25:47"}
[20:25:47] {"kind": "action", "what": "attack_move", "name": null, "qty": null, "tid": null, "ts": "20:25:47"}
[20:25:47] t=695 ALARM enemy approaching -> counter 5 vs 4 -> [116, 76]
[20:25:47] {"kind": "action", "what": "attack_move", "name": null, "qty": null, "tid": null, "ts": "20:25:47"}
[20:25:49] t=695 jev INF E2 (conf 0.49)
[20:25:51] t=698 jev INF E2 (conf 0.48)
[20:25:53] t=700 jev INF E2 (conf 0.47)
[20:25:53] t=703 ESCORT 坦克#1248 -> 护航矿车@[127, 106]
[20:25:53] {"kind": "action", "what": "attack_move", "name": null, "qty": null, "tid": null, "ts": "20:25:53"}
[20:25:56] t=703 jev INF E2 (conf 0.42)
[20:25:56] t=707 ALARM enemy approaching -> counter 5 vs 3 -> [117, 76]
[20:25:56] {"kind": "action", "what": "attack_move", "name": null, "qty": null, "tid": null, "ts": "20:25:56"}
[20:25:58] t=707 jev INF E2 (conf 0.43)
[20:26:00] t=710 jev INF E2 (conf 0.39)
[20:26:02] t=712 jev INF E2 (conf 0.41)
[20:26:04] t=715 jev INF E2 (conf 0.43)
[20:26:04] t=718 RUSH-DEFENSE OFF (威胁解除) 恢复原公式
[20:26:06] t=718 jev STANCE defend->rush (conf 0.46)
[20:26:06] t=718 MOVE assault x2 -> (66,121); hold_a x1 -> (127,84); hold_b x1 -> (131,71)
[20:26:06] {"kind": "action", "what": "attack_move", "name": null, "qty": null, "tid": null, "ts": "20:26:06"}
[20:26:06] {"kind": "action", "what": "attack_move", "name": null, "qty": null, "tid": null, "ts": "20:26:06"}
[20:26:06] {"kind": "action", "what": "attack_move", "name": null, "qty": null, "tid": null, "ts": "20:26:06"}
[20:26:13] t=730 POWER plant (reserve 38)
[20:26:13] {"kind": "action", "what": "produce", "name": "NAPOWR", "qty": 1, "tid": null, "ts": "20:26:13"}
[20:26:15] t=730 MOVE assault x2 -> (105,88)
[20:26:15] {"kind": "action", "what": "attack_move", "name": null, "qty": null, "tid": null, "ts": "20:26:15"}
[20:26:17] t=732 MOVE assault x2 -> (107,86); guard x1 -> (137,82)
[20:26:17] {"kind": "action", "what": "attack_move", "name": null, "qty": null, "tid": null, "ts": "20:26:17"}
[20:26:17] {"kind": "action", "what": "attack_move", "name": null, "qty": null, "tid": null, "ts": "20:26:17"}
[20:26:20] t=735 MOVE assault x2 -> (108,84)
[20:26:20] {"kind": "action", "what": "attack_move", "name": null, "qty": null, "tid": null, "ts": "20:26:20"}
[20:26:22] t=739 MOVE assault x2 -> (108,82)
[20:26:22] {"kind": "action", "what": "attack_move", "name": null, "qty": null, "tid": null, "ts": "20:26:22"}
[20:26:22] t=741 ALARM enemy approaching -> RESCUE 预备队 3 人驰援远端 [110, 83]
[20:26:22] {"kind": "action", "what": "attack_move", "name": null, "qty": null, "tid": null, "ts": "20:26:22"}
[20:26:29] t=750 ESCORT 坦克#1520 -> 护航矿车@[129, 105]
[20:26:29] {"kind": "action", "what": "attack_move", "name": null, "qty": null, "tid": null, "ts": "20:26:29"}
[20:26:29] t=750 SCOUT* #1092->[14, 135]
[20:26:29] {"kind": "action", "what": "attack_move", "name": null, "qty": null, "tid": null, "ts": "20:26:29"}
[20:26:31] t=750 MOVE assault x3 -> (115,88); hold_a x1 -> (132,86); hold_b x1 -> (127,75)
[20:26:31] {"kind": "action", "what": "attack_move", "name": null, "qty": null, "tid": null, "ts": "20:26:31"}
[20:26:31] {"kind": "action", "what": "attack_move", "name": null, "qty": null, "tid": null, "ts": "20:26:31"}
[20:26:31] {"kind": "action", "what": "attack_move", "name": null, "qty": null, "tid": null, "ts": "20:26:31"}
[20:26:31] t=750 tick#325 credits=0 stance=rush | jev 325 decisions p50=1520ms
[20:26:32] t=754 ALARM enemy approaching -> 攻势保持（塔阵守家, 前线 6 个单位继续进攻）
[20:26:33] t=754 MOVE assault x3 -> (118,89); hold_a x1 -> (133,86); hold_b x1 -> (126,75)
[20:26:33] {"kind": "action", "what": "attack_move", "name": null, "qty": null, "tid": null, "ts": "20:26:33"}
[20:26:33] {"kind": "action", "what": "attack_move", "name": null, "qty": null, "tid": null, "ts": "20:26:33"}
[20:26:33] {"kind": "action", "what": "attack_move", "name": null, "qty": null, "tid": null, "ts": "20:26:33"}
[20:26:34] t=757 ALARM enemy approaching -> 攻势保持（塔阵守家, 前线 6 个单位继续进攻）
[20:26:35] t=757 MOVE assault x3 -> (119,91); hold_a x1 -> (134,86); hold_b x1 -> (126,76)
[20:26:35] {"kind": "action", "what": "attack_move", "name": null, "qty": null, "tid": null, "ts": "20:26:35"}
[20:26:35] {"kind": "action", "what": "attack_move", "name": null, "qty": null, "tid": null, "ts": "20:26:35"}
[20:26:35] {"kind": "action", "what": "attack_move", "name": null, "qty": null, "tid": null, "ts": "20:26:35"}
[20:26:36] t=760 ALARM enemy approaching -> 攻势保持（塔阵守家, 前线 6 个单位继续进攻）
[20:26:37] t=760 MOVE assault x3 -> (120,93); hold_a x1 -> (135,86); hold_b x1 -> (126,77)
[20:26:37] {"kind": "action", "what": "attack_move", "name": null, "qty": null, "tid": null, "ts": "20:26:37"}
[20:26:37] {"kind": "action", "what": "attack_move", "name": null, "qty": null, "tid": null, "ts": "20:26:37"}
[20:26:37] {"kind": "action", "what": "attack_move", "name": null, "qty": null, "tid": null, "ts": "20:26:37"}
[20:26:38] t=762 ALARM enemy approaching -> RESCUE 预备队 3 人驰援远端 [120, 96]
[20:26:38] {"kind": "action", "what": "attack_move", "name": null, "qty": null, "tid": null, "ts": "20:26:38"}
[20:26:46] t=771 jev BUILD NAHAND HOLD (资金闸门: 坦克优先, cash=229)
[20:26:46] t=771 MOVE assault x3 -> (66,121); hold_a x1 -> (136,86); hold_b x1 -> (126,78)
[20:26:46] {"kind": "action", "what": "attack_move", "name": null, "qty": null, "tid": null, "ts": "20:26:46"}
[20:26:46] {"kind": "action", "what": "attack_move", "name": null, "qty": null, "tid": null, "ts": "20:26:46"}
[20:26:46] {"kind": "action", "what": "attack_move", "name": null, "qty": null, "tid": null, "ts": "20:26:46"}
[20:26:48] t=774 jev BUILD NAHAND HOLD (资金闸门: 坦克优先, cash=170)
[20:26:48] t=774 jev INF E2 HOLD (预算保护 gate=False e2=2)
[20:26:48] t=774 jev VEH HARV HOLD (预算保护 cash=170 aav帽=ok aav=0)
[20:26:48] t=774 ATTACK (tanks=6)
[20:26:48] t=774 MOVE guard x1 -> (137,82)
[20:26:48] {"kind": "action", "what": "attack_move", "name": null, "qty": null, "tid": null, "ts": "20:26:48"}
[20:26:53] t=777 jev BUILD NAHAND HOLD (资金闸门: 坦克优先, cash=170)
[20:26:53] t=777 jev VEH HARV HOLD (预算保护 cash=170 aav帽=ok aav=0)
[20:26:53] t=777 jev STANCE attack->rush (conf 0.51)
[20:26:53] t=777 ATTACK (tanks=6)
[20:26:54] t=783 jev BUILD NAHAND HOLD (资金闸门: 坦克优先, cash=170)
[20:26:54] t=783 jev VEH HARV HOLD (预算保护 cash=170 aav帽=ok aav=0)
[20:26:54] t=783 jev STANCE attack->rush (conf 0.50)
[20:26:54] t=783 ATTACK (tanks=6)
[20:26:56] t=785 jev BUILD NAHAND HOLD (资金闸门: 坦克优先, cash=170)
[20:26:56] t=785 jev VEH HARV HOLD (预算保护 cash=170 aav帽=ok aav=0)
[20:26:56] t=785 jev STANCE attack->rush (conf 0.49)
[20:26:56] t=785 ATTACK (tanks=6)
[20:26:57] t=788 TANK HTNK x2
[20:26:57] {"kind": "action", "what": "produce", "name": "HTNK", "qty": 2, "tid": null, "ts": "20:26:57"}
[20:26:58] t=788 jev BUILD NAHAND HOLD (资金闸门: 坦克优先, cash=1295)
[20:26:58] t=788 jev STANCE attack->rush (conf 0.50)
[20:26:58] t=788 ATTACK (tanks=6)
[20:26:58] t=788 MOVE assault x4 -> (66,121)
[20:26:58] {"kind": "action", "what": "attack_move", "name": null, "qty": null, "tid": null, "ts": "20:26:58"}
[20:27:00] t=790 jev BUILD NAHAND HOLD (资金闸门: 坦克优先, cash=1169)
[20:27:00] t=790 jev STANCE attack->rush (conf 0.50)
[20:27:00] t=790 ATTACK (tanks=6)
[20:27:00] t=793 ESCORT 坦克#1108 -> 护航矿车@[131, 104]
[20:27:00] {"kind": "action", "what": "attack_move", "name": null, "qty": null, "tid": null, "ts": "20:27:00"}
[20:27:02] t=793 jev BUILD NAHAND (conf 0.22)
[20:27:02] t=793 jev STANCE attack->rush (conf 0.50)
[20:27:02] {"kind": "action", "what": "produce", "name": "NAHAND", "qty": 1, "tid": null, "ts": "20:27:02"}
[20:27:02] t=793 ATTACK (tanks=6)
[20:27:04] t=795 jev STANCE attack->rush (conf 0.49)
[20:27:04] t=795 ATTACK (tanks=6)
[20:27:06] t=798 jev STANCE attack->rush (conf 0.50)
[20:27:06] t=798 ATTACK (tanks=6)
[20:27:08] t=800 jev STANCE attack->rush (conf 0.50)
[20:27:08] t=800 ATTACK (tanks=6)
[20:27:10] t=803 jev STANCE attack->rush (conf 0.51)
[20:27:10] t=803 ATTACK (tanks=6)
[20:27:12] t=805 jev STANCE attack->rush (conf 0.51)
[20:27:12] t=805 ATTACK (tanks=6)
[20:27:12] t=805 MOVE assault x4 -> (66,121)
[20:27:12] {"kind": "action", "what": "attack_move", "name": null, "qty": null, "tid": null, "ts": "20:27:12"}
[20:27:13] t=808 jev STANCE attack->rush (conf 0.47)
[20:27:13] t=808 ATTACK (tanks=7)
[20:27:14] t=810 SCOUT* #1092->[49, 186]
[20:27:14] {"kind": "action", "what": "attack_move", "name": null, "qty": null, "tid": null, "ts": "20:27:14"}
[20:27:16] t=810 jev STANCE attack->rush (conf 0.49)
[20:27:16] t=810 ATTACK (tanks=7)
[20:27:17] t=813 jev STANCE attack->rush (conf 0.49)
[20:27:17] t=813 ATTACK (tanks=7)
[20:27:18] t=816 ENEMY BASE spotted @[75, 118]
[20:27:20] t=816 MOVE raid x2 -> (89,111); assault x3 -> 攻击目标#1095@(80,122); hold_a x1 -> (133,86); hold_b x1 -> (126,76); guard x1 -> (137,82)
[20:27:20] {"kind": "action", "what": "attack_move", "name": null, "qty": null, "tid": null, "ts": "20:27:20"}
[20:27:20] {"kind": "action", "what": "attack_obj", "name": null, "qty": null, "tid": 1095, "ts": "20:27:20"}
[20:27:20] {"kind": "action", "what": "attack_move", "name": null, "qty": null, "tid": null, "ts": "20:27:20"}
[20:27:20] {"kind": "action", "what": "attack_move", "name": null, "qty": null, "tid": null, "ts": "20:27:20"}
[20:27:20] {"kind": "action", "what": "attack_move", "name": null, "qty": null, "tid": null, "ts": "20:27:20"}
[20:27:22] t=819 MOVE raid x2 -> (89,107)
[20:27:22] {"kind": "action", "what": "attack_move", "name": null, "qty": null, "tid": null, "ts": "20:27:22"}
[20:27:24] t=822 MOVE raid x2 -> (90,105); assault x3 -> (75,118)
[20:27:24] {"kind": "action", "what": "attack_move", "name": null, "qty": null, "tid": null, "ts": "20:27:24"}
[20:27:24] {"kind": "action", "what": "attack_move", "name": null, "qty": null, "tid": null, "ts": "20:27:24"}
[20:27:27] t=825 jev VEH DRON HOLD (预算保护 cash=120 aav帽=ok aav=0)
[20:27:27] t=825 MOVE raid x2 -> (89,103)
[20:27:27] {"kind": "action", "what": "attack_move", "name": null, "qty": null, "tid": null, "ts": "20:27:27"}
[20:27:27] t=825 tick#350 credits=120 stance=attack | jev 350 decisions p50=1537ms
[20:27:29] t=828 jev VEH HTNK HOLD (预算保护 cash=120 aav帽=ok aav=0)
[20:27:29] t=828 MOVE raid x2 -> (91,102)
[20:27:29] {"kind": "action", "what": "attack_move", "name": null, "qty": null, "tid": null, "ts": "20:27:29"}
[20:27:31] t=831 jev VEH DRON HOLD (预算保护 cash=120 aav帽=ok aav=0)
[20:27:31] t=831 MOVE raid x2 -> (92,103)
[20:27:31] {"kind": "action", "what": "attack_move", "name": null, "qty": null, "tid": null, "ts": "20:27:31"}
[20:27:31] t=833 HARASS DRON x2 (have 0)
[20:27:31] t=833 ESCORT 坦克#1108 -> 护航矿车@[128, 104]
[20:27:31] {"kind": "action", "what": "produce", "name": "DRON", "qty": 2, "tid": null, "ts": "20:27:31"}
[20:27:31] {"kind": "action", "what": "attack_move", "name": null, "qty": null, "tid": null, "ts": "20:27:31"}
[20:27:33] t=833 MOVE raid x2 -> (93,104)
[20:27:33] {"kind": "action", "what": "attack_move", "name": null, "qty": null, "tid": null, "ts": "20:27:33"}
[20:27:35] t=836 MOVE raid x2 -> (95,102)
[20:27:35] {"kind": "action", "what": "attack_move", "name": null, "qty": null, "tid": null, "ts": "20:27:35"}
[20:27:37] t=839 MOVE raid x2 -> (97,102); assault x4 -> (75,118)
[20:27:37] {"kind": "action", "what": "attack_move", "name": null, "qty": null, "tid": null, "ts": "20:27:37"}
[20:27:37] {"kind": "action", "what": "attack_move", "name": null, "qty": null, "tid": null, "ts": "20:27:37"}
[20:27:39] t=842 jev INF E2 (conf 0.33)
[20:27:39] {"kind": "action", "what": "produce", "name": "E2", "qty": 1, "tid": null, "ts": "20:27:39"}
[20:27:39] t=842 MOVE raid x3 -> (99,102)
[20:27:39] {"kind": "action", "what": "attack_move", "name": null, "qty": null, "tid": null, "ts": "20:27:39"}
[20:27:43] t=847 MOVE raid x3 -> (100,100); assault x4 -> 攻击目标#1060@(75,118)
[20:27:43] {"kind": "action", "what": "attack_move", "name": null, "qty": null, "tid": null, "ts": "20:27:43"}
[20:27:43] {"kind": "action", "what": "attack_obj", "name": null, "qty": null, "tid": 1060, "ts": "20:27:43"}
[20:27:46] t=850 jev INF E2 HOLD (预算保护 gate=False e2=3)
[20:27:46] t=850 jev VEH HARV HOLD (预算保护 cash=355 aav帽=ok aav=0)
[20:27:46] t=850 MOVE t=850 SIEGE LOCK-ON (my 8270 >= 1.5x en 4560, 敌经济死亡) 全军集结总攻; raid x2 -> (81,117); t=850 SIEGE 清建筑 x12 -> #1060@(75,118)
[20:27:46] {"kind": "action", "what": "attack_move", "name": null, "qty": null, "tid": null, "ts": "20:27:46"}
[20:27:48] t=853 jev INF E2 HOLD (预算保护 gate=False e2=3)
[20:27:48] t=853 jev VEH HARV HOLD (预算保护 cash=355 aav帽=ok aav=0)
[20:27:48] t=853 MOVE raid x2 -> (82,117); assault x12 -> (75,118)
[20:27:48] {"kind": "action", "what": "attack_move", "name": null, "qty": null, "tid": null, "ts": "20:27:48"}
[20:27:48] {"kind": "action", "what": "attack_move", "name": null, "qty": null, "tid": null, "ts": "20:27:48"}
[20:27:50] t=856 jev INF E2 HOLD (预算保护 gate=False e2=3)
[20:27:50] t=856 jev VEH HARV HOLD (预算保护 cash=355 aav帽=ok aav=0)
[20:27:50] t=856 MOVE raid x2 -> (84,115)
[20:27:50] {"kind": "action", "what": "attack_move", "name": null, "qty": null, "tid": null, "ts": "20:27:50"}
[20:27:52] t=859 jev INF E2 HOLD (预算保护 gate=False e2=3)
[20:27:52] t=859 jev VEH HARV HOLD (预算保护 cash=355 aav帽=ok aav=0)
[20:27:52] t=859 MOVE assault x12 -> 攻击目标#1177@(75,115); t=859 SIEGE 清建筑 x12 -> #1177@(75,115)
[20:27:52] {"kind": "action", "what": "attack_obj", "name": null, "qty": null, "tid": 1177, "ts": "20:27:52"}
[20:27:55] t=862 jev INF E2 HOLD (预算保护 gate=False e2=3)
[20:27:55] t=862 jev VEH HTK HOLD (预算保护 cash=355 aav帽=ok aav=0)
[20:27:57] t=865 jev INF E2 HOLD (预算保护 gate=False e2=3)
[20:27:57] t=865 jev VEH HARV HOLD (预算保护 cash=355 aav帽=ok aav=0)
[20:27:57] t=865 MOVE raid x2 -> (81,117); t=865 SIEGE 清建筑 x12 -> #1177@(75,115)
[20:27:57] {"kind": "action", "what": "attack_move", "name": null, "qty": null, "tid": null, "ts": "20:27:57"}
[20:27:59] t=868 jev INF E2 HOLD (预算保护 gate=False e2=3)
[20:27:59] t=868 jev VEH HARV HOLD (预算保护 cash=355 aav帽=ok aav=0)
[20:27:59] t=868 MOVE raid x2 -> (80,118); t=868 SIEGE 清建筑 x12 -> #1177@(75,115)
[20:27:59] {"kind": "action", "what": "attack_move", "name": null, "qty": null, "tid": null, "ts": "20:27:59"}
[20:28:01] t=871 jev INF E2 HOLD (预算保护 gate=False e2=3)
[20:28:01] t=871 jev VEH HTK HOLD (预算保护 cash=355 aav帽=ok aav=0)
[20:28:01] t=871 MOVE raid x2 -> (81,120); t=871 SIEGE 清建筑 x12 -> #1177@(75,115)
[20:28:01] {"kind": "action", "what": "attack_move", "name": null, "qty": null, "tid": null, "ts": "20:28:01"}
[20:28:02] t=874 ESCORT 坦克#1573 -> 护航矿车@[124, 104]
[20:28:02] t=874 RETREAT HTNK(33%)
[20:28:02] {"kind": "action", "what": "attack_move", "name": null, "qty": null, "tid": null, "ts": "20:28:02"}
[20:28:02] {"kind": "action", "what": "move", "name": null, "qty": null, "tid": null, "ts": "20:28:02"}
[20:28:04] t=874 jev INF E2 HOLD (预算保护 gate=False e2=3)
[20:28:04] t=874 jev VEH HTK HOLD (预算保护 cash=355 aav帽=ok aav=0)
[20:28:04] t=877 RETREAT HTNK(34%)
[20:28:04] {"kind": "action", "what": "move", "name": null, "qty": null, "tid": null, "ts": "20:28:04"}
[20:28:06] t=877 jev INF E2 HOLD (预算保护 gate=False e2=3)
[20:28:06] t=877 jev VEH HTK HOLD (预算保护 cash=355 aav帽=ok aav=0)
[20:28:06] t=877 MOVE assault x12 -> 攻击目标#1177@(75,115); t=877 SIEGE 清建筑 x12 -> #1177@(75,115)
[20:28:06] {"kind": "action", "what": "attack_obj", "name": null, "qty": null, "tid": 1177, "ts": "20:28:06"}
[20:28:08] t=880 jev BUILD NARADR HOLD (资金闸门: 坦克优先, cash=355)
[20:28:08] t=880 jev INF E2 HOLD (预算保护 gate=False e2=3)
[20:28:08] t=880 jev VEH HARV HOLD (预算保护 cash=355 aav帽=ok aav=0)
[20:28:08] t=883 ALARM unit lost -> 攻势保持（塔阵守家, 前线 9 个单位继续进攻）
[20:28:10] t=883 jev BUILD NARADR HOLD (资金闸门: 坦克优先, cash=355)
[20:28:10] t=883 jev INF E2 HOLD (预算保护 gate=False e2=3)
[20:28:10] t=883 jev VEH HARV HOLD (预算保护 cash=355 aav帽=ok aav=0)
[20:28:10] t=883 MOVE raid x2 -> (81,119); t=883 SIEGE 清建筑 x11 -> #1177@(75,115)
[20:28:10] {"kind": "action", "what": "attack_move", "name": null, "qty": null, "tid": null, "ts": "20:28:10"}
[20:28:11] t=886 ALARM unit lost -> 攻势保持（塔阵守家, 前线 6 个单位继续进攻）
[20:28:13] t=886 jev INF E2 HOLD (预算保护 gate=False e2=3)
[20:28:13] t=886 jev VEH HARV HOLD (预算保护 cash=355 aav帽=ok aav=0)
[20:28:13] t=886 MOVE raid x1 -> (81,116); t=886 SIEGE 清建筑 x10 -> #1177@(75,115)
[20:28:13] {"kind": "action", "what": "attack_move", "name": null, "qty": null, "tid": null, "ts": "20:28:13"}
[20:28:15] t=889 jev INF E2 HOLD (预算保护 gate=False e2=3)
[20:28:15] t=889 jev VEH HARV HOLD (预算保护 cash=355 aav帽=ok aav=0)
[20:28:15] t=892 ALARM unit lost -> 攻势保持（塔阵守家, 前线 6 个单位继续进攻）
[20:28:17] t=892 jev BUILD NARADR HOLD (资金闸门: 坦克优先, cash=355)
[20:28:17] t=892 jev INF E2 HOLD (预算保护 gate=False e2=3)
[20:28:17] t=892 jev VEH HARV HOLD (预算保护 cash=355 aav帽=ok aav=0)
[20:28:19] t=895 jev BUILD NARADR HOLD (资金闸门: 坦克优先, cash=355)
[20:28:19] t=895 jev INF E2 HOLD (预算保护 gate=False e2=3)
[20:28:19] t=895 jev VEH HARV HOLD (预算保护 cash=355 aav帽=ok aav=0)
[20:28:19] t=895 MOVE assault x8 -> 攻击目标#1177@(75,115); t=895 SIEGE 清建筑 x8 -> #1177@(75,115)
[20:28:19] {"kind": "action", "what": "attack_obj", "name": null, "qty": null, "tid": 1177, "ts": "20:28:19"}
[20:28:21] t=898 jev BUILD NARADR HOLD (资金闸门: 坦克优先, cash=355)
[20:28:21] t=898 jev INF E2 HOLD (预算保护 gate=False e2=3)
[20:28:21] t=898 jev VEH HARV HOLD (预算保护 cash=355 aav帽=ok aav=0)
[20:28:21] t=898 tick#375 credits=355 stance=attack | jev 375 decisions p50=1552ms
[20:28:22] t=901 HARASS DRON x2 (have 0)
[20:28:22] t=901 V3-RESPONSE HTK x1 (alive 0, seen t0 fire t1000000901)
[20:28:22] t=901 RETREAT HTNK(33%)
[20:28:22] {"kind": "action", "what": "produce", "name": "DRON", "qty": 2, "tid": null, "ts": "20:28:22"}
[20:28:22] {"kind": "action", "what": "produce", "name": "HTK", "qty": 1, "tid": null, "ts": "20:28:22"}
[20:28:22] {"kind": "action", "what": "move", "name": null, "qty": null, "tid": null, "ts": "20:28:22"}
[20:28:23] t=901 jev BUILD NARADR HOLD (资金闸门: 坦克优先, cash=1480)
[20:28:23] t=901 jev INF E2 (conf 0.44)
[20:28:23] t=901 THREAT 0.65 -> force defend
[20:28:24] {"kind": "action", "what": "produce", "name": "E2", "qty": 1, "tid": null, "ts": "20:28:24"}
[20:28:24] t=901 ATTACK (tanks=6)
[20:28:26] t=904 jev BUILD NARADR (conf 0.12)
[20:28:26] t=904 THREAT 0.62 -> force defend
[20:28:26] {"kind": "action", "what": "produce", "name": "NARADR", "qty": 1, "tid": null, "ts": "20:28:26"}
[20:28:26] t=904 ATTACK (tanks=6)
[20:28:28] t=907 THREAT 0.62 -> force defend
[20:28:28] t=907 ATTACK (tanks=6)
[20:28:28] t=909 RETREAT HTNK(8%)
[20:28:28] t=909 RETREAT HTNK(37%)
[20:28:28] {"kind": "action", "what": "move", "name": null, "qty": null, "tid": null, "ts": "20:28:28"}
[20:28:28] {"kind": "action", "what": "move", "name": null, "qty": null, "tid": null, "ts": "20:28:28"}
[20:28:30] t=909 jev INF E2 (conf 0.40)
[20:28:30] t=909 THREAT 0.61 -> force defend
[20:28:30] t=909 ATTACK (tanks=7)
[20:28:30] t=909 MOVE raid x1 -> (79,121); t=909 SIEGE 清建筑 x10 -> #1177@(75,115)
[20:28:30] {"kind": "action", "what": "attack_move", "name": null, "qty": null, "tid": null, "ts": "20:28:30"}
[20:28:32] t=912 jev INF E2 (conf 0.40)
[20:28:32] t=912 THREAT 0.61 -> force defend
[20:28:32] t=912 ATTACK (tanks=7)
[20:28:32] t=912 MOVE assault x10 -> 攻击目标#1177@(75,115); t=912 SIEGE 清建筑 x10 -> #1177@(75,115)
[20:28:32] {"kind": "action", "what": "attack_obj", "name": null, "qty": null, "tid": 1177, "ts": "20:28:32"}
[20:28:32] t=915 ESCORT 坦克#2094 -> 护航矿车@[126, 104]
[20:28:32] {"kind": "action", "what": "attack_move", "name": null, "qty": null, "tid": null, "ts": "20:28:32"}
[20:28:34] t=915 jev INF E2 (conf 0.40)
[20:28:34] t=915 THREAT 0.61 -> force defend
[20:28:34] t=915 ATTACK (tanks=7)
[20:28:37] t=918 jev INF E2 (conf 0.44)
[20:28:37] t=918 THREAT 0.59 -> force defend
[20:28:37] t=918 ATTACK (tanks=8)
[20:28:37] t=921 RETREAT HTNK(25%)
[20:28:37] {"kind": "action", "what": "move", "name": null, "qty": null, "tid": null, "ts": "20:28:37"}
[20:28:39] t=921 jev INF E2 (conf 0.44)
[20:28:39] t=921 THREAT 0.59 -> force defend
[20:28:39] t=921 ATTACK (tanks=8)
[20:28:39] t=924 ALARM unit lost -> 攻势保持（塔阵守家, 前线 8 个单位继续进攻）
[20:28:39] t=924 V3-RESPONSE HTK x1 (alive 1, seen t0 fire t1000000924)
[20:28:41] t=924 jev INF E2 HOLD (预算保护 gate=False e2=4)
[20:28:41] t=924 jev VEH HTK HOLD (预算保护 cash=783 aav帽=ok aav=1)
[20:28:41] t=924 THREAT 0.57 -> force defend
[20:28:41] t=924 ATTACK (tanks=7)
[20:28:41] t=924 MOVE t=924 SIEGE 清建筑 x9 -> #1177@(75,115); aahunt x1 -> (125,84)
[20:28:41] {"kind": "action", "what": "attack_move", "name": null, "qty": null, "tid": null, "ts": "20:28:41"}
[20:28:41] t=927 V3-RESPONSE HTK x1 (alive 1, seen t0 fire t1000000927)
[20:28:43] t=927 jev INF E2 HOLD (预算保护 gate=False e2=4)
[20:28:43] t=927 jev VEH HTK HOLD (预算保护 cash=712 aav帽=ok aav=1)
[20:28:43] t=927 THREAT 0.60 -> force defend
[20:28:43] t=927 ATTACK (tanks=7)
[20:28:43] t=930 V3-RESPONSE HTK x2 (alive 1, seen t0 fire t1000000930)
[20:28:43] t=930 RETREAT HTNK(35%)
[20:28:43] {"kind": "action", "what": "move", "name": null, "qty": null, "tid": null, "ts": "20:28:43"}
[20:28:45] t=930 jev INF E2 (conf 0.39)
[20:28:45] t=930 jev VEH HTK (conf 0.21)
[20:28:45] t=930 THREAT 0.58 -> force defend
[20:28:45] t=930 ATTACK (tanks=7)
[20:28:45] t=930 MOVE assault x9 -> 攻击目标#1177@(75,115); t=930 SIEGE 清建筑 x9 -> #1177@(75,115)
[20:28:45] {"kind": "action", "what": "attack_obj", "name": null, "qty": null, "tid": 1177, "ts": "20:28:45"}
[20:28:45] t=932 V3-RESPONSE HTK x2 (alive 1, seen t0 fire t1000000932)
[20:28:47] t=932 jev INF E2 (conf 0.40)
[20:28:47] t=932 jev VEH HTK (conf 0.21)
[20:28:47] t=932 THREAT 0.59 -> force defend
[20:28:47] {"kind": "action", "what": "produce", "name": "HTK", "qty": 1, "tid": null, "ts": "20:28:47"}
[20:28:47] t=932 ATTACK (tanks=7)
[20:28:49] t=935 jev INF E2 (conf 0.37)
[20:28:49] t=935 THREAT 0.57 -> force defend
[20:28:49] {"kind": "action", "what": "produce", "name": "E2", "qty": 1, "tid": null, "ts": "20:28:49"}
[20:28:49] t=935 ATTACK (tanks=7)
[20:28:50] t=938 ALARM unit lost -> 攻势保持（塔阵守家, 前线 7 个单位继续进攻）
[20:28:51] t=938 THREAT 0.59 -> force defend
[20:28:51] t=938 ATTACK (tanks=6)
[20:28:51] t=938 MOVE raid x2 -> (79,121); t=938 SIEGE 清建筑 x8 -> #1177@(75,115)
[20:28:51] {"kind": "action", "what": "attack_move", "name": null, "qty": null, "tid": null, "ts": "20:28:51"}
[20:28:54] t=941 THREAT 0.63 -> force defend
[20:28:54] t=941 ATTACK (tanks=6)
[20:28:54] t=944 V3-RESPONSE HTK x1 (alive 2, seen t0 fire t1000000944)
[20:28:56] t=944 jev INF E2 (conf 0.40)
[20:28:56] t=944 jev VEH HTK HOLD (预算保护 cash=950 aav帽=ok aav=2)
[20:28:56] t=944 THREAT 0.62 -> force defend
[20:28:56] t=944 ATTACK (tanks=7)
[20:28:56] t=947 V3-RESPONSE HTK x1 (alive 2, seen t0 fire t1000000947)
[20:28:58] t=947 jev INF FLAKT (conf 0.65)
[20:28:58] t=947 jev VEH HTK HOLD (预算保护 cash=950 aav帽=ok aav=2)
[20:28:58] t=947 THREAT 0.61 -> force defend
[20:28:58] {"kind": "action", "what": "produce", "name": "FLAKT", "qty": 1, "tid": null, "ts": "20:28:58"}
[20:28:58] t=947 ATTACK (tanks=7)
[20:28:58] t=947 MOVE assault x9 -> 攻击目标#1177@(75,115); t=947 SIEGE 清建筑 x9 -> #1177@(75,115)
[20:28:58] {"kind": "action", "what": "attack_obj", "name": null, "qty": null, "tid": 1177, "ts": "20:28:58"}
[20:28:58] t=950 V3-RESPONSE HTK x1 (alive 2, seen t0 fire t1000000950)
[20:28:58] t=950 RETREAT DRON(12%)
[20:28:58] {"kind": "action", "what": "move", "name": null, "qty": null, "tid": null, "ts": "20:28:58"}
[20:29:00] t=950 jev VEH HTK HOLD (预算保护 cash=923 aav帽=ok aav=2)
[20:29:00] t=950 THREAT 0.59 -> force defend
[20:29:00] t=950 ATTACK (tanks=7)
[20:29:01] t=953 V3-RESPONSE HTK x1 (alive 2, seen t0 fire t1000000953)
[20:29:01] t=953 RETREAT HTNK(14%)
[20:29:01] {"kind": "action", "what": "move", "name": null, "qty": null, "tid": null, "ts": "20:29:01"}
[20:29:03] t=953 jev VEH HTK HOLD (预算保护 cash=705 aav帽=ok aav=2)
[20:29:03] t=953 THREAT 0.57 -> force defend
[20:29:03] t=953 ATTACK (tanks=7)
[20:29:03] t=956 ALARM unit lost -> 攻势保持（塔阵守家, 前线 8 个单位继续进攻）
[20:29:03] t=956 V3-RESPONSE HTK x1 (alive 2, seen t0 fire t1000000956)
[20:29:03] t=956 ESCORT 坦克#2155 -> 护航矿车@[133, 107]
[20:29:03] {"kind": "action", "what": "attack_move", "name": null, "qty": null, "tid": null, "ts": "20:29:03"}
[20:29:05] t=956 jev VEH HTK HOLD (预算保护 cash=700 aav帽=ok aav=2)
[20:29:05] t=959 ALARM unit lost -> 攻势保持（塔阵守家, 前线 7 个单位继续进攻）
[20:29:05] t=959 HARASS DRON x2 (have 1)
[20:29:05] {"kind": "action", "what": "produce", "name": "DRON", "qty": 2, "tid": null, "ts": "20:29:05"}
[20:29:10] t=965 ALARM unit lost -> 攻势保持（塔阵守家, 前线 6 个单位继续进攻）
[20:29:12] t=965 MOVE raid x1 -> (79,121); assault x6 -> 攻击目标#1177@(75,115); t=965 SIEGE 清建筑 x6 -> #1177@(75,115); aahunt x2 -> (125,84)
[20:29:12] {"kind": "action", "what": "attack_move", "name": null, "qty": null, "tid": null, "ts": "20:29:12"}
[20:29:12] {"kind": "action", "what": "attack_obj", "name": null, "qty": null, "tid": 1177, "ts": "20:29:12"}
[20:29:12] {"kind": "action", "what": "attack_move", "name": null, "qty": null, "tid": null, "ts": "20:29:12"}
[20:29:12] t=968 ALARM unit lost -> 攻势保持（塔阵守家, 前线 7 个单位继续进攻）
[20:29:15] t=968 THREAT 0.56 -> force defend
[20:29:15] t=972 ALARM unit lost -> TURTLE (6 v 15, 守塔阵不打野战)
[20:29:15] {"kind": "action", "what": "attack_move", "name": null, "qty": null, "tid": null, "ts": "20:29:15"}
[20:29:17] t=972 tick#400 credits=1229 stance=defend | jev 400 decisions p50=1573ms
[20:29:17] t=975 V3-RESPONSE HTK x2 (alive 2, seen t0 fire t1000000975)
[20:29:17] {"kind": "action", "what": "produce", "name": "HTK", "qty": 2, "tid": null, "ts": "20:29:17"}
[20:29:19] t=975 ATTACK (tanks=6)
[20:29:20] t=978 RETREAT E2(27%)
[20:29:20] {"kind": "action", "what": "move", "name": null, "qty": null, "tid": null, "ts": "20:29:20"}
[20:29:20] t=978 SCOUT #2155->[14, 178] (敌影)
[20:29:20] {"kind": "action", "what": "attack_move", "name": null, "qty": null, "tid": null, "ts": "20:29:20"}
[20:29:25] t=978 THREAT 0.59 -> force defend
[20:29:25] t=978 MOVE assault x5 -> 攻击目标#1095@(80,122); t=978 SIEGE 清建筑 x5 -> #1095@(80,122)
[20:29:25] {"kind": "action", "what": "attack_obj", "name": null, "qty": null, "tid": 1095, "ts": "20:29:25"}
[20:29:25] t=985 ALARM unit lost -> TURTLE (7 v 14, 守塔阵不打野战)
[20:29:25] {"kind": "action", "what": "attack_move", "name": null, "qty": null, "tid": null, "ts": "20:29:25"}
[20:29:27] t=985 ATTACK (tanks=6)
[20:29:32] t=992 jev VEH HARV HOLD (预算保护 cash=125 aav帽=ok aav=4)
[20:29:34] t=995 jev VEH HARV HOLD (预算保护 cash=125 aav帽=ok aav=4)
[20:29:34] t=995 MOVE raid x2 -> (78,123); assault x4 -> 攻击目标#1177@(75,115); t=995 SIEGE 清建筑 x4 -> #1177@(75,115)
[20:29:34] {"kind": "action", "what": "attack_move", "name": null, "qty": null, "tid": null, "ts": "20:29:34"}
[20:29:34] {"kind": "action", "what": "attack_obj", "name": null, "qty": null, "tid": 1177, "ts": "20:29:34"}
[20:29:34] t=998 ESCORT 坦克#2468 -> 护航矿车@[120, 118]
[20:29:34] {"kind": "action", "what": "attack_move", "name": null, "qty": null, "tid": null, "ts": "20:29:34"}
[20:29:36] t=998 jev VEH HARV HOLD (预算保护 cash=275 aav帽=ok aav=4)
[20:29:42] t=1001 jev VEH HARV HOLD (预算保护 cash=275 aav帽=ok aav=4)
[20:29:42] t=1001 MOVE t=1001 GHOST detected #1060@[75, 118] (集火150gs不倒, 拉黑); t=1001 SIEGE 清建筑 x4 -> #1177@(75,115); aahunt x4 -> (125,84)
[20:29:42] {"kind": "action", "what": "attack_move", "name": null, "qty": null, "tid": null, "ts": "20:29:42"}
[20:29:45] t=1009 jev VEH HARV HOLD (预算保护 cash=275 aav帽=ok aav=4)
[20:29:45] t=1009 MOVE raid x2 -> (80,121); t=1009 SIEGE 清建筑 x4 -> #1177@(75,115)
[20:29:45] {"kind": "action", "what": "attack_move", "name": null, "qty": null, "tid": null, "ts": "20:29:45"}
[20:29:45] t=1012 ALARM unit lost -> 攻势保持（塔阵守家, 前线 7 个单位继续进攻）
[20:29:51] t=1012 jev VEH HTK HOLD (预算保护 cash=275 aav帽=hit aav=4)
[20:29:51] t=1012 MOVE raid x1 -> (84,123); t=1012 GHOST detected #1177@[75, 115] (集火150gs不倒, 拉黑); assault x3 -> 攻击目标#1095@(80,122); t=1012 SIEGE 清建筑 x3 -> #1095@(80,122)
[20:29:51] {"kind": "action", "what": "attack_move", "name": null, "qty": null, "tid": null, "ts": "20:29:51"}
[20:29:51] {"kind": "action", "what": "attack_obj", "name": null, "qty": null, "tid": 1095, "ts": "20:29:51"}
[20:29:52] t=1021 ALARM unit lost -> 攻势保持（塔阵守家, 前线 6 个单位继续进攻）
[20:29:52] t=1021 HARASS DRON x2 (have 1)
[20:29:52] {"kind": "action", "what": "produce", "name": "DRON", "qty": 2, "tid": null, "ts": "20:29:52"}
[20:30:01] t=1030 MOVE raid x1 -> (83,117); t=1030 SIEGE 清建筑 x3 -> #1095@(80,122)
[20:30:01] {"kind": "action", "what": "attack_move", "name": null, "qty": null, "tid": null, "ts": "20:30:01"}
[20:30:06] t=1033 THREAT 0.55 -> force defend
[20:30:06] t=1033 ATTACK (tanks=6)
[20:30:06] t=1033 MOVE raid x1 -> (83,113); assault x3 -> 攻击目标#1095@(80,122); t=1033 SIEGE 清建筑 x3 -> #1095@(80,122)
[20:30:06] {"kind": "action", "what": "attack_move", "name": null, "qty": null, "tid": null, "ts": "20:30:06"}
[20:30:06] {"kind": "action", "what": "attack_obj", "name": null, "qty": null, "tid": 1095, "ts": "20:30:06"}
[20:30:07] t=1041 ESCORT 坦克#2521 -> 护航矿车@[119, 133]
[20:30:07] {"kind": "action", "what": "attack_move", "name": null, "qty": null, "tid": null, "ts": "20:30:07"}
[20:30:12] t=1041 jev VEH HTK HOLD (预算保护 cash=300 aav帽=hit aav=4)
[20:30:12] t=1041 MOVE raid x2 -> (76,106); t=1041 SIEGE 清建筑 x4 -> #1095@(80,122)
[20:30:12] {"kind": "action", "what": "attack_move", "name": null, "qty": null, "tid": null, "ts": "20:30:12"}
[20:30:14] t=1048 jev VEH HARV HOLD (预算保护 cash=300 aav帽=ok aav=4)
[20:30:14] t=1048 MOVE raid x2 -> (90,111); assault x2 -> (137,82); t=1048 SIEGE STAGING x2/8 (攒兵团, 齐冲再上); hold_a x1 -> (133,86); hold_b x1 -> (126,75); aahunt x4 -> (125,84)
[20:30:14] {"kind": "action", "what": "attack_move", "name": null, "qty": null, "tid": null, "ts": "20:30:14"}
[20:30:14] {"kind": "action", "what": "attack_move", "name": null, "qty": null, "tid": null, "ts": "20:30:14"}
[20:30:14] {"kind": "action", "what": "attack_move", "name": null, "qty": null, "tid": null, "ts": "20:30:14"}
[20:30:14] {"kind": "action", "what": "attack_move", "name": null, "qty": null, "tid": null, "ts": "20:30:14"}
[20:30:14] {"kind": "action", "what": "attack_move", "name": null, "qty": null, "tid": null, "ts": "20:30:14"}
[20:30:15] t=1052 ALARM unit lost -> 攻势保持（塔阵守家, 前线 7 个单位继续进攻）
[20:30:15] t=1052 TANK HTNK x2
[20:30:15] {"kind": "action", "what": "produce", "name": "HTNK", "qty": 2, "tid": null, "ts": "20:30:15"}
[20:30:17] t=1052 MOVE raid x2 -> (93,109); t=1052 SIEGE STAGING x2/8 (攒兵团, 齐冲再上)
[20:30:17] {"kind": "action", "what": "attack_move", "name": null, "qty": null, "tid": null, "ts": "20:30:17"}
[20:30:20] t=1055 MOVE raid x2 -> (94,109); t=1055 SIEGE STAGING x2/8 (攒兵团, 齐冲再上)
[20:30:20] {"kind": "action", "what": "attack_move", "name": null, "qty": null, "tid": null, "ts": "20:30:20"}
[20:30:20] t=1059 ALARM unit lost -> 攻势保持（塔阵守家, 前线 6 个单位继续进攻）
[20:30:23] t=1059 THREAT 0.60 -> force defend
[20:30:23] t=1059 ATTACK (tanks=6)
[20:30:29] t=1063 THREAT 0.61 -> force defend
[20:30:29] t=1063 ATTACK (tanks=6)
[20:30:29] t=1063 MOVE raid x1 -> (90,106); assault x1 -> (137,82); t=1063 SIEGE STAGING x1/8 (攒兵团, 齐冲再上)
[20:30:29] {"kind": "action", "what": "attack_move", "name": null, "qty": null, "tid": null, "ts": "20:30:29"}
[20:30:29] {"kind": "action", "what": "attack_move", "name": null, "qty": null, "tid": null, "ts": "20:30:29"}
[20:30:31] t=1071 MOVE raid x1 -> (79,102); t=1071 SIEGE STAGING x2/8 (攒兵团, 齐冲再上)
[20:30:31] {"kind": "action", "what": "attack_move", "name": null, "qty": null, "tid": null, "ts": "20:30:31"}
[20:30:32] t=1074 ALARM unit lost -> 攻势保持（塔阵守家, 前线 6 个单位继续进攻）
[20:30:37] t=1081 ESCORT 坦克#2552 -> 护航矿车@[121, 137]
[20:30:37] {"kind": "action", "what": "attack_move", "name": null, "qty": null, "tid": null, "ts": "20:30:37"}
[20:30:39] t=1081 tick#425 credits=1305 stance=attack | jev 425 decisions p50=1616ms
[20:30:41] t=1084 MOVE assault x1 -> (137,82); t=1084 SIEGE STAGING x1/8 (攒兵团, 齐冲再上)
[20:30:41] {"kind": "action", "what": "attack_move", "name": null, "qty": null, "tid": null, "ts": "20:30:41"}
[20:30:49] t=1088 MOVE t=1088 SIEGE STAGING x1/8 (攒兵团, 齐冲再上); aahunt x4 -> (125,84)
[20:30:49] {"kind": "action", "what": "attack_move", "name": null, "qty": null, "tid": null, "ts": "20:30:49"}
[20:30:49] t=1097 HARASS DRON x2 (have 1)
[20:30:49] {"kind": "action", "what": "produce", "name": "DRON", "qty": 2, "tid": null, "ts": "20:30:49"}
[20:30:54] t=1101 MOVE assault x2 -> (137,82); t=1101 SIEGE STAGING x2/8 (攒兵团, 齐冲再上)
[20:30:54] {"kind": "action", "what": "attack_move", "name": null, "qty": null, "tid": null, "ts": "20:30:54"}
[20:30:59] t=1108 MOVE raid x1 -> (79,113); t=1108 SIEGE STAGING x3/8 (攒兵团, 齐冲再上)
[20:30:59] {"kind": "action", "what": "attack_move", "name": null, "qty": null, "tid": null, "ts": "20:30:59"}
[20:31:01] t=1111 MOVE raid x1 -> (79,108); t=1111 SIEGE STAGING x3/8 (攒兵团, 齐冲再上)
[20:31:02] {"kind": "action", "what": "attack_move", "name": null, "qty": null, "tid": null, "ts": "20:31:02"}
[20:31:04] t=1114 jev VEH HTK HOLD (预算保护 cash=250 aav帽=hit aav=4)
[20:31:04] t=1114 MOVE raid x2 -> (80,105); t=1114 SIEGE STAGING x4/8 (攒兵团, 齐冲再上)
[20:31:04] {"kind": "action", "what": "attack_move", "name": null, "qty": null, "tid": null, "ts": "20:31:04"}
[20:31:11] t=1118 jev VEH HTK HOLD (预算保护 cash=250 aav帽=hit aav=4)
[20:31:11] t=1118 THREAT 0.56 -> force defend
[20:31:11] t=1118 ATTACK (tanks=9)
[20:31:11] t=1118 MOVE raid x2 -> (80,101); assault x4 -> (137,82); t=1118 SIEGE STAGING x4/8 (攒兵团, 齐冲再上)
[20:31:11] {"kind": "action", "what": "attack_move", "name": null, "qty": null, "tid": null, "ts": "20:31:11"}
[20:31:11] {"kind": "action", "what": "attack_move", "name": null, "qty": null, "tid": null, "ts": "20:31:11"}
[20:31:11] t=1127 ESCORT 坦克#2567 -> 护航矿车@[117, 134]
[20:31:11] {"kind": "action", "what": "attack_move", "name": null, "qty": null, "tid": null, "ts": "20:31:11"}
[20:31:16] t=1127 jev VEH HTK HOLD (预算保护 cash=250 aav帽=hit aav=4)
[20:31:16] t=1127 MOVE raid x2 -> (93,104); t=1127 SIEGE STAGING x4/8 (攒兵团, 齐冲再上); hold_a x1 -> (133,86)
[20:31:16] {"kind": "action", "what": "attack_move", "name": null, "qty": null, "tid": null, "ts": "20:31:16"}
[20:31:16] {"kind": "action", "what": "attack_move", "name": null, "qty": null, "tid": null, "ts": "20:31:16"}
[20:31:19] t=1134 jev VEH HTK HOLD (预算保护 cash=250 aav帽=hit aav=4)
[20:31:19] t=1134 THREAT 0.55 -> force defend
[20:31:19] t=1134 ATTACK (tanks=9)
[20:31:19] t=1134 MOVE t=1134 GHOST detected #1095@[80, 122] (集火150gs不倒, 拉黑); t=1134 SIEGE STAGING x4/8 (攒兵团, 齐冲再上); aahunt x4 -> (125,84)
[20:31:19] {"kind": "action", "what": "attack_move", "name": null, "qty": null, "tid": null, "ts": "20:31:19"}
[20:31:19] t=1138 ALARM unit lost -> 攻势保持（塔阵守家, 前线 8 个单位继续进攻）
[20:31:21] t=1138 jev BUILD NATECH HOLD (资金闸门: 坦克优先, cash=250)
[20:31:21] t=1138 jev VEH HTK HOLD (预算保护 cash=250 aav帽=hit aav=4)
[20:31:21] t=1138 THREAT 0.58 -> force defend
[20:31:21] t=1138 ATTACK (tanks=8)
[20:31:22] t=1141 ALARM unit lost -> 攻势保持（塔阵守家, 前线 7 个单位继续进攻）
[20:31:24] t=1141 jev VEH HTK HOLD (预算保护 cash=250 aav帽=hit aav=4)
[20:31:24] t=1141 THREAT 0.62 -> force defend
[20:31:24] t=1141 ATTACK (tanks=7)
[20:31:24] t=1141 MOVE assault x2 -> (137,82); t=1141 SIEGE STAGING x2/8 (攒兵团, 齐冲再上)
[20:31:24] {"kind": "action", "what": "attack_move", "name": null, "qty": null, "tid": null, "ts": "20:31:24"}
[20:31:26] t=1144 jev VEH HTK HOLD (预算保护 cash=250 aav帽=hit aav=4)
[20:31:26] t=1144 THREAT 0.63 -> force defend
[20:31:26] t=1144 ATTACK (tanks=7)
[20:31:31] t=1148 jev VEH HTK HOLD (预算保护 cash=250 aav帽=hit aav=4)
[20:31:31] t=1148 THREAT 0.63 -> force defend
[20:31:31] t=1148 ATTACK (tanks=7)
[20:31:34] t=1154 jev VEH HTK HOLD (预算保护 cash=250 aav帽=hit aav=4)
[20:31:34] t=1154 THREAT 0.63 -> force defend
[20:31:34] t=1154 ATTACK (tanks=7)
[20:31:34] t=1157 HARASS DRON x2 (have 1)
[20:31:34] {"kind": "action", "what": "produce", "name": "DRON", "qty": 2, "tid": null, "ts": "20:31:34"}
[20:31:36] t=1157 THREAT 0.62 -> force defend
[20:31:36] t=1157 ATTACK (tanks=7)
[20:31:36] t=1157 MOVE assault x2 -> (137,82); t=1157 SIEGE STAGING x2/8 (攒兵团, 齐冲再上)
[20:31:36] {"kind": "action", "what": "attack_move", "name": null, "qty": null, "tid": null, "ts": "20:31:36"}
[20:31:39] t=1161 THREAT 0.62 -> force defend
[20:31:39] t=1161 ATTACK (tanks=7)
[20:31:41] t=1164 THREAT 0.63 -> force defend
[20:31:41] t=1164 ATTACK (tanks=7)
[20:31:41] t=1167 ESCORT 坦克#2591 -> 护航矿车@[120, 108]
[20:31:41] {"kind": "action", "what": "attack_move", "name": null, "qty": null, "tid": null, "ts": "20:31:41"}
[20:31:43] t=1167 THREAT 0.62 -> force defend
[20:31:43] t=1167 ATTACK (tanks=8)
[20:31:43] t=1167 MOVE raid x1 -> (93,104); t=1167 SIEGE STAGING x3/8 (攒兵团, 齐冲再上)
[20:31:43] {"kind": "action", "what": "attack_move", "name": null, "qty": null, "tid": null, "ts": "20:31:43"}
[20:31:46] t=1170 THREAT 0.60 -> force defend
[20:31:46] t=1170 ATTACK (tanks=8)
[20:31:48] t=1173 jev VEH HTK HOLD (预算保护 cash=575 aav帽=hit aav=4)
[20:31:48] t=1173 THREAT 0.61 -> force defend
[20:31:48] t=1173 ATTACK (tanks=9)
[20:31:50] t=1176 jev VEH HTK HOLD (预算保护 cash=575 aav帽=hit aav=4)
[20:31:50] t=1176 THREAT 0.61 -> force defend
[20:31:50] t=1176 ATTACK (tanks=9)
[20:31:50] t=1176 MOVE assault x4 -> (137,82); t=1176 SIEGE STAGING x4/8 (攒兵团, 齐冲再上); aahunt x4 -> (125,84)
[20:31:50] {"kind": "action", "what": "attack_move", "name": null, "qty": null, "tid": null, "ts": "20:31:50"}
[20:31:50] {"kind": "action", "what": "attack_move", "name": null, "qty": null, "tid": null, "ts": "20:31:50"}
[20:31:53] t=1179 jev VEH HTK HOLD (预算保护 cash=575 aav帽=hit aav=4)
[20:31:53] t=1179 THREAT 0.60 -> force defend
[20:31:53] t=1179 ATTACK (tanks=9)
[20:31:55] t=1182 jev VEH HTK HOLD (预算保护 cash=575 aav帽=hit aav=4)
[20:31:55] t=1182 THREAT 0.61 -> force defend
[20:31:55] t=1182 ATTACK (tanks=9)
[20:31:55] t=1182 tick#450 credits=575 stance=attack | jev 450 decisions p50=1678ms
[20:31:57] t=1186 jev VEH HTK HOLD (预算保护 cash=575 aav帽=hit aav=4)
[20:31:58] t=1189 TANK HTNK x1
[20:31:58] {"kind": "action", "what": "produce", "name": "HTNK", "qty": 1, "tid": null, "ts": "20:31:58"}
[20:32:02] t=1192 THREAT 0.59 -> force defend
[20:32:02] t=1192 ATTACK (tanks=9)
[20:32:02] t=1192 MOVE raid x2 -> (80,102); assault x4 -> (137,82); t=1192 SIEGE STAGING x4/8 (攒兵团, 齐冲再上)
[20:32:02] {"kind": "action", "what": "attack_move", "name": null, "qty": null, "tid": null, "ts": "20:32:02"}
[20:32:02] {"kind": "action", "what": "attack_move", "name": null, "qty": null, "tid": null, "ts": "20:32:02"}
[20:32:05] t=1196 THREAT 0.59 -> force defend
[20:32:05] t=1196 ATTACK (tanks=9)
[20:32:05] t=1196 MOVE raid x2 -> (80,106); t=1196 SIEGE STAGING x4/8 (攒兵团, 齐冲再上)
[20:32:05] {"kind": "action", "what": "attack_move", "name": null, "qty": null, "tid": null, "ts": "20:32:05"}
[20:32:10] t=1199 THREAT 0.58 -> force defend
[20:32:10] t=1199 ATTACK (tanks=9)
[20:32:10] t=1199 MOVE raid x2 -> (80,111); t=1199 SIEGE STAGING x4/8 (攒兵团, 齐冲再上)
[20:32:10] {"kind": "action", "what": "attack_move", "name": null, "qty": null, "tid": null, "ts": "20:32:10"}
[20:32:13] t=1206 THREAT 0.59 -> force defend
[20:32:13] t=1206 ATTACK (tanks=9)
[20:32:13] t=1206 MOVE raid x2 -> (81,119); t=1206 SIEGE STAGING x4/8 (攒兵团, 齐冲再上)
[20:32:13] {"kind": "action", "what": "attack_move", "name": null, "qty": null, "tid": null, "ts": "20:32:13"}
[20:32:13] t=1210 TANK HTNK x1
[20:32:13] t=1210 ESCORT 坦克#2592 -> 护航矿车@[118, 129]
[20:32:13] {"kind": "action", "what": "attack_move", "name": null, "qty": null, "tid": null, "ts": "20:32:13"}
[20:32:15] t=1210 jev VEH HTK HOLD (预算保护 cash=1100 aav帽=hit aav=4)
[20:32:15] t=1210 THREAT 0.55 -> force defend
[20:32:15] t=1210 ATTACK (tanks=10)
[20:32:15] t=1210 MOVE raid x2 -> (78,122); assault x5 -> (137,82); t=1210 SIEGE STAGING x5/8 (攒兵团, 齐冲再上)
[20:32:15] {"kind": "action", "what": "attack_move", "name": null, "qty": null, "tid": null, "ts": "20:32:15"}
[20:32:15] {"kind": "action", "what": "attack_move", "name": null, "qty": null, "tid": null, "ts": "20:32:15"}
[20:32:16] t=1213 TANK HTNK x1
[20:32:18] t=1213 jev VEH HTK HOLD (预算保护 cash=1100 aav帽=hit aav=4)
[20:32:18] t=1213 THREAT 0.56 -> force defend
[20:32:18] t=1213 ATTACK (tanks=10)
[20:32:18] t=1213 MOVE raid x2 -> (78,123); t=1213 SIEGE STAGING x5/8 (攒兵团, 齐冲再上); hold_a x1 -> (133,86)
[20:32:18] {"kind": "action", "what": "attack_move", "name": null, "qty": null, "tid": null, "ts": "20:32:18"}
[20:32:18] {"kind": "action", "what": "attack_move", "name": null, "qty": null, "tid": null, "ts": "20:32:18"}
[20:32:18] t=1216 TANK HTNK x1
[20:32:24] t=1216 jev VEH HTK HOLD (预算保护 cash=1100 aav帽=hit aav=4)
[20:32:24] t=1216 THREAT 0.56 -> force defend
[20:32:24] t=1216 ATTACK (tanks=10)
[20:32:24] t=1216 MOVE t=1216 SIEGE STAGING x5/8 (攒兵团, 齐冲再上); aahunt x4 -> (125,84)
[20:32:24] {"kind": "action", "what": "attack_move", "name": null, "qty": null, "tid": null, "ts": "20:32:24"}
[20:32:24] t=1224 ALARM unit lost -> 攻势保持（塔阵守家, 前线 8 个单位继续进攻）
[20:32:24] t=1224 TESLA coil (have 0)
[20:32:24] {"kind": "action", "what": "produce", "name": "TESLA", "qty": 1, "tid": null, "ts": "20:32:24"}
[20:32:28] t=1224 jev VEH HTK HOLD (预算保护 cash=2225 aav帽=hit aav=4)
[20:32:28] t=1224 THREAT 0.60 -> force defend
[20:32:28] t=1224 ATTACK (tanks=8)
[20:32:28] t=1224 MOVE assault x3 -> (137,82); t=1224 SIEGE STAGING x3/8 (攒兵团, 齐冲再上)
[20:32:28] {"kind": "action", "what": "attack_move", "name": null, "qty": null, "tid": null, "ts": "20:32:28"}
[20:32:29] t=1230 HARASS DRON x2 (have 1)
[20:32:29] t=1230 TANK HTNK x2
[20:32:29] {"kind": "action", "what": "produce", "name": "DRON", "qty": 2, "tid": null, "ts": "20:32:29"}
[20:32:29] {"kind": "action", "what": "produce", "name": "HTNK", "qty": 2, "tid": null, "ts": "20:32:29"}
[20:32:34] t=1230 THREAT 0.60 -> force defend
[20:32:34] t=1230 ATTACK (tanks=8)
[20:32:36] t=1237 THREAT 0.61 -> force defend
[20:32:36] t=1237 ATTACK (tanks=8)
[20:32:38] t=1240 MOVE raid x1 -> (80,103); t=1240 SIEGE STAGING x4/8 (攒兵团, 齐冲再上)
[20:32:38] {"kind": "action", "what": "attack_move", "name": null, "qty": null, "tid": null, "ts": "20:32:38"}
[20:32:45] t=1244 MOVE raid x1 -> (80,100); assault x4 -> (137,82); t=1244 SIEGE STAGING x4/8 (攒兵团, 齐冲再上)
[20:32:45] {"kind": "action", "what": "attack_move", "name": null, "qty": null, "tid": null, "ts": "20:32:45"}
[20:32:45] {"kind": "action", "what": "attack_move", "name": null, "qty": null, "tid": null, "ts": "20:32:45"}
[20:32:45] t=1253 ESCORT 坦克#2613 -> 护航矿车@[120, 106]
[20:32:45] {"kind": "action", "what": "attack_move", "name": null, "qty": null, "tid": null, "ts": "20:32:45"}
[20:32:48] t=1253 MOVE raid x2 -> (80,117); t=1253 SIEGE STAGING x5/8 (攒兵团, 齐冲再上)
[20:32:48] {"kind": "action", "what": "attack_move", "name": null, "qty": null, "tid": null, "ts": "20:32:48"}
[20:32:53] t=1256 MOVE raid x2 -> (81,119); t=1256 SIEGE STAGING x5/8 (攒兵团, 齐冲再上)
[20:32:53] {"kind": "action", "what": "attack_move", "name": null, "qty": null, "tid": null, "ts": "20:32:53"}
[20:32:56] t=1263 MOVE raid x2 -> (79,121); t=1263 SIEGE STAGING x6/8 (攒兵团, 齐冲再上); aahunt x4 -> (125,84)
[20:32:56] {"kind": "action", "what": "attack_move", "name": null, "qty": null, "tid": null, "ts": "20:32:56"}
[20:32:56] {"kind": "action", "what": "attack_move", "name": null, "qty": null, "tid": null, "ts": "20:32:56"}
[20:32:58] t=1267 MOVE raid x2 -> (78,123); assault x6 -> (137,82); t=1267 SIEGE STAGING x6/8 (攒兵团, 齐冲再上)
[20:32:58] {"kind": "action", "what": "attack_move", "name": null, "qty": null, "tid": null, "ts": "20:32:58"}
[20:32:58] {"kind": "action", "what": "attack_move", "name": null, "qty": null, "tid": null, "ts": "20:32:58"}
[20:32:58] t=1270 ALARM unit lost -> 攻势保持（塔阵守家, 前线 10 个单位继续进攻）
[20:33:01] t=1270 THREAT 0.55 -> force defend
[20:33:01] t=1270 ATTACK (tanks=10)
[20:33:03] t=1273 THREAT 0.56 -> force defend
[20:33:03] t=1273 ATTACK (tanks=10)
[20:33:03] t=1273 MOVE raid x1 -> (77,123); t=1273 SIEGE STAGING x5/8 (攒兵团, 齐冲再上)
[20:33:03] {"kind": "action", "what": "attack_move", "name": null, "qty": null, "tid": null, "ts": "20:33:03"}
[20:33:06] t=1277 THREAT 0.56 -> force defend
[20:33:06] t=1277 ATTACK (tanks=10)
[20:33:06] t=1280 ALARM unit lost -> 攻势保持（塔阵守家, 前线 9 个单位继续进攻）
[20:33:12] t=1280 THREAT 0.56 -> force defend
[20:33:12] t=1280 ATTACK (tanks=9)
[20:33:12] t=1280 MOVE assault x4 -> (137,82); t=1280 SIEGE STAGING x4/8 (攒兵团, 齐冲再上)
[20:33:12] {"kind": "action", "what": "attack_move", "name": null, "qty": null, "tid": null, "ts": "20:33:12"}
[20:33:14] t=1288 THREAT 0.56 -> force defend
[20:33:14] t=1288 ATTACK (tanks=9)
[20:33:17] t=1291 THREAT 0.58 -> force defend
[20:33:17] t=1291 ATTACK (tanks=9)
[20:33:17] t=1294 ESCORT 坦克#2598 -> 护航矿车@[115, 134]
[20:33:17] {"kind": "action", "what": "attack_move", "name": null, "qty": null, "tid": null, "ts": "20:33:17"}
[20:33:19] t=1294 THREAT 0.59 -> force defend
[20:33:19] t=1294 ATTACK (tanks=9)
[20:33:19] t=1294 MOVE t=1294 SIEGE STAGING x4/8 (攒兵团, 齐冲再上); hold_a x1 -> (133,86)
[20:33:19] {"kind": "action", "what": "attack_move", "name": null, "qty": null, "tid": null, "ts": "20:33:19"}
[20:33:19] t=1294 tick#475 credits=0 stance=attack | jev 475 decisions p50=1721ms
[20:33:26] t=1302 MOVE assault x4 -> (137,82); t=1302 SIEGE STAGING x4/8 (攒兵团, 齐冲再上); aahunt x4 -> (125,84)
[20:33:26] {"kind": "action", "what": "attack_move", "name": null, "qty": null, "tid": null, "ts": "20:33:26"}
[20:33:26] {"kind": "action", "what": "attack_move", "name": null, "qty": null, "tid": null, "ts": "20:33:26"}
[20:33:41] t=1323 MOVE assault x4 -> (137,82); t=1323 SIEGE STAGING x4/8 (攒兵团, 齐冲再上)
[20:33:41] {"kind": "action", "what": "attack_move", "name": null, "qty": null, "tid": null, "ts": "20:33:41"}
[20:33:48] t=1336 ESCORT 坦克#2598 -> 护航矿车@[115, 135]
[20:33:48] {"kind": "action", "what": "attack_move", "name": null, "qty": null, "tid": null, "ts": "20:33:48"}
[20:33:50] t=1339 HARASS DRON x2 (have 1)
[20:33:50] {"kind": "action", "what": "produce", "name": "DRON", "qty": 2, "tid": null, "ts": "20:33:50"}
[20:33:56] t=1339 MOVE assault x5 -> (137,82); t=1339 SIEGE STAGING x5/8 (攒兵团, 齐冲再上)
[20:33:56] {"kind": "action", "what": "attack_move", "name": null, "qty": null, "tid": null, "ts": "20:33:56"}
[20:33:58] t=1347 MOVE raid x1 -> (93,104); t=1347 SIEGE STAGING x6/8 (攒兵团, 齐冲再上); aahunt x4 -> (125,84)
[20:33:59] {"kind": "action", "what": "attack_move", "name": null, "qty": null, "tid": null, "ts": "20:33:59"}
[20:33:59] {"kind": "action", "what": "attack_move", "name": null, "qty": null, "tid": null, "ts": "20:33:59"}
[20:34:03] t=1354 jev BUILD NATECH HOLD (资金闸门: 坦克优先, cash=112)
[20:34:03] t=1357 POWER plant (reserve 53)
[20:34:04] {"kind": "action", "what": "produce", "name": "NAPOWR", "qty": 1, "tid": null, "ts": "20:34:04"}
[20:34:06] t=1357 jev VEH HTK HOLD (预算保护 cash=1225 aav帽=hit aav=4)
[20:34:06] t=1360 TANK HTNK x1
[20:34:06] {"kind": "action", "what": "produce", "name": "HTNK", "qty": 1, "tid": null, "ts": "20:34:06"}
[20:34:12] t=1360 MOVE assault x7 -> (137,82); t=1360 SIEGE STAGING x7/8 (攒兵团, 齐冲再上)
[20:34:12] {"kind": "action", "what": "attack_move", "name": null, "qty": null, "tid": null, "ts": "20:34:12"}
[20:34:14] t=1368 MOVE raid x2 -> (80,104); t=1368 SIEGE STAGING x7/8 (攒兵团, 齐冲再上)
[20:34:14] {"kind": "action", "what": "attack_move", "name": null, "qty": null, "tid": null, "ts": "20:34:14"}
[20:34:18] t=1371 MOVE raid x2 -> (80,109); t=1371 SIEGE STAGING x7/8 (攒兵团, 齐冲再上)
[20:34:18] {"kind": "action", "what": "attack_move", "name": null, "qty": null, "tid": null, "ts": "20:34:18"}
[20:34:20] t=1376 MOVE raid x2 -> (80,115); t=1376 SIEGE STAGING x7/8 (攒兵团, 齐冲再上); hold_a x1 -> (133,86)
[20:34:20] {"kind": "action", "what": "attack_move", "name": null, "qty": null, "tid": null, "ts": "20:34:20"}
[20:34:20] {"kind": "action", "what": "attack_move", "name": null, "qty": null, "tid": null, "ts": "20:34:20"}
[20:34:20] t=1379 ESCORT 坦克#2659 -> 护航矿车@[120, 103]
[20:34:20] {"kind": "action", "what": "attack_move", "name": null, "qty": null, "tid": null, "ts": "20:34:20"}
[20:34:22] t=1379 MOVE raid x2 -> (80,118); t=1379 SIEGE STAGING x7/8 (攒兵团, 齐冲再上)
[20:34:22] {"kind": "action", "what": "attack_move", "name": null, "qty": null, "tid": null, "ts": "20:34:22"}
[20:34:25] t=1382 MOVE raid x2 -> (80,120); assault x7 -> (137,82); t=1382 SIEGE STAGING x7/8 (攒兵团, 齐冲再上)
[20:34:25] {"kind": "action", "what": "attack_move", "name": null, "qty": null, "tid": null, "ts": "20:34:25"}
[20:34:25] {"kind": "action", "what": "attack_move", "name": null, "qty": null, "tid": null, "ts": "20:34:25"}
[20:34:25] t=1385 ALARM unit lost -> 攻势保持（塔阵守家, 前线 11 个单位继续进攻）
[20:34:28] t=1385 MOVE raid x1 -> (78,123); t=1385 SIEGE STAGING x6/8 (攒兵团, 齐冲再上)
[20:34:28] {"kind": "action", "what": "attack_move", "name": null, "qty": null, "tid": null, "ts": "20:34:28"}
[20:34:31] t=1390 MOVE t=1390 SIEGE STAGING x6/8 (攒兵团, 齐冲再上); aahunt x4 -> (125,84)
[20:34:31] {"kind": "action", "what": "attack_move", "name": null, "qty": null, "tid": null, "ts": "20:34:31"}
[20:34:31] t=1390 tick#500 credits=0 stance=attack | jev 500 decisions p50=1819ms
[20:34:37] t=1393 THREAT 0.55 -> force defend
[20:34:37] t=1393 ATTACK (tanks=11)
[20:34:37] t=1393 MOVE raid x1 -> (77,123); t=1393 SIEGE STAGING x6/8 (攒兵团, 齐冲再上)
[20:34:37] {"kind": "action", "what": "attack_move", "name": null, "qty": null, "tid": null, "ts": "20:34:37"}
[20:34:37] t=1401 ALARM unit lost -> 攻势保持（塔阵守家, 前线 10 个单位继续进攻）
[20:34:39] t=1401 MOVE assault x5 -> (137,82); t=1401 SIEGE STAGING x5/8 (攒兵团, 齐冲再上)
[20:34:39] {"kind": "action", "what": "attack_move", "name": null, "qty": null, "tid": null, "ts": "20:34:39"}
[20:34:41] t=1404 THREAT 0.55 -> force defend
[20:34:41] t=1404 ATTACK (tanks=10)
[20:34:46] t=1411 jev VEH HTK HOLD (预算保护 cash=600 aav帽=hit aav=4)
[20:34:49] t=1414 jev VEH HTNK HOLD (预算保护 cash=600 aav帽=ok aav=4)
[20:34:49] t=1417 HARASS DRON x2 (have 1)
[20:34:49] {"kind": "action", "what": "produce", "name": "DRON", "qty": 2, "tid": null, "ts": "20:34:49"}
[20:34:51] t=1417 jev BUILD NATECH HOLD (资金闸门: 坦克优先, cash=1575)
[20:34:51] t=1417 MOVE assault x6 -> (137,82); t=1417 SIEGE STAGING x6/8 (攒兵团, 齐冲再上)
[20:34:51] {"kind": "action", "what": "attack_move", "name": null, "qty": null, "tid": null, "ts": "20:34:51"}
[20:34:51] t=1420 ESCORT 坦克#2598 -> 护航矿车@[117, 132]
[20:34:51] {"kind": "action", "what": "attack_move", "name": null, "qty": null, "tid": null, "ts": "20:34:51"}
[20:34:53] t=1420 jev BUILD NATECH HOLD (资金闸门: 坦克优先, cash=1398)
[20:34:54] t=1424 TESLA coil (have 1)
[20:34:54] {"kind": "action", "what": "produce", "name": "TESLA", "qty": 1, "tid": null, "ts": "20:34:54"}
[20:34:56] t=1424 jev BUILD NATECH HOLD (资金闸门: 坦克优先, cash=2341)
[20:34:58] t=1427 jev BUILD NATECH HOLD (资金闸门: 坦克优先, cash=2091)
[20:34:58] t=1427 MOVE raid x1 -> (80,118); t=1427 SIEGE STAGING x7/8 (攒兵团, 齐冲再上)
[20:34:58] {"kind": "action", "what": "attack_move", "name": null, "qty": null, "tid": null, "ts": "20:34:58"}
[20:35:01] t=1430 MOVE raid x1 -> (80,120); t=1430 SIEGE STAGING x7/8 (攒兵团, 齐冲再上); aahunt x4 -> (125,84)
[20:35:01] {"kind": "action", "what": "attack_move", "name": null, "qty": null, "tid": null, "ts": "20:35:01"}
[20:35:01] {"kind": "action", "what": "attack_move", "name": null, "qty": null, "tid": null, "ts": "20:35:01"}
[20:35:01] t=1434 TANK HTNK x2
[20:35:01] {"kind": "action", "what": "produce", "name": "HTNK", "qty": 2, "tid": null, "ts": "20:35:01"}
[20:35:03] t=1434 jev BUILD NATECH HOLD (资金闸门: 坦克优先, cash=1659)
[20:35:03] t=1434 MOVE raid x2 -> (79,122); assault x8 -> 攻击目标#2614@(77,108); t=1434 SIEGE 拔防御壳 x8 -> #2614@(77,108)
[20:35:03] {"kind": "action", "what": "attack_move", "name": null, "qty": null, "tid": null, "ts": "20:35:03"}
[20:35:03] {"kind": "action", "what": "attack_obj", "name": null, "qty": null, "tid": 2614, "ts": "20:35:03"}
[20:35:04] t=1437 ALARM unit lost -> 攻势保持（塔阵守家, 前线 13 个单位继续进攻）
[20:35:06] t=1437 MOVE raid x2 -> (78,123); t=1437 SIEGE 拔防御壳 x8 -> #2614@(77,108)
[20:35:06] {"kind": "action", "what": "attack_move", "name": null, "qty": null, "tid": null, "ts": "20:35:06"}
[20:35:08] t=1440 MOVE raid x2 -> (77,123); t=1440 SIEGE 拔防御壳 x8 -> #2614@(77,108)
[20:35:08] {"kind": "action", "what": "attack_move", "name": null, "qty": null, "tid": null, "ts": "20:35:08"}
[20:35:15] t=1450 MOVE raid x2 -> (78,121); t=1450 SIEGE 拔防御壳 x8 -> #2614@(77,108)
[20:35:15] {"kind": "action", "what": "attack_move", "name": null, "qty": null, "tid": null, "ts": "20:35:15"}
[20:35:18] t=1453 MOVE raid x2 -> (79,116); assault x9 -> 攻击目标#2614@(77,108); t=1453 SIEGE 拔防御壳 x9 -> #2614@(77,108)
[20:35:18] {"kind": "action", "what": "attack_move", "name": null, "qty": null, "tid": null, "ts": "20:35:18"}
[20:35:18] {"kind": "action", "what": "attack_obj", "name": null, "qty": null, "tid": 2614, "ts": "20:35:18"}
[20:35:18] t=1456 ALARM unit lost -> 攻势保持（塔阵守家, 前线 13 个单位继续进攻）
[20:35:20] t=1456 MOVE raid x1 -> (79,112); t=1456 SIEGE 拔防御壳 x8 -> #2614@(77,108); hold_a x1 -> (133,86)
[20:35:20] {"kind": "action", "what": "attack_move", "name": null, "qty": null, "tid": null, "ts": "20:35:20"}
[20:35:20] {"kind": "action", "what": "attack_move", "name": null, "qty": null, "tid": null, "ts": "20:35:20"}
[20:35:22] t=1459 MOVE raid x1 -> (79,108); t=1459 SIEGE 拔防御壳 x8 -> #2614@(77,108)
[20:35:22] {"kind": "action", "what": "attack_move", "name": null, "qty": null, "tid": null, "ts": "20:35:22"}
[20:35:23] t=1462 ESCORT 坦克#2897 -> 护航矿车@[117, 135]
[20:35:23] {"kind": "action", "what": "attack_move", "name": null, "qty": null, "tid": null, "ts": "20:35:23"}
[20:35:25] t=1462 MOVE raid x1 -> (79,104); t=1462 SIEGE 拔防御壳 x8 -> #2614@(77,108)
[20:35:25] {"kind": "action", "what": "attack_move", "name": null, "qty": null, "tid": null, "ts": "20:35:25"}
[20:35:27] t=1466 MOVE raid x1 -> (80,100); t=1466 SIEGE 拔防御壳 x8 -> #2614@(77,108)
[20:35:27] {"kind": "action", "what": "attack_move", "name": null, "qty": null, "tid": null, "ts": "20:35:27"}
[20:35:30] t=1469 MOVE raid x1 -> (104,93); assault x8 -> 攻击目标#2614@(77,108); t=1469 SIEGE 拔防御壳 x8 -> #2614@(77,108)
[20:35:30] {"kind": "action", "what": "attack_move", "name": null, "qty": null, "tid": null, "ts": "20:35:30"}
[20:35:30] {"kind": "action", "what": "attack_obj", "name": null, "qty": null, "tid": 2614, "ts": "20:35:30"}
[20:35:32] t=1472 MOVE raid x1 -> (104,91); t=1472 SIEGE 拔防御壳 x8 -> #2614@(77,108); aahunt x4 -> (125,84)
[20:35:32] {"kind": "action", "what": "attack_move", "name": null, "qty": null, "tid": null, "ts": "20:35:32"}
[20:35:32] {"kind": "action", "what": "attack_move", "name": null, "qty": null, "tid": null, "ts": "20:35:32"}
[20:35:33] t=1476 ALARM unit lost -> 攻势保持（塔阵守家, 前线 12 个单位继续进攻）
[20:35:35] t=1476 MOVE assault x7 -> (137,82); t=1476 SIEGE STAGING x7/8 (攒兵团, 齐冲再上)
[20:35:35] {"kind": "action", "what": "attack_move", "name": null, "qty": null, "tid": null, "ts": "20:35:35"}
[20:35:35] t=1476 tick#525 credits=0 stance=attack | jev 525 decisions p50=1932ms
[20:35:44] t=1491 RETREAT HTNK(21%)
[20:35:44] {"kind": "action", "what": "move", "name": null, "qty": null, "tid": null, "ts": "20:35:44"}
[20:35:49] t=1494 MOVE assault x7 -> (137,82); t=1494 SIEGE STAGING x7/8 (攒兵团, 齐冲再上)
[20:35:49] {"kind": "action", "what": "attack_move", "name": null, "qty": null, "tid": null, "ts": "20:35:49"}
[20:35:54] t=1504 ESCORT 坦克#2552 -> 护航矿车@[120, 122]
[20:35:54] t=1504 RETREAT HTNK(6%)
[20:35:54] {"kind": "action", "what": "attack_move", "name": null, "qty": null, "tid": null, "ts": "20:35:54"}
[20:35:54] {"kind": "action", "what": "move", "name": null, "qty": null, "tid": null, "ts": "20:35:54"}
[20:35:56] t=1507 ALARM unit lost -> 攻势保持（塔阵守家, 前线 10 个单位继续进攻）
[20:35:59] t=1510 RETREAT HTK(14%)
[20:35:59] {"kind": "action", "what": "move", "name": null, "qty": null, "tid": null, "ts": "20:35:59"}
[20:36:01] t=1510 MOVE assault x6 -> (137,82); t=1510 SIEGE STAGING x6/8 (攒兵团, 齐冲再上)
[20:36:01] {"kind": "action", "what": "attack_move", "name": null, "qty": null, "tid": null, "ts": "20:36:01"}
[20:36:01] t=1514 ALARM unit lost -> 攻势保持（塔阵守家, 前线 9 个单位继续进攻）
[20:36:03] t=1514 MOVE t=1514 SIEGE STAGING x6/8 (攒兵团, 齐冲再上); aahunt x3 -> (125,84)
[20:36:03] {"kind": "action", "what": "attack_move", "name": null, "qty": null, "tid": null, "ts": "20:36:03"}
[20:36:04] t=1517 ALARM unit lost -> 攻势保持（塔阵守家, 前线 8 个单位继续进攻）
[20:36:08] t=1523 ALARM unit lost -> 攻势保持（塔阵守家, 前线 8 个单位继续进攻）
[20:36:11] t=1526 ALARM enemy approaching -> RESCUE 预备队 3 人驰援远端 [109, 85]
[20:36:11] {"kind": "action", "what": "attack_move", "name": null, "qty": null, "tid": null, "ts": "20:36:11"}
[20:36:13] t=1526 jev BUILD NATECH HOLD (资金闸门: 坦克优先, cash=0)
[20:36:15] t=1530 jev BUILD NATECH HOLD (资金闸门: 坦克优先, cash=0)
[20:36:16] t=1533 RUSH-DEFENSE ON (敌8压门 vs 守9) 动员兵爆产
[20:36:18] t=1533 jev BUILD NATECH HOLD (资金闸门: 坦克优先, cash=0)
[20:36:18] t=1536 RETREAT HTK(38%)
[20:36:18] {"kind": "action", "what": "move", "name": null, "qty": null, "tid": null, "ts": "20:36:18"}
[20:36:20] t=1536 jev BUILD NATECH HOLD (资金闸门: 坦克优先, cash=0)
[20:36:20] t=1536 MOVE t=1536 SIEGE overrides RUSH-DEFENSE (总攻决心); assault x5 -> (137,82); t=1536 SIEGE STAGING x5/8 (攒兵团, 齐冲再上); hold_a x1 -> (133,86)
[20:36:20] {"kind": "action", "what": "attack_move", "name": null, "qty": null, "tid": null, "ts": "20:36:20"}
[20:36:20] {"kind": "action", "what": "attack_move", "name": null, "qty": null, "tid": null, "ts": "20:36:20"}
[20:36:20] t=1539 ALARM unit lost -> 攻势保持（塔阵守家, 前线 7 个单位继续进攻）
[20:36:20] t=1539 RUSH-DEFENSE ON (敌10压门 vs 守8) 动员兵爆产
[20:36:23] t=1539 jev BUILD NATECH HOLD (资金闸门: 坦克优先, cash=0)
[20:36:23] t=1542 ALARM enemy approaching -> RESCUE 预备队 3 人驰援远端 [114, 85]
[20:36:23] {"kind": "action", "what": "attack_move", "name": null, "qty": null, "tid": null, "ts": "20:36:23"}
[20:36:23] t=1542 RUSH-DEFENSE ON (敌11压门 vs 守8) 动员兵爆产
[20:36:25] t=1546 ESCORT 坦克#2552 -> 护航矿车@[116, 135]
[20:36:25] {"kind": "action", "what": "attack_move", "name": null, "qty": null, "tid": null, "ts": "20:36:25"}
[20:36:27] t=1546 jev BUILD NATECH HOLD (资金闸门: 坦克优先, cash=0)
[20:36:30] t=1549 jev BUILD NATECH HOLD (资金闸门: 坦克优先, cash=0)
[20:36:30] t=1549 THREAT 0.56 -> force defend
[20:36:30] t=1549 ATTACK (tanks=6)
[20:36:32] t=1552 MOVE t=1552 SIEGE overrides RUSH-DEFENSE (总攻决心); assault x5 -> (137,82); t=1552 SIEGE STAGING x5/8 (攒兵团, 齐冲再上)
[20:36:32] {"kind": "action", "what": "attack_move", "name": null, "qty": null, "tid": null, "ts": "20:36:32"}
[20:36:32] t=1555 ALARM enemy approaching -> RESCUE 预备队 3 人驰援远端 [112, 85]
[20:36:32] {"kind": "action", "what": "attack_move", "name": null, "qty": null, "tid": null, "ts": "20:36:32"}
[20:36:32] t=1555 RUSH-DEFENSE ON (敌11压门 vs 守7) 动员兵爆产
[20:36:34] t=1555 tick#550 credits=1051 stance=attack | jev 550 decisions p50=2010ms
[20:36:35] t=1558 HARASS DRON x2 (have 1)
[20:36:35] {"kind": "action", "what": "produce", "name": "DRON", "qty": 2, "tid": null, "ts": "20:36:35"}
[20:36:42] t=1565 THREAT 0.57 -> force defend
[20:36:42] t=1565 ATTACK (tanks=7)
[20:36:42] t=1568 ALARM unit lost -> 攻势保持（塔阵守家, 前线 8 个单位继续进攻）
[20:36:42] t=1568 SCOUT #2552->[14, 178] (敌影)
[20:36:42] {"kind": "action", "what": "attack_move", "name": null, "qty": null, "tid": null, "ts": "20:36:42"}
[20:36:44] t=1568 THREAT 0.56 -> force defend
[20:36:44] t=1568 ATTACK (tanks=7)
[20:36:44] t=1568 MOVE raid x1 -> (113,104); t=1568 SIEGE STAGING x6/8 (攒兵团, 齐冲再上)
[20:36:44] {"kind": "action", "what": "attack_move", "name": null, "qty": null, "tid": null, "ts": "20:36:44"}
[20:36:46] t=1571 THREAT 0.56 -> force defend
[20:36:46] t=1571 ATTACK (tanks=7)
[20:36:46] t=1571 MOVE raid x1 -> (77,123); assault x6 -> (137,82); t=1571 SIEGE STAGING x6/8 (攒兵团, 齐冲再上)
[20:36:46] {"kind": "action", "what": "attack_move", "name": null, "qty": null, "tid": null, "ts": "20:36:46"}
[20:36:46] {"kind": "action", "what": "attack_move", "name": null, "qty": null, "tid": null, "ts": "20:36:46"}
[20:36:49] t=1574 MOVE raid x1 -> (79,120); t=1574 SIEGE STAGING x6/8 (攒兵团, 齐冲再上)
[20:36:49] {"kind": "action", "what": "attack_move", "name": null, "qty": null, "tid": null, "ts": "20:36:49"}
[20:36:51] t=1577 MOVE raid x1 -> (79,116); t=1577 SIEGE STAGING x6/8 (攒兵团, 齐冲再上)
[20:36:51] {"kind": "action", "what": "attack_move", "name": null, "qty": null, "tid": null, "ts": "20:36:51"}
[20:36:53] t=1580 MOVE raid x1 -> (79,112); t=1580 SIEGE STAGING x6/8 (攒兵团, 齐冲再上)
[20:36:53] {"kind": "action", "what": "attack_move", "name": null, "qty": null, "tid": null, "ts": "20:36:53"}
[20:36:56] t=1584 MOVE raid x1 -> (79,108); t=1584 SIEGE STAGING x6/8 (攒兵团, 齐冲再上)
[20:36:56] {"kind": "action", "what": "attack_move", "name": null, "qty": null, "tid": null, "ts": "20:36:56"}
[20:36:56] t=1587 ESCORT 坦克#3366 -> 护航矿车@[118, 136]
[20:36:56] {"kind": "action", "what": "attack_move", "name": null, "qty": null, "tid": null, "ts": "20:36:56"}
[20:36:58] t=1587 MOVE raid x1 -> (112,129); t=1587 GHOST detected #2614@[77, 108] (集火150gs不倒, 拉黑); t=1587 SIEGE STAGING x6/8 (攒兵团, 齐冲再上)
[20:36:58] {"kind": "action", "what": "attack_move", "name": null, "qty": null, "tid": null, "ts": "20:36:58"}
[20:37:00] t=1590 THREAT 0.58 -> force defend
[20:37:00] t=1590 ATTACK (tanks=7)
[20:37:00] t=1590 MOVE raid x1 -> (80,101); assault x6 -> (137,82); t=1590 SIEGE STAGING x6/8 (攒兵团, 齐冲再上)
[20:37:00] {"kind": "action", "what": "attack_move", "name": null, "qty": null, "tid": null, "ts": "20:37:00"}
[20:37:00] {"kind": "action", "what": "attack_move", "name": null, "qty": null, "tid": null, "ts": "20:37:00"}
[20:37:03] t=1593 THREAT 0.60 -> force defend
[20:37:03] t=1593 ATTACK (tanks=7)
[20:37:03] t=1593 MOVE raid x1 -> (111,133); t=1593 SIEGE STAGING x6/8 (攒兵团, 齐冲再上)
[20:37:03] {"kind": "action", "what": "attack_move", "name": null, "qty": null, "tid": null, "ts": "20:37:03"}
[20:37:05] t=1596 THREAT 0.56 -> force defend
[20:37:05] t=1596 ATTACK (tanks=7)
[20:37:05] t=1596 MOVE raid x1 -> (80,92); t=1596 SIEGE STAGING x6/8 (攒兵团, 齐冲再上)
[20:37:05] {"kind": "action", "what": "attack_move", "name": null, "qty": null, "tid": null, "ts": "20:37:05"}
[20:37:07] t=1599 THREAT 0.59 -> force defend
[20:37:07] t=1599 ATTACK (tanks=7)
[20:37:07] t=1599 MOVE raid x1 -> (112,134); t=1599 SIEGE STAGING x6/8 (攒兵团, 齐冲再上)
[20:37:07] {"kind": "action", "what": "attack_move", "name": null, "qty": null, "tid": null, "ts": "20:37:07"}
[20:37:10] t=1602 THREAT 0.60 -> force defend
[20:37:10] t=1602 ATTACK (tanks=7)
[20:37:10] t=1605 ALARM unit lost -> 攻势保持（塔阵守家, 前线 7 个单位继续进攻）
[20:37:12] t=1605 jev VEH HTNK HOLD (预算保护 cash=350 aav帽=ok aav=0)
[20:37:12] t=1605 THREAT 0.56 -> force defend
[20:37:12] t=1605 ATTACK (tanks=7)
[20:37:12] t=1608 ALARM enemy approaching -> RESCUE 预备队 3 人驰援远端 [109, 84]
[20:37:12] {"kind": "action", "what": "attack_move", "name": null, "qty": null, "tid": null, "ts": "20:37:12"}
[20:37:14] t=1608 jev BUILD NATECH HOLD (资金闸门: 坦克优先, cash=350)
[20:37:14] t=1608 jev VEH HTNK HOLD (预算保护 cash=350 aav帽=ok aav=0)
[20:37:16] t=1611 jev BUILD NATECH HOLD (资金闸门: 坦克优先, cash=350)
[20:37:16] t=1611 jev VEH DRON HOLD (预算保护 cash=350 aav帽=ok aav=0)
[20:37:19] t=1614 jev BUILD NATECH HOLD (资金闸门: 坦克优先, cash=350)
[20:37:19] t=1614 jev VEH DRON HOLD (预算保护 cash=350 aav帽=ok aav=0)
[20:37:21] t=1617 jev BUILD NATECH HOLD (资金闸门: 坦克优先, cash=350)
[20:37:21] t=1617 jev VEH DRON HOLD (预算保护 cash=350 aav帽=ok aav=0)
[20:37:21] t=1617 MOVE raid x1 -> (113,134); assault x6 -> (137,82); t=1617 SIEGE STAGING x6/8 (攒兵团, 齐冲再上); hold_a x1 -> (133,86)
[20:37:21] {"kind": "action", "what": "attack_move", "name": null, "qty": null, "tid": null, "ts": "20:37:21"}
[20:37:21] {"kind": "action", "what": "attack_move", "name": null, "qty": null, "tid": null, "ts": "20:37:21"}
[20:37:21] {"kind": "action", "what": "attack_move", "name": null, "qty": null, "tid": null, "ts": "20:37:21"}
[20:37:21] t=1621 ALARM unit lost -> 攻势保持（塔阵守家, 前线 6 个单位继续进攻）
[20:37:23] t=1621 jev BUILD NATECH HOLD (资金闸门: 坦克优先, cash=350)
[20:37:23] t=1621 jev VEH DRON HOLD (预算保护 cash=350 aav帽=ok aav=0)
[20:37:24] t=1624 ALARM enemy approaching -> RESCUE 预备队 3 人驰援远端 [110, 87]
[20:37:24] {"kind": "action", "what": "attack_move", "name": null, "qty": null, "tid": null, "ts": "20:37:24"}
[20:37:26] t=1624 jev BUILD NATECH HOLD (资金闸门: 坦克优先, cash=350)
[20:37:26] t=1624 jev VEH DRON HOLD (预算保护 cash=350 aav帽=ok aav=0)
[20:37:26] t=1627 RUSH-DEFENSE ON (敌8压门 vs 守7) 动员兵爆产
[20:37:26] t=1627 ESCORT 坦克#2563 -> 护航矿车@[116, 136]
[20:37:26] {"kind": "action", "what": "attack_move", "name": null, "qty": null, "tid": null, "ts": "20:37:26"}
[20:37:28] t=1627 jev BUILD NATECH HOLD (资金闸门: 坦克优先, cash=350)
[20:37:28] t=1627 jev VEH DRON HOLD (预算保护 cash=350 aav帽=ok aav=0)
[20:37:30] t=1630 jev BUILD NATECH HOLD (资金闸门: 坦克优先, cash=350)
[20:37:30] t=1630 jev VEH DRON HOLD (预算保护 cash=350 aav帽=ok aav=0)
[20:37:33] t=1633 jev BUILD NATECH HOLD (资金闸门: 坦克优先, cash=350)
[20:37:33] t=1633 jev VEH DRON HOLD (预算保护 cash=350 aav帽=ok aav=0)
[20:37:33] t=1633 tick#575 credits=350 stance=attack | jev 575 decisions p50=2036ms
[20:37:33] t=1636 ALARM enemy approaching -> 攻势保持（塔阵守家, 前线 6 个单位继续进攻）
[20:37:33] t=1636 RUSH-DEFENSE ON (敌10压门 vs 守7) 动员兵爆产
[20:37:35] t=1636 jev BUILD NATECH HOLD (资金闸门: 坦克优先, cash=350)
[20:37:35] t=1636 jev VEH DRON HOLD (预算保护 cash=350 aav帽=ok aav=0)
[20:37:35] t=1636 MOVE t=1636 SIEGE overrides RUSH-DEFENSE (总攻决心); assault x5 -> (137,82); t=1636 SIEGE STAGING x5/8 (攒兵团, 齐冲再上)
[20:37:35] {"kind": "action", "what": "attack_move", "name": null, "qty": null, "tid": null, "ts": "20:37:35"}
[20:37:35] t=1639 ALARM enemy approaching -> 攻势保持（塔阵守家, 前线 6 个单位继续进攻）
[20:37:35] t=1639 RUSH-DEFENSE ON (敌9压门 vs 守7) 动员兵爆产
[20:37:37] t=1639 jev BUILD NATECH HOLD (资金闸门: 坦克优先, cash=350)
[20:37:37] t=1639 jev VEH DRON HOLD (预算保护 cash=350 aav帽=ok aav=0)
[20:37:38] t=1642 ALARM enemy approaching -> 攻势保持（塔阵守家, 前线 5 个单位继续进攻）
[20:37:38] t=1642 RUSH-DEFENSE ON (敌9压门 vs 守7) 动员兵爆产
[20:37:38] t=1642 RETREAT HTNK(32%)
[20:37:38] {"kind": "action", "what": "move", "name": null, "qty": null, "tid": null, "ts": "20:37:38"}
[20:37:40] t=1642 jev BUILD NATECH HOLD (资金闸门: 坦克优先, cash=350)
[20:37:40] t=1642 jev VEH DRON HOLD (预算保护 cash=350 aav帽=ok aav=0)
[20:37:40] t=1646 ALARM enemy approaching -> 攻势保持（塔阵守家, 前线 5 个单位继续进攻）
[20:37:40] t=1646 RUSH-DEFENSE ON (敌9压门 vs 守7) 动员兵爆产
[20:37:40] t=1646 RETREAT HTNK(32%)
[20:37:40] {"kind": "action", "what": "move", "name": null, "qty": null, "tid": null, "ts": "20:37:40"}
[20:37:42] t=1646 jev BUILD NATECH HOLD (资金闸门: 坦克优先, cash=350)
[20:37:42] t=1646 jev VEH DRON HOLD (预算保护 cash=350 aav帽=ok aav=0)
[20:37:42] t=1649 ALARM enemy approaching -> 攻势保持（塔阵守家, 前线 5 个单位继续进攻）
[20:37:42] t=1649 RUSH-DEFENSE ON (敌9压门 vs 守7) 动员兵爆产
[20:37:45] t=1649 jev BUILD NATECH HOLD (资金闸门: 坦克优先, cash=350)
[20:37:45] t=1649 jev VEH DRON HOLD (预算保护 cash=350 aav帽=ok aav=0)
[20:37:45] t=1652 ALARM unit lost -> 攻势保持（塔阵守家, 前线 5 个单位继续进攻）
[20:37:45] t=1652 RUSH-DEFENSE ON (敌8压门 vs 守6) 动员兵爆产
[20:37:45] t=1652 SCOUT #2563->[100, 100]
[20:37:45] {"kind": "action", "what": "attack_move", "name": null, "qty": null, "tid": null, "ts": "20:37:45"}
[20:37:47] t=1652 jev BUILD NATECH HOLD (资金闸门: 坦克优先, cash=350)
[20:37:47] t=1652 jev VEH DRON HOLD (预算保护 cash=350 aav帽=ok aav=0)
[20:37:47] t=1655 ALARM unit lost -> 攻势保持（塔阵守家, 前线 5 个单位继续进攻）
[20:37:47] t=1655 RUSH-DEFENSE ON (敌8压门 vs 守5) 动员兵爆产
[20:37:47] t=1655 SCOUT #2598->[12, 100]
[20:37:47] {"kind": "action", "what": "attack_move", "name": null, "qty": null, "tid": null, "ts": "20:37:47"}
[20:37:49] t=1655 jev BUILD NATECH HOLD (资金闸门: 坦克优先, cash=350)
[20:37:49] t=1655 jev VEH DRON HOLD (预算保护 cash=350 aav帽=ok aav=0)
[20:37:49] t=1655 MOVE t=1655 SIEGE overrides RUSH-DEFENSE (总攻决心); assault x3 -> (137,82); t=1655 SIEGE STAGING x3/8 (攒兵团, 齐冲再上)
[20:37:49] {"kind": "action", "what": "attack_move", "name": null, "qty": null, "tid": null, "ts": "20:37:49"}
[20:37:49] t=1658 ALARM NAPOWR under attack -> 攻势保持（塔阵守家, 前线 4 个单位继续进攻）
[20:37:49] t=1658 RUSH-DEFENSE ON (敌8压门 vs 守5) 动员兵爆产
[20:37:51] t=1658 jev VEH DRON HOLD (预算保护 cash=350 aav帽=ok aav=0)
[20:37:51] t=1658 THREAT 0.77 -> force defend
[20:37:52] t=1661 ALARM NAPOWR under attack -> TURTLE (4 v 25, 守塔阵不打野战)
[20:37:52] {"kind": "action", "what": "attack_move", "name": null, "qty": null, "tid": null, "ts": "20:37:52"}
[20:37:52] t=1661 RUSH-DEFENSE ON (敌8压门 vs 守5) 动员兵爆产
[20:37:54] t=1661 jev BUILD NATECH HOLD (资金闸门: 坦克优先, cash=350)
[20:37:54] t=1661 jev VEH DRON HOLD (预算保护 cash=350 aav帽=ok aav=0)
[20:37:54] t=1664 POWER plant (reserve 54)
[20:37:54] t=1664 HARASS DRON x2 (have 0)
[20:37:54] {"kind": "action", "what": "produce", "name": "NAPOWR", "qty": 1, "tid": null, "ts": "20:37:54"}
[20:37:54] {"kind": "action", "what": "produce", "name": "DRON", "qty": 2, "tid": null, "ts": "20:37:54"}
[20:37:56] t=1667 ESCORT 坦克#3009 -> 护航矿车@[117, 133]
[20:37:56] {"kind": "action", "what": "attack_move", "name": null, "qty": null, "tid": null, "ts": "20:37:56"}
[20:38:01] t=1674 ALARM NAPOWR under attack -> TURTLE (4 v 25, 守塔阵不打野战)
[20:38:01] {"kind": "action", "what": "attack_move", "name": null, "qty": null, "tid": null, "ts": "20:38:01"}
[20:38:01] t=1674 RUSH-DEFENSE ON (敌8压门 vs 守5) 动员兵爆产
[20:38:06] t=1680 RUSH-DEFENSE E2 x4 (敌7压门 守8)
[20:38:06] {"kind": "action", "what": "produce", "name": "E2", "qty": 4, "tid": null, "ts": "20:38:06"}
[20:38:10] t=1683 MOVE raid x1 -> (78,77); t=1683 SIEGE overrides RUSH-DEFENSE (总攻决心); assault x4 -> (137,82); t=1683 SIEGE STAGING x4/8 (攒兵团, 齐冲再上); hold_b x1 -> (126,75)
[20:38:11] {"kind": "action", "what": "attack_move", "name": null, "qty": null, "tid": null, "ts": "20:38:11"}
[20:38:11] {"kind": "action", "what": "attack_move", "name": null, "qty": null, "tid": null, "ts": "20:38:11"}
[20:38:11] {"kind": "action", "what": "attack_move", "name": null, "qty": null, "tid": null, "ts": "20:38:11"}
[20:38:11] t=1687 ALARM unit lost -> TURTLE (6 v 22, 守塔阵不打野战)
[20:38:11] {"kind": "action", "what": "attack_move", "name": null, "qty": null, "tid": null, "ts": "20:38:11"}
[20:38:11] t=1687 RETREAT HTNK(39%)
[20:38:11] {"kind": "action", "what": "move", "name": null, "qty": null, "tid": null, "ts": "20:38:11"}
[20:38:16] t=1690 jev VEH DRON HOLD (预算保护 cash=312 aav帽=ok aav=0)
[20:38:18] t=1693 jev VEH DRON HOLD (预算保护 cash=196 aav帽=ok aav=0)
[20:38:20] t=1696 jev INF E2 HOLD (预算保护 gate=False e2=4)
[20:38:20] t=1696 jev VEH HTNK HOLD (预算保护 cash=116 aav帽=ok aav=0)
[20:38:20] t=1696 MOVE raid x1 -> (115,137); t=1696 SIEGE STAGING x4/8 (攒兵团, 齐冲再上)
[20:38:20] {"kind": "action", "what": "attack_move", "name": null, "qty": null, "tid": null, "ts": "20:38:20"}
[20:38:20] t=1699 ALARM NAPOWR under attack -> TURTLE (7 v 19, 守塔阵不打野战)
[20:38:20] {"kind": "action", "what": "attack_move", "name": null, "qty": null, "tid": null, "ts": "20:38:20"}
[20:38:23] t=1699 jev INF E2 HOLD (预算保护 gate=False e2=3)
[20:38:23] t=1699 jev VEH HARV HOLD (预算保护 cash=73 aav帽=ok aav=0)
[20:38:23] t=1703 RETREAT E2(34%)
[20:38:23] {"kind": "action", "what": "move", "name": null, "qty": null, "tid": null, "ts": "20:38:23"}
[20:38:25] t=1703 jev INF E2 HOLD (预算保护 gate=False e2=3)
[20:38:25] t=1703 jev VEH HTNK HOLD (预算保护 cash=25 aav帽=ok aav=0)
[20:38:27] t=1706 jev INF E2 HOLD (预算保护 gate=False e2=3)
[20:38:27] t=1706 jev VEH HTNK HOLD (预算保护 cash=0 aav帽=ok aav=0)
[20:38:28] t=1709 ESCORT 坦克#3792 -> 护航矿车@[120, 124]
[20:38:28] {"kind": "action", "what": "attack_move", "name": null, "qty": null, "tid": null, "ts": "20:38:28"}
[20:38:30] t=1709 jev INF E2 HOLD (预算保护 gate=False e2=3)
[20:38:30] t=1709 jev VEH HTNK HOLD (预算保护 cash=0 aav帽=ok aav=0)
[20:38:30] t=1709 MOVE raid x1 -> (117,127); assault x4 -> (137,82); t=1709 SIEGE STAGING x4/8 (攒兵团, 齐冲再上); hold_a x2 -> (133,86)
[20:38:30] {"kind": "action", "what": "attack_move", "name": null, "qty": null, "tid": null, "ts": "20:38:30"}
[20:38:30] {"kind": "action", "what": "attack_move", "name": null, "qty": null, "tid": null, "ts": "20:38:30"}
[20:38:30] {"kind": "action", "what": "attack_move", "name": null, "qty": null, "tid": null, "ts": "20:38:30"}
[20:38:30] t=1712 ALARM NAPOWR under attack -> TURTLE (6 v 19, 守塔阵不打野战)
[20:38:30] {"kind": "action", "what": "attack_move", "name": null, "qty": null, "tid": null, "ts": "20:38:30"}
[20:38:32] t=1712 jev INF E2 HOLD (预算保护 gate=False e2=3)
[20:38:32] t=1712 jev VEH HTNK HOLD (预算保护 cash=0 aav帽=ok aav=0)
[20:38:32] t=1712 tick#600 credits=0 stance=defend | jev 600 decisions p50=2049ms
[20:38:32] t=1715 RETREAT E2(34%)
[20:38:32] {"kind": "action", "what": "move", "name": null, "qty": null, "tid": null, "ts": "20:38:32"}
[20:38:34] t=1715 jev INF E2 HOLD (预算保护 gate=False e2=2)
[20:38:34] t=1715 jev VEH HTNK HOLD (预算保护 cash=0 aav帽=ok aav=0)
[20:38:37] t=1718 jev INF FLAKT HOLD (预算保护 gate=False e2=2)
[20:38:37] t=1718 jev VEH DRON HOLD (预算保护 cash=0 aav帽=ok aav=0)
[20:38:37] t=1721 RETREAT FLAKT(30%)
[20:38:37] {"kind": "action", "what": "move", "name": null, "qty": null, "tid": null, "ts": "20:38:37"}
[20:38:39] t=1721 jev INF E2 HOLD (预算保护 gate=False e2=3)
[20:38:39] t=1721 jev VEH DRON HOLD (预算保护 cash=0 aav帽=ok aav=0)
[20:38:39] t=1724 ALARM unit lost -> TURTLE (3 v 19, 守塔阵不打野战)
[20:38:39] {"kind": "action", "what": "attack_move", "name": null, "qty": null, "tid": null, "ts": "20:38:39"}
[20:38:41] t=1724 jev INF E2 HOLD (预算保护 gate=False e2=2)
[20:38:41] t=1724 jev VEH DRON HOLD (预算保护 cash=0 aav帽=ok aav=0)
[20:38:44] t=1728 jev INF FLAKT HOLD (预算保护 gate=False e2=1)
[20:38:44] t=1728 jev VEH DRON HOLD (预算保护 cash=0 aav帽=ok aav=0)
[20:38:46] t=1731 jev INF FLAKT HOLD (预算保护 gate=False e2=1)
[20:38:46] t=1731 jev VEH DRON HOLD (预算保护 cash=0 aav帽=ok aav=0)
[20:38:46] t=1734 RETREAT E2(34%)
[20:38:46] {"kind": "action", "what": "move", "name": null, "qty": null, "tid": null, "ts": "20:38:46"}
[20:38:48] t=1734 jev INF FLAKT HOLD (预算保护 gate=False e2=1)
[20:38:48] t=1734 jev VEH HTNK HOLD (预算保护 cash=0 aav帽=ok aav=0)
[20:38:48] t=1734 MOVE assault x3 -> (137,82); t=1734 SIEGE STAGING x3/8 (攒兵团, 齐冲再上)
[20:38:48] {"kind": "action", "what": "attack_move", "name": null, "qty": null, "tid": null, "ts": "20:38:48"}
[20:38:49] t=1737 ALARM NAHAND under attack -> TURTLE (2 v 18, 守塔阵不打野战)
[20:38:49] {"kind": "action", "what": "attack_move", "name": null, "qty": null, "tid": null, "ts": "20:38:49"}
[20:38:49] t=1737 RUSH-DEFENSE ON (敌4压门 vs 守4) 动员兵爆产
[20:38:51] t=1737 jev INF FLAKT (conf 0.23)
[20:38:51] t=1737 jev VEH DRON HOLD (预算保护 cash=0 aav帽=ok aav=0)
[20:38:51] {"kind": "action", "what": "produce", "name": "FLAKT", "qty": 1, "tid": null, "ts": "20:38:51"}
[20:38:53] t=1740 jev VEH DRON HOLD (预算保护 cash=0 aav帽=ok aav=0)
[20:38:55] t=1743 jev VEH DRON HOLD (预算保护 cash=426 aav帽=ok aav=0)
[20:38:58] t=1746 jev VEH DRON HOLD (预算保护 cash=351 aav帽=ok aav=0)
[20:38:58] t=1749 ALARM NAHAND under attack -> TURTLE (2 v 16, 守塔阵不打野战)
[20:38:58] {"kind": "action", "what": "attack_move", "name": null, "qty": null, "tid": null, "ts": "20:38:58"}
[20:38:58] t=1749 ESCORT 坦克#2772 -> 护航矿车@[120, 133]
[20:38:58] {"kind": "action", "what": "attack_move", "name": null, "qty": null, "tid": null, "ts": "20:38:58"}
[20:39:00] t=1749 jev VEH DRON HOLD (预算保护 cash=279 aav帽=ok aav=0)
[20:39:02] t=1752 jev VEH DRON HOLD (预算保护 cash=170 aav帽=ok aav=0)
[20:39:04] t=1755 jev INF E2 HOLD (预算保护 gate=False e2=0)
[20:39:04] t=1755 jev VEH DRON HOLD (预算保护 cash=158 aav帽=ok aav=0)
[20:39:07] t=1758 jev INF FLAKT HOLD (预算保护 gate=False e2=0)
[20:39:07] t=1758 jev VEH DRON HOLD (预算保护 cash=155 aav帽=ok aav=0)
[20:39:07] t=1758 MOVE assault x3 -> (137,82); t=1758 SIEGE STAGING x3/8 (攒兵团, 齐冲再上)
[20:39:07] {"kind": "action", "what": "attack_move", "name": null, "qty": null, "tid": null, "ts": "20:39:07"}
[20:39:07] t=1762 ALARM NAPOWR under attack -> TURTLE (3 v 16, 守塔阵不打野战)
[20:39:07] {"kind": "action", "what": "attack_move", "name": null, "qty": null, "tid": null, "ts": "20:39:07"}
[20:39:09] t=1762 jev INF FLAKT HOLD (预算保护 gate=False e2=0)
[20:39:09] t=1762 jev VEH HTNK HOLD (预算保护 cash=152 aav帽=ok aav=0)
[20:39:12] t=1765 jev INF FLAKT HOLD (预算保护 gate=False e2=0)
[20:39:12] t=1765 jev VEH DRON HOLD (预算保护 cash=149 aav帽=ok aav=0)
[20:39:14] t=1768 jev INF FLAKT HOLD (预算保护 gate=False e2=0)
[20:39:14] t=1768 jev VEH DRON HOLD (预算保护 cash=146 aav帽=ok aav=0)
[20:39:16] t=1771 jev INF FLAKT HOLD (预算保护 gate=False e2=0)
[20:39:16] t=1771 jev VEH HTNK HOLD (预算保护 cash=143 aav帽=ok aav=0)
[20:39:17] t=1774 ALARM NAPOWR under attack -> TURTLE (3 v 17, 守塔阵不打野战)
[20:39:17] {"kind": "action", "what": "attack_move", "name": null, "qty": null, "tid": null, "ts": "20:39:17"}
[20:39:19] t=1774 jev INF FLAKT HOLD (预算保护 gate=False e2=0)
[20:39:19] t=1774 jev VEH HTNK HOLD (预算保护 cash=143 aav帽=ok aav=0)
[20:39:19] t=1777 V3-RESPONSE HTK x1 (alive 0, seen t206 fire t1000001777)
[20:39:19] {"kind": "action", "what": "produce", "name": "HTK", "qty": 1, "tid": null, "ts": "20:39:19"}
[20:39:21] t=1777 jev INF FLAKT HOLD (预算保护 gate=False e2=0)
[20:39:23] t=1780 jev INF E2 HOLD (预算保护 gate=False e2=0)
[20:39:25] t=1783 jev INF E2 HOLD (预算保护 gate=False e2=0)
[20:39:25] t=1783 MOVE raid x1 -> (80,95); assault x4 -> (137,82); t=1783 SIEGE STAGING x4/8 (攒兵团, 齐冲再上)
[20:39:25] {"kind": "action", "what": "attack_move", "name": null, "qty": null, "tid": null, "ts": "20:39:25"}
[20:39:25] {"kind": "action", "what": "attack_move", "name": null, "qty": null, "tid": null, "ts": "20:39:25"}
[20:39:26] t=1786 ALARM NAPOWR under attack -> TURTLE (3 v 16, 守塔阵不打野战)
[20:39:26] {"kind": "action", "what": "attack_move", "name": null, "qty": null, "tid": null, "ts": "20:39:26"}
[20:39:28] t=1786 jev INF E2 HOLD (预算保护 gate=False e2=0)
[20:39:28] t=1790 ESCORT 坦克#3009 -> 护航矿车@[117, 135]
[20:39:28] {"kind": "action", "what": "attack_move", "name": null, "qty": null, "tid": null, "ts": "20:39:28"}
[20:39:30] t=1790 jev INF FLAKT HOLD (预算保护 gate=False e2=0)
[20:39:30] t=1790 tick#625 credits=160 stance=defend | jev 625 decisions p50=2045ms
[20:39:33] t=1793 jev INF FLAKT HOLD (预算保护 gate=False e2=0)
[20:39:35] t=1796 jev INF FLAKT HOLD (预算保护 gate=False e2=0)
[20:39:35] t=1796 jev VEH HTNK HOLD (预算保护 cash=4 aav帽=ok aav=1)
[20:39:35] t=1796 MOVE t=1796 SIEGE STAGING x3/8 (攒兵团, 齐冲再上); hold_a x1 -> (133,86); aahunt x1 -> (125,84)
[20:39:35] {"kind": "action", "what": "attack_move", "name": null, "qty": null, "tid": null, "ts": "20:39:35"}
[20:39:35] {"kind": "action", "what": "attack_move", "name": null, "qty": null, "tid": null, "ts": "20:39:35"}
[20:39:37] t=1799 jev INF FLAKT HOLD (预算保护 gate=False e2=0)
[20:39:37] t=1799 jev VEH HTNK HOLD (预算保护 cash=0 aav帽=ok aav=1)
[20:39:37] t=1799 MOVE assault x3 -> (137,82); t=1799 SIEGE STAGING x3/8 (攒兵团, 齐冲再上)
[20:39:37] {"kind": "action", "what": "attack_move", "name": null, "qty": null, "tid": null, "ts": "20:39:37"}
[20:39:40] t=1802 jev INF FLAKT HOLD (预算保护 gate=False e2=0)
[20:39:40] t=1802 jev VEH HTNK HOLD (预算保护 cash=0 aav帽=ok aav=1)
[20:39:40] t=1802 ATTACK (tanks=6)
[20:39:40] t=1802 MOVE raid x1 -> (80,117); t=1802 SIEGE STAGING x4/8 (攒兵团, 齐冲再上)
[20:39:40] {"kind": "action", "what": "attack_move", "name": null, "qty": null, "tid": null, "ts": "20:39:40"}
[20:39:42] t=1806 jev INF FLAKT HOLD (预算保护 gate=False e2=0)
[20:39:42] t=1806 jev VEH HTNK HOLD (预算保护 cash=0 aav帽=ok aav=1)
[20:39:42] t=1806 MOVE raid x1 -> (80,121); t=1806 SIEGE STAGING x4/8 (攒兵团, 齐冲再上)
[20:39:42] {"kind": "action", "what": "attack_move", "name": null, "qty": null, "tid": null, "ts": "20:39:42"}
[20:39:42] t=1809 POWER plant (reserve -87)
[20:39:42] t=1809 V3-RESPONSE HTK x1 (alive 1, seen t238 fire t1000001809)
[20:39:43] {"kind": "action", "what": "produce", "name": "NAPOWR", "qty": 1, "tid": null, "ts": "20:39:43"}
[20:39:45] t=1809 jev INF FLAKT (conf 0.32)
[20:39:45] t=1809 jev VEH HTNK HOLD (预算保护 cash=1125 aav帽=ok aav=1)
[20:39:45] {"kind": "action", "what": "produce", "name": "FLAKT", "qty": 1, "tid": null, "ts": "20:39:45"}
[20:39:45] t=1809 MOVE raid x1 -> (78,123); t=1809 SIEGE STAGING x4/8 (攒兵团, 齐冲再上)
[20:39:45] {"kind": "action", "what": "attack_move", "name": null, "qty": null, "tid": null, "ts": "20:39:45"}
[20:39:45] t=1812 ALARM unit lost -> 攻势保持（塔阵守家, 前线 4 个单位继续进攻）
[20:39:45] t=1812 HARASS DRON x2 (have 0)
[20:39:45] {"kind": "action", "what": "produce", "name": "DRON", "qty": 2, "tid": null, "ts": "20:39:45"}
[20:39:50] t=1815 MOVE assault x3 -> (137,82); t=1815 SIEGE STAGING x3/8 (攒兵团, 齐冲再上)
[20:39:50] {"kind": "action", "what": "attack_move", "name": null, "qty": null, "tid": null, "ts": "20:39:50"}
[20:39:57] t=1828 ALARM enemy approaching -> RESCUE 预备队 3 人驰援远端 [110, 83]
[20:39:57] {"kind": "action", "what": "attack_move", "name": null, "qty": null, "tid": null, "ts": "20:39:57"}
[20:39:59] t=1831 ESCORT 坦克#4192 -> 护航矿车@[112, 138]
[20:39:59] {"kind": "action", "what": "attack_move", "name": null, "qty": null, "tid": null, "ts": "20:39:59"}
[20:40:01] t=1831 THREAT 0.56 -> force defend
[20:40:01] t=1831 ATTACK (tanks=6)
[20:40:04] t=1834 THREAT 0.55 -> force defend
[20:40:04] t=1834 ATTACK (tanks=6)
[20:40:06] t=1837 MOVE raid x1 -> (79,102); assault x4 -> (137,82); t=1837 SIEGE STAGING x4/8 (攒兵团, 齐冲再上); aahunt x1 -> (125,84)
[20:40:06] {"kind": "action", "what": "attack_move", "name": null, "qty": null, "tid": null, "ts": "20:40:06"}
[20:40:06] {"kind": "action", "what": "attack_move", "name": null, "qty": null, "tid": null, "ts": "20:40:06"}
[20:40:06] {"kind": "action", "what": "attack_move", "name": null, "qty": null, "tid": null, "ts": "20:40:06"}
[20:40:06] t=1841 ALARM enemy approaching -> 攻势保持（塔阵守家, 前线 5 个单位继续进攻）
[20:40:09] t=1841 MOVE raid x1 -> (80,98); t=1841 SIEGE STAGING x4/8 (攒兵团, 齐冲再上)
[20:40:09] {"kind": "action", "what": "attack_move", "name": null, "qty": null, "tid": null, "ts": "20:40:09"}
[20:40:09] t=1844 ALARM enemy approaching -> 攻势保持（塔阵守家, 前线 5 个单位继续进攻）
[20:40:11] t=1844 MOVE raid x1 -> (80,93); t=1844 SIEGE STAGING x4/8 (攒兵团, 齐冲再上)
[20:40:11] {"kind": "action", "what": "attack_move", "name": null, "qty": null, "tid": null, "ts": "20:40:11"}
[20:40:12] t=1847 ALARM NAPOWR under attack -> 攻势保持（塔阵守家, 前线 5 个单位继续进攻）
[20:40:14] t=1847 THREAT 0.77 -> force defend
[20:40:14] t=1847 ATTACK (tanks=6)
[20:40:14] t=1847 MOVE raid x1 -> (80,89); t=1847 SIEGE STAGING x4/8 (攒兵团, 齐冲再上)
[20:40:14] {"kind": "action", "what": "attack_move", "name": null, "qty": null, "tid": null, "ts": "20:40:14"}
[20:40:14] t=1851 ALARM enemy approaching -> 攻势保持（塔阵守家, 前线 5 个单位继续进攻）
[20:40:16] t=1851 THREAT 0.76 -> force defend
[20:40:16] t=1851 ATTACK (tanks=6)
[20:40:16] t=1851 MOVE raid x1 -> (80,84); t=1851 SIEGE STAGING x4/8 (攒兵团, 齐冲再上)
[20:40:16] {"kind": "action", "what": "attack_move", "name": null, "qty": null, "tid": null, "ts": "20:40:16"}
[20:40:16] t=1854 ALARM enemy approaching -> 攻势保持（塔阵守家, 前线 5 个单位继续进攻）
[20:40:19] t=1854 THREAT 0.74 -> force defend
[20:40:19] t=1854 ATTACK (tanks=6)
[20:40:19] t=1854 MOVE raid x1 -> (79,80); assault x4 -> (137,82); t=1854 SIEGE STAGING x4/8 (攒兵团, 齐冲再上)
[20:40:19] {"kind": "action", "what": "attack_move", "name": null, "qty": null, "tid": null, "ts": "20:40:19"}
[20:40:19] {"kind": "action", "what": "attack_move", "name": null, "qty": null, "tid": null, "ts": "20:40:19"}
[20:40:19] t=1857 ALARM NAWEAP under attack -> 攻势保持（塔阵守家, 前线 5 个单位继续进攻）
[20:40:21] t=1857 THREAT 0.76 -> force defend
[20:40:21] t=1857 ATTACK (tanks=6)
[20:40:21] t=1857 MOVE raid x1 -> (80,119); t=1857 SIEGE STAGING x4/8 (攒兵团, 齐冲再上)
[20:40:21] {"kind": "action", "what": "attack_move", "name": null, "qty": null, "tid": null, "ts": "20:40:21"}
[20:40:21] t=1860 ALARM NAREFN under attack -> 攻势保持（塔阵守家, 前线 6 个单位继续进攻）
[20:40:23] t=1860 jev INF FLAKT HOLD (预算保护 gate=False e2=0)
[20:40:23] t=1860 THREAT 0.77 -> force defend
[20:40:23] t=1860 ATTACK (tanks=6)
[20:40:23] t=1860 MOVE t=1860 SIEGE STAGING x4/8 (攒兵团, 齐冲再上); hold_b x1 -> (126,75)
[20:40:23] {"kind": "action", "what": "attack_move", "name": null, "qty": null, "tid": null, "ts": "20:40:23"}
[20:40:23] t=1863 ALARM NAREFN under attack -> 攻势保持（塔阵守家, 前线 6 个单位继续进攻）
[20:40:25] t=1863 jev INF FLAKT HOLD (预算保护 gate=False e2=0)
[20:40:25] t=1863 THREAT 0.76 -> force defend
[20:40:25] t=1863 ATTACK (tanks=6)
[20:40:28] t=1866 jev INF FLAKT HOLD (预算保护 gate=False e2=0)
[20:40:28] t=1866 THREAT 0.75 -> force defend
[20:40:28] t=1866 ATTACK (tanks=6)
[20:40:28] t=1869 ALARM unit lost -> 攻势保持（塔阵守家, 前线 5 个单位继续进攻）
[20:40:30] t=1869 jev INF FLAKT HOLD (预算保护 gate=False e2=0)
[20:40:30] t=1869 THREAT 0.71 -> force defend
[20:40:30] t=1869 tick#650 credits=0 stance=defend | jev 650 decisions p50=2053ms
[20:40:30] t=1872 ESCORT 坦克#2772 -> 护航矿车@[120, 117]
[20:40:30] {"kind": "action", "what": "attack_move", "name": null, "qty": null, "tid": null, "ts": "20:40:30"}
[20:40:32] t=1872 jev INF FLAKT HOLD (预算保护 gate=False e2=0)
[20:40:32] t=1872 MOVE assault x3 -> (137,82); t=1872 SIEGE STAGING x3/8 (攒兵团, 齐冲再上)
[20:40:32] {"kind": "action", "what": "attack_move", "name": null, "qty": null, "tid": null, "ts": "20:40:32"}
[20:40:35] t=1876 jev INF FLAKT HOLD (预算保护 gate=False e2=0)
[20:40:37] t=1879 jev INF FLAKT HOLD (预算保护 gate=False e2=0)
[20:40:37] t=1879 MOVE t=1879 SIEGE STAGING x3/8 (攒兵团, 齐冲再上); hold_a x1 -> (133,86); aahunt x1 -> (125,84)
[20:40:37] {"kind": "action", "what": "attack_move", "name": null, "qty": null, "tid": null, "ts": "20:40:37"}
[20:40:37] {"kind": "action", "what": "attack_move", "name": null, "qty": null, "tid": null, "ts": "20:40:37"}
[20:40:42] t=1888 ECON harv#6
[20:40:42] {"kind": "action", "what": "produce", "name": "HARV", "qty": 1, "tid": null, "ts": "20:40:42"}
[20:40:44] t=1888 jev INF FLAKT (conf 0.28)
[20:40:44] {"kind": "action", "what": "produce", "name": "FLAKT", "qty": 1, "tid": null, "ts": "20:40:44"}
[20:40:44] t=1888 ATTACK (tanks=6)
[20:40:44] t=1888 MOVE raid x1 -> (90,108); t=1888 SIEGE STAGING x4/8 (攒兵团, 齐冲再上)
[20:40:44] {"kind": "action", "what": "attack_move", "name": null, "qty": null, "tid": null, "ts": "20:40:44"}
[20:40:47] t=1892 THREAT 0.64 -> force defend
[20:40:47] t=1892 ATTACK (tanks=6)
[20:40:47] t=1892 MOVE raid x1 -> (91,105); assault x4 -> (137,82); t=1892 SIEGE STAGING x4/8 (攒兵团, 齐冲再上)
[20:40:47] {"kind": "action", "what": "attack_move", "name": null, "qty": null, "tid": null, "ts": "20:40:47"}
[20:40:47] {"kind": "action", "what": "attack_move", "name": null, "qty": null, "tid": null, "ts": "20:40:47"}
[20:40:49] t=1895 THREAT 0.63 -> force defend
[20:40:49] t=1895 ATTACK (tanks=6)
[20:40:49] t=1895 MOVE raid x1 -> (94,103); t=1895 SIEGE STAGING x4/8 (攒兵团, 齐冲再上)
[20:40:49] {"kind": "action", "what": "attack_move", "name": null, "qty": null, "tid": null, "ts": "20:40:49"}
[20:40:51] t=1898 THREAT 0.72 -> force defend
[20:40:51] t=1898 ATTACK (tanks=6)
[20:40:51] t=1898 MOVE raid x1 -> (97,102); t=1898 SIEGE STAGING x4/8 (攒兵团, 齐冲再上)
[20:40:51] {"kind": "action", "what": "attack_move", "name": null, "qty": null, "tid": null, "ts": "20:40:51"}
[20:40:54] t=1901 jev INF FLAKT HOLD (预算保护 gate=False e2=0)
[20:40:54] t=1901 THREAT 0.70 -> force defend
[20:40:54] t=1901 ATTACK (tanks=6)
[20:40:54] t=1901 MOVE raid x1 -> (100,101); t=1901 SIEGE STAGING x4/8 (攒兵团, 齐冲再上)
[20:40:54] {"kind": "action", "what": "attack_move", "name": null, "qty": null, "tid": null, "ts": "20:40:54"}
[20:40:56] t=1904 jev INF FLAKT HOLD (预算保护 gate=False e2=0)
[20:40:56] t=1904 THREAT 0.71 -> force defend
[20:40:56] t=1904 ATTACK (tanks=6)
[20:40:56] t=1904 MOVE raid x1 -> (102,97); t=1904 SIEGE STAGING x4/8 (攒兵团, 齐冲再上)
[20:40:56] {"kind": "action", "what": "attack_move", "name": null, "qty": null, "tid": null, "ts": "20:40:56"}
[20:40:58] t=1907 jev BUILD NATECH HOLD (资金闸门: 坦克优先, cash=305)
[20:40:58] t=1907 jev INF FLAKT HOLD (预算保护 gate=False e2=0)
[20:40:58] t=1907 THREAT 0.68 -> force defend
[20:40:58] t=1907 ATTACK (tanks=6)
[20:40:58] t=1907 MOVE raid x1 -> (103,94); t=1907 SIEGE STAGING x4/8 (攒兵团, 齐冲再上)
[20:40:59] {"kind": "action", "what": "attack_move", "name": null, "qty": null, "tid": null, "ts": "20:40:59"}
[20:41:01] t=1910 jev BUILD NATECH HOLD (资金闸门: 坦克优先, cash=152)
[20:41:01] t=1910 jev INF FLAKT HOLD (预算保护 gate=False e2=0)
[20:41:01] t=1910 THREAT 0.67 -> force defend
[20:41:01] t=1910 ATTACK (tanks=6)
[20:41:01] t=1910 MOVE raid x1 -> (104,90); assault x4 -> (137,82); t=1910 SIEGE STAGING x4/8 (攒兵团, 齐冲再上)
[20:41:01] {"kind": "action", "what": "attack_move", "name": null, "qty": null, "tid": null, "ts": "20:41:01"}
[20:41:01] {"kind": "action", "what": "attack_move", "name": null, "qty": null, "tid": null, "ts": "20:41:01"}
[20:41:01] t=1914 ALARM unit lost -> 攻势保持（塔阵守家, 前线 6 个单位继续进攻）
[20:41:01] t=1914 ESCORT 坦克#2772 -> 护航矿车@[120, 112]
[20:41:01] {"kind": "action", "what": "attack_move", "name": null, "qty": null, "tid": null, "ts": "20:41:01"}
[20:41:03] t=1914 jev BUILD NATECH HOLD (资金闸门: 坦克优先, cash=0)
[20:41:03] t=1914 THREAT 0.70 -> force defend
[20:41:06] t=1917 jev BUILD NATECH HOLD (资金闸门: 坦克优先, cash=0)
[20:41:06] t=1917 jev INF FLAKT HOLD (预算保护 gate=False e2=0)
[20:41:06] t=1920 ALARM enemy approaching -> RESCUE 预备队 3 人驰援远端 [109, 84]
[20:41:06] {"kind": "action", "what": "attack_move", "name": null, "qty": null, "tid": null, "ts": "20:41:06"}
[20:41:10] t=1923 jev BUILD NATECH HOLD (资金闸门: 坦克优先, cash=0)
[20:41:13] t=1926 jev BUILD NATECH HOLD (资金闸门: 坦克优先, cash=210)
[20:41:13] t=1929 POWER plant (reserve 59)
[20:41:13] {"kind": "action", "what": "produce", "name": "NAPOWR", "qty": 1, "tid": null, "ts": "20:41:13"}
[20:41:15] t=1929 MOVE assault x3 -> (137,82); t=1929 SIEGE STAGING x3/8 (攒兵团, 齐冲再上); aahunt x1 -> (125,84)
[20:41:15] {"kind": "action", "what": "attack_move", "name": null, "qty": null, "tid": null, "ts": "20:41:15"}
[20:41:15] {"kind": "action", "what": "attack_move", "name": null, "qty": null, "tid": null, "ts": "20:41:15"}
[20:41:15] t=1933 ALARM enemy approaching -> TURTLE (6 v 18, 守塔阵不打野战)
[20:41:15] {"kind": "action", "what": "attack_move", "name": null, "qty": null, "tid": null, "ts": "20:41:15"}
[20:41:17] t=1933 jev INF FLAKT (conf 0.34)
[20:41:18] {"kind": "action", "what": "produce", "name": "FLAKT", "qty": 1, "tid": null, "ts": "20:41:18"}
[20:41:22] t=1939 jev VEH HTNK HOLD (预算保护 cash=335 aav帽=ok aav=1)
[20:41:24] t=1942 jev VEH HTNK HOLD (预算保护 cash=231 aav帽=ok aav=1)
[20:41:24] t=1942 MOVE t=1942 SIEGE STAGING x3/8 (攒兵团, 齐冲再上); hold_b x1 -> (126,75)
[20:41:25] {"kind": "action", "what": "attack_move", "name": null, "qty": null, "tid": null, "ts": "20:41:25"}
[20:41:27] t=1945 jev VEH HTNK HOLD (预算保护 cash=140 aav帽=ok aav=1)
[20:41:29] t=1948 jev VEH HTNK HOLD (预算保护 cash=53 aav帽=ok aav=1)
[20:41:29] t=1948 MOVE assault x3 -> (137,82); t=1948 SIEGE STAGING x3/8 (攒兵团, 齐冲再上)
[20:41:29] {"kind": "action", "what": "attack_move", "name": null, "qty": null, "tid": null, "ts": "20:41:29"}
[20:41:29] t=1948 tick#675 credits=53 stance=defend | jev 675 decisions p50=2061ms
[20:41:32] t=1951 jev VEH HTNK HOLD (预算保护 cash=0 aav帽=ok aav=1)
[20:41:32] t=1955 ESCORT 坦克#3356 -> 护航矿车@[83, 85]
[20:41:32] {"kind": "action", "what": "attack_move", "name": null, "qty": null, "tid": null, "ts": "20:41:32"}
[20:41:34] t=1955 jev VEH HTNK HOLD (预算保护 cash=0 aav帽=ok aav=1)
[20:41:36] t=1958 jev VEH HTNK HOLD (预算保护 cash=0 aav帽=ok aav=1)
[20:41:39] t=1961 jev VEH HTNK HOLD (预算保护 cash=100 aav帽=ok aav=1)
[20:41:39] t=1961 MOVE t=1961 SIEGE STAGING x3/8 (攒兵团, 齐冲再上); hold_a x2 -> (133,86)
[20:41:39] {"kind": "action", "what": "attack_move", "name": null, "qty": null, "tid": null, "ts": "20:41:39"}
[20:41:41] t=1964 jev BUILD NATECH HOLD (资金闸门: 坦克优先, cash=100)
[20:41:41] t=1964 jev VEH DRON HOLD (预算保护 cash=100 aav帽=ok aav=1)
[20:41:43] t=1967 jev BUILD NATECH HOLD (资金闸门: 坦克优先, cash=100)
[20:41:43] t=1967 jev VEH DRON HOLD (预算保护 cash=100 aav帽=ok aav=1)
[20:41:43] t=1967 MOVE assault x3 -> (137,82); t=1967 SIEGE STAGING x3/8 (攒兵团, 齐冲再上)
[20:41:43] {"kind": "action", "what": "attack_move", "name": null, "qty": null, "tid": null, "ts": "20:41:43"}
[20:41:46] t=1970 jev BUILD NATECH HOLD (资金闸门: 坦克优先, cash=100)
[20:41:46] t=1970 jev VEH DRON HOLD (预算保护 cash=100 aav帽=ok aav=1)
[20:41:46] t=1970 MOVE t=1970 SIEGE STAGING x3/8 (攒兵团, 齐冲再上); aahunt x1 -> (125,84)
[20:41:46] {"kind": "action", "what": "attack_move", "name": null, "qty": null, "tid": null, "ts": "20:41:46"}
[20:41:48] t=1973 jev BUILD NATECH HOLD (资金闸门: 坦克优先, cash=100)
[20:41:48] t=1973 jev VEH DRON HOLD (预算保护 cash=100 aav帽=ok aav=1)
[20:41:50] t=1977 jev BUILD NATECH HOLD (资金闸门: 坦克优先, cash=100)
[20:41:50] t=1977 jev VEH DRON HOLD (预算保护 cash=100 aav帽=ok aav=1)
[20:41:53] t=1980 jev BUILD NATECH HOLD (资金闸门: 坦克优先, cash=100)
[20:41:53] t=1980 jev VEH HTNK HOLD (预算保护 cash=100 aav帽=ok aav=1)
[20:41:55] t=1983 jev BUILD NATECH HOLD (资金闸门: 坦克优先, cash=100)
[20:41:55] t=1983 jev VEH HTNK HOLD (预算保护 cash=100 aav帽=ok aav=1)
[20:41:57] t=1986 jev BUILD NATECH HOLD (资金闸门: 坦克优先, cash=100)
[20:41:57] t=1986 jev VEH HTNK HOLD (预算保护 cash=100 aav帽=ok aav=1)
[20:41:57] t=1986 MOVE assault x3 -> (137,82); t=1986 SIEGE STAGING x3/8 (攒兵团, 齐冲再上)
[20:41:57] {"kind": "action", "what": "attack_move", "name": null, "qty": null, "tid": null, "ts": "20:41:57"}
[20:41:58] t=1989 RETREAT HTNK(26%)
[20:41:58] {"kind": "action", "what": "move", "name": null, "qty": null, "tid": null, "ts": "20:41:58"}
[20:42:00] t=1989 jev BUILD NATECH HOLD (资金闸门: 坦克优先, cash=100)
[20:42:00] t=1989 jev VEH HTNK HOLD (预算保护 cash=100 aav帽=ok aav=1)
[20:42:02] t=1992 jev BUILD NATECH HOLD (资金闸门: 坦克优先, cash=100)
[20:42:02] t=1992 jev VEH HTNK HOLD (预算保护 cash=100 aav帽=ok aav=1)
[20:42:02] t=1995 ESCORT 坦克#3356 -> 护航矿车@[117, 135]
[20:42:02] {"kind": "action", "what": "attack_move", "name": null, "qty": null, "tid": null, "ts": "20:42:02"}
[20:42:05] t=1995 jev BUILD NATECH HOLD (资金闸门: 坦克优先, cash=100)
[20:42:05] t=1995 jev VEH HTNK HOLD (预算保护 cash=100 aav帽=ok aav=1)
[20:42:07] t=1998 jev BUILD NATECH HOLD (资金闸门: 坦克优先, cash=100)
[20:42:07] t=1998 jev VEH HTNK HOLD (预算保护 cash=100 aav帽=ok aav=1)
[20:42:09] t=2002 jev BUILD NATECH HOLD (资金闸门: 坦克优先, cash=100)
[20:42:09] t=2002 jev VEH HTNK HOLD (预算保护 cash=100 aav帽=ok aav=1)
[20:42:12] t=2005 jev BUILD NATECH HOLD (资金闸门: 坦克优先, cash=100)
[20:42:12] t=2005 jev VEH HTNK HOLD (预算保护 cash=100 aav帽=ok aav=1)
[20:42:12] t=2005 MOVE assault x3 -> (137,82); t=2005 SIEGE STAGING x3/8 (攒兵团, 齐冲再上)
[20:42:12] {"kind": "action", "what": "attack_move", "name": null, "qty": null, "tid": null, "ts": "20:42:12"}
[20:42:14] t=2008 jev BUILD NATECH HOLD (资金闸门: 坦克优先, cash=100)
[20:42:14] t=2008 jev VEH DRON HOLD (预算保护 cash=100 aav帽=ok aav=1)
[20:42:16] t=2011 jev BUILD NATECH HOLD (资金闸门: 坦克优先, cash=100)
[20:42:16] t=2011 jev VEH DRON HOLD (预算保护 cash=100 aav帽=ok aav=1)
[20:42:16] t=2011 MOVE t=2011 SIEGE STAGING x3/8 (攒兵团, 齐冲再上); aahunt x1 -> (125,84)
[20:42:16] {"kind": "action", "what": "attack_move", "name": null, "qty": null, "tid": null, "ts": "20:42:16"}
[20:42:18] t=2014 jev BUILD NATECH HOLD (资金闸门: 坦克优先, cash=100)
[20:42:18] t=2014 jev VEH DRON HOLD (预算保护 cash=100 aav帽=ok aav=1)
[20:42:19] t=2017 V3-RESPONSE HTK x1 (alive 1, seen t0 fire t1000002017)
[20:42:19] {"kind": "action", "what": "produce", "name": "HTK", "qty": 1, "tid": null, "ts": "20:42:19"}
[20:42:23] t=2020 jev BUILD NATECH HOLD (资金闸门: 坦克优先, cash=338)
[20:42:25] t=2023 MOVE assault x3 -> (137,82); t=2023 SIEGE STAGING x3/8 (攒兵团, 齐冲再上); hold_b x1 -> (126,75)
[20:42:25] {"kind": "action", "what": "attack_move", "name": null, "qty": null, "tid": null, "ts": "20:42:25"}
[20:42:25] {"kind": "action", "what": "attack_move", "name": null, "qty": null, "tid": null, "ts": "20:42:25"}
[20:42:28] t=2026 jev BUILD NATECH HOLD (资金闸门: 坦克优先, cash=50)
[20:42:28] t=2026 jev VEH HTNK HOLD (预算保护 cash=50 aav帽=ok aav=2)
[20:42:28] t=2026 ATTACK (tanks=6)
[20:42:28] t=2026 tick#700 credits=50 stance=attack | jev 700 decisions p50=2064ms
[20:42:30] t=2029 jev BUILD NATECH HOLD (资金闸门: 坦克优先, cash=50)
[20:42:30] t=2029 jev VEH HTNK HOLD (预算保护 cash=50 aav帽=ok aav=2)
[20:42:32] t=2032 jev BUILD NATECH HOLD (资金闸门: 坦克优先, cash=50)
[20:42:32] t=2032 jev VEH DRON HOLD (预算保护 cash=50 aav帽=ok aav=2)
[20:42:33] t=2036 ALARM enemy approaching -> RESCUE 预备队 3 人驰援远端 [120, 99]
[20:42:33] {"kind": "action", "what": "attack_move", "name": null, "qty": null, "tid": null, "ts": "20:42:33"}
[20:42:33] t=2036 ESCORT 坦克#3356 -> 护航矿车@[122, 109]
[20:42:33] {"kind": "action", "what": "attack_move", "name": null, "qty": null, "tid": null, "ts": "20:42:33"}
[20:42:35] t=2036 jev BUILD NATECH HOLD (资金闸门: 坦克优先, cash=50)
[20:42:35] t=2036 jev VEH DRON HOLD (预算保护 cash=50 aav帽=ok aav=2)
[20:42:37] t=2039 jev BUILD NATECH HOLD (资金闸门: 坦克优先, cash=50)
[20:42:37] t=2039 jev VEH DRON HOLD (预算保护 cash=50 aav帽=ok aav=2)
[20:42:39] t=2042 jev BUILD NATECH HOLD (资金闸门: 坦克优先, cash=50)
[20:42:39] t=2042 jev VEH DRON HOLD (预算保护 cash=50 aav帽=ok aav=2)
[20:42:42] t=2045 jev BUILD NATECH HOLD (资金闸门: 坦克优先, cash=125)
[20:42:42] t=2045 jev VEH DRON HOLD (预算保护 cash=125 aav帽=ok aav=2)
[20:42:42] t=2045 MOVE assault x3 -> (137,82); t=2045 SIEGE STAGING x3/8 (攒兵团, 齐冲再上); hold_a x2 -> (133,86)
[20:42:42] {"kind": "action", "what": "attack_move", "name": null, "qty": null, "tid": null, "ts": "20:42:42"}
[20:42:42] {"kind": "action", "what": "attack_move", "name": null, "qty": null, "tid": null, "ts": "20:42:42"}
[20:42:42] t=2048 ALARM enemy approaching -> RESCUE 预备队 3 人驰援远端 [114, 87]
[20:42:42] {"kind": "action", "what": "attack_move", "name": null, "qty": null, "tid": null, "ts": "20:42:42"}
[20:42:44] t=2048 jev BUILD NATECH HOLD (资金闸门: 坦克优先, cash=125)
[20:42:44] t=2048 jev VEH DRON HOLD (预算保护 cash=125 aav帽=ok aav=2)
[20:42:46] t=2051 jev BUILD NATECH HOLD (资金闸门: 坦克优先, cash=125)
[20:42:46] t=2051 jev VEH DRON HOLD (预算保护 cash=125 aav帽=ok aav=2)
[20:42:48] t=2054 jev BUILD NATECH HOLD (资金闸门: 坦克优先, cash=125)
[20:42:48] t=2054 jev VEH DRON HOLD (预算保护 cash=125 aav帽=ok aav=2)
[20:42:51] t=2057 jev BUILD NATECH HOLD (资金闸门: 坦克优先, cash=125)
[20:42:51] t=2057 jev VEH DRON HOLD (预算保护 cash=125 aav帽=ok aav=2)
[20:42:51] t=2057 MOVE t=2057 SIEGE STAGING x3/8 (攒兵团, 齐冲再上); aahunt x2 -> (125,84)
[20:42:51] {"kind": "action", "what": "attack_move", "name": null, "qty": null, "tid": null, "ts": "20:42:51"}
[20:42:53] t=2060 jev BUILD NATECH HOLD (资金闸门: 坦克优先, cash=125)
[20:42:53] t=2060 jev VEH DRON HOLD (预算保护 cash=125 aav帽=ok aav=2)
[20:42:55] t=2063 jev VEH DRON HOLD (预算保护 cash=125 aav帽=ok aav=2)
[20:42:55] t=2063 MOVE assault x3 -> (137,82); t=2063 SIEGE STAGING x3/8 (攒兵团, 齐冲再上)
[20:42:55] {"kind": "action", "what": "attack_move", "name": null, "qty": null, "tid": null, "ts": "20:42:55"}
[20:42:57] t=2066 jev VEH DRON HOLD (预算保护 cash=125 aav帽=ok aav=2)
[20:43:00] t=2069 jev VEH DRON HOLD (预算保护 cash=125 aav帽=ok aav=2)
[20:43:02] t=2072 jev VEH HTK HOLD (预算保护 cash=125 aav帽=ok aav=2)
[20:43:02] t=2075 HARASS DRON x2 (have 0)
[20:43:02] {"kind": "action", "what": "produce", "name": "DRON", "qty": 2, "tid": null, "ts": "20:43:02"}
[20:43:05] t=2078 ESCORT 坦克#2772 -> 护航矿车@[83, 82]
[20:43:05] {"kind": "action", "what": "attack_move", "name": null, "qty": null, "tid": null, "ts": "20:43:05"}
[20:43:09] t=2081 MOVE assault x3 -> (137,82); t=2081 SIEGE STAGING x3/8 (攒兵团, 齐冲再上)
[20:43:09] {"kind": "action", "what": "attack_move", "name": null, "qty": null, "tid": null, "ts": "20:43:09"}
[20:43:11] t=2084 MOVE raid x1 -> (80,89); t=2084 SIEGE STAGING x4/8 (攒兵团, 齐冲再上)
[20:43:11] {"kind": "action", "what": "attack_move", "name": null, "qty": null, "tid": null, "ts": "20:43:11"}
[20:43:13] t=2087 MOVE raid x1 -> (80,93); t=2087 SIEGE STAGING x4/8 (攒兵团, 齐冲再上)
[20:43:13] {"kind": "action", "what": "attack_move", "name": null, "qty": null, "tid": null, "ts": "20:43:13"}
[20:43:16] t=2090 jev VEH HARV HOLD (预算保护 cash=0 aav帽=ok aav=2)
[20:43:16] t=2090 MOVE raid x2 -> (80,97); t=2090 SIEGE STAGING x5/8 (攒兵团, 齐冲再上)
[20:43:16] {"kind": "action", "what": "attack_move", "name": null, "qty": null, "tid": null, "ts": "20:43:16"}
[20:43:18] t=2093 jev VEH HARV HOLD (预算保护 cash=0 aav帽=ok aav=2)
[20:43:18] t=2093 MOVE raid x2 -> (80,102); t=2093 SIEGE STAGING x5/8 (攒兵团, 齐冲再上)
[20:43:18] {"kind": "action", "what": "attack_move", "name": null, "qty": null, "tid": null, "ts": "20:43:18"}
[20:43:20] t=2097 jev VEH DRON HOLD (预算保护 cash=0 aav帽=ok aav=2)
[20:43:20] t=2097 THREAT 0.58 -> force defend
[20:43:20] t=2097 ATTACK (tanks=8)
[20:43:20] t=2097 MOVE raid x2 -> (80,106); t=2097 SIEGE STAGING x5/8 (攒兵团, 齐冲再上)
[20:43:20] {"kind": "action", "what": "attack_move", "name": null, "qty": null, "tid": null, "ts": "20:43:20"}
[20:43:23] t=2100 jev VEH DRON HOLD (预算保护 cash=75 aav帽=ok aav=2)
[20:43:23] t=2100 MOVE raid x2 -> (80,110); assault x5 -> (137,82); t=2100 SIEGE STAGING x5/8 (攒兵团, 齐冲再上); aahunt x2 -> (125,84)
[20:43:23] {"kind": "action", "what": "attack_move", "name": null, "qty": null, "tid": null, "ts": "20:43:23"}
[20:43:23] {"kind": "action", "what": "attack_move", "name": null, "qty": null, "tid": null, "ts": "20:43:23"}
[20:43:23] {"kind": "action", "what": "attack_move", "name": null, "qty": null, "tid": null, "ts": "20:43:23"}
[20:43:25] t=2103 jev VEH DRON HOLD (预算保护 cash=75 aav帽=ok aav=2)
[20:43:25] t=2103 MOVE raid x2 -> (80,114); t=2103 SIEGE STAGING x5/8 (攒兵团, 齐冲再上)
[20:43:25] {"kind": "action", "what": "attack_move", "name": null, "qty": null, "tid": null, "ts": "20:43:25"}
[20:43:25] t=2103 tick#725 credits=75 stance=attack | jev 725 decisions p50=2054ms
[20:43:27] t=2106 jev VEH HARV HOLD (预算保护 cash=75 aav帽=ok aav=2)
[20:43:27] t=2106 MOVE raid x2 -> (89,126); t=2106 SIEGE STAGING x5/8 (攒兵团, 齐冲再上); hold_b x1 -> (126,75)
[20:43:27] {"kind": "action", "what": "attack_move", "name": null, "qty": null, "tid": null, "ts": "20:43:27"}
[20:43:27] {"kind": "action", "what": "attack_move", "name": null, "qty": null, "tid": null, "ts": "20:43:27"}
[20:43:30] t=2109 jev VEH DRON HOLD (预算保护 cash=75 aav帽=ok aav=2)
[20:43:30] t=2109 MOVE raid x2 -> (88,126); t=2109 SIEGE STAGING x5/8 (攒兵团, 齐冲再上)
[20:43:30] {"kind": "action", "what": "attack_move", "name": null, "qty": null, "tid": null, "ts": "20:43:30"}
[20:43:32] t=2112 jev VEH DRON HOLD (预算保护 cash=75 aav帽=ok aav=2)
[20:43:32] t=2112 MOVE raid x2 -> (87,125); t=2112 SIEGE STAGING x5/8 (攒兵团, 齐冲再上)
[20:43:32] {"kind": "action", "what": "attack_move", "name": null, "qty": null, "tid": null, "ts": "20:43:32"}
[20:43:34] t=2115 jev VEH HARV HOLD (预算保护 cash=75 aav帽=ok aav=2)
[20:43:35] t=2118 ESCORT 坦克#4616 -> 护航矿车@[104, 92]
[20:43:35] {"kind": "action", "what": "attack_move", "name": null, "qty": null, "tid": null, "ts": "20:43:35"}
[20:43:37] t=2118 jev VEH HTK HOLD (预算保护 cash=75 aav帽=ok aav=2)
[20:43:37] t=2118 MOVE raid x2 -> (88,124); assault x5 -> (137,82); t=2118 SIEGE STAGING x5/8 (攒兵团, 齐冲再上)
[20:43:37] {"kind": "action", "what": "attack_move", "name": null, "qty": null, "tid": null, "ts": "20:43:37"}
[20:43:37] {"kind": "action", "what": "attack_move", "name": null, "qty": null, "tid": null, "ts": "20:43:37"}
[20:43:39] t=2121 jev VEH HTK HOLD (预算保护 cash=75 aav帽=ok aav=2)
[20:43:41] t=2124 jev VEH HTK HOLD (预算保护 cash=75 aav帽=ok aav=2)
[20:43:41] t=2124 THREAT 0.60 -> force defend
[20:43:41] t=2124 ATTACK (tanks=8)
[20:43:41] t=2124 MOVE raid x2 -> (87,124); t=2124 SIEGE STAGING x5/8 (攒兵团, 齐冲再上)
[20:43:41] {"kind": "action", "what": "attack_move", "name": null, "qty": null, "tid": null, "ts": "20:43:41"}
[20:43:44] t=2128 jev VEH DRON HOLD (预算保护 cash=75 aav帽=ok aav=2)
[20:43:44] t=2128 MOVE raid x2 -> (83,123); t=2128 SIEGE STAGING x5/8 (攒兵团, 齐冲再上); hold_a x2 -> (133,86)
[20:43:44] {"kind": "action", "what": "attack_move", "name": null, "qty": null, "tid": null, "ts": "20:43:44"}
[20:43:44] {"kind": "action", "what": "attack_move", "name": null, "qty": null, "tid": null, "ts": "20:43:44"}
[20:43:46] t=2131 jev VEH DRON HOLD (预算保护 cash=225 aav帽=ok aav=2)
[20:43:46] t=2131 MOVE raid x2 -> (79,116); t=2131 SIEGE STAGING x5/8 (攒兵团, 齐冲再上)
[20:43:46] {"kind": "action", "what": "attack_move", "name": null, "qty": null, "tid": null, "ts": "20:43:46"}
[20:43:46] t=2134 ALARM unit lost -> 攻势保持（塔阵守家, 前线 8 个单位继续进攻）
[20:43:48] t=2134 jev VEH DRON HOLD (预算保护 cash=225 aav帽=ok aav=2)
[20:43:48] t=2134 THREAT 0.59 -> force defend
[20:43:48] t=2134 ATTACK (tanks=7)
[20:43:48] t=2134 MOVE raid x1 -> (79,112); t=2134 SIEGE STAGING x4/8 (攒兵团, 齐冲再上)
[20:43:49] {"kind": "action", "what": "attack_move", "name": null, "qty": null, "tid": null, "ts": "20:43:49"}
[20:43:51] t=2137 jev VEH DRON HOLD (预算保护 cash=225 aav帽=ok aav=2)
[20:43:51] t=2137 THREAT 0.59 -> force defend
[20:43:51] t=2137 ATTACK (tanks=7)
[20:43:51] t=2137 MOVE raid x1 -> (79,108); assault x4 -> (137,82); t=2137 SIEGE STAGING x4/8 (攒兵团, 齐冲再上)
[20:43:51] {"kind": "action", "what": "attack_move", "name": null, "qty": null, "tid": null, "ts": "20:43:51"}
[20:43:51] {"kind": "action", "what": "attack_move", "name": null, "qty": null, "tid": null, "ts": "20:43:51"}
[20:43:53] t=2140 jev VEH DRON HOLD (预算保护 cash=225 aav帽=ok aav=2)
[20:43:53] t=2140 THREAT 0.61 -> force defend
[20:43:53] t=2140 ATTACK (tanks=7)
[20:43:53] t=2140 MOVE raid x1 -> (79,103); t=2140 SIEGE STAGING x4/8 (攒兵团, 齐冲再上); aahunt x2 -> (125,84)
[20:43:53] {"kind": "action", "what": "attack_move", "name": null, "qty": null, "tid": null, "ts": "20:43:53"}
[20:43:53] {"kind": "action", "what": "attack_move", "name": null, "qty": null, "tid": null, "ts": "20:43:53"}
[20:43:54] t=2143 RETREAT HTNK(31%)
[20:43:54] {"kind": "action", "what": "move", "name": null, "qty": null, "tid": null, "ts": "20:43:54"}
[20:43:56] t=2143 jev VEH DRON HOLD (预算保护 cash=225 aav帽=ok aav=2)
[20:43:56] t=2143 THREAT 0.62 -> force defend
[20:43:56] t=2143 ATTACK (tanks=7)
[20:43:56] t=2143 MOVE raid x1 -> (80,100); t=2143 SIEGE STAGING x4/8 (攒兵团, 齐冲再上)
[20:43:56] {"kind": "action", "what": "attack_move", "name": null, "qty": null, "tid": null, "ts": "20:43:56"}
[20:43:58] t=2147 jev VEH HTK HOLD (预算保护 cash=225 aav帽=ok aav=2)
[20:43:58] t=2147 THREAT 0.61 -> force defend
[20:43:58] t=2147 ATTACK (tanks=7)
[20:43:58] t=2147 MOVE raid x1 -> (80,96); t=2147 SIEGE STAGING x4/8 (攒兵团, 齐冲再上)
[20:43:58] {"kind": "action", "what": "attack_move", "name": null, "qty": null, "tid": null, "ts": "20:43:58"}
[20:44:00] t=2150 jev VEH HTK HOLD (预算保护 cash=300 aav帽=ok aav=2)
[20:44:00] t=2150 THREAT 0.60 -> force defend
[20:44:00] t=2150 ATTACK (tanks=7)
[20:44:00] t=2150 MOVE raid x1 -> (80,92); t=2150 SIEGE STAGING x4/8 (攒兵团, 齐冲再上)
[20:44:00] {"kind": "action", "what": "attack_move", "name": null, "qty": null, "tid": null, "ts": "20:44:00"}
[20:44:03] t=2153 jev VEH HTK HOLD (预算保护 cash=300 aav帽=ok aav=2)
[20:44:03] t=2153 THREAT 0.62 -> force defend
[20:44:03] t=2153 ATTACK (tanks=7)
[20:44:03] t=2153 MOVE raid x1 -> (80,88); t=2153 SIEGE STAGING x4/8 (攒兵团, 齐冲再上)
[20:44:03] {"kind": "action", "what": "attack_move", "name": null, "qty": null, "tid": null, "ts": "20:44:03"}
[20:44:05] t=2156 jev VEH DRON HOLD (预算保护 cash=300 aav帽=ok aav=2)
[20:44:05] t=2156 THREAT 0.63 -> force defend
[20:44:05] t=2156 ATTACK (tanks=7)
[20:44:05] t=2156 MOVE raid x1 -> (80,84); assault x4 -> (137,82); t=2156 SIEGE STAGING x4/8 (攒兵团, 齐冲再上)
[20:44:05] {"kind": "action", "what": "attack_move", "name": null, "qty": null, "tid": null, "ts": "20:44:05"}
[20:44:05] {"kind": "action", "what": "attack_move", "name": null, "qty": null, "tid": null, "ts": "20:44:05"}
[20:44:05] t=2159 V3-RESPONSE HTK x1 (alive 2, seen t0 fire t1000002159)
[20:44:05] t=2159 ESCORT 坦克#4598 -> 护航矿车@[120, 128]
[20:44:05] {"kind": "action", "what": "produce", "name": "HTK", "qty": 1, "tid": null, "ts": "20:44:05"}
[20:44:05] {"kind": "action", "what": "attack_move", "name": null, "qty": null, "tid": null, "ts": "20:44:05"}
[20:44:07] t=2159 THREAT 0.62 -> force defend
[20:44:07] t=2159 ATTACK (tanks=7)
[20:44:07] t=2159 MOVE raid x1 -> (81,88); t=2159 SIEGE STAGING x4/8 (攒兵团, 齐冲再上)
[20:44:07] {"kind": "action", "what": "attack_move", "name": null, "qty": null, "tid": null, "ts": "20:44:07"}
[20:44:08] t=2162 ALARM unit lost -> 攻势保持（塔阵守家, 前线 8 个单位继续进攻）
[20:44:08] t=2162 SCOUT #2772->[14, 178] (敌影)
[20:44:08] {"kind": "action", "what": "attack_move", "name": null, "qty": null, "tid": null, "ts": "20:44:08"}
[20:44:10] t=2162 THREAT 0.63 -> force defend
[20:44:10] t=2162 ATTACK (tanks=6)
[20:44:10] t=2162 MOVE raid x1 -> (81,85); t=2162 SIEGE STAGING x3/8 (攒兵团, 齐冲再上)
[20:44:10] {"kind": "action", "what": "attack_move", "name": null, "qty": null, "tid": null, "ts": "20:44:10"}
[20:44:12] t=2165 THREAT 0.63 -> force defend
[20:44:12] t=2165 ATTACK (tanks=6)
[20:44:12] t=2165 MOVE raid x1 -> (81,82); t=2165 SIEGE STAGING x3/8 (攒兵团, 齐冲再上)
[20:44:12] {"kind": "action", "what": "attack_move", "name": null, "qty": null, "tid": null, "ts": "20:44:12"}
[20:44:14] t=2168 jev VEH HTK HOLD (预算保护 cash=475 aav帽=ok aav=3)
[20:44:14] t=2168 THREAT 0.60 -> force defend
[20:44:14] t=2168 ATTACK (tanks=7)
[20:44:14] t=2168 MOVE raid x1 -> (79,80); t=2168 SIEGE STAGING x3/8 (攒兵团, 齐冲再上)
[20:44:14] {"kind": "action", "what": "attack_move", "name": null, "qty": null, "tid": null, "ts": "20:44:14"}
[20:44:17] t=2172 jev VEH HTK HOLD (预算保护 cash=475 aav帽=ok aav=3)
[20:44:17] t=2172 THREAT 0.56 -> force defend
[20:44:17] t=2172 ATTACK (tanks=7)
[20:44:17] t=2172 MOVE raid x1 -> (82,113); t=2172 SIEGE STAGING x3/8 (攒兵团, 齐冲再上)
[20:44:17] {"kind": "action", "what": "attack_move", "name": null, "qty": null, "tid": null, "ts": "20:44:17"}
[20:44:19] t=2175 jev VEH HTK HOLD (预算保护 cash=475 aav帽=ok aav=3)
[20:44:19] t=2175 THREAT 0.56 -> force defend
[20:44:19] t=2175 ATTACK (tanks=7)
[20:44:19] t=2175 MOVE raid x1 -> (84,115); assault x3 -> (137,82); t=2175 SIEGE STAGING x3/8 (攒兵团, 齐冲再上)
[20:44:19] {"kind": "action", "what": "attack_move", "name": null, "qty": null, "tid": null, "ts": "20:44:19"}
[20:44:19] {"kind": "action", "what": "attack_move", "name": null, "qty": null, "tid": null, "ts": "20:44:19"}
[20:44:21] t=2178 jev VEH HTK HOLD (预算保护 cash=475 aav帽=ok aav=3)
[20:44:21] t=2178 THREAT 0.56 -> force defend
[20:44:21] t=2178 ATTACK (tanks=7)
[20:44:21] t=2178 MOVE raid x1 -> (84,117); t=2178 SIEGE STAGING x3/8 (攒兵团, 齐冲再上)
[20:44:21] {"kind": "action", "what": "attack_move", "name": null, "qty": null, "tid": null, "ts": "20:44:21"}
[20:44:23] t=2181 jev VEH HTK HOLD (预算保护 cash=475 aav帽=ok aav=3)
[20:44:23] t=2181 THREAT 0.56 -> force defend
[20:44:23] t=2181 ATTACK (tanks=7)
[20:44:23] t=2181 MOVE raid x1 -> (84,119); t=2181 SIEGE STAGING x3/8 (攒兵团, 齐冲再上); aahunt x3 -> (125,84)
[20:44:24] {"kind": "action", "what": "attack_move", "name": null, "qty": null, "tid": null, "ts": "20:44:24"}
[20:44:24] {"kind": "action", "what": "attack_move", "name": null, "qty": null, "tid": null, "ts": "20:44:24"}
[20:44:24] t=2181 tick#750 credits=475 stance=attack | jev 750 decisions p50=2044ms
[20:44:26] t=2184 jev VEH HTK HOLD (预算保护 cash=475 aav帽=ok aav=3)
[20:44:26] t=2184 MOVE raid x1 -> (85,120); t=2184 SIEGE STAGING x3/8 (攒兵团, 齐冲再上)
[20:44:26] {"kind": "action", "what": "attack_move", "name": null, "qty": null, "tid": null, "ts": "20:44:26"}
[20:44:26] t=2187 HARASS DRON x2 (have 1)
[20:44:26] t=2187 V3-RESPONSE HTK x1 (alive 3, seen t0 fire t1000002187)
[20:44:26] {"kind": "action", "what": "produce", "name": "DRON", "qty": 2, "tid": null, "ts": "20:44:26"}
[20:44:28] t=2187 MOVE raid x1 -> (86,122); t=2187 SIEGE STAGING x3/8 (攒兵团, 齐冲再上); hold_b x1 -> (126,75)
[20:44:28] {"kind": "action", "what": "attack_move", "name": null, "qty": null, "tid": null, "ts": "20:44:28"}
[20:44:28] {"kind": "action", "what": "attack_move", "name": null, "qty": null, "tid": null, "ts": "20:44:28"}
[20:44:30] t=2190 THREAT 0.55 -> force defend
[20:44:30] t=2190 ATTACK (tanks=7)
[20:44:33] t=2193 MOVE assault x3 -> (137,82); t=2193 SIEGE STAGING x3/8 (攒兵团, 齐冲再上)
[20:44:33] {"kind": "action", "what": "attack_move", "name": null, "qty": null, "tid": null, "ts": "20:44:33"}
[20:44:35] t=2199 ESCORT 坦克#4598 -> 护航矿车@[115, 135]
[20:44:35] {"kind": "action", "what": "attack_move", "name": null, "qty": null, "tid": null, "ts": "20:44:35"}
[20:44:38] t=2202 V3-RESPONSE HTK x1 (alive 3, seen t0 fire t1000002202)
[20:44:38] {"kind": "action", "what": "produce", "name": "HTK", "qty": 1, "tid": null, "ts": "20:44:38"}
[20:44:42] t=2205 THREAT 0.55 -> force defend
[20:44:42] t=2205 ATTACK (tanks=9)
[20:44:42] t=2205 MOVE raid x3 -> (79,79); t=2205 SIEGE STAGING x5/8 (攒兵团, 齐冲再上)
[20:44:42] {"kind": "action", "what": "attack_move", "name": null, "qty": null, "tid": null, "ts": "20:44:42"}
[20:44:44] t=2208 THREAT 0.56 -> force defend
[20:44:44] t=2208 ATTACK (tanks=9)
[20:44:44] t=2208 MOVE raid x3 -> (80,81); t=2208 SIEGE STAGING x5/8 (攒兵团, 齐冲再上); hold_a x2 -> (133,86)
[20:44:44] {"kind": "action", "what": "attack_move", "name": null, "qty": null, "tid": null, "ts": "20:44:44"}
[20:44:44] {"kind": "action", "what": "attack_move", "name": null, "qty": null, "tid": null, "ts": "20:44:44"}
[20:44:47] t=2211 jev VEH HTK HOLD (预算保护 cash=300 aav帽=hit aav=4)
[20:44:47] t=2211 THREAT 0.55 -> force defend
[20:44:47] t=2211 ATTACK (tanks=10)
[20:44:47] t=2211 MOVE raid x3 -> (80,85); assault x5 -> (137,82); t=2211 SIEGE STAGING x5/8 (攒兵团, 齐冲再上)
[20:44:47] {"kind": "action", "what": "attack_move", "name": null, "qty": null, "tid": null, "ts": "20:44:47"}
[20:44:47] {"kind": "action", "what": "attack_move", "name": null, "qty": null, "tid": null, "ts": "20:44:47"}
[20:44:49] t=2215 jev VEH HTK HOLD (预算保护 cash=300 aav帽=hit aav=4)
[20:44:49] t=2215 THREAT 0.55 -> force defend
[20:44:49] t=2215 ATTACK (tanks=10)
[20:44:49] t=2215 MOVE raid x3 -> (80,90); t=2215 SIEGE STAGING x5/8 (攒兵团, 齐冲再上)
[20:44:49] {"kind": "action", "what": "attack_move", "name": null, "qty": null, "tid": null, "ts": "20:44:49"}
[20:44:51] t=2218 jev VEH HTK HOLD (预算保护 cash=300 aav帽=hit aav=4)
[20:44:51] t=2218 THREAT 0.55 -> force defend
[20:44:51] t=2218 ATTACK (tanks=10)
[20:44:51] t=2218 MOVE raid x3 -> (80,94); t=2218 SIEGE STAGING x5/8 (攒兵团, 齐冲再上)
[20:44:51] {"kind": "action", "what": "attack_move", "name": null, "qty": null, "tid": null, "ts": "20:44:51"}
[20:44:53] t=2221 jev VEH HTK HOLD (预算保护 cash=300 aav帽=hit aav=4)
[20:44:53] t=2221 THREAT 0.56 -> force defend
[20:44:53] t=2221 ATTACK (tanks=10)
[20:44:53] t=2221 MOVE raid x3 -> (80,98); t=2221 SIEGE STAGING x5/8 (攒兵团, 齐冲再上)
[20:44:53] {"kind": "action", "what": "attack_move", "name": null, "qty": null, "tid": null, "ts": "20:44:53"}
[20:44:56] t=2224 jev VEH HTK HOLD (预算保护 cash=300 aav帽=hit aav=4)
[20:44:56] t=2224 THREAT 0.56 -> force defend
[20:44:56] t=2224 ATTACK (tanks=10)
[20:44:56] t=2224 MOVE raid x3 -> (80,102); t=2224 SIEGE STAGING x5/8 (攒兵团, 齐冲再上); aahunt x4 -> (125,84)
[20:44:56] {"kind": "action", "what": "attack_move", "name": null, "qty": null, "tid": null, "ts": "20:44:56"}
[20:44:56] {"kind": "action", "what": "attack_move", "name": null, "qty": null, "tid": null, "ts": "20:44:56"}
[20:44:58] t=2227 jev VEH HTK HOLD (预算保护 cash=300 aav帽=hit aav=4)
[20:44:58] t=2227 MOVE raid x3 -> (80,106); t=2227 SIEGE STAGING x5/8 (攒兵团, 齐冲再上)
[20:44:58] {"kind": "action", "what": "attack_move", "name": null, "qty": null, "tid": null, "ts": "20:44:58"}
[20:45:00] t=2230 jev VEH HTK HOLD (预算保护 cash=300 aav帽=hit aav=4)
[20:45:00] t=2230 MOVE raid x3 -> (80,110); assault x5 -> (137,82); t=2230 SIEGE STAGING x5/8 (攒兵团, 齐冲再上)
[20:45:00] {"kind": "action", "what": "attack_move", "name": null, "qty": null, "tid": null, "ts": "20:45:00"}
[20:45:00] {"kind": "action", "what": "attack_move", "name": null, "qty": null, "tid": null, "ts": "20:45:00"}
[20:45:02] t=2233 jev VEH HTK HOLD (预算保护 cash=300 aav帽=hit aav=4)
[20:45:02] t=2233 MOVE raid x3 -> (80,114); t=2233 SIEGE STAGING x5/8 (攒兵团, 齐冲再上)
[20:45:02] {"kind": "action", "what": "attack_move", "name": null, "qty": null, "tid": null, "ts": "20:45:02"}
[20:45:05] t=2236 jev VEH HTK HOLD (预算保护 cash=300 aav帽=hit aav=4)
[20:45:05] t=2236 MOVE raid x3 -> (80,118); t=2236 SIEGE STAGING x5/8 (攒兵团, 齐冲再上)
[20:45:05] {"kind": "action", "what": "attack_move", "name": null, "qty": null, "tid": null, "ts": "20:45:05"}
[20:45:07] t=2239 jev VEH HTK HOLD (预算保护 cash=300 aav帽=hit aav=4)
[20:45:07] t=2239 THREAT 0.56 -> force defend
[20:45:07] t=2239 ATTACK (tanks=10)
[20:45:07] t=2239 MOVE raid x3 -> (79,120); t=2239 SIEGE STAGING x5/8 (攒兵团, 齐冲再上)
[20:45:07] {"kind": "action", "what": "attack_move", "name": null, "qty": null, "tid": null, "ts": "20:45:07"}
[20:45:07] t=2242 ESCORT 坦克#4708 -> 护航矿车@[120, 125]
[20:45:07] {"kind": "action", "what": "attack_move", "name": null, "qty": null, "tid": null, "ts": "20:45:07"}
[20:45:09] t=2242 jev VEH HTK HOLD (预算保护 cash=300 aav帽=hit aav=4)
[20:45:09] t=2242 THREAT 0.56 -> force defend
[20:45:09] t=2242 ATTACK (tanks=10)
[20:45:09] t=2242 MOVE raid x3 -> (78,123); t=2242 SIEGE STAGING x5/8 (攒兵团, 齐冲再上)
[20:45:09] {"kind": "action", "what": "attack_move", "name": null, "qty": null, "tid": null, "ts": "20:45:09"}
[20:45:09] t=2245 ALARM unit lost -> 攻势保持（塔阵守家, 前线 10 个单位继续进攻）
[20:45:11] t=2245 jev VEH HTK HOLD (预算保护 cash=300 aav帽=hit aav=4)
[20:45:11] t=2245 THREAT 0.59 -> force defend
[20:45:11] t=2245 ATTACK (tanks=9)
[20:45:14] t=2248 jev VEH HTK HOLD (预算保护 cash=525 aav帽=hit aav=4)
[20:45:14] t=2248 THREAT 0.57 -> force defend
[20:45:14] t=2248 ATTACK (tanks=9)
[20:45:14] t=2248 MOVE raid x2 -> (77,123); assault x4 -> (137,82); t=2248 SIEGE STAGING x4/8 (攒兵团, 齐冲再上)
[20:45:14] {"kind": "action", "what": "attack_move", "name": null, "qty": null, "tid": null, "ts": "20:45:14"}
[20:45:14] {"kind": "action", "what": "attack_move", "name": null, "qty": null, "tid": null, "ts": "20:45:14"}
[20:45:14] t=2251 ALARM unit lost -> 攻势保持（塔阵守家, 前线 9 个单位继续进攻）
[20:45:16] t=2251 jev VEH HTK HOLD (预算保护 cash=525 aav帽=hit aav=4)
[20:45:16] t=2251 THREAT 0.60 -> force defend
[20:45:16] t=2251 ATTACK (tanks=8)
[20:45:18] t=2254 jev VEH HTK HOLD (预算保护 cash=525 aav帽=hit aav=4)
[20:45:18] t=2254 THREAT 0.60 -> force defend
[20:45:18] t=2254 ATTACK (tanks=8)
[20:45:20] t=2257 jev VEH HTK HOLD (预算保护 cash=525 aav帽=hit aav=4)
[20:45:20] t=2257 THREAT 0.61 -> force defend
[20:45:20] t=2257 ATTACK (tanks=8)
[20:45:20] t=2257 MOVE raid x1 -> (78,121); t=2257 SIEGE STAGING x3/8 (攒兵团, 齐冲再上)
[20:45:20] {"kind": "action", "what": "attack_move", "name": null, "qty": null, "tid": null, "ts": "20:45:20"}
[20:45:20] t=2257 tick#775 credits=525 stance=attack | jev 775 decisions p50=2032ms
[20:45:23] t=2260 jev VEH HTK HOLD (预算保护 cash=525 aav帽=hit aav=4)
[20:45:23] t=2260 THREAT 0.59 -> force defend
[20:45:23] t=2260 ATTACK (tanks=8)
[20:45:23] t=2260 MOVE raid x1 -> (79,117); t=2260 SIEGE STAGING x3/8 (攒兵团, 齐冲再上)
[20:45:23] {"kind": "action", "what": "attack_move", "name": null, "qty": null, "tid": null, "ts": "20:45:23"}
[20:45:25] t=2263 jev VEH HTK HOLD (预算保护 cash=525 aav帽=hit aav=4)
[20:45:25] t=2263 THREAT 0.60 -> force defend
[20:45:25] t=2263 ATTACK (tanks=8)
[20:45:25] t=2263 MOVE raid x1 -> (79,113); t=2263 SIEGE STAGING x3/8 (攒兵团, 齐冲再上)
[20:45:25] {"kind": "action", "what": "attack_move", "name": null, "qty": null, "tid": null, "ts": "20:45:25"}
[20:45:27] t=2266 jev VEH HTK HOLD (预算保护 cash=525 aav帽=hit aav=4)
[20:45:27] t=2266 THREAT 0.60 -> force defend
[20:45:27] t=2266 ATTACK (tanks=8)
[20:45:27] t=2266 MOVE raid x1 -> (79,109); assault x3 -> (137,82); t=2266 SIEGE STAGING x3/8 (攒兵团, 齐冲再上); aahunt x4 -> (125,84)
[20:45:27] {"kind": "action", "what": "attack_move", "name": null, "qty": null, "tid": null, "ts": "20:45:27"}
[20:45:27] {"kind": "action", "what": "attack_move", "name": null, "qty": null, "tid": null, "ts": "20:45:27"}
[20:45:27] {"kind": "action", "what": "attack_move", "name": null, "qty": null, "tid": null, "ts": "20:45:27"}
[20:45:29] t=2269 jev VEH HTK HOLD (预算保护 cash=525 aav帽=hit aav=4)
[20:45:29] t=2269 THREAT 0.61 -> force defend
[20:45:29] t=2269 ATTACK (tanks=8)
[20:45:29] t=2269 MOVE raid x1 -> (79,104); t=2269 SIEGE STAGING x3/8 (攒兵团, 齐冲再上); hold_b x1 -> (126,75)
[20:45:30] {"kind": "action", "what": "attack_move", "name": null, "qty": null, "tid": null, "ts": "20:45:30"}
[20:45:30] {"kind": "action", "what": "attack_move", "name": null, "qty": null, "tid": null, "ts": "20:45:30"}
[20:45:32] t=2272 jev VEH HTK HOLD (预算保护 cash=525 aav帽=hit aav=4)
[20:45:32] t=2272 THREAT 0.61 -> force defend
[20:45:32] t=2272 ATTACK (tanks=8)
[20:45:32] t=2272 MOVE raid x1 -> (80,101); t=2272 SIEGE STAGING x3/8 (攒兵团, 齐冲再上)
[20:45:32] {"kind": "action", "what": "attack_move", "name": null, "qty": null, "tid": null, "ts": "20:45:32"}
[20:45:34] t=2275 jev VEH DRON HOLD (预算保护 cash=525 aav帽=ok aav=4)
[20:45:34] t=2275 THREAT 0.60 -> force defend
[20:45:34] t=2275 ATTACK (tanks=8)
[20:45:34] t=2275 MOVE raid x1 -> (80,97); t=2275 SIEGE STAGING x3/8 (攒兵团, 齐冲再上)
[20:45:34] {"kind": "action", "what": "attack_move", "name": null, "qty": null, "tid": null, "ts": "20:45:34"}
[20:45:36] t=2278 jev VEH DRON HOLD (预算保护 cash=525 aav帽=ok aav=4)
[20:45:36] t=2278 THREAT 0.60 -> force defend
[20:45:36] t=2278 ATTACK (tanks=8)
[20:45:36] t=2278 MOVE raid x1 -> (80,93); t=2278 SIEGE STAGING x3/8 (攒兵团, 齐冲再上)
[20:45:36] {"kind": "action", "what": "attack_move", "name": null, "qty": null, "tid": null, "ts": "20:45:36"}
[20:45:38] t=2281 jev VEH DRON HOLD (预算保护 cash=525 aav帽=ok aav=4)
[20:45:38] t=2281 THREAT 0.60 -> force defend
[20:45:38] t=2281 ATTACK (tanks=8)
[20:45:38] t=2281 MOVE raid x1 -> (80,89); t=2281 SIEGE STAGING x3/8 (攒兵团, 齐冲再上)
[20:45:38] {"kind": "action", "what": "attack_move", "name": null, "qty": null, "tid": null, "ts": "20:45:38"}
[20:45:39] t=2284 ESCORT 坦克#4598 -> 护航矿车@[88, 60]
[20:45:39] {"kind": "action", "what": "attack_move", "name": null, "qty": null, "tid": null, "ts": "20:45:39"}
[20:45:41] t=2284 jev VEH DRON HOLD (预算保护 cash=675 aav帽=ok aav=4)
[20:45:41] t=2284 THREAT 0.59 -> force defend
[20:45:41] t=2284 ATTACK (tanks=8)
[20:45:41] t=2284 MOVE raid x1 -> (80,85); assault x3 -> (137,82); t=2284 SIEGE STAGING x3/8 (攒兵团, 齐冲再上)
[20:45:41] {"kind": "action", "what": "attack_move", "name": null, "qty": null, "tid": null, "ts": "20:45:41"}
[20:45:41] {"kind": "action", "what": "attack_move", "name": null, "qty": null, "tid": null, "ts": "20:45:41"}
[20:45:43] t=2287 jev VEH DRON HOLD (预算保护 cash=675 aav帽=ok aav=4)
[20:45:43] t=2287 THREAT 0.59 -> force defend
[20:45:43] t=2287 ATTACK (tanks=8)
[20:45:43] t=2287 MOVE raid x1 -> (80,81); t=2287 SIEGE STAGING x3/8 (攒兵团, 齐冲再上)
[20:45:43] {"kind": "action", "what": "attack_move", "name": null, "qty": null, "tid": null, "ts": "20:45:43"}
[20:45:43] t=2290 HARASS DRON x2 (have 1)
[20:45:43] t=2290 RETREAT HTNK(26%)
[20:45:43] {"kind": "action", "what": "produce", "name": "DRON", "qty": 2, "tid": null, "ts": "20:45:43"}
[20:45:43] {"kind": "action", "what": "move", "name": null, "qty": null, "tid": null, "ts": "20:45:43"}
[20:45:45] t=2290 THREAT 0.57 -> force defend
[20:45:45] t=2290 ATTACK (tanks=8)
[20:45:45] t=2290 MOVE raid x1 -> (78,78); t=2290 SIEGE STAGING x3/8 (攒兵团, 齐冲再上); hold_a x2 -> (133,86)
[20:45:45] {"kind": "action", "what": "attack_move", "name": null, "qty": null, "tid": null, "ts": "20:45:45"}
[20:45:45] {"kind": "action", "what": "attack_move", "name": null, "qty": null, "tid": null, "ts": "20:45:45"}
[20:45:48] t=2293 THREAT 0.57 -> force defend
[20:45:48] t=2293 ATTACK (tanks=8)
[20:45:48] t=2293 MOVE raid x1 -> (84,101); t=2293 SIEGE STAGING x3/8 (攒兵团, 齐冲再上)
[20:45:48] {"kind": "action", "what": "attack_move", "name": null, "qty": null, "tid": null, "ts": "20:45:48"}
[20:45:50] t=2296 THREAT 0.56 -> force defend
[20:45:50] t=2296 ATTACK (tanks=8)
[20:45:50] t=2296 MOVE raid x1 -> (84,99); t=2296 SIEGE STAGING x3/8 (攒兵团, 齐冲再上)
[20:45:50] {"kind": "action", "what": "attack_move", "name": null, "qty": null, "tid": null, "ts": "20:45:50"}
[20:45:52] t=2299 THREAT 0.56 -> force defend
[20:45:52] t=2299 ATTACK (tanks=9)
[20:45:52] t=2299 MOVE raid x2 -> (82,97); t=2299 SIEGE STAGING x4/8 (攒兵团, 齐冲再上)
[20:45:52] {"kind": "action", "what": "attack_move", "name": null, "qty": null, "tid": null, "ts": "20:45:52"}
[20:45:54] t=2302 THREAT 0.57 -> force defend
[20:45:54] t=2302 ATTACK (tanks=9)
[20:45:54] t=2302 MOVE raid x2 -> (82,95); assault x4 -> (137,82); t=2302 SIEGE STAGING x4/8 (攒兵团, 齐冲再上)
[20:45:54] {"kind": "action", "what": "attack_move", "name": null, "qty": null, "tid": null, "ts": "20:45:54"}
[20:45:54] {"kind": "action", "what": "attack_move", "name": null, "qty": null, "tid": null, "ts": "20:45:54"}
[20:45:56] t=2305 jev BUILD NATECH HOLD (资金闸门: 坦克优先, cash=325)
[20:45:56] t=2305 jev VEH HTK HOLD (预算保护 cash=325 aav帽=hit aav=4)
[20:45:56] t=2305 THREAT 0.55 -> force defend
[20:45:56] t=2305 ATTACK (tanks=10)
[20:45:56] t=2305 MOVE raid x3 -> (82,94); t=2305 SIEGE STAGING x5/8 (攒兵团, 齐冲再上)
[20:45:56] {"kind": "action", "what": "attack_move", "name": null, "qty": null, "tid": null, "ts": "20:45:56"}
[20:45:59] t=2308 jev BUILD NATECH HOLD (资金闸门: 坦克优先, cash=325)
[20:45:59] t=2308 jev VEH HTK HOLD (预算保护 cash=325 aav帽=hit aav=4)
[20:45:59] t=2308 MOVE t=2308 SIEGE STAGING x5/8 (攒兵团, 齐冲再上); aahunt x4 -> (125,84)
[20:45:59] {"kind": "action", "what": "attack_move", "name": null, "qty": null, "tid": null, "ts": "20:45:59"}
[20:46:01] t=2311 jev VEH HTK HOLD (预算保护 cash=775 aav帽=hit aav=4)
[20:46:03] t=2314 jev VEH HTK HOLD (预算保护 cash=775 aav帽=hit aav=4)
[20:46:05] t=2316 jev VEH HTK HOLD (预算保护 cash=775 aav帽=hit aav=4)
[20:46:07] t=2319 jev VEH HTK HOLD (预算保护 cash=775 aav帽=hit aav=4)
[20:46:07] t=2319 MOVE assault x5 -> (137,82); t=2319 SIEGE STAGING x5/8 (攒兵团, 齐冲再上)
[20:46:07] {"kind": "action", "what": "attack_move", "name": null, "qty": null, "tid": null, "ts": "20:46:07"}
[20:46:10] t=2322 jev VEH HARV HOLD (预算保护 cash=775 aav帽=ok aav=4)
[20:46:10] t=2325 ESCORT 坦克#4742 -> 护航矿车@[90, 57]
[20:46:10] {"kind": "action", "what": "attack_move", "name": null, "qty": null, "tid": null, "ts": "20:46:10"}
[20:46:12] t=2325 jev VEH HARV HOLD (预算保护 cash=775 aav帽=ok aav=4)
[20:46:14] t=2328 jev VEH HARV HOLD (预算保护 cash=775 aav帽=ok aav=4)
[20:46:16] t=2331 jev VEH HARV HOLD (预算保护 cash=775 aav帽=ok aav=4)
[20:46:16] t=2331 tick#800 credits=775 stance=attack | jev 800 decisions p50=2019ms
[20:46:18] t=2334 jev BUILD NATECH HOLD (资金闸门: 坦克优先, cash=775)
[20:46:18] t=2334 jev VEH HARV HOLD (预算保护 cash=775 aav帽=ok aav=4)
[20:46:18] t=2334 MOVE raid x3 -> (82,94); t=2334 SIEGE STAGING x5/8 (攒兵团, 齐冲再上)
[20:46:18] {"kind": "action", "what": "attack_move", "name": null, "qty": null, "tid": null, "ts": "20:46:18"}
[20:46:21] t=2337 jev VEH HARV HOLD (预算保护 cash=775 aav帽=ok aav=4)
[20:46:21] t=2337 MOVE raid x3 -> (82,95); assault x5 -> (137,82); t=2337 SIEGE STAGING x5/8 (攒兵团, 齐冲再上)
[20:46:21] {"kind": "action", "what": "attack_move", "name": null, "qty": null, "tid": null, "ts": "20:46:21"}
[20:46:21] {"kind": "action", "what": "attack_move", "name": null, "qty": null, "tid": null, "ts": "20:46:21"}
[20:46:23] t=2340 jev VEH HARV HOLD (预算保护 cash=775 aav帽=ok aav=4)
[20:46:25] t=2343 jev VEH HARV HOLD (预算保护 cash=775 aav帽=ok aav=4)
[20:46:25] t=2343 THREAT 0.57 -> force defend
[20:46:25] t=2343 ATTACK (tanks=10)
[20:46:25] t=2343 MOVE raid x3 -> (77,77); t=2343 SIEGE STAGING x5/8 (攒兵团, 齐冲再上)
[20:46:25] {"kind": "action", "what": "attack_move", "name": null, "qty": null, "tid": null, "ts": "20:46:25"}
[20:46:27] t=2346 jev VEH HARV HOLD (预算保护 cash=775 aav帽=ok aav=4)
[20:46:27] t=2346 THREAT 0.56 -> force defend
[20:46:27] t=2346 ATTACK (tanks=10)
[20:46:27] t=2346 MOVE raid x3 -> (79,80); t=2346 SIEGE STAGING x5/8 (攒兵团, 齐冲再上)
[20:46:27] {"kind": "action", "what": "attack_move", "name": null, "qty": null, "tid": null, "ts": "20:46:27"}
[20:46:29] t=2349 jev VEH HARV HOLD (预算保护 cash=775 aav帽=ok aav=4)
[20:46:29] t=2349 MOVE raid x3 -> (80,84); t=2349 SIEGE STAGING x5/8 (攒兵团, 齐冲再上); aahunt x4 -> (125,84)
[20:46:30] {"kind": "action", "what": "attack_move", "name": null, "qty": null, "tid": null, "ts": "20:46:30"}
[20:46:30] {"kind": "action", "what": "attack_move", "name": null, "qty": null, "tid": null, "ts": "20:46:30"}
[20:46:30] t=2352 ALARM unit lost -> 攻势保持（塔阵守家, 前线 10 个单位继续进攻）
[20:46:32] t=2352 jev VEH DRON HOLD (预算保护 cash=775 aav帽=ok aav=4)
[20:46:32] t=2352 MOVE raid x2 -> (80,88); t=2352 SIEGE STAGING x4/8 (攒兵团, 齐冲再上); hold_b x1 -> (126,75)
[20:46:32] {"kind": "action", "what": "attack_move", "name": null, "qty": null, "tid": null, "ts": "20:46:32"}
[20:46:32] {"kind": "action", "what": "attack_move", "name": null, "qty": null, "tid": null, "ts": "20:46:32"}
[20:46:34] t=2355 jev VEH DRON HOLD (预算保护 cash=775 aav帽=ok aav=4)
[20:46:34] t=2355 MOVE raid x2 -> (80,92); assault x4 -> (137,82); t=2355 SIEGE STAGING x4/8 (攒兵团, 齐冲再上)
[20:46:34] {"kind": "action", "what": "attack_move", "name": null, "qty": null, "tid": null, "ts": "20:46:34"}
[20:46:34] {"kind": "action", "what": "attack_move", "name": null, "qty": null, "tid": null, "ts": "20:46:34"}
[20:46:34] t=2358 ALARM unit lost -> 攻势保持（塔阵守家, 前线 9 个单位继续进攻）
[20:46:34] t=2358 HARASS DRON x2 (have 1)
[20:46:34] {"kind": "action", "what": "produce", "name": "DRON", "qty": 2, "tid": null, "ts": "20:46:34"}
[20:46:36] t=2358 MOVE raid x1 -> (80,96); t=2358 SIEGE STAGING x3/8 (攒兵团, 齐冲再上)
[20:46:36] {"kind": "action", "what": "attack_move", "name": null, "qty": null, "tid": null, "ts": "20:46:36"}
[20:46:38] t=2361 MOVE raid x1 -> (80,100); t=2361 SIEGE STAGING x3/8 (攒兵团, 齐冲再上)
[20:46:39] {"kind": "action", "what": "attack_move", "name": null, "qty": null, "tid": null, "ts": "20:46:39"}
[20:46:41] t=2364 MOVE raid x1 -> (80,104); t=2364 SIEGE STAGING x3/8 (攒兵团, 齐冲再上)
[20:46:41] {"kind": "action", "what": "attack_move", "name": null, "qty": null, "tid": null, "ts": "20:46:41"}
[20:46:41] t=2367 ESCORT 坦克#4761 -> 护航矿车@[123, 109]
[20:46:41] {"kind": "action", "what": "attack_move", "name": null, "qty": null, "tid": null, "ts": "20:46:41"}
[20:46:43] t=2367 MOVE raid x2 -> (80,108); t=2367 SIEGE STAGING x4/8 (攒兵团, 齐冲再上)
[20:46:43] {"kind": "action", "what": "attack_move", "name": null, "qty": null, "tid": null, "ts": "20:46:43"}
[20:46:43] t=2370 ALARM unit lost -> 攻势保持（塔阵守家, 前线 9 个单位继续进攻）
[20:46:45] t=2370 MOVE raid x1 -> (80,113); t=2370 SIEGE STAGING x3/8 (攒兵团, 齐冲再上)
[20:46:45] {"kind": "action", "what": "attack_move", "name": null, "qty": null, "tid": null, "ts": "20:46:45"}
[20:46:47] t=2373 jev VEH DRON HOLD (预算保护 cash=350 aav帽=ok aav=4)
[20:46:47] t=2373 MOVE raid x2 -> (80,117); assault x4 -> (137,82); t=2373 SIEGE STAGING x4/8 (攒兵团, 齐冲再上); hold_a x2 -> (133,86)
[20:46:47] {"kind": "action", "what": "attack_move", "name": null, "qty": null, "tid": null, "ts": "20:46:47"}
[20:46:48] {"kind": "action", "what": "attack_move", "name": null, "qty": null, "tid": null, "ts": "20:46:48"}
[20:46:48] {"kind": "action", "what": "attack_move", "name": null, "qty": null, "tid": null, "ts": "20:46:48"}
[20:46:50] t=2376 jev VEH DRON HOLD (预算保护 cash=350 aav帽=ok aav=4)
[20:46:50] t=2376 MOVE raid x2 -> (79,119); t=2376 SIEGE STAGING x4/8 (攒兵团, 齐冲再上)
[20:46:50] {"kind": "action", "what": "attack_move", "name": null, "qty": null, "tid": null, "ts": "20:46:50"}
[20:46:52] t=2379 jev VEH DRON HOLD (预算保护 cash=350 aav帽=ok aav=4)
[20:46:52] t=2379 MOVE raid x2 -> (78,122); t=2379 SIEGE STAGING x4/8 (攒兵团, 齐冲再上)
[20:46:52] {"kind": "action", "what": "attack_move", "name": null, "qty": null, "tid": null, "ts": "20:46:52"}
[20:46:54] t=2382 jev VEH DRON HOLD (预算保护 cash=350 aav帽=ok aav=4)
[20:46:54] t=2382 MOVE raid x2 -> (78,123); t=2382 SIEGE STAGING x4/8 (攒兵团, 齐冲再上)
[20:46:54] {"kind": "action", "what": "attack_move", "name": null, "qty": null, "tid": null, "ts": "20:46:54"}
[20:46:56] t=2385 jev VEH DRON HOLD (预算保护 cash=350 aav帽=ok aav=4)
[20:46:59] t=2388 jev VEH DRON HOLD (预算保护 cash=350 aav帽=ok aav=4)
[20:46:59] t=2388 MOVE raid x2 -> (77,123); t=2388 SIEGE STAGING x4/8 (攒兵团, 齐冲再上)
[20:46:59] {"kind": "action", "what": "attack_move", "name": null, "qty": null, "tid": null, "ts": "20:46:59"}
[20:47:01] t=2391 jev VEH DRON HOLD (预算保护 cash=350 aav帽=ok aav=4)
[20:47:01] t=2391 MOVE assault x4 -> (137,82); t=2391 SIEGE STAGING x4/8 (攒兵团, 齐冲再上); aahunt x4 -> (125,84)
[20:47:01] {"kind": "action", "what": "attack_move", "name": null, "qty": null, "tid": null, "ts": "20:47:01"}
[20:47:01] {"kind": "action", "what": "attack_move", "name": null, "qty": null, "tid": null, "ts": "20:47:01"}
[20:47:03] t=2394 jev VEH DRON HOLD (预算保护 cash=350 aav帽=ok aav=4)
[20:47:03] t=2394 MOVE raid x2 -> (77,122); t=2394 SIEGE STAGING x4/8 (攒兵团, 齐冲再上)
[20:47:03] {"kind": "action", "what": "attack_move", "name": null, "qty": null, "tid": null, "ts": "20:47:03"}
[20:47:05] t=2396 jev VEH DRON HOLD (预算保护 cash=350 aav帽=ok aav=4)
[20:47:05] t=2396 MOVE raid x2 -> (79,120); t=2396 SIEGE STAGING x4/8 (攒兵团, 齐冲再上)
[20:47:05] {"kind": "action", "what": "attack_move", "name": null, "qty": null, "tid": null, "ts": "20:47:05"}
[20:47:07] t=2399 jev VEH DRON HOLD (预算保护 cash=350 aav帽=ok aav=4)
[20:47:07] t=2399 MOVE raid x2 -> (79,117); t=2399 SIEGE STAGING x4/8 (攒兵团, 齐冲再上)
[20:47:07] {"kind": "action", "what": "attack_move", "name": null, "qty": null, "tid": null, "ts": "20:47:07"}
[20:47:09] t=2402 jev VEH DRON HOLD (预算保护 cash=350 aav帽=ok aav=4)
[20:47:09] t=2402 MOVE raid x2 -> (79,114); t=2402 SIEGE STAGING x4/8 (攒兵团, 齐冲再上)
[20:47:10] {"kind": "action", "what": "attack_move", "name": null, "qty": null, "tid": null, "ts": "20:47:10"}
[20:47:12] t=2405 jev VEH DRON HOLD (预算保护 cash=500 aav帽=ok aav=4)
[20:47:12] t=2405 MOVE raid x2 -> (79,111); t=2405 SIEGE STAGING x4/8 (攒兵团, 齐冲再上)
[20:47:12] {"kind": "action", "what": "attack_move", "name": null, "qty": null, "tid": null, "ts": "20:47:12"}
[20:47:12] t=2405 tick#825 credits=500 stance=attack | jev 825 decisions p50=2001ms
[20:47:12] t=2408 ALARM unit lost -> 攻势保持（塔阵守家, 前线 9 个单位继续进攻）
[20:47:12] t=2408 ESCORT 坦克#4770 -> 护航矿车@[116, 135]
[20:47:12] {"kind": "action", "what": "attack_move", "name": null, "qty": null, "tid": null, "ts": "20:47:12"}
[20:47:14] t=2408 jev VEH DRON HOLD (预算保护 cash=500 aav帽=ok aav=4)
[20:47:14] t=2408 MOVE raid x1 -> (79,108); assault x3 -> (137,82); t=2408 SIEGE STAGING x3/8 (攒兵团, 齐冲再上)
[20:47:14] {"kind": "action", "what": "attack_move", "name": null, "qty": null, "tid": null, "ts": "20:47:14"}
[20:47:14] {"kind": "action", "what": "attack_move", "name": null, "qty": null, "tid": null, "ts": "20:47:14"}
[20:47:16] t=2411 jev VEH DRON HOLD (预算保护 cash=500 aav帽=ok aav=4)
[20:47:16] t=2411 MOVE raid x1 -> (79,105); t=2411 SIEGE STAGING x3/8 (攒兵团, 齐冲再上)
[20:47:16] {"kind": "action", "what": "attack_move", "name": null, "qty": null, "tid": null, "ts": "20:47:16"}
[20:47:17] t=2414 ALARM unit lost -> 攻势保持（塔阵守家, 前线 8 个单位继续进攻）
[20:47:17] t=2414 HARASS DRON x2 (have 0)
[20:47:17] {"kind": "action", "what": "produce", "name": "DRON", "qty": 2, "tid": null, "ts": "20:47:17"}
[20:47:25] t=2423 THREAT 0.56 -> force defend
[20:47:25] t=2423 ATTACK (tanks=8)
[20:47:25] t=2423 MOVE raid x1 -> (80,94); t=2423 SIEGE STAGING x3/8 (攒兵团, 齐冲再上)
[20:47:26] {"kind": "action", "what": "attack_move", "name": null, "qty": null, "tid": null, "ts": "20:47:26"}
[20:47:28] t=2426 THREAT 0.56 -> force defend
[20:47:28] t=2426 ATTACK (tanks=8)
[20:47:28] t=2426 MOVE raid x1 -> (80,91); assault x3 -> (137,82); t=2426 SIEGE STAGING x3/8 (攒兵团, 齐冲再上)
[20:47:28] {"kind": "action", "what": "attack_move", "name": null, "qty": null, "tid": null, "ts": "20:47:28"}
[20:47:28] {"kind": "action", "what": "attack_move", "name": null, "qty": null, "tid": null, "ts": "20:47:28"}
[20:47:30] t=2430 jev VEH DRON HOLD (预算保护 cash=0 aav帽=ok aav=4)
[20:47:30] t=2430 THREAT 0.56 -> force defend
[20:47:30] t=2430 ATTACK (tanks=9)
[20:47:30] t=2430 MOVE raid x2 -> (80,88); t=2430 SIEGE STAGING x4/8 (攒兵团, 齐冲再上)
[20:47:30] {"kind": "action", "what": "attack_move", "name": null, "qty": null, "tid": null, "ts": "20:47:30"}
[20:47:32] t=2433 jev VEH DRON HOLD (预算保护 cash=0 aav帽=ok aav=4)
[20:47:32] t=2433 MOVE raid x2 -> (80,85); t=2433 SIEGE STAGING x4/8 (攒兵团, 齐冲再上); hold_b x1 -> (126,75); aahunt x4 -> (125,84)
[20:47:32] {"kind": "action", "what": "attack_move", "name": null, "qty": null, "tid": null, "ts": "20:47:32"}
[20:47:32] {"kind": "action", "what": "attack_move", "name": null, "qty": null, "tid": null, "ts": "20:47:32"}
[20:47:32] {"kind": "action", "what": "attack_move", "name": null, "qty": null, "tid": null, "ts": "20:47:32"}
[20:47:35] t=2436 jev VEH DRON HOLD (预算保护 cash=0 aav帽=ok aav=4)
[20:47:35] t=2436 MOVE raid x2 -> (80,82); t=2436 SIEGE STAGING x4/8 (攒兵团, 齐冲再上)
[20:47:35] {"kind": "action", "what": "attack_move", "name": null, "qty": null, "tid": null, "ts": "20:47:35"}
[20:47:37] t=2439 jev VEH HARV HOLD (预算保护 cash=0 aav帽=ok aav=4)
[20:47:37] t=2439 MOVE raid x3 -> (80,119); t=2439 SIEGE STAGING x5/8 (攒兵团, 齐冲再上)
[20:47:37] {"kind": "action", "what": "attack_move", "name": null, "qty": null, "tid": null, "ts": "20:47:37"}
[20:47:39] t=2442 jev VEH HARV HOLD (预算保护 cash=0 aav帽=ok aav=4)
[20:47:41] t=2445 jev VEH HARV HOLD (预算保护 cash=0 aav帽=ok aav=4)
[20:47:41] t=2445 MOVE assault x5 -> (137,82); t=2445 SIEGE STAGING x5/8 (攒兵团, 齐冲再上)
[20:47:41] {"kind": "action", "what": "attack_move", "name": null, "qty": null, "tid": null, "ts": "20:47:41"}
[20:47:44] t=2448 jev VEH HARV HOLD (预算保护 cash=0 aav帽=ok aav=4)
[20:47:44] t=2451 ESCORT 坦克#4785 -> 护航矿车@[120, 112]
[20:47:44] {"kind": "action", "what": "attack_move", "name": null, "qty": null, "tid": null, "ts": "20:47:44"}
[20:47:46] t=2451 jev VEH HARV HOLD (预算保护 cash=300 aav帽=ok aav=4)
[20:47:48] t=2453 jev VEH HARV HOLD (预算保护 cash=300 aav帽=ok aav=4)
[20:47:48] t=2453 MOVE raid x3 -> (81,120); t=2453 SIEGE STAGING x5/8 (攒兵团, 齐冲再上); hold_a x2 -> (133,86)
[20:47:48] {"kind": "action", "what": "attack_move", "name": null, "qty": null, "tid": null, "ts": "20:47:48"}
[20:47:48] {"kind": "action", "what": "attack_move", "name": null, "qty": null, "tid": null, "ts": "20:47:48"}
[20:47:50] t=2456 jev VEH HARV HOLD (预算保护 cash=300 aav帽=ok aav=4)
[20:47:52] t=2459 jev VEH HARV HOLD (预算保护 cash=300 aav帽=ok aav=4)
[20:47:55] t=2462 jev BUILD NATECH HOLD (资金闸门: 坦克优先, cash=300)
[20:47:55] t=2462 jev VEH HARV HOLD (预算保护 cash=300 aav帽=ok aav=4)
[20:47:55] t=2462 MOVE assault x5 -> (137,82); t=2462 SIEGE STAGING x5/8 (攒兵团, 齐冲再上)
[20:47:55] {"kind": "action", "what": "attack_move", "name": null, "qty": null, "tid": null, "ts": "20:47:55"}
[20:47:57] t=2465 jev VEH DRON HOLD (预算保护 cash=300 aav帽=ok aav=4)
[20:47:57] t=2465 THREAT 0.57 -> force defend
[20:47:57] t=2465 ATTACK (tanks=10)
[20:47:57] t=2465 MOVE raid x3 -> (80,119); t=2465 SIEGE STAGING x5/8 (攒兵团, 齐冲再上)
[20:47:57] {"kind": "action", "what": "attack_move", "name": null, "qty": null, "tid": null, "ts": "20:47:57"}
[20:47:57] t=2468 ALARM unit lost -> 攻势保持（塔阵守家, 前线 10 个单位继续进攻）
[20:47:59] t=2468 jev VEH DRON HOLD (预算保护 cash=300 aav帽=ok aav=4)
[20:47:59] t=2468 THREAT 0.56 -> force defend
[20:47:59] t=2468 ATTACK (tanks=9)
[20:47:59] t=2468 MOVE raid x2 -> (81,120); t=2468 SIEGE STAGING x4/8 (攒兵团, 齐冲再上)
[20:47:59] {"kind": "action", "what": "attack_move", "name": null, "qty": null, "tid": null, "ts": "20:47:59"}
[20:48:01] t=2471 jev VEH DRON HOLD (预算保护 cash=300 aav帽=ok aav=4)
[20:48:01] t=2471 THREAT 0.57 -> force defend
[20:48:01] t=2471 ATTACK (tanks=9)
[20:48:01] t=2471 MOVE raid x2 -> (80,119); t=2471 SIEGE STAGING x4/8 (攒兵团, 齐冲再上)
[20:48:01] {"kind": "action", "what": "attack_move", "name": null, "qty": null, "tid": null, "ts": "20:48:01"}
[20:48:03] t=2474 jev VEH DRON HOLD (预算保护 cash=300 aav帽=ok aav=4)
[20:48:03] t=2474 THREAT 0.58 -> force defend
[20:48:03] t=2474 ATTACK (tanks=9)
[20:48:03] t=2474 MOVE t=2474 SIEGE STAGING x4/8 (攒兵团, 齐冲再上); aahunt x4 -> (125,84)
[20:48:03] {"kind": "action", "what": "attack_move", "name": null, "qty": null, "tid": null, "ts": "20:48:03"}
[20:48:05] t=2477 jev VEH DRON HOLD (预算保护 cash=300 aav帽=ok aav=4)
[20:48:05] t=2477 THREAT 0.56 -> force defend
[20:48:05] t=2477 ATTACK (tanks=9)
[20:48:05] t=2479 ALARM unit lost -> 攻势保持（塔阵守家, 前线 9 个单位继续进攻）
[20:48:07] t=2479 jev VEH DRON HOLD (预算保护 cash=300 aav帽=ok aav=4)
[20:48:07] t=2479 THREAT 0.57 -> force defend
[20:48:07] t=2479 ATTACK (tanks=8)
[20:48:07] t=2479 MOVE raid x1 -> (81,120); assault x3 -> (137,82); t=2479 SIEGE STAGING x3/8 (攒兵团, 齐冲再上)
[20:48:07] {"kind": "action", "what": "attack_move", "name": null, "qty": null, "tid": null, "ts": "20:48:07"}
[20:48:08] {"kind": "action", "what": "attack_move", "name": null, "qty": null, "tid": null, "ts": "20:48:08"}
[20:48:08] t=2479 tick#850 credits=300 stance=attack | jev 850 decisions p50=1989ms
[20:48:10] t=2482 jev VEH DRON HOLD (预算保护 cash=300 aav帽=ok aav=4)
[20:48:10] t=2482 MOVE raid x1 -> (80,119); t=2482 SIEGE STAGING x3/8 (攒兵团, 齐冲再上)
[20:48:10] {"kind": "action", "what": "attack_move", "name": null, "qty": null, "tid": null, "ts": "20:48:10"}
[20:48:12] t=2485 jev VEH HARV HOLD (预算保护 cash=300 aav帽=ok aav=4)
[20:48:12] t=2488 HARASS DRON x2 (have 1)
[20:48:12] {"kind": "action", "what": "produce", "name": "DRON", "qty": 2, "tid": null, "ts": "20:48:12"}
[20:48:19] t=2497 ALARM unit lost -> 攻势保持（塔阵守家, 前线 9 个单位继续进攻）
[20:48:21] t=2497 MOVE raid x1 -> (81,120); assault x3 -> (137,82); t=2497 SIEGE STAGING x3/8 (攒兵团, 齐冲再上)
[20:48:21] {"kind": "action", "what": "attack_move", "name": null, "qty": null, "tid": null, "ts": "20:48:21"}
[20:48:21] {"kind": "action", "what": "attack_move", "name": null, "qty": null, "tid": null, "ts": "20:48:21"}
[20:48:26] t=2503 jev VEH DRON HOLD (预算保护 cash=625 aav帽=ok aav=4)
[20:48:26] t=2506 TANK HTNK x1
[20:48:26] {"kind": "action", "what": "produce", "name": "HTNK", "qty": 1, "tid": null, "ts": "20:48:26"}
[20:48:34] t=2515 MOVE assault x4 -> (137,82); t=2515 SIEGE STAGING x4/8 (攒兵团, 齐冲再上); hold_b x1 -> (126,75); aahunt x4 -> (125,84)
[20:48:35] {"kind": "action", "what": "attack_move", "name": null, "qty": null, "tid": null, "ts": "20:48:35"}
[20:48:35] {"kind": "action", "what": "attack_move", "name": null, "qty": null, "tid": null, "ts": "20:48:35"}
[20:48:35] {"kind": "action", "what": "attack_move", "name": null, "qty": null, "tid": null, "ts": "20:48:35"}
[20:48:37] t=2522 ESCORT 坦克#4823 -> 护航矿车@[107, 86]
[20:48:37] {"kind": "action", "what": "attack_move", "name": null, "qty": null, "tid": null, "ts": "20:48:37"}
[20:48:41] t=2525 jev VEH DRON HOLD (预算保护 cash=400 aav帽=ok aav=4)
[20:48:41] t=2525 MOVE raid x2 -> (81,120); t=2525 SIEGE STAGING x5/8 (攒兵团, 齐冲再上)
[20:48:41] {"kind": "action", "what": "attack_move", "name": null, "qty": null, "tid": null, "ts": "20:48:41"}
[20:48:44] t=2528 jev VEH DRON HOLD (预算保护 cash=400 aav帽=ok aav=4)
[20:48:46] t=2531 jev VEH DRON HOLD (预算保护 cash=400 aav帽=ok aav=4)
[20:48:48] t=2533 jev VEH DRON HOLD (预算保护 cash=700 aav帽=ok aav=4)
[20:48:48] t=2533 MOVE assault x5 -> (137,82); t=2533 SIEGE STAGING x5/8 (攒兵团, 齐冲再上); hold_a x2 -> (133,86)
[20:48:48] {"kind": "action", "what": "attack_move", "name": null, "qty": null, "tid": null, "ts": "20:48:48"}
[20:48:48] {"kind": "action", "what": "attack_move", "name": null, "qty": null, "tid": null, "ts": "20:48:48"}
[20:48:50] t=2537 jev VEH DRON HOLD (预算保护 cash=700 aav帽=ok aav=4)
[20:48:53] t=2540 jev VEH DRON HOLD (预算保护 cash=775 aav帽=ok aav=4)
[20:48:55] t=2542 jev VEH DRON HOLD (预算保护 cash=775 aav帽=ok aav=4)
[20:48:55] t=2545 TANK HTNK x1
[20:48:55] {"kind": "action", "what": "produce", "name": "HTNK", "qty": 1, "tid": null, "ts": "20:48:55"}
[20:49:01] t=2551 MOVE assault x5 -> (137,82); t=2551 SIEGE STAGING x5/8 (攒兵团, 齐冲再上)
[20:49:01] {"kind": "action", "what": "attack_move", "name": null, "qty": null, "tid": null, "ts": "20:49:01"}
[20:49:03] t=2554 MOVE raid x2 -> (81,120); t=2554 SIEGE STAGING x5/8 (攒兵团, 齐冲再上)
[20:49:03] {"kind": "action", "what": "attack_move", "name": null, "qty": null, "tid": null, "ts": "20:49:03"}
[20:49:03] t=2554 tick#875 credits=717 stance=attack | jev 875 decisions p50=1982ms
[20:49:06] t=2557 MOVE t=2557 SIEGE STAGING x5/8 (攒兵团, 齐冲再上); aahunt x4 -> (125,84)
[20:49:06] {"kind": "action", "what": "attack_move", "name": null, "qty": null, "tid": null, "ts": "20:49:06"}
[20:49:08] t=2563 ESCORT 坦克#4828 -> 护航矿车@[120, 127]
[20:49:08] {"kind": "action", "what": "attack_move", "name": null, "qty": null, "tid": null, "ts": "20:49:08"}
[20:49:12] t=2566 jev VEH HARV HOLD (预算保护 cash=250 aav帽=ok aav=4)
[20:49:15] t=2569 jev VEH HARV HOLD (预算保护 cash=250 aav帽=ok aav=4)
[20:49:15] t=2569 MOVE assault x6 -> (137,82); t=2569 SIEGE STAGING x6/8 (攒兵团, 齐冲再上)
[20:49:15] {"kind": "action", "what": "attack_move", "name": null, "qty": null, "tid": null, "ts": "20:49:15"}
[20:49:17] t=2572 jev VEH HARV HOLD (预算保护 cash=250 aav帽=ok aav=4)
[20:49:19] t=2575 jev VEH HARV HOLD (预算保护 cash=250 aav帽=ok aav=4)
[20:49:21] t=2578 jev VEH HARV HOLD (预算保护 cash=250 aav帽=ok aav=4)
[20:49:23] t=2581 jev VEH HARV HOLD (预算保护 cash=250 aav帽=ok aav=4)
[20:49:23] t=2581 MOVE raid x2 -> (81,120); t=2581 SIEGE STAGING x6/8 (攒兵团, 齐冲再上)
[20:49:24] {"kind": "action", "what": "attack_move", "name": null, "qty": null, "tid": null, "ts": "20:49:24"}
[20:49:26] t=2584 jev VEH HARV HOLD (预算保护 cash=250 aav帽=ok aav=4)
[20:49:28] t=2587 jev VEH HARV HOLD (预算保护 cash=250 aav帽=ok aav=4)
[20:49:28] t=2587 MOVE assault x6 -> (137,82); t=2587 SIEGE STAGING x6/8 (攒兵团, 齐冲再上)
[20:49:28] {"kind": "action", "what": "attack_move", "name": null, "qty": null, "tid": null, "ts": "20:49:28"}
[20:49:30] t=2590 jev VEH HARV HOLD (预算保护 cash=250 aav帽=ok aav=4)
[20:49:30] t=2593 RETREAT HTNK(26%)
[20:49:30] {"kind": "action", "what": "move", "name": null, "qty": null, "tid": null, "ts": "20:49:30"}
[20:49:32] t=2593 jev VEH HARV HOLD (预算保护 cash=250 aav帽=ok aav=4)
[20:49:35] t=2596 jev VEH HARV HOLD (预算保护 cash=250 aav帽=ok aav=4)
[20:49:35] t=2596 MOVE t=2596 SIEGE STAGING x6/8 (攒兵团, 齐冲再上); hold_b x1 -> (126,75)
[20:49:35] {"kind": "action", "what": "attack_move", "name": null, "qty": null, "tid": null, "ts": "20:49:35"}
[20:49:37] t=2599 jev VEH HARV HOLD (预算保护 cash=250 aav帽=ok aav=4)
[20:49:37] t=2599 MOVE t=2599 SIEGE STAGING x6/8 (攒兵团, 齐冲再上); aahunt x4 -> (125,84)
[20:49:37] {"kind": "action", "what": "attack_move", "name": null, "qty": null, "tid": null, "ts": "20:49:37"}
[20:49:39] t=2602 jev VEH HARV HOLD (预算保护 cash=250 aav帽=ok aav=4)
[20:49:40] t=2605 ESCORT 坦克#4828 -> 护航矿车@[117, 135]
[20:49:40] {"kind": "action", "what": "attack_move", "name": null, "qty": null, "tid": null, "ts": "20:49:40"}
[20:49:42] t=2605 jev VEH HARV HOLD (预算保护 cash=250 aav帽=ok aav=4)
[20:49:42] t=2605 MOVE assault x6 -> (137,82); t=2605 SIEGE STAGING x6/8 (攒兵团, 齐冲再上)
[20:49:42] {"kind": "action", "what": "attack_move", "name": null, "qty": null, "tid": null, "ts": "20:49:42"}
[20:49:44] t=2608 jev VEH HARV HOLD (预算保护 cash=250 aav帽=ok aav=4)
[20:49:44] t=2608 MOVE raid x2 -> (81,120); t=2608 SIEGE STAGING x6/8 (攒兵团, 齐冲再上)
[20:49:44] {"kind": "action", "what": "attack_move", "name": null, "qty": null, "tid": null, "ts": "20:49:44"}
[20:49:46] t=2611 jev VEH HARV HOLD (预算保护 cash=250 aav帽=ok aav=4)
[20:49:48] t=2614 jev VEH HARV HOLD (预算保护 cash=250 aav帽=ok aav=4)
[20:49:48] t=2614 MOVE t=2614 SIEGE STAGING x6/8 (攒兵团, 齐冲再上); hold_a x2 -> (133,86)
[20:49:48] {"kind": "action", "what": "attack_move", "name": null, "qty": null, "tid": null, "ts": "20:49:48"}
[20:49:51] t=2617 jev VEH HARV HOLD (预算保护 cash=250 aav帽=ok aav=4)
[20:49:53] t=2620 jev VEH HARV HOLD (预算保护 cash=250 aav帽=ok aav=4)
[20:49:55] t=2623 jev VEH HARV HOLD (预算保护 cash=250 aav帽=ok aav=4)
[20:49:55] t=2623 MOVE assault x6 -> (137,82); t=2623 SIEGE STAGING x6/8 (攒兵团, 齐冲再上)
[20:49:55] {"kind": "action", "what": "attack_move", "name": null, "qty": null, "tid": null, "ts": "20:49:55"}
[20:49:57] t=2626 jev VEH HARV HOLD (预算保护 cash=250 aav帽=ok aav=4)
[20:49:59] t=2629 jev BUILD NATECH HOLD (资金闸门: 坦克优先, cash=475)
[20:49:59] t=2629 jev VEH HARV HOLD (预算保护 cash=475 aav帽=ok aav=4)
[20:49:59] t=2629 tick#900 credits=475 stance=attack | jev 900 decisions p50=1967ms
[20:50:01] t=2631 jev VEH HARV HOLD (预算保护 cash=475 aav帽=ok aav=4)
[20:50:03] t=2634 jev VEH HARV HOLD (预算保护 cash=475 aav帽=ok aav=4)
[20:50:06] t=2637 jev VEH HARV HOLD (预算保护 cash=475 aav帽=ok aav=4)
[20:50:06] t=2637 MOVE raid x2 -> (81,120); t=2637 SIEGE STAGING x6/8 (攒兵团, 齐冲再上)
[20:50:06] {"kind": "action", "what": "attack_move", "name": null, "qty": null, "tid": null, "ts": "20:50:06"}
[20:50:08] t=2640 jev VEH HARV HOLD (预算保护 cash=475 aav帽=ok aav=4)
[20:50:08] t=2640 MOVE assault x6 -> (137,82); t=2640 SIEGE STAGING x6/8 (攒兵团, 齐冲再上); aahunt x4 -> (125,84)
[20:50:08] {"kind": "action", "what": "attack_move", "name": null, "qty": null, "tid": null, "ts": "20:50:08"}
[20:50:08] {"kind": "action", "what": "attack_move", "name": null, "qty": null, "tid": null, "ts": "20:50:08"}
[20:50:10] t=2643 jev VEH HARV HOLD (预算保护 cash=475 aav帽=ok aav=4)
[20:50:10] t=2646 ESCORT 坦克#4828 -> 护航矿车@[120, 108]
[20:50:10] {"kind": "action", "what": "attack_move", "name": null, "qty": null, "tid": null, "ts": "20:50:10"}
[20:50:12] t=2646 jev VEH HARV HOLD (预算保护 cash=475 aav帽=ok aav=4)
[20:50:15] t=2649 jev VEH HARV HOLD (预算保护 cash=475 aav帽=ok aav=4)
[20:50:17] t=2652 jev VEH HARV HOLD (预算保护 cash=475 aav帽=ok aav=4)
[20:50:19] t=2655 jev VEH HARV HOLD (预算保护 cash=475 aav帽=ok aav=4)
[20:50:21] t=2658 jev VEH HARV HOLD (预算保护 cash=475 aav帽=ok aav=4)
[20:50:21] t=2658 MOVE assault x6 -> (137,82); t=2658 SIEGE STAGING x6/8 (攒兵团, 齐冲再上)
[20:50:21] {"kind": "action", "what": "attack_move", "name": null, "qty": null, "tid": null, "ts": "20:50:21"}
[20:50:23] t=2661 jev VEH HARV HOLD (预算保护 cash=475 aav帽=ok aav=4)
[20:50:26] t=2664 jev VEH HARV HOLD (预算保护 cash=475 aav帽=ok aav=4)
[20:50:26] t=2664 MOVE raid x2 -> (81,120); t=2664 SIEGE STAGING x6/8 (攒兵团, 齐冲再上)
[20:50:26] {"kind": "action", "what": "attack_move", "name": null, "qty": null, "tid": null, "ts": "20:50:26"}
[20:50:28] t=2667 jev VEH HARV HOLD (预算保护 cash=625 aav帽=ok aav=4)
[20:50:30] t=2670 jev VEH HARV HOLD (预算保护 cash=625 aav帽=ok aav=4)
[20:50:32] t=2673 jev VEH HARV HOLD (预算保护 cash=625 aav帽=ok aav=4)
[20:50:35] t=2675 jev VEH HARV HOLD (预算保护 cash=625 aav帽=ok aav=4)
[20:50:35] t=2675 MOVE assault x6 -> (137,82); t=2675 SIEGE STAGING x6/8 (攒兵团, 齐冲再上)
[20:50:35] {"kind": "action", "what": "attack_move", "name": null, "qty": null, "tid": null, "ts": "20:50:35"}
[20:50:35] t=2678 TANK HTNK x1
[20:50:35] {"kind": "action", "what": "produce", "name": "HTNK", "qty": 1, "tid": null, "ts": "20:50:35"}
[20:50:37] t=2678 MOVE t=2678 SIEGE STAGING x6/8 (攒兵团, 齐冲再上); hold_b x1 -> (126,75)
[20:50:37] {"kind": "action", "what": "attack_move", "name": null, "qty": null, "tid": null, "ts": "20:50:37"}
[20:50:39] t=2682 MOVE t=2682 SIEGE STAGING x6/8 (攒兵团, 齐冲再上); aahunt x4 -> (125,84)
[20:50:39] {"kind": "action", "what": "attack_move", "name": null, "qty": null, "tid": null, "ts": "20:50:39"}
[20:50:42] t=2688 ESCORT 坦克#4828 -> 护航矿车@[83, 89]
[20:50:42] {"kind": "action", "what": "attack_move", "name": null, "qty": null, "tid": null, "ts": "20:50:42"}
[20:50:46] t=2691 MOVE raid x2 -> (81,120); t=2691 SIEGE STAGING x6/8 (攒兵团, 齐冲再上)
[20:50:46] {"kind": "action", "what": "attack_move", "name": null, "qty": null, "tid": null, "ts": "20:50:46"}
[20:50:48] t=2694 MOVE assault x6 -> (137,82); t=2694 SIEGE STAGING x6/8 (攒兵团, 齐冲再上)
[20:50:48] {"kind": "action", "what": "attack_move", "name": null, "qty": null, "tid": null, "ts": "20:50:48"}
[20:50:50] t=2697 jev VEH HARV HOLD (预算保护 cash=25 aav帽=ok aav=4)
[20:50:50] t=2697 MOVE t=2697 SIEGE STAGING x7/8 (攒兵团, 齐冲再上); hold_a x2 -> (133,86)
[20:50:50] {"kind": "action", "what": "attack_move", "name": null, "qty": null, "tid": null, "ts": "20:50:50"}
[20:50:52] t=2699 jev VEH HARV HOLD (预算保护 cash=25 aav帽=ok aav=4)
[20:50:55] t=2702 jev VEH HARV HOLD (预算保护 cash=25 aav帽=ok aav=4)
[20:50:55] t=2702 tick#925 credits=25 stance=attack | jev 925 decisions p50=1957ms
[20:50:57] t=2705 jev BUILD NATECH HOLD (资金闸门: 坦克优先, cash=25)
[20:50:57] t=2705 jev VEH HARV HOLD (预算保护 cash=25 aav帽=ok aav=4)
[20:51:04] t=2708 jev BUILD NATECH HOLD (资金闸门: 坦克优先, cash=25)
[20:51:04] t=2708 jev VEH HARV HOLD (预算保护 cash=25 aav帽=ok aav=4)
[20:51:04] t=2708 MOVE assault x7 -> (137,82); t=2708 SIEGE STAGING x7/8 (攒兵团, 齐冲再上)
[20:51:04] {"kind": "action", "what": "attack_move", "name": null, "qty": null, "tid": null, "ts": "20:51:04"}
[20:51:06] t=2718 jev VEH HARV HOLD (预算保护 cash=325 aav帽=ok aav=4)
[20:51:06] t=2718 MOVE raid x2 -> (81,120); t=2718 SIEGE STAGING x7/8 (攒兵团, 齐冲再上)
[20:51:06] {"kind": "action", "what": "attack_move", "name": null, "qty": null, "tid": null, "ts": "20:51:06"}
[20:51:08] t=2720 jev VEH HARV HOLD (预算保护 cash=325 aav帽=ok aav=4)
[20:51:08] t=2723 TANK HTNK x1
[20:51:08] {"kind": "action", "what": "produce", "name": "HTNK", "qty": 1, "tid": null, "ts": "20:51:08"}
[20:51:10] t=2723 jev BUILD NATECH HOLD (资金闸门: 坦克优先, cash=1075)
[20:51:10] t=2723 MOVE t=2723 SIEGE STAGING x7/8 (攒兵团, 齐冲再上); aahunt x4 -> (125,84)
[20:51:10] {"kind": "action", "what": "attack_move", "name": null, "qty": null, "tid": null, "ts": "20:51:10"}
[20:51:13] t=2729 ESCORT 坦克#4828 -> 护航矿车@[107, 86]
[20:51:13] {"kind": "action", "what": "attack_move", "name": null, "qty": null, "tid": null, "ts": "20:51:13"}
[20:51:17] t=2732 MOVE assault x7 -> (137,82); t=2732 SIEGE STAGING x7/8 (攒兵团, 齐冲再上)
[20:51:17] {"kind": "action", "what": "attack_move", "name": null, "qty": null, "tid": null, "ts": "20:51:17"}
[20:51:19] t=2735 MOVE raid x2 -> (80,119); t=2735 SIEGE STAGING x7/8 (攒兵团, 齐冲再上)
[20:51:19] {"kind": "action", "what": "attack_move", "name": null, "qty": null, "tid": null, "ts": "20:51:19"}
[20:51:21] t=2738 MOVE raid x2 -> (81,120); t=2738 SIEGE STAGING x7/8 (攒兵团, 齐冲再上)
[20:51:21] {"kind": "action", "what": "attack_move", "name": null, "qty": null, "tid": null, "ts": "20:51:21"}
[20:51:23] t=2741 jev BUILD NATECH HOLD (资金闸门: 坦克优先, cash=202)
[20:51:23] t=2741 MOVE raid x2 -> (80,119); t=2741 SIEGE STAGING x7/8 (攒兵团, 齐冲再上)
[20:51:24] {"kind": "action", "what": "attack_move", "name": null, "qty": null, "tid": null, "ts": "20:51:24"}
[20:51:26] t=2744 jev BUILD NATECH HOLD (资金闸门: 坦克优先, cash=175)
[20:51:26] t=2744 jev VEH HARV HOLD (预算保护 cash=175 aav帽=ok aav=4)
[20:51:26] t=2744 MOVE assault x8 -> 攻击目标#3010@(78,112); t=2744 SIEGE 拔防御壳 x8 -> #3010@(78,112)
[20:51:26] {"kind": "action", "what": "attack_obj", "name": null, "qty": null, "tid": 3010, "ts": "20:51:26"}
[20:51:28] t=2747 jev VEH HARV HOLD (预算保护 cash=175 aav帽=ok aav=4)
[20:51:30] t=2750 jev BUILD NATECH HOLD (资金闸门: 坦克优先, cash=175)
[20:51:30] t=2750 jev VEH HARV HOLD (预算保护 cash=175 aav帽=ok aav=4)
[20:51:32] t=2752 jev VEH HARV HOLD (预算保护 cash=175 aav帽=ok aav=4)
[20:51:34] t=2755 jev VEH HARV HOLD (预算保护 cash=175 aav帽=ok aav=4)
[20:51:35] t=2758 ALARM unit lost -> 攻势保持（塔阵守家, 前线 13 个单位继续进攻）
[20:51:37] t=2758 jev BUILD NATECH HOLD (资金闸门: 坦克优先, cash=175)
[20:51:37] t=2758 jev VEH HARV HOLD (预算保护 cash=175 aav帽=ok aav=4)
[20:51:37] t=2758 MOVE assault x7 -> (137,82); t=2758 SIEGE STAGING x7/8 (攒兵团, 齐冲再上)
[20:51:37] {"kind": "action", "what": "attack_move", "name": null, "qty": null, "tid": null, "ts": "20:51:37"}
[20:51:39] t=2761 jev BUILD NATECH HOLD (资金闸门: 坦克优先, cash=175)
[20:51:39] t=2761 jev VEH HARV HOLD (预算保护 cash=175 aav帽=ok aav=4)
[20:51:39] t=2761 MOVE t=2761 SIEGE STAGING x7/8 (攒兵团, 齐冲再上); hold_b x1 -> (126,75)
[20:51:39] {"kind": "action", "what": "attack_move", "name": null, "qty": null, "tid": null, "ts": "20:51:39"}
[20:51:39] t=2764 ALARM unit lost -> 攻势保持（塔阵守家, 前线 12 个单位继续进攻）
[20:51:41] t=2764 jev VEH HARV HOLD (预算保护 cash=175 aav帽=ok aav=4)
[20:51:41] t=2764 MOVE t=2764 SIEGE STAGING x6/8 (攒兵团, 齐冲再上); aahunt x4 -> (125,84)
[20:51:41] {"kind": "action", "what": "attack_move", "name": null, "qty": null, "tid": null, "ts": "20:51:41"}
[20:51:43] t=2767 jev VEH HARV HOLD (预算保护 cash=175 aav帽=ok aav=4)
[20:51:43] t=2770 ESCORT 坦克#3009 -> 护航矿车@[120, 110]
[20:51:43] {"kind": "action", "what": "attack_move", "name": null, "qty": null, "tid": null, "ts": "20:51:43"}
[20:51:45] t=2770 jev BUILD NATECH HOLD (资金闸门: 坦克优先, cash=175)
[20:51:45] t=2770 jev VEH HARV HOLD (预算保护 cash=175 aav帽=ok aav=4)
[20:51:48] t=2773 jev VEH HARV HOLD (预算保护 cash=175 aav帽=ok aav=4)
[20:51:50] t=2776 jev BUILD NATECH HOLD (资金闸门: 坦克优先, cash=175)
[20:51:50] t=2776 jev VEH HARV HOLD (预算保护 cash=175 aav帽=ok aav=4)
[20:51:50] t=2776 MOVE assault x6 -> (137,82); t=2776 SIEGE STAGING x6/8 (攒兵团, 齐冲再上)
[20:51:50] {"kind": "action", "what": "attack_move", "name": null, "qty": null, "tid": null, "ts": "20:51:50"}
[20:51:52] t=2779 jev VEH HARV HOLD (预算保护 cash=175 aav帽=ok aav=4)
[20:51:52] t=2779 MOVE t=2779 SIEGE STAGING x6/8 (攒兵团, 齐冲再上); hold_a x2 -> (133,86)
[20:51:52] {"kind": "action", "what": "attack_move", "name": null, "qty": null, "tid": null, "ts": "20:51:52"}
[20:51:54] t=2782 jev VEH HARV HOLD (预算保护 cash=175 aav帽=ok aav=4)
[20:51:54] t=2782 tick#950 credits=175 stance=attack | jev 950 decisions p50=1945ms
[20:51:54] t=2785 HARASS DRON x2 (have 0)
[20:51:54] {"kind": "action", "what": "produce", "name": "DRON", "qty": 2, "tid": null, "ts": "20:51:54"}
[20:51:58] t=2787 jev BUILD NATECH HOLD (资金闸门: 坦克优先, cash=1145)
[20:52:03] t=2793 MOVE raid x1 -> (81,120); assault x7 -> (137,82); t=2793 SIEGE STAGING x7/8 (攒兵团, 齐冲再上)
[20:52:03] {"kind": "action", "what": "attack_move", "name": null, "qty": null, "tid": null, "ts": "20:52:03"}
[20:52:03] {"kind": "action", "what": "attack_move", "name": null, "qty": null, "tid": null, "ts": "20:52:03"}
[20:52:07] t=2799 jev VEH HARV HOLD (预算保护 cash=500 aav帽=ok aav=4)
[20:52:07] t=2799 MOVE assault x8 -> 攻击目标#3010@(78,112); t=2799 SIEGE 拔防御壳 x8 -> #3010@(78,112)
[20:52:07] {"kind": "action", "what": "attack_obj", "name": null, "qty": null, "tid": 3010, "ts": "20:52:07"}
[20:52:10] t=2802 jev BUILD NATECH HOLD (资金闸门: 坦克优先, cash=500)
[20:52:10] t=2802 jev VEH HARV HOLD (预算保护 cash=500 aav帽=ok aav=4)
[20:52:12] t=2805 jev VEH HARV HOLD (预算保护 cash=500 aav帽=ok aav=4)
[20:52:12] t=2805 MOVE t=2805 SIEGE 拔防御壳 x8 -> #3010@(78,112); aahunt x4 -> (125,84)
[20:52:12] {"kind": "action", "what": "attack_move", "name": null, "qty": null, "tid": null, "ts": "20:52:12"}
[20:52:14] t=2808 jev VEH HARV HOLD (预算保护 cash=500 aav帽=ok aav=4)
[20:52:14] t=2811 ESCORT 坦克#3009 -> 护航矿车@[115, 133]
[20:52:14] {"kind": "action", "what": "attack_move", "name": null, "qty": null, "tid": null, "ts": "20:52:14"}
[20:52:16] t=2811 jev VEH HARV HOLD (预算保护 cash=500 aav帽=ok aav=4)
[20:52:19] t=2814 jev VEH HARV HOLD (预算保护 cash=500 aav帽=ok aav=4)
[20:52:21] t=2817 jev VEH HARV HOLD (预算保护 cash=575 aav帽=ok aav=4)
[20:52:21] t=2817 MOVE assault x8 -> 攻击目标#3010@(78,112); t=2817 SIEGE 拔防御壳 x8 -> #3010@(78,112)
[20:52:21] {"kind": "action", "what": "attack_obj", "name": null, "qty": null, "tid": 3010, "ts": "20:52:21"}
[20:52:23] t=2820 jev VEH HARV HOLD (预算保护 cash=575 aav帽=ok aav=4)
[20:52:23] t=2820 MOVE raid x2 -> (81,120); t=2820 SIEGE 拔防御壳 x8 -> #3010@(78,112)
[20:52:23] {"kind": "action", "what": "attack_move", "name": null, "qty": null, "tid": null, "ts": "20:52:23"}
[20:52:24] t=2824 TANK HTNK x1
[20:52:24] {"kind": "action", "what": "produce", "name": "HTNK", "qty": 1, "tid": null, "ts": "20:52:24"}
[20:52:26] t=2824 jev BUILD NATECH HOLD (资金闸门: 坦克优先, cash=800)
[20:52:28] t=2827 jev BUILD NATECH HOLD (资金闸门: 坦克优先, cash=1100)
[20:52:30] t=2830 MOVE raid x2 -> (80,119); t=2830 SIEGE 拔防御壳 x8 -> #3010@(78,112)
[20:52:30] {"kind": "action", "what": "attack_move", "name": null, "qty": null, "tid": null, "ts": "20:52:30"}
[20:52:35] t=2836 MOVE assault x8 -> 攻击目标#3010@(78,112); t=2836 SIEGE 拔防御壳 x8 -> #3010@(78,112)
[20:52:35] {"kind": "action", "what": "attack_obj", "name": null, "qty": null, "tid": 3010, "ts": "20:52:35"}
[20:52:35] t=2839 ALARM unit lost -> 攻势保持（塔阵守家, 前线 13 个单位继续进攻）
[20:52:37] t=2839 jev BUILD NATECH HOLD (资金闸门: 坦克优先, cash=487)
[20:52:37] t=2839 MOVE raid x1 -> (81,120); assault x7 -> (137,82); t=2839 SIEGE STAGING x7/8 (攒兵团, 齐冲再上)
[20:52:37] {"kind": "action", "what": "attack_move", "name": null, "qty": null, "tid": null, "ts": "20:52:37"}
[20:52:37] {"kind": "action", "what": "attack_move", "name": null, "qty": null, "tid": null, "ts": "20:52:37"}
[20:52:39] t=2842 jev BUILD NATECH HOLD (资金闸门: 坦克优先, cash=350)
[20:52:39] t=2842 jev VEH HARV HOLD (预算保护 cash=350 aav帽=ok aav=4)
[20:52:39] t=2842 MOVE raid x1 -> (80,119); assault x8 -> 攻击目标#3010@(78,112); t=2842 SIEGE 拔防御壳 x8 -> #3010@(78,112); hold_b x1 -> (126,75)
[20:52:39] {"kind": "action", "what": "attack_move", "name": null, "qty": null, "tid": null, "ts": "20:52:39"}
[20:52:40] {"kind": "action", "what": "attack_obj", "name": null, "qty": null, "tid": 3010, "ts": "20:52:40"}
[20:52:40] {"kind": "action", "what": "attack_move", "name": null, "qty": null, "tid": null, "ts": "20:52:40"}
[20:52:42] t=2845 jev BUILD NATECH HOLD (资金闸门: 坦克优先, cash=350)
[20:52:42] t=2845 jev VEH HARV HOLD (预算保护 cash=350 aav帽=ok aav=4)
[20:52:44] t=2848 jev BUILD NATECH HOLD (资金闸门: 坦克优先, cash=350)
[20:52:44] t=2848 jev VEH HARV HOLD (预算保护 cash=350 aav帽=ok aav=4)
[20:52:44] t=2848 MOVE t=2848 SIEGE 拔防御壳 x8 -> #3010@(78,112); aahunt x4 -> (125,84)
[20:52:44] {"kind": "action", "what": "attack_move", "name": null, "qty": null, "tid": null, "ts": "20:52:44"}
[20:52:44] t=2851 ALARM unit lost -> 攻势保持（塔阵守家, 前线 13 个单位继续进攻）
[20:52:46] t=2851 jev VEH HARV HOLD (预算保护 cash=350 aav帽=ok aav=4)
[20:52:46] t=2851 MOVE assault x7 -> (137,82); t=2851 SIEGE STAGING x7/8 (攒兵团, 齐冲再上)
[20:52:46] {"kind": "action", "what": "attack_move", "name": null, "qty": null, "tid": null, "ts": "20:52:46"}
[20:52:47] t=2854 ESCORT 坦克#4859 -> 护航矿车@[122, 101]
[20:52:47] {"kind": "action", "what": "attack_move", "name": null, "qty": null, "tid": null, "ts": "20:52:47"}
[20:52:49] t=2854 jev VEH HARV HOLD (预算保护 cash=350 aav帽=ok aav=4)
[20:52:51] t=2857 jev VEH HARV HOLD (预算保护 cash=350 aav帽=ok aav=4)
[20:52:51] t=2857 tick#975 credits=350 stance=attack | jev 975 decisions p50=1942ms
[20:52:53] t=2860 jev VEH HARV HOLD (预算保护 cash=350 aav帽=ok aav=4)
[20:52:53] t=2860 MOVE t=2860 SIEGE STAGING x7/8 (攒兵团, 齐冲再上); hold_a x2 -> (133,86)
[20:52:53] {"kind": "action", "what": "attack_move", "name": null, "qty": null, "tid": null, "ts": "20:52:53"}
[20:52:55] t=2863 jev VEH HARV HOLD (预算保护 cash=350 aav帽=ok aav=4)
[20:52:57] t=2866 jev VEH HARV HOLD (预算保护 cash=350 aav帽=ok aav=4)
[20:53:00] t=2869 jev VEH HARV HOLD (预算保护 cash=350 aav帽=ok aav=4)
[20:53:00] t=2869 MOVE assault x7 -> (137,82); t=2869 SIEGE STAGING x7/8 (攒兵团, 齐冲再上)
[20:53:00] {"kind": "action", "what": "attack_move", "name": null, "qty": null, "tid": null, "ts": "20:53:00"}
[20:53:02] t=2872 jev VEH HARV HOLD (预算保护 cash=350 aav帽=ok aav=4)
[20:53:04] t=2875 jev VEH HARV HOLD (预算保护 cash=350 aav帽=ok aav=4)
[20:53:06] t=2878 jev VEH HARV HOLD (预算保护 cash=350 aav帽=ok aav=4)
[20:53:09] t=2881 jev VEH HARV HOLD (预算保护 cash=350 aav帽=ok aav=4)
[20:53:11] t=2884 jev VEH HARV HOLD (预算保护 cash=350 aav帽=ok aav=4)
[20:53:13] t=2887 jev VEH HARV HOLD (预算保护 cash=350 aav帽=ok aav=4)
[20:53:13] t=2887 MOVE assault x7 -> (137,82); t=2887 SIEGE STAGING x7/8 (攒兵团, 齐冲再上)
[20:53:13] {"kind": "action", "what": "attack_move", "name": null, "qty": null, "tid": null, "ts": "20:53:13"}
[20:53:16] t=2890 jev VEH HARV HOLD (预算保护 cash=350 aav帽=ok aav=4)
[20:53:16] t=2890 MOVE t=2890 SIEGE STAGING x7/8 (攒兵团, 齐冲再上); aahunt x4 -> (125,84)
[20:53:16] {"kind": "action", "what": "attack_move", "name": null, "qty": null, "tid": null, "ts": "20:53:16"}
[20:53:18] t=2893 jev VEH HARV HOLD (预算保护 cash=725 aav帽=ok aav=4)
[20:53:18] t=2896 HARASS DRON x2 (have 0)
[20:53:18] t=2896 ESCORT 坦克#4836 -> 护航矿车@[89, 101]
[20:53:18] t=2896 RETREAT HTNK(26%)
[20:53:18] {"kind": "action", "what": "produce", "name": "DRON", "qty": 2, "tid": null, "ts": "20:53:18"}
[20:53:18] {"kind": "action", "what": "attack_move", "name": null, "qty": null, "tid": null, "ts": "20:53:18"}
[20:53:18] {"kind": "action", "what": "move", "name": null, "qty": null, "tid": null, "ts": "20:53:18"}
[20:53:27] t=2905 MOVE raid x1 -> (81,120); assault x8 -> 攻击目标#2526@(77,112); t=2905 SIEGE 拔防御壳 x8 -> #2526@(77,112)
[20:53:27] {"kind": "action", "what": "attack_move", "name": null, "qty": null, "tid": null, "ts": "20:53:27"}
[20:53:27] {"kind": "action", "what": "attack_obj", "name": null, "qty": null, "tid": 2526, "ts": "20:53:27"}
[20:53:32] t=2912 jev BUILD NATECH HOLD (资金闸门: 坦克优先, cash=225)
[20:53:32] t=2912 jev VEH HARV HOLD (预算保护 cash=225 aav帽=ok aav=4)
[20:53:34] t=2915 jev VEH HARV HOLD (预算保护 cash=225 aav帽=ok aav=4)
[20:53:36] t=2918 jev BUILD NATECH HOLD (资金闸门: 坦克优先, cash=225)
[20:53:36] t=2918 jev VEH HARV HOLD (预算保护 cash=225 aav帽=ok aav=4)
[20:53:39] t=2921 jev VEH HARV HOLD (预算保护 cash=225 aav帽=ok aav=4)
[20:53:41] t=2924 jev VEH HARV HOLD (预算保护 cash=600 aav帽=ok aav=4)
[20:53:41] t=2924 MOVE assault x9 -> 攻击目标#2526@(77,112); t=2924 SIEGE 拔防御壳 x9 -> #2526@(77,112); hold_b x1 -> (126,75)
[20:53:41] {"kind": "action", "what": "attack_obj", "name": null, "qty": null, "tid": 2526, "ts": "20:53:41"}
[20:53:41] {"kind": "action", "what": "attack_move", "name": null, "qty": null, "tid": null, "ts": "20:53:41"}
[20:53:43] t=2927 jev VEH HARV HOLD (预算保护 cash=600 aav帽=ok aav=4)
[20:53:45] t=2930 jev VEH HARV HOLD (预算保护 cash=600 aav帽=ok aav=4)
[20:53:48] t=2933 jev VEH HARV HOLD (预算保护 cash=600 aav帽=ok aav=4)
[20:53:48] t=2933 MOVE raid x2 -> (81,120); t=2933 SIEGE 拔防御壳 x9 -> #2526@(77,112); aahunt x4 -> (125,84)
[20:53:48] {"kind": "action", "what": "attack_move", "name": null, "qty": null, "tid": null, "ts": "20:53:48"}
[20:53:48] {"kind": "action", "what": "attack_move", "name": null, "qty": null, "tid": null, "ts": "20:53:48"}
[20:53:48] t=2933 tick#1000 credits=600 stance=attack | jev 1000 decisions p50=1941ms
[20:53:50] t=2936 jev VEH HARV HOLD (预算保护 cash=600 aav帽=ok aav=4)
[20:53:50] t=2939 ESCORT 坦克#4836 -> 护航矿车@[120, 115]
[20:53:50] {"kind": "action", "what": "attack_move", "name": null, "qty": null, "tid": null, "ts": "20:53:50"}
[20:53:52] t=2939 jev VEH HARV HOLD (预算保护 cash=600 aav帽=ok aav=4)
[20:53:54] t=2942 jev VEH HARV HOLD (预算保护 cash=600 aav帽=ok aav=4)
[20:53:54] t=2942 MOVE assault x11 -> 攻击目标#2526@(77,112); t=2942 SIEGE 拔防御壳 x11 -> #2526@(77,112); hold_a x2 -> (133,86)
[20:53:54] {"kind": "action", "what": "attack_obj", "name": null, "qty": null, "tid": 2526, "ts": "20:53:54"}
[20:53:54] {"kind": "action", "what": "attack_move", "name": null, "qty": null, "tid": null, "ts": "20:53:54"}
[20:53:56] t=2945 jev VEH HARV HOLD (预算保护 cash=600 aav帽=ok aav=4)
[20:53:56] t=2945 MOVE raid x2 -> (80,119); t=2945 SIEGE 拔防御壳 x11 -> #2526@(77,112)
[20:53:57] {"kind": "action", "what": "attack_move", "name": null, "qty": null, "tid": null, "ts": "20:53:57"}
[20:53:59] t=2948 jev VEH HARV HOLD (预算保护 cash=750 aav帽=ok aav=4)
[20:54:01] t=2951 jev VEH HARV HOLD (预算保护 cash=750 aav帽=ok aav=4)
[20:54:01] t=2954 TANK HTNK x1
[20:54:01] {"kind": "action", "what": "produce", "name": "HTNK", "qty": 1, "tid": null, "ts": "20:54:01"}
[20:54:08] t=2960 MOVE assault x11 -> 攻击目标#2526@(77,112); t=2960 SIEGE 拔防御壳 x11 -> #2526@(77,112)
[20:54:08] {"kind": "action", "what": "attack_obj", "name": null, "qty": null, "tid": 2526, "ts": "20:54:08"}
[20:54:15] t=2972 RETREAT HTNK(35%)
[20:54:15] {"kind": "action", "what": "move", "name": null, "qty": null, "tid": null, "ts": "20:54:15"}
[20:54:17] t=2972 jev VEH HARV HOLD (预算保护 cash=75 aav帽=ok aav=4)
[20:54:17] t=2972 MOVE raid x2 -> (80,119); t=2972 SIEGE 拔防御壳 x12 -> #2526@(77,112)
[20:54:17] {"kind": "action", "what": "attack_move", "name": null, "qty": null, "tid": null, "ts": "20:54:17"}
[20:54:19] t=2975 jev VEH HARV HOLD (预算保护 cash=75 aav帽=ok aav=4)
[20:54:19] t=2975 MOVE t=2975 SIEGE 拔防御壳 x12 -> #2526@(77,112); aahunt x2 -> (125,84)
[20:54:19] {"kind": "action", "what": "attack_move", "name": null, "qty": null, "tid": null, "ts": "20:54:19"}
[20:54:22] t=2978 jev VEH HARV HOLD (预算保护 cash=75 aav帽=ok aav=4)
[20:54:22] t=2978 MOVE assault x12 -> 攻击目标#2526@(77,112); t=2978 SIEGE 拔防御壳 x12 -> #2526@(77,112)
[20:54:22] {"kind": "action", "what": "attack_obj", "name": null, "qty": null, "tid": 2526, "ts": "20:54:22"}
[20:54:22] t=2981 ALARM unit lost -> 攻势保持（塔阵守家, 前线 14 个单位继续进攻）
[20:54:22] t=2981 ESCORT 坦克#4859 -> 护航矿车@[116, 135]
[20:54:22] {"kind": "action", "what": "attack_move", "name": null, "qty": null, "tid": null, "ts": "20:54:22"}
[20:54:24] t=2981 jev VEH HARV HOLD (预算保护 cash=75 aav帽=ok aav=4)
[20:54:24] t=2984 ALARM unit lost -> 攻势保持（塔阵守家, 前线 11 个单位继续进攻）
[20:54:26] t=2984 jev VEH HTNK HOLD (预算保护 cash=75 aav帽=ok aav=4)
[20:54:29] t=2987 jev VEH HTNK HOLD (预算保护 cash=75 aav帽=ok aav=4)
[20:54:31] t=2991 jev VEH HTNK HOLD (预算保护 cash=75 aav帽=ok aav=4)
[20:54:33] t=2994 jev VEH HTNK HOLD (预算保护 cash=75 aav帽=ok aav=4)
[20:54:35] t=2997 jev VEH HTNK HOLD (预算保护 cash=75 aav帽=ok aav=4)
[20:54:35] t=2997 MOVE assault x9 -> 攻击目标#2526@(77,112); t=2997 SIEGE 拔防御壳 x9 -> #2526@(77,112)
[20:54:36] {"kind": "action", "what": "attack_obj", "name": null, "qty": null, "tid": 2526, "ts": "20:54:36"}
[20:54:38] t=3000 jev VEH HTNK HOLD (预算保护 cash=75 aav帽=ok aav=4)
[20:54:40] t=3003 jev BUILD NATECH HOLD (资金闸门: 坦克优先, cash=75)
[20:54:40] t=3003 jev VEH HTNK HOLD (预算保护 cash=75 aav帽=ok aav=4)
[20:54:41] t=3006 ALARM unit lost -> 攻势保持（塔阵守家, 前线 6 个单位继续进攻）
[20:54:42] t=3006 jev BUILD NATECH HOLD (资金闸门: 坦克优先, cash=75)
[20:54:42] t=3006 jev VEH HTNK HOLD (预算保护 cash=75 aav帽=ok aav=4)
[20:54:42] t=3006 MOVE t=3006 SIEGE 拔防御壳 x8 -> #2526@(77,112); hold_b x1 -> (126,75)
[20:54:42] {"kind": "action", "what": "attack_move", "name": null, "qty": null, "tid": null, "ts": "20:54:42"}
[20:54:43] t=3009 RETREAT HTK(26%)
[20:54:43] {"kind": "action", "what": "move", "name": null, "qty": null, "tid": null, "ts": "20:54:43"}
[20:54:45] t=3009 jev BUILD NATECH HOLD (资金闸门: 坦克优先, cash=75)
[20:54:45] t=3009 jev VEH HTNK HOLD (预算保护 cash=75 aav帽=ok aav=4)
[20:54:45] t=3009 tick#1025 credits=75 stance=attack | jev 1025 decisions p50=1939ms
[20:54:47] t=3012 jev VEH HTNK HOLD (预算保护 cash=75 aav帽=ok aav=4)
[20:54:49] t=3015 jev BUILD NATECH HOLD (资金闸门: 坦克优先, cash=75)
[20:54:49] t=3015 jev VEH HTNK HOLD (预算保护 cash=75 aav帽=ok aav=4)
[20:54:49] t=3015 MOVE assault x8 -> 攻击目标#2526@(77,112); t=3015 SIEGE 拔防御壳 x8 -> #2526@(77,112)
[20:54:49] {"kind": "action", "what": "attack_obj", "name": null, "qty": null, "tid": 2526, "ts": "20:54:49"}
[20:54:51] t=3017 jev VEH HTNK HOLD (预算保护 cash=75 aav帽=ok aav=4)
[20:54:51] t=3017 MOVE assault x8 -> 攻击目标#2551@(73,107); t=3017 SIEGE 拔防御壳 x8 -> #2551@(73,107); aahunt x2 -> (125,84)
[20:54:51] {"kind": "action", "what": "attack_obj", "name": null, "qty": null, "tid": 2551, "ts": "20:54:51"}
[20:54:51] {"kind": "action", "what": "attack_move", "name": null, "qty": null, "tid": null, "ts": "20:54:51"}
[20:54:53] t=3020 jev VEH HARV HOLD (预算保护 cash=75 aav帽=ok aav=4)
[20:54:54] t=3023 ALARM unit lost -> 攻势保持（塔阵守家, 前线 6 个单位继续进攻）
[20:54:54] t=3023 ESCORT 坦克#4925 -> 护航矿车@[120, 121]
[20:54:54] {"kind": "action", "what": "attack_move", "name": null, "qty": null, "tid": null, "ts": "20:54:54"}
[20:54:55] t=3023 jev VEH HARV HOLD (预算保护 cash=75 aav帽=ok aav=3)
[20:54:55] t=3023 MOVE assault x7 -> (137,82); t=3023 SIEGE STAGING x7/8 (攒兵团, 齐冲再上); hold_a x2 -> (133,86)
[20:54:56] {"kind": "action", "what": "attack_move", "name": null, "qty": null, "tid": null, "ts": "20:54:56"}
[20:54:56] {"kind": "action", "what": "attack_move", "name": null, "qty": null, "tid": null, "ts": "20:54:56"}
[20:54:58] t=3026 jev VEH HARV HOLD (预算保护 cash=75 aav帽=ok aav=3)
[20:55:00] t=3029 jev BUILD NATECH HOLD (资金闸门: 坦克优先, cash=75)
[20:55:00] t=3029 jev VEH HARV HOLD (预算保护 cash=75 aav帽=ok aav=3)
[20:55:00] t=3032 RETREAT HTNK(38%)
[20:55:00] {"kind": "action", "what": "move", "name": null, "qty": null, "tid": null, "ts": "20:55:00"}
[20:55:02] t=3032 jev VEH HARV HOLD (预算保护 cash=75 aav帽=ok aav=3)
[20:55:04] t=3035 jev VEH HARV HOLD (预算保护 cash=450 aav帽=ok aav=3)
[20:55:04] t=3038 RETREAT HTNK(31%)
[20:55:04] {"kind": "action", "what": "move", "name": null, "qty": null, "tid": null, "ts": "20:55:04"}
[20:55:06] t=3038 jev VEH HARV HOLD (预算保护 cash=450 aav帽=ok aav=3)
[20:55:08] t=3040 jev VEH HARV HOLD (预算保护 cash=450 aav帽=ok aav=3)
[20:55:08] t=3040 MOVE assault x7 -> (137,82); t=3040 SIEGE STAGING x7/8 (攒兵团, 齐冲再上)
[20:55:08] {"kind": "action", "what": "attack_move", "name": null, "qty": null, "tid": null, "ts": "20:55:08"}
[20:55:11] t=3043 jev VEH HARV HOLD (预算保护 cash=450 aav帽=ok aav=3)
[20:55:13] t=3046 jev VEH HARV HOLD (预算保护 cash=450 aav帽=ok aav=3)
[20:55:15] t=3049 jev VEH HARV HOLD (预算保护 cash=450 aav帽=ok aav=3)
[20:55:17] t=3052 jev VEH HARV HOLD (预算保护 cash=450 aav帽=ok aav=3)
[20:55:19] t=3055 jev VEH HARV HOLD (预算保护 cash=450 aav帽=ok aav=3)
[20:55:21] t=3058 jev VEH HARV HOLD (预算保护 cash=450 aav帽=ok aav=3)
[20:55:21] t=3058 MOVE assault x7 -> (137,82); t=3058 SIEGE STAGING x7/8 (攒兵团, 齐冲再上); aahunt x2 -> (125,84)
[20:55:21] {"kind": "action", "what": "attack_move", "name": null, "qty": null, "tid": null, "ts": "20:55:21"}
[20:55:21] {"kind": "action", "what": "attack_move", "name": null, "qty": null, "tid": null, "ts": "20:55:21"}
[20:55:23] t=3061 jev VEH HARV HOLD (预算保护 cash=675 aav帽=ok aav=3)
[20:55:26] t=3063 jev VEH HARV HOLD (预算保护 cash=675 aav帽=ok aav=3)
[20:55:28] t=3066 jev VEH HARV HOLD (预算保护 cash=675 aav帽=ok aav=3)
[20:55:28] t=3069 HARASS DRON x2 (have 0)
[20:55:28] {"kind": "action", "what": "produce", "name": "DRON", "qty": 2, "tid": null, "ts": "20:55:28"}
[20:55:34] t=3075 MOVE assault x7 -> (137,82); t=3075 SIEGE STAGING x7/8 (攒兵团, 齐冲再上)
[20:55:34] {"kind": "action", "what": "attack_move", "name": null, "qty": null, "tid": null, "ts": "20:55:34"}
[20:55:36] t=3078 MOVE raid x1 -> (81,120); assault x8 -> 攻击目标#2551@(73,107); t=3078 SIEGE 拔防御壳 x8 -> #2551@(73,107)
[20:55:36] {"kind": "action", "what": "attack_move", "name": null, "qty": null, "tid": null, "ts": "20:55:36"}
[20:55:36] {"kind": "action", "what": "attack_obj", "name": null, "qty": null, "tid": 2551, "ts": "20:55:36"}
[20:55:38] t=3081 tick#1050 credits=567 stance=attack | jev 1050 decisions p50=1927ms
[20:55:43] t=3086 jev VEH HARV HOLD (预算保护 cash=400 aav帽=ok aav=3)
[20:55:43] t=3086 MOVE t=3086 SIEGE 拔防御壳 x9 -> #2551@(73,107); hold_b x1 -> (126,75)
[20:55:43] {"kind": "action", "what": "attack_move", "name": null, "qty": null, "tid": null, "ts": "20:55:43"}
[20:55:45] t=3089 jev VEH HARV HOLD (预算保护 cash=400 aav帽=ok aav=3)
[20:55:47] t=3092 jev VEH HARV HOLD (预算保护 cash=400 aav帽=ok aav=3)
[20:55:49] t=3095 jev VEH HARV HOLD (预算保护 cash=775 aav帽=ok aav=3)
[20:55:49] t=3095 MOVE assault x9 -> 攻击目标#2551@(73,107); t=3095 SIEGE 拔防御壳 x9 -> #2551@(73,107)
[20:55:49] {"kind": "action", "what": "attack_obj", "name": null, "qty": null, "tid": 2551, "ts": "20:55:49"}
[20:55:51] t=3097 jev VEH HARV HOLD (预算保护 cash=775 aav帽=ok aav=3)
[20:55:53] t=3100 jev VEH HARV HOLD (预算保护 cash=775 aav帽=ok aav=3)
[20:55:53] t=3100 MOVE t=3100 SIEGE 拔防御壳 x9 -> #2551@(73,107); aahunt x2 -> (125,84)
[20:55:53] {"kind": "action", "what": "attack_move", "name": null, "qty": null, "tid": null, "ts": "20:55:53"}
[20:55:55] t=3103 jev VEH HARV HOLD (预算保护 cash=775 aav帽=ok aav=3)
[20:55:57] t=3106 jev VEH HARV HOLD (预算保护 cash=775 aav帽=ok aav=3)
[20:55:57] t=3106 MOVE raid x2 -> (81,120); t=3106 SIEGE 拔防御壳 x9 -> #2551@(73,107); hold_a x2 -> (133,86)
[20:55:57] {"kind": "action", "what": "attack_move", "name": null, "qty": null, "tid": null, "ts": "20:55:57"}
[20:55:57] {"kind": "action", "what": "attack_move", "name": null, "qty": null, "tid": null, "ts": "20:55:57"}
[20:55:59] t=3109 jev VEH HARV HOLD (预算保护 cash=775 aav帽=ok aav=3)
[20:55:59] t=3109 MOVE raid x2 -> (80,119); t=3109 SIEGE 拔防御壳 x9 -> #2551@(73,107)
[20:55:59] {"kind": "action", "what": "attack_move", "name": null, "qty": null, "tid": null, "ts": "20:55:59"}
[20:56:02] t=3111 jev VEH HARV HOLD (预算保护 cash=775 aav帽=ok aav=3)
[20:56:02] t=3111 MOVE assault x9 -> 攻击目标#2551@(73,107); t=3111 SIEGE 拔防御壳 x9 -> #2551@(73,107)
[20:56:02] {"kind": "action", "what": "attack_obj", "name": null, "qty": null, "tid": 2551, "ts": "20:56:02"}
[20:56:02] t=3114 ESCORT 坦克#4836 -> 护航矿车@[121, 101]
[20:56:02] {"kind": "action", "what": "attack_move", "name": null, "qty": null, "tid": null, "ts": "20:56:02"}
[20:56:04] t=3114 jev VEH HARV HOLD (预算保护 cash=775 aav帽=ok aav=3)
[20:56:04] t=3117 ALARM unit lost -> 攻势保持（塔阵守家, 前线 10 个单位继续进攻）
[20:56:06] t=3117 jev VEH HARV HOLD (预算保护 cash=775 aav帽=ok aav=3)
[20:56:08] t=3120 jev BUILD NATECH HOLD (资金闸门: 坦克优先, cash=775)
[20:56:08] t=3120 jev VEH HARV HOLD (预算保护 cash=775 aav帽=ok aav=3)
[20:56:10] t=3123 jev BUILD NATECH HOLD (资金闸门: 坦克优先, cash=775)
[20:56:10] t=3123 jev VEH HARV HOLD (预算保护 cash=775 aav帽=ok aav=3)
[20:56:12] t=3126 jev VEH HARV HOLD (预算保护 cash=775 aav帽=ok aav=3)
[20:56:14] t=3128 jev VEH HARV HOLD (预算保护 cash=775 aav帽=ok aav=3)
[20:56:14] t=3128 MOVE assault x8 -> 攻击目标#2551@(73,107); t=3128 SIEGE 拔防御壳 x8 -> #2551@(73,107)
[20:56:14] {"kind": "action", "what": "attack_obj", "name": null, "qty": null, "tid": 2551, "ts": "20:56:14"}
[20:56:16] t=3131 jev VEH HARV HOLD (预算保护 cash=775 aav帽=ok aav=3)
[20:56:19] t=3134 jev VEH HARV HOLD (预算保护 cash=775 aav帽=ok aav=3)
[20:56:19] t=3137 ALARM unit lost -> 攻势保持（塔阵守家, 前线 8 个单位继续进攻）
[20:56:21] t=3137 jev VEH HARV HOLD (预算保护 cash=775 aav帽=ok aav=3)
[20:56:21] t=3137 MOVE raid x1 -> (80,119); assault x7 -> (137,82); t=3137 SIEGE STAGING x7/8 (攒兵团, 齐冲再上)
[20:56:21] {"kind": "action", "what": "attack_move", "name": null, "qty": null, "tid": null, "ts": "20:56:21"}
[20:56:21] {"kind": "action", "what": "attack_move", "name": null, "qty": null, "tid": null, "ts": "20:56:21"}
[20:56:23] t=3140 jev VEH HARV HOLD (预算保护 cash=775 aav帽=ok aav=3)
[20:56:23] t=3142 ALARM unit lost -> 攻势保持（塔阵守家, 前线 7 个单位继续进攻）
[20:56:23] t=3142 HARASS DRON x2 (have 1)
[20:56:23] {"kind": "action", "what": "produce", "name": "DRON", "qty": 2, "tid": null, "ts": "20:56:23"}
[20:56:25] t=3142 MOVE t=3142 SIEGE STAGING x6/8 (攒兵团, 齐冲再上); aahunt x2 -> (125,84)
[20:56:25] {"kind": "action", "what": "attack_move", "name": null, "qty": null, "tid": null, "ts": "20:56:25"}
[20:56:25] t=3145 ALARM unit lost -> 攻势保持（塔阵守家, 前线 7 个单位继续进攻）
[20:56:31] t=3151 MOVE raid x1 -> (81,120); t=3151 SIEGE STAGING x6/8 (攒兵团, 齐冲再上)
[20:56:31] {"kind": "action", "what": "attack_move", "name": null, "qty": null, "tid": null, "ts": "20:56:31"}
[20:56:31] t=3151 tick#1075 credits=684 stance=attack | jev 1075 decisions p50=1919ms
[20:56:33] t=3154 MOVE assault x6 -> (137,82); t=3154 SIEGE STAGING x6/8 (攒兵团, 齐冲再上)
[20:56:33] {"kind": "action", "what": "attack_move", "name": null, "qty": null, "tid": null, "ts": "20:56:33"}
[20:56:34] t=3157 ESCORT 坦克#4832 -> 护航矿车@[116, 135]
[20:56:34] {"kind": "action", "what": "attack_move", "name": null, "qty": null, "tid": null, "ts": "20:56:34"}
[20:56:36] t=3157 jev BUILD NATECH HOLD (资金闸门: 坦克优先, cash=365)
[20:56:36] t=3160 TANK HTNK x2
[20:56:36] {"kind": "action", "what": "produce", "name": "HTNK", "qty": 2, "tid": null, "ts": "20:56:36"}
[20:56:38] t=3160 jev BUILD NATECH HOLD (资金闸门: 坦克优先, cash=1475)
[20:56:44] t=3168 MOVE t=3168 GHOST detected #2551@[73, 107] (集火150gs不倒, 拉黑); t=3168 SIEGE STAGING x7/8 (攒兵团, 齐冲再上); hold_b x1 -> (126,75)
[20:56:44] {"kind": "action", "what": "attack_move", "name": null, "qty": null, "tid": null, "ts": "20:56:44"}
[20:56:46] t=3171 MOVE assault x7 -> (137,82); t=3171 SIEGE STAGING x7/8 (攒兵团, 齐冲再上)
[20:56:46] {"kind": "action", "what": "attack_move", "name": null, "qty": null, "tid": null, "ts": "20:56:46"}
[20:56:53] t=3180 MOVE raid x2 -> (81,120); assault x8 -> 攻击目标#3462@(72,107); t=3180 SIEGE 拔防御壳 x8 -> #3462@(72,107)
[20:56:53] {"kind": "action", "what": "attack_move", "name": null, "qty": null, "tid": null, "ts": "20:56:53"}
[20:56:53] {"kind": "action", "what": "attack_obj", "name": null, "qty": null, "tid": 3462, "ts": "20:56:53"}
[20:56:57] t=3185 MOVE t=3185 SIEGE 拔防御壳 x8 -> #3462@(72,107); aahunt x2 -> (125,84)
[20:56:57] {"kind": "action", "what": "attack_move", "name": null, "qty": null, "tid": null, "ts": "20:56:57"}
[20:56:59] t=3188 MOVE t=3188 SIEGE 拔防御壳 x8 -> #3462@(72,107); hold_a x2 -> (133,86)
[20:56:59] {"kind": "action", "what": "attack_move", "name": null, "qty": null, "tid": null, "ts": "20:56:59"}
[20:57:05] t=3196 MOVE raid x2 -> (80,119); assault x8 -> 攻击目标#3462@(72,107); t=3196 SIEGE 拔防御壳 x8 -> #3462@(72,107)
[20:57:05] {"kind": "action", "what": "attack_move", "name": null, "qty": null, "tid": null, "ts": "20:57:05"}
[20:57:05] {"kind": "action", "what": "attack_obj", "name": null, "qty": null, "tid": 3462, "ts": "20:57:05"}
[20:57:06] t=3199 ESCORT 坦克#4893 -> 护航矿车@[120, 118]
[20:57:06] {"kind": "action", "what": "attack_move", "name": null, "qty": null, "tid": null, "ts": "20:57:06"}
[20:57:18] t=3213 MOVE assault x8 -> 攻击目标#3462@(72,107); t=3213 SIEGE 拔防御壳 x8 -> #3462@(72,107)
[20:57:18] {"kind": "action", "what": "attack_obj", "name": null, "qty": null, "tid": 3462, "ts": "20:57:18"}
[20:57:20] t=3216 jev BUILD NATECH HOLD (资金闸门: 坦克优先, cash=125)
[20:57:20] t=3216 jev VEH HARV HOLD (预算保护 cash=125 aav帽=ok aav=3)
[20:57:22] t=3219 jev BUILD NATECH HOLD (资金闸门: 坦克优先, cash=125)
[20:57:22] t=3219 jev VEH HARV HOLD (预算保护 cash=125 aav帽=ok aav=3)
[20:57:24] t=3222 jev BUILD NATECH HOLD (资金闸门: 坦克优先, cash=125)
[20:57:24] t=3222 jev VEH HARV HOLD (预算保护 cash=125 aav帽=ok aav=3)
[20:57:24] t=3222 tick#1100 credits=125 stance=attack | jev 1100 decisions p50=1912ms
[20:57:26] t=3224 jev VEH HARV HOLD (预算保护 cash=125 aav帽=ok aav=3)
[20:57:26] t=3224 MOVE raid x2 -> (80,119); t=3224 SIEGE 拔防御壳 x9 -> #3462@(72,107)
[20:57:26] {"kind": "action", "what": "attack_move", "name": null, "qty": null, "tid": null, "ts": "20:57:26"}
[20:57:26] t=3227 ALARM unit lost -> 攻势保持（塔阵守家, 前线 9 个单位继续进攻）
[20:57:28] t=3227 jev VEH HARV HOLD (预算保护 cash=125 aav帽=ok aav=3)
[20:57:28] t=3227 MOVE assault x7 -> (137,82); t=3227 SIEGE STAGING x7/8 (攒兵团, 齐冲再上); aahunt x2 -> (125,84)
[20:57:28] {"kind": "action", "what": "attack_move", "name": null, "qty": null, "tid": null, "ts": "20:57:28"}
[20:57:28] {"kind": "action", "what": "attack_move", "name": null, "qty": null, "tid": null, "ts": "20:57:28"}
[20:57:30] t=3230 jev VEH HARV HOLD (预算保护 cash=125 aav帽=ok aav=3)
[20:57:32] t=3233 jev VEH HARV HOLD (预算保护 cash=125 aav帽=ok aav=3)
[20:57:33] t=3235 ALARM unit lost -> 攻势保持（塔阵守家, 前线 10 个单位继续进攻）
[20:57:34] t=3235 jev VEH HARV HOLD (预算保护 cash=425 aav帽=ok aav=2)
[20:57:37] t=3238 jev VEH HARV HOLD (预算保护 cash=425 aav帽=ok aav=2)
[20:57:37] t=3241 ESCORT 坦克#5092 -> 护航矿车@[91, 79]
[20:57:37] {"kind": "action", "what": "attack_move", "name": null, "qty": null, "tid": null, "ts": "20:57:37"}
[20:57:39] t=3241 jev VEH HARV HOLD (预算保护 cash=425 aav帽=ok aav=2)
[20:57:41] t=3244 jev VEH HARV HOLD (预算保护 cash=425 aav帽=ok aav=2)
[20:57:41] t=3244 MOVE assault x6 -> (137,82); t=3244 SIEGE STAGING x6/8 (攒兵团, 齐冲再上)
[20:57:41] {"kind": "action", "what": "attack_move", "name": null, "qty": null, "tid": null, "ts": "20:57:41"}
[20:57:43] t=3246 jev VEH HARV HOLD (预算保护 cash=425 aav帽=ok aav=2)
[20:57:45] t=3249 jev VEH HARV HOLD (预算保护 cash=425 aav帽=ok aav=2)
[20:57:45] t=3249 MOVE raid x1 -> (81,120); t=3249 SIEGE STAGING x6/8 (攒兵团, 齐冲再上); hold_b x1 -> (126,75)
[20:57:45] {"kind": "action", "what": "attack_move", "name": null, "qty": null, "tid": null, "ts": "20:57:45"}
[20:57:45] {"kind": "action", "what": "attack_move", "name": null, "qty": null, "tid": null, "ts": "20:57:45"}
[20:57:47] t=3252 jev VEH HARV HOLD (预算保护 cash=725 aav帽=ok aav=2)
[20:57:47] t=3252 MOVE raid x1 -> (80,119); t=3252 SIEGE STAGING x6/8 (攒兵团, 齐冲再上)
[20:57:47] {"kind": "action", "what": "attack_move", "name": null, "qty": null, "tid": null, "ts": "20:57:47"}
[20:57:49] t=3255 jev VEH HARV HOLD (预算保护 cash=725 aav帽=ok aav=2)
[20:57:51] t=3257 jev VEH HARV HOLD (预算保护 cash=725 aav帽=ok aav=2)
[20:57:51] t=3257 MOVE raid x1 -> (81,120); t=3257 SIEGE STAGING x6/8 (攒兵团, 齐冲再上)
[20:57:51] {"kind": "action", "what": "attack_move", "name": null, "qty": null, "tid": null, "ts": "20:57:51"}
[20:57:53] t=3260 jev VEH HARV HOLD (预算保护 cash=725 aav帽=ok aav=2)
[20:57:53] t=3260 MOVE raid x1 -> (80,119); assault x6 -> (137,82); t=3260 SIEGE STAGING x6/8 (攒兵团, 齐冲再上)
[20:57:53] {"kind": "action", "what": "attack_move", "name": null, "qty": null, "tid": null, "ts": "20:57:53"}
[20:57:53] {"kind": "action", "what": "attack_move", "name": null, "qty": null, "tid": null, "ts": "20:57:53"}
[20:57:53] t=3263 HARASS DRON x2 (have 1)
[20:57:53] {"kind": "action", "what": "produce", "name": "DRON", "qty": 2, "tid": null, "ts": "20:57:53"}
[20:57:59] t=3268 MOVE t=3268 SIEGE STAGING x6/8 (攒兵团, 齐冲再上); hold_a x2 -> (133,86); aahunt x2 -> (125,84)
[20:57:59] {"kind": "action", "what": "attack_move", "name": null, "qty": null, "tid": null, "ts": "20:57:59"}
[20:57:59] {"kind": "action", "what": "attack_move", "name": null, "qty": null, "tid": null, "ts": "20:57:59"}
[20:58:01] t=3271 MOVE raid x2 -> (81,120); t=3271 SIEGE STAGING x7/8 (攒兵团, 齐冲再上)
[20:58:01] {"kind": "action", "what": "attack_move", "name": null, "qty": null, "tid": null, "ts": "20:58:01"}
[20:58:06] t=3277 MOVE assault x7 -> (137,82); t=3277 SIEGE STAGING x7/8 (攒兵团, 齐冲再上)
[20:58:06] {"kind": "action", "what": "attack_move", "name": null, "qty": null, "tid": null, "ts": "20:58:06"}
[20:58:08] t=3280 jev VEH HARV HOLD (预算保护 cash=225 aav帽=ok aav=2)
[20:58:08] t=3280 MOVE assault x8 -> 攻击目标#3462@(72,107); t=3280 SIEGE 拔防御壳 x8 -> #3462@(72,107)
[20:58:08] {"kind": "action", "what": "attack_obj", "name": null, "qty": null, "tid": 3462, "ts": "20:58:08"}
[20:58:08] t=3282 ESCORT 坦克#4893 -> 护航矿车@[90, 57]
[20:58:08] {"kind": "action", "what": "attack_move", "name": null, "qty": null, "tid": null, "ts": "20:58:08"}
[20:58:10] t=3282 jev VEH HARV HOLD (预算保护 cash=225 aav帽=ok aav=2)
[20:58:12] t=3285 jev VEH HARV HOLD (预算保护 cash=225 aav帽=ok aav=2)
[20:58:14] t=3288 jev VEH HARV HOLD (预算保护 cash=225 aav帽=ok aav=2)
[20:58:16] t=3291 jev VEH HARV HOLD (预算保护 cash=225 aav帽=ok aav=2)
[20:58:16] t=3291 MOVE raid x3 -> (80,119); t=3291 SIEGE 拔防御壳 x8 -> #3462@(72,107)
[20:58:16] {"kind": "action", "what": "attack_move", "name": null, "qty": null, "tid": null, "ts": "20:58:16"}
[20:58:16] t=3291 tick#1125 credits=225 stance=attack | jev 1125 decisions p50=1904ms
[20:58:18] t=3293 jev VEH HARV HOLD (预算保护 cash=225 aav帽=ok aav=2)
[20:58:18] t=3296 ALARM unit lost -> 攻势保持（塔阵守家, 前线 12 个单位继续进攻）
[20:58:20] t=3296 jev VEH HARV HOLD (预算保护 cash=225 aav帽=ok aav=2)
[20:58:20] t=3296 MOVE assault x7 -> (137,82); t=3296 SIEGE STAGING x7/8 (攒兵团, 齐冲再上)
[20:58:20] {"kind": "action", "what": "attack_move", "name": null, "qty": null, "tid": null, "ts": "20:58:20"}
[20:58:22] t=3299 jev VEH HARV HOLD (预算保护 cash=225 aav帽=ok aav=2)
[20:58:24] t=3301 jev VEH HARV HOLD (预算保护 cash=225 aav帽=ok aav=2)
[20:58:26] t=3304 jev VEH HARV HOLD (预算保护 cash=225 aav帽=ok aav=2)
[20:58:28] t=3307 jev VEH HARV HOLD (预算保护 cash=225 aav帽=ok aav=2)
[20:58:30] t=3310 jev VEH HARV HOLD (预算保护 cash=300 aav帽=ok aav=2)
[20:58:30] t=3310 MOVE raid x2 -> (81,120); t=3310 SIEGE STAGING x7/8 (攒兵团, 齐冲再上); aahunt x2 -> (125,84)
[20:58:30] {"kind": "action", "what": "attack_move", "name": null, "qty": null, "tid": null, "ts": "20:58:30"}
[20:58:30] {"kind": "action", "what": "attack_move", "name": null, "qty": null, "tid": null, "ts": "20:58:30"}
[20:58:32] t=3312 jev VEH HARV HOLD (预算保护 cash=300 aav帽=ok aav=2)
[20:58:32] t=3312 MOVE assault x7 -> (137,82); t=3312 SIEGE STAGING x7/8 (攒兵团, 齐冲再上)
[20:58:32] {"kind": "action", "what": "attack_move", "name": null, "qty": null, "tid": null, "ts": "20:58:32"}
[20:58:34] t=3315 jev VEH HARV HOLD (预算保护 cash=300 aav帽=ok aav=2)
[20:58:36] t=3318 jev VEH HARV HOLD (预算保护 cash=300 aav帽=ok aav=2)
[20:58:38] t=3321 jev VEH HARV HOLD (预算保护 cash=525 aav帽=ok aav=2)
[20:58:39] t=3323 ESCORT 坦克#4893 -> 护航矿车@[116, 135]
[20:58:39] {"kind": "action", "what": "attack_move", "name": null, "qty": null, "tid": null, "ts": "20:58:39"}
[20:58:41] t=3323 jev VEH HARV HOLD (预算保护 cash=525 aav帽=ok aav=2)
[20:58:43] t=3326 jev VEH HARV HOLD (预算保护 cash=525 aav帽=ok aav=2)
[20:58:45] t=3329 jev VEH HARV HOLD (预算保护 cash=525 aav帽=ok aav=2)
[20:58:45] t=3329 MOVE assault x7 -> (137,82); t=3329 SIEGE STAGING x7/8 (攒兵团, 齐冲再上)
[20:58:45] {"kind": "action", "what": "attack_move", "name": null, "qty": null, "tid": null, "ts": "20:58:45"}
[20:58:47] t=3332 jev VEH HARV HOLD (预算保护 cash=525 aav帽=ok aav=2)
[20:58:47] t=3332 MOVE t=3332 GHOST detected #3462@[72, 107] (集火150gs不倒, 拉黑); t=3332 SIEGE STAGING x7/8 (攒兵团, 齐冲再上); hold_b x1 -> (126,75)
[20:58:47] {"kind": "action", "what": "attack_move", "name": null, "qty": null, "tid": null, "ts": "20:58:47"}
[20:58:49] t=3335 jev VEH HARV HOLD (预算保护 cash=525 aav帽=ok aav=2)
[20:58:51] t=3337 jev VEH HARV HOLD (预算保护 cash=525 aav帽=ok aav=2)
[20:58:51] t=3337 MOVE raid x2 -> (81,120); t=3337 SIEGE STAGING x7/8 (攒兵团, 齐冲再上)
[20:58:51] {"kind": "action", "what": "attack_move", "name": null, "qty": null, "tid": null, "ts": "20:58:51"}
[20:58:53] t=3340 jev VEH HARV HOLD (预算保护 cash=525 aav帽=ok aav=2)
[20:58:55] t=3343 jev VEH HARV HOLD (预算保护 cash=525 aav帽=ok aav=2)
[20:58:57] t=3345 jev VEH HARV HOLD (预算保护 cash=525 aav帽=ok aav=2)
[20:58:57] t=3345 MOVE assault x7 -> (137,82); t=3345 SIEGE STAGING x7/8 (攒兵团, 齐冲再上)
[20:58:57] {"kind": "action", "what": "attack_move", "name": null, "qty": null, "tid": null, "ts": "20:58:57"}
[20:58:57] t=3348 TANK HTNK x1
[20:58:57] {"kind": "action", "what": "produce", "name": "HTNK", "qty": 1, "tid": null, "ts": "20:58:57"}
[20:59:01] t=3351 MOVE t=3351 SIEGE STAGING x7/8 (攒兵团, 齐冲再上); hold_a x2 -> (133,86); aahunt x2 -> (125,84)
[20:59:01] {"kind": "action", "what": "attack_move", "name": null, "qty": null, "tid": null, "ts": "20:59:01"}
[20:59:01] {"kind": "action", "what": "attack_move", "name": null, "qty": null, "tid": null, "ts": "20:59:01"}
[20:59:07] t=3359 tick#1150 credits=350 stance=attack | jev 1150 decisions p50=1873ms
[20:59:10] t=3362 MOVE assault x7 -> (137,82); t=3362 SIEGE STAGING x7/8 (攒兵团, 齐冲再上)
[20:59:10] {"kind": "action", "what": "attack_move", "name": null, "qty": null, "tid": null, "ts": "20:59:10"}
[20:59:10] t=3365 ESCORT 坦克#5092 -> 护航矿车@[117, 135]
[20:59:10] {"kind": "action", "what": "attack_move", "name": null, "qty": null, "tid": null, "ts": "20:59:10"}
[20:59:12] t=3365 MOVE raid x2 -> (81,120); t=3365 SIEGE STAGING x7/8 (攒兵团, 齐冲再上)
[20:59:12] {"kind": "action", "what": "attack_move", "name": null, "qty": null, "tid": null, "ts": "20:59:12"}
[20:59:14] t=3368 jev VEH HARV HOLD (预算保护 cash=0 aav帽=ok aav=2)
[20:59:14] t=3368 MOVE assault x8 -> 攻击目标#2518@(71,105); t=3368 SIEGE 拔防御壳 x8 -> #2518@(71,105)
[20:59:14] {"kind": "action", "what": "attack_obj", "name": null, "qty": null, "tid": 2518, "ts": "20:59:14"}
[20:59:16] t=3370 jev VEH HARV HOLD (预算保护 cash=0 aav帽=ok aav=2)
[20:59:18] t=3373 jev VEH HARV HOLD (预算保护 cash=0 aav帽=ok aav=2)
[20:59:20] t=3376 jev VEH HARV HOLD (预算保护 cash=0 aav帽=ok aav=2)
[20:59:22] t=3379 jev VEH HARV HOLD (预算保护 cash=0 aav帽=ok aav=2)
[20:59:24] t=3381 jev VEH HARV HOLD (预算保护 cash=0 aav帽=ok aav=2)
[20:59:26] t=3384 jev VEH HARV HOLD (预算保护 cash=0 aav帽=ok aav=2)
[20:59:26] t=3384 MOVE assault x8 -> 攻击目标#2518@(71,105); t=3384 SIEGE 拔防御壳 x8 -> #2518@(71,105)
[20:59:26] {"kind": "action", "what": "attack_obj", "name": null, "qty": null, "tid": 2518, "ts": "20:59:26"}
[20:59:28] t=3387 jev VEH HARV HOLD (预算保护 cash=0 aav帽=ok aav=2)
[20:59:30] t=3389 jev VEH HARV HOLD (预算保护 cash=0 aav帽=ok aav=2)
[20:59:32] t=3392 jev VEH HARV HOLD (预算保护 cash=0 aav帽=ok aav=2)
[20:59:32] t=3392 MOVE raid x2 -> (81,120); t=3392 SIEGE 拔防御壳 x8 -> #2518@(71,105); aahunt x2 -> (125,84)
[20:59:32] {"kind": "action", "what": "attack_move", "name": null, "qty": null, "tid": null, "ts": "20:59:32"}
[20:59:32] {"kind": "action", "what": "attack_move", "name": null, "qty": null, "tid": null, "ts": "20:59:32"}
[20:59:34] t=3395 jev VEH HARV HOLD (预算保护 cash=0 aav帽=ok aav=2)
[20:59:34] t=3395 MOVE raid x2 -> (80,119); t=3395 SIEGE 拔防御壳 x8 -> #2518@(71,105)
[20:59:34] {"kind": "action", "what": "attack_move", "name": null, "qty": null, "tid": null, "ts": "20:59:34"}
[20:59:36] t=3398 jev VEH HARV HOLD (预算保护 cash=0 aav帽=ok aav=2)
[20:59:38] t=3400 jev VEH HARV HOLD (预算保护 cash=0 aav帽=ok aav=2)
[20:59:38] t=3400 MOVE assault x8 -> 攻击目标#2518@(71,105); t=3400 SIEGE 拔防御壳 x8 -> #2518@(71,105)
[20:59:38] {"kind": "action", "what": "attack_obj", "name": null, "qty": null, "tid": 2518, "ts": "20:59:38"}
[20:59:40] t=3403 jev VEH HARV HOLD (预算保护 cash=0 aav帽=ok aav=2)
[20:59:40] t=3403 MOVE raid x2 -> (81,120); t=3403 SIEGE 拔防御壳 x8 -> #2518@(71,105)
[20:59:40] {"kind": "action", "what": "attack_move", "name": null, "qty": null, "tid": null, "ts": "20:59:40"}
[20:59:41] t=3406 ESCORT 坦克#5122 -> 护航矿车@[102, 99]
[20:59:41] {"kind": "action", "what": "attack_move", "name": null, "qty": null, "tid": null, "ts": "20:59:41"}
[20:59:42] t=3406 jev VEH HARV HOLD (预算保护 cash=0 aav帽=ok aav=2)
[20:59:42] t=3406 MOVE raid x2 -> (80,119); t=3406 SIEGE 拔防御壳 x8 -> #2518@(71,105)
[20:59:42] {"kind": "action", "what": "attack_move", "name": null, "qty": null, "tid": null, "ts": "20:59:42"}
[20:59:44] t=3409 jev VEH HARV HOLD (预算保护 cash=0 aav帽=ok aav=2)
[20:59:46] t=3411 jev VEH HARV HOLD (预算保护 cash=0 aav帽=ok aav=2)
[20:59:47] t=3414 ALARM unit lost -> 攻势保持（塔阵守家, 前线 12 个单位继续进攻）
[20:59:49] t=3414 jev VEH HARV HOLD (预算保护 cash=0 aav帽=ok aav=2)
[20:59:49] t=3414 MOVE raid x1 -> (81,120); assault x7 -> (137,82); t=3414 SIEGE STAGING x7/8 (攒兵团, 齐冲再上); hold_b x1 -> (126,75)
[20:59:49] {"kind": "action", "what": "attack_move", "name": null, "qty": null, "tid": null, "ts": "20:59:49"}
[20:59:49] {"kind": "action", "what": "attack_move", "name": null, "qty": null, "tid": null, "ts": "20:59:49"}
[20:59:49] {"kind": "action", "what": "attack_move", "name": null, "qty": null, "tid": null, "ts": "20:59:49"}
[20:59:51] t=3417 jev VEH HARV HOLD (预算保护 cash=0 aav帽=ok aav=2)
[20:59:53] t=3420 jev VEH HARV HOLD (预算保护 cash=225 aav帽=ok aav=2)
[20:59:53] t=3420 MOVE raid x1 -> (80,119); t=3420 SIEGE STAGING x7/8 (攒兵团, 齐冲再上)
[20:59:53] {"kind": "action", "what": "attack_move", "name": null, "qty": null, "tid": null, "ts": "20:59:53"}
[20:59:55] t=3422 jev VEH HARV HOLD (预算保护 cash=225 aav帽=ok aav=2)
[20:59:57] t=3425 jev VEH HARV HOLD (预算保护 cash=225 aav帽=ok aav=2)
[20:59:59] t=3428 jev VEH HARV HOLD (预算保护 cash=300 aav帽=ok aav=2)
[20:59:59] t=3428 tick#1175 credits=300 stance=attack | jev 1175 decisions p50=1859ms
[20:59:59] t=3431 ALARM unit lost -> 攻势保持（塔阵守家, 前线 11 个单位继续进攻）
[21:00:01] t=3431 jev VEH HTNK HOLD (预算保护 cash=300 aav帽=ok aav=2)
[21:00:01] t=3431 MOVE assault x6 -> (137,82); t=3431 SIEGE STAGING x6/8 (攒兵团, 齐冲再上)
[21:00:01] {"kind": "action", "what": "attack_move", "name": null, "qty": null, "tid": null, "ts": "21:00:01"}
[21:00:03] t=3433 jev VEH DRON HOLD (预算保护 cash=300 aav帽=ok aav=2)
[21:00:03] t=3433 MOVE t=3433 SIEGE STAGING x6/8 (攒兵团, 齐冲再上); hold_a x2 -> (133,86); aahunt x2 -> (125,84)
[21:00:03] {"kind": "action", "what": "attack_move", "name": null, "qty": null, "tid": null, "ts": "21:00:03"}
[21:00:03] {"kind": "action", "what": "attack_move", "name": null, "qty": null, "tid": null, "ts": "21:00:03"}
[21:00:05] t=3436 jev VEH HTNK HOLD (预算保护 cash=300 aav帽=ok aav=2)
[21:00:07] t=3439 jev VEH HTNK HOLD (预算保护 cash=675 aav帽=ok aav=2)
[21:00:07] t=3442 HARASS DRON x2 (have 0)
[21:00:07] {"kind": "action", "what": "produce", "name": "DRON", "qty": 2, "tid": null, "ts": "21:00:07"}
[21:00:13] t=3447 MOVE assault x6 -> (137,82); t=3447 SIEGE STAGING x6/8 (攒兵团, 齐冲再上)
[21:00:13] {"kind": "action", "what": "attack_move", "name": null, "qty": null, "tid": null, "ts": "21:00:13"}
[21:00:15] t=3450 MOVE raid x1 -> (81,120); t=3450 SIEGE STAGING x7/8 (攒兵团, 齐冲再上)
[21:00:15] {"kind": "action", "what": "attack_move", "name": null, "qty": null, "tid": null, "ts": "21:00:15"}
[21:00:18] t=3455 ESCORT 坦克#4893 -> 护航矿车@[121, 104]
[21:00:18] {"kind": "action", "what": "attack_move", "name": null, "qty": null, "tid": null, "ts": "21:00:18"}
[21:00:21] t=3458 jev VEH HARV HOLD (预算保护 cash=625 aav帽=ok aav=2)
[21:00:21] t=3458 MOVE assault x8 -> 攻击目标#2518@(71,105); t=3458 SIEGE 拔防御壳 x8 -> #2518@(71,105)
[21:00:21] {"kind": "action", "what": "attack_obj", "name": null, "qty": null, "tid": 2518, "ts": "21:00:21"}
[21:00:23] t=3461 jev VEH HARV HOLD (预算保护 cash=625 aav帽=ok aav=2)
[21:00:26] t=3463 jev VEH HARV HOLD (预算保护 cash=625 aav帽=ok aav=2)
[21:00:28] t=3466 jev VEH HARV HOLD (预算保护 cash=625 aav帽=ok aav=2)
[21:00:30] t=3469 jev VEH HARV HOLD (预算保护 cash=625 aav帽=ok aav=2)
[21:00:32] t=3472 jev VEH HARV HOLD (预算保护 cash=625 aav帽=ok aav=2)
[21:00:34] t=3474 jev VEH HARV HOLD (预算保护 cash=625 aav帽=ok aav=2)
[21:00:34] t=3474 MOVE assault x8 -> 攻击目标#2518@(71,105); t=3474 SIEGE 拔防御壳 x8 -> #2518@(71,105); aahunt x2 -> (125,84)
[21:00:34] {"kind": "action", "what": "attack_obj", "name": null, "qty": null, "tid": 2518, "ts": "21:00:34"}
[21:00:34] {"kind": "action", "what": "attack_move", "name": null, "qty": null, "tid": null, "ts": "21:00:34"}
[21:00:36] t=3477 jev VEH HARV HOLD (预算保护 cash=625 aav帽=ok aav=2)
[21:00:36] t=3477 MOVE raid x2 -> (81,120); t=3477 SIEGE 拔防御壳 x8 -> #2518@(71,105)
[21:00:36] {"kind": "action", "what": "attack_move", "name": null, "qty": null, "tid": null, "ts": "21:00:36"}
[21:00:38] t=3480 jev VEH HARV HOLD (预算保护 cash=625 aav帽=ok aav=2)
[21:00:40] t=3483 jev VEH HARV HOLD (预算保护 cash=625 aav帽=ok aav=2)
[21:00:40] t=3483 MOVE raid x2 -> (80,119); t=3483 SIEGE 拔防御壳 x8 -> #2518@(71,105)
[21:00:40] {"kind": "action", "what": "attack_move", "name": null, "qty": null, "tid": null, "ts": "21:00:40"}
[21:00:42] t=3485 jev VEH HARV HOLD (预算保护 cash=625 aav帽=ok aav=2)
[21:00:42] t=3488 TANK HTNK x2
[21:00:42] {"kind": "action", "what": "produce", "name": "HTNK", "qty": 2, "tid": null, "ts": "21:00:42"}
[21:00:46] t=3491 MOVE assault x8 -> 攻击目标#2518@(71,105); t=3491 SIEGE 拔防御壳 x8 -> #2518@(71,105)
[21:00:46] {"kind": "action", "what": "attack_obj", "name": null, "qty": null, "tid": 2518, "ts": "21:00:46"}
[21:00:49] t=3497 ESCORT 坦克#4893 -> 护航矿车@[117, 134]
[21:00:49] {"kind": "action", "what": "attack_move", "name": null, "qty": null, "tid": null, "ts": "21:00:49"}
[21:00:50] t=3497 MOVE t=3497 SIEGE 拔防御壳 x8 -> #2518@(71,105); hold_b x1 -> (126,75)
[21:00:50] {"kind": "action", "what": "attack_move", "name": null, "qty": null, "tid": null, "ts": "21:00:50"}
[21:00:50] t=3497 tick#1200 credits=1334 stance=attack | jev 1200 decisions p50=1838ms
[21:00:59] t=3508 MOVE assault x9 -> 攻击目标#2518@(71,105); t=3508 SIEGE 拔防御壳 x9 -> #2518@(71,105)
[21:00:59] {"kind": "action", "what": "attack_obj", "name": null, "qty": null, "tid": 2518, "ts": "21:00:59"}
[21:01:01] t=3510 MOVE raid x2 -> (80,119); t=3510 SIEGE 拔防御壳 x9 -> #2518@(71,105)
[21:01:01] {"kind": "action", "what": "attack_move", "name": null, "qty": null, "tid": null, "ts": "21:01:01"}
[21:01:05] t=3516 MOVE t=3516 SIEGE 拔防御壳 x9 -> #2518@(71,105); hold_a x2 -> (133,86); aahunt x2 -> (125,84)
[21:01:05] {"kind": "action", "what": "attack_move", "name": null, "qty": null, "tid": null, "ts": "21:01:05"}
[21:01:05] {"kind": "action", "what": "attack_move", "name": null, "qty": null, "tid": null, "ts": "21:01:05"}
[21:01:07] t=3519 MOVE t=3519 GHOST detected #2518@[71, 105] (集火150gs不倒, 拉黑); assault x9 -> 攻击目标#2641@(69,105); t=3519 SIEGE 拔防御壳 x9 -> #2641@(69,105)
[21:01:07] {"kind": "action", "what": "attack_obj", "name": null, "qty": null, "tid": 2641, "ts": "21:01:07"}
[21:01:13] t=3527 jev VEH HARV HOLD (预算保护 cash=175 aav帽=ok aav=2)
[21:01:13] t=3530 ALARM unit lost -> 攻势保持（塔阵守家, 前线 11 个单位继续进攻）
[21:01:13] t=3530 RETREAT HTNK(32%)
[21:01:13] {"kind": "action", "what": "move", "name": null, "qty": null, "tid": null, "ts": "21:01:13"}
[21:01:15] t=3530 jev VEH HTNK HOLD (预算保护 cash=175 aav帽=ok aav=2)
[21:01:17] t=3532 jev VEH HTNK HOLD (预算保护 cash=175 aav帽=ok aav=2)
[21:01:19] t=3535 jev VEH HTNK HOLD (预算保护 cash=175 aav帽=ok aav=2)
[21:01:19] t=3535 MOVE assault x8 -> 攻击目标#2641@(69,105); t=3535 SIEGE 拔防御壳 x8 -> #2641@(69,105)
[21:01:19] {"kind": "action", "what": "attack_obj", "name": null, "qty": null, "tid": 2641, "ts": "21:01:19"}
[21:01:20] t=3538 ESCORT 坦克#4893 -> 护航矿车@[119, 130]
[21:01:20] {"kind": "action", "what": "attack_move", "name": null, "qty": null, "tid": null, "ts": "21:01:20"}
[21:01:21] t=3538 jev VEH HTNK HOLD (预算保护 cash=175 aav帽=ok aav=2)
[21:01:24] t=3541 jev VEH HTNK HOLD (预算保护 cash=175 aav帽=ok aav=2)
[21:01:26] t=3544 jev VEH HTNK HOLD (预算保护 cash=250 aav帽=ok aav=2)
[21:01:26] t=3546 RETREAT HTNK(38%)
[21:01:26] {"kind": "action", "what": "move", "name": null, "qty": null, "tid": null, "ts": "21:01:26"}
[21:01:28] t=3546 jev VEH HTNK HOLD (预算保护 cash=250 aav帽=ok aav=2)
[21:01:28] t=3549 ALARM unit lost -> 攻势保持（塔阵守家, 前线 7 个单位继续进攻）
[21:01:30] t=3549 jev VEH HTNK HOLD (预算保护 cash=250 aav帽=ok aav=2)
[21:01:30] t=3549 MOVE assault x7 -> (137,82); t=3549 SIEGE STAGING x7/8 (攒兵团, 齐冲再上)
[21:01:30] {"kind": "action", "what": "attack_move", "name": null, "qty": null, "tid": null, "ts": "21:01:30"}
[21:01:32] t=3552 jev VEH HTNK HOLD (预算保护 cash=550 aav帽=ok aav=2)
[21:01:34] t=3555 jev VEH HTNK HOLD (预算保护 cash=550 aav帽=ok aav=2)
[21:01:36] t=3557 jev VEH HTNK HOLD (预算保护 cash=550 aav帽=ok aav=2)
[21:01:36] t=3557 MOVE t=3557 SIEGE STAGING x7/8 (攒兵团, 齐冲再上); aahunt x2 -> (125,84)
[21:01:36] {"kind": "action", "what": "attack_move", "name": null, "qty": null, "tid": null, "ts": "21:01:36"}
[21:01:36] t=3560 ALARM unit lost -> 攻势保持（塔阵守家, 前线 10 个单位继续进攻）
[21:01:38] t=3560 jev VEH HTNK HOLD (预算保护 cash=550 aav帽=ok aav=2)
[21:01:40] t=3563 jev VEH HTNK HOLD (预算保护 cash=550 aav帽=ok aav=2)
[21:01:42] t=3566 jev VEH HTNK HOLD (预算保护 cash=550 aav帽=ok aav=2)
[21:01:42] t=3566 MOVE assault x6 -> (137,82); t=3566 SIEGE STAGING x6/8 (攒兵团, 齐冲再上)
[21:01:42] {"kind": "action", "what": "attack_move", "name": null, "qty": null, "tid": null, "ts": "21:01:42"}
[21:01:42] t=3566 tick#1225 credits=550 stance=attack | jev 1225 decisions p50=1820ms
[21:01:44] t=3568 jev VEH HTNK HOLD (预算保护 cash=550 aav帽=ok aav=2)
[21:01:45] t=3571 RETREAT HTNK(8%)
[21:01:45] {"kind": "action", "what": "move", "name": null, "qty": null, "tid": null, "ts": "21:01:45"}
[21:01:46] t=3571 jev VEH HTNK HOLD (预算保护 cash=550 aav帽=ok aav=2)
[21:01:48] t=3574 jev VEH HTNK HOLD (预算保护 cash=550 aav帽=ok aav=2)
[21:01:50] t=3577 jev VEH HTNK HOLD (预算保护 cash=550 aav帽=ok aav=2)
[21:01:50] t=3577 MOVE t=3577 SIEGE STAGING x6/8 (攒兵团, 齐冲再上); hold_b x1 -> (126,75)
[21:01:50] {"kind": "action", "what": "attack_move", "name": null, "qty": null, "tid": null, "ts": "21:01:50"}
[21:01:51] t=3579 ESCORT 坦克#5096 -> 护航矿车@[120, 109]
[21:01:51] {"kind": "action", "what": "attack_move", "name": null, "qty": null, "tid": null, "ts": "21:01:51"}
[21:01:53] t=3579 jev VEH HTNK HOLD (预算保护 cash=550 aav帽=ok aav=2)
[21:01:55] t=3582 jev VEH HTNK HOLD (预算保护 cash=550 aav帽=ok aav=2)
[21:01:55] t=3582 MOVE assault x6 -> (137,82); t=3582 SIEGE STAGING x6/8 (攒兵团, 齐冲再上)
[21:01:55] {"kind": "action", "what": "attack_move", "name": null, "qty": null, "tid": null, "ts": "21:01:55"}
[21:01:57] t=3585 jev VEH HTNK HOLD (预算保护 cash=550 aav帽=ok aav=2)
[21:01:59] t=3588 jev VEH HTNK HOLD (预算保护 cash=550 aav帽=ok aav=2)
[21:02:01] t=3590 jev VEH HTNK HOLD (预算保护 cash=550 aav帽=ok aav=2)
[21:02:03] t=3593 jev VEH HTNK HOLD (预算保护 cash=550 aav帽=ok aav=2)
[21:02:05] t=3596 jev VEH HTNK HOLD (预算保护 cash=550 aav帽=ok aav=2)
[21:02:05] t=3596 MOVE t=3596 SIEGE STAGING x6/8 (攒兵团, 齐冲再上); hold_a x2 -> (133,86)
[21:02:05] {"kind": "action", "what": "attack_move", "name": null, "qty": null, "tid": null, "ts": "21:02:05"}
[21:02:07] t=3599 jev VEH HTNK HOLD (预算保护 cash=550 aav帽=ok aav=2)
[21:02:07] t=3599 MOVE assault x6 -> (137,82); t=3599 SIEGE STAGING x6/8 (攒兵团, 齐冲再上); aahunt x2 -> (125,84)
[21:02:07] {"kind": "action", "what": "attack_move", "name": null, "qty": null, "tid": null, "ts": "21:02:07"}
[21:02:07] {"kind": "action", "what": "attack_move", "name": null, "qty": null, "tid": null, "ts": "21:02:07"}
[21:02:09] t=3602 jev VEH HTNK HOLD (预算保护 cash=550 aav帽=ok aav=2)
[21:02:11] t=3604 jev VEH HTNK HOLD (预算保护 cash=550 aav帽=ok aav=2)
[21:02:13] t=3607 jev VEH HTNK HOLD (预算保护 cash=550 aav帽=ok aav=2)
[21:02:15] t=3610 jev VEH HTNK HOLD (预算保护 cash=550 aav帽=ok aav=2)
[21:02:17] t=3612 jev VEH HTNK HOLD (预算保护 cash=550 aav帽=ok aav=2)
[21:02:19] t=3615 jev VEH HTNK HOLD (预算保护 cash=550 aav帽=ok aav=2)
[21:02:19] t=3615 MOVE assault x6 -> (137,82); t=3615 SIEGE STAGING x6/8 (攒兵团, 齐冲再上)
[21:02:19] {"kind": "action", "what": "attack_move", "name": null, "qty": null, "tid": null, "ts": "21:02:19"}
[21:02:21] t=3618 jev VEH HTNK HOLD (预算保护 cash=550 aav帽=ok aav=2)
[21:02:22] t=3621 ESCORT 坦克#5092 -> 护航矿车@[102, 99]
[21:02:22] {"kind": "action", "what": "attack_move", "name": null, "qty": null, "tid": null, "ts": "21:02:22"}
[21:02:23] t=3621 jev VEH HTNK HOLD (预算保护 cash=550 aav帽=ok aav=2)
[21:02:25] t=3623 jev VEH HTNK HOLD (预算保护 cash=550 aav帽=ok aav=2)
[21:02:27] t=3626 jev VEH HTNK HOLD (预算保护 cash=550 aav帽=ok aav=2)
[21:02:30] t=3629 jev VEH HTNK HOLD (预算保护 cash=550 aav帽=ok aav=2)
[21:02:32] t=3632 jev VEH HTNK HOLD (预算保护 cash=625 aav帽=ok aav=2)
[21:02:32] t=3632 MOVE assault x6 -> (137,82); t=3632 SIEGE STAGING x6/8 (攒兵团, 齐冲再上)
[21:02:32] {"kind": "action", "what": "attack_move", "name": null, "qty": null, "tid": null, "ts": "21:02:32"}
[21:02:34] t=3634 jev VEH HTNK HOLD (预算保护 cash=625 aav帽=ok aav=2)
[21:02:34] t=3634 tick#1250 credits=625 stance=attack | jev 1250 decisions p50=1797ms
[21:02:34] t=3637 HARASS DRON x2 (have 0)
[21:02:34] {"kind": "action", "what": "produce", "name": "DRON", "qty": 2, "tid": null, "ts": "21:02:34"}
[21:02:38] t=3640 MOVE t=3640 SIEGE STAGING x6/8 (攒兵团, 齐冲再上); aahunt x2 -> (125,84)
[21:02:38] {"kind": "action", "what": "attack_move", "name": null, "qty": null, "tid": null, "ts": "21:02:38"}
[21:02:42] t=3645 MOVE raid x1 -> (81,120); t=3645 SIEGE STAGING x7/8 (攒兵团, 齐冲再上)
[21:02:42] {"kind": "action", "what": "attack_move", "name": null, "qty": null, "tid": null, "ts": "21:02:42"}
[21:02:44] t=3648 MOVE assault x7 -> (137,82); t=3648 SIEGE STAGING x7/8 (攒兵团, 齐冲再上)
[21:02:44] {"kind": "action", "what": "attack_move", "name": null, "qty": null, "tid": null, "ts": "21:02:44"}
[21:02:48] t=3654 jev VEH HTNK HOLD (预算保护 cash=275 aav帽=ok aav=2)
[21:02:48] t=3654 MOVE assault x8 -> 攻击目标#2641@(69,105); t=3654 SIEGE 拔防御壳 x8 -> #2641@(69,105)
[21:02:48] {"kind": "action", "what": "attack_obj", "name": null, "qty": null, "tid": 2641, "ts": "21:02:48"}
[21:02:50] t=3656 jev BUILD NATECH HOLD (资金闸门: 坦克优先, cash=275)
[21:02:50] t=3656 jev VEH HTNK HOLD (预算保护 cash=275 aav帽=ok aav=2)
[21:02:52] t=3659 jev BUILD NATECH HOLD (资金闸门: 坦克优先, cash=275)
[21:02:52] t=3659 jev VEH HARV HOLD (预算保护 cash=275 aav帽=ok aav=2)
[21:02:52] t=3659 MOVE t=3659 SIEGE 拔防御壳 x8 -> #2641@(69,105); hold_b x1 -> (126,75)
[21:02:52] {"kind": "action", "what": "attack_move", "name": null, "qty": null, "tid": null, "ts": "21:02:52"}
[21:02:52] t=3662 ESCORT 坦克#5092 -> 护航矿车@[89, 126]
[21:02:53] {"kind": "action", "what": "attack_move", "name": null, "qty": null, "tid": null, "ts": "21:02:53"}
[21:02:54] t=3662 jev BUILD NATECH HOLD (资金闸门: 坦克优先, cash=275)
[21:02:54] t=3662 jev VEH HTNK HOLD (预算保护 cash=275 aav帽=ok aav=2)
[21:02:56] t=3665 jev BUILD NATECH HOLD (资金闸门: 坦克优先, cash=275)
[21:02:56] t=3665 jev VEH HTNK HOLD (预算保护 cash=275 aav帽=ok aav=2)
[21:02:58] t=3667 jev BUILD NATECH HOLD (资金闸门: 坦克优先, cash=275)
[21:02:58] t=3667 jev VEH HTNK HOLD (预算保护 cash=275 aav帽=ok aav=2)
[21:03:00] t=3670 jev BUILD NATECH HOLD (资金闸门: 坦克优先, cash=275)
[21:03:00] t=3670 jev VEH HTNK HOLD (预算保护 cash=275 aav帽=ok aav=2)
[21:03:00] t=3670 MOVE t=3670 GHOST detected #2641@[69, 105] (集火150gs不倒, 拉黑); assault x8 -> 攻击目标#1116@(83,126); t=3670 SIEGE 清建筑 x8 -> #1116@(83,126)
[21:03:01] {"kind": "action", "what": "attack_obj", "name": null, "qty": null, "tid": 1116, "ts": "21:03:01"}
[21:03:03] t=3673 jev BUILD NATECH HOLD (资金闸门: 坦克优先, cash=275)
[21:03:03] t=3673 jev VEH HTNK HOLD (预算保护 cash=275 aav帽=ok aav=2)
[21:03:03] t=3673 MOVE raid x2 -> (81,120); t=3673 SIEGE 清建筑 x8 -> #1116@(83,126)
[21:03:03] {"kind": "action", "what": "attack_move", "name": null, "qty": null, "tid": null, "ts": "21:03:03"}
[21:03:05] t=3676 jev BUILD NATECH HOLD (资金闸门: 坦克优先, cash=275)
[21:03:05] t=3676 jev VEH HTNK HOLD (预算保护 cash=275 aav帽=ok aav=2)
[21:03:07] t=3678 jev BUILD NATECH HOLD (资金闸门: 坦克优先, cash=275)
[21:03:07] t=3678 jev VEH HTNK HOLD (预算保护 cash=275 aav帽=ok aav=2)
[21:03:07] t=3678 MOVE t=3678 SIEGE 清建筑 x8 -> #1116@(83,126); hold_a x2 -> (133,86)
[21:03:07] {"kind": "action", "what": "attack_move", "name": null, "qty": null, "tid": null, "ts": "21:03:07"}
[21:03:09] t=3681 jev BUILD NATECH HOLD (资金闸门: 坦克优先, cash=275)
[21:03:09] t=3681 jev VEH HTNK HOLD (预算保护 cash=275 aav帽=ok aav=2)
[21:03:09] t=3681 MOVE t=3681 SIEGE 清建筑 x8 -> #1116@(83,126); aahunt x2 -> (125,84)
[21:03:09] {"kind": "action", "what": "attack_move", "name": null, "qty": null, "tid": null, "ts": "21:03:09"}
[21:03:11] t=3684 jev BUILD NATECH HOLD (资金闸门: 坦克优先, cash=275)
[21:03:11] t=3684 jev VEH HTNK HOLD (预算保护 cash=275 aav帽=ok aav=2)
[21:03:13] t=3687 jev BUILD NATECH HOLD (资金闸门: 坦克优先, cash=275)
[21:03:13] t=3687 jev VEH HTNK HOLD (预算保护 cash=275 aav帽=ok aav=2)
[21:03:13] t=3687 MOVE assault x8 -> 攻击目标#1800@(71,110); t=3687 SIEGE 清建筑 x8 -> #1800@(71,110)
[21:03:13] {"kind": "action", "what": "attack_obj", "name": null, "qty": null, "tid": 1800, "ts": "21:03:13"}
[21:03:13] t=3689 ALARM unit lost -> 攻势保持（塔阵守家, 前线 11 个单位继续进攻）
[21:03:15] t=3689 jev VEH HARV HOLD (预算保护 cash=275 aav帽=ok aav=2)
[21:03:15] t=3689 MOVE raid x1 -> (80,119); t=3689 SIEGE 清建筑 x7 -> #1800@(71,110)
[21:03:15] {"kind": "action", "what": "attack_move", "name": null, "qty": null, "tid": null, "ts": "21:03:15"}
[21:03:17] t=3692 jev VEH HARV HOLD (预算保护 cash=275 aav帽=ok aav=2)
[21:03:19] t=3695 jev VEH HARV HOLD (预算保护 cash=275 aav帽=ok aav=2)
[21:03:21] t=3698 jev VEH HTNK HOLD (预算保护 cash=275 aav帽=ok aav=2)
[21:03:23] t=3700 jev VEH HARV HOLD (预算保护 cash=275 aav帽=ok aav=2)
[21:03:23] t=3703 ESCORT 坦克#5096 -> 护航矿车@[119, 131]
[21:03:23] {"kind": "action", "what": "attack_move", "name": null, "qty": null, "tid": null, "ts": "21:03:23"}
[21:03:25] t=3703 jev VEH HARV HOLD (预算保护 cash=275 aav帽=ok aav=2)
[21:03:25] t=3703 MOVE assault x7 -> 攻击目标#1800@(71,110); t=3703 SIEGE 清建筑 x7 -> #1800@(71,110)
[21:03:25] {"kind": "action", "what": "attack_obj", "name": null, "qty": null, "tid": 1800, "ts": "21:03:25"}
[21:03:25] t=3703 tick#1275 credits=275 stance=attack | jev 1275 decisions p50=1786ms
[21:03:28] t=3706 jev VEH HARV HOLD (预算保护 cash=275 aav帽=ok aav=2)
[21:03:30] t=3709 jev VEH HARV HOLD (预算保护 cash=275 aav帽=ok aav=2)
[21:03:32] t=3712 jev VEH HARV HOLD (预算保护 cash=275 aav帽=ok aav=2)
[21:03:34] t=3714 jev VEH HARV HOLD (预算保护 cash=275 aav帽=ok aav=2)
[21:03:34] t=3714 MOVE raid x1 -> (81,120); t=3714 SIEGE 清建筑 x7 -> #1800@(71,110)
[21:03:34] {"kind": "action", "what": "attack_move", "name": null, "qty": null, "tid": null, "ts": "21:03:34"}
[21:03:34] t=3717 ALARM unit lost -> 攻势保持（塔阵守家, 前线 11 个单位继续进攻）
[21:03:36] t=3717 jev VEH HARV HOLD (预算保护 cash=275 aav帽=ok aav=2)
[21:03:38] t=3720 jev VEH HARV HOLD (预算保护 cash=275 aav帽=ok aav=2)
[21:03:38] t=3720 MOVE assault x6 -> 攻击目标#1800@(71,110); t=3720 SIEGE 清建筑 x6 -> #1800@(71,110)
[21:03:38] {"kind": "action", "what": "attack_obj", "name": null, "qty": null, "tid": 1800, "ts": "21:03:38"}
[21:03:40] t=3722 jev VEH HARV HOLD (预算保护 cash=275 aav帽=ok aav=2)
[21:03:40] t=3722 MOVE raid x1 -> (80,119); t=3722 SIEGE 清建筑 x6 -> #1800@(71,110); aahunt x2 -> (125,84)
[21:03:40] {"kind": "action", "what": "attack_move", "name": null, "qty": null, "tid": null, "ts": "21:03:40"}
[21:03:40] {"kind": "action", "what": "attack_move", "name": null, "qty": null, "tid": null, "ts": "21:03:40"}
[21:03:42] t=3725 jev VEH HARV HOLD (预算保护 cash=275 aav帽=ok aav=2)
[21:03:44] t=3728 jev VEH HARV HOLD (预算保护 cash=275 aav帽=ok aav=2)
[21:03:46] t=3731 jev VEH HARV HOLD (预算保护 cash=275 aav帽=ok aav=2)
[21:03:48] t=3733 jev VEH HARV HOLD (预算保护 cash=275 aav帽=ok aav=2)
[21:03:50] t=3736 jev VEH HARV HOLD (预算保护 cash=275 aav帽=ok aav=2)
[21:03:50] t=3736 MOVE assault x6 -> 攻击目标#1800@(71,110); t=3736 SIEGE 清建筑 x6 -> #1800@(71,110)
[21:03:50] {"kind": "action", "what": "attack_obj", "name": null, "qty": null, "tid": 1800, "ts": "21:03:50"}
[21:03:52] t=3739 jev VEH HARV HOLD (预算保护 cash=275 aav帽=ok aav=2)
[21:03:54] t=3742 jev VEH HARV HOLD (预算保护 cash=275 aav帽=ok aav=2)
[21:03:54] t=3742 MOVE t=3742 SIEGE 清建筑 x6 -> #1800@(71,110); hold_b x1 -> (126,75)
[21:03:54] {"kind": "action", "what": "attack_move", "name": null, "qty": null, "tid": null, "ts": "21:03:54"}
[21:03:54] t=3744 ESCORT 坦克#5142 -> 护航矿车@[120, 113]
[21:03:54] {"kind": "action", "what": "attack_move", "name": null, "qty": null, "tid": null, "ts": "21:03:54"}
[21:03:56] t=3744 jev VEH HARV HOLD (预算保护 cash=650 aav帽=ok aav=2)
[21:03:58] t=3747 jev VEH HARV HOLD (预算保护 cash=650 aav帽=ok aav=2)
[21:04:00] t=3750 jev VEH HARV HOLD (预算保护 cash=650 aav帽=ok aav=2)
[21:04:00] t=3750 MOVE raid x1 -> (80,119); t=3750 SIEGE 清建筑 x6 -> #1800@(71,110)
[21:04:00] {"kind": "action", "what": "attack_move", "name": null, "qty": null, "tid": null, "ts": "21:04:00"}
[21:04:02] t=3753 jev VEH HARV HOLD (预算保护 cash=650 aav帽=ok aav=2)
[21:04:02] t=3753 MOVE assault x6 -> 攻击目标#1800@(71,110); t=3753 SIEGE 清建筑 x6 -> #1800@(71,110)
[21:04:02] {"kind": "action", "what": "attack_obj", "name": null, "qty": null, "tid": 1800, "ts": "21:04:02"}
[21:04:05] t=3755 jev VEH HARV HOLD (预算保护 cash=650 aav帽=ok aav=2)
[21:04:08] t=3758 jev VEH HARV HOLD (预算保护 cash=650 aav帽=ok aav=2)
[21:04:08] t=3758 MOVE t=3758 SIEGE 清建筑 x6 -> #1800@(71,110); hold_a x2 -> (133,86)
[21:04:08] {"kind": "action", "what": "attack_move", "name": null, "qty": null, "tid": null, "ts": "21:04:08"}
[21:04:10] t=3762 jev VEH HARV HOLD (预算保护 cash=650 aav帽=ok aav=2)
[21:04:10] t=3762 MOVE t=3762 SIEGE 清建筑 x6 -> #1800@(71,110); aahunt x2 -> (125,84)
[21:04:10] {"kind": "action", "what": "attack_move", "name": null, "qty": null, "tid": null, "ts": "21:04:10"}
[21:04:10] t=3765 HARASS DRON x2 (have 1)
[21:04:10] {"kind": "action", "what": "produce", "name": "DRON", "qty": 2, "tid": null, "ts": "21:04:10"}
[21:04:16] t=3770 MOVE assault x6 -> 攻击目标#1800@(71,110); t=3770 SIEGE 清建筑 x6 -> #1800@(71,110)
[21:04:16] {"kind": "action", "what": "attack_obj", "name": null, "qty": null, "tid": 1800, "ts": "21:04:16"}
[21:04:18] t=3773 MOVE raid x2 -> (81,120); t=3773 SIEGE 清建筑 x7 -> #1800@(71,110)
[21:04:18] {"kind": "action", "what": "attack_move", "name": null, "qty": null, "tid": null, "ts": "21:04:18"}
[21:04:20] t=3776 tick#1300 credits=726 stance=attack | jev 1300 decisions p50=1778ms
[21:04:25] t=3782 jev VEH HARV HOLD (预算保护 cash=525 aav帽=ok aav=2)
[21:04:25] t=3785 ALARM unit lost -> 攻势保持（塔阵守家, 前线 9 个单位继续进攻）
[21:04:28] t=3785 jev VEH HARV HOLD (预算保护 cash=525 aav帽=ok aav=2)
[21:04:28] t=3785 MOVE assault x7 -> 攻击目标#1800@(71,110); t=3785 SIEGE 清建筑 x7 -> #1800@(71,110)
[21:04:28] {"kind": "action", "what": "attack_obj", "name": null, "qty": null, "tid": 1800, "ts": "21:04:28"}
[21:04:30] t=3790 jev VEH HARV HOLD (预算保护 cash=525 aav帽=ok aav=2)
[21:04:33] t=3793 jev BUILD NATECH HOLD (资金闸门: 坦克优先, cash=525)
[21:04:33] t=3793 jev VEH HTNK HOLD (预算保护 cash=525 aav帽=ok aav=2)
[21:04:33] t=3793 MOVE raid x3 -> (80,119); t=3793 SIEGE 清建筑 x7 -> #1800@(71,110)
[21:04:33] {"kind": "action", "what": "attack_move", "name": null, "qty": null, "tid": null, "ts": "21:04:33"}
[21:04:36] t=3797 jev BUILD NATECH HOLD (资金闸门: 坦克优先, cash=675)
[21:04:36] t=3797 jev VEH HTNK HOLD (预算保护 cash=675 aav帽=ok aav=2)
[21:04:36] t=3800 ESCORT 坦克#5142 -> 护航矿车@[85, 99]
[21:04:36] {"kind": "action", "what": "attack_move", "name": null, "qty": null, "tid": null, "ts": "21:04:36"}
[21:04:40] t=3800 jev VEH HTNK HOLD (预算保护 cash=675 aav帽=ok aav=2)
[21:04:40] t=3800 MOVE assault x7 -> 攻击目标#1046@(71,114); t=3800 SIEGE 清建筑 x7 -> #1046@(71,114)
[21:04:40] {"kind": "action", "what": "attack_obj", "name": null, "qty": null, "tid": 1046, "ts": "21:04:40"}
[21:04:40] t=3805 ALARM unit lost -> 攻势保持（塔阵守家, 前线 8 个单位继续进攻）
[21:04:42] t=3805 jev VEH HARV HOLD (预算保护 cash=675 aav帽=ok aav=2)
[21:04:42] t=3805 MOVE t=3805 SIEGE 清建筑 x6 -> #1046@(71,114); aahunt x2 -> (125,84)
[21:04:42] {"kind": "action", "what": "attack_move", "name": null, "qty": null, "tid": null, "ts": "21:04:42"}
[21:04:44] t=3808 jev VEH HARV HOLD (预算保护 cash=675 aav帽=ok aav=2)
[21:04:46] t=3811 jev VEH HARV HOLD (预算保护 cash=675 aav帽=ok aav=2)
[21:04:46] t=3814 ALARM unit lost -> 攻势保持（塔阵守家, 前线 6 个单位继续进攻）
[21:04:50] t=3814 jev VEH HARV HOLD (预算保护 cash=675 aav帽=ok aav=2)
[21:04:50] t=3819 RETREAT HTNK(36%)
[21:04:50] {"kind": "action", "what": "move", "name": null, "qty": null, "tid": null, "ts": "21:04:50"}
[21:04:52] t=3819 jev VEH HARV HOLD (预算保护 cash=675 aav帽=ok aav=2)
[21:04:52] t=3819 MOVE assault x5 -> 攻击目标#1046@(71,114); t=3819 SIEGE 清建筑 x5 -> #1046@(71,114)
[21:04:52] {"kind": "action", "what": "attack_obj", "name": null, "qty": null, "tid": 1046, "ts": "21:04:52"}
[21:04:55] t=3822 jev VEH HARV HOLD (预算保护 cash=675 aav帽=ok aav=2)
[21:04:55] t=3822 MOVE raid x1 -> (80,119); t=3822 GHOST detected #1116@[83, 126] (集火150gs不倒, 拉黑); t=3822 SIEGE 清建筑 x5 -> #1046@(71,114); hold_b x1 -> (126,75)
[21:04:55] {"kind": "action", "what": "attack_move", "name": null, "qty": null, "tid": null, "ts": "21:04:55"}
[21:04:55] {"kind": "action", "what": "attack_move", "name": null, "qty": null, "tid": null, "ts": "21:04:55"}
[21:04:58] t=3825 jev VEH HARV HOLD (预算保护 cash=675 aav帽=ok aav=2)
[21:04:59] t=3830 HARASS DRON x2 (have 1)
[21:04:59] {"kind": "action", "what": "produce", "name": "DRON", "qty": 2, "tid": null, "ts": "21:04:59"}
[21:05:01] t=3830 jev BUILD NATECH HOLD (资金闸门: 坦克优先, cash=1200)
[21:05:01] t=3830 MOVE assault x5 -> 攻击目标#1044@(70,117); t=3830 SIEGE 清建筑 x5 -> #1044@(70,117)
[21:05:01] {"kind": "action", "what": "attack_obj", "name": null, "qty": null, "tid": 1044, "ts": "21:05:01"}
[21:05:08] t=3840 MOVE raid x2 -> (81,120); t=3840 SIEGE 清建筑 x6 -> #1044@(70,117); hold_a x2 -> (133,86)
[21:05:08] {"kind": "action", "what": "attack_move", "name": null, "qty": null, "tid": null, "ts": "21:05:08"}
[21:05:08] {"kind": "action", "what": "attack_move", "name": null, "qty": null, "tid": null, "ts": "21:05:08"}
[21:05:08] t=3842 ESCORT 坦克#5173 -> 护航矿车@[91, 94]
[21:05:08] {"kind": "action", "what": "attack_move", "name": null, "qty": null, "tid": null, "ts": "21:05:08"}
[21:05:12] t=3845 jev VEH HARV HOLD (预算保护 cash=400 aav帽=ok aav=2)
[21:05:12] t=3845 MOVE assault x7 -> 攻击目标#1616@(69,125); t=3845 SIEGE 拔裂缝产生器 x7 -> #1616@(69,125); aahunt x2 -> (125,84)
[21:05:12] {"kind": "action", "what": "attack_obj", "name": null, "qty": null, "tid": 1616, "ts": "21:05:12"}
[21:05:12] {"kind": "action", "what": "attack_move", "name": null, "qty": null, "tid": null, "ts": "21:05:12"}
[21:05:15] t=3849 jev VEH HARV HOLD (预算保护 cash=400 aav帽=ok aav=2)
[21:05:15] t=3852 ALARM unit lost -> 攻势保持（塔阵守家, 前线 7 个单位继续进攻）
[21:05:17] t=3852 jev VEH HARV HOLD (预算保护 cash=400 aav帽=ok aav=2)
[21:05:19] t=3854 jev VEH HARV HOLD (预算保护 cash=775 aav帽=ok aav=2)
[21:05:21] t=3857 jev VEH HARV HOLD (预算保护 cash=775 aav帽=ok aav=2)
[21:05:21] t=3857 MOVE raid x2 -> (80,119); t=3857 SIEGE 拔裂缝产生器 x6 -> #1616@(69,125)
[21:05:21] {"kind": "action", "what": "attack_move", "name": null, "qty": null, "tid": null, "ts": "21:05:21"}
[21:05:23] t=3860 jev VEH HARV HOLD (预算保护 cash=775 aav帽=ok aav=2)
[21:05:23] t=3860 tick#1325 credits=775 stance=attack | jev 1325 decisions p50=1778ms
[21:05:25] t=3863 jev VEH HARV HOLD (预算保护 cash=775 aav帽=ok aav=2)
[21:05:25] t=3863 MOVE assault x6 -> 攻击目标#1616@(69,125); t=3863 SIEGE 拔裂缝产生器 x6 -> #1616@(69,125)
[21:05:25] {"kind": "action", "what": "attack_obj", "name": null, "qty": null, "tid": 1616, "ts": "21:05:25"}
[21:05:28] t=3866 jev VEH HARV HOLD (预算保护 cash=775 aav帽=ok aav=2)
[21:05:30] t=3869 jev VEH HARV HOLD (预算保护 cash=775 aav帽=ok aav=2)
[21:05:32] t=3872 jev VEH HARV HOLD (预算保护 cash=775 aav帽=ok aav=2)
[21:05:34] t=3875 jev VEH HARV HOLD (预算保护 cash=775 aav帽=ok aav=2)
[21:05:36] t=3877 jev VEH HARV HOLD (预算保护 cash=775 aav帽=ok aav=2)
[21:05:40] t=3880 jev VEH HARV HOLD (预算保护 cash=775 aav帽=ok aav=2)
[21:05:40] t=3880 MOVE assault x6 -> 攻击目标#1616@(69,125); t=3880 SIEGE 拔裂缝产生器 x6 -> #1616@(69,125)
[21:05:40] {"kind": "action", "what": "attack_obj", "name": null, "qty": null, "tid": 1616, "ts": "21:05:40"}
[21:05:40] t=3886 ESCORT 坦克#5443 -> 护航矿车@[116, 135]
[21:05:40] {"kind": "action", "what": "attack_move", "name": null, "qty": null, "tid": null, "ts": "21:05:40"}
[21:05:42] t=3886 jev VEH HARV HOLD (预算保护 cash=775 aav帽=ok aav=2)
[21:05:42] t=3886 MOVE raid x2 -> (80,119); t=3886 SIEGE 拔裂缝产生器 x6 -> #1616@(69,125); aahunt x2 -> (125,84)
[21:05:43] {"kind": "action", "what": "attack_move", "name": null, "qty": null, "tid": null, "ts": "21:05:43"}
[21:05:43] {"kind": "action", "what": "attack_move", "name": null, "qty": null, "tid": null, "ts": "21:05:43"}
[21:05:45] t=3889 jev VEH HARV HOLD (预算保护 cash=775 aav帽=ok aav=2)
[21:05:49] t=3892 jev VEH HARV HOLD (预算保护 cash=775 aav帽=ok aav=2)
[21:05:49] t=3898 ALARM unit lost -> 攻势保持（塔阵守家, 前线 5 个单位继续进攻）
[21:05:52] t=3898 jev VEH HARV HOLD (预算保护 cash=775 aav帽=ok aav=2)
[21:05:54] t=3901 jev VEH HARV HOLD (预算保护 cash=775 aav帽=ok aav=2)
[21:05:54] t=3901 MOVE assault x4 -> 攻击目标#1616@(69,125); t=3901 SIEGE 拔裂缝产生器 x4 -> #1616@(69,125)
[21:05:54] {"kind": "action", "what": "attack_obj", "name": null, "qty": null, "tid": 1616, "ts": "21:05:54"}
[21:05:56] t=3904 jev VEH HARV HOLD (预算保护 cash=775 aav帽=ok aav=2)
[21:05:56] t=3904 MOVE t=3904 SIEGE 拔裂缝产生器 x4 -> #1616@(69,125); hold_b x1 -> (126,75)
[21:05:56] {"kind": "action", "what": "attack_move", "name": null, "qty": null, "tid": null, "ts": "21:05:56"}
[21:05:58] t=3907 jev VEH HTNK HOLD (预算保护 cash=775 aav帽=ok aav=2)
[21:06:00] t=3910 jev VEH HARV HOLD (预算保护 cash=775 aav帽=ok aav=2)
[21:06:01] t=3913 HARASS DRON x2 (have 0)
[21:06:01] t=3913 TANK HTNK x1
[21:06:01] {"kind": "action", "what": "produce", "name": "DRON", "qty": 2, "tid": null, "ts": "21:06:01"}
[21:06:01] {"kind": "action", "what": "produce", "name": "HTNK", "qty": 1, "tid": null, "ts": "21:06:01"}
[21:06:07] t=3919 MOVE assault x4 -> 攻击目标#1616@(69,125); t=3919 SIEGE 拔裂缝产生器 x4 -> #1616@(69,125)
[21:06:07] {"kind": "action", "what": "attack_obj", "name": null, "qty": null, "tid": 1616, "ts": "21:06:07"}
[21:06:09] t=3922 MOVE raid x1 -> (81,120); t=3922 SIEGE 拔裂缝产生器 x5 -> #1616@(69,125); hold_a x2 -> (133,86)
[21:06:09] {"kind": "action", "what": "attack_move", "name": null, "qty": null, "tid": null, "ts": "21:06:09"}
[21:06:09] {"kind": "action", "what": "attack_move", "name": null, "qty": null, "tid": null, "ts": "21:06:09"}
[21:06:12] t=3928 ALARM unit lost -> 攻势保持（塔阵守家, 前线 7 个单位继续进攻）
[21:06:12] t=3928 ESCORT 坦克#5603 -> 护航矿车@[98, 93]
[21:06:12] t=3928 RETREAT HTNK(37%)
[21:06:12] {"kind": "action", "what": "attack_move", "name": null, "qty": null, "tid": null, "ts": "21:06:12"}
[21:06:12] {"kind": "action", "what": "move", "name": null, "qty": null, "tid": null, "ts": "21:06:12"}
[21:06:14] t=3928 MOVE assault x5 -> 攻击目标#1044@(70,117); t=3928 SIEGE 清建筑 x5 -> #1044@(70,117); aahunt x2 -> (125,84)
[21:06:14] {"kind": "action", "what": "attack_obj", "name": null, "qty": null, "tid": 1044, "ts": "21:06:14"}
[21:06:14] {"kind": "action", "what": "attack_move", "name": null, "qty": null, "tid": null, "ts": "21:06:14"}
[21:06:16] t=3934 RETREAT HTNK(38%)
[21:06:16] {"kind": "action", "what": "move", "name": null, "qty": null, "tid": null, "ts": "21:06:16"}
[21:06:21] t=3939 RETREAT HTNK(39%)
[21:06:21] {"kind": "action", "what": "move", "name": null, "qty": null, "tid": null, "ts": "21:06:21"}
[21:06:23] t=3939 tick#1350 credits=490 stance=attack | jev 1350 decisions p50=1778ms
[21:06:25] t=3942 MOVE raid x2 -> (80,119); t=3942 SIEGE 清建筑 x5 -> #1044@(70,117)
[21:06:25] {"kind": "action", "what": "attack_move", "name": null, "qty": null, "tid": null, "ts": "21:06:25"}
[21:06:27] t=3945 jev BUILD NATECH HOLD (资金闸门: 坦克优先, cash=204)
[21:06:27] t=3945 MOVE raid x2 -> (81,120); assault x5 -> 攻击目标#1044@(70,117); t=3945 SIEGE 清建筑 x5 -> #1044@(70,117)
[21:06:27] {"kind": "action", "what": "attack_move", "name": null, "qty": null, "tid": null, "ts": "21:06:27"}
[21:06:27] {"kind": "action", "what": "attack_obj", "name": null, "qty": null, "tid": 1044, "ts": "21:06:27"}
[21:06:30] t=3948 jev VEH HARV HOLD (预算保护 cash=500 aav帽=ok aav=2)
[21:06:34] t=3952 jev VEH HARV HOLD (预算保护 cash=500 aav帽=ok aav=2)
[21:06:36] t=3957 jev VEH HARV HOLD (预算保护 cash=500 aav帽=ok aav=2)
[21:06:38] t=3960 jev VEH HARV HOLD (预算保护 cash=500 aav帽=ok aav=2)
[21:06:38] t=3960 MOVE raid x3 -> (79,121); t=3960 SIEGE 清建筑 x7 -> #1044@(70,117)
[21:06:38] {"kind": "action", "what": "attack_move", "name": null, "qty": null, "tid": null, "ts": "21:06:38"}
[21:06:39] t=3963 ALARM unit lost -> 攻势保持（塔阵守家, 前线 8 个单位继续进攻）
[21:06:39] t=3963 TANK HTNK x1
[21:06:39] {"kind": "action", "what": "produce", "name": "HTNK", "qty": 1, "tid": null, "ts": "21:06:39"}
[21:06:41] t=3963 MOVE assault x6 -> 攻击目标#1073@(67,115); t=3963 SIEGE 清建筑 x6 -> #1073@(67,115)
[21:06:41] {"kind": "action", "what": "attack_obj", "name": null, "qty": null, "tid": 1073, "ts": "21:06:41"}
[21:06:43] t=3966 MOVE raid x3 -> (67,118); t=3966 SIEGE 清建筑 x7 -> #1073@(67,115)
[21:06:43] {"kind": "action", "what": "attack_move", "name": null, "qty": null, "tid": null, "ts": "21:06:43"}
[21:06:45] t=3970 MOVE t=3970 SIEGE 清建筑 x7 -> #1073@(67,115); aahunt x2 -> (125,84)
[21:06:45] {"kind": "action", "what": "attack_move", "name": null, "qty": null, "tid": null, "ts": "21:06:45"}
[21:06:45] t=3972 ALARM unit lost -> 攻势保持（塔阵守家, 前线 8 个单位继续进攻）
[21:06:50] t=3978 ESCORT 坦克#5612 -> 护航矿车@[94, 105]
[21:06:50] {"kind": "action", "what": "attack_move", "name": null, "qty": null, "tid": null, "ts": "21:06:50"}
[21:06:53] t=3978 MOVE assault x7 -> 攻击目标#1073@(67,115); t=3978 SIEGE 清建筑 x7 -> #1073@(67,115)
[21:06:53] {"kind": "action", "what": "attack_obj", "name": null, "qty": null, "tid": 1073, "ts": "21:06:53"}
[21:06:55] t=3983 jev VEH HARV HOLD (预算保护 cash=725 aav帽=ok aav=2)
[21:06:55] t=3986 RETREAT DRON(10%)
[21:06:55] {"kind": "action", "what": "move", "name": null, "qty": null, "tid": null, "ts": "21:06:55"}
[21:06:57] t=3986 jev VEH HARV HOLD (预算保护 cash=725 aav帽=ok aav=2)
[21:06:57] t=3986 MOVE t=3986 SIEGE 清建筑 x8 -> #1073@(67,115); hold_b x1 -> (126,75)
[21:06:57] {"kind": "action", "what": "attack_move", "name": null, "qty": null, "tid": null, "ts": "21:06:57"}
[21:06:59] t=3988 jev VEH HARV HOLD (预算保护 cash=725 aav帽=ok aav=2)
[21:07:00] t=3991 ALARM unit lost -> 攻势保持（塔阵守家, 前线 7 个单位继续进攻）
[21:07:01] t=3991 jev VEH HARV HOLD (预算保护 cash=725 aav帽=ok aav=2)
[21:07:02] t=3994 ALARM unit lost -> 攻势保持（塔阵守家, 前线 7 个单位继续进攻）
[21:07:04] t=3994 jev VEH HARV HOLD (预算保护 cash=725 aav帽=ok aav=2)
[21:07:06] t=3997 jev VEH HARV HOLD (预算保护 cash=725 aav帽=ok aav=2)
[21:07:06] t=3997 MOVE assault x6 -> 攻击目标#1073@(67,115); t=3997 SIEGE 清建筑 x6 -> #1073@(67,115)
[21:07:06] {"kind": "action", "what": "attack_obj", "name": null, "qty": null, "tid": 1073, "ts": "21:07:06"}
[21:07:08] t=4000 jev VEH HARV HOLD (预算保护 cash=725 aav帽=ok aav=2)
[21:07:10] t=4003 jev VEH HARV HOLD (预算保护 cash=725 aav帽=ok aav=2)
[21:07:10] t=4003 MOVE t=4003 SIEGE 清建筑 x6 -> #1073@(67,115); hold_a x2 -> (133,86)
[21:07:10] {"kind": "action", "what": "attack_move", "name": null, "qty": null, "tid": null, "ts": "21:07:10"}
[21:07:10] t=4005 ALARM unit lost -> 攻势保持（塔阵守家, 前线 7 个单位继续进攻）
[21:07:12] t=4005 jev VEH HARV HOLD (预算保护 cash=725 aav帽=ok aav=2)
[21:07:12] t=4008 ALARM unit lost -> 攻势保持（塔阵守家, 前线 7 个单位继续进攻）
[21:07:14] t=4008 jev VEH HARV HOLD (预算保护 cash=725 aav帽=ok aav=2)
[21:07:14] t=4008 MOVE raid x1 -> (67,118); t=4008 SIEGE 清建筑 x4 -> #1073@(67,115)
[21:07:14] {"kind": "action", "what": "attack_move", "name": null, "qty": null, "tid": null, "ts": "21:07:14"}
[21:07:14] t=4011 ALARM unit lost -> 攻势保持（塔阵守家, 前线 7 个单位继续进攻）
[21:07:16] t=4011 jev VEH HTNK HOLD (预算保护 cash=725 aav帽=ok aav=2)
[21:07:16] t=4011 MOVE t=4011 SIEGE 清建筑 x3 -> #1073@(67,115); aahunt x2 -> (125,84)
[21:07:16] {"kind": "action", "what": "attack_move", "name": null, "qty": null, "tid": null, "ts": "21:07:16"}
[21:07:18] t=4014 jev VEH HTNK HOLD (预算保护 cash=725 aav帽=ok aav=2)
[21:07:18] t=4014 MOVE assault x3 -> 攻击目标#1073@(67,115); t=4014 SIEGE 清建筑 x3 -> #1073@(67,115)
[21:07:18] {"kind": "action", "what": "attack_obj", "name": null, "qty": null, "tid": 1073, "ts": "21:07:18"}
[21:07:20] t=4016 jev VEH HTNK HOLD (预算保护 cash=725 aav帽=ok aav=2)
[21:07:20] t=4016 tick#1375 credits=725 stance=attack | jev 1375 decisions p50=1777ms
[21:07:20] t=4019 ESCORT 坦克#4893 -> 护航矿车@[89, 124]
[21:07:20] {"kind": "action", "what": "attack_move", "name": null, "qty": null, "tid": null, "ts": "21:07:20"}
[21:07:22] t=4019 jev VEH HTNK HOLD (预算保护 cash=725 aav帽=ok aav=2)
[21:07:24] t=4022 jev VEH HTNK HOLD (预算保护 cash=725 aav帽=ok aav=2)
[21:07:26] t=4024 jev VEH HTNK HOLD (预算保护 cash=725 aav帽=ok aav=2)
[21:07:29] t=4027 jev VEH HTNK HOLD (预算保护 cash=725 aav帽=ok aav=2)
[21:07:31] t=4031 jev VEH HTNK HOLD (预算保护 cash=725 aav帽=ok aav=2)
[21:07:31] t=4031 MOVE assault x3 -> 攻击目标#1073@(67,115); t=4031 SIEGE 清建筑 x3 -> #1073@(67,115)
[21:07:31] {"kind": "action", "what": "attack_obj", "name": null, "qty": null, "tid": 1073, "ts": "21:07:31"}
[21:07:32] t=4034 ALARM unit lost -> 攻势保持（塔阵守家, 前线 6 个单位继续进攻）
[21:07:35] t=4034 jev VEH HTNK HOLD (预算保护 cash=725 aav帽=ok aav=2)
[21:07:38] t=4039 jev VEH HTNK HOLD (预算保护 cash=725 aav帽=ok aav=2)
[21:07:40] t=4042 jev VEH HTNK HOLD (预算保护 cash=725 aav帽=ok aav=2)
[21:07:42] t=4045 jev VEH HTNK HOLD (预算保护 cash=725 aav帽=ok aav=2)
[21:07:44] t=4048 jev VEH HTNK HOLD (预算保护 cash=725 aav帽=ok aav=2)
[21:07:44] t=4048 MOVE assault x2 -> 攻击目标#1073@(67,115); t=4048 SIEGE 清建筑 x2 -> #1073@(67,115)
[21:07:44] {"kind": "action", "what": "attack_obj", "name": null, "qty": null, "tid": 1073, "ts": "21:07:44"}
[21:07:46] t=4050 jev VEH HTNK HOLD (预算保护 cash=725 aav帽=ok aav=2)
[21:07:50] t=4053 jev VEH HTNK HOLD (预算保护 cash=725 aav帽=ok aav=2)
[21:07:50] t=4053 MOVE t=4053 SIEGE 清建筑 x2 -> #1073@(67,115); aahunt x2 -> (125,84)
[21:07:50] {"kind": "action", "what": "attack_move", "name": null, "qty": null, "tid": null, "ts": "21:07:50"}
[21:07:50] t=4059 HARASS DRON x2 (have 0)
[21:07:50] {"kind": "action", "what": "produce", "name": "DRON", "qty": 2, "tid": null, "ts": "21:07:50"}
[21:07:53] t=4062 ESCORT 坦克#5801 -> 护航矿车@[87, 125]
[21:07:53] t=4062 RETREAT HTNK(35%)
[21:07:53] {"kind": "action", "what": "attack_move", "name": null, "qty": null, "tid": null, "ts": "21:07:53"}
[21:07:53] {"kind": "action", "what": "move", "name": null, "qty": null, "tid": null, "ts": "21:07:53"}
[21:07:58] t=4065 MOVE assault x2 -> 攻击目标#1073@(67,115); t=4065 SIEGE 清建筑 x2 -> #1073@(67,115); hold_b x1 -> (126,75)
[21:07:58] {"kind": "action", "what": "attack_obj", "name": null, "qty": null, "tid": 1073, "ts": "21:07:58"}
[21:07:58] {"kind": "action", "what": "attack_move", "name": null, "qty": null, "tid": null, "ts": "21:07:58"}
[21:08:00] t=4070 MOVE raid x1 -> (67,118); t=4070 SIEGE 清建筑 x3 -> #1073@(67,115)
[21:08:01] {"kind": "action", "what": "attack_move", "name": null, "qty": null, "tid": null, "ts": "21:08:01"}
[21:08:03] t=4075 ALARM unit lost -> 攻势保持（塔阵守家, 前线 7 个单位继续进攻）
[21:08:05] t=4075 jev VEH HARV HOLD (预算保护 cash=300 aav帽=ok aav=2)
[21:08:06] t=4078 jev VEH HARV HOLD (预算保护 cash=300 aav帽=ok aav=2)
[21:08:09] t=4081 jev VEH HARV HOLD (预算保护 cash=300 aav帽=ok aav=2)
[21:08:14] t=4085 jev VEH HTK HOLD (预算保护 cash=300 aav帽=ok aav=2)
[21:08:14] t=4085 MOVE assault x3 -> 攻击目标#1073@(67,115); t=4085 SIEGE 清建筑 x3 -> #1073@(67,115); hold_a x2 -> (133,86)
[21:08:14] {"kind": "action", "what": "attack_obj", "name": null, "qty": null, "tid": 1073, "ts": "21:08:14"}
[21:08:14] {"kind": "action", "what": "attack_move", "name": null, "qty": null, "tid": null, "ts": "21:08:14"}
[21:08:16] t=4090 jev VEH HARV HOLD (预算保护 cash=300 aav帽=ok aav=2)
[21:08:18] t=4093 jev VEH HARV HOLD (预算保护 cash=300 aav帽=ok aav=2)
[21:08:20] t=4096 jev VEH HARV HOLD (预算保护 cash=300 aav帽=ok aav=2)
[21:08:23] t=4099 jev VEH HARV HOLD (预算保护 cash=300 aav帽=ok aav=2)
[21:08:23] t=4099 MOVE t=4099 SIEGE 清建筑 x3 -> #1073@(67,115); aahunt x2 -> (125,84)
[21:08:23] {"kind": "action", "what": "attack_move", "name": null, "qty": null, "tid": null, "ts": "21:08:23"}
[21:08:23] t=4099 tick#1400 credits=300 stance=attack | jev 1400 decisions p50=1775ms
[21:08:23] t=4103 RETREAT HTNK(36%)
[21:08:23] {"kind": "action", "what": "move", "name": null, "qty": null, "tid": null, "ts": "21:08:23"}
[21:08:25] t=4103 jev VEH HARV HOLD (预算保护 cash=750 aav帽=ok aav=2)
[21:08:27] t=4106 jev VEH HARV HOLD (预算保护 cash=750 aav帽=ok aav=2)
[21:08:27] t=4106 MOVE assault x3 -> 攻击目标#1073@(67,115); t=4106 SIEGE 清建筑 x3 -> #1073@(67,115)
[21:08:27] {"kind": "action", "what": "attack_obj", "name": null, "qty": null, "tid": 1073, "ts": "21:08:27"}
[21:08:29] t=4108 jev VEH HARV HOLD (预算保护 cash=750 aav帽=ok aav=2)
[21:08:31] t=4111 jev VEH HARV HOLD (预算保护 cash=750 aav帽=ok aav=2)
[21:08:31] t=4111 MOVE raid x2 -> (67,118); t=4111 SIEGE 清建筑 x3 -> #1073@(67,115)
[21:08:31] {"kind": "action", "what": "attack_move", "name": null, "qty": null, "tid": null, "ts": "21:08:31"}
[21:08:33] t=4114 jev VEH HARV HOLD (预算保护 cash=750 aav帽=ok aav=2)
[21:08:33] t=4114 MOVE t=4114 GHOST detected #1073@[67, 115] (集火150gs不倒, 拉黑); assault x3 -> 攻击目标#1047@(67,118); t=4114 SIEGE 清建筑 x3 -> #1047@(67,118)
[21:08:33] {"kind": "action", "what": "attack_obj", "name": null, "qty": null, "tid": 1047, "ts": "21:08:33"}
[21:08:37] t=4117 jev VEH HARV HOLD (预算保护 cash=750 aav帽=ok aav=2)
[21:08:37] t=4121 TANK HTNK x2
[21:08:37] {"kind": "action", "what": "produce", "name": "HTNK", "qty": 2, "tid": null, "ts": "21:08:37"}
[21:08:47] t=4130 MOVE assault x3 -> 攻击目标#1047@(67,118); t=4130 SIEGE 清建筑 x3 -> #1047@(67,118)
[21:08:47] {"kind": "action", "what": "attack_obj", "name": null, "qty": null, "tid": 1047, "ts": "21:08:47"}
[21:08:51] t=4140 ESCORT 坦克#6029 -> 护航矿车@[89, 101]
[21:08:51] {"kind": "action", "what": "attack_move", "name": null, "qty": null, "tid": null, "ts": "21:08:51"}
[21:08:55] t=4143 MOVE t=4143 SIEGE 清建筑 x4 -> #1047@(67,118); aahunt x2 -> (125,84)
[21:08:55] {"kind": "action", "what": "attack_move", "name": null, "qty": null, "tid": null, "ts": "21:08:55"}
[21:09:01] t=4148 MOVE raid x2 -> (67,118); assault x4 -> 攻击目标#1047@(67,118); t=4148 SIEGE 清建筑 x4 -> #1047@(67,118); hold_b x1 -> (126,75)
[21:09:01] {"kind": "action", "what": "attack_move", "name": null, "qty": null, "tid": null, "ts": "21:09:01"}
[21:09:01] {"kind": "action", "what": "attack_obj", "name": null, "qty": null, "tid": 1047, "ts": "21:09:01"}
[21:09:01] {"kind": "action", "what": "attack_move", "name": null, "qty": null, "tid": null, "ts": "21:09:01"}
[21:09:02] t=4154 ALARM unit lost -> 攻势保持（塔阵守家, 前线 6 个单位继续进攻）
[21:09:07] t=4159 jev VEH HARV HOLD (预算保护 cash=450 aav帽=ok aav=2)
[21:09:09] t=4162 jev VEH HARV HOLD (预算保护 cash=450 aav帽=ok aav=2)
[21:09:11] t=4164 jev VEH HARV HOLD (预算保护 cash=450 aav帽=ok aav=2)
[21:09:13] t=4167 jev VEH HARV HOLD (预算保护 cash=450 aav帽=ok aav=2)
[21:09:15] t=4169 jev VEH HARV HOLD (预算保护 cash=450 aav帽=ok aav=2)
[21:09:15] t=4169 MOVE assault x4 -> 攻击目标#1047@(67,118); t=4169 SIEGE 清建筑 x4 -> #1047@(67,118); hold_a x2 -> (133,86)
[21:09:15] {"kind": "action", "what": "attack_obj", "name": null, "qty": null, "tid": 1047, "ts": "21:09:15"}
[21:09:15] {"kind": "action", "what": "attack_move", "name": null, "qty": null, "tid": null, "ts": "21:09:15"}
[21:09:17] t=4172 jev VEH HARV HOLD (预算保护 cash=450 aav帽=ok aav=2)
[21:09:19] t=4175 jev VEH HARV HOLD (预算保护 cash=450 aav帽=ok aav=2)
[21:09:21] t=4177 jev VEH HARV HOLD (预算保护 cash=450 aav帽=ok aav=2)
[21:09:21] t=4177 tick#1425 credits=450 stance=attack | jev 1425 decisions p50=1775ms
[21:09:23] t=4180 jev VEH HARV HOLD (预算保护 cash=450 aav帽=ok aav=2)
[21:09:23] t=4182 ESCORT 坦克#6124 -> 护航矿车@[99, 93]
[21:09:23] {"kind": "action", "what": "attack_move", "name": null, "qty": null, "tid": null, "ts": "21:09:23"}
[21:09:24] t=4182 jev VEH HARV HOLD (预算保护 cash=450 aav帽=ok aav=2)
[21:09:26] t=4185 jev VEH HARV HOLD (预算保护 cash=450 aav帽=ok aav=2)
[21:09:26] t=4185 MOVE t=4185 SIEGE 清建筑 x4 -> #1047@(67,118); aahunt x2 -> (125,84)
[21:09:26] {"kind": "action", "what": "attack_move", "name": null, "qty": null, "tid": null, "ts": "21:09:26"}
[21:09:28] t=4187 jev VEH HARV HOLD (预算保护 cash=450 aav帽=ok aav=2)
[21:09:28] t=4187 MOVE assault x4 -> 攻击目标#1047@(67,118); t=4187 SIEGE 清建筑 x4 -> #1047@(67,118)
[21:09:28] {"kind": "action", "what": "attack_obj", "name": null, "qty": null, "tid": 1047, "ts": "21:09:28"}
[21:09:30] t=4190 jev VEH HARV HOLD (预算保护 cash=450 aav帽=ok aav=2)
[21:09:31] t=4193 HARASS DRON x2 (have 1)
[21:09:31] {"kind": "action", "what": "produce", "name": "DRON", "qty": 2, "tid": null, "ts": "21:09:31"}
[21:09:32] t=4193 MOVE raid x1 -> (67,118); t=4193 SIEGE 清建筑 x4 -> #1047@(67,118)
[21:09:32] {"kind": "action", "what": "attack_move", "name": null, "qty": null, "tid": null, "ts": "21:09:32"}
[21:09:42] t=4205 MOVE assault x5 -> 攻击目标#1047@(67,118); t=4205 SIEGE 清建筑 x5 -> #1047@(67,118)
[21:09:42] {"kind": "action", "what": "attack_obj", "name": null, "qty": null, "tid": 1047, "ts": "21:09:42"}
[21:09:44] t=4208 jev VEH HARV HOLD (预算保护 cash=400 aav帽=ok aav=2)
[21:09:46] t=4210 jev VEH HARV HOLD (预算保护 cash=400 aav帽=ok aav=2)
[21:09:48] t=4213 jev VEH HARV HOLD (预算保护 cash=400 aav帽=ok aav=2)
[21:09:49] t=4216 jev VEH HARV HOLD (预算保护 cash=400 aav帽=ok aav=2)
[21:09:51] t=4218 jev VEH HARV HOLD (预算保护 cash=400 aav帽=ok aav=2)
[21:09:53] t=4221 jev VEH HARV HOLD (预算保护 cash=775 aav帽=ok aav=2)
[21:09:57] t=4223 jev VEH HARV HOLD (预算保护 cash=775 aav帽=ok aav=2)
[21:09:57] t=4223 MOVE assault x6 -> 攻击目标#1047@(67,118); t=4223 SIEGE 清建筑 x6 -> #1047@(67,118); aahunt x2 -> (125,84)
[21:09:57] {"kind": "action", "what": "attack_obj", "name": null, "qty": null, "tid": 1047, "ts": "21:09:57"}
[21:09:57] {"kind": "action", "what": "attack_move", "name": null, "qty": null, "tid": null, "ts": "21:09:57"}
[21:09:59] t=4228 jev VEH HARV HOLD (预算保护 cash=775 aav帽=ok aav=2)
[21:10:01] t=4231 jev VEH HARV HOLD (预算保护 cash=775 aav帽=ok aav=2)
[21:10:01] t=4234 ESCORT 坦克#6124 -> 护航矿车@[85, 99]
[21:10:01] {"kind": "action", "what": "attack_move", "name": null, "qty": null, "tid": null, "ts": "21:10:01"}
[21:10:03] t=4234 jev VEH HARV HOLD (预算保护 cash=775 aav帽=ok aav=2)
[21:10:03] t=4234 MOVE raid x3 -> (67,118); t=4234 SIEGE 清建筑 x6 -> #1047@(67,118); hold_b x1 -> (126,75)
[21:10:03] {"kind": "action", "what": "attack_move", "name": null, "qty": null, "tid": null, "ts": "21:10:03"}
[21:10:03] {"kind": "action", "what": "attack_move", "name": null, "qty": null, "tid": null, "ts": "21:10:03"}
[21:10:05] t=4236 jev VEH HARV HOLD (预算保护 cash=775 aav帽=ok aav=2)
[21:10:07] t=4239 jev VEH HARV HOLD (预算保护 cash=775 aav帽=ok aav=2)
[21:10:09] t=4241 jev VEH HARV HOLD (预算保护 cash=775 aav帽=ok aav=2)
[21:10:09] t=4241 MOVE assault x6 -> 攻击目标#1047@(67,118); t=4241 SIEGE 清建筑 x6 -> #1047@(67,118)
[21:10:09] {"kind": "action", "what": "attack_obj", "name": null, "qty": null, "tid": 1047, "ts": "21:10:09"}
[21:10:11] t=4244 jev VEH HARV HOLD (预算保护 cash=775 aav帽=ok aav=2)
[21:10:11] t=4244 tick#1450 credits=775 stance=attack | jev 1450 decisions p50=1773ms
[21:10:13] t=4247 jev VEH HARV HOLD (预算保护 cash=775 aav帽=ok aav=2)
[21:10:15] t=4249 jev VEH HARV HOLD (预算保护 cash=775 aav帽=ok aav=2)
[21:10:17] t=4252 jev VEH HARV HOLD (预算保护 cash=775 aav帽=ok aav=2)
[21:10:17] t=4252 MOVE t=4252 SIEGE 清建筑 x6 -> #1047@(67,118); hold_a x2 -> (133,86)
[21:10:17] {"kind": "action", "what": "attack_move", "name": null, "qty": null, "tid": null, "ts": "21:10:17"}
[21:10:17] t=4254 TANK HTNK x1
[21:10:17] {"kind": "action", "what": "produce", "name": "HTNK", "qty": 1, "tid": null, "ts": "21:10:17"}
[21:10:21] t=4257 MOVE assault x6 -> 攻击目标#1047@(67,118); t=4257 SIEGE 清建筑 x6 -> #1047@(67,118)
[21:10:21] {"kind": "action", "what": "attack_obj", "name": null, "qty": null, "tid": 1047, "ts": "21:10:21"}
[21:10:28] t=4267 MOVE t=4267 GHOST detected #1047@[67, 118] (集火150gs不倒, 拉黑); assault x6 -> (67,118); aahunt x2 -> (125,84)
[21:10:28] {"kind": "action", "what": "attack_move", "name": null, "qty": null, "tid": null, "ts": "21:10:28"}
[21:10:28] {"kind": "action", "what": "attack_move", "name": null, "qty": null, "tid": null, "ts": "21:10:28"}
[21:10:32] t=4275 ESCORT 坦克#5801 -> 护航矿车@[94, 94]
[21:10:32] {"kind": "action", "what": "attack_move", "name": null, "qty": null, "tid": null, "ts": "21:10:32"}
[21:10:34] t=4275 jev VEH HARV HOLD (预算保护 cash=175 aav帽=ok aav=2)
[21:10:34] t=4275 MOVE raid x3 -> (67,118)
[21:10:34] {"kind": "action", "what": "attack_move", "name": null, "qty": null, "tid": null, "ts": "21:10:34"}
[21:10:36] t=4278 jev VEH HARV HOLD (预算保护 cash=175 aav帽=ok aav=2)
[21:10:38] t=4280 jev VEH HARV HOLD (预算保护 cash=175 aav帽=ok aav=2)
[21:10:40] t=4283 jev VEH HARV HOLD (预算保护 cash=175 aav帽=ok aav=2)
[21:10:40] t=4283 MOVE assault x7 -> (67,118)
[21:10:40] {"kind": "action", "what": "attack_move", "name": null, "qty": null, "tid": null, "ts": "21:10:40"}
[21:10:42] t=4285 jev VEH HARV HOLD (预算保护 cash=175 aav帽=ok aav=2)
[21:10:44] t=4288 jev VEH HARV HOLD (预算保护 cash=175 aav帽=ok aav=2)
[21:10:46] t=4290 jev VEH HARV HOLD (预算保护 cash=175 aav帽=ok aav=2)
[21:10:48] t=4293 jev VEH HARV HOLD (预算保护 cash=175 aav帽=ok aav=2)
[21:10:51] t=4296 jev VEH HARV HOLD (预算保护 cash=175 aav帽=ok aav=2)
[21:10:53] t=4301 jev VEH HARV HOLD (预算保护 cash=175 aav帽=ok aav=2)
[21:10:53] t=4301 MOVE assault x7 -> (67,118)
[21:10:53] {"kind": "action", "what": "attack_move", "name": null, "qty": null, "tid": null, "ts": "21:10:53"}
[21:10:55] t=4303 jev VEH HARV HOLD (预算保护 cash=175 aav帽=ok aav=2)
[21:10:57] t=4306 jev VEH HARV HOLD (预算保护 cash=175 aav帽=ok aav=2)
[21:10:59] t=4308 jev VEH HARV HOLD (预算保护 cash=175 aav帽=ok aav=2)
[21:10:59] t=4308 MOVE aahunt x2 -> (125,84)
[21:10:59] {"kind": "action", "what": "attack_move", "name": null, "qty": null, "tid": null, "ts": "21:10:59"}
[21:11:02] t=4311 jev VEH HARV HOLD (预算保护 cash=175 aav帽=ok aav=2)
[21:11:02] t=4315 ESCORT 坦克#6189 -> 护航矿车@[104, 97]
[21:11:03] {"kind": "action", "what": "attack_move", "name": null, "qty": null, "tid": null, "ts": "21:11:03"}
[21:11:04] t=4315 jev VEH HARV HOLD (预算保护 cash=175 aav帽=ok aav=2)
[21:11:04] t=4315 MOVE raid x3 -> (67,115); assault x7 -> (67,115); hold_b x1 -> (126,75); aahunt x2 -> (125,83)
[21:11:04] {"kind": "action", "what": "attack_move", "name": null, "qty": null, "tid": null, "ts": "21:11:04"}
[21:11:04] {"kind": "action", "what": "attack_move", "name": null, "qty": null, "tid": null, "ts": "21:11:04"}
[21:11:04] {"kind": "action", "what": "attack_move", "name": null, "qty": null, "tid": null, "ts": "21:11:04"}
[21:11:04] {"kind": "action", "what": "attack_move", "name": null, "qty": null, "tid": null, "ts": "21:11:04"}
[21:11:04] t=4315 tick#1475 credits=175 stance=attack | jev 1475 decisions p50=1774ms
[21:11:06] t=4318 jev VEH HARV HOLD (预算保护 cash=175 aav帽=ok aav=2)
[21:11:08] t=4321 jev VEH HARV HOLD (预算保护 cash=175 aav帽=ok aav=2)
[2026-10-05 21:11:08] {"kind": "report", "result": "victory", "t": 4323, "ticks": 1478, "crisis_ticks": 237, "stance": "attack", "jev": {"decisions": 1477, "errors": 0, "input_tokens": 5440636, "output_tokens": 0, "p50_ms": 1774, "p95_ms": 3213}, "enemy_base": [67, 115], "ts": "2026-10-05 21:11:08"}
[21:11:09] REVIEW game#68 victory → game-0068-review.md | changes=0
{
  "result": "victory",
  "t": 4323,
  "ticks": 1478,
  "crisis_ticks": 237,
  "stance": "attack",
  "jev": {
    "decisions": 1477,
    "errors": 0,
    "input_tokens": 5440636,
    "output_tokens": 0,
    "p50_ms": 1774,
    "p95_ms": 3213
  },
  "enemy_base": [
    67,
    115
  ],
  "ts": "2026-10-05 21:11:08",
  "review": {
    "game_no": 68,
    "rootcause": "attrition",
    "auto_tuned": 0
  }
}
