[21:50:43] 进局中(全自动)...
[21:51:08] {"kind": "start", "policy": "ra2web-jev-player/1.0", "maxDecisions": 999999, "micro": {"events": [{"kind": "micro", "t": 1, "what": "start"}], "loopN": 1, "on": true, "outcome": null, "stall": false}, "ts": "21:51:08"}
[21:51:08] === ra2web-jev-player start (tick=1.5s, max_decisions=999999) ===
[21:51:08] t=1 DEPLOY mcv
[21:51:08] {"kind": "action", "what": "deploy", "ids": [1042], "ts": "21:51:08"}
[21:51:08] {"kind": "action", "what": "deploy", "name": null, "qty": null, "tid": null, "ts": "21:51:08"}
[21:51:10] t=3 jev BUILD NAPOWR HOLD (开局序列前置位保护: 等 NAREFN)
[21:51:11] t=3 jev STANCE defend->develop (conf 0.91)
[21:51:12] t=5 jev BUILD NAPOWR HOLD (开局序列前置位保护: 等 NAREFN)
[21:51:14] t=7 jev BUILD NAPOWR HOLD (开局序列前置位保护: 等 NAREFN)
[21:51:15] t=9 jev BUILD NAPOWR HOLD (开局序列前置位保护: 等 NAREFN)
[21:51:17] t=11 jev BUILD NAPOWR HOLD (开局序列前置位保护: 等 NAREFN)
[21:51:18] t=13 jev BUILD NAPOWR HOLD (开局序列前置位保护: 等 NAREFN)
[21:51:20] t=15 jev BUILD NAPOWR HOLD (开局序列前置位保护: 等 NAREFN)
[21:51:21] t=17 jev BUILD NAPOWR HOLD (开局序列前置位保护: 等 NAREFN)
[21:51:23] t=19 jev BUILD NAPOWR HOLD (开局序列前置位保护: 等 NAREFN)
[21:51:24] t=21 jev BUILD NAPOWR HOLD (开局序列前置位保护: 等 NAREFN)
[21:51:26] t=23 jev BUILD NAPOWR HOLD (开局序列前置位保护: 等 NAREFN)
[21:51:27] t=25 jev BUILD NAPOWR HOLD (开局序列前置位保护: 等 NAREFN)
[21:51:29] t=27 jev BUILD NAPOWR HOLD (开局序列前置位保护: 等 NAREFN)
[21:51:30] t=29 jev BUILD NAPOWR HOLD (开局序列前置位保护: 等 NAREFN)
[21:51:32] t=31 jev BUILD NAPOWR HOLD (开局序列前置位保护: 等 NAREFN)
[21:51:33] t=33 jev BUILD NAPOWR HOLD (开局序列前置位保护: 等 NAREFN)
[21:51:35] t=35 jev BUILD NAPOWR HOLD (开局序列前置位保护: 等 NAREFN)
[21:51:36] t=37 jev BUILD NAPOWR HOLD (开局序列前置位保护: 等 NAREFN)
[21:51:38] t=39 jev BUILD NAPOWR HOLD (开局序列前置位保护: 等 NAREFN)
[21:51:38] t=41 OPENING REJECT NAREFN (40gs 无进展, 拉黑)
[21:51:38] t=41 OPENING FALLBACK -> legacy NAPOWR-first
[21:51:38] {"kind": "action", "what": "produce", "name": "NAPOWR", "qty": 1, "tid": null, "ts": "21:51:38"}
[21:51:38] t=41 OPENING BUILD NAPOWR
[21:51:45] t=49 tick#25 credits=9780 stance=develop | jev 25 decisions p50=881ms
[21:51:58] {"kind": "action", "what": "produce", "name": "NAREFN", "qty": 1, "tid": null, "ts": "21:51:58"}
[21:51:58] t=67 OPENING BUILD NAREFN
[21:52:23] t=99 tick#50 credits=8629 stance=develop | jev 50 decisions p50=900ms
[21:53:00] t=149 tick#75 credits=7420 stance=develop | jev 75 decisions p50=915ms
[21:53:07] {"kind": "action", "what": "produce", "name": "NAHAND", "qty": 1, "tid": null, "ts": "21:53:07"}
[21:53:07] t=159 OPENING BUILD NAHAND
[21:53:25] t=184 GARRISON E2 x2 (坦克真空期常驻驻军, have 0)
[21:53:25] t=184 DEFLINE NALASR (have 0)
[21:53:25] {"kind": "action", "what": "produce", "name": "E2", "qty": 2, "tid": null, "ts": "21:53:25"}
[21:53:25] {"kind": "action", "what": "produce", "name": "NALASR", "qty": 1, "tid": null, "ts": "21:53:25"}
[21:53:25] {"kind": "action", "what": "produce", "name": "NAWEAP", "qty": 1, "tid": null, "ts": "21:53:25"}
[21:53:25] t=184 OPENING BUILD NAWEAP
[21:53:30] t=188 MOVE hold_a x1 -> (74,110)
[21:53:30] {"kind": "action", "what": "attack_move", "name": null, "qty": null, "tid": null, "ts": "21:53:30"}
[21:53:31] t=192 GARRISON E2 x2 (坦克真空期常驻驻军, have 2)
[21:53:32] t=192 MOVE hold_b x1 -> (74,123)
[21:53:32] {"kind": "action", "what": "attack_move", "name": null, "qty": null, "tid": null, "ts": "21:53:32"}
[21:53:33] t=194 ALARM enemy approaching -> counter 2 vs 1 -> [72, 111]
[21:53:33] {"kind": "action", "what": "attack_move", "name": null, "qty": null, "tid": null, "ts": "21:53:33"}
[21:53:34] t=194 jev INF E2 (conf 0.34)
[21:53:36] t=196 jev INF E2 (conf 0.39)
[21:53:37] t=198 jev INF E2 (conf 0.54)
[21:53:39] t=200 jev INF E2 (conf 0.60)
[21:53:39] t=200 tick#100 credits=5867 stance=defend | jev 100 decisions p50=941ms
[21:53:40] t=202 jev INF E2 (conf 0.58)
[21:53:41] t=205 GARRISON E2 x2 (坦克真空期常驻驻军, have 1)
[21:53:42] t=205 jev INF E2 (conf 0.63)
[21:53:42] t=207 ALARM enemy approaching -> counter 1 vs 1 -> [68, 120]
[21:53:42] {"kind": "action", "what": "attack_move", "name": null, "qty": null, "tid": null, "ts": "21:53:42"}
[21:53:44] t=207 jev INF E2 (conf 0.59)
[21:53:44] t=209 DEFLINE NALASR (have 1)
[21:53:45] t=209 jev INF E2 (conf 0.65)
[21:53:45] t=211 GARRISON E2 x2 (坦克真空期常驻驻军, have 0)
[21:53:47] t=211 jev INF E2 (conf 0.77)
[21:53:48] t=213 jev INF E2 (conf 0.62)
[21:53:50] t=215 jev INF E2 (conf 0.61)
[21:53:51] t=217 jev INF E2 (conf 0.61)
[21:53:51] {"kind": "action", "what": "produce", "name": "E2", "qty": 1, "tid": null, "ts": "21:53:51"}
[21:53:55] t=223 GARRISON E2 x2 (坦克真空期常驻驻军, have 1)
[21:53:56] t=223 jev INF E2 (conf 0.52)
[21:53:58] t=225 jev INF E2 (conf 0.51)
[21:53:59] t=228 jev INF E2 (conf 0.53)
[21:54:01] t=230 jev INF E2 (conf 0.51)
[21:54:02] t=232 jev INF E2 (conf 0.51)
[21:54:04] t=234 jev INF E2 (conf 0.51)
[21:54:05] t=236 jev INF E2 (conf 0.51)
[21:54:07] t=238 jev INF E2 (conf 0.52)
[21:54:08] t=240 jev INF E2 (conf 0.49)
[21:54:10] t=242 jev INF E2 (conf 0.49)
[21:54:12] t=244 jev INF E2 (conf 0.50)
[21:54:13] t=246 jev INF E2 (conf 0.50)
[21:54:15] t=248 jev INF E2 (conf 0.51)
[21:54:16] t=250 jev INF E2 (conf 0.48)
[21:54:18] t=252 jev INF E2 (conf 0.49)
[21:54:18] {"kind": "action", "what": "produce", "name": "E2", "qty": 1, "tid": null, "ts": "21:54:18"}
[21:54:18] t=252 tick#125 credits=4473 stance=defend | jev 125 decisions p50=1003ms
[21:54:21] t=259 GARRISON E2 x2 (坦克真空期常驻驻军, have 2)
[21:54:22] t=259 jev INF E2 (conf 0.54)
[21:54:24] t=261 jev INF E2 (conf 0.54)
[21:54:25] t=263 jev INF E2 (conf 0.51)
[21:54:27] t=265 jev INF E2 (conf 0.53)
[21:54:28] t=267 jev INF E2 (conf 0.50)
[21:54:29] t=269 DEFLINE NALASR (have 1)
[21:54:29] {"kind": "action", "what": "produce", "name": "NALASR", "qty": 1, "tid": null, "ts": "21:54:29"}
[21:54:30] t=269 jev INF E2 (conf 0.51)
[21:54:30] t=269 MOVE hold_a x1 -> (74,110)
[21:54:30] {"kind": "action", "what": "attack_move", "name": null, "qty": null, "tid": null, "ts": "21:54:30"}
[21:54:31] t=271 jev INF E2 (conf 0.52)
[21:54:33] t=273 jev INF E2 (conf 0.50)
[21:54:33] t=273 MOVE hold_b x1 -> (74,123)
[21:54:33] {"kind": "action", "what": "attack_move", "name": null, "qty": null, "tid": null, "ts": "21:54:33"}
[21:54:33] t=275 ECON harv#2
[21:54:33] t=275 TANK HTNK x3
[21:54:33] {"kind": "action", "what": "produce", "name": "HARV", "qty": 1, "tid": null, "ts": "21:54:33"}
[21:54:33] {"kind": "action", "what": "produce", "name": "HTNK", "qty": 3, "tid": null, "ts": "21:54:33"}
[21:54:35] t=275 jev BUILD NAREFN (conf 0.33)
[21:54:35] t=275 jev INF E2 (conf 0.49)
[21:54:35] {"kind": "action", "what": "produce", "name": "NAREFN", "qty": 1, "tid": null, "ts": "21:54:35"}
[21:54:37] t=277 jev INF E2 (conf 0.50)
[21:54:38] t=280 jev INF E2 (conf 0.52)
[21:54:40] t=282 jev INF E2 (conf 0.51)
[21:54:42] t=284 jev INF E2 (conf 0.51)
[21:54:44] t=287 jev INF E2 (conf 0.50)
[21:54:44] {"kind": "action", "what": "produce", "name": "E2", "qty": 1, "tid": null, "ts": "21:54:44"}
[21:54:46] t=291 INSURE AA building
[21:54:46] {"kind": "action", "what": "produce", "name": "NAFLAK", "qty": 1, "tid": null, "ts": "21:54:46"}
[21:54:47] t=294 GARRISON E2 x2 (坦克真空期常驻驻军, have 3)
[21:54:49] t=294 jev INF E2 (conf 0.53)
[21:54:51] t=296 jev INF E2 (conf 0.52)
[21:54:52] t=298 jev INF E2 (conf 0.51)
[21:54:54] t=301 jev INF E2 (conf 0.49)
[21:54:56] t=303 jev INF E2 (conf 0.47)
[21:54:58] t=305 jev INF E2 (conf 0.48)
[21:55:00] t=308 jev INF E2 (conf 0.49)
[21:55:00] t=308 tick#150 credits=2620 stance=defend | jev 150 decisions p50=1125ms
[21:55:01] t=310 jev INF E2 (conf 0.50)
[21:55:03] t=313 jev INF E2 (conf 0.49)
[21:55:05] t=315 jev INF E2 (conf 0.51)
[21:55:06] t=317 jev INF E2 (conf 0.52)
[21:55:08] t=319 jev INF E2 (conf 0.52)
[21:55:10] t=322 jev INF E2 (conf 0.52)
[21:55:10] {"kind": "action", "what": "produce", "name": "E2", "qty": 1, "tid": null, "ts": "21:55:10"}
[21:55:15] t=329 jev INF E2 (conf 0.51)
[21:55:17] t=331 jev INF E2 (conf 0.48)
[21:55:19] t=334 jev INF E2 HOLD (预算保护 gate=False e2=4)
[21:55:21] t=336 jev INF E2 HOLD (预算保护 gate=False e2=4)
[21:55:22] t=338 jev INF E2 HOLD (预算保护 gate=False e2=4)
[21:55:24] t=341 jev INF E2 HOLD (预算保护 gate=False e2=4)
[21:55:26] t=343 jev INF E2 HOLD (预算保护 gate=False e2=4)
[21:55:28] t=345 jev INF E2 HOLD (预算保护 gate=False e2=4)
[21:55:29] t=348 jev INF E2 HOLD (预算保护 gate=False e2=4)
[21:55:30] t=350 ALARM enemy approaching -> counter 4 vs 1 -> [79, 109]
[21:55:30] {"kind": "action", "what": "attack_move", "name": null, "qty": null, "tid": null, "ts": "21:55:30"}
[21:55:31] t=350 jev INF E2 HOLD (预算保护 gate=False e2=4)
[21:55:33] t=352 jev INF E2 HOLD (预算保护 gate=False e2=4)
[21:55:33] t=355 RUSH-DEFENSE ON (敌4压门 vs 守4) 动员兵爆产
[21:55:33] t=355 RETREAT E2(30%)
[21:55:33] {"kind": "action", "what": "move", "name": null, "qty": null, "tid": null, "ts": "21:55:33"}
[21:55:35] t=355 jev INF E2 (conf 0.74)
[21:55:35] {"kind": "action", "what": "produce", "name": "E2", "qty": 1, "tid": null, "ts": "21:55:35"}
[21:55:39] t=360 MOVE t=360 RUSH-DEFENSE tanks x0 -> 塔线协防; hold_a x2 -> (69,109); hold_b x1 -> (77,118)
[21:55:39] {"kind": "action", "what": "attack_move", "name": null, "qty": null, "tid": null, "ts": "21:55:39"}
[21:55:39] {"kind": "action", "what": "attack_move", "name": null, "qty": null, "tid": null, "ts": "21:55:39"}
[21:55:39] t=363 ALARM enemy approaching -> TURTLE (3 v 5, 守塔阵不打野战)
[21:55:39] {"kind": "action", "what": "attack_move", "name": null, "qty": null, "tid": null, "ts": "21:55:39"}
[21:55:43] t=368 RETREAT E2(19%)
[21:55:43] {"kind": "action", "what": "move", "name": null, "qty": null, "tid": null, "ts": "21:55:43"}
[21:55:45] t=368 tick#175 credits=0 stance=defend | jev 175 decisions p50=1187ms
[21:55:47] t=374 ALARM NAREFN under attack -> TURTLE (2 v 5, 守塔阵不打野战)
[21:55:47] {"kind": "action", "what": "attack_move", "name": null, "qty": null, "tid": null, "ts": "21:55:47"}
[21:55:55] t=383 RUSH-DEFENSE E2 x4 (敌3压门 守3)
[21:55:55] t=383 RETREAT E2(29%)
[21:55:55] {"kind": "action", "what": "move", "name": null, "qty": null, "tid": null, "ts": "21:55:55"}
[21:55:56] t=383 jev INF E2 (conf 0.70)
[21:55:56] t=383 MOVE t=383 RUSH-DEFENSE tanks x0 -> 塔线协防; hold_a x2 -> (71,109); hold_b x1 -> (76,121)
[21:55:56] {"kind": "action", "what": "attack_move", "name": null, "qty": null, "tid": null, "ts": "21:55:56"}
[21:55:56] {"kind": "action", "what": "attack_move", "name": null, "qty": null, "tid": null, "ts": "21:55:56"}
[21:55:57] t=386 ALARM NAREFN under attack -> TURTLE (2 v 3, 守塔阵不打野战)
[21:55:57] {"kind": "action", "what": "attack_move", "name": null, "qty": null, "tid": null, "ts": "21:55:57"}
[21:55:58] t=386 jev INF E2 (conf 0.70)
[21:56:00] t=388 jev INF E2 (conf 0.71)
[21:56:00] {"kind": "action", "what": "produce", "name": "E2", "qty": 1, "tid": null, "ts": "21:56:00"}
[21:56:00] t=391 RETREAT E2(33%)
[21:56:01] {"kind": "action", "what": "move", "name": null, "qty": null, "tid": null, "ts": "21:56:01"}
[21:56:06] t=396 jev INF E2 (conf 0.68)
[21:56:06] t=396 MOVE t=396 RUSH-DEFENSE tanks x0 -> 塔线协防; hold_a x2 -> (74,110); hold_b x1 -> (74,123)
[21:56:06] {"kind": "action", "what": "attack_move", "name": null, "qty": null, "tid": null, "ts": "21:56:06"}
[21:56:06] {"kind": "action", "what": "attack_move", "name": null, "qty": null, "tid": null, "ts": "21:56:06"}
[21:56:06] t=399 ALARM NAREFN under attack -> TURTLE (2 v 3, 守塔阵不打野战)
[21:56:06] {"kind": "action", "what": "attack_move", "name": null, "qty": null, "tid": null, "ts": "21:56:06"}
[21:56:08] t=399 jev BUILD NAPOWR HOLD (资金闸门: 坦克优先, cash=157)
[21:56:08] t=399 jev INF E2 (conf 0.65)
[21:56:10] t=401 jev BUILD NAPOWR HOLD (资金闸门: 坦克优先, cash=122)
[21:56:10] t=401 jev INF E2 (conf 0.63)
[21:56:12] t=404 jev BUILD NAPOWR HOLD (资金闸门: 坦克优先, cash=87)
[21:56:12] t=404 jev INF E2 (conf 0.58)
[21:56:12] t=406 SCOUT #1241->[173, 13]
[21:56:12] {"kind": "action", "what": "attack_move", "name": null, "qty": null, "tid": null, "ts": "21:56:12"}
[21:56:13] t=406 jev BUILD NAPOWR HOLD (资金闸门: 坦克优先, cash=50)
[21:56:13] t=406 jev INF E2 (conf 0.56)
[21:56:14] t=409 SCOUT* #1241->[185, 73]
[21:56:14] {"kind": "action", "what": "attack_move", "name": null, "qty": null, "tid": null, "ts": "21:56:14"}
[21:56:15] t=409 jev BUILD NAPOWR HOLD (资金闸门: 坦克优先, cash=15)
[21:56:15] t=409 jev INF E2 (conf 0.52)
[21:56:15] t=409 MOVE t=409 RUSH-DEFENSE tanks x0 -> 塔线协防; hold_a x2 -> (71,109); hold_b x1 -> (76,121)
[21:56:15] {"kind": "action", "what": "attack_move", "name": null, "qty": null, "tid": null, "ts": "21:56:15"}
[21:56:15] {"kind": "action", "what": "attack_move", "name": null, "qty": null, "tid": null, "ts": "21:56:15"}
[21:56:16] t=411 ALARM unit lost -> counter 2 vs 2 -> [70, 117]
[21:56:16] {"kind": "action", "what": "attack_move", "name": null, "qty": null, "tid": null, "ts": "21:56:16"}
[21:56:17] t=411 jev BUILD NAPOWR HOLD (资金闸门: 坦克优先, cash=0)
[21:56:17] t=411 jev INF E2 (conf 0.60)
[21:56:19] t=414 jev BUILD NAPOWR HOLD (资金闸门: 坦克优先, cash=0)
[21:56:19] t=414 jev INF E2 (conf 0.63)
[21:56:21] t=416 jev BUILD NAPOWR HOLD (资金闸门: 坦克优先, cash=0)
[21:56:21] t=416 jev INF E2 (conf 0.58)
[21:56:23] t=419 jev BUILD NAPOWR HOLD (资金闸门: 坦克优先, cash=0)
[21:56:23] t=419 jev INF E2 (conf 0.59)
[21:56:23] t=421 RETREAT E2(33%)
[21:56:23] {"kind": "action", "what": "move", "name": null, "qty": null, "tid": null, "ts": "21:56:23"}
[21:56:25] t=421 jev BUILD NAPOWR HOLD (资金闸门: 坦克优先, cash=0)
[21:56:25] t=421 jev INF E2 (conf 0.61)
[21:56:25] t=421 MOVE t=421 RUSH-DEFENSE tanks x0 -> 塔线协防; hold_a x1 -> (68,109); hold_b x1 -> (77,118)
[21:56:25] {"kind": "action", "what": "attack_move", "name": null, "qty": null, "tid": null, "ts": "21:56:25"}
[21:56:25] {"kind": "action", "what": "attack_move", "name": null, "qty": null, "tid": null, "ts": "21:56:25"}
[21:56:25] t=424 ALARM NAREFN under attack -> counter 1 vs 1 -> [73, 114]
[21:56:25] {"kind": "action", "what": "attack_move", "name": null, "qty": null, "tid": null, "ts": "21:56:25"}
[21:56:27] t=424 jev BUILD NAPOWR HOLD (资金闸门: 坦克优先, cash=0)
[21:56:27] t=424 jev INF E2 (conf 0.65)
[21:56:27] {"kind": "action", "what": "produce", "name": "E2", "qty": 1, "tid": null, "ts": "21:56:27"}
[21:56:29] t=426 jev BUILD NAPOWR HOLD (资金闸门: 坦克优先, cash=0)
[21:56:29] t=429 RUSH-DEFENSE OFF (威胁解除) 恢复原公式
[21:56:31] t=429 jev BUILD NAPOWR HOLD (资金闸门: 坦克优先, cash=0)
[21:56:32] t=431 jev BUILD NAPOWR HOLD (资金闸门: 坦克优先, cash=0)
[21:56:32] t=431 tick#200 credits=0 stance=defend | jev 200 decisions p50=1241ms
[21:56:34] t=434 jev BUILD NAPOWR HOLD (资金闸门: 坦克优先, cash=0)
[21:56:36] t=436 jev BUILD NAPOWR HOLD (资金闸门: 坦克优先, cash=0)
[21:56:38] t=439 jev BUILD NAPOWR HOLD (资金闸门: 坦克优先, cash=0)
[21:56:40] t=441 jev BUILD NAPOWR HOLD (资金闸门: 坦克优先, cash=0)
[21:56:42] t=444 jev BUILD NAPOWR HOLD (资金闸门: 坦克优先, cash=0)
[21:56:44] t=446 jev BUILD NAPOWR HOLD (资金闸门: 坦克优先, cash=0)
[21:56:44] t=449 POWER plant (reserve -35)
[21:56:44] {"kind": "action", "what": "produce", "name": "NAPOWR", "qty": 1, "tid": null, "ts": "21:56:44"}
[21:56:50] t=454 jev INF E2 (conf 0.26)
[21:56:52] t=457 jev INF E2 (conf 0.28)
[21:56:53] t=459 jev INF E2 HOLD (预算保护 gate=False e2=3)
[21:56:55] t=462 jev INF E2 HOLD (预算保护 gate=False e2=3)
[21:56:57] t=464 jev INF E2 HOLD (预算保护 gate=False e2=3)
[21:56:59] t=467 jev INF E2 HOLD (预算保护 gate=False e2=3)
[21:56:59] t=469 SCOUT* #1241->[173, 13]
[21:56:59] {"kind": "action", "what": "attack_move", "name": null, "qty": null, "tid": null, "ts": "21:56:59"}
[21:57:01] t=469 jev INF E2 HOLD (预算保护 gate=False e2=3)
[21:57:03] t=472 jev INF E2 HOLD (预算保护 gate=False e2=3)
[21:57:05] t=474 jev INF E2 HOLD (预算保护 gate=False e2=3)
[21:57:07] t=477 jev INF E2 HOLD (预算保护 gate=False e2=3)
[21:57:09] t=480 jev INF E2 HOLD (预算保护 gate=False e2=3)
[21:57:11] t=482 jev INF E2 HOLD (预算保护 gate=False e2=3)
[21:57:13] t=485 jev INF E2 HOLD (预算保护 gate=False e2=3)
[21:57:15] t=488 jev INF E2 HOLD (预算保护 gate=False e2=3)
[21:57:17] t=490 jev INF E2 (conf 0.26)
[21:57:17] {"kind": "action", "what": "produce", "name": "E2", "qty": 1, "tid": null, "ts": "21:57:17"}
[21:57:20] t=495 tick#225 credits=928 stance=defend | jev 225 decisions p50=1305ms
[21:57:26] t=503 MOVE hold_a x2 -> (68,109); hold_b x2 -> (77,118)
[21:57:26] {"kind": "action", "what": "attack_move", "name": null, "qty": null, "tid": null, "ts": "21:57:26"}
[21:57:26] {"kind": "action", "what": "attack_move", "name": null, "qty": null, "tid": null, "ts": "21:57:26"}
[21:57:28] t=506 jev BUILD NAHAND HOLD (资金闸门: 坦克优先, cash=676)
[21:57:28] t=506 jev INF E2 HOLD (预算保护 gate=False e2=4)
[21:57:30] t=508 jev BUILD NAHAND HOLD (资金闸门: 坦克优先, cash=613)
[21:57:32] t=511 jev BUILD NAHAND HOLD (资金闸门: 坦克优先, cash=552)
[21:57:32] t=511 MOVE assault x1 -> (73,120)
[21:57:32] {"kind": "action", "what": "attack_move", "name": null, "qty": null, "tid": null, "ts": "21:57:32"}
[21:57:34] t=513 jev BUILD NAHAND (conf 0.23)
[21:57:34] {"kind": "action", "what": "produce", "name": "NAHAND", "qty": 1, "tid": null, "ts": "21:57:34"}
[21:57:36] t=516 jev INF E2 (conf 0.30)
[21:57:38] t=518 jev INF E2 (conf 0.28)
[21:57:40] t=521 jev INF E2 (conf 0.27)
[21:57:42] t=523 jev INF E2 (conf 0.28)
[21:57:44] t=526 jev INF E2 (conf 0.29)
[21:57:44] {"kind": "action", "what": "produce", "name": "E2", "qty": 1, "tid": null, "ts": "21:57:44"}
[21:57:44] t=529 SCOUT* #1241->[173, 13]
[21:57:44] {"kind": "action", "what": "attack_move", "name": null, "qty": null, "tid": null, "ts": "21:57:44"}
[21:57:45] t=529 MOVE assault x1 -> (73,120)
[21:57:45] {"kind": "action", "what": "attack_move", "name": null, "qty": null, "tid": null, "ts": "21:57:45"}
[21:57:49] t=534 jev INF E2 HOLD (预算保护 gate=False e2=5)
[21:57:51] t=536 jev INF E2 HOLD (预算保护 gate=False e2=5)
[21:57:53] t=539 jev INF E2 HOLD (预算保护 gate=False e2=5)
[21:57:55] t=541 jev INF E2 HOLD (预算保护 gate=False e2=5)
[21:57:56] t=543 jev INF E2 HOLD (预算保护 gate=False e2=5)
[21:57:58] t=546 jev BUILD NARADR HOLD (资金闸门: 坦克优先, cash=215)
[21:57:58] t=546 jev INF E2 HOLD (预算保护 gate=False e2=5)
[21:57:58] t=546 jev VEH HARV HOLD (预算保护 cash=215 aav帽=ok aav=0)
[21:57:58] t=546 MOVE assault x1 -> (73,120); guard x1 -> (73,120)
[21:57:58] {"kind": "action", "what": "attack_move", "name": null, "qty": null, "tid": null, "ts": "21:57:58"}
[21:57:58] {"kind": "action", "what": "attack_move", "name": null, "qty": null, "tid": null, "ts": "21:57:58"}
[21:58:00] t=548 jev BUILD NARADR HOLD (资金闸门: 坦克优先, cash=215)
[21:58:00] t=548 jev INF E2 HOLD (预算保护 gate=False e2=5)
[21:58:00] t=548 jev VEH HARV HOLD (预算保护 cash=215 aav帽=ok aav=0)
[21:58:02] t=551 jev BUILD NAWEAP HOLD (资金闸门: 坦克优先, cash=215)
[21:58:02] t=551 jev VEH HTNK HOLD (预算保护 cash=215 aav帽=ok aav=0)
[21:58:04] t=554 jev BUILD NAWEAP HOLD (资金闸门: 坦克优先, cash=215)
[21:58:04] t=554 jev VEH HTNK HOLD (预算保护 cash=215 aav帽=ok aav=0)
[21:58:06] t=556 jev BUILD NAWEAP HOLD (资金闸门: 坦克优先, cash=215)
[21:58:06] t=556 jev VEH HTNK HOLD (预算保护 cash=215 aav帽=ok aav=0)
[21:58:06] t=559 ALARM enemy approaching -> counter 6 vs 1 -> [83, 112]
[21:58:06] {"kind": "action", "what": "attack_move", "name": null, "qty": null, "tid": null, "ts": "21:58:06"}
[21:58:06] t=559 ECON harv#4
[21:58:06] {"kind": "action", "what": "produce", "name": "HARV", "qty": 1, "tid": null, "ts": "21:58:06"}
[21:58:08] t=559 jev BUILD NAWEAP HOLD (资金闸门: 坦克优先, cash=1340)
[21:58:08] t=559 jev INF E2 (conf 0.32)
[21:58:08] t=559 tick#250 credits=1340 stance=defend | jev 250 decisions p50=1349ms
[21:58:10] t=561 jev BUILD NAREFN (conf 0.14)
[21:58:10] {"kind": "action", "what": "produce", "name": "NAREFN", "qty": 1, "tid": null, "ts": "21:58:10"}
[21:58:12] t=564 jev INF E2 (conf 0.28)
[21:58:12] {"kind": "action", "what": "produce", "name": "E2", "qty": 1, "tid": null, "ts": "21:58:12"}
[21:58:16] t=569 MOVE assault x1 -> (73,120); hold_a x3 -> (71,109); hold_b x2 -> (77,120)
[21:58:16] {"kind": "action", "what": "attack_move", "name": null, "qty": null, "tid": null, "ts": "21:58:16"}
[21:58:16] {"kind": "action", "what": "attack_move", "name": null, "qty": null, "tid": null, "ts": "21:58:16"}
[21:58:16] {"kind": "action", "what": "attack_move", "name": null, "qty": null, "tid": null, "ts": "21:58:16"}
[21:58:18] t=572 jev INF E2 HOLD (预算保护 gate=False e2=6)
[21:58:18] t=574 ALARM enemy approaching -> counter 7 vs 1 -> [84, 112]
[21:58:18] {"kind": "action", "what": "attack_move", "name": null, "qty": null, "tid": null, "ts": "21:58:18"}
[21:58:26] t=584 RETREAT E2(31%)
[21:58:26] {"kind": "action", "what": "move", "name": null, "qty": null, "tid": null, "ts": "21:58:26"}
[21:58:27] t=584 MOVE hold_b x3 -> (76,121)
[21:58:27] {"kind": "action", "what": "attack_move", "name": null, "qty": null, "tid": null, "ts": "21:58:27"}
[21:58:28] t=587 ALARM enemy approaching -> counter 6 vs 1 -> [83, 111]
[21:58:28] {"kind": "action", "what": "attack_move", "name": null, "qty": null, "tid": null, "ts": "21:58:28"}
[21:58:31] t=592 SCOUT* #1241->[185, 59]
[21:58:31] {"kind": "action", "what": "attack_move", "name": null, "qty": null, "tid": null, "ts": "21:58:31"}
[21:58:36] t=597 MOVE assault x1 -> (73,120); hold_a x3 -> (69,109); hold_b x2 -> (77,119); guard x1 -> (73,120)
[21:58:36] {"kind": "action", "what": "attack_move", "name": null, "qty": null, "tid": null, "ts": "21:58:36"}
[21:58:37] {"kind": "action", "what": "attack_move", "name": null, "qty": null, "tid": null, "ts": "21:58:37"}
[21:58:37] {"kind": "action", "what": "attack_move", "name": null, "qty": null, "tid": null, "ts": "21:58:37"}
[21:58:37] {"kind": "action", "what": "attack_move", "name": null, "qty": null, "tid": null, "ts": "21:58:37"}
[21:58:38] t=599 jev INF E2 HOLD (预算保护 gate=False e2=5)
[21:58:40] t=602 jev INF E2 HOLD (预算保护 gate=False e2=5)
[21:58:42] t=604 jev INF E2 HOLD (预算保护 gate=False e2=5)
[21:58:44] t=607 jev INF E2 (conf 0.26)
[21:58:44] {"kind": "action", "what": "produce", "name": "E2", "qty": 1, "tid": null, "ts": "21:58:44"}
[21:58:49] t=614 MOVE assault x1 -> (73,120)
[21:58:49] {"kind": "action", "what": "attack_move", "name": null, "qty": null, "tid": null, "ts": "21:58:49"}
[21:58:51] t=617 jev INF E2 HOLD (预算保护 gate=False e2=6)
[21:58:53] t=619 jev INF E2 HOLD (预算保护 gate=False e2=6)
[21:58:55] t=621 tick#275 credits=254 stance=defend | jev 275 decisions p50=1421ms
[21:59:02] t=631 MOVE assault x1 -> (73,120)
[21:59:02] {"kind": "action", "what": "attack_move", "name": null, "qty": null, "tid": null, "ts": "21:59:02"}
[21:59:08] t=638 MOVE guard x1 -> (73,120)
[21:59:08] {"kind": "action", "what": "attack_move", "name": null, "qty": null, "tid": null, "ts": "21:59:08"}
[21:59:08] t=641 ALARM enemy approaching -> counter 7 vs 1 -> [86, 111]
[21:59:08] {"kind": "action", "what": "attack_move", "name": null, "qty": null, "tid": null, "ts": "21:59:08"}
[21:59:10] t=641 jev INF E2 (conf 0.34)
[21:59:10] {"kind": "action", "what": "produce", "name": "E2", "qty": 1, "tid": null, "ts": "21:59:10"}
[21:59:11] t=643 jev VEH HTNK HOLD (预算保护 cash=716 aav帽=ok aav=0)
[21:59:13] t=646 jev VEH HARV HOLD (预算保护 cash=598 aav帽=ok aav=0)
[21:59:15] t=648 jev INF E2 HOLD (预算保护 gate=False e2=7)
[21:59:15] t=648 jev VEH DRON HOLD (预算保护 cash=518 aav帽=ok aav=0)
[21:59:17] t=651 jev INF E2 HOLD (预算保护 gate=False e2=7)
[21:59:17] t=651 jev VEH HARV HOLD (预算保护 cash=460 aav帽=ok aav=0)
[21:59:17] t=651 MOVE assault x1 -> (73,120); hold_a x4 -> (71,109); hold_b x3 -> (77,120)
[21:59:17] {"kind": "action", "what": "attack_move", "name": null, "qty": null, "tid": null, "ts": "21:59:17"}
[21:59:17] {"kind": "action", "what": "attack_move", "name": null, "qty": null, "tid": null, "ts": "21:59:17"}
[21:59:17] {"kind": "action", "what": "attack_move", "name": null, "qty": null, "tid": null, "ts": "21:59:17"}
[21:59:17] t=653 ALARM enemy approaching -> counter 8 vs 4 -> [84, 110]
[21:59:17] {"kind": "action", "what": "attack_move", "name": null, "qty": null, "tid": null, "ts": "21:59:17"}
[21:59:17] t=653 SCOUT* #1241->[185, 59]
[21:59:17] {"kind": "action", "what": "attack_move", "name": null, "qty": null, "tid": null, "ts": "21:59:17"}
[21:59:19] t=653 jev INF E2 HOLD (预算保护 gate=False e2=7)
[21:59:19] t=653 jev VEH HARV HOLD (预算保护 cash=396 aav帽=ok aav=0)
[21:59:20] t=656 RETREAT E2(7%)
[21:59:20] {"kind": "action", "what": "move", "name": null, "qty": null, "tid": null, "ts": "21:59:20"}
[21:59:21] t=656 jev INF E2 HOLD (预算保护 gate=False e2=7)
[21:59:21] t=656 jev VEH DRON HOLD (预算保护 cash=323 aav帽=ok aav=0)
[21:59:22] t=659 RETREAT HTNK(22%)
[21:59:22] {"kind": "action", "what": "move", "name": null, "qty": null, "tid": null, "ts": "21:59:22"}
[21:59:23] t=659 jev INF E2 HOLD (预算保护 gate=False e2=7)
[21:59:23] t=659 jev VEH DRON HOLD (预算保护 cash=260 aav帽=ok aav=0)
[21:59:25] t=661 jev INF E2 HOLD (预算保护 gate=False e2=7)
[21:59:25] t=661 jev VEH DRON HOLD (预算保护 cash=199 aav帽=ok aav=0)
[21:59:25] t=664 ALARM enemy approaching -> counter 6 vs 2 -> [85, 110]
[21:59:25] {"kind": "action", "what": "attack_move", "name": null, "qty": null, "tid": null, "ts": "21:59:25"}
[21:59:27] t=664 jev INF E2 HOLD (预算保护 gate=False e2=7)
[21:59:27] t=664 jev VEH DRON HOLD (预算保护 cash=138 aav帽=ok aav=0)
[21:59:29] t=667 jev INF E2 HOLD (预算保护 gate=False e2=7)
[21:59:29] t=667 jev VEH HTNK HOLD (预算保护 cash=75 aav帽=ok aav=0)
[21:59:31] t=669 jev INF E2 HOLD (预算保护 gate=False e2=7)
[21:59:31] t=669 jev VEH HTNK HOLD (预算保护 cash=16 aav帽=ok aav=0)
[21:59:32] t=671 jev INF E2 HOLD (预算保护 gate=False e2=7)
[21:59:32] t=671 jev VEH HTNK HOLD (预算保护 cash=0 aav帽=ok aav=0)
[21:59:34] t=674 jev INF E2 HOLD (预算保护 gate=False e2=7)
[21:59:34] t=674 jev VEH DRON HOLD (预算保护 cash=0 aav帽=ok aav=0)
[21:59:34] t=674 MOVE assault x1 -> (73,120); hold_b x3 -> (76,121)
[21:59:34] {"kind": "action", "what": "attack_move", "name": null, "qty": null, "tid": null, "ts": "21:59:34"}
[21:59:34] {"kind": "action", "what": "attack_move", "name": null, "qty": null, "tid": null, "ts": "21:59:34"}
[21:59:34] t=676 ALARM enemy approaching -> counter 6 vs 1 -> [86, 110]
[21:59:35] {"kind": "action", "what": "attack_move", "name": null, "qty": null, "tid": null, "ts": "21:59:35"}
[21:59:36] t=676 jev INF E2 HOLD (预算保护 gate=False e2=7)
[21:59:36] t=676 jev VEH DRON HOLD (预算保护 cash=0 aav帽=ok aav=0)
[21:59:38] t=679 jev INF E2 HOLD (预算保护 gate=False e2=7)
[21:59:38] t=679 jev VEH DRON HOLD (预算保护 cash=0 aav帽=ok aav=0)
[21:59:40] t=681 jev VEH HTNK HOLD (预算保护 cash=0 aav帽=ok aav=0)
[21:59:42] t=684 jev VEH HTNK HOLD (预算保护 cash=0 aav帽=ok aav=0)
[21:59:42] t=684 tick#300 credits=0 stance=defend | jev 300 decisions p50=1510ms
[21:59:43] t=686 jev INF E2 HOLD (预算保护 gate=False e2=7)
[21:59:43] t=686 jev VEH HTNK HOLD (预算保护 cash=0 aav帽=ok aav=0)
[21:59:45] t=688 jev VEH HTNK HOLD (预算保护 cash=0 aav帽=ok aav=0)
[21:59:47] t=691 jev INF E2 HOLD (预算保护 gate=False e2=7)
[21:59:47] t=691 jev VEH HTNK HOLD (预算保护 cash=0 aav帽=ok aav=0)
[21:59:47] t=691 MOVE assault x1 -> (73,120)
[21:59:47] {"kind": "action", "what": "attack_move", "name": null, "qty": null, "tid": null, "ts": "21:59:47"}
[21:59:49] t=693 jev INF E2 HOLD (预算保护 gate=False e2=7)
[21:59:49] t=693 jev VEH HTNK HOLD (预算保护 cash=0 aav帽=ok aav=0)
[21:59:51] t=696 jev VEH HTNK HOLD (预算保护 cash=0 aav帽=ok aav=0)
[21:59:52] t=698 jev INF E2 HOLD (预算保护 gate=False e2=7)
[21:59:52] t=698 jev VEH HTNK HOLD (预算保护 cash=0 aav帽=ok aav=0)
[21:59:54] t=700 jev INF E2 HOLD (预算保护 gate=False e2=7)
[21:59:54] t=700 jev VEH HTNK HOLD (预算保护 cash=0 aav帽=ok aav=0)
[21:59:56] t=702 jev INF E2 HOLD (预算保护 gate=False e2=7)
[21:59:56] t=702 jev VEH HTNK HOLD (预算保护 cash=0 aav帽=ok aav=0)
[21:59:57] t=705 jev INF E2 HOLD (预算保护 gate=False e2=7)
[21:59:57] t=705 jev VEH HTNK HOLD (预算保护 cash=0 aav帽=ok aav=0)
[21:59:58] t=707 TANK HTNK x1
[21:59:58] {"kind": "action", "what": "produce", "name": "HTNK", "qty": 1, "tid": null, "ts": "21:59:58"}
[21:59:59] t=707 jev INF E2 (conf 0.28)
[21:59:59] {"kind": "action", "what": "produce", "name": "E2", "qty": 1, "tid": null, "ts": "21:59:59"}
[21:59:59] t=707 MOVE assault x1 -> (73,120)
[21:59:59] {"kind": "action", "what": "attack_move", "name": null, "qty": null, "tid": null, "ts": "21:59:59"}
[22:00:01] t=712 POWER plant (reserve 55)
[22:00:01] {"kind": "action", "what": "produce", "name": "NAPOWR", "qty": 1, "tid": null, "ts": "22:00:01"}
[22:00:03] t=714 SCOUT* #1241->[185, 66]
[22:00:03] {"kind": "action", "what": "attack_move", "name": null, "qty": null, "tid": null, "ts": "22:00:03"}
[22:00:05] t=714 jev INF E2 HOLD (预算保护 gate=False e2=8)
[22:00:06] t=717 jev INF E2 (conf 0.30)
[22:00:08] t=719 jev INF E2 (conf 0.30)
[22:00:10] t=721 jev INF E2 HOLD (预算保护 gate=False e2=8)
[22:00:10] t=723 RETREAT E2(22%)
[22:00:10] {"kind": "action", "what": "move", "name": null, "qty": null, "tid": null, "ts": "22:00:10"}
[22:00:11] t=723 jev INF E2 HOLD (预算保护 gate=False e2=8)
[22:00:11] t=723 MOVE assault x1 -> (73,120)
[22:00:11] {"kind": "action", "what": "attack_move", "name": null, "qty": null, "tid": null, "ts": "22:00:11"}
[22:00:13] t=726 jev INF E2 HOLD (预算保护 gate=False e2=8)
[22:00:15] t=728 jev INF E2 HOLD (预算保护 gate=False e2=8)
[22:00:17] t=731 jev INF E2 HOLD (预算保护 gate=False e2=8)
[22:00:19] t=733 jev INF E2 HOLD (预算保护 gate=False e2=8)
[22:00:19] t=733 MOVE hold_a x4 -> (71,109)
[22:00:19] {"kind": "action", "what": "attack_move", "name": null, "qty": null, "tid": null, "ts": "22:00:19"}
[22:00:20] t=735 jev INF E2 HOLD (预算保护 gate=False e2=8)
[22:00:22] t=738 jev BUILD NARADR HOLD (资金闸门: 坦克优先, cash=0)
[22:00:22] t=738 jev INF E2 HOLD (预算保护 gate=False e2=8)
[22:00:24] t=740 jev BUILD NARADR HOLD (资金闸门: 坦克优先, cash=0)
[22:00:24] t=740 jev INF E2 HOLD (预算保护 gate=False e2=8)
[22:00:24] t=740 MOVE assault x1 -> (73,120)
[22:00:24] {"kind": "action", "what": "attack_move", "name": null, "qty": null, "tid": null, "ts": "22:00:24"}
[22:00:26] t=742 jev BUILD NARADR HOLD (资金闸门: 坦克优先, cash=0)
[22:00:26] t=742 jev INF E2 HOLD (预算保护 gate=False e2=8)
[22:00:26] t=742 tick#325 credits=0 stance=defend | jev 325 decisions p50=1523ms
[22:00:27] t=745 jev BUILD NARADR HOLD (资金闸门: 坦克优先, cash=0)
[22:00:27] t=745 jev INF E2 HOLD (预算保护 gate=False e2=8)
[22:00:29] t=747 jev BUILD NARADR HOLD (资金闸门: 坦克优先, cash=0)
[22:00:29] t=747 jev INF E2 HOLD (预算保护 gate=False e2=8)
[22:00:31] t=749 jev BUILD NARADR HOLD (资金闸门: 坦克优先, cash=0)
[22:00:31] t=749 jev INF E2 HOLD (预算保护 gate=False e2=8)
[22:00:32] t=751 jev BUILD NARADR HOLD (资金闸门: 坦克优先, cash=0)
[22:00:32] t=751 jev INF E2 HOLD (预算保护 gate=False e2=8)
[22:00:34] t=754 jev BUILD NARADR HOLD (资金闸门: 坦克优先, cash=0)
[22:00:34] t=754 jev INF E2 HOLD (预算保护 gate=False e2=8)
[22:00:36] t=756 jev BUILD NARADR HOLD (资金闸门: 坦克优先, cash=0)
[22:00:36] t=756 jev INF E2 HOLD (预算保护 gate=False e2=8)
[22:00:36] t=756 MOVE hold_b x4 -> (76,121)
[22:00:36] {"kind": "action", "what": "attack_move", "name": null, "qty": null, "tid": null, "ts": "22:00:36"}
[22:00:38] t=758 jev BUILD NARADR HOLD (资金闸门: 坦克优先, cash=0)
[22:00:38] t=758 jev INF E2 HOLD (预算保护 gate=False e2=8)
[22:00:38] t=758 MOVE assault x1 -> (73,120)
[22:00:38] {"kind": "action", "what": "attack_move", "name": null, "qty": null, "tid": null, "ts": "22:00:38"}
[22:00:39] t=761 jev BUILD NARADR HOLD (资金闸门: 坦克优先, cash=0)
[22:00:39] t=761 jev INF E2 HOLD (预算保护 gate=False e2=8)
[22:00:41] t=763 jev BUILD NARADR HOLD (资金闸门: 坦克优先, cash=0)
[22:00:41] t=763 jev INF E2 HOLD (预算保护 gate=False e2=8)
[22:00:43] t=765 jev BUILD NARADR HOLD (资金闸门: 坦克优先, cash=0)
[22:00:43] t=765 jev INF E2 HOLD (预算保护 gate=False e2=8)
[22:00:45] t=768 jev BUILD NARADR HOLD (资金闸门: 坦克优先, cash=0)
[22:00:45] t=768 jev INF E2 HOLD (预算保护 gate=False e2=8)
[22:00:47] t=770 jev BUILD NARADR HOLD (资金闸门: 坦克优先, cash=0)
[22:00:47] t=770 jev INF E2 HOLD (预算保护 gate=False e2=8)
[22:00:48] t=773 jev BUILD NARADR HOLD (资金闸门: 坦克优先, cash=150)
[22:00:48] t=773 jev INF E2 HOLD (预算保护 gate=False e2=8)
[22:00:48] t=775 SCOUT* #1241->[185, 66]
[22:00:48] {"kind": "action", "what": "attack_move", "name": null, "qty": null, "tid": null, "ts": "22:00:48"}
[22:00:50] t=775 jev BUILD NARADR HOLD (资金闸门: 坦克优先, cash=94)
[22:00:50] t=775 jev INF E2 HOLD (预算保护 gate=False e2=8)
[22:00:50] t=775 MOVE assault x1 -> (73,120)
[22:00:50] {"kind": "action", "what": "attack_move", "name": null, "qty": null, "tid": null, "ts": "22:00:50"}
[22:00:52] t=777 jev BUILD NARADR HOLD (资金闸门: 坦克优先, cash=35)
[22:00:52] t=777 jev INF E2 HOLD (预算保护 gate=False e2=8)
[22:00:53] t=779 jev BUILD NARADR HOLD (资金闸门: 坦克优先, cash=5)
[22:00:53] t=779 jev INF E2 HOLD (预算保护 gate=False e2=8)
[22:00:53] t=779 jev VEH HTNK HOLD (预算保护 cash=5 aav帽=ok aav=0)
[22:00:53] t=779 MOVE guard x1 -> (73,120)
[22:00:53] {"kind": "action", "what": "attack_move", "name": null, "qty": null, "tid": null, "ts": "22:00:53"}
[22:00:55] t=782 jev BUILD NARADR HOLD (资金闸门: 坦克优先, cash=655)
[22:00:55] t=782 jev INF E2 HOLD (预算保护 gate=False e2=8)
[22:00:55] t=782 jev VEH HTNK HOLD (预算保护 cash=655 aav帽=ok aav=0)
[22:00:57] t=784 jev BUILD NARADR HOLD (资金闸门: 坦克优先, cash=655)
[22:00:57] t=784 jev INF E2 HOLD (预算保护 gate=False e2=8)
[22:00:57] t=784 jev VEH HTNK HOLD (预算保护 cash=655 aav帽=ok aav=0)
[22:00:59] t=786 jev BUILD NARADR HOLD (资金闸门: 坦克优先, cash=655)
[22:00:59] t=786 jev INF E2 HOLD (预算保护 gate=False e2=8)
[22:00:59] t=786 jev VEH HTNK HOLD (预算保护 cash=655 aav帽=ok aav=0)
[22:01:00] t=789 jev BUILD NARADR HOLD (资金闸门: 坦克优先, cash=655)
[22:01:00] t=789 jev INF E2 HOLD (预算保护 gate=False e2=8)
[22:01:00] t=789 jev VEH HTNK HOLD (预算保护 cash=655 aav帽=ok aav=0)
[22:01:02] t=791 jev BUILD NARADR HOLD (资金闸门: 坦克优先, cash=655)
[22:01:02] t=791 jev INF E2 HOLD (预算保护 gate=False e2=8)
[22:01:02] t=791 jev VEH HTNK HOLD (预算保护 cash=655 aav帽=ok aav=0)
[22:01:02] t=791 MOVE assault x1 -> (73,120)
[22:01:02] {"kind": "action", "what": "attack_move", "name": null, "qty": null, "tid": null, "ts": "22:01:02"}
[22:01:03] t=794 TANK HTNK x1
[22:01:03] {"kind": "action", "what": "produce", "name": "HTNK", "qty": 1, "tid": null, "ts": "22:01:03"}
[22:01:04] t=794 jev BUILD NARADR HOLD (资金闸门: 坦克优先, cash=880)
[22:01:04] t=794 jev INF E2 (conf 0.28)
[22:01:04] {"kind": "action", "what": "produce", "name": "E2", "qty": 1, "tid": null, "ts": "22:01:04"}
[22:01:06] t=796 jev BUILD NARADR HOLD (资金闸门: 坦克优先, cash=1114)
[22:01:08] t=798 jev BUILD NARADR HOLD (资金闸门: 坦克优先, cash=994)
[22:01:09] t=801 jev BUILD NARADR HOLD (资金闸门: 坦克优先, cash=917)
[22:01:09] t=801 tick#350 credits=917 stance=defend | jev 350 decisions p50=1536ms
[22:01:11] t=803 jev BUILD NARADR HOLD (资金闸门: 坦克优先, cash=860)
[22:01:13] t=805 jev BUILD NARADR HOLD (资金闸门: 坦克优先, cash=802)
[22:01:13] t=808 AIR-DEFENSE 2nd AA
[22:01:13] {"kind": "action", "what": "produce", "name": "NAFLAK", "qty": 1, "tid": null, "ts": "22:01:13"}
[22:01:15] t=808 jev BUILD NARADR HOLD (资金闸门: 坦克优先, cash=1569)
[22:01:15] t=808 MOVE assault x1 -> (73,120)
[22:01:15] {"kind": "action", "what": "attack_move", "name": null, "qty": null, "tid": null, "ts": "22:01:15"}
[22:01:17] t=811 jev BUILD NARADR HOLD (资金闸门: 坦克优先, cash=1420)
[22:01:19] t=813 jev BUILD NARADR HOLD (资金闸门: 坦克优先, cash=1296)
[22:01:19] t=813 MOVE hold_a x5 -> (71,109)
[22:01:19] {"kind": "action", "what": "attack_move", "name": null, "qty": null, "tid": null, "ts": "22:01:19"}
[22:01:21] t=816 jev BUILD NARADR HOLD (资金闸门: 坦克优先, cash=1155)
[22:01:23] t=819 jev BUILD NARADR HOLD (资金闸门: 坦克优先, cash=1018)
[22:01:25] t=821 jev BUILD NARADR HOLD (资金闸门: 坦克优先, cash=953)
[22:01:25] t=821 MOVE guard x1 -> (73,120)
[22:01:25] {"kind": "action", "what": "attack_move", "name": null, "qty": null, "tid": null, "ts": "22:01:25"}
[22:01:26] t=824 ALARM unit lost -> TURTLE (9 v 10, 守塔阵不打野战)
[22:01:26] {"kind": "action", "what": "attack_move", "name": null, "qty": null, "tid": null, "ts": "22:01:26"}
[22:01:27] t=824 jev BUILD NARADR HOLD (资金闸门: 坦克优先, cash=805)
[22:01:28] t=827 RETREAT HTNK(39%)
[22:01:28] {"kind": "action", "what": "move", "name": null, "qty": null, "tid": null, "ts": "22:01:28"}
[22:01:29] t=827 jev BUILD NARADR HOLD (资金闸门: 坦克优先, cash=668)
[22:01:30] t=830 AA HTK x2 (enemy air, alive 0)
[22:01:30] {"kind": "action", "what": "produce", "name": "HTK", "qty": 2, "tid": null, "ts": "22:01:30"}
[22:01:30] t=830 SCOUT2 #1310->[130, 83]
[22:01:30] {"kind": "action", "what": "attack_move", "name": null, "qty": null, "tid": null, "ts": "22:01:30"}
[22:01:31] t=830 jev BUILD NARADR HOLD (资金闸门: 坦克优先, cash=532)
[22:01:34] t=833 jev BUILD NARADR HOLD (资金闸门: 坦克优先, cash=389)
[22:01:34] t=833 MOVE assault x2 -> (73,120); hold_a x5 -> (74,110); hold_b x4 -> (74,123)
[22:01:34] {"kind": "action", "what": "attack_move", "name": null, "qty": null, "tid": null, "ts": "22:01:34"}
[22:01:34] {"kind": "action", "what": "attack_move", "name": null, "qty": null, "tid": null, "ts": "22:01:34"}
[22:01:34] {"kind": "action", "what": "attack_move", "name": null, "qty": null, "tid": null, "ts": "22:01:34"}
[22:01:36] t=835 jev BUILD NARADR HOLD (资金闸门: 坦克优先, cash=233)
[22:01:36] t=838 ALARM enemy approaching -> RESCUE 预备队 3 人驰援远端 [93, 106]
[22:01:36] {"kind": "action", "what": "attack_move", "name": null, "qty": null, "tid": null, "ts": "22:01:36"}
[22:01:36] t=838 SCOUT* #1241->[185, 61]
[22:01:36] {"kind": "action", "what": "attack_move", "name": null, "qty": null, "tid": null, "ts": "22:01:36"}
[22:01:38] t=838 jev BUILD NARADR HOLD (资金闸门: 坦克优先, cash=171)
[22:01:38] t=841 ESCORT 坦克#1310 -> 护航矿车@[92, 105]
[22:01:38] {"kind": "action", "what": "attack_move", "name": null, "qty": null, "tid": null, "ts": "22:01:38"}
[22:01:40] t=841 jev BUILD NARADR HOLD (资金闸门: 坦克优先, cash=18)
[22:01:42] t=844 jev BUILD NARADR HOLD (资金闸门: 坦克优先, cash=0)
[22:01:44] t=846 jev BUILD NARADR HOLD (资金闸门: 坦克优先, cash=0)
[22:01:44] t=846 jev INF E2 HOLD (预算保护 gate=False e2=9)
[22:01:44] t=846 MOVE t=846 AIR-EVADE assault x2 -> home (坦克打不到空中, 等AA猎杀); hold_a x5 -> (71,109); hold_b x4 -> (76,120)
[22:01:44] {"kind": "action", "what": "attack_move", "name": null, "qty": null, "tid": null, "ts": "22:01:44"}
[22:01:44] {"kind": "action", "what": "attack_move", "name": null, "qty": null, "tid": null, "ts": "22:01:44"}
[22:01:44] t=849 ALARM unit lost -> TURTLE (10 v 10, 守塔阵不打野战)
[22:01:44] {"kind": "action", "what": "attack_move", "name": null, "qty": null, "tid": null, "ts": "22:01:44"}
[22:01:46] t=849 jev BUILD NARADR HOLD (资金闸门: 坦克优先, cash=0)
[22:01:46] t=849 jev INF E2 HOLD (预算保护 gate=False e2=9)
[22:01:48] t=852 jev BUILD NARADR HOLD (资金闸门: 坦克优先, cash=0)
[22:01:48] t=852 jev INF E2 HOLD (预算保护 gate=False e2=9)
[22:01:48] t=855 RETREAT HTNK(37%)
[22:01:48] {"kind": "action", "what": "move", "name": null, "qty": null, "tid": null, "ts": "22:01:48"}
[22:01:50] t=855 jev BUILD NARADR HOLD (资金闸门: 坦克优先, cash=0)
[22:01:50] t=855 jev INF E2 HOLD (预算保护 gate=False e2=9)
[22:01:52] t=857 jev BUILD NARADR HOLD (资金闸门: 坦克优先, cash=0)
[22:01:52] t=857 jev INF E2 HOLD (预算保护 gate=False e2=9)
[22:01:54] t=860 jev BUILD NARADR HOLD (资金闸门: 坦克优先, cash=0)
[22:01:54] t=860 jev INF E2 HOLD (预算保护 gate=False e2=9)
[22:01:54] t=860 MOVE assault x1 -> (73,120); t=860 AIR-EVADE assault x1 -> home (坦克打不到空中, 等AA猎杀); hold_b x4 -> (76,121)
[22:01:54] {"kind": "action", "what": "attack_move", "name": null, "qty": null, "tid": null, "ts": "22:01:54"}
[22:01:54] {"kind": "action", "what": "attack_move", "name": null, "qty": null, "tid": null, "ts": "22:01:54"}
[22:01:55] t=863 ALARM enemy approaching -> TURTLE (9 v 9, 守塔阵不打野战)
[22:01:55] {"kind": "action", "what": "attack_move", "name": null, "qty": null, "tid": null, "ts": "22:01:55"}
[22:01:56] t=863 jev BUILD NARADR HOLD (资金闸门: 坦克优先, cash=0)
[22:01:56] t=863 jev INF E2 HOLD (预算保护 gate=False e2=9)
[22:01:58] t=866 jev BUILD NARADR HOLD (资金闸门: 坦克优先, cash=0)
[22:01:58] t=866 jev INF E2 HOLD (预算保护 gate=False e2=8)
[22:01:59] t=868 RETREAT E2(3%)
[22:01:59] {"kind": "action", "what": "move", "name": null, "qty": null, "tid": null, "ts": "22:01:59"}
[22:02:01] t=868 jev BUILD NARADR HOLD (资金闸门: 坦克优先, cash=0)
[22:02:01] t=868 jev INF E2 HOLD (预算保护 gate=False e2=8)
[22:02:01] t=868 tick#375 credits=0 stance=defend | jev 375 decisions p50=1552ms
[22:02:03] t=872 jev BUILD NARADR HOLD (资金闸门: 坦克优先, cash=0)
[22:02:03] t=872 jev INF E2 HOLD (预算保护 gate=False e2=8)
[22:02:03] t=872 MOVE t=872 AIR-EVADE assault x1 -> home (坦克打不到空中, 等AA猎杀); hold_a x4 -> (74,110); hold_b x4 -> (74,123); guard x1 -> (73,120)
[22:02:03] {"kind": "action", "what": "attack_move", "name": null, "qty": null, "tid": null, "ts": "22:02:03"}
[22:02:03] {"kind": "action", "what": "attack_move", "name": null, "qty": null, "tid": null, "ts": "22:02:03"}
[22:02:03] {"kind": "action", "what": "attack_move", "name": null, "qty": null, "tid": null, "ts": "22:02:03"}
[22:02:03] t=875 ALARM unit lost -> TURTLE (7 v 6, 守塔阵不打野战)
[22:02:03] {"kind": "action", "what": "attack_move", "name": null, "qty": null, "tid": null, "ts": "22:02:03"}
[22:02:05] t=875 jev BUILD NARADR HOLD (资金闸门: 坦克优先, cash=0)
[22:02:05] t=875 jev INF E2 HOLD (预算保护 gate=False e2=6)
[22:02:07] t=877 jev BUILD NAWEAP HOLD (资金闸门: 坦克优先, cash=0)
[22:02:07] t=877 jev INF E2 HOLD (预算保护 gate=False e2=6)
[22:02:09] t=880 jev BUILD NAWEAP HOLD (资金闸门: 坦克优先, cash=0)
[22:02:09] t=880 jev INF E2 HOLD (预算保护 gate=False e2=6)
[22:02:11] t=882 jev BUILD NARADR HOLD (资金闸门: 坦克优先, cash=0)
[22:02:11] t=882 jev INF E2 HOLD (预算保护 gate=False e2=6)
[22:02:11] t=885 RETREAT HTNK(3%)
[22:02:11] {"kind": "action", "what": "move", "name": null, "qty": null, "tid": null, "ts": "22:02:11"}
[22:02:13] t=885 jev BUILD NARADR HOLD (资金闸门: 坦克优先, cash=0)
[22:02:13] t=885 jev INF E2 HOLD (预算保护 gate=False e2=6)
[22:02:13] t=885 MOVE assault x1 -> (73,120); hold_a x3 -> (72,109); hold_b x3 -> (76,122)
[22:02:13] {"kind": "action", "what": "attack_move", "name": null, "qty": null, "tid": null, "ts": "22:02:13"}
[22:02:13] {"kind": "action", "what": "attack_move", "name": null, "qty": null, "tid": null, "ts": "22:02:13"}
[22:02:13] {"kind": "action", "what": "attack_move", "name": null, "qty": null, "tid": null, "ts": "22:02:13"}
[22:02:13] t=888 ALARM enemy approaching -> counter 6 vs 1 -> [79, 113]
[22:02:13] {"kind": "action", "what": "attack_move", "name": null, "qty": null, "tid": null, "ts": "22:02:13"}
[22:02:15] t=888 jev BUILD NARADR HOLD (资金闸门: 坦克优先, cash=129)
[22:02:15] t=888 jev INF E2 HOLD (预算保护 gate=False e2=6)
[22:02:16] t=890 jev BUILD NARADR HOLD (资金闸门: 坦克优先, cash=0)
[22:02:16] t=890 jev INF E2 HOLD (预算保护 gate=False e2=6)
[22:02:17] t=892 SCOUT #1526->[104, 13] (敌影)
[22:02:17] {"kind": "action", "what": "attack_move", "name": null, "qty": null, "tid": null, "ts": "22:02:17"}
[22:02:18] t=892 jev BUILD NARADR HOLD (资金闸门: 坦克优先, cash=0)
[22:02:18] t=892 jev INF E2 HOLD (预算保护 gate=False e2=6)
[22:02:20] t=895 jev BUILD NARADR HOLD (资金闸门: 坦克优先, cash=0)
[22:02:20] t=895 jev INF E2 HOLD (预算保护 gate=False e2=6)
[22:02:22] t=897 jev BUILD NARADR HOLD (资金闸门: 坦克优先, cash=0)
[22:02:22] t=897 jev INF E2 HOLD (预算保护 gate=False e2=6)
[22:02:22] t=897 MOVE hold_a x3 -> (73,109); hold_b x3 -> (75,122)
[22:02:22] {"kind": "action", "what": "attack_move", "name": null, "qty": null, "tid": null, "ts": "22:02:22"}
[22:02:22] {"kind": "action", "what": "attack_move", "name": null, "qty": null, "tid": null, "ts": "22:02:22"}
[22:02:22] t=900 SCOUT* #1526->[185, 91]
[22:02:22] {"kind": "action", "what": "attack_move", "name": null, "qty": null, "tid": null, "ts": "22:02:22"}
[22:02:24] t=900 jev BUILD NARADR HOLD (资金闸门: 坦克优先, cash=0)
[22:02:24] t=900 jev INF E2 HOLD (预算保护 gate=False e2=6)
[22:02:25] t=902 jev BUILD NARADR HOLD (资金闸门: 坦克优先, cash=0)
[22:02:25] t=902 jev INF E2 HOLD (预算保护 gate=False e2=6)
[22:02:27] t=904 jev BUILD NARADR HOLD (资金闸门: 坦克优先, cash=0)
[22:02:27] t=904 jev INF E2 HOLD (预算保护 gate=False e2=6)
[22:02:29] t=907 jev BUILD NARADR HOLD (资金闸门: 坦克优先, cash=0)
[22:02:29] t=907 jev INF E2 HOLD (预算保护 gate=False e2=6)
[22:02:30] t=909 jev BUILD NARADR HOLD (资金闸门: 坦克优先, cash=0)
[22:02:30] t=909 jev INF E2 HOLD (预算保护 gate=False e2=6)
[22:02:32] t=911 jev BUILD NARADR HOLD (资金闸门: 坦克优先, cash=0)
[22:02:32] t=911 jev INF E2 HOLD (预算保护 gate=False e2=6)
[22:02:32] {"kind": "action", "what": "produce", "name": "NAWEAP", "qty": 1, "tid": null, "ts": "22:02:32"}
[22:02:32] t=913 OPENING BUILD NAWEAP
[22:02:34] t=913 jev INF E2 (conf 0.37)
[22:02:34] {"kind": "action", "what": "produce", "name": "E2", "qty": 1, "tid": null, "ts": "22:02:34"}
[22:02:37] t=918 MOVE aahunt x1 -> (79,114)
[22:02:37] {"kind": "action", "what": "attack_move", "name": null, "qty": null, "tid": null, "ts": "22:02:37"}
[22:02:39] t=920 jev INF E2 (conf 0.41)
[22:02:41] t=923 jev INF E2 (conf 0.41)
[22:02:43] t=925 jev INF E2 (conf 0.41)
[22:02:44] t=927 jev INF E2 (conf 0.40)
[22:02:46] t=930 jev INF E2 (conf 0.40)
[22:02:46] t=930 tick#400 credits=1213 stance=defend | jev 400 decisions p50=1558ms
[22:02:48] t=932 jev INF E2 (conf 0.38)
[22:02:50] t=934 jev INF E2 (conf 0.37)
[22:02:50] t=937 TANK HTNK x1
[22:02:50] {"kind": "action", "what": "produce", "name": "HTNK", "qty": 1, "tid": null, "ts": "22:02:50"}
[22:02:51] t=937 jev INF E2 (conf 0.35)
[22:02:53] t=939 jev INF E2 (conf 0.36)
[22:02:55] t=941 jev INF E2 HOLD (预算保护 gate=False e2=7)
[22:02:56] t=943 jev INF E2 HOLD (预算保护 gate=False e2=7)
[22:02:58] t=946 jev INF E2 HOLD (预算保护 gate=False e2=7)
[22:03:00] t=948 jev INF E2 HOLD (预算保护 gate=False e2=7)
[22:03:01] t=950 jev INF E2 HOLD (预算保护 gate=False e2=7)
[22:03:03] t=952 jev INF E2 HOLD (预算保护 gate=False e2=7)
[22:03:05] t=954 jev INF E2 HOLD (预算保护 gate=False e2=7)
[22:03:05] t=954 MOVE aahunt x2 -> 攻击目标#1593@(124,88)
[22:03:05] {"kind": "action", "what": "attack_obj", "name": null, "qty": null, "tid": 1593, "ts": "22:03:05"}
[22:03:05] t=957 RETREAT E2(7%)
[22:03:05] {"kind": "action", "what": "move", "name": null, "qty": null, "tid": null, "ts": "22:03:05"}
[22:03:07] t=957 jev INF E2 HOLD (预算保护 gate=False e2=7)
[22:03:07] t=957 MOVE aahunt x2 -> 攻击目标#1512@(122,91)
[22:03:07] {"kind": "action", "what": "attack_obj", "name": null, "qty": null, "tid": 1512, "ts": "22:03:07"}
[22:03:09] t=959 jev INF E2 HOLD (预算保护 gate=False e2=7)
[22:03:09] t=959 MOVE aahunt x2 -> 攻击目标#1512@(120,95)
[22:03:09] {"kind": "action", "what": "attack_obj", "name": null, "qty": null, "tid": 1512, "ts": "22:03:09"}
[22:03:09] t=962 SCOUT* #1526->[185, 91]
[22:03:09] {"kind": "action", "what": "attack_move", "name": null, "qty": null, "tid": null, "ts": "22:03:09"}
[22:03:10] t=962 jev INF E2 HOLD (预算保护 gate=False e2=7)
[22:03:10] t=962 MOVE aahunt x2 -> 攻击目标#1593@(118,99)
[22:03:10] {"kind": "action", "what": "attack_obj", "name": null, "qty": null, "tid": 1593, "ts": "22:03:10"}
[22:03:12] t=965 jev INF E2 HOLD (预算保护 gate=False e2=7)
[22:03:14] t=967 jev INF E2 HOLD (预算保护 gate=False e2=7)
[22:03:14] t=967 MOVE aahunt x2 -> 攻击目标#1512@(117,100)
[22:03:14] {"kind": "action", "what": "attack_obj", "name": null, "qty": null, "tid": 1512, "ts": "22:03:14"}
[22:03:16] t=970 jev INF E2 HOLD (预算保护 gate=False e2=7)
[22:03:16] t=970 MOVE aahunt x2 -> (79,114)
[22:03:16] {"kind": "action", "what": "attack_move", "name": null, "qty": null, "tid": null, "ts": "22:03:16"}
[22:03:18] t=972 jev INF E2 HOLD (预算保护 gate=False e2=7)
[22:03:18] t=972 MOVE aahunt x2 -> 攻击目标#1529@(116,101)
[22:03:18] {"kind": "action", "what": "attack_obj", "name": null, "qty": null, "tid": 1529, "ts": "22:03:18"}
[22:03:20] t=975 jev INF E2 HOLD (预算保护 gate=False e2=7)
[22:03:20] t=975 MOVE aahunt x2 -> 攻击目标#1822@(115,101)
[22:03:20] {"kind": "action", "what": "attack_obj", "name": null, "qty": null, "tid": 1822, "ts": "22:03:20"}
[22:03:22] t=977 jev INF E2 HOLD (预算保护 gate=False e2=7)
[22:03:22] t=977 MOVE hold_a x4 -> (73,109); hold_b x3 -> (75,122)
[22:03:22] {"kind": "action", "what": "attack_move", "name": null, "qty": null, "tid": null, "ts": "22:03:22"}
[22:03:22] {"kind": "action", "what": "attack_move", "name": null, "qty": null, "tid": null, "ts": "22:03:22"}
[22:03:24] t=980 jev INF E2 HOLD (预算保护 gate=False e2=7)
[22:03:26] t=982 jev INF E2 HOLD (预算保护 gate=False e2=7)
[22:03:26] t=982 MOVE aahunt x2 -> 攻击目标#1842@(115,102)
[22:03:26] {"kind": "action", "what": "attack_obj", "name": null, "qty": null, "tid": 1842, "ts": "22:03:26"}
[22:03:28] t=985 jev INF E2 HOLD (预算保护 gate=False e2=7)
[22:03:30] t=988 jev INF E2 HOLD (预算保护 gate=False e2=7)
[22:03:31] t=990 jev INF E2 HOLD (预算保护 gate=False e2=7)
[22:03:31] t=990 tick#425 credits=0 stance=defend | jev 425 decisions p50=1568ms
[22:03:33] t=993 jev INF E2 HOLD (预算保护 gate=False e2=7)
[22:03:35] t=995 jev INF E2 HOLD (预算保护 gate=False e2=7)
[22:03:35] t=995 MOVE aahunt x2 -> 攻击目标#1754@(116,102)
[22:03:35] {"kind": "action", "what": "attack_obj", "name": null, "qty": null, "tid": 1754, "ts": "22:03:35"}
[22:03:37] t=998 jev INF E2 HOLD (预算保护 gate=False e2=7)
[22:03:37] t=998 MOVE aahunt x2 -> 攻击目标#1822@(115,100)
[22:03:37] {"kind": "action", "what": "attack_obj", "name": null, "qty": null, "tid": 1822, "ts": "22:03:37"}
[22:03:39] t=1000 jev INF E2 HOLD (预算保护 gate=False e2=7)
[22:03:41] t=1003 jev INF E2 HOLD (预算保护 gate=False e2=7)
[22:03:43] t=1005 jev INF E2 HOLD (预算保护 gate=False e2=7)
[22:03:43] t=1005 MOVE aahunt x2 -> 攻击目标#1842@(115,101)
[22:03:43] {"kind": "action", "what": "attack_obj", "name": null, "qty": null, "tid": 1842, "ts": "22:03:43"}
[22:03:45] t=1008 jev INF E2 HOLD (预算保护 gate=False e2=7)
[22:03:45] t=1008 MOVE aahunt x2 -> 攻击目标#1842@(115,100)
[22:03:45] {"kind": "action", "what": "attack_obj", "name": null, "qty": null, "tid": 1842, "ts": "22:03:45"}
[22:03:45] t=1011 RETREAT HTK(25%)
[22:03:45] {"kind": "action", "what": "move", "name": null, "qty": null, "tid": null, "ts": "22:03:45"}
[22:03:47] t=1011 jev INF E2 HOLD (预算保护 gate=False e2=7)
[22:03:47] t=1011 MOVE aahunt x2 -> 攻击目标#1754@(116,99)
[22:03:47] {"kind": "action", "what": "attack_obj", "name": null, "qty": null, "tid": 1754, "ts": "22:03:47"}
[22:03:47] t=1013 ALARM unit lost -> TURTLE (7 v 11, 守塔阵不打野战)
[22:03:47] {"kind": "action", "what": "attack_move", "name": null, "qty": null, "tid": null, "ts": "22:03:47"}
[22:03:49] t=1013 jev INF E2 HOLD (预算保护 gate=False e2=7)
[22:03:51] t=1016 jev INF E2 HOLD (预算保护 gate=False e2=7)
[22:03:51] t=1018 RETREAT HTK(25%)
[22:03:51] {"kind": "action", "what": "move", "name": null, "qty": null, "tid": null, "ts": "22:03:51"}
[22:03:53] t=1018 jev INF E2 HOLD (预算保护 gate=False e2=7)
[22:03:54] t=1021 jev INF E2 HOLD (预算保护 gate=False e2=7)
[22:03:56] t=1023 jev INF E2 HOLD (预算保护 gate=False e2=7)
[22:03:56] t=1023 MOVE hold_a x4 -> (74,110); hold_b x3 -> (74,123)
[22:03:56] {"kind": "action", "what": "attack_move", "name": null, "qty": null, "tid": null, "ts": "22:03:56"}
[22:03:56] {"kind": "action", "what": "attack_move", "name": null, "qty": null, "tid": null, "ts": "22:03:56"}
[22:03:58] t=1026 jev INF E2 HOLD (预算保护 gate=False e2=7)
[22:04:00] t=1028 jev INF E2 HOLD (预算保护 gate=False e2=7)
[22:04:02] t=1031 jev INF E2 HOLD (预算保护 gate=False e2=7)
[22:04:04] t=1033 jev INF E2 HOLD (预算保护 gate=False e2=7)
[22:04:06] t=1036 jev INF E2 HOLD (预算保护 gate=False e2=7)
[22:04:08] t=1038 jev INF E2 HOLD (预算保护 gate=False e2=7)
[22:04:09] t=1041 jev INF E2 HOLD (预算保护 gate=False e2=7)
[22:04:11] t=1043 jev INF E2 HOLD (预算保护 gate=False e2=7)
[22:04:13] t=1046 jev INF E2 HOLD (预算保护 gate=False e2=7)
[22:04:15] t=1048 jev INF E2 HOLD (预算保护 gate=False e2=7)
[22:04:17] t=1050 jev INF E2 HOLD (预算保护 gate=False e2=7)
[22:04:19] t=1053 jev INF E2 HOLD (预算保护 gate=False e2=7)
[22:04:19] t=1053 tick#450 credits=0 stance=defend | jev 450 decisions p50=1592ms
[22:04:20] t=1055 jev INF E2 (conf 0.30)
[22:04:20] {"kind": "action", "what": "produce", "name": "E2", "qty": 1, "tid": null, "ts": "22:04:20"}
[22:04:26] t=1063 jev INF E2 (conf 0.28)
[22:04:26] t=1065 ECON harv#4
[22:04:26] {"kind": "action", "what": "produce", "name": "HARV", "qty": 1, "tid": null, "ts": "22:04:26"}
[22:04:28] t=1065 jev INF E2 (conf 0.24)
[22:04:28] t=1065 MOVE assault x1 -> (73,120)
[22:04:28] {"kind": "action", "what": "attack_move", "name": null, "qty": null, "tid": null, "ts": "22:04:28"}
[22:04:30] t=1068 jev INF E2 (conf 0.25)
[22:04:32] t=1070 jev INF E2 (conf 0.25)
[22:04:33] t=1073 jev INF E2 (conf 0.26)
[22:04:35] t=1075 jev INF E2 (conf 0.29)
[22:04:37] t=1077 jev INF E2 (conf 0.27)
[22:04:39] t=1080 jev INF E2 (conf 0.26)
[22:04:41] t=1082 jev INF E2 (conf 0.27)
[22:04:41] t=1082 MOVE assault x1 -> (73,120)
[22:04:41] {"kind": "action", "what": "attack_move", "name": null, "qty": null, "tid": null, "ts": "22:04:41"}
[22:04:42] t=1085 jev INF E2 (conf 0.28)
[22:04:44] t=1087 jev INF E2 (conf 0.29)
[22:04:46] t=1090 jev INF E2 HOLD (预算保护 gate=False e2=8)
[22:04:48] t=1092 jev INF E2 HOLD (预算保护 gate=False e2=8)
[22:04:50] t=1094 jev BUILD NARADR HOLD (资金闸门: 坦克优先, cash=571)
[22:04:50] t=1094 jev INF E2 HOLD (预算保护 gate=False e2=8)
[22:04:51] t=1097 jev BUILD NARADR HOLD (资金闸门: 坦克优先, cash=454)
[22:04:51] t=1097 jev INF E2 HOLD (预算保护 gate=False e2=8)
[22:04:53] t=1099 jev BUILD NARADR HOLD (资金闸门: 坦克优先, cash=337)
[22:04:53] t=1099 jev INF E2 HOLD (预算保护 gate=False e2=8)
[22:04:53] t=1099 MOVE assault x1 -> (73,120)
[22:04:53] {"kind": "action", "what": "attack_move", "name": null, "qty": null, "tid": null, "ts": "22:04:53"}
[22:04:55] t=1101 jev BUILD NARADR HOLD (资金闸门: 坦克优先, cash=224)
[22:04:55] t=1101 jev INF E2 HOLD (预算保护 gate=False e2=8)
[22:04:57] t=1104 jev BUILD NARADR HOLD (资金闸门: 坦克优先, cash=107)
[22:04:57] t=1104 jev INF E2 HOLD (预算保护 gate=False e2=8)
[22:04:57] t=1104 MOVE hold_a x4 -> (74,110); hold_b x4 -> (74,123)
[22:04:57] {"kind": "action", "what": "attack_move", "name": null, "qty": null, "tid": null, "ts": "22:04:57"}
[22:04:57] {"kind": "action", "what": "attack_move", "name": null, "qty": null, "tid": null, "ts": "22:04:57"}
[22:04:59] t=1106 jev BUILD NARADR HOLD (资金闸门: 坦克优先, cash=0)
[22:04:59] t=1106 jev INF E2 HOLD (预算保护 gate=False e2=8)
[22:05:01] t=1109 jev BUILD NARADR HOLD (资金闸门: 坦克优先, cash=0)
[22:05:01] t=1109 jev INF E2 HOLD (预算保护 gate=False e2=8)
[22:05:02] t=1111 jev BUILD NARADR HOLD (资金闸门: 坦克优先, cash=0)
[22:05:02] t=1111 jev INF E2 HOLD (预算保护 gate=False e2=8)
[22:05:04] t=1114 jev BUILD NARADR HOLD (资金闸门: 坦克优先, cash=0)
[22:05:04] t=1114 jev INF E2 HOLD (预算保护 gate=False e2=8)
[22:05:04] t=1114 tick#475 credits=0 stance=defend | jev 475 decisions p50=1595ms
[22:05:06] t=1116 jev BUILD NARADR HOLD (资金闸门: 坦克优先, cash=0)
[22:05:06] t=1116 jev INF E2 HOLD (预算保护 gate=False e2=8)
[22:05:06] t=1116 MOVE assault x1 -> (73,120)
[22:05:06] {"kind": "action", "what": "attack_move", "name": null, "qty": null, "tid": null, "ts": "22:05:06"}
[22:05:08] t=1119 jev BUILD NARADR HOLD (资金闸门: 坦克优先, cash=0)
[22:05:08] t=1119 jev INF E2 HOLD (预算保护 gate=False e2=8)
[22:05:10] t=1122 jev BUILD NARADR HOLD (资金闸门: 坦克优先, cash=0)
[22:05:10] t=1122 jev INF E2 HOLD (预算保护 gate=False e2=8)
[22:05:10] t=1124 ALARM unit lost -> TURTLE (8 v 12, 守塔阵不打野战)
[22:05:10] {"kind": "action", "what": "attack_move", "name": null, "qty": null, "tid": null, "ts": "22:05:10"}
[22:05:12] t=1124 jev BUILD NARADR HOLD (资金闸门: 坦克优先, cash=0)
[22:05:12] t=1124 jev INF E2 HOLD (预算保护 gate=False e2=8)
[22:05:14] t=1127 jev BUILD NARADR HOLD (资金闸门: 坦克优先, cash=0)
[22:05:14] t=1127 jev INF E2 HOLD (预算保护 gate=False e2=8)
[22:05:16] t=1129 jev BUILD NARADR HOLD (资金闸门: 坦克优先, cash=167)
[22:05:16] t=1129 jev INF E2 HOLD (预算保护 gate=False e2=8)
[22:05:18] t=1132 jev BUILD NARADR HOLD (资金闸门: 坦克优先, cash=160)
[22:05:18] t=1132 jev INF E2 HOLD (预算保护 gate=False e2=8)
[22:05:18] t=1132 jev VEH DRON HOLD (预算保护 cash=160 aav帽=ok aav=0)
[22:05:20] t=1134 jev BUILD NARADR HOLD (资金闸门: 坦克优先, cash=160)
[22:05:20] t=1134 jev INF E2 HOLD (预算保护 gate=False e2=8)
[22:05:20] t=1134 jev VEH DRON HOLD (预算保护 cash=160 aav帽=ok aav=0)
[22:05:20] t=1134 MOVE assault x1 -> (73,120)
[22:05:20] {"kind": "action", "what": "attack_move", "name": null, "qty": null, "tid": null, "ts": "22:05:20"}
[22:05:22] t=1137 jev BUILD NARADR HOLD (资金闸门: 坦克优先, cash=160)
[22:05:22] t=1137 jev INF E2 HOLD (预算保护 gate=False e2=8)
[22:05:22] t=1137 jev VEH DRON HOLD (预算保护 cash=160 aav帽=ok aav=0)
[22:05:24] t=1139 jev BUILD NARADR HOLD (资金闸门: 坦克优先, cash=160)
[22:05:24] t=1139 jev INF E2 HOLD (预算保护 gate=False e2=8)
[22:05:24] t=1139 jev VEH DRON HOLD (预算保护 cash=160 aav帽=ok aav=0)
[22:05:25] t=1142 jev BUILD NARADR HOLD (资金闸门: 坦克优先, cash=160)
[22:05:25] t=1142 jev INF E2 HOLD (预算保护 gate=False e2=8)
[22:05:25] t=1142 jev VEH DRON HOLD (预算保护 cash=160 aav帽=ok aav=0)
[22:05:27] t=1144 jev BUILD NARADR HOLD (资金闸门: 坦克优先, cash=160)
[22:05:27] t=1144 jev INF E2 HOLD (预算保护 gate=False e2=8)
[22:05:27] t=1144 jev VEH DRON HOLD (预算保护 cash=160 aav帽=ok aav=0)
[22:05:29] t=1147 jev BUILD NARADR HOLD (资金闸门: 坦克优先, cash=160)
[22:05:29] t=1147 jev INF E2 HOLD (预算保护 gate=False e2=8)
[22:05:29] t=1147 jev VEH DRON HOLD (预算保护 cash=160 aav帽=ok aav=0)
[22:05:31] t=1149 jev BUILD NARADR HOLD (资金闸门: 坦克优先, cash=160)
[22:05:31] t=1149 jev INF E2 HOLD (预算保护 gate=False e2=8)
[22:05:31] t=1149 jev VEH DRON HOLD (预算保护 cash=160 aav帽=ok aav=0)
[22:05:33] t=1152 jev BUILD NARADR HOLD (资金闸门: 坦克优先, cash=160)
[22:05:33] t=1152 jev INF E2 HOLD (预算保护 gate=False e2=8)
[22:05:33] t=1152 jev VEH DRON HOLD (预算保护 cash=160 aav帽=ok aav=0)
[22:05:33] t=1152 MOVE assault x1 -> (73,120)
[22:05:33] {"kind": "action", "what": "attack_move", "name": null, "qty": null, "tid": null, "ts": "22:05:33"}
[22:05:35] t=1154 jev BUILD NARADR HOLD (资金闸门: 坦克优先, cash=160)
[22:05:35] t=1154 jev INF E2 HOLD (预算保护 gate=False e2=8)
[22:05:35] t=1154 jev VEH DRON HOLD (预算保护 cash=160 aav帽=ok aav=0)
[22:05:37] t=1157 jev BUILD NARADR HOLD (资金闸门: 坦克优先, cash=160)
[22:05:37] t=1157 jev INF E2 HOLD (预算保护 gate=False e2=8)
[22:05:37] t=1157 jev VEH DRON HOLD (预算保护 cash=160 aav帽=ok aav=0)
[22:05:39] t=1159 jev BUILD NARADR HOLD (资金闸门: 坦克优先, cash=160)
[22:05:39] t=1159 jev INF E2 HOLD (预算保护 gate=False e2=8)
[22:05:39] t=1159 jev VEH DRON HOLD (预算保护 cash=160 aav帽=ok aav=0)
[22:05:40] t=1162 jev BUILD NARADR HOLD (资金闸门: 坦克优先, cash=160)
[22:05:40] t=1162 jev INF E2 HOLD (预算保护 gate=False e2=8)
[22:05:40] t=1162 jev VEH DRON HOLD (预算保护 cash=160 aav帽=ok aav=0)
[22:05:41] t=1164 ALARM enemy approaching -> RESCUE 预备队 3 人驰援远端 [90, 102]
[22:05:41] {"kind": "action", "what": "attack_move", "name": null, "qty": null, "tid": null, "ts": "22:05:41"}
[22:05:41] t=1164 SCOUT* #1526->[185, 30]
[22:05:41] {"kind": "action", "what": "attack_move", "name": null, "qty": null, "tid": null, "ts": "22:05:41"}
[22:05:42] t=1164 jev BUILD NARADR HOLD (资金闸门: 坦克优先, cash=160)
[22:05:42] t=1164 jev INF E2 HOLD (预算保护 gate=False e2=8)
[22:05:42] t=1164 jev VEH HTNK HOLD (预算保护 cash=160 aav帽=ok aav=0)
[22:05:44] t=1167 jev BUILD NARADR HOLD (资金闸门: 坦克优先, cash=160)
[22:05:44] t=1167 jev INF E2 HOLD (预算保护 gate=False e2=8)
[22:05:44] t=1167 jev VEH DRON HOLD (预算保护 cash=160 aav帽=ok aav=0)
[22:05:46] t=1170 jev BUILD NARADR HOLD (资金闸门: 坦克优先, cash=160)
[22:05:46] t=1170 jev INF E2 HOLD (预算保护 gate=False e2=8)
[22:05:46] t=1170 jev VEH DRON HOLD (预算保护 cash=160 aav帽=ok aav=0)
[22:05:48] t=1172 jev BUILD NARADR HOLD (资金闸门: 坦克优先, cash=160)
[22:05:48] t=1172 jev INF E2 HOLD (预算保护 gate=False e2=8)
[22:05:48] t=1172 jev VEH HTNK HOLD (预算保护 cash=160 aav帽=ok aav=0)
[22:05:50] t=1175 jev BUILD NARADR HOLD (资金闸门: 坦克优先, cash=160)
[22:05:50] t=1175 jev INF E2 HOLD (预算保护 gate=False e2=8)
[22:05:50] t=1175 jev VEH HTNK HOLD (预算保护 cash=160 aav帽=ok aav=0)
[22:05:50] t=1175 MOVE assault x1 -> (73,120); t=1175 AIR-EVADE assault x1 -> home (坦克打不到空中, 等AA猎杀); hold_a x4 -> (71,109); hold_b x4 -> (76,121)
[22:05:50] {"kind": "action", "what": "attack_move", "name": null, "qty": null, "tid": null, "ts": "22:05:50"}
[22:05:50] {"kind": "action", "what": "attack_move", "name": null, "qty": null, "tid": null, "ts": "22:05:50"}
[22:05:50] {"kind": "action", "what": "attack_move", "name": null, "qty": null, "tid": null, "ts": "22:05:50"}
[22:05:51] t=1178 ALARM enemy approaching -> TURTLE (8 v 15, 守塔阵不打野战)
[22:05:51] {"kind": "action", "what": "attack_move", "name": null, "qty": null, "tid": null, "ts": "22:05:51"}
[22:05:52] t=1178 jev BUILD NARADR HOLD (资金闸门: 坦克优先, cash=235)
[22:05:52] t=1178 jev INF E2 HOLD (预算保护 gate=False e2=8)
[22:05:52] t=1178 jev VEH HTNK HOLD (预算保护 cash=235 aav帽=ok aav=0)
[22:05:52] t=1178 tick#500 credits=235 stance=defend | jev 500 decisions p50=1606ms
[22:05:54] t=1180 jev BUILD NARADR HOLD (资金闸门: 坦克优先, cash=235)
[22:05:54] t=1180 jev INF E2 HOLD (预算保护 gate=False e2=8)
[22:05:54] t=1180 jev VEH HTNK HOLD (预算保护 cash=235 aav帽=ok aav=0)
[22:05:56] t=1183 jev BUILD NARADR HOLD (资金闸门: 坦克优先, cash=235)
[22:05:56] t=1183 jev INF E2 HOLD (预算保护 gate=False e2=8)
[22:05:56] t=1183 jev VEH HTK HOLD (预算保护 cash=235 aav帽=ok aav=0)
[22:05:58] t=1186 jev BUILD NARADR HOLD (资金闸门: 坦克优先, cash=310)
[22:05:58] t=1186 jev INF E2 HOLD (预算保护 gate=False e2=8)
[22:05:58] t=1186 jev VEH HTNK HOLD (预算保护 cash=310 aav帽=ok aav=0)
[22:06:00] t=1188 jev BUILD NARADR HOLD (资金闸门: 坦克优先, cash=310)
[22:06:00] t=1188 jev INF E2 HOLD (预算保护 gate=False e2=8)
[22:06:00] t=1188 jev VEH HTNK HOLD (预算保护 cash=310 aav帽=ok aav=0)
[22:06:00] t=1188 MOVE t=1188 AIR-EVADE assault x1 -> home (坦克打不到空中, 等AA猎杀); hold_a x4 -> (72,109); hold_b x4 -> (76,122)
[22:06:00] {"kind": "action", "what": "attack_move", "name": null, "qty": null, "tid": null, "ts": "22:06:00"}
[22:06:00] {"kind": "action", "what": "attack_move", "name": null, "qty": null, "tid": null, "ts": "22:06:00"}
[22:06:01] t=1191 ALARM enemy approaching -> TURTLE (8 v 12, 守塔阵不打野战)
[22:06:01] {"kind": "action", "what": "attack_move", "name": null, "qty": null, "tid": null, "ts": "22:06:01"}
[22:06:02] t=1191 jev BUILD NARADR HOLD (资金闸门: 坦克优先, cash=310)
[22:06:02] t=1191 jev INF E2 HOLD (预算保护 gate=False e2=8)
[22:06:02] t=1191 jev VEH HTNK HOLD (预算保护 cash=310 aav帽=ok aav=0)
[22:06:04] t=1194 jev BUILD NARADR HOLD (资金闸门: 坦克优先, cash=310)
[22:06:04] t=1194 jev INF E2 HOLD (预算保护 gate=False e2=8)
[22:06:04] t=1194 jev VEH HTNK HOLD (预算保护 cash=310 aav帽=ok aav=0)
[22:06:06] t=1196 jev BUILD NARADR HOLD (资金闸门: 坦克优先, cash=310)
[22:06:06] t=1196 jev INF E2 HOLD (预算保护 gate=False e2=8)
[22:06:06] t=1196 jev VEH DRON HOLD (预算保护 cash=310 aav帽=ok aav=0)
[22:06:07] t=1199 RETREAT HTNK(34%)
[22:06:07] {"kind": "action", "what": "move", "name": null, "qty": null, "tid": null, "ts": "22:06:07"}
[22:06:08] t=1199 jev BUILD NARADR HOLD (资金闸门: 坦克优先, cash=310)
[22:06:08] t=1199 jev INF E2 HOLD (预算保护 gate=False e2=8)
[22:06:08] t=1199 jev VEH DRON HOLD (预算保护 cash=310 aav帽=ok aav=0)
[22:06:10] t=1202 jev BUILD NARADR HOLD (资金闸门: 坦克优先, cash=310)
[22:06:10] t=1202 jev INF E2 HOLD (预算保护 gate=False e2=8)
[22:06:10] t=1202 jev VEH HTNK HOLD (预算保护 cash=310 aav帽=ok aav=0)
[22:06:10] t=1202 MOVE assault x1 -> (73,120); hold_a x4 -> (71,109); hold_b x4 -> (77,120)
[22:06:10] {"kind": "action", "what": "attack_move", "name": null, "qty": null, "tid": null, "ts": "22:06:10"}
[22:06:10] {"kind": "action", "what": "attack_move", "name": null, "qty": null, "tid": null, "ts": "22:06:10"}
[22:06:11] {"kind": "action", "what": "attack_move", "name": null, "qty": null, "tid": null, "ts": "22:06:11"}
[22:06:11] t=1205 ALARM enemy approaching -> RESCUE 预备队 3 人驰援远端 [92, 106]
[22:06:11] {"kind": "action", "what": "attack_move", "name": null, "qty": null, "tid": null, "ts": "22:06:11"}
[22:06:11] t=1205 ECON harv#4
[22:06:11] t=1205 TANK HTNK x1
[22:06:11] {"kind": "action", "what": "produce", "name": "HARV", "qty": 1, "tid": null, "ts": "22:06:11"}
[22:06:11] {"kind": "action", "what": "produce", "name": "HTNK", "qty": 1, "tid": null, "ts": "22:06:11"}
[22:06:11] {"kind": "action", "what": "produce", "name": "NAWEAP", "qty": 1, "tid": null, "ts": "22:06:11"}
[22:06:11] t=1205 OPENING BUILD NAWEAP
[22:06:13] t=1205 jev INF E2 (conf 0.34)
[22:06:13] {"kind": "action", "what": "produce", "name": "E2", "qty": 1, "tid": null, "ts": "22:06:13"}
[22:06:13] t=1207 SCOUT #1929->[104, 13] (敌影)
[22:06:13] {"kind": "action", "what": "attack_move", "name": null, "qty": null, "tid": null, "ts": "22:06:13"}
[22:06:18] t=1213 jev INF E2 (conf 0.36)
[22:06:20] t=1215 jev INF E2 (conf 0.42)
[22:06:20] t=1215 MOVE hold_a x5 -> (73,109); hold_b x4 -> (75,122)
[22:06:20] {"kind": "action", "what": "attack_move", "name": null, "qty": null, "tid": null, "ts": "22:06:20"}
[22:06:20] {"kind": "action", "what": "attack_move", "name": null, "qty": null, "tid": null, "ts": "22:06:20"}
[22:06:21] t=1218 ALARM enemy approaching -> TURTLE (8 v 13, 守塔阵不打野战)
[22:06:21] {"kind": "action", "what": "attack_move", "name": null, "qty": null, "tid": null, "ts": "22:06:21"}
[22:06:22] t=1218 jev INF E2 (conf 0.46)
[22:06:23] t=1220 RETREAT E2(2%)
[22:06:23] {"kind": "action", "what": "move", "name": null, "qty": null, "tid": null, "ts": "22:06:23"}
[22:06:24] t=1220 jev INF E2 (conf 0.42)
[22:06:26] t=1223 jev INF E2 (conf 0.43)
[22:06:26] t=1226 SCOUT* #1929->[185, 105]
[22:06:27] {"kind": "action", "what": "attack_move", "name": null, "qty": null, "tid": null, "ts": "22:06:27"}
[22:06:28] t=1226 jev INF E2 (conf 0.44)
[22:06:30] t=1228 jev INF E2 HOLD (预算保护 gate=False e2=8)
[22:06:30] t=1228 MOVE hold_a x4 -> (71,109); hold_b x4 -> (76,121)
[22:06:30] {"kind": "action", "what": "attack_move", "name": null, "qty": null, "tid": null, "ts": "22:06:30"}
[22:06:30] {"kind": "action", "what": "attack_move", "name": null, "qty": null, "tid": null, "ts": "22:06:30"}
[22:06:30] t=1231 ALARM enemy approaching -> TURTLE (7 v 7, 守塔阵不打野战)
[22:06:30] {"kind": "action", "what": "attack_move", "name": null, "qty": null, "tid": null, "ts": "22:06:30"}
[22:06:32] t=1231 jev INF E2 HOLD (预算保护 gate=False e2=8)
[22:06:34] t=1233 jev INF E2 HOLD (预算保护 gate=False e2=8)
[22:06:36] t=1236 jev INF E2 HOLD (预算保护 gate=False e2=8)
[22:06:36] t=1239 RETREAT HTNK(14%)
[22:06:36] {"kind": "action", "what": "move", "name": null, "qty": null, "tid": null, "ts": "22:06:36"}
[22:06:38] t=1239 jev INF E2 HOLD (预算保护 gate=False e2=8)
[22:06:40] t=1241 jev INF E2 HOLD (预算保护 gate=False e2=8)
[22:06:40] t=1244 ALARM unit lost -> TURTLE (7 v 6, 守塔阵不打野战)
[22:06:40] {"kind": "action", "what": "attack_move", "name": null, "qty": null, "tid": null, "ts": "22:06:40"}
[22:06:42] t=1244 jev INF E2 HOLD (预算保护 gate=False e2=8)
[22:06:42] t=1244 tick#525 credits=0 stance=defend | jev 525 decisions p50=1611ms
[22:06:44] t=1246 jev INF E2 HOLD (预算保护 gate=False e2=8)
[22:06:46] t=1249 jev INF E2 HOLD (预算保护 gate=False e2=8)
[22:06:48] t=1251 jev INF E2 HOLD (预算保护 gate=False e2=8)
[22:06:49] t=1254 jev INF E2 HOLD (预算保护 gate=False e2=8)
[22:06:49] t=1254 MOVE hold_a x4 -> (74,110); hold_b x4 -> (75,123)
[22:06:49] {"kind": "action", "what": "attack_move", "name": null, "qty": null, "tid": null, "ts": "22:06:49"}
[22:06:49] {"kind": "action", "what": "attack_move", "name": null, "qty": null, "tid": null, "ts": "22:06:49"}
[22:06:50] t=1257 ALARM enemy approaching -> counter 7 vs 5 -> [81, 116]
[22:06:50] {"kind": "action", "what": "attack_move", "name": null, "qty": null, "tid": null, "ts": "22:06:50"}
[22:06:52] t=1257 jev INF E2 HOLD (预算保护 gate=False e2=8)
[22:06:52] t=1259 RETREAT E2(7%)
[22:06:52] {"kind": "action", "what": "move", "name": null, "qty": null, "tid": null, "ts": "22:06:52"}
[22:06:53] t=1259 jev INF E2 HOLD (预算保护 gate=False e2=8)
[22:06:54] t=1262 RETREAT E2(38%)
[22:06:54] {"kind": "action", "what": "move", "name": null, "qty": null, "tid": null, "ts": "22:06:54"}
[22:06:55] t=1262 jev INF E2 HOLD (预算保护 gate=False e2=8)
[22:06:57] t=1264 jev INF E2 HOLD (预算保护 gate=False e2=8)
[22:06:59] t=1267 jev INF E2 HOLD (预算保护 gate=False e2=8)
[22:06:59] t=1267 MOVE hold_a x4 -> (73,109); hold_b x4 -> (75,122)
[22:06:59] {"kind": "action", "what": "attack_move", "name": null, "qty": null, "tid": null, "ts": "22:06:59"}
[22:06:59] {"kind": "action", "what": "attack_move", "name": null, "qty": null, "tid": null, "ts": "22:06:59"}
[22:07:00] t=1270 ALARM enemy approaching -> TURTLE (6 v 7, 守塔阵不打野战)
[22:07:00] {"kind": "action", "what": "attack_move", "name": null, "qty": null, "tid": null, "ts": "22:07:00"}
[22:07:01] t=1270 jev INF E2 HOLD (预算保护 gate=False e2=8)
[22:07:03] t=1272 jev INF E2 HOLD (预算保护 gate=False e2=8)
[22:07:04] t=1275 RETREAT E2(38%)
[22:07:04] {"kind": "action", "what": "move", "name": null, "qty": null, "tid": null, "ts": "22:07:04"}
[22:07:05] t=1275 jev INF E2 HOLD (预算保护 gate=False e2=8)
[22:07:07] t=1278 jev INF E2 HOLD (预算保护 gate=False e2=8)
[22:07:08] t=1280 ALARM enemy approaching -> TURTLE (4 v 9, 守塔阵不打野战)
[22:07:08] {"kind": "action", "what": "attack_move", "name": null, "qty": null, "tid": null, "ts": "22:07:08"}
[22:07:08] t=1280 RETREAT E2(32%)
[22:07:08] {"kind": "action", "what": "move", "name": null, "qty": null, "tid": null, "ts": "22:07:08"}
[22:07:09] t=1280 jev INF E2 HOLD (预算保护 gate=False e2=8)
[22:07:11] t=1283 jev INF E2 HOLD (预算保护 gate=False e2=8)
[22:07:13] t=1286 jev INF E2 HOLD (预算保护 gate=False e2=8)
[22:07:15] t=1288 jev INF E2 HOLD (预算保护 gate=False e2=8)
[22:07:17] t=1291 jev INF E2 HOLD (预算保护 gate=False e2=8)
[22:07:18] t=1294 ALARM NAREFN under attack -> TURTLE (4 v 9, 守塔阵不打野战)
[22:07:18] {"kind": "action", "what": "attack_move", "name": null, "qty": null, "tid": null, "ts": "22:07:18"}
[22:07:19] t=1294 jev INF E2 HOLD (预算保护 gate=False e2=8)
[22:07:21] t=1296 jev INF E2 HOLD (预算保护 gate=False e2=8)
[22:07:23] t=1299 jev INF E2 HOLD (预算保护 gate=False e2=8)
[22:07:26] t=1302 jev INF E2 HOLD (预算保护 gate=False e2=8)
[22:07:26] t=1305 ALARM enemy approaching -> TURTLE (4 v 9, 守塔阵不打野战)
[22:07:26] {"kind": "action", "what": "attack_move", "name": null, "qty": null, "tid": null, "ts": "22:07:26"}
[22:07:28] t=1305 jev INF E2 HOLD (预算保护 gate=False e2=8)
[22:07:30] t=1307 jev INF E2 HOLD (预算保护 gate=False e2=8)
[22:07:31] t=1310 jev INF E2 HOLD (预算保护 gate=False e2=8)
[22:07:31] t=1310 tick#550 credits=0 stance=defend | jev 550 decisions p50=1615ms
[22:07:33] t=1313 jev INF E2 HOLD (预算保护 gate=False e2=8)
[22:07:35] t=1315 jev INF E2 HOLD (预算保护 gate=False e2=8)
[22:07:36] t=1318 ALARM enemy approaching -> RESCUE 预备队 3 人驰援远端 [90, 102]
[22:07:36] {"kind": "action", "what": "attack_move", "name": null, "qty": null, "tid": null, "ts": "22:07:36"}
[22:07:37] t=1318 jev INF E2 HOLD (预算保护 gate=False e2=8)
[22:07:39] t=1320 jev INF E2 HOLD (预算保护 gate=False e2=8)
[22:07:41] t=1323 jev INF E2 HOLD (预算保护 gate=False e2=8)
[22:07:43] t=1325 jev INF E2 HOLD (预算保护 gate=False e2=8)
[22:07:45] t=1328 jev INF E2 HOLD (预算保护 gate=False e2=8)
[22:07:45] t=1328 MOVE hold_a x4 -> (67,109); hold_b x4 -> (77,117)
[22:07:45] {"kind": "action", "what": "attack_move", "name": null, "qty": null, "tid": null, "ts": "22:07:45"}
[22:07:45] {"kind": "action", "what": "attack_move", "name": null, "qty": null, "tid": null, "ts": "22:07:45"}
[22:07:47] t=1331 jev INF E2 HOLD (预算保护 gate=False e2=8)
[22:07:49] t=1333 jev INF E2 HOLD (预算保护 gate=False e2=8)
[22:07:51] t=1336 jev INF E2 HOLD (预算保护 gate=False e2=8)
[22:07:51] t=1339 ALARM enemy approaching -> RESCUE 预备队 3 人驰援远端 [91, 102]
[22:07:51] {"kind": "action", "what": "attack_move", "name": null, "qty": null, "tid": null, "ts": "22:07:51"}
[22:07:53] t=1339 jev INF E2 HOLD (预算保护 gate=False e2=8)
[22:07:55] t=1341 jev INF E2 HOLD (预算保护 gate=False e2=8)
[22:07:57] t=1344 jev INF E2 HOLD (预算保护 gate=False e2=8)
[22:07:59] t=1346 jev INF E2 (conf 0.45)
[22:07:59] {"kind": "action", "what": "produce", "name": "E2", "qty": 1, "tid": null, "ts": "22:07:59"}
[22:08:00] t=1349 MOVE hold_a x4 -> (68,109)
[22:08:00] {"kind": "action", "what": "attack_move", "name": null, "qty": null, "tid": null, "ts": "22:08:00"}
[22:08:03] t=1354 ECON harv#5
[22:08:03] {"kind": "action", "what": "produce", "name": "HARV", "qty": 1, "tid": null, "ts": "22:08:03"}
[22:08:03] t=1354 SCOUT #2425->[162, 13]
[22:08:03] {"kind": "action", "what": "attack_move", "name": null, "qty": null, "tid": null, "ts": "22:08:03"}
[22:08:04] t=1354 jev INF E2 (conf 0.45)
[22:08:05] t=1356 SCOUT* #2425->[162, 13]
[22:08:05] {"kind": "action", "what": "attack_move", "name": null, "qty": null, "tid": null, "ts": "22:08:05"}
[22:08:06] t=1356 jev INF E2 (conf 0.43)
[22:08:08] t=1359 jev INF E2 (conf 0.47)
[22:08:10] t=1362 jev INF E2 (conf 0.43)
[22:08:12] t=1364 jev INF E2 (conf 0.44)
[22:08:14] t=1367 jev INF E2 HOLD (预算保护 gate=False e2=9)
[22:08:16] t=1370 jev INF E2 HOLD (预算保护 gate=False e2=9)
[22:08:18] t=1372 jev INF E2 HOLD (预算保护 gate=False e2=9)
[22:08:20] t=1375 jev INF E2 HOLD (预算保护 gate=False e2=9)
[22:08:20] t=1375 tick#575 credits=161 stance=defend | jev 575 decisions p50=1623ms
[22:08:22] t=1377 jev INF E2 HOLD (预算保护 gate=False e2=9)
[22:08:24] t=1380 jev INF E2 HOLD (预算保护 gate=False e2=9)
[22:08:26] t=1383 jev INF E2 HOLD (预算保护 gate=False e2=9)
[22:08:28] t=1385 jev INF E2 HOLD (预算保护 gate=False e2=9)
[22:08:30] t=1388 jev INF E2 HOLD (预算保护 gate=False e2=9)
[22:08:32] t=1391 jev INF E2 HOLD (预算保护 gate=False e2=9)
[22:08:32] t=1394 ALARM enemy approaching -> RESCUE 预备队 3 人驰援远端 [90, 102]
[22:08:33] {"kind": "action", "what": "attack_move", "name": null, "qty": null, "tid": null, "ts": "22:08:33"}
[22:08:34] t=1394 jev INF E2 HOLD (预算保护 gate=False e2=9)
[22:08:36] t=1396 jev INF E2 HOLD (预算保护 gate=False e2=9)
[22:08:38] t=1399 jev INF E2 HOLD (预算保护 gate=False e2=9)
[22:08:40] t=1401 jev INF E2 HOLD (预算保护 gate=False e2=9)
[22:08:42] t=1404 jev INF E2 HOLD (预算保护 gate=False e2=9)
[22:08:42] t=1404 MOVE hold_a x5 -> (67,109)
[22:08:42] {"kind": "action", "what": "attack_move", "name": null, "qty": null, "tid": null, "ts": "22:08:42"}
[22:08:44] t=1407 jev INF E2 HOLD (预算保护 gate=False e2=9)
[22:08:44] t=1407 jev VEH DRON HOLD (预算保护 cash=48 aav帽=ok aav=0)
[22:08:46] t=1410 jev INF E2 HOLD (预算保护 gate=False e2=9)
[22:08:46] t=1410 jev VEH DRON HOLD (预算保护 cash=0 aav帽=ok aav=0)
[22:08:46] t=1410 MOVE hold_b x4 -> (77,117)
[22:08:46] {"kind": "action", "what": "attack_move", "name": null, "qty": null, "tid": null, "ts": "22:08:46"}
[22:08:48] t=1412 jev INF E2 HOLD (预算保护 gate=False e2=9)
[22:08:48] t=1412 jev VEH DRON HOLD (预算保护 cash=0 aav帽=ok aav=0)
[22:08:50] t=1415 jev INF E2 HOLD (预算保护 gate=False e2=9)
[22:08:50] t=1415 jev VEH DRON HOLD (预算保护 cash=0 aav帽=ok aav=0)
[22:08:51] t=1418 SCOUT* #2425->[157, 13]
[22:08:51] {"kind": "action", "what": "attack_move", "name": null, "qty": null, "tid": null, "ts": "22:08:51"}
[22:08:52] t=1418 jev INF E2 HOLD (预算保护 gate=False e2=9)
[22:08:52] t=1418 jev VEH DRON HOLD (预算保护 cash=0 aav帽=ok aav=0)
[22:08:54] t=1420 jev INF E2 HOLD (预算保护 gate=False e2=9)
[22:08:54] t=1420 jev VEH DRON HOLD (预算保护 cash=0 aav帽=ok aav=0)
[22:08:56] t=1423 jev INF E2 HOLD (预算保护 gate=False e2=9)
[22:08:56] t=1423 jev VEH DRON HOLD (预算保护 cash=0 aav帽=ok aav=0)
[22:08:58] t=1425 jev INF E2 HOLD (预算保护 gate=False e2=9)
[22:08:58] t=1425 jev VEH DRON HOLD (预算保护 cash=0 aav帽=ok aav=0)
[22:09:00] t=1428 jev INF E2 HOLD (预算保护 gate=False e2=9)
[22:09:00] t=1428 jev VEH DRON HOLD (预算保护 cash=0 aav帽=ok aav=0)
[22:09:02] t=1431 jev INF E2 HOLD (预算保护 gate=False e2=9)
[22:09:02] t=1431 jev VEH DRON HOLD (预算保护 cash=0 aav帽=ok aav=0)
[22:09:04] t=1433 jev INF E2 HOLD (预算保护 gate=False e2=9)
[22:09:04] t=1433 jev VEH DRON HOLD (预算保护 cash=0 aav帽=ok aav=0)
[22:09:06] t=1436 jev INF E2 HOLD (预算保护 gate=False e2=9)
[22:09:06] t=1436 jev VEH DRON HOLD (预算保护 cash=0 aav帽=ok aav=0)
[22:09:08] t=1439 jev INF E2 HOLD (预算保护 gate=False e2=9)
[22:09:08] t=1439 jev VEH DRON HOLD (预算保护 cash=0 aav帽=ok aav=0)
[22:09:10] t=1442 jev INF E2 HOLD (预算保护 gate=False e2=9)
[22:09:10] t=1442 jev VEH DRON HOLD (预算保护 cash=0 aav帽=ok aav=0)
[22:09:10] t=1442 tick#600 credits=0 stance=defend | jev 600 decisions p50=1637ms
[22:09:11] t=1444 ALARM unit lost -> TURTLE (5 v 9, 守塔阵不打野战)
[22:09:11] {"kind": "action", "what": "attack_move", "name": null, "qty": null, "tid": null, "ts": "22:09:11"}
[22:09:12] t=1444 jev INF E2 HOLD (预算保护 gate=False e2=9)
[22:09:12] t=1444 jev VEH DRON HOLD (预算保护 cash=0 aav帽=ok aav=0)
[22:09:14] t=1447 jev INF E2 HOLD (预算保护 gate=False e2=9)
[22:09:14] t=1447 jev VEH DRON HOLD (预算保护 cash=0 aav帽=ok aav=0)
[22:09:16] t=1450 jev INF E2 HOLD (预算保护 gate=False e2=9)
[22:09:16] t=1450 jev VEH DRON HOLD (预算保护 cash=0 aav帽=ok aav=0)
[22:09:18] t=1452 jev INF E2 HOLD (预算保护 gate=False e2=9)
[22:09:18] t=1452 jev VEH DRON HOLD (预算保护 cash=0 aav帽=ok aav=0)
[22:09:20] t=1455 jev INF E2 HOLD (预算保护 gate=False e2=9)
[22:09:20] t=1455 jev VEH DRON HOLD (预算保护 cash=0 aav帽=ok aav=0)
[22:09:20] t=1455 MOVE hold_a x5 -> (74,110); hold_b x4 -> (74,123)
[22:09:20] {"kind": "action", "what": "attack_move", "name": null, "qty": null, "tid": null, "ts": "22:09:20"}
[22:09:20] {"kind": "action", "what": "attack_move", "name": null, "qty": null, "tid": null, "ts": "22:09:20"}
[22:09:22] t=1457 jev INF E2 HOLD (预算保护 gate=False e2=9)
[22:09:22] t=1457 jev VEH DRON HOLD (预算保护 cash=0 aav帽=ok aav=0)
[22:09:24] t=1460 jev INF E2 HOLD (预算保护 gate=False e2=9)
[22:09:24] t=1460 jev VEH DRON HOLD (预算保护 cash=0 aav帽=ok aav=0)
[22:09:26] t=1463 jev INF E2 HOLD (预算保护 gate=False e2=9)
[22:09:26] t=1463 jev VEH DRON HOLD (预算保护 cash=0 aav帽=ok aav=0)
[22:09:28] t=1465 jev INF E2 HOLD (预算保护 gate=False e2=9)
[22:09:28] t=1465 jev VEH DRON HOLD (预算保护 cash=0 aav帽=ok aav=0)
[22:09:30] t=1468 jev INF E2 HOLD (预算保护 gate=False e2=9)
[22:09:30] t=1468 jev VEH DRON HOLD (预算保护 cash=184 aav帽=ok aav=0)
[22:09:32] t=1471 jev INF E2 HOLD (预算保护 gate=False e2=9)
[22:09:32] t=1471 jev VEH DRON HOLD (预算保护 cash=155 aav帽=ok aav=0)
[22:09:34] t=1474 jev INF E2 HOLD (预算保护 gate=False e2=9)
[22:09:34] t=1474 jev VEH DRON HOLD (预算保护 cash=155 aav帽=ok aav=0)
[22:09:36] t=1476 jev BUILD NARADR HOLD (资金闸门: 坦克优先, cash=155)
[22:09:36] t=1476 jev INF E2 HOLD (预算保护 gate=False e2=9)
[22:09:36] t=1476 jev VEH DRON HOLD (预算保护 cash=155 aav帽=ok aav=0)
[22:09:38] t=1479 jev BUILD NARADR HOLD (资金闸门: 坦克优先, cash=155)
[22:09:38] t=1479 jev INF E2 HOLD (预算保护 gate=False e2=9)
[22:09:38] t=1479 jev VEH DRON HOLD (预算保护 cash=155 aav帽=ok aav=0)
[22:09:40] t=1482 jev BUILD NARADR HOLD (资金闸门: 坦克优先, cash=155)
[22:09:40] t=1482 jev INF E2 HOLD (预算保护 gate=False e2=9)
[22:09:40] t=1482 jev VEH DRON HOLD (预算保护 cash=155 aav帽=ok aav=0)
[22:09:42] t=1484 jev BUILD NARADR HOLD (资金闸门: 坦克优先, cash=155)
[22:09:42] t=1484 jev INF E2 HOLD (预算保护 gate=False e2=9)
[22:09:42] t=1484 jev VEH DRON HOLD (预算保护 cash=155 aav帽=ok aav=0)
[22:09:44] t=1487 jev BUILD NARADR HOLD (资金闸门: 坦克优先, cash=155)
[22:09:44] t=1487 jev INF E2 HOLD (预算保护 gate=False e2=9)
[22:09:44] t=1487 jev VEH DRON HOLD (预算保护 cash=155 aav帽=ok aav=0)
[22:09:44] t=1489 ALARM enemy approaching -> RESCUE 预备队 3 人驰援远端 [90, 102]
[22:09:44] {"kind": "action", "what": "attack_move", "name": null, "qty": null, "tid": null, "ts": "22:09:44"}
[22:09:44] t=1489 SCOUT* #2425->[185, 30]
[22:09:44] {"kind": "action", "what": "attack_move", "name": null, "qty": null, "tid": null, "ts": "22:09:44"}
[22:09:46] t=1489 jev BUILD NARADR HOLD (资金闸门: 坦克优先, cash=155)
[22:09:46] t=1489 jev INF E2 HOLD (预算保护 gate=False e2=9)
[22:09:46] t=1489 jev VEH DRON HOLD (预算保护 cash=155 aav帽=ok aav=0)
[22:09:48] t=1492 jev BUILD NARADR HOLD (资金闸门: 坦克优先, cash=155)
[22:09:48] t=1492 jev INF E2 HOLD (预算保护 gate=False e2=9)
[22:09:48] t=1492 jev VEH DRON HOLD (预算保护 cash=155 aav帽=ok aav=0)
[22:09:50] t=1495 jev BUILD NARADR HOLD (资金闸门: 坦克优先, cash=155)
[22:09:50] t=1495 jev INF E2 HOLD (预算保护 gate=False e2=9)
[22:09:50] t=1495 jev VEH DRON HOLD (预算保护 cash=155 aav帽=ok aav=0)
[22:09:52] t=1498 jev BUILD NARADR HOLD (资金闸门: 坦克优先, cash=155)
[22:09:52] t=1498 jev INF E2 HOLD (预算保护 gate=False e2=9)
[22:09:52] t=1498 jev VEH DRON HOLD (预算保护 cash=155 aav帽=ok aav=0)
[22:09:53] t=1500 ALARM enemy approaching -> RESCUE 预备队 3 人驰援远端 [84, 98]
[22:09:53] {"kind": "action", "what": "attack_move", "name": null, "qty": null, "tid": null, "ts": "22:09:53"}
[22:09:54] t=1500 jev BUILD NARADR HOLD (资金闸门: 坦克优先, cash=155)
[22:09:54] t=1500 jev INF E2 HOLD (预算保护 gate=False e2=9)
[22:09:54] t=1500 jev VEH DRON HOLD (预算保护 cash=155 aav帽=ok aav=0)
[22:09:56] t=1503 jev BUILD NARADR HOLD (资金闸门: 坦克优先, cash=155)
[22:09:56] t=1503 jev INF E2 HOLD (预算保护 gate=False e2=9)
[22:09:56] t=1503 jev VEH DRON HOLD (预算保护 cash=155 aav帽=ok aav=0)
[22:09:58] t=1506 jev BUILD NARADR HOLD (资金闸门: 坦克优先, cash=155)
[22:09:58] t=1506 jev INF E2 HOLD (预算保护 gate=False e2=9)
[22:09:58] t=1506 jev VEH DRON HOLD (预算保护 cash=155 aav帽=ok aav=0)
[22:10:00] t=1508 jev BUILD NARADR HOLD (资金闸门: 坦克优先, cash=155)
[22:10:00] t=1508 jev INF E2 HOLD (预算保护 gate=False e2=9)
[22:10:00] t=1508 jev VEH DRON HOLD (预算保护 cash=155 aav帽=ok aav=0)
[22:10:00] t=1508 tick#625 credits=155 stance=defend | jev 625 decisions p50=1658ms
[22:10:02] t=1511 jev BUILD NARADR HOLD (资金闸门: 坦克优先, cash=155)
[22:10:02] t=1511 jev INF E2 HOLD (预算保护 gate=False e2=9)
[22:10:02] t=1511 jev VEH DRON HOLD (预算保护 cash=155 aav帽=ok aav=0)
[22:10:02] t=1511 MOVE hold_a x5 -> (68,109); hold_b x4 -> (77,118)
[22:10:02] {"kind": "action", "what": "attack_move", "name": null, "qty": null, "tid": null, "ts": "22:10:02"}
[22:10:02] {"kind": "action", "what": "attack_move", "name": null, "qty": null, "tid": null, "ts": "22:10:02"}
[22:10:02] t=1514 ALARM enemy approaching -> RESCUE 预备队 3 人驰援远端 [84, 98]
[22:10:03] {"kind": "action", "what": "attack_move", "name": null, "qty": null, "tid": null, "ts": "22:10:03"}
[22:10:04] t=1514 jev BUILD NARADR HOLD (资金闸门: 坦克优先, cash=155)
[22:10:04] t=1514 jev INF E2 HOLD (预算保护 gate=False e2=9)
[22:10:04] t=1514 jev VEH DRON HOLD (预算保护 cash=155 aav帽=ok aav=0)
[22:10:06] t=1516 jev BUILD NARADR HOLD (资金闸门: 坦克优先, cash=155)
[22:10:06] t=1516 jev INF E2 HOLD (预算保护 gate=False e2=9)
[22:10:06] t=1516 jev VEH DRON HOLD (预算保护 cash=155 aav帽=ok aav=0)
[22:10:09] t=1519 jev BUILD NARADR HOLD (资金闸门: 坦克优先, cash=305)
[22:10:09] t=1519 jev INF E2 HOLD (预算保护 gate=False e2=9)
[22:10:09] t=1519 jev VEH DRON HOLD (预算保护 cash=305 aav帽=ok aav=0)
[22:10:11] t=1522 jev BUILD NARADR HOLD (资金闸门: 坦克优先, cash=305)
[22:10:11] t=1522 jev INF E2 HOLD (预算保护 gate=False e2=9)
[22:10:11] t=1522 jev VEH DRON HOLD (预算保护 cash=305 aav帽=ok aav=0)
[22:10:11] t=1522 MOVE hold_a x5 -> (66,109); hold_b x4 -> (77,116)
[22:10:11] {"kind": "action", "what": "attack_move", "name": null, "qty": null, "tid": null, "ts": "22:10:11"}
[22:10:11] {"kind": "action", "what": "attack_move", "name": null, "qty": null, "tid": null, "ts": "22:10:11"}
[22:10:13] t=1525 jev BUILD NARADR HOLD (资金闸门: 坦克优先, cash=305)
[22:10:13] t=1525 jev INF E2 HOLD (预算保护 gate=False e2=9)
[22:10:13] t=1525 jev VEH DRON HOLD (预算保护 cash=305 aav帽=ok aav=0)
[22:10:15] t=1528 jev BUILD NARADR HOLD (资金闸门: 坦克优先, cash=305)
[22:10:15] t=1528 jev INF E2 HOLD (预算保护 gate=False e2=9)
[22:10:15] t=1528 jev VEH DRON HOLD (预算保护 cash=305 aav帽=ok aav=0)
[22:10:17] t=1531 jev BUILD NARADR HOLD (资金闸门: 坦克优先, cash=305)
[22:10:17] t=1531 jev INF E2 HOLD (预算保护 gate=False e2=9)
[22:10:17] t=1531 jev VEH DRON HOLD (预算保护 cash=305 aav帽=ok aav=0)
[22:10:20] t=1534 jev BUILD NARADR HOLD (资金闸门: 坦克优先, cash=305)
[22:10:20] t=1534 jev INF E2 HOLD (预算保护 gate=False e2=9)
[22:10:20] t=1534 jev VEH DRON HOLD (预算保护 cash=305 aav帽=ok aav=0)
[22:10:22] t=1537 jev BUILD NARADR HOLD (资金闸门: 坦克优先, cash=305)
[22:10:22] t=1537 jev INF E2 HOLD (预算保护 gate=False e2=9)
[22:10:22] t=1537 jev VEH DRON HOLD (预算保护 cash=305 aav帽=ok aav=0)
[22:10:22] t=1540 ALARM enemy approaching -> RESCUE 预备队 3 人驰援远端 [89, 101]
[22:10:22] {"kind": "action", "what": "attack_move", "name": null, "qty": null, "tid": null, "ts": "22:10:22"}
[22:10:24] t=1540 jev BUILD NARADR HOLD (资金闸门: 坦克优先, cash=305)
[22:10:24] t=1540 jev INF E2 HOLD (预算保护 gate=False e2=9)
[22:10:24] t=1540 jev VEH DRON HOLD (预算保护 cash=305 aav帽=ok aav=0)
[22:10:24] t=1543 RUSH-DEFENSE ON (敌9压门 vs 守9) 动员兵爆产
[22:10:24] t=1543 RUSH-DEFENSE E2 x4 (敌9压门 守9)
[22:10:24] {"kind": "action", "what": "produce", "name": "E2", "qty": 4, "tid": null, "ts": "22:10:24"}
[22:10:26] t=1543 jev BUILD NARADR HOLD (资金闸门: 坦克优先, cash=305)
[22:10:26] t=1543 jev VEH DRON HOLD (预算保护 cash=305 aav帽=ok aav=0)
[22:10:28] t=1546 jev BUILD NARADR HOLD (资金闸门: 坦克优先, cash=239)
[22:10:28] t=1546 jev VEH DRON HOLD (预算保护 cash=239 aav帽=ok aav=0)
[22:10:29] t=1549 SCOUT* #2425->[185, 59]
[22:10:29] {"kind": "action", "what": "attack_move", "name": null, "qty": null, "tid": null, "ts": "22:10:29"}
[22:10:31] t=1549 jev BUILD NARADR HOLD (资金闸门: 坦克优先, cash=164)
[22:10:31] t=1549 jev VEH DRON HOLD (预算保护 cash=164 aav帽=ok aav=0)
[22:10:31] t=1549 MOVE t=1549 RUSH-DEFENSE tanks x0 -> 塔线协防; hold_a x5 -> (71,109); hold_b x5 -> (77,120)
[22:10:31] {"kind": "action", "what": "attack_move", "name": null, "qty": null, "tid": null, "ts": "22:10:31"}
[22:10:31] {"kind": "action", "what": "attack_move", "name": null, "qty": null, "tid": null, "ts": "22:10:31"}
[22:10:31] t=1552 ALARM enemy approaching -> TURTLE (7 v 15, 守塔阵不打野战)
[22:10:31] {"kind": "action", "what": "attack_move", "name": null, "qty": null, "tid": null, "ts": "22:10:31"}
[22:10:33] t=1552 jev BUILD NARADR HOLD (资金闸门: 坦克优先, cash=84)
[22:10:33] t=1552 jev VEH DRON HOLD (预算保护 cash=84 aav帽=ok aav=0)
[22:10:35] t=1555 jev BUILD NARADR HOLD (资金闸门: 坦克优先, cash=35)
[22:10:35] t=1555 jev VEH DRON HOLD (预算保护 cash=35 aav帽=ok aav=0)
[22:10:38] t=1558 jev BUILD NARADR HOLD (资金闸门: 坦克优先, cash=35)
[22:10:38] t=1558 jev VEH DRON HOLD (预算保护 cash=35 aav帽=ok aav=0)
[22:10:38] t=1561 TANK HTNK x1
[22:10:38] t=1561 RETREAT E2(7%)
[22:10:38] {"kind": "action", "what": "produce", "name": "HTNK", "qty": 1, "tid": null, "ts": "22:10:38"}
[22:10:38] {"kind": "action", "what": "move", "name": null, "qty": null, "tid": null, "ts": "22:10:38"}
[22:10:40] t=1561 MOVE t=1561 RUSH-DEFENSE tanks x0 -> 塔线协防; hold_a x6 -> (74,110); hold_b x5 -> (74,123)
[22:10:40] {"kind": "action", "what": "attack_move", "name": null, "qty": null, "tid": null, "ts": "22:10:40"}
[22:10:40] {"kind": "action", "what": "attack_move", "name": null, "qty": null, "tid": null, "ts": "22:10:40"}
[22:10:40] t=1564 ALARM NAREFN under attack -> TURTLE (8 v 12, 守塔阵不打野战)
[22:10:40] {"kind": "action", "what": "attack_move", "name": null, "qty": null, "tid": null, "ts": "22:10:40"}
[22:10:40] t=1564 RETREAT E2(1%)
[22:10:40] {"kind": "action", "what": "move", "name": null, "qty": null, "tid": null, "ts": "22:10:40"}
[22:10:42] t=1564 jev BUILD NARADR HOLD (资金闸门: 坦克优先, cash=723)
[22:10:42] t=1567 RUSH-DEFENSE E2 x4 (敌4压门 守13)
[22:10:44] t=1567 jev INF E2 (conf 0.43)
[22:10:44] t=1569 ECON harv#5
[22:10:44] {"kind": "action", "what": "produce", "name": "HARV", "qty": 1, "tid": null, "ts": "22:10:44"}
[22:10:46] t=1569 jev INF E2 (conf 0.43)
[22:10:48] t=1572 jev INF E2 (conf 0.42)
[22:10:48] t=1572 MOVE assault x1 -> (73,120); t=1572 AIR-EVADE assault x1 -> home (坦克打不到空中, 等AA猎杀); hold_a x7 -> (73,110); hold_b x6 -> (75,123)
[22:10:48] {"kind": "action", "what": "attack_move", "name": null, "qty": null, "tid": null, "ts": "22:10:48"}
[22:10:48] {"kind": "action", "what": "attack_move", "name": null, "qty": null, "tid": null, "ts": "22:10:48"}
[22:10:48] {"kind": "action", "what": "attack_move", "name": null, "qty": null, "tid": null, "ts": "22:10:48"}
[22:10:49] t=1575 ALARM enemy approaching -> counter 10 vs 5 -> [79, 114]
[22:10:49] {"kind": "action", "what": "attack_move", "name": null, "qty": null, "tid": null, "ts": "22:10:49"}
[22:10:50] t=1575 jev INF E2 (conf 0.42)
[22:10:50] {"kind": "action", "what": "produce", "name": "E2", "qty": 1, "tid": null, "ts": "22:10:50"}
[22:10:51] t=1578 RETREAT E2(13%)
[22:10:51] {"kind": "action", "what": "move", "name": null, "qty": null, "tid": null, "ts": "22:10:51"}
[22:10:53] t=1581 RETREAT E2(1%)
[22:10:53] {"kind": "action", "what": "move", "name": null, "qty": null, "tid": null, "ts": "22:10:53"}
[22:10:54] t=1581 jev BUILD NARADR HOLD (资金闸门: 坦克优先, cash=360)
[22:10:54] t=1581 tick#650 credits=360 stance=defend | jev 650 decisions p50=1676ms
[22:10:56] t=1583 jev INF E2 (conf 0.44)
[22:10:57] t=1586 ALARM enemy approaching -> RESCUE 预备队 3 人驰援远端 [88, 108]
[22:10:57] {"kind": "action", "what": "attack_move", "name": null, "qty": null, "tid": null, "ts": "22:10:57"}
[22:10:58] t=1586 jev INF E2 (conf 0.42)
[22:10:58] t=1586 jev VEH DRON HOLD (预算保护 cash=30 aav帽=ok aav=0)
[22:11:01] t=1589 jev INF E2 (conf 0.42)
[22:11:01] t=1589 jev VEH DRON HOLD (预算保护 cash=30 aav帽=ok aav=0)
[22:11:03] t=1591 jev INF E2 (conf 0.38)
[22:11:03] t=1591 jev VEH DRON HOLD (预算保护 cash=30 aav帽=ok aav=0)
[22:11:03] t=1594 RUSH-DEFENSE OFF (威胁解除) 恢复原公式
[22:11:04] t=1594 jev BUILD NARADR HOLD (资金闸门: 坦克优先, cash=30)
[22:11:04] t=1594 jev INF E2 HOLD (预算保护 gate=False e2=14)
[22:11:04] t=1594 jev VEH DRON HOLD (预算保护 cash=30 aav帽=ok aav=0)
[22:11:06] t=1596 jev INF E2 HOLD (预算保护 gate=False e2=14)
[22:11:06] t=1596 jev VEH DRON HOLD (预算保护 cash=30 aav帽=ok aav=0)
[22:11:06] t=1596 MOVE assault x1 -> (73,120); t=1596 AIR-EVADE assault x1 -> home (坦克打不到空中, 等AA猎杀); hold_a x7 -> (71,109); hold_b x7 -> (77,120)
[22:11:06] {"kind": "action", "what": "attack_move", "name": null, "qty": null, "tid": null, "ts": "22:11:06"}
[22:11:07] {"kind": "action", "what": "attack_move", "name": null, "qty": null, "tid": null, "ts": "22:11:07"}
[22:11:07] {"kind": "action", "what": "attack_move", "name": null, "qty": null, "tid": null, "ts": "22:11:07"}
[22:11:08] t=1599 jev INF E2 HOLD (预算保护 gate=False e2=14)
[22:11:08] t=1599 jev VEH DRON HOLD (预算保护 cash=30 aav帽=ok aav=0)
[22:11:10] t=1602 jev BUILD NARADR HOLD (资金闸门: 坦克优先, cash=30)
[22:11:10] t=1602 jev INF E2 HOLD (预算保护 gate=False e2=14)
[22:11:10] t=1602 jev VEH DRON HOLD (预算保护 cash=30 aav帽=ok aav=0)
[22:11:12] t=1604 jev BUILD NARADR HOLD (资金闸门: 坦克优先, cash=30)
[22:11:12] t=1604 jev INF E2 HOLD (预算保护 gate=False e2=14)
[22:11:12] t=1604 jev VEH DRON HOLD (预算保护 cash=30 aav帽=ok aav=0)
[22:11:14] t=1607 jev BUILD NARADR HOLD (资金闸门: 坦克优先, cash=30)
[22:11:14] t=1607 jev INF E2 HOLD (预算保护 gate=False e2=14)
[22:11:14] t=1607 jev VEH DRON HOLD (预算保护 cash=30 aav帽=ok aav=0)
[22:11:15] t=1610 SCOUT* #2425->[185, 56]
[22:11:15] {"kind": "action", "what": "attack_move", "name": null, "qty": null, "tid": null, "ts": "22:11:15"}
[22:11:17] t=1610 jev BUILD NARADR HOLD (资金闸门: 坦克优先, cash=30)
[22:11:17] t=1610 jev INF E2 HOLD (预算保护 gate=False e2=14)
[22:11:17] t=1610 jev VEH DRON HOLD (预算保护 cash=30 aav帽=ok aav=0)
[22:11:19] t=1613 jev BUILD NARADR HOLD (资金闸门: 坦克优先, cash=30)
[22:11:19] t=1613 jev INF E2 HOLD (预算保护 gate=False e2=14)
[22:11:19] t=1613 jev VEH DRON HOLD (预算保护 cash=30 aav帽=ok aav=0)
[22:11:19] t=1613 MOVE assault x1 -> (73,120)
[22:11:19] {"kind": "action", "what": "attack_move", "name": null, "qty": null, "tid": null, "ts": "22:11:19"}
[22:11:21] t=1616 jev BUILD NARADR HOLD (资金闸门: 坦克优先, cash=30)
[22:11:21] t=1616 jev INF E2 HOLD (预算保护 gate=False e2=14)
[22:11:21] t=1616 jev VEH DRON HOLD (预算保护 cash=30 aav帽=ok aav=0)
[22:11:23] t=1618 jev BUILD NARADR HOLD (资金闸门: 坦克优先, cash=30)
[22:11:23] t=1618 jev INF E2 HOLD (预算保护 gate=False e2=14)
[22:11:23] t=1618 jev VEH DRON HOLD (预算保护 cash=30 aav帽=ok aav=0)
[22:11:25] t=1621 jev BUILD NARADR HOLD (资金闸门: 坦克优先, cash=30)
[22:11:25] t=1621 jev INF E2 HOLD (预算保护 gate=False e2=14)
[22:11:25] t=1621 jev VEH DRON HOLD (预算保护 cash=30 aav帽=ok aav=0)
[22:11:27] t=1624 jev BUILD NARADR HOLD (资金闸门: 坦克优先, cash=30)
[22:11:27] t=1624 jev INF E2 HOLD (预算保护 gate=False e2=14)
[22:11:27] t=1624 jev VEH DRON HOLD (预算保护 cash=30 aav帽=ok aav=0)
[22:11:29] t=1627 jev BUILD NARADR HOLD (资金闸门: 坦克优先, cash=30)
[22:11:29] t=1627 jev INF E2 HOLD (预算保护 gate=False e2=14)
[22:11:29] t=1627 jev VEH DRON HOLD (预算保护 cash=30 aav帽=ok aav=0)
[22:11:29] t=1630 ALARM unit lost -> counter 11 vs 8 -> [70, 117]
[22:11:30] {"kind": "action", "what": "attack_move", "name": null, "qty": null, "tid": null, "ts": "22:11:30"}
[22:11:31] t=1630 jev BUILD NARADR HOLD (资金闸门: 坦克优先, cash=30)
[22:11:31] t=1630 jev INF E2 HOLD (预算保护 gate=False e2=14)
[22:11:31] t=1630 jev VEH DRON HOLD (预算保护 cash=30 aav帽=ok aav=0)
[22:11:34] t=1633 jev BUILD NARADR HOLD (资金闸门: 坦克优先, cash=30)
[22:11:34] t=1633 jev INF E2 HOLD (预算保护 gate=False e2=14)
[22:11:34] t=1633 jev VEH DRON HOLD (预算保护 cash=30 aav帽=ok aav=0)
[22:11:36] t=1635 jev BUILD NARADR HOLD (资金闸门: 坦克优先, cash=30)
[22:11:36] t=1635 jev INF E2 HOLD (预算保护 gate=False e2=14)
[22:11:36] t=1635 jev VEH HTNK HOLD (预算保护 cash=30 aav帽=ok aav=0)
[22:11:38] t=1638 jev BUILD NARADR HOLD (资金闸门: 坦克优先, cash=30)
[22:11:38] t=1638 jev INF E2 HOLD (预算保护 gate=False e2=14)
[22:11:38] t=1638 jev VEH HTNK HOLD (预算保护 cash=30 aav帽=ok aav=0)
[22:11:38] t=1638 MOVE assault x1 -> (73,120); hold_a x7 -> (74,110); hold_b x7 -> (74,123)
[22:11:38] {"kind": "action", "what": "attack_move", "name": null, "qty": null, "tid": null, "ts": "22:11:38"}
[22:11:38] {"kind": "action", "what": "attack_move", "name": null, "qty": null, "tid": null, "ts": "22:11:38"}
[22:11:38] {"kind": "action", "what": "attack_move", "name": null, "qty": null, "tid": null, "ts": "22:11:38"}
[22:11:40] t=1641 jev BUILD NARADR HOLD (资金闸门: 坦克优先, cash=30)
[22:11:40] t=1641 jev INF E2 HOLD (预算保护 gate=False e2=14)
[22:11:40] t=1641 jev VEH HTNK HOLD (预算保护 cash=30 aav帽=ok aav=0)
[22:11:42] t=1644 jev BUILD NARADR HOLD (资金闸门: 坦克优先, cash=30)
[22:11:42] t=1644 jev INF E2 HOLD (预算保护 gate=False e2=14)
[22:11:42] t=1644 jev VEH HTNK HOLD (预算保护 cash=30 aav帽=ok aav=0)
[22:11:44] t=1647 jev BUILD NARADR HOLD (资金闸门: 坦克优先, cash=30)
[22:11:44] t=1647 jev INF E2 HOLD (预算保护 gate=False e2=14)
[22:11:44] t=1647 jev VEH HTNK HOLD (预算保护 cash=30 aav帽=ok aav=0)
[22:11:46] t=1649 jev BUILD NARADR HOLD (资金闸门: 坦克优先, cash=30)
[22:11:46] t=1649 jev INF E2 HOLD (预算保护 gate=False e2=14)
[22:11:46] t=1649 jev VEH HTNK HOLD (预算保护 cash=30 aav帽=ok aav=0)
[22:11:46] t=1649 tick#675 credits=30 stance=defend | jev 675 decisions p50=1676ms
[22:11:48] t=1652 jev BUILD NARADR HOLD (资金闸门: 坦克优先, cash=30)
[22:11:48] t=1652 jev INF E2 HOLD (预算保护 gate=False e2=14)
[22:11:48] t=1652 jev VEH HTNK HOLD (预算保护 cash=30 aav帽=ok aav=0)
[22:11:50] t=1655 jev BUILD NARADR HOLD (资金闸门: 坦克优先, cash=255)
[22:11:50] t=1655 jev INF E2 HOLD (预算保护 gate=False e2=14)
[22:11:50] t=1655 jev VEH HTNK HOLD (预算保护 cash=255 aav帽=ok aav=0)
[22:11:50] t=1655 MOVE assault x1 -> (73,120)
[22:11:50] {"kind": "action", "what": "attack_move", "name": null, "qty": null, "tid": null, "ts": "22:11:50"}
[22:11:52] t=1657 jev BUILD NARADR HOLD (资金闸门: 坦克优先, cash=255)
[22:11:52] t=1657 jev INF E2 HOLD (预算保护 gate=False e2=14)
[22:11:52] t=1657 jev VEH HTNK HOLD (预算保护 cash=255 aav帽=ok aav=0)
[22:11:54] t=1660 jev BUILD NARADR HOLD (资金闸门: 坦克优先, cash=255)
[22:11:54] t=1660 jev INF E2 HOLD (预算保护 gate=False e2=14)
[22:11:54] t=1660 jev VEH HTNK HOLD (预算保护 cash=255 aav帽=ok aav=0)
[22:11:56] t=1663 jev BUILD NARADR HOLD (资金闸门: 坦克优先, cash=255)
[22:11:56] t=1663 jev INF E2 HOLD (预算保护 gate=False e2=14)
[22:11:56] t=1663 jev VEH DRON HOLD (预算保护 cash=255 aav帽=ok aav=0)
[22:11:58] t=1665 jev BUILD NARADR HOLD (资金闸门: 坦克优先, cash=255)
[22:11:58] t=1665 jev INF E2 HOLD (预算保护 gate=False e2=14)
[22:11:58] t=1665 jev VEH HTNK HOLD (预算保护 cash=255 aav帽=ok aav=0)
[22:12:00] t=1668 jev BUILD NARADR HOLD (资金闸门: 坦克优先, cash=255)
[22:12:00] t=1668 jev INF E2 HOLD (预算保护 gate=False e2=14)
[22:12:00] t=1668 jev VEH HTNK HOLD (预算保护 cash=255 aav帽=ok aav=0)
[22:12:02] t=1671 jev BUILD NARADR HOLD (资金闸门: 坦克优先, cash=255)
[22:12:02] t=1671 jev INF E2 HOLD (预算保护 gate=False e2=14)
[22:12:02] t=1671 jev VEH HTNK HOLD (预算保护 cash=255 aav帽=ok aav=0)
[22:12:02] t=1671 MOVE assault x1 -> (73,120)
[22:12:02] {"kind": "action", "what": "attack_move", "name": null, "qty": null, "tid": null, "ts": "22:12:02"}
[22:12:05] t=1674 jev BUILD NARADR HOLD (资金闸门: 坦克优先, cash=255)
[22:12:05] t=1674 jev INF E2 HOLD (预算保护 gate=False e2=14)
[22:12:05] t=1674 jev VEH HTNK HOLD (预算保护 cash=255 aav帽=ok aav=0)
[22:12:07] t=1677 jev BUILD NARADR HOLD (资金闸门: 坦克优先, cash=255)
[22:12:07] t=1677 jev VEH HTNK HOLD (预算保护 cash=255 aav帽=ok aav=0)
[22:12:09] t=1680 jev BUILD NARADR HOLD (资金闸门: 坦克优先, cash=255)
[22:12:09] t=1680 jev INF E2 HOLD (预算保护 gate=False e2=14)
[22:12:09] t=1680 jev VEH DRON HOLD (预算保护 cash=255 aav帽=ok aav=0)
[22:12:11] t=1682 jev BUILD NARADR HOLD (资金闸门: 坦克优先, cash=255)
[22:12:11] t=1682 jev INF E2 HOLD (预算保护 gate=False e2=14)
[22:12:11] t=1682 jev VEH DRON HOLD (预算保护 cash=255 aav帽=ok aav=0)
[22:12:13] t=1685 jev BUILD NARADR HOLD (资金闸门: 坦克优先, cash=255)
[22:12:13] t=1685 jev INF E2 HOLD (预算保护 gate=False e2=14)
[22:12:13] t=1685 jev VEH DRON HOLD (预算保护 cash=255 aav帽=ok aav=0)
[22:12:15] t=1688 jev BUILD NARADR HOLD (资金闸门: 坦克优先, cash=255)
[22:12:15] t=1688 jev INF E2 HOLD (预算保护 gate=False e2=14)
[22:12:15] t=1688 jev VEH DRON HOLD (预算保护 cash=255 aav帽=ok aav=0)
[22:12:15] t=1688 MOVE assault x1 -> (73,120)
[22:12:15] {"kind": "action", "what": "attack_move", "name": null, "qty": null, "tid": null, "ts": "22:12:15"}
[22:12:17] t=1691 jev BUILD NARADR HOLD (资金闸门: 坦克优先, cash=255)
[22:12:17] t=1691 jev INF E2 HOLD (预算保护 gate=False e2=14)
[22:12:17] t=1691 jev VEH DRON HOLD (预算保护 cash=255 aav帽=ok aav=0)
[22:12:19] t=1693 jev BUILD NARADR HOLD (资金闸门: 坦克优先, cash=255)
[22:12:19] t=1693 jev INF E2 HOLD (预算保护 gate=False e2=14)
[22:12:19] t=1693 jev VEH DRON HOLD (预算保护 cash=255 aav帽=ok aav=0)
[22:12:21] t=1696 jev BUILD NARADR HOLD (资金闸门: 坦克优先, cash=255)
[22:12:21] t=1696 jev INF E2 HOLD (预算保护 gate=False e2=14)
[22:12:21] t=1696 jev VEH DRON HOLD (预算保护 cash=255 aav帽=ok aav=0)
[22:12:23] t=1699 jev BUILD NARADR HOLD (资金闸门: 坦克优先, cash=255)
[22:12:23] t=1699 jev INF E2 HOLD (预算保护 gate=False e2=14)
[22:12:23] t=1699 jev VEH DRON HOLD (预算保护 cash=255 aav帽=ok aav=0)
[22:12:26] t=1702 jev BUILD NARADR HOLD (资金闸门: 坦克优先, cash=255)
[22:12:26] t=1702 jev INF E2 HOLD (预算保护 gate=False e2=14)
[22:12:26] t=1702 jev VEH HTNK HOLD (预算保护 cash=255 aav帽=ok aav=0)
[22:12:28] t=1705 jev BUILD NARADR HOLD (资金闸门: 坦克优先, cash=255)
[22:12:28] t=1705 jev INF E2 HOLD (预算保护 gate=False e2=14)
[22:12:28] t=1705 jev VEH HTNK HOLD (预算保护 cash=255 aav帽=ok aav=0)
[22:12:28] t=1705 MOVE assault x1 -> (73,120)
[22:12:28] {"kind": "action", "what": "attack_move", "name": null, "qty": null, "tid": null, "ts": "22:12:28"}
[22:12:30] t=1707 jev BUILD NARADR HOLD (资金闸门: 坦克优先, cash=255)
[22:12:30] t=1707 jev INF E2 HOLD (预算保护 gate=False e2=14)
[22:12:30] t=1707 jev VEH HTNK HOLD (预算保护 cash=255 aav帽=ok aav=0)
[22:12:32] t=1710 jev BUILD NARADR HOLD (资金闸门: 坦克优先, cash=480)
[22:12:32] t=1710 jev VEH HTNK HOLD (预算保护 cash=480 aav帽=ok aav=0)
[22:12:34] t=1713 jev BUILD NARADR HOLD (资金闸门: 坦克优先, cash=480)
[22:12:34] t=1713 jev VEH HTNK HOLD (预算保护 cash=480 aav帽=ok aav=0)
[22:12:36] t=1716 jev BUILD NARADR HOLD (资金闸门: 坦克优先, cash=480)
[22:12:36] t=1716 jev VEH HTNK HOLD (预算保护 cash=480 aav帽=ok aav=0)
[22:12:38] t=1719 jev BUILD NARADR HOLD (资金闸门: 坦克优先, cash=480)
[22:12:38] t=1719 jev VEH HTNK HOLD (预算保护 cash=480 aav帽=ok aav=0)
[22:12:38] t=1719 MOVE hold_a x7 -> (74,110); hold_b x7 -> (74,123)
[22:12:38] {"kind": "action", "what": "attack_move", "name": null, "qty": null, "tid": null, "ts": "22:12:38"}
[22:12:38] {"kind": "action", "what": "attack_move", "name": null, "qty": null, "tid": null, "ts": "22:12:38"}
[22:12:38] t=1719 tick#700 credits=480 stance=defend | jev 700 decisions p50=1699ms
[22:12:38] t=1721 ECON harv#5
[22:12:38] {"kind": "action", "what": "produce", "name": "HARV", "qty": 1, "tid": null, "ts": "22:12:38"}
[22:12:40] t=1721 jev BUILD NARADR (conf 0.15)
[22:12:40] t=1721 jev INF E2 (conf 0.23)
[22:12:40] {"kind": "action", "what": "produce", "name": "NARADR", "qty": 1, "tid": null, "ts": "22:12:40"}
[22:12:40] {"kind": "action", "what": "produce", "name": "E2", "qty": 1, "tid": null, "ts": "22:12:40"}
[22:12:40] t=1721 MOVE assault x1 -> (73,120)
[22:12:40] {"kind": "action", "what": "attack_move", "name": null, "qty": null, "tid": null, "ts": "22:12:40"}
[22:12:46] t=1730 jev INF E2 HOLD (预算保护 gate=False e2=15)
[22:12:48] t=1732 jev INF E2 HOLD (预算保护 gate=False e2=15)
[22:12:50] t=1735 jev INF E2 HOLD (预算保护 gate=False e2=15)
[22:12:52] t=1738 jev INF E2 HOLD (预算保护 gate=False e2=15)
[22:12:54] t=1740 jev INF E2 HOLD (预算保护 gate=False e2=15)
[22:12:54] t=1740 MOVE assault x1 -> (73,120)
[22:12:54] {"kind": "action", "what": "attack_move", "name": null, "qty": null, "tid": null, "ts": "22:12:54"}
[22:12:56] t=1743 jev INF E2 HOLD (预算保护 gate=False e2=15)
[22:12:58] t=1746 jev INF E2 HOLD (预算保护 gate=False e2=15)
[22:13:01] t=1748 jev INF E2 HOLD (预算保护 gate=False e2=15)
[22:13:03] t=1751 jev INF E2 HOLD (预算保护 gate=False e2=15)
[22:13:05] t=1754 jev INF E2 HOLD (预算保护 gate=False e2=15)
[22:13:07] t=1757 jev INF E2 HOLD (预算保护 gate=False e2=15)
[22:13:07] t=1757 MOVE assault x1 -> (73,120)
[22:13:07] {"kind": "action", "what": "attack_move", "name": null, "qty": null, "tid": null, "ts": "22:13:07"}
[22:13:09] t=1760 jev INF E2 HOLD (预算保护 gate=False e2=15)
[22:13:11] t=1763 jev INF E2 HOLD (预算保护 gate=False e2=15)
[22:13:15] t=1768 jev INF E2 HOLD (预算保护 gate=False e2=15)
[22:13:18] t=1771 jev INF E2 HOLD (预算保护 gate=False e2=15)
[22:13:20] t=1774 jev INF E2 HOLD (预算保护 gate=False e2=15)
[22:13:20] t=1774 MOVE assault x1 -> (73,120)
[22:13:20] {"kind": "action", "what": "attack_move", "name": null, "qty": null, "tid": null, "ts": "22:13:20"}
[22:13:20] t=1777 ALARM enemy approaching -> RESCUE 预备队 3 人驰援远端 [92, 105]
[22:13:20] {"kind": "action", "what": "attack_move", "name": null, "qty": null, "tid": null, "ts": "22:13:20"}
[22:13:20] t=1777 SCOUT* #2425->[185, 53]
[22:13:20] {"kind": "action", "what": "attack_move", "name": null, "qty": null, "tid": null, "ts": "22:13:20"}
[22:13:22] t=1777 jev INF E2 HOLD (预算保护 gate=False e2=15)
[22:13:24] t=1780 jev INF E2 HOLD (预算保护 gate=False e2=15)
[22:13:26] t=1783 jev INF E2 HOLD (预算保护 gate=False e2=15)
[22:13:28] t=1785 jev INF E2 HOLD (预算保护 gate=False e2=15)
[22:13:28] t=1788 ALARM enemy approaching -> counter 12 vs 8 -> [82, 114]
[22:13:28] {"kind": "action", "what": "attack_move", "name": null, "qty": null, "tid": null, "ts": "22:13:28"}
[22:13:30] t=1788 jev INF E2 HOLD (预算保护 gate=False e2=15)
[22:13:30] t=1788 tick#725 credits=0 stance=defend | jev 725 decisions p50=1729ms
[22:13:32] t=1791 jev INF E2 HOLD (预算保护 gate=False e2=15)
[22:13:35] t=1794 jev INF E2 HOLD (预算保护 gate=False e2=15)
[22:13:37] t=1797 jev INF E2 HOLD (预算保护 gate=False e2=15)
[22:13:37] t=1797 MOVE assault x1 -> (73,120); t=1797 AIR-EVADE assault x1 -> home (坦克打不到空中, 等AA猎杀)
[22:13:37] {"kind": "action", "what": "attack_move", "name": null, "qty": null, "tid": null, "ts": "22:13:37"}
[22:13:37] t=1800 ALARM NAREFN under attack -> counter 12 vs 6 -> [74, 117]
[22:13:37] {"kind": "action", "what": "attack_move", "name": null, "qty": null, "tid": null, "ts": "22:13:37"}
[22:13:39] t=1800 jev INF E2 HOLD (预算保护 gate=False e2=15)
[22:13:39] t=1800 jev VEH DRON HOLD (预算保护 cash=426 aav帽=ok aav=0)
[22:13:41] t=1802 jev INF E2 HOLD (预算保护 gate=False e2=15)
[22:13:41] t=1802 jev VEH DRON HOLD (预算保护 cash=359 aav帽=ok aav=0)
[22:13:43] t=1805 jev INF E2 HOLD (预算保护 gate=False e2=15)
[22:13:43] t=1805 jev VEH DRON HOLD (预算保护 cash=288 aav帽=ok aav=0)
[22:13:45] t=1808 jev INF E2 HOLD (预算保护 gate=False e2=15)
[22:13:45] t=1808 jev VEH DRON HOLD (预算保护 cash=219 aav帽=ok aav=0)
[22:13:45] t=1808 MOVE t=1808 AIR-EVADE assault x1 -> home (坦克打不到空中, 等AA猎杀); hold_a x8 -> (73,110); hold_b x7 -> (75,123)
[22:13:45] {"kind": "action", "what": "attack_move", "name": null, "qty": null, "tid": null, "ts": "22:13:45"}
[22:13:45] {"kind": "action", "what": "attack_move", "name": null, "qty": null, "tid": null, "ts": "22:13:45"}
[22:13:45] t=1811 ALARM enemy approaching -> RESCUE 预备队 3 人驰援远端 [90, 119]
[22:13:45] {"kind": "action", "what": "attack_move", "name": null, "qty": null, "tid": null, "ts": "22:13:45"}
[22:13:47] t=1811 jev INF E2 HOLD (预算保护 gate=False e2=15)
[22:13:47] t=1811 jev VEH DRON HOLD (预算保护 cash=150 aav帽=ok aav=0)
[22:13:49] t=1813 jev INF E2 HOLD (预算保护 gate=False e2=15)
[22:13:49] t=1813 jev VEH DRON HOLD (预算保护 cash=84 aav帽=ok aav=0)
[22:13:51] t=1816 jev INF E2 HOLD (预算保护 gate=False e2=15)
[22:13:51] t=1816 jev VEH DRON HOLD (预算保护 cash=23 aav帽=ok aav=0)
[22:13:53] t=1818 jev INF E2 HOLD (预算保护 gate=False e2=15)
[22:13:53] t=1818 jev VEH DRON HOLD (预算保护 cash=0 aav帽=ok aav=0)
[22:13:55] t=1821 jev INF E2 HOLD (预算保护 gate=False e2=15)
[22:13:55] t=1821 jev VEH DRON HOLD (预算保护 cash=0 aav帽=ok aav=0)
[22:13:55] t=1821 MOVE assault x1 -> (73,120); hold_a x8 -> (75,111); hold_b x7 -> (73,124)
[22:13:55] {"kind": "action", "what": "attack_move", "name": null, "qty": null, "tid": null, "ts": "22:13:55"}
[22:13:55] {"kind": "action", "what": "attack_move", "name": null, "qty": null, "tid": null, "ts": "22:13:55"}
[22:13:55] {"kind": "action", "what": "attack_move", "name": null, "qty": null, "tid": null, "ts": "22:13:55"}
[22:13:57] t=1824 jev INF E2 HOLD (预算保护 gate=False e2=15)
[22:13:57] t=1824 jev VEH DRON HOLD (预算保护 cash=221 aav帽=ok aav=0)
[22:13:59] t=1827 jev INF E2 HOLD (预算保护 gate=False e2=15)
[22:13:59] t=1827 jev VEH DRON HOLD (预算保护 cash=165 aav帽=ok aav=0)
[22:14:01] t=1829 jev INF E2 HOLD (预算保护 gate=False e2=15)
[22:14:01] t=1829 jev VEH DRON HOLD (预算保护 cash=165 aav帽=ok aav=0)
[22:14:03] t=1832 jev INF E2 HOLD (预算保护 gate=False e2=15)
[22:14:03] t=1832 jev VEH HTNK HOLD (预算保护 cash=165 aav帽=ok aav=0)
[22:14:05] t=1835 jev INF E2 HOLD (预算保护 gate=False e2=15)
[22:14:05] t=1835 jev VEH HTNK HOLD (预算保护 cash=165 aav帽=ok aav=0)
[22:14:06] t=1838 SCOUT* #2425->[185, 141]
[22:14:06] {"kind": "action", "what": "attack_move", "name": null, "qty": null, "tid": null, "ts": "22:14:06"}
[22:14:08] t=1838 jev INF E2 HOLD (预算保护 gate=False e2=15)
[22:14:08] t=1838 jev VEH HTNK HOLD (预算保护 cash=165 aav帽=ok aav=0)
[22:14:08] t=1838 MOVE assault x1 -> (73,120)
[22:14:08] {"kind": "action", "what": "attack_move", "name": null, "qty": null, "tid": null, "ts": "22:14:08"}
[22:14:10] t=1841 jev INF E2 HOLD (预算保护 gate=False e2=15)
[22:14:10] t=1841 jev VEH HTNK HOLD (预算保护 cash=165 aav帽=ok aav=0)
[22:14:12] t=1843 jev INF E2 HOLD (预算保护 gate=False e2=15)
[22:14:12] t=1843 jev VEH HTNK HOLD (预算保护 cash=165 aav帽=ok aav=0)
[22:14:14] t=1846 jev INF E2 HOLD (预算保护 gate=False e2=15)
[22:14:14] t=1846 jev VEH HTNK HOLD (预算保护 cash=240 aav帽=ok aav=0)
[22:14:16] t=1849 jev INF E2 HOLD (预算保护 gate=False e2=15)
[22:14:16] t=1849 jev VEH HTNK HOLD (预算保护 cash=240 aav帽=ok aav=0)
[22:14:19] t=1852 jev INF E2 HOLD (预算保护 gate=False e2=15)
[22:14:19] t=1852 jev VEH HTNK HOLD (预算保护 cash=240 aav帽=ok aav=0)
[22:14:21] t=1855 jev INF E2 HOLD (预算保护 gate=False e2=15)
[22:14:21] t=1855 jev VEH HTNK HOLD (预算保护 cash=240 aav帽=ok aav=0)
[22:14:21] t=1855 MOVE assault x1 -> (73,120)
[22:14:21] {"kind": "action", "what": "attack_move", "name": null, "qty": null, "tid": null, "ts": "22:14:21"}
[22:14:23] t=1858 jev INF E2 HOLD (预算保护 gate=False e2=15)
[22:14:23] t=1858 jev VEH HTNK HOLD (预算保护 cash=240 aav帽=ok aav=0)
[22:14:23] t=1858 tick#750 credits=240 stance=defend | jev 750 decisions p50=1740ms
[22:14:25] t=1861 jev INF E2 HOLD (预算保护 gate=False e2=15)
[22:14:25] t=1861 jev VEH HTNK HOLD (预算保护 cash=240 aav帽=ok aav=0)
[22:14:25] t=1864 RETREAT E2(7%)
[22:14:25] {"kind": "action", "what": "move", "name": null, "qty": null, "tid": null, "ts": "22:14:25"}
[22:14:27] t=1864 jev INF E2 HOLD (预算保护 gate=False e2=15)
[22:14:27] t=1864 jev VEH HTNK HOLD (预算保护 cash=240 aav帽=ok aav=0)
[22:14:27] t=1866 RETREAT E2(1%)
[22:14:27] {"kind": "action", "what": "move", "name": null, "qty": null, "tid": null, "ts": "22:14:27"}
[22:14:29] t=1866 jev INF E2 HOLD (预算保护 gate=False e2=15)
[22:14:29] t=1866 jev VEH HTNK HOLD (预算保护 cash=240 aav帽=ok aav=0)
[22:14:31] t=1869 jev INF E2 HOLD (预算保护 gate=False e2=15)
[22:14:31] t=1869 jev VEH HTNK HOLD (预算保护 cash=240 aav帽=ok aav=0)
[22:14:33] t=1872 jev INF E2 HOLD (预算保护 gate=False e2=15)
[22:14:33] t=1872 jev VEH HTNK HOLD (预算保护 cash=240 aav帽=ok aav=0)
[22:14:33] t=1872 MOVE assault x1 -> (73,120)
[22:14:33] {"kind": "action", "what": "attack_move", "name": null, "qty": null, "tid": null, "ts": "22:14:33"}
[22:14:35] t=1875 jev INF E2 HOLD (预算保护 gate=False e2=15)
[22:14:35] t=1875 jev VEH HTNK HOLD (预算保护 cash=240 aav帽=ok aav=0)
[22:14:37] t=1878 jev INF E2 HOLD (预算保护 gate=False e2=15)
[22:14:37] t=1878 jev VEH HTNK HOLD (预算保护 cash=240 aav帽=ok aav=0)
[22:14:38] t=1880 POWER plant (reserve 55)
[22:14:38] t=1880 RETREAT E2(13%)
[22:14:38] {"kind": "action", "what": "produce", "name": "NAPOWR", "qty": 1, "tid": null, "ts": "22:14:38"}
[22:14:38] {"kind": "action", "what": "move", "name": null, "qty": null, "tid": null, "ts": "22:14:38"}
[22:14:39] t=1880 jev INF E2 (conf 0.30)
[22:14:39] t=1880 jev VEH HTNK HOLD (预算保护 cash=1365 aav帽=ok aav=0)
[22:14:39] {"kind": "action", "what": "produce", "name": "E2", "qty": 1, "tid": null, "ts": "22:14:39"}
[22:14:40] t=1883 ECON harv#6
[22:14:40] t=1883 RETREAT E2(1%)
[22:14:40] {"kind": "action", "what": "produce", "name": "HARV", "qty": 1, "tid": null, "ts": "22:14:40"}
[22:14:40] {"kind": "action", "what": "move", "name": null, "qty": null, "tid": null, "ts": "22:14:40"}
[22:14:46] t=1889 jev INF E2 HOLD (预算保护 gate=False e2=16)
[22:14:46] t=1889 MOVE assault x1 -> (73,120)
[22:14:46] {"kind": "action", "what": "attack_move", "name": null, "qty": null, "tid": null, "ts": "22:14:46"}
[22:14:48] t=1891 jev INF E2 HOLD (预算保护 gate=False e2=16)
[22:14:50] t=1894 jev INF E2 HOLD (预算保护 gate=False e2=16)
[22:14:52] t=1897 jev INF E2 HOLD (预算保护 gate=False e2=16)
[22:14:52] t=1900 SCOUT* #2425->[185, 141]
[22:14:52] {"kind": "action", "what": "attack_move", "name": null, "qty": null, "tid": null, "ts": "22:14:52"}
[22:14:54] t=1900 jev INF E2 HOLD (预算保护 gate=False e2=16)
[22:14:56] t=1902 jev INF E2 HOLD (预算保护 gate=False e2=16)
[22:14:56] t=1902 MOVE hold_a x8 -> (75,111); hold_b x8 -> (73,124)
[22:14:56] {"kind": "action", "what": "attack_move", "name": null, "qty": null, "tid": null, "ts": "22:14:56"}
[22:14:56] {"kind": "action", "what": "attack_move", "name": null, "qty": null, "tid": null, "ts": "22:14:56"}
[22:14:58] t=1905 jev INF E2 HOLD (预算保护 gate=False e2=16)
[22:14:58] t=1905 MOVE assault x1 -> (73,120)
[22:14:58] {"kind": "action", "what": "attack_move", "name": null, "qty": null, "tid": null, "ts": "22:14:58"}
[22:15:00] t=1908 jev INF E2 HOLD (预算保护 gate=False e2=16)
[22:15:02] t=1910 jev INF E2 HOLD (预算保护 gate=False e2=16)
[22:15:04] t=1913 jev INF E2 HOLD (预算保护 gate=False e2=16)
[22:15:06] t=1916 jev INF E2 HOLD (预算保护 gate=False e2=16)
[22:15:08] t=1919 jev INF E2 HOLD (预算保护 gate=False e2=16)
[22:15:10] t=1921 jev INF E2 HOLD (预算保护 gate=False e2=16)
[22:15:10] t=1921 MOVE assault x1 -> (73,120)
[22:15:10] {"kind": "action", "what": "attack_move", "name": null, "qty": null, "tid": null, "ts": "22:15:10"}
[22:15:12] t=1924 jev INF E2 HOLD (预算保护 gate=False e2=16)
[22:15:15] t=1927 jev INF E2 HOLD (预算保护 gate=False e2=16)
[22:15:15] t=1927 tick#775 credits=0 stance=defend | jev 775 decisions p50=1751ms
[22:15:17] t=1930 jev INF E2 HOLD (预算保护 gate=False e2=16)
[22:15:19] t=1933 jev INF E2 HOLD (预算保护 gate=False e2=16)
[22:15:21] t=1936 jev INF E2 HOLD (预算保护 gate=False e2=16)
[22:15:23] t=1938 jev INF E2 HOLD (预算保护 gate=False e2=16)
[22:15:23] t=1938 MOVE assault x1 -> (73,120)
[22:15:23] {"kind": "action", "what": "attack_move", "name": null, "qty": null, "tid": null, "ts": "22:15:23"}
[22:15:23] t=1941 ALARM enemy approaching -> RESCUE 预备队 3 人驰援远端 [92, 105]
[22:15:23] {"kind": "action", "what": "attack_move", "name": null, "qty": null, "tid": null, "ts": "22:15:23"}
[22:15:25] t=1941 jev INF FLAKT HOLD (预算保护 gate=False e2=16)
[22:15:27] t=1944 jev INF FLAKT HOLD (预算保护 gate=False e2=16)
[22:15:29] t=1947 jev INF FLAKT HOLD (预算保护 gate=False e2=16)
[22:15:32] t=1949 jev INF FLAKT HOLD (预算保护 gate=False e2=16)
[22:15:32] t=1949 MOVE t=1949 AIR-EVADE assault x1 -> home (坦克打不到空中, 等AA猎杀); hold_a x8 -> (72,109); hold_b x8 -> (76,121)
[22:15:32] {"kind": "action", "what": "attack_move", "name": null, "qty": null, "tid": null, "ts": "22:15:32"}
[22:15:32] {"kind": "action", "what": "attack_move", "name": null, "qty": null, "tid": null, "ts": "22:15:32"}
[22:15:32] t=1953 ALARM enemy approaching -> counter 13 vs 4 -> [82, 114]
[22:15:32] {"kind": "action", "what": "attack_move", "name": null, "qty": null, "tid": null, "ts": "22:15:32"}
[22:15:34] t=1953 jev INF FLAKT HOLD (预算保护 gate=False e2=16)
[22:15:36] t=1956 jev INF FLAKT HOLD (预算保护 gate=False e2=16)
[22:15:38] t=1959 jev INF FLAKT HOLD (预算保护 gate=False e2=16)
[22:15:38] t=1962 SCOUT* #2425->[173, 13]
[22:15:39] {"kind": "action", "what": "attack_move", "name": null, "qty": null, "tid": null, "ts": "22:15:39"}
[22:15:40] t=1962 jev INF FLAKT HOLD (预算保护 gate=False e2=16)
[22:15:40] t=1962 MOVE assault x1 -> (73,120); t=1962 AIR-EVADE assault x1 -> home (坦克打不到空中, 等AA猎杀); hold_a x8 -> (68,109); hold_b x8 -> (77,118)
[22:15:40] {"kind": "action", "what": "attack_move", "name": null, "qty": null, "tid": null, "ts": "22:15:40"}
[22:15:40] {"kind": "action", "what": "attack_move", "name": null, "qty": null, "tid": null, "ts": "22:15:40"}
[22:15:40] {"kind": "action", "what": "attack_move", "name": null, "qty": null, "tid": null, "ts": "22:15:40"}
[22:15:42] t=1965 jev INF FLAKT HOLD (预算保护 gate=False e2=16)
[22:15:44] t=1967 jev INF FLAKT HOLD (预算保护 gate=False e2=16)
[22:15:46] t=1970 jev INF FLAKT HOLD (预算保护 gate=False e2=16)
[22:15:48] t=1972 jev INF FLAKT HOLD (预算保护 gate=False e2=16)
[22:15:50] t=1975 jev INF FLAKT HOLD (预算保护 gate=False e2=16)
[22:15:52] t=1978 jev INF FLAKT HOLD (预算保护 gate=False e2=16)
[22:15:52] t=1978 MOVE assault x1 -> (73,120)
[22:15:52] {"kind": "action", "what": "attack_move", "name": null, "qty": null, "tid": null, "ts": "22:15:52"}
[22:15:54] t=1980 jev INF FLAKT HOLD (预算保护 gate=False e2=16)
[22:15:57] t=1983 jev INF FLAKT HOLD (预算保护 gate=False e2=16)
[22:15:59] t=1986 jev INF FLAKT HOLD (预算保护 gate=False e2=16)
[22:16:01] t=1989 jev INF FLAKT HOLD (预算保护 gate=False e2=16)
[22:16:03] t=1991 jev INF FLAKT HOLD (预算保护 gate=False e2=16)
[22:16:05] t=1994 jev INF FLAKT HOLD (预算保护 gate=False e2=16)
[22:16:05] t=1994 MOVE assault x1 -> (73,120)
[22:16:05] {"kind": "action", "what": "attack_move", "name": null, "qty": null, "tid": null, "ts": "22:16:05"}
[22:16:07] t=1997 jev INF FLAKT HOLD (预算保护 gate=False e2=16)
[22:16:07] t=1997 tick#800 credits=0 stance=defend | jev 800 decisions p50=1769ms
[22:16:09] t=2000 jev INF FLAKT HOLD (预算保护 gate=False e2=16)
[22:16:11] t=2002 jev INF FLAKT HOLD (预算保护 gate=False e2=16)
[22:16:13] t=2005 jev INF FLAKT HOLD (预算保护 gate=False e2=16)
[22:16:15] t=2008 jev INF FLAKT HOLD (预算保护 gate=False e2=16)
[22:16:17] t=2011 jev INF FLAKT HOLD (预算保护 gate=False e2=16)
[22:16:17] t=2011 MOVE assault x1 -> (73,120)
[22:16:17] {"kind": "action", "what": "attack_move", "name": null, "qty": null, "tid": null, "ts": "22:16:17"}
[22:16:19] t=2013 jev INF FLAKT HOLD (预算保护 gate=False e2=16)
[22:16:21] t=2016 jev INF FLAKT HOLD (预算保护 gate=False e2=16)
[22:16:23] t=2019 jev INF FLAKT HOLD (预算保护 gate=False e2=16)
[22:16:25] t=2021 jev INF FLAKT HOLD (预算保护 gate=False e2=16)
[22:16:25] t=2024 SCOUT* #2425->[173, 13]
[22:16:25] {"kind": "action", "what": "attack_move", "name": null, "qty": null, "tid": null, "ts": "22:16:25"}
[22:16:27] t=2024 jev INF FLAKT HOLD (预算保护 gate=False e2=16)
[22:16:27] t=2024 jev VEH DRON HOLD (预算保护 cash=138 aav帽=ok aav=0)
[22:16:29] t=2027 jev INF FLAKT HOLD (预算保护 gate=False e2=16)
[22:16:29] t=2027 jev VEH DRON HOLD (预算保护 cash=63 aav帽=ok aav=0)
[22:16:29] t=2027 MOVE assault x1 -> (73,120)
[22:16:29] {"kind": "action", "what": "attack_move", "name": null, "qty": null, "tid": null, "ts": "22:16:29"}
[22:16:31] t=2030 jev INF FLAKT HOLD (预算保护 gate=False e2=16)
[22:16:31] t=2030 jev VEH DRON HOLD (预算保护 cash=25 aav帽=ok aav=0)
[22:16:33] t=2032 jev INF FLAKT HOLD (预算保护 gate=False e2=16)
[22:16:33] t=2032 jev VEH HTNK HOLD (预算保护 cash=25 aav帽=ok aav=0)
[22:16:35] t=2035 jev INF FLAKT HOLD (预算保护 gate=False e2=16)
[22:16:35] t=2035 jev VEH DRON HOLD (预算保护 cash=25 aav帽=ok aav=0)
[22:16:37] t=2037 jev INF FLAKT HOLD (预算保护 gate=False e2=16)
[22:16:37] t=2037 jev VEH HTNK HOLD (预算保护 cash=25 aav帽=ok aav=0)
[22:16:39] t=2040 jev INF FLAKT HOLD (预算保护 gate=False e2=16)
[22:16:39] t=2040 jev VEH HTNK HOLD (预算保护 cash=25 aav帽=ok aav=0)
[22:16:39] t=2043 TANK HTNK x1
[22:16:39] {"kind": "action", "what": "produce", "name": "HTNK", "qty": 1, "tid": null, "ts": "22:16:39"}
[22:16:41] t=2043 jev INF FLAKT (conf 0.42)
[22:16:41] {"kind": "action", "what": "produce", "name": "FLAKT", "qty": 1, "tid": null, "ts": "22:16:41"}
[22:16:41] t=2043 MOVE hold_a x8 -> (68,109); hold_b x8 -> (77,118)
[22:16:41] {"kind": "action", "what": "attack_move", "name": null, "qty": null, "tid": null, "ts": "22:16:41"}
[22:16:41] {"kind": "action", "what": "attack_move", "name": null, "qty": null, "tid": null, "ts": "22:16:41"}
[22:16:43] t=2046 MOVE assault x1 -> (73,120)
[22:16:43] {"kind": "action", "what": "attack_move", "name": null, "qty": null, "tid": null, "ts": "22:16:43"}
[22:16:47] t=2051 jev INF FLAKT HOLD (预算保护 gate=False e2=16)
[22:16:47] t=2051 jev VEH HTNK HOLD (预算保护 cash=0 aav帽=ok aav=0)
[22:16:47] t=2051 MOVE guard x1 -> (73,120)
[22:16:47] {"kind": "action", "what": "attack_move", "name": null, "qty": null, "tid": null, "ts": "22:16:47"}
[22:16:49] t=2054 jev INF FLAKT HOLD (预算保护 gate=False e2=16)
[22:16:49] t=2054 jev VEH HTNK HOLD (预算保护 cash=0 aav帽=ok aav=0)
[22:16:51] t=2056 jev INF FLAKT HOLD (预算保护 gate=False e2=16)
[22:16:51] t=2056 jev VEH HTNK HOLD (预算保护 cash=0 aav帽=ok aav=0)
[22:16:54] t=2059 jev INF FLAKT HOLD (预算保护 gate=False e2=16)
[22:16:54] t=2059 jev VEH HARV HOLD (预算保护 cash=0 aav帽=ok aav=0)
[22:16:56] t=2062 jev INF FLAKT HOLD (预算保护 gate=False e2=16)
[22:16:56] t=2062 jev VEH HARV HOLD (预算保护 cash=0 aav帽=ok aav=0)
[22:16:56] t=2062 MOVE assault x1 -> (73,120)
[22:16:56] {"kind": "action", "what": "attack_move", "name": null, "qty": null, "tid": null, "ts": "22:16:56"}
[22:16:58] t=2065 jev INF FLAKT HOLD (预算保护 gate=False e2=16)
[22:16:58] t=2065 jev VEH HARV HOLD (预算保护 cash=0 aav帽=ok aav=0)
[22:16:58] t=2065 tick#825 credits=0 stance=defend | jev 825 decisions p50=1778ms
[22:17:00] t=2068 jev INF FLAKT HOLD (预算保护 gate=False e2=16)
[22:17:00] t=2068 jev VEH HARV HOLD (预算保护 cash=150 aav帽=ok aav=0)
[22:17:02] t=2071 jev INF FLAKT HOLD (预算保护 gate=False e2=16)
[22:17:02] t=2071 jev VEH HARV HOLD (预算保护 cash=150 aav帽=ok aav=0)
[22:17:04] t=2073 jev INF FLAKT HOLD (预算保护 gate=False e2=16)
[22:17:04] t=2073 jev VEH HARV HOLD (预算保护 cash=150 aav帽=ok aav=0)
[22:17:07] t=2076 jev INF FLAKT HOLD (预算保护 gate=False e2=16)
[22:17:07] t=2076 jev VEH HARV HOLD (预算保护 cash=150 aav帽=ok aav=0)
[22:17:09] t=2079 jev INF FLAKT HOLD (预算保护 gate=False e2=16)
[22:17:09] t=2079 jev VEH HARV HOLD (预算保护 cash=150 aav帽=ok aav=0)
[22:17:09] t=2079 MOVE assault x1 -> (73,120)
[22:17:09] {"kind": "action", "what": "attack_move", "name": null, "qty": null, "tid": null, "ts": "22:17:09"}
[22:17:11] t=2082 jev INF FLAKT HOLD (预算保护 gate=False e2=16)
[22:17:11] t=2082 jev VEH HARV HOLD (预算保护 cash=150 aav帽=ok aav=0)
[22:17:11] t=2085 SCOUT* #2425->[173, 13]
[22:17:11] {"kind": "action", "what": "attack_move", "name": null, "qty": null, "tid": null, "ts": "22:17:11"}
[22:17:13] t=2085 jev INF FLAKT HOLD (预算保护 gate=False e2=16)
[22:17:13] t=2085 jev VEH HARV HOLD (预算保护 cash=150 aav帽=ok aav=0)
[22:17:15] t=2088 jev INF FLAKT HOLD (预算保护 gate=False e2=16)
[22:17:15] t=2088 jev VEH DRON HOLD (预算保护 cash=150 aav帽=ok aav=0)
[22:17:17] t=2091 jev INF FLAKT HOLD (预算保护 gate=False e2=16)
[22:17:17] t=2091 jev VEH DRON HOLD (预算保护 cash=150 aav帽=ok aav=0)
[22:17:19] t=2093 jev INF FLAKT HOLD (预算保护 gate=False e2=16)
[22:17:19] t=2093 jev VEH DRON HOLD (预算保护 cash=150 aav帽=ok aav=0)
[22:17:19] t=2093 MOVE guard x1 -> (73,120)
[22:17:19] {"kind": "action", "what": "attack_move", "name": null, "qty": null, "tid": null, "ts": "22:17:19"}
[22:17:21] t=2096 jev INF FLAKT HOLD (预算保护 gate=False e2=16)
[22:17:21] t=2096 jev VEH DRON HOLD (预算保护 cash=150 aav帽=ok aav=0)
[22:17:21] t=2096 MOVE assault x1 -> (73,120)
[22:17:21] {"kind": "action", "what": "attack_move", "name": null, "qty": null, "tid": null, "ts": "22:17:21"}
[22:17:23] t=2099 jev INF FLAKT HOLD (预算保护 gate=False e2=16)
[22:17:23] t=2099 jev VEH DRON HOLD (预算保护 cash=150 aav帽=ok aav=0)
[22:17:26] t=2102 jev INF FLAKT HOLD (预算保护 gate=False e2=16)
[22:17:26] t=2102 jev VEH DRON HOLD (预算保护 cash=150 aav帽=ok aav=0)
[22:17:28] t=2105 jev INF FLAKT HOLD (预算保护 gate=False e2=16)
[22:17:28] t=2105 jev VEH HARV HOLD (预算保护 cash=150 aav帽=ok aav=0)
[22:17:30] t=2107 jev INF FLAKT HOLD (预算保护 gate=False e2=16)
[22:17:30] t=2107 jev VEH DRON HOLD (预算保护 cash=150 aav帽=ok aav=0)
[22:17:32] t=2110 jev INF FLAKT HOLD (预算保护 gate=False e2=16)
[22:17:32] t=2110 jev VEH HARV HOLD (预算保护 cash=150 aav帽=ok aav=0)
[22:17:34] t=2113 jev INF FLAKT HOLD (预算保护 gate=False e2=16)
[22:17:34] t=2113 jev VEH HARV HOLD (预算保护 cash=150 aav帽=ok aav=0)
[22:17:34] t=2113 MOVE assault x1 -> (73,120)
[22:17:34] {"kind": "action", "what": "attack_move", "name": null, "qty": null, "tid": null, "ts": "22:17:34"}
[22:17:36] t=2116 jev INF FLAKT HOLD (预算保护 gate=False e2=16)
[22:17:36] t=2116 jev VEH DRON HOLD (预算保护 cash=150 aav帽=ok aav=0)
[22:17:38] t=2118 jev INF FLAKT HOLD (预算保护 gate=False e2=16)
[22:17:38] t=2118 jev VEH DRON HOLD (预算保护 cash=150 aav帽=ok aav=0)
[22:17:40] t=2121 jev INF FLAKT HOLD (预算保护 gate=False e2=16)
[22:17:40] t=2121 jev VEH HTNK HOLD (预算保护 cash=150 aav帽=ok aav=0)
[22:17:42] t=2124 jev INF FLAKT HOLD (预算保护 gate=False e2=16)
[22:17:42] t=2124 jev VEH HTNK HOLD (预算保护 cash=150 aav帽=ok aav=0)
[22:17:42] t=2124 MOVE hold_a x9 -> (68,109); hold_b x8 -> (77,118)
[22:17:42] {"kind": "action", "what": "attack_move", "name": null, "qty": null, "tid": null, "ts": "22:17:42"}
[22:17:42] {"kind": "action", "what": "attack_move", "name": null, "qty": null, "tid": null, "ts": "22:17:42"}
[22:17:44] t=2127 jev INF FLAKT HOLD (预算保护 gate=False e2=16)
[22:17:44] t=2127 jev VEH HTNK HOLD (预算保护 cash=300 aav帽=ok aav=0)
[22:17:46] t=2130 jev INF FLAKT HOLD (预算保护 gate=False e2=16)
[22:17:46] t=2130 jev VEH HTNK HOLD (预算保护 cash=300 aav帽=ok aav=0)
[22:17:46] t=2130 MOVE assault x1 -> (73,120)
[22:17:46] {"kind": "action", "what": "attack_move", "name": null, "qty": null, "tid": null, "ts": "22:17:46"}
[22:17:49] t=2133 jev INF FLAKT HOLD (预算保护 gate=False e2=16)
[22:17:49] t=2133 jev VEH HTNK HOLD (预算保护 cash=300 aav帽=ok aav=0)
[22:17:51] t=2135 jev INF FLAKT HOLD (预算保护 gate=False e2=16)
[22:17:51] t=2135 jev VEH DRON HOLD (预算保护 cash=300 aav帽=ok aav=0)
[22:17:51] t=2135 MOVE guard x1 -> (73,120)
[22:17:51] {"kind": "action", "what": "attack_move", "name": null, "qty": null, "tid": null, "ts": "22:17:51"}
[22:17:51] t=2135 tick#850 credits=300 stance=defend | jev 850 decisions p50=1792ms
[22:17:53] t=2138 jev INF FLAKT HOLD (预算保护 gate=False e2=16)
[22:17:53] t=2138 jev VEH HTNK HOLD (预算保护 cash=300 aav帽=ok aav=0)
[22:17:55] t=2141 jev INF FLAKT HOLD (预算保护 gate=False e2=16)
[22:17:55] t=2141 jev VEH HTNK HOLD (预算保护 cash=300 aav帽=ok aav=0)
[22:17:57] t=2144 jev INF FLAKT HOLD (预算保护 gate=False e2=16)
[22:17:57] t=2144 jev VEH HTNK HOLD (预算保护 cash=300 aav帽=ok aav=0)
[22:17:59] t=2146 jev INF FLAKT HOLD (预算保护 gate=False e2=16)
[22:17:59] t=2146 jev VEH HTNK HOLD (预算保护 cash=300 aav帽=ok aav=0)
[22:17:59] t=2146 MOVE assault x1 -> (73,120)
[22:17:59] {"kind": "action", "what": "attack_move", "name": null, "qty": null, "tid": null, "ts": "22:17:59"}
[22:18:01] t=2149 jev INF FLAKT HOLD (预算保护 gate=False e2=16)
[22:18:01] t=2149 jev VEH HARV HOLD (预算保护 cash=300 aav帽=ok aav=0)
[22:18:03] t=2152 jev INF FLAKT HOLD (预算保护 gate=False e2=16)
[22:18:03] t=2152 jev VEH HTNK HOLD (预算保护 cash=300 aav帽=ok aav=0)
[22:18:06] t=2155 jev INF FLAKT HOLD (预算保护 gate=False e2=16)
[22:18:06] t=2155 jev VEH HTNK HOLD (预算保护 cash=300 aav帽=ok aav=0)
[22:18:08] t=2158 jev INF FLAKT HOLD (预算保护 gate=False e2=16)
[22:18:08] t=2158 jev VEH HARV HOLD (预算保护 cash=300 aav帽=ok aav=0)
[22:18:10] t=2161 jev INF FLAKT HOLD (预算保护 gate=False e2=16)
[22:18:10] t=2161 jev VEH HARV HOLD (预算保护 cash=300 aav帽=ok aav=0)
[22:18:12] t=2164 jev INF FLAKT HOLD (预算保护 gate=False e2=16)
[22:18:12] t=2164 jev VEH HTNK HOLD (预算保护 cash=300 aav帽=ok aav=0)
[22:18:12] t=2164 MOVE assault x1 -> (73,120)
[22:18:12] {"kind": "action", "what": "attack_move", "name": null, "qty": null, "tid": null, "ts": "22:18:12"}
[22:18:12] t=2167 RETREAT E2(1%)
[22:18:12] t=2167 RETREAT E2(7%)
[22:18:12] {"kind": "action", "what": "move", "name": null, "qty": null, "tid": null, "ts": "22:18:12"}
[22:18:12] {"kind": "action", "what": "move", "name": null, "qty": null, "tid": null, "ts": "22:18:12"}
[22:18:14] t=2167 jev INF FLAKT HOLD (预算保护 gate=False e2=16)
[22:18:14] t=2167 jev VEH HARV HOLD (预算保护 cash=300 aav帽=ok aav=0)
[22:18:16] t=2169 jev INF FLAKT HOLD (预算保护 gate=False e2=16)
[22:18:16] t=2169 jev VEH HARV HOLD (预算保护 cash=300 aav帽=ok aav=0)
[22:18:18] t=2172 jev INF FLAKT HOLD (预算保护 gate=False e2=16)
[22:18:18] t=2172 jev VEH HARV HOLD (预算保护 cash=300 aav帽=ok aav=0)
[22:18:20] t=2175 jev INF FLAKT HOLD (预算保护 gate=False e2=16)
[22:18:20] t=2175 jev VEH HARV HOLD (预算保护 cash=300 aav帽=ok aav=0)
[22:18:23] t=2178 jev INF FLAKT HOLD (预算保护 gate=False e2=16)
[22:18:23] t=2178 jev VEH HARV HOLD (预算保护 cash=300 aav帽=ok aav=0)
[22:18:23] t=2178 MOVE guard x1 -> (73,120)
[22:18:23] {"kind": "action", "what": "attack_move", "name": null, "qty": null, "tid": null, "ts": "22:18:23"}
[22:18:23] t=2181 RETREAT E2(13%)
[22:18:23] {"kind": "action", "what": "move", "name": null, "qty": null, "tid": null, "ts": "22:18:23"}
[22:18:25] t=2181 jev INF FLAKT HOLD (预算保护 gate=False e2=16)
[22:18:25] t=2181 jev VEH HARV HOLD (预算保护 cash=300 aav帽=ok aav=0)
[22:18:25] t=2181 MOVE assault x1 -> (73,120)
[22:18:25] {"kind": "action", "what": "attack_move", "name": null, "qty": null, "tid": null, "ts": "22:18:25"}
[22:18:25] t=2184 RETREAT E2(1%)
[22:18:25] {"kind": "action", "what": "move", "name": null, "qty": null, "tid": null, "ts": "22:18:25"}
[22:18:27] t=2184 jev INF FLAKT HOLD (预算保护 gate=False e2=16)
[22:18:27] t=2184 jev VEH HARV HOLD (预算保护 cash=300 aav帽=ok aav=0)
[22:18:29] t=2186 jev INF FLAKT HOLD (预算保护 gate=False e2=16)
[22:18:29] t=2186 jev VEH HARV HOLD (预算保护 cash=300 aav帽=ok aav=0)
[22:18:31] t=2189 jev INF FLAKT HOLD (预算保护 gate=False e2=16)
[22:18:31] t=2189 jev VEH HTNK HOLD (预算保护 cash=300 aav帽=ok aav=0)
[22:18:33] t=2192 jev INF FLAKT HOLD (预算保护 gate=False e2=16)
[22:18:33] t=2192 jev VEH HTNK HOLD (预算保护 cash=450 aav帽=ok aav=0)
[22:18:35] t=2195 jev INF FLAKT HOLD (预算保护 gate=False e2=16)
[22:18:35] t=2195 jev VEH HTNK HOLD (预算保护 cash=450 aav帽=ok aav=0)
[22:18:37] t=2197 jev INF FLAKT HOLD (预算保护 gate=False e2=16)
[22:18:37] t=2197 jev VEH HARV HOLD (预算保护 cash=450 aav帽=ok aav=0)
[22:18:37] t=2197 MOVE assault x1 -> (73,120)
[22:18:37] {"kind": "action", "what": "attack_move", "name": null, "qty": null, "tid": null, "ts": "22:18:37"}
[22:18:39] t=2200 jev INF FLAKT HOLD (预算保护 gate=False e2=16)
[22:18:39] t=2200 jev VEH HARV HOLD (预算保护 cash=450 aav帽=ok aav=0)
[22:18:39] t=2203 AA HTK x2 (enemy air, alive 0)
[22:18:39] {"kind": "action", "what": "produce", "name": "HTK", "qty": 2, "tid": null, "ts": "22:18:39"}
[22:18:41] t=2203 jev INF FLAKT HOLD (预算保护 gate=False e2=16)
[22:18:43] t=2205 jev INF FLAKT HOLD (预算保护 gate=False e2=16)
[22:18:43] t=2205 MOVE hold_a x9 -> (68,109); hold_b x8 -> (77,118)
[22:18:43] {"kind": "action", "what": "attack_move", "name": null, "qty": null, "tid": null, "ts": "22:18:43"}
[22:18:43] {"kind": "action", "what": "attack_move", "name": null, "qty": null, "tid": null, "ts": "22:18:43"}
[22:18:43] t=2205 tick#875 credits=146 stance=defend | jev 875 decisions p50=1802ms
[22:18:43] t=2208 ESCORT 坦克#3376 -> 护航矿车@[103, 94]
[22:18:44] {"kind": "action", "what": "attack_move", "name": null, "qty": null, "tid": null, "ts": "22:18:44"}
[22:18:45] t=2208 jev INF FLAKT (conf 0.44)
[22:18:45] {"kind": "action", "what": "produce", "name": "FLAKT", "qty": 1, "tid": null, "ts": "22:18:45"}
[22:18:45] t=2208 MOVE aahunt x1 -> 攻击目标#3292@(96,103)
[22:18:45] {"kind": "action", "what": "attack_obj", "name": null, "qty": null, "tid": 3292, "ts": "22:18:45"}
[22:18:46] t=2211 AA HTK x2 (enemy air, alive 2)
[22:18:48] t=2211 jev VEH HARV HOLD (预算保护 cash=623 aav帽=ok aav=2)
[22:18:48] t=2211 MOVE aahunt x2 -> 攻击目标#3292@(94,105)
[22:18:48] {"kind": "action", "what": "attack_obj", "name": null, "qty": null, "tid": 3292, "ts": "22:18:48"}
[22:18:48] t=2214 ALARM enemy approaching -> RESCUE 预备队 3 人驰援远端 [92, 106]
[22:18:48] {"kind": "action", "what": "attack_move", "name": null, "qty": null, "tid": null, "ts": "22:18:48"}
[22:18:48] t=2214 SCOUT* #2425->[185, 59]
[22:18:48] {"kind": "action", "what": "attack_move", "name": null, "qty": null, "tid": null, "ts": "22:18:48"}
[22:18:50] t=2214 jev VEH HTNK HOLD (预算保护 cash=424 aav帽=ok aav=2)
[22:18:52] t=2217 jev INF FLAKT HOLD (预算保护 gate=False e2=16)
[22:18:52] t=2217 jev VEH HTNK HOLD (预算保护 cash=400 aav帽=ok aav=2)
[22:18:54] t=2220 jev INF FLAKT HOLD (预算保护 gate=False e2=16)
[22:18:54] t=2220 jev VEH HTNK HOLD (预算保护 cash=400 aav帽=ok aav=2)
[22:18:57] t=2223 jev INF FLAKT HOLD (预算保护 gate=False e2=16)
[22:18:57] t=2223 jev VEH HTNK HOLD (预算保护 cash=400 aav帽=ok aav=2)
[22:18:57] t=2223 MOVE assault x1 -> (73,120); t=2223 AIR-EVADE assault x1 -> home (坦克打不到空中, 等AA猎杀); hold_a x9 -> (72,109); hold_b x9 -> (76,121); guard x1 -> (73,120); aahunt x2 -> 攻击目标#3292@(87,111)
[22:18:57] {"kind": "action", "what": "attack_move", "name": null, "qty": null, "tid": null, "ts": "22:18:57"}
[22:18:57] {"kind": "action", "what": "attack_move", "name": null, "qty": null, "tid": null, "ts": "22:18:57"}
[22:18:57] {"kind": "action", "what": "attack_move", "name": null, "qty": null, "tid": null, "ts": "22:18:57"}
[22:18:57] {"kind": "action", "what": "attack_move", "name": null, "qty": null, "tid": null, "ts": "22:18:57"}
[22:18:57] {"kind": "action", "what": "attack_obj", "name": null, "qty": null, "tid": 3292, "ts": "22:18:57"}
[22:18:57] t=2226 ALARM enemy approaching -> counter 18 vs 4 -> [85, 112]
[22:18:57] {"kind": "action", "what": "attack_move", "name": null, "qty": null, "tid": null, "ts": "22:18:57"}
[22:18:59] t=2226 jev INF FLAKT HOLD (预算保护 gate=False e2=16)
[22:18:59] t=2226 jev VEH HTNK HOLD (预算保护 cash=400 aav帽=ok aav=2)
[22:19:01] t=2229 jev INF FLAKT HOLD (预算保护 gate=False e2=16)
[22:19:01] t=2229 jev VEH HTNK HOLD (预算保护 cash=400 aav帽=ok aav=2)
[22:19:03] t=2232 jev INF FLAKT HOLD (预算保护 gate=False e2=16)
[22:19:03] t=2232 jev VEH HTNK HOLD (预算保护 cash=400 aav帽=ok aav=2)
[22:19:05] t=2235 jev INF FLAKT HOLD (预算保护 gate=False e2=16)
[22:19:05] t=2235 jev VEH HTNK HOLD (预算保护 cash=400 aav帽=ok aav=2)
[22:19:05] t=2237 ALARM enemy approaching -> RESCUE 预备队 3 人驰援远端 [89, 110]
[22:19:05] {"kind": "action", "what": "attack_move", "name": null, "qty": null, "tid": null, "ts": "22:19:05"}
[22:19:07] t=2237 jev INF FLAKT HOLD (预算保护 gate=False e2=16)
[22:19:07] t=2237 jev VEH HTNK HOLD (预算保护 cash=400 aav帽=ok aav=2)
[22:19:09] t=2240 jev INF FLAKT HOLD (预算保护 gate=False e2=16)
[22:19:09] t=2240 jev VEH HTNK HOLD (预算保护 cash=400 aav帽=ok aav=2)
[22:19:09] t=2243 TANK HTNK x1
[22:19:09] {"kind": "action", "what": "produce", "name": "HTNK", "qty": 1, "tid": null, "ts": "22:19:09"}
[22:19:11] t=2243 jev INF FLAKT (conf 0.30)
[22:19:11] {"kind": "action", "what": "produce", "name": "FLAKT", "qty": 1, "tid": null, "ts": "22:19:11"}
[22:19:15] t=2248 MOVE assault x1 -> (73,120); hold_b x9 -> (76,122); aahunt x2 -> (79,114)
[22:19:15] {"kind": "action", "what": "attack_move", "name": null, "qty": null, "tid": null, "ts": "22:19:15"}
[22:19:15] {"kind": "action", "what": "attack_move", "name": null, "qty": null, "tid": null, "ts": "22:19:15"}
[22:19:15] {"kind": "action", "what": "attack_move", "name": null, "qty": null, "tid": null, "ts": "22:19:15"}
[22:19:16] t=2251 ESCORT 坦克#2903 -> 护航矿车@[76, 73]
[22:19:16] {"kind": "action", "what": "attack_move", "name": null, "qty": null, "tid": null, "ts": "22:19:16"}
[22:19:19] t=2254 jev INF FLAKT HOLD (预算保护 gate=False e2=16)
[22:19:21] t=2256 jev INF FLAKT HOLD (预算保护 gate=False e2=16)
[22:19:23] t=2259 jev INF FLAKT HOLD (预算保护 gate=False e2=16)
[22:19:25] t=2262 jev INF FLAKT HOLD (预算保护 gate=False e2=16)
[22:19:28] t=2265 jev INF FLAKT HOLD (预算保护 gate=False e2=16)
[22:19:28] t=2265 MOVE assault x1 -> (73,120); guard x1 -> (73,120)
[22:19:28] {"kind": "action", "what": "attack_move", "name": null, "qty": null, "tid": null, "ts": "22:19:28"}
[22:19:28] {"kind": "action", "what": "attack_move", "name": null, "qty": null, "tid": null, "ts": "22:19:28"}
[22:19:28] t=2267 SCOUT2 #2903->[100, 100]
[22:19:28] {"kind": "action", "what": "attack_move", "name": null, "qty": null, "tid": null, "ts": "22:19:28"}
[22:19:30] t=2267 jev INF FLAKT HOLD (预算保护 gate=False e2=16)
[22:19:30] t=2267 jev VEH HTNK HOLD (预算保护 cash=0 aav帽=ok aav=2)
[22:19:30] t=2267 ATTACK (tanks=6)
[22:19:30] t=2267 MOVE assault x2 -> (101,100)
[22:19:30] {"kind": "action", "what": "attack_move", "name": null, "qty": null, "tid": null, "ts": "22:19:30"}
[22:19:32] t=2270 jev INF FLAKT HOLD (预算保护 gate=False e2=16)
[22:19:32] t=2270 jev VEH HTNK HOLD (预算保护 cash=0 aav帽=ok aav=2)
[22:19:32] t=2270 MOVE assault x2 -> (99,101)
[22:19:32] {"kind": "action", "what": "attack_move", "name": null, "qty": null, "tid": null, "ts": "22:19:32"}
[22:19:33] t=2273 jev INF FLAKT HOLD (预算保护 gate=False e2=16)
[22:19:33] t=2273 jev VEH HTNK HOLD (预算保护 cash=150 aav帽=ok aav=2)
[22:19:33] t=2273 THREAT 0.56 -> force defend
[22:19:33] t=2273 ATTACK (tanks=6)
[22:19:33] t=2273 MOVE assault x2 -> (97,102)
[22:19:34] {"kind": "action", "what": "attack_move", "name": null, "qty": null, "tid": null, "ts": "22:19:34"}
[22:19:34] t=2275 ALARM unit lost -> 攻势保持（塔阵守家, 前线 19 个单位继续进攻）
[22:19:35] t=2275 jev INF E2 HOLD (预算保护 gate=False e2=15)
[22:19:35] t=2275 jev VEH HTNK HOLD (预算保护 cash=150 aav帽=ok aav=2)
[22:19:35] t=2275 MOVE assault x2 -> (94,103); hold_a x9 -> (74,110); hold_b x9 -> (74,123); aahunt x2 -> (70,117)
[22:19:35] {"kind": "action", "what": "attack_move", "name": null, "qty": null, "tid": null, "ts": "22:19:35"}
[22:19:36] {"kind": "action", "what": "attack_move", "name": null, "qty": null, "tid": null, "ts": "22:19:36"}
[22:19:36] {"kind": "action", "what": "attack_move", "name": null, "qty": null, "tid": null, "ts": "22:19:36"}
[22:19:36] {"kind": "action", "what": "attack_move", "name": null, "qty": null, "tid": null, "ts": "22:19:36"}
[22:19:36] t=2275 tick#900 credits=150 stance=attack | jev 900 decisions p50=1805ms
[22:19:38] t=2278 jev INF E2 HOLD (预算保护 gate=False e2=15)
[22:19:38] t=2278 jev VEH HTNK HOLD (预算保护 cash=150 aav帽=ok aav=2)
[22:19:38] t=2278 MOVE assault x2 -> (93,104)
[22:19:38] {"kind": "action", "what": "attack_move", "name": null, "qty": null, "tid": null, "ts": "22:19:38"}
[22:19:39] t=2281 jev INF E2 HOLD (预算保护 gate=False e2=15)
[22:19:39] t=2281 jev VEH HTNK HOLD (预算保护 cash=150 aav帽=ok aav=2)
[22:19:39] t=2281 MOVE assault x2 -> (92,103)
[22:19:40] {"kind": "action", "what": "attack_move", "name": null, "qty": null, "tid": null, "ts": "22:19:40"}
[22:19:40] t=2283 ALARM enemy approaching -> RESCUE 预备队 3 人驰援远端 [90, 102]
[22:19:40] {"kind": "action", "what": "attack_move", "name": null, "qty": null, "tid": null, "ts": "22:19:40"}
[22:19:40] t=2283 SCOUT* #2425->[185, 30]
[22:19:40] {"kind": "action", "what": "attack_move", "name": null, "qty": null, "tid": null, "ts": "22:19:40"}
[22:19:42] t=2283 jev INF E2 HOLD (预算保护 gate=False e2=15)
[22:19:42] t=2283 jev VEH HTNK HOLD (预算保护 cash=150 aav帽=ok aav=2)
[22:19:42] t=2283 THREAT 0.58 -> force defend
[22:19:42] t=2283 ATTACK (tanks=6)
[22:19:44] t=2286 jev INF E2 HOLD (预算保护 gate=False e2=15)
[22:19:44] t=2286 jev VEH HTNK HOLD (预算保护 cash=150 aav帽=ok aav=2)
[22:19:45] t=2289 jev VEH HTNK HOLD (预算保护 cash=150 aav帽=ok aav=2)
[22:19:46] t=2291 ESCORT 坦克#2903 -> 护航矿车@[78, 74]
[22:19:46] {"kind": "action", "what": "attack_move", "name": null, "qty": null, "tid": null, "ts": "22:19:46"}
[22:19:47] t=2291 jev INF E2 HOLD (预算保护 gate=False e2=15)
[22:19:47] t=2291 jev VEH DRON HOLD (预算保护 cash=150 aav帽=ok aav=2)
[22:19:47] t=2291 THREAT 0.56 -> force defend
[22:19:47] t=2291 ATTACK (tanks=6)
[22:19:49] t=2294 jev INF E2 HOLD (预算保护 gate=False e2=15)
[22:19:49] t=2294 jev VEH DRON HOLD (预算保护 cash=150 aav帽=ok aav=2)
[22:19:49] t=2294 THREAT 0.60 -> force defend
[22:19:49] t=2294 ATTACK (tanks=6)
[22:19:49] t=2294 MOVE assault x2 -> (89,101); hold_a x9 -> (69,109); hold_b x9 -> (77,119); aahunt x2 -> (77,110)
[22:19:49] {"kind": "action", "what": "attack_move", "name": null, "qty": null, "tid": null, "ts": "22:19:49"}
[22:19:49] {"kind": "action", "what": "attack_move", "name": null, "qty": null, "tid": null, "ts": "22:19:49"}
[22:19:49] {"kind": "action", "what": "attack_move", "name": null, "qty": null, "tid": null, "ts": "22:19:49"}
[22:19:49] {"kind": "action", "what": "attack_move", "name": null, "qty": null, "tid": null, "ts": "22:19:49"}
[22:19:50] t=2297 ALARM enemy approaching -> RESCUE 预备队 3 人驰援远端 [87, 100]
[22:19:50] {"kind": "action", "what": "attack_move", "name": null, "qty": null, "tid": null, "ts": "22:19:50"}
[22:19:51] t=2297 jev INF E2 HOLD (预算保护 gate=False e2=15)
[22:19:51] t=2297 jev VEH DRON HOLD (预算保护 cash=150 aav帽=ok aav=2)
[22:19:51] t=2297 THREAT 0.57 -> force defend
[22:19:51] t=2297 ATTACK (tanks=6)
[22:19:53] t=2299 jev INF E2 HOLD (预算保护 gate=False e2=15)
[22:19:53] t=2299 jev VEH DRON HOLD (预算保护 cash=150 aav帽=ok aav=2)
[22:19:53] t=2299 THREAT 0.61 -> force defend
[22:19:53] t=2299 ATTACK (tanks=6)
[22:19:55] t=2302 jev INF E2 HOLD (预算保护 gate=False e2=15)
[22:19:55] t=2302 jev VEH DRON HOLD (预算保护 cash=150 aav帽=ok aav=2)
[22:19:57] t=2304 jev INF E2 HOLD (预算保护 gate=False e2=15)
[22:19:57] t=2304 jev VEH DRON HOLD (预算保护 cash=150 aav帽=ok aav=2)
[22:19:59] t=2307 jev INF E2 HOLD (预算保护 gate=False e2=15)
[22:19:59] t=2307 jev VEH DRON HOLD (预算保护 cash=150 aav帽=ok aav=2)
[22:19:59] t=2307 MOVE assault x2 -> (126,88); hold_a x9 -> (68,109); hold_b x9 -> (77,117); guard x1 -> (73,120); aahunt x2 -> (76,109)
[22:19:59] {"kind": "action", "what": "attack_move", "name": null, "qty": null, "tid": null, "ts": "22:19:59"}
[22:19:59] {"kind": "action", "what": "attack_move", "name": null, "qty": null, "tid": null, "ts": "22:19:59"}
[22:19:59] {"kind": "action", "what": "attack_move", "name": null, "qty": null, "tid": null, "ts": "22:19:59"}
[22:19:59] {"kind": "action", "what": "attack_move", "name": null, "qty": null, "tid": null, "ts": "22:19:59"}
[22:19:59] {"kind": "action", "what": "attack_move", "name": null, "qty": null, "tid": null, "ts": "22:19:59"}
[22:20:01] t=2310 jev INF E2 HOLD (预算保护 gate=False e2=15)
[22:20:01] t=2310 jev VEH DRON HOLD (预算保护 cash=150 aav帽=ok aav=2)
[22:20:01] t=2310 MOVE assault x2 -> (125,91)
[22:20:01] {"kind": "action", "what": "attack_move", "name": null, "qty": null, "tid": null, "ts": "22:20:01"}
[22:20:03] t=2312 jev INF E2 HOLD (预算保护 gate=False e2=15)
[22:20:03] t=2312 jev VEH DRON HOLD (预算保护 cash=150 aav帽=ok aav=2)
[22:20:03] t=2312 MOVE assault x2 -> (123,93)
[22:20:03] {"kind": "action", "what": "attack_move", "name": null, "qty": null, "tid": null, "ts": "22:20:03"}
[22:20:05] t=2315 jev INF E2 HOLD (预算保护 gate=False e2=15)
[22:20:05] t=2315 jev VEH DRON HOLD (预算保护 cash=150 aav帽=ok aav=2)
[22:20:05] t=2315 MOVE assault x2 -> (123,96)
[22:20:05] {"kind": "action", "what": "attack_move", "name": null, "qty": null, "tid": null, "ts": "22:20:05"}
[22:20:07] t=2317 jev INF E2 HOLD (预算保护 gate=False e2=15)
[22:20:07] t=2317 jev VEH DRON HOLD (预算保护 cash=225 aav帽=ok aav=2)
[22:20:07] t=2317 MOVE assault x2 -> (123,98)
[22:20:07] {"kind": "action", "what": "attack_move", "name": null, "qty": null, "tid": null, "ts": "22:20:07"}
[22:20:09] t=2320 jev INF E2 HOLD (预算保护 gate=False e2=15)
[22:20:09] t=2320 jev VEH DRON HOLD (预算保护 cash=225 aav帽=ok aav=2)
[22:20:09] t=2320 THREAT 0.55 -> force defend
[22:20:09] t=2320 ATTACK (tanks=6)
[22:20:09] t=2320 MOVE assault x2 -> (123,101)
[22:20:09] {"kind": "action", "what": "attack_move", "name": null, "qty": null, "tid": null, "ts": "22:20:09"}
[22:20:11] t=2322 jev INF E2 HOLD (预算保护 gate=False e2=15)
[22:20:11] t=2322 jev VEH DRON HOLD (预算保护 cash=225 aav帽=ok aav=2)
[22:20:11] t=2322 MOVE assault x2 -> (125,104)
[22:20:11] {"kind": "action", "what": "attack_move", "name": null, "qty": null, "tid": null, "ts": "22:20:11"}
[22:20:13] t=2325 jev INF E2 HOLD (预算保护 gate=False e2=15)
[22:20:13] t=2325 jev VEH DRON HOLD (预算保护 cash=300 aav帽=ok aav=2)
[22:20:13] t=2325 MOVE assault x2 -> (126,105)
[22:20:13] {"kind": "action", "what": "attack_move", "name": null, "qty": null, "tid": null, "ts": "22:20:13"}
[22:20:15] t=2328 jev INF E2 HOLD (预算保护 gate=False e2=15)
[22:20:15] t=2328 jev VEH DRON HOLD (预算保护 cash=300 aav帽=ok aav=2)
[22:20:15] t=2328 MOVE assault x2 -> (121,91)
[22:20:15] {"kind": "action", "what": "attack_move", "name": null, "qty": null, "tid": null, "ts": "22:20:15"}
[22:20:17] t=2330 jev INF E2 HOLD (预算保护 gate=False e2=15)
[22:20:17] t=2330 jev VEH DRON HOLD (预算保护 cash=300 aav帽=ok aav=2)
[22:20:17] t=2330 MOVE assault x2 -> (120,94)
[22:20:17] {"kind": "action", "what": "attack_move", "name": null, "qty": null, "tid": null, "ts": "22:20:17"}
[22:20:17] t=2333 ESCORT 坦克#3376 -> 护航矿车@[80, 93]
[22:20:17] {"kind": "action", "what": "attack_move", "name": null, "qty": null, "tid": null, "ts": "22:20:17"}
[22:20:19] t=2333 jev INF E2 HOLD (预算保护 gate=False e2=15)
[22:20:19] t=2333 jev VEH DRON HOLD (预算保护 cash=300 aav帽=ok aav=2)
[22:20:19] t=2333 MOVE assault x2 -> (120,97)
[22:20:19] {"kind": "action", "what": "attack_move", "name": null, "qty": null, "tid": null, "ts": "22:20:19"}
[22:20:20] t=2335 jev INF E2 HOLD (预算保护 gate=False e2=15)
[22:20:20] t=2335 jev VEH DRON HOLD (预算保护 cash=300 aav帽=ok aav=2)
[22:20:20] t=2335 MOVE assault x2 -> (120,99)
[22:20:20] {"kind": "action", "what": "attack_move", "name": null, "qty": null, "tid": null, "ts": "22:20:20"}
[22:20:22] t=2338 jev INF E2 HOLD (预算保护 gate=False e2=15)
[22:20:22] t=2338 jev VEH DRON HOLD (预算保护 cash=300 aav帽=ok aav=2)
[22:20:22] t=2338 MOVE assault x2 -> (120,102)
[22:20:22] {"kind": "action", "what": "attack_move", "name": null, "qty": null, "tid": null, "ts": "22:20:22"}
[22:20:24] t=2340 jev INF E2 HOLD (预算保护 gate=False e2=15)
[22:20:24] t=2340 jev VEH DRON HOLD (预算保护 cash=300 aav帽=ok aav=2)
[22:20:24] t=2340 MOVE assault x2 -> (120,105)
[22:20:24] {"kind": "action", "what": "attack_move", "name": null, "qty": null, "tid": null, "ts": "22:20:24"}
[22:20:24] t=2340 tick#925 credits=300 stance=attack | jev 925 decisions p50=1805ms
[22:20:25] t=2343 SCOUT* #2425->[162, 13]
[22:20:25] {"kind": "action", "what": "attack_move", "name": null, "qty": null, "tid": null, "ts": "22:20:25"}
[22:20:26] t=2343 jev INF E2 HOLD (预算保护 gate=False e2=15)
[22:20:26] t=2343 jev VEH HTNK HOLD (预算保护 cash=300 aav帽=ok aav=2)
[22:20:26] t=2343 MOVE assault x2 -> (120,108)
[22:20:26] {"kind": "action", "what": "attack_move", "name": null, "qty": null, "tid": null, "ts": "22:20:26"}
[22:20:28] t=2346 jev INF E2 HOLD (预算保护 gate=False e2=15)
[22:20:28] t=2346 jev VEH HTNK HOLD (预算保护 cash=300 aav帽=ok aav=2)
[22:20:28] t=2346 MOVE assault x2 -> (120,111)
[22:20:28] {"kind": "action", "what": "attack_move", "name": null, "qty": null, "tid": null, "ts": "22:20:28"}
[22:20:30] t=2348 jev INF E2 HOLD (预算保护 gate=False e2=15)
[22:20:30] t=2348 jev VEH HTNK HOLD (预算保护 cash=300 aav帽=ok aav=2)
[22:20:30] t=2348 MOVE assault x2 -> (120,114); guard x1 -> (73,120); aahunt x2 -> (76,109)
[22:20:30] {"kind": "action", "what": "attack_move", "name": null, "qty": null, "tid": null, "ts": "22:20:30"}
[22:20:30] {"kind": "action", "what": "attack_move", "name": null, "qty": null, "tid": null, "ts": "22:20:30"}
[22:20:30] {"kind": "action", "what": "attack_move", "name": null, "qty": null, "tid": null, "ts": "22:20:30"}
[22:20:32] t=2351 jev INF E2 HOLD (预算保护 gate=False e2=15)
[22:20:32] t=2351 jev VEH HTNK HOLD (预算保护 cash=300 aav帽=ok aav=2)
[22:20:32] t=2351 MOVE assault x2 -> (120,117)
[22:20:32] {"kind": "action", "what": "attack_move", "name": null, "qty": null, "tid": null, "ts": "22:20:32"}
[22:20:34] t=2353 jev INF E2 HOLD (预算保护 gate=False e2=15)
[22:20:34] t=2353 jev VEH HTNK HOLD (预算保护 cash=300 aav帽=ok aav=2)
[22:20:34] t=2353 MOVE assault x2 -> (120,119)
[22:20:34] {"kind": "action", "what": "attack_move", "name": null, "qty": null, "tid": null, "ts": "22:20:34"}
[22:20:36] t=2356 jev INF E2 HOLD (预算保护 gate=False e2=15)
[22:20:36] t=2356 jev VEH DRON HOLD (预算保护 cash=300 aav帽=ok aav=2)
[22:20:36] t=2356 MOVE assault x2 -> (121,120)
[22:20:36] {"kind": "action", "what": "attack_move", "name": null, "qty": null, "tid": null, "ts": "22:20:36"}
[22:20:38] t=2358 jev INF E2 HOLD (预算保护 gate=False e2=15)
[22:20:38] t=2358 jev VEH HTNK HOLD (预算保护 cash=300 aav帽=ok aav=2)
[22:20:38] t=2358 MOVE assault x2 -> (122,121)
[22:20:38] {"kind": "action", "what": "attack_move", "name": null, "qty": null, "tid": null, "ts": "22:20:38"}
[22:20:40] t=2361 jev INF E2 HOLD (预算保护 gate=False e2=15)
[22:20:40] t=2361 jev VEH HTNK HOLD (预算保护 cash=300 aav帽=ok aav=2)
[22:20:40] t=2361 MOVE assault x2 -> (120,122)
[22:20:40] {"kind": "action", "what": "attack_move", "name": null, "qty": null, "tid": null, "ts": "22:20:40"}
[22:20:42] t=2363 jev INF E2 HOLD (预算保护 gate=False e2=15)
[22:20:42] t=2363 jev VEH HTNK HOLD (预算保护 cash=300 aav帽=ok aav=2)
[22:20:42] t=2363 MOVE assault x2 -> (120,124)
[22:20:42] {"kind": "action", "what": "attack_move", "name": null, "qty": null, "tid": null, "ts": "22:20:42"}
[22:20:42] t=2366 TANK HTNK x2
[22:20:42] {"kind": "action", "what": "produce", "name": "HTNK", "qty": 2, "tid": null, "ts": "22:20:42"}
[22:20:44] t=2366 MOVE assault x2 -> (120,126)
[22:20:44] {"kind": "action", "what": "attack_move", "name": null, "qty": null, "tid": null, "ts": "22:20:44"}
[22:20:45] t=2369 MOVE assault x2 -> (120,129)
[22:20:45] {"kind": "action", "what": "attack_move", "name": null, "qty": null, "tid": null, "ts": "22:20:45"}
[22:20:47] t=2371 MOVE assault x2 -> (119,131)
[22:20:47] {"kind": "action", "what": "attack_move", "name": null, "qty": null, "tid": null, "ts": "22:20:47"}
[22:20:48] t=2374 ESCORT 坦克#3376 -> 护航矿车@[102, 99]
[22:20:48] {"kind": "action", "what": "attack_move", "name": null, "qty": null, "tid": null, "ts": "22:20:48"}
[22:20:49] t=2374 MOVE assault x3 -> (117,134)
[22:20:49] {"kind": "action", "what": "attack_move", "name": null, "qty": null, "tid": null, "ts": "22:20:49"}
[22:20:51] t=2376 MOVE assault x3 -> (117,135)
[22:20:51] {"kind": "action", "what": "attack_move", "name": null, "qty": null, "tid": null, "ts": "22:20:51"}
[22:20:59] t=2386 MOVE assault x3 -> (116,135)
[22:20:59] {"kind": "action", "what": "attack_move", "name": null, "qty": null, "tid": null, "ts": "22:20:59"}
[22:21:01] t=2389 MOVE hold_a x9 -> (68,109); hold_b x9 -> (77,117); guard x1 -> (73,120); aahunt x2 -> (76,109)
[22:21:01] {"kind": "action", "what": "attack_move", "name": null, "qty": null, "tid": null, "ts": "22:21:01"}
[22:21:01] {"kind": "action", "what": "attack_move", "name": null, "qty": null, "tid": null, "ts": "22:21:01"}
[22:21:01] {"kind": "action", "what": "attack_move", "name": null, "qty": null, "tid": null, "ts": "22:21:01"}
[22:21:01] {"kind": "action", "what": "attack_move", "name": null, "qty": null, "tid": null, "ts": "22:21:01"}
[22:21:06] t=2397 jev INF E2 HOLD (预算保护 gate=False e2=15)
[22:21:06] t=2397 MOVE assault x3 -> (117,135)
[22:21:06] {"kind": "action", "what": "attack_move", "name": null, "qty": null, "tid": null, "ts": "22:21:06"}
[22:21:08] t=2399 MOVE assault x3 -> (117,133)
[22:21:08] {"kind": "action", "what": "attack_move", "name": null, "qty": null, "tid": null, "ts": "22:21:08"}
[22:21:10] t=2402 MOVE assault x3 -> (119,131)
[22:21:10] {"kind": "action", "what": "attack_move", "name": null, "qty": null, "tid": null, "ts": "22:21:10"}
[22:21:11] t=2404 SCOUT* #2425->[162, 13]
[22:21:11] {"kind": "action", "what": "attack_move", "name": null, "qty": null, "tid": null, "ts": "22:21:11"}
[22:21:12] t=2404 MOVE assault x3 -> (120,129)
[22:21:12] {"kind": "action", "what": "attack_move", "name": null, "qty": null, "tid": null, "ts": "22:21:12"}
[22:21:12] t=2404 tick#950 credits=0 stance=attack | jev 950 decisions p50=1782ms
[22:21:14] t=2407 MOVE assault x3 -> (120,127)
[22:21:14] {"kind": "action", "what": "attack_move", "name": null, "qty": null, "tid": null, "ts": "22:21:14"}
[22:21:16] t=2409 MOVE assault x3 -> (120,124)
[22:21:16] {"kind": "action", "what": "attack_move", "name": null, "qty": null, "tid": null, "ts": "22:21:16"}
[22:21:18] t=2412 MOVE assault x3 -> (120,122)
[22:21:18] {"kind": "action", "what": "attack_move", "name": null, "qty": null, "tid": null, "ts": "22:21:18"}
[22:21:18] t=2415 ESCORT 坦克#3638 -> 护航矿车@[77, 76]
[22:21:18] {"kind": "action", "what": "attack_move", "name": null, "qty": null, "tid": null, "ts": "22:21:18"}
[22:21:20] t=2415 MOVE assault x3 -> (121,122)
[22:21:20] {"kind": "action", "what": "attack_move", "name": null, "qty": null, "tid": null, "ts": "22:21:20"}
[22:21:22] t=2417 MOVE assault x3 -> (122,121)
[22:21:22] {"kind": "action", "what": "attack_move", "name": null, "qty": null, "tid": null, "ts": "22:21:22"}
[22:21:24] t=2420 MOVE assault x3 -> (121,120)
[22:21:24] {"kind": "action", "what": "attack_move", "name": null, "qty": null, "tid": null, "ts": "22:21:24"}
[22:21:26] t=2422 MOVE assault x3 -> (120,120)
[22:21:26] {"kind": "action", "what": "attack_move", "name": null, "qty": null, "tid": null, "ts": "22:21:26"}
[22:21:28] t=2425 MOVE assault x3 -> (120,118)
[22:21:28] {"kind": "action", "what": "attack_move", "name": null, "qty": null, "tid": null, "ts": "22:21:28"}
[22:21:29] t=2427 MOVE assault x3 -> (123,101)
[22:21:29] {"kind": "action", "what": "attack_move", "name": null, "qty": null, "tid": null, "ts": "22:21:29"}
[22:21:27] t=2430 MOVE assault x3 -> (124,103)
[22:21:27] {"kind": "action", "what": "attack_move", "name": null, "qty": null, "tid": null, "ts": "22:21:27"}
[22:21:29] t=2432 MOVE assault x3 -> (126,105)
[22:21:29] {"kind": "action", "what": "attack_move", "name": null, "qty": null, "tid": null, "ts": "22:21:29"}
[22:21:31] t=2435 MOVE guard x1 -> (73,120); aahunt x2 -> (76,109)
[22:21:31] {"kind": "action", "what": "attack_move", "name": null, "qty": null, "tid": null, "ts": "22:21:31"}
[22:21:31] {"kind": "action", "what": "attack_move", "name": null, "qty": null, "tid": null, "ts": "22:21:31"}
[22:21:33] t=2438 MOVE assault x3 -> (127,105)
[22:21:33] {"kind": "action", "what": "attack_move", "name": null, "qty": null, "tid": null, "ts": "22:21:33"}
[22:21:35] t=2440 MOVE assault x3 -> (128,105); aahunt x2 -> 攻击目标#3374@(129,93)
[22:21:35] {"kind": "action", "what": "attack_move", "name": null, "qty": null, "tid": null, "ts": "22:21:35"}
[22:21:35] {"kind": "action", "what": "attack_obj", "name": null, "qty": null, "tid": 3374, "ts": "22:21:35"}
[22:21:37] t=2443 jev INF E2 HOLD (预算保护 gate=False e2=15)
[22:21:37] t=2443 MOVE assault x3 -> (73,120); t=2443 AIR-EVADE assault x3 -> home (坦克打不到空中, 等AA猎杀); aahunt x2 -> 攻击目标#3374@(128,95)
[22:21:37] {"kind": "action", "what": "attack_move", "name": null, "qty": null, "tid": null, "ts": "22:21:37"}
[22:21:37] {"kind": "action", "what": "attack_obj", "name": null, "qty": null, "tid": 3374, "ts": "22:21:37"}
[22:21:39] t=2445 jev INF E2 HOLD (预算保护 gate=False e2=15)
[22:21:39] t=2445 MOVE t=2445 AIR-EVADE assault x3 -> home (坦克打不到空中, 等AA猎杀); aahunt x2 -> 攻击目标#3374@(124,95)
[22:21:39] {"kind": "action", "what": "attack_obj", "name": null, "qty": null, "tid": 3374, "ts": "22:21:39"}
[22:21:41] t=2448 jev INF E2 HOLD (预算保护 gate=False e2=15)
[22:21:41] t=2448 MOVE t=2448 AIR-EVADE assault x3 -> home (坦克打不到空中, 等AA猎杀); aahunt x2 -> 攻击目标#3374@(122,93)
[22:21:41] {"kind": "action", "what": "attack_obj", "name": null, "qty": null, "tid": 3374, "ts": "22:21:41"}
[22:21:43] t=2451 jev INF FLAKT HOLD (预算保护 gate=False e2=15)
[22:21:43] t=2451 MOVE t=2451 AIR-EVADE assault x3 -> home (坦克打不到空中, 等AA猎杀); aahunt x2 -> 攻击目标#3498@(119,91)
[22:21:43] {"kind": "action", "what": "attack_obj", "name": null, "qty": null, "tid": 3498, "ts": "22:21:43"}
[22:21:45] t=2453 jev INF E2 HOLD (预算保护 gate=False e2=15)
[22:21:47] t=2456 jev INF E2 HOLD (预算保护 gate=False e2=15)
[22:21:47] t=2456 jev VEH DRON HOLD (预算保护 cash=0 aav帽=ok aav=2)
[22:21:49] t=2458 jev INF E2 HOLD (预算保护 gate=False e2=15)
[22:21:49] t=2458 jev VEH DRON HOLD (预算保护 cash=0 aav帽=ok aav=2)
[22:21:49] t=2458 MOVE t=2458 AIR-EVADE assault x4 -> home (坦克打不到空中, 等AA猎杀); aahunt x2 -> 攻击目标#3374@(120,91)
[22:21:49] {"kind": "action", "what": "attack_obj", "name": null, "qty": null, "tid": 3374, "ts": "22:21:49"}
[22:21:49] t=2461 ESCORT 坦克#2903 -> 护航矿车@[74, 74]
[22:21:49] {"kind": "action", "what": "attack_move", "name": null, "qty": null, "tid": null, "ts": "22:21:49"}
[22:21:51] t=2461 jev INF E2 HOLD (预算保护 gate=False e2=15)
[22:21:51] t=2461 jev VEH DRON HOLD (预算保护 cash=0 aav帽=ok aav=2)
[22:21:51] t=2461 MOVE assault x4 -> (73,120); t=2461 AIR-EVADE assault x4 -> home (坦克打不到空中, 等AA猎杀); aahunt x2 -> 攻击目标#3374@(122,93)
[22:21:51] {"kind": "action", "what": "attack_move", "name": null, "qty": null, "tid": null, "ts": "22:21:51"}
[22:21:51] {"kind": "action", "what": "attack_obj", "name": null, "qty": null, "tid": 3374, "ts": "22:21:51"}
[22:21:53] t=2464 jev INF FLAKT HOLD (预算保护 gate=False e2=15)
[22:21:53] t=2464 jev VEH DRON HOLD (预算保护 cash=0 aav帽=ok aav=2)
[22:21:53] t=2464 MOVE t=2464 AIR-EVADE assault x4 -> home (坦克打不到空中, 等AA猎杀); aahunt x2 -> 攻击目标#3498@(125,96)
[22:21:53] {"kind": "action", "what": "attack_obj", "name": null, "qty": null, "tid": 3498, "ts": "22:21:53"}
[22:21:55] t=2466 jev INF E2 HOLD (预算保护 gate=False e2=15)
[22:21:55] t=2466 jev VEH DRON HOLD (预算保护 cash=300 aav帽=ok aav=2)
[22:21:55] t=2466 MOVE t=2466 AIR-EVADE assault x4 -> home (坦克打不到空中, 等AA猎杀); aahunt x2 -> 攻击目标#3498@(126,97)
[22:21:55] {"kind": "action", "what": "attack_obj", "name": null, "qty": null, "tid": 3498, "ts": "22:21:55"}
[22:21:55] t=2469 RETREAT E2(1%)
[22:21:55] t=2469 RETREAT E2(7%)
[22:21:55] {"kind": "action", "what": "move", "name": null, "qty": null, "tid": null, "ts": "22:21:55"}
[22:21:55] {"kind": "action", "what": "move", "name": null, "qty": null, "tid": null, "ts": "22:21:55"}
[22:21:57] t=2469 jev INF E2 HOLD (预算保护 gate=False e2=15)
[22:21:57] t=2469 jev VEH DRON HOLD (预算保护 cash=300 aav帽=ok aav=2)
[22:21:57] t=2469 tick#975 credits=300 stance=attack | jev 975 decisions p50=1769ms
[22:21:59] t=2471 jev VEH DRON HOLD (预算保护 cash=300 aav帽=ok aav=2)
[22:22:00] t=2474 jev VEH DRON HOLD (预算保护 cash=300 aav帽=ok aav=2)
[22:22:00] t=2474 MOVE t=2474 AIR-EVADE assault x4 -> home (坦克打不到空中, 等AA猎杀); aahunt x2 -> 攻击目标#3498@(124,96)
[22:22:01] {"kind": "action", "what": "attack_obj", "name": null, "qty": null, "tid": 3498, "ts": "22:22:01"}
[22:22:02] t=2477 jev VEH DRON HOLD (预算保护 cash=300 aav帽=ok aav=2)
[22:22:02] t=2477 MOVE t=2477 AIR-EVADE assault x4 -> home (坦克打不到空中, 等AA猎杀); hold_a x9 -> (68,109); hold_b x9 -> (77,117); guard x1 -> (73,120); aahunt x2 -> 攻击目标#3498@(122,95)
[22:22:02] {"kind": "action", "what": "attack_move", "name": null, "qty": null, "tid": null, "ts": "22:22:02"}
[22:22:02] {"kind": "action", "what": "attack_move", "name": null, "qty": null, "tid": null, "ts": "22:22:02"}
[22:22:03] {"kind": "action", "what": "attack_move", "name": null, "qty": null, "tid": null, "ts": "22:22:03"}
[22:22:03] {"kind": "action", "what": "attack_obj", "name": null, "qty": null, "tid": 3498, "ts": "22:22:03"}
[22:22:04] t=2479 jev VEH HTNK HOLD (预算保护 cash=300 aav帽=ok aav=2)
[22:22:04] t=2479 MOVE assault x4 -> (73,120); t=2479 AIR-EVADE assault x4 -> home (坦克打不到空中, 等AA猎杀); aahunt x2 -> 攻击目标#3498@(121,93)
[22:22:05] {"kind": "action", "what": "attack_move", "name": null, "qty": null, "tid": null, "ts": "22:22:05"}
[22:22:05] {"kind": "action", "what": "attack_obj", "name": null, "qty": null, "tid": 3498, "ts": "22:22:05"}
[22:22:05] t=2482 RETREAT E2(13%)
[22:22:05] {"kind": "action", "what": "move", "name": null, "qty": null, "tid": null, "ts": "22:22:05"}
[22:22:07] t=2482 jev VEH HTNK HOLD (预算保护 cash=300 aav帽=ok aav=2)
[22:22:07] t=2482 MOVE t=2482 AIR-EVADE assault x4 -> home (坦克打不到空中, 等AA猎杀); aahunt x2 -> 攻击目标#3498@(118,89)
[22:22:07] {"kind": "action", "what": "attack_obj", "name": null, "qty": null, "tid": 3498, "ts": "22:22:07"}
[22:22:07] t=2485 RETREAT E2(1%)
[22:22:07] {"kind": "action", "what": "move", "name": null, "qty": null, "tid": null, "ts": "22:22:07"}
[22:22:09] t=2485 jev VEH HTNK HOLD (预算保护 cash=300 aav帽=ok aav=2)
[22:22:09] t=2485 MOVE t=2485 AIR-EVADE assault x4 -> home (坦克打不到空中, 等AA猎杀); aahunt x2 -> 攻击目标#3374@(117,89)
[22:22:09] {"kind": "action", "what": "attack_obj", "name": null, "qty": null, "tid": 3374, "ts": "22:22:09"}
[22:22:10] t=2487 jev VEH DRON HOLD (预算保护 cash=300 aav帽=ok aav=2)
[22:22:10] t=2487 MOVE t=2487 AIR-EVADE assault x4 -> home (坦克打不到空中, 等AA猎杀); aahunt x2 -> 攻击目标#3374@(116,88)
[22:22:11] {"kind": "action", "what": "attack_obj", "name": null, "qty": null, "tid": 3374, "ts": "22:22:11"}
[22:22:12] t=2490 jev VEH DRON HOLD (预算保护 cash=300 aav帽=ok aav=2)
[22:22:12] t=2490 MOVE assault x4 -> (117,135); aahunt x2 -> (76,109)
[22:22:12] {"kind": "action", "what": "attack_move", "name": null, "qty": null, "tid": null, "ts": "22:22:12"}
[22:22:12] {"kind": "action", "what": "attack_move", "name": null, "qty": null, "tid": null, "ts": "22:22:12"}
[22:22:14] t=2493 jev VEH DRON HOLD (预算保护 cash=300 aav帽=ok aav=2)
[22:22:16] t=2495 jev VEH DRON HOLD (预算保护 cash=300 aav帽=ok aav=2)
[22:22:18] t=2498 jev VEH DRON HOLD (预算保护 cash=300 aav帽=ok aav=2)
[22:22:18] t=2498 MOVE assault x4 -> (116,136)
[22:22:18] {"kind": "action", "what": "attack_move", "name": null, "qty": null, "tid": null, "ts": "22:22:18"}
[22:22:20] t=2500 jev VEH DRON HOLD (预算保护 cash=300 aav帽=ok aav=2)
[22:22:20] t=2503 ESCORT 坦克#3543 -> 护航矿车@[116, 135]
[22:22:20] {"kind": "action", "what": "attack_move", "name": null, "qty": null, "tid": null, "ts": "22:22:20"}
[22:22:22] t=2503 jev VEH DRON HOLD (预算保护 cash=300 aav帽=ok aav=2)
[22:22:22] t=2503 MOVE assault x4 -> (115,135)
[22:22:22] {"kind": "action", "what": "attack_move", "name": null, "qty": null, "tid": null, "ts": "22:22:22"}
[22:22:24] t=2505 jev VEH DRON HOLD (预算保护 cash=300 aav帽=ok aav=2)
[22:22:26] t=2508 jev VEH DRON HOLD (预算保护 cash=300 aav帽=ok aav=2)
[22:22:28] t=2510 jev VEH DRON HOLD (预算保护 cash=300 aav帽=ok aav=2)
[22:22:30] t=2513 jev VEH DRON HOLD (预算保护 cash=300 aav帽=ok aav=2)
[22:22:31] t=2515 jev VEH DRON HOLD (预算保护 cash=300 aav帽=ok aav=2)
[22:22:31] t=2515 MOVE assault x4 -> (116,135)
[22:22:31] {"kind": "action", "what": "attack_move", "name": null, "qty": null, "tid": null, "ts": "22:22:31"}
[22:22:33] t=2518 jev VEH DRON HOLD (预算保护 cash=300 aav帽=ok aav=2)
[22:22:33] t=2518 MOVE guard x1 -> (73,120)
[22:22:33] {"kind": "action", "what": "attack_move", "name": null, "qty": null, "tid": null, "ts": "22:22:33"}
[22:22:35] t=2520 jev VEH DRON HOLD (预算保护 cash=300 aav帽=ok aav=2)
[22:22:35] t=2520 MOVE assault x4 -> (117,133)
[22:22:35] {"kind": "action", "what": "attack_move", "name": null, "qty": null, "tid": null, "ts": "22:22:35"}
[22:22:37] t=2523 jev VEH DRON HOLD (预算保护 cash=300 aav帽=ok aav=2)
[22:22:37] t=2523 MOVE assault x4 -> (117,131)
[22:22:37] {"kind": "action", "what": "attack_move", "name": null, "qty": null, "tid": null, "ts": "22:22:37"}
[22:22:39] t=2525 jev VEH DRON HOLD (预算保护 cash=300 aav帽=ok aav=2)
[22:22:39] t=2525 MOVE assault x4 -> (117,129)
[22:22:39] {"kind": "action", "what": "attack_move", "name": null, "qty": null, "tid": null, "ts": "22:22:39"}
[22:22:39] t=2528 TANK HTNK x2
[22:22:39] {"kind": "action", "what": "produce", "name": "HTNK", "qty": 2, "tid": null, "ts": "22:22:39"}
[22:22:41] t=2528 MOVE assault x4 -> (118,127)
[22:22:41] {"kind": "action", "what": "attack_move", "name": null, "qty": null, "tid": null, "ts": "22:22:41"}
[22:22:43] t=2531 MOVE assault x4 -> (118,126); aahunt x2 -> (76,109)
[22:22:43] {"kind": "action", "what": "attack_move", "name": null, "qty": null, "tid": null, "ts": "22:22:43"}
[22:22:43] {"kind": "action", "what": "attack_move", "name": null, "qty": null, "tid": null, "ts": "22:22:43"}
[22:22:45] t=2533 MOVE assault x4 -> (130,83)
[22:22:45] {"kind": "action", "what": "attack_move", "name": null, "qty": null, "tid": null, "ts": "22:22:45"}
[22:22:45] t=2533 tick#1000 credits=784 stance=attack | jev 1000 decisions p50=1746ms
[22:22:52] t=2546 ESCORT 坦克#3718 -> 护航矿车@[80, 93]
[22:22:53] {"kind": "action", "what": "attack_move", "name": null, "qty": null, "tid": null, "ts": "22:22:53"}
[22:22:58] t=2550 MOVE assault x5 -> (130,83)
[22:22:58] {"kind": "action", "what": "attack_move", "name": null, "qty": null, "tid": null, "ts": "22:22:58"}
[22:23:03] t=2558 MOVE hold_a x9 -> (68,109); hold_b x9 -> (77,117)
[22:23:03] {"kind": "action", "what": "attack_move", "name": null, "qty": null, "tid": null, "ts": "22:23:03"}
[22:23:03] {"kind": "action", "what": "attack_move", "name": null, "qty": null, "tid": null, "ts": "22:23:03"}
[22:23:04] t=2560 ENEMY BASE spotted @[131, 87]
[22:23:06] t=2560 jev VEH HARV HOLD (预算保护 cash=150 aav帽=ok aav=2)
[22:23:06] t=2560 MOVE t=2560 SIEGE LOCK-ON (my 10300 >= 1.5x en 2000, 敌经济死亡) 全军集结总攻; assault x7 -> (73,120); t=2560 SIEGE STAGING x7/8 (攒兵团, 齐冲再上); hold_a x9 -> (71,109); hold_b x9 -> (77,120); aahunt x2 -> (78,112)
[22:23:06] {"kind": "action", "what": "attack_move", "name": null, "qty": null, "tid": null, "ts": "22:23:06"}
[22:23:06] {"kind": "action", "what": "attack_move", "name": null, "qty": null, "tid": null, "ts": "22:23:06"}
[22:23:06] {"kind": "action", "what": "attack_move", "name": null, "qty": null, "tid": null, "ts": "22:23:06"}
[22:23:06] {"kind": "action", "what": "attack_move", "name": null, "qty": null, "tid": null, "ts": "22:23:06"}
[22:23:06] t=2564 RETREAT HTNK(31%)
[22:23:06] {"kind": "action", "what": "move", "name": null, "qty": null, "tid": null, "ts": "22:23:06"}
[22:23:08] t=2564 jev INF E2 HOLD (预算保护 gate=False e2=15)
[22:23:08] t=2564 jev VEH HARV HOLD (预算保护 cash=150 aav帽=ok aav=2)
[22:23:08] t=2564 MOVE t=2564 SIEGE STAGING x7/8 (攒兵团, 齐冲再上); hold_a x9 -> (70,109)
[22:23:08] {"kind": "action", "what": "attack_move", "name": null, "qty": null, "tid": null, "ts": "22:23:08"}
[22:23:10] t=2567 jev VEH HARV HOLD (预算保护 cash=150 aav帽=ok aav=2)
[22:23:12] t=2569 jev VEH HARV HOLD (预算保护 cash=150 aav帽=ok aav=2)
[22:23:14] t=2572 jev VEH HARV HOLD (预算保护 cash=150 aav帽=ok aav=2)
[22:23:16] t=2575 jev INF E2 HOLD (预算保护 gate=False e2=15)
[22:23:16] t=2575 jev VEH HARV HOLD (预算保护 cash=150 aav帽=ok aav=2)
[22:23:18] t=2577 jev VEH HARV HOLD (预算保护 cash=150 aav帽=ok aav=2)
[22:23:18] t=2577 MOVE assault x7 -> (73,120); t=2577 SIEGE STAGING x7/8 (攒兵团, 齐冲再上)
[22:23:18] {"kind": "action", "what": "attack_move", "name": null, "qty": null, "tid": null, "ts": "22:23:18"}
[22:23:20] t=2580 jev VEH HARV HOLD (预算保护 cash=150 aav帽=ok aav=2)
[22:23:22] t=2583 jev INF E2 HOLD (预算保护 gate=False e2=15)
[22:23:22] t=2583 jev VEH HARV HOLD (预算保护 cash=150 aav帽=ok aav=2)
[22:23:24] t=2585 jev VEH HARV HOLD (预算保护 cash=150 aav帽=ok aav=2)
[22:23:24] t=2588 ESCORT 坦克#3638 -> 护航矿车@[74, 74]
[22:23:24] {"kind": "action", "what": "attack_move", "name": null, "qty": null, "tid": null, "ts": "22:23:24"}
[22:23:26] t=2588 jev INF E2 HOLD (预算保护 gate=False e2=15)
[22:23:26] t=2588 jev VEH HARV HOLD (预算保护 cash=150 aav帽=ok aav=2)
[22:23:28] t=2591 jev INF E2 HOLD (预算保护 gate=False e2=15)
[22:23:28] t=2591 jev VEH HARV HOLD (预算保护 cash=150 aav帽=ok aav=2)
[22:23:30] t=2593 jev VEH HARV HOLD (预算保护 cash=150 aav帽=ok aav=2)
[22:23:32] t=2596 jev INF E2 HOLD (预算保护 gate=False e2=15)
[22:23:32] t=2596 jev VEH HARV HOLD (预算保护 cash=150 aav帽=ok aav=2)
[22:23:32] t=2596 MOVE assault x7 -> (73,120); t=2596 SIEGE STAGING x7/8 (攒兵团, 齐冲再上)
[22:23:32] {"kind": "action", "what": "attack_move", "name": null, "qty": null, "tid": null, "ts": "22:23:32"}
[22:23:34] t=2598 jev VEH HARV HOLD (预算保护 cash=150 aav帽=ok aav=2)
[22:23:34] t=2598 tick#1025 credits=150 stance=attack | jev 1025 decisions p50=1728ms
[22:23:36] t=2601 jev VEH HARV HOLD (预算保护 cash=150 aav帽=ok aav=2)
[22:23:38] t=2604 jev INF E2 HOLD (预算保护 gate=False e2=15)
[22:23:38] t=2604 jev VEH HARV HOLD (预算保护 cash=150 aav帽=ok aav=2)
[22:23:38] t=2604 MOVE t=2604 SIEGE STAGING x7/8 (攒兵团, 齐冲再上); aahunt x2 -> (78,112)
[22:23:38] {"kind": "action", "what": "attack_move", "name": null, "qty": null, "tid": null, "ts": "22:23:38"}
[22:23:40] t=2606 jev VEH HARV HOLD (预算保护 cash=150 aav帽=ok aav=2)
[22:23:42] t=2609 jev VEH HARV HOLD (预算保护 cash=150 aav帽=ok aav=2)
[22:23:44] t=2612 jev VEH HARV HOLD (预算保护 cash=150 aav帽=ok aav=2)
[22:23:46] t=2614 jev VEH HARV HOLD (预算保护 cash=150 aav帽=ok aav=2)
[22:23:46] t=2614 MOVE assault x7 -> (73,120); t=2614 SIEGE STAGING x7/8 (攒兵团, 齐冲再上)
[22:23:46] {"kind": "action", "what": "attack_move", "name": null, "qty": null, "tid": null, "ts": "22:23:46"}
[22:23:48] t=2617 jev VEH HARV HOLD (预算保护 cash=150 aav帽=ok aav=2)
[22:23:50] t=2619 jev VEH HARV HOLD (预算保护 cash=150 aav帽=ok aav=2)
[22:23:52] t=2622 jev VEH HARV HOLD (预算保护 cash=150 aav帽=ok aav=2)
[22:23:54] t=2625 jev INF E2 HOLD (预算保护 gate=False e2=15)
[22:23:54] t=2625 jev VEH HARV HOLD (预算保护 cash=450 aav帽=ok aav=2)
[22:23:55] t=2627 jev INF E2 HOLD (预算保护 gate=False e2=15)
[22:23:55] t=2627 jev VEH HARV HOLD (预算保护 cash=450 aav帽=ok aav=2)
[22:23:56] t=2630 ESCORT 坦克#3376 -> 护航矿车@[76, 74]
[22:23:56] {"kind": "action", "what": "attack_move", "name": null, "qty": null, "tid": null, "ts": "22:23:56"}
[22:23:57] t=2630 jev INF E2 HOLD (预算保护 gate=False e2=15)
[22:23:57] t=2630 jev VEH HARV HOLD (预算保护 cash=450 aav帽=ok aav=2)
[22:23:59] t=2632 jev INF E2 HOLD (预算保护 gate=False e2=15)
[22:23:59] t=2632 jev VEH HARV HOLD (预算保护 cash=450 aav帽=ok aav=2)
[22:23:59] t=2632 MOVE assault x7 -> (73,120); t=2632 SIEGE STAGING x7/8 (攒兵团, 齐冲再上)
[22:23:59] {"kind": "action", "what": "attack_move", "name": null, "qty": null, "tid": null, "ts": "22:23:59"}
[22:24:01] t=2635 jev VEH HARV HOLD (预算保护 cash=750 aav帽=ok aav=2)
[22:24:03] t=2638 jev VEH HARV HOLD (预算保护 cash=750 aav帽=ok aav=2)
[22:24:05] t=2640 jev VEH HARV HOLD (预算保护 cash=750 aav帽=ok aav=2)
[22:24:07] t=2643 jev VEH HARV HOLD (预算保护 cash=750 aav帽=ok aav=2)
[22:24:07] t=2643 MOVE t=2643 SIEGE STAGING x7/8 (攒兵团, 齐冲再上); hold_b x9 -> (77,120)
[22:24:07] {"kind": "action", "what": "attack_move", "name": null, "qty": null, "tid": null, "ts": "22:24:07"}
[22:24:09] t=2646 jev VEH HARV HOLD (预算保护 cash=750 aav帽=ok aav=2)
[22:24:09] t=2646 MOVE t=2646 SIEGE STAGING x7/8 (攒兵团, 齐冲再上); hold_a x9 -> (70,109); aahunt x2 -> (78,112)
[22:24:09] {"kind": "action", "what": "attack_move", "name": null, "qty": null, "tid": null, "ts": "22:24:09"}
[22:24:09] {"kind": "action", "what": "attack_move", "name": null, "qty": null, "tid": null, "ts": "22:24:09"}
[22:24:11] t=2648 jev VEH HARV HOLD (预算保护 cash=750 aav帽=ok aav=2)
[22:24:13] t=2651 jev INF E2 HOLD (预算保护 gate=False e2=15)
[22:24:13] t=2651 jev VEH HARV HOLD (预算保护 cash=750 aav帽=ok aav=2)
[22:24:13] t=2651 MOVE assault x7 -> (73,120); t=2651 SIEGE STAGING x7/8 (攒兵团, 齐冲再上)
[22:24:13] {"kind": "action", "what": "attack_move", "name": null, "qty": null, "tid": null, "ts": "22:24:13"}
[22:24:15] t=2654 jev VEH HARV HOLD (预算保护 cash=750 aav帽=ok aav=2)
[22:24:17] t=2656 jev INF E2 HOLD (预算保护 gate=False e2=15)
[22:24:17] t=2656 jev VEH HARV HOLD (预算保护 cash=750 aav帽=ok aav=2)
[22:24:19] t=2659 jev INF E2 HOLD (预算保护 gate=False e2=15)
[22:24:19] t=2659 jev VEH HARV HOLD (预算保护 cash=750 aav帽=ok aav=2)
[22:24:21] t=2661 jev INF E2 HOLD (预算保护 gate=False e2=15)
[22:24:21] t=2661 jev VEH HARV HOLD (预算保护 cash=750 aav帽=ok aav=2)
[22:24:23] t=2664 jev INF E2 HOLD (预算保护 gate=False e2=15)
[22:24:23] t=2664 jev VEH HARV HOLD (预算保护 cash=750 aav帽=ok aav=2)
[22:24:23] t=2664 tick#1050 credits=750 stance=attack | jev 1050 decisions p50=1707ms
[22:24:25] t=2667 jev VEH HARV HOLD (预算保护 cash=750 aav帽=ok aav=2)
[22:24:27] t=2669 jev INF E2 HOLD (预算保护 gate=False e2=15)
[22:24:27] t=2669 jev VEH HARV HOLD (预算保护 cash=750 aav帽=ok aav=2)
[22:24:27] t=2669 MOVE assault x7 -> (73,120); t=2669 SIEGE STAGING x7/8 (攒兵团, 齐冲再上)
[22:24:27] {"kind": "action", "what": "attack_move", "name": null, "qty": null, "tid": null, "ts": "22:24:27"}
[22:24:27] t=2672 ESCORT 坦克#3638 -> 护航矿车@[78, 77]
[22:24:27] {"kind": "action", "what": "attack_move", "name": null, "qty": null, "tid": null, "ts": "22:24:27"}
[22:24:29] t=2672 jev INF E2 HOLD (预算保护 gate=False e2=15)
[22:24:29] t=2672 jev VEH HARV HOLD (预算保护 cash=750 aav帽=ok aav=2)
[22:24:31] t=2675 jev VEH HARV HOLD (预算保护 cash=750 aav帽=ok aav=2)
[22:24:31] t=2677 HARASS DRON x2 (have 0)
[22:24:31] {"kind": "action", "what": "produce", "name": "DRON", "qty": 2, "tid": null, "ts": "22:24:31"}
[22:24:33] t=2677 jev INF E2 (conf 0.23)
[22:24:33] {"kind": "action", "what": "produce", "name": "E2", "qty": 1, "tid": null, "ts": "22:24:33"}
[22:24:37] t=2683 MOVE raid x1 -> (131,83); assault x8 -> 攻击目标#3282@(131,89); t=2683 SIEGE 拔防御壳 x8 -> #3282@(131,89)
[22:24:37] {"kind": "action", "what": "attack_move", "name": null, "qty": null, "tid": null, "ts": "22:24:37"}
[22:24:37] {"kind": "action", "what": "attack_obj", "name": null, "qty": null, "tid": 3282, "ts": "22:24:37"}
[22:24:41] t=2688 MOVE t=2688 SIEGE 拔防御壳 x9 -> #3282@(131,89); aahunt x2 -> (78,112)
[22:24:41] {"kind": "action", "what": "attack_move", "name": null, "qty": null, "tid": null, "ts": "22:24:41"}
[22:24:43] t=2691 jev VEH HARV HOLD (预算保护 cash=10 aav帽=ok aav=2)
[22:24:51] t=2701 MOVE assault x9 -> 攻击目标#3282@(131,89); t=2701 SIEGE 拔防御壳 x9 -> #3282@(131,89)
[22:24:51] {"kind": "action", "what": "attack_obj", "name": null, "qty": null, "tid": 3282, "ts": "22:24:51"}
[22:24:59] t=2714 TANK HTNK x1
[22:24:59] t=2714 ESCORT 坦克#3376 -> 护航矿车@[120, 119]
[22:24:59] {"kind": "action", "what": "produce", "name": "HTNK", "qty": 1, "tid": null, "ts": "22:24:59"}
[22:24:59] {"kind": "action", "what": "attack_move", "name": null, "qty": null, "tid": null, "ts": "22:24:59"}
[22:25:05] t=2720 MOVE assault x9 -> 攻击目标#3282@(131,89); t=2720 SIEGE 拔防御壳 x9 -> #3282@(131,89)
[22:25:05] {"kind": "action", "what": "attack_obj", "name": null, "qty": null, "tid": 3282, "ts": "22:25:05"}
[22:25:09] t=2725 MOVE raid x2 -> (131,83); t=2725 SIEGE 拔防御壳 x10 -> #3282@(131,89); hold_b x9 -> (77,120)
[22:25:09] {"kind": "action", "what": "attack_move", "name": null, "qty": null, "tid": null, "ts": "22:25:09"}
[22:25:09] {"kind": "action", "what": "attack_move", "name": null, "qty": null, "tid": null, "ts": "22:25:09"}
[22:25:11] t=2728 MOVE t=2728 SIEGE 拔防御壳 x10 -> #3282@(131,89); hold_a x9 -> (70,109)
[22:25:11] {"kind": "action", "what": "attack_move", "name": null, "qty": null, "tid": null, "ts": "22:25:11"}
[22:25:13] t=2730 MOVE raid x2 -> (125,75); t=2730 SIEGE 拔防御壳 x10 -> #3282@(131,89); hold_a x9 -> (69,109); hold_b x9 -> (77,119); aahunt x2 -> (77,110)
[22:25:13] {"kind": "action", "what": "attack_move", "name": null, "qty": null, "tid": null, "ts": "22:25:13"}
[22:25:13] {"kind": "action", "what": "attack_move", "name": null, "qty": null, "tid": null, "ts": "22:25:13"}
[22:25:13] {"kind": "action", "what": "attack_move", "name": null, "qty": null, "tid": null, "ts": "22:25:13"}
[22:25:13] {"kind": "action", "what": "attack_move", "name": null, "qty": null, "tid": null, "ts": "22:25:13"}
[22:25:13] t=2730 tick#1075 credits=235 stance=attack | jev 1075 decisions p50=1691ms
[22:25:15] t=2733 MOVE raid x2 -> (131,80); t=2733 SIEGE 拔防御壳 x10 -> #3282@(131,89); hold_a x9 -> (70,109); hold_b x9 -> (77,120); aahunt x2 -> (78,111)
[22:25:15] {"kind": "action", "what": "attack_move", "name": null, "qty": null, "tid": null, "ts": "22:25:15"}
[22:25:15] {"kind": "action", "what": "attack_move", "name": null, "qty": null, "tid": null, "ts": "22:25:15"}
[22:25:15] {"kind": "action", "what": "attack_move", "name": null, "qty": null, "tid": null, "ts": "22:25:15"}
[22:25:15] {"kind": "action", "what": "attack_move", "name": null, "qty": null, "tid": null, "ts": "22:25:15"}
[22:25:18] t=2736 MOVE assault x10 -> 攻击目标#3282@(131,89); t=2736 SIEGE 拔防御壳 x10 -> #3282@(131,89)
[22:25:18] {"kind": "action", "what": "attack_obj", "name": null, "qty": null, "tid": 3282, "ts": "22:25:18"}
[22:25:20] t=2742 RETREAT HTNK(36%)
[22:25:20] {"kind": "action", "what": "move", "name": null, "qty": null, "tid": null, "ts": "22:25:20"}
[22:25:24] t=2745 jev VEH DRON HOLD (预算保护 cash=460 aav帽=ok aav=2)
[22:25:28] t=2753 ALARM unit lost -> 攻势保持（塔阵守家, 前线 22 个单位继续进攻）
[22:25:30] t=2753 jev VEH DRON HOLD (预算保护 cash=460 aav帽=ok aav=2)
[22:25:30] t=2753 MOVE assault x9 -> 攻击目标#3282@(131,89); t=2753 SIEGE 拔防御壳 x9 -> #3282@(131,89)
[22:25:30] {"kind": "action", "what": "attack_obj", "name": null, "qty": null, "tid": 3282, "ts": "22:25:30"}
[22:25:30] t=2756 ALARM unit lost -> 攻势保持（塔阵守家, 前线 21 个单位继续进攻）
[22:25:30] t=2756 ESCORT 坦克#2903 -> 护航矿车@[78, 77]
[22:25:30] {"kind": "action", "what": "attack_move", "name": null, "qty": null, "tid": null, "ts": "22:25:30"}
[22:25:32] t=2756 jev VEH HARV HOLD (预算保护 cash=460 aav帽=ok aav=2)
[22:25:34] t=2758 jev VEH HARV HOLD (预算保护 cash=460 aav帽=ok aav=2)
[22:25:36] t=2761 jev VEH HARV HOLD (预算保护 cash=460 aav帽=ok aav=2)
[22:25:36] t=2764 RETREAT HTNK(1%)
[22:25:36] {"kind": "action", "what": "move", "name": null, "qty": null, "tid": null, "ts": "22:25:36"}
[22:25:38] t=2764 jev VEH HARV HOLD (预算保护 cash=460 aav帽=ok aav=2)
[22:25:38] t=2766 ALARM unit lost -> 攻势保持（塔阵守家, 前线 21 个单位继续进攻）
[22:25:40] t=2766 jev VEH HARV HOLD (预算保护 cash=460 aav帽=ok aav=2)
[22:25:40] t=2766 MOVE assault x7 -> (73,120); t=2766 SIEGE STAGING x7/8 (攒兵团, 齐冲再上)
[22:25:40] {"kind": "action", "what": "attack_move", "name": null, "qty": null, "tid": null, "ts": "22:25:40"}
[22:25:40] t=2769 ALARM unit lost -> 攻势保持（塔阵守家, 前线 20 个单位继续进攻）
[22:25:42] t=2769 jev VEH HARV HOLD (预算保护 cash=460 aav帽=ok aav=2)
[22:25:42] t=2772 RETREAT E2(1%)
[22:25:42] t=2772 RETREAT E2(7%)
[22:25:42] {"kind": "action", "what": "move", "name": null, "qty": null, "tid": null, "ts": "22:25:42"}
[22:25:42] {"kind": "action", "what": "move", "name": null, "qty": null, "tid": null, "ts": "22:25:42"}
[22:25:44] t=2772 jev VEH HARV HOLD (预算保护 cash=460 aav帽=ok aav=2)
[22:25:46] t=2774 jev VEH HARV HOLD (预算保护 cash=460 aav帽=ok aav=2)
[22:25:46] t=2774 MOVE raid x1 -> (131,80); t=2774 SIEGE STAGING x6/8 (攒兵团, 齐冲再上); aahunt x2 -> (78,111)
[22:25:46] {"kind": "action", "what": "attack_move", "name": null, "qty": null, "tid": null, "ts": "22:25:46"}
[22:25:46] {"kind": "action", "what": "attack_move", "name": null, "qty": null, "tid": null, "ts": "22:25:46"}
[22:25:48] t=2777 jev VEH HARV HOLD (预算保护 cash=460 aav帽=ok aav=2)
[22:25:50] t=2780 jev VEH HARV HOLD (预算保护 cash=460 aav帽=ok aav=2)
[22:25:50] t=2782 RETREAT HTNK(10%)
[22:25:50] {"kind": "action", "what": "move", "name": null, "qty": null, "tid": null, "ts": "22:25:50"}
[22:25:52] t=2782 jev VEH HARV HOLD (预算保护 cash=460 aav帽=ok aav=2)
[22:25:52] t=2782 MOVE assault x6 -> (73,120); t=2782 SIEGE STAGING x6/8 (攒兵团, 齐冲再上)
[22:25:52] {"kind": "action", "what": "attack_move", "name": null, "qty": null, "tid": null, "ts": "22:25:52"}
[22:25:52] t=2785 RETREAT E2(13%)
[22:25:52] {"kind": "action", "what": "move", "name": null, "qty": null, "tid": null, "ts": "22:25:52"}
[22:25:54] t=2785 jev VEH HARV HOLD (预算保护 cash=460 aav帽=ok aav=2)
[22:25:54] t=2788 ALARM unit lost -> 攻势保持（塔阵守家, 前线 21 个单位继续进攻）
[22:25:54] t=2788 RETREAT E2(1%)
[22:25:54] {"kind": "action", "what": "move", "name": null, "qty": null, "tid": null, "ts": "22:25:54"}
[22:25:56] t=2788 jev VEH HARV HOLD (预算保护 cash=460 aav帽=ok aav=2)
[22:25:58] t=2790 jev VEH HARV HOLD (预算保护 cash=610 aav帽=ok aav=2)
[22:26:00] t=2793 jev VEH HARV HOLD (预算保护 cash=610 aav帽=ok aav=2)
[22:26:02] t=2796 jev VEH HARV HOLD (预算保护 cash=610 aav帽=ok aav=2)
[22:26:02] t=2798 ESCORT 坦克#2903 -> 护航矿车@[79, 75]
[22:26:02] {"kind": "action", "what": "attack_move", "name": null, "qty": null, "tid": null, "ts": "22:26:02"}
[22:26:04] t=2798 jev VEH HARV HOLD (预算保护 cash=610 aav帽=ok aav=2)
[22:26:04] t=2798 tick#1100 credits=610 stance=attack | jev 1100 decisions p50=1686ms
[22:26:06] t=2801 jev VEH HARV HOLD (预算保护 cash=610 aav帽=ok aav=2)
[22:26:06] t=2801 MOVE assault x5 -> (73,120); t=2801 SIEGE STAGING x5/8 (攒兵团, 齐冲再上)
[22:26:06] {"kind": "action", "what": "attack_move", "name": null, "qty": null, "tid": null, "ts": "22:26:06"}
[22:26:08] t=2803 jev VEH HARV HOLD (预算保护 cash=610 aav帽=ok aav=2)
[22:26:10] t=2806 jev VEH HARV HOLD (预算保护 cash=610 aav帽=ok aav=2)
[22:26:10] t=2809 HARASS DRON x2 (have 1)
[22:26:10] {"kind": "action", "what": "produce", "name": "DRON", "qty": 2, "tid": null, "ts": "22:26:10"}
[22:26:15] t=2814 MOVE t=2814 SIEGE STAGING x6/8 (攒兵团, 齐冲再上); hold_a x9 -> (70,109); hold_b x9 -> (77,120)
[22:26:15] {"kind": "action", "what": "attack_move", "name": null, "qty": null, "tid": null, "ts": "22:26:15"}
[22:26:16] {"kind": "action", "what": "attack_move", "name": null, "qty": null, "tid": null, "ts": "22:26:16"}
[22:26:17] t=2817 jev VEH HARV HOLD (预算保护 cash=35 aav帽=ok aav=2)
[22:26:17] t=2817 MOVE raid x3 -> (131,80); t=2817 SIEGE STAGING x7/8 (攒兵团, 齐冲再上); aahunt x2 -> (78,111)
[22:26:18] {"kind": "action", "what": "attack_move", "name": null, "qty": null, "tid": null, "ts": "22:26:18"}
[22:26:18] {"kind": "action", "what": "attack_move", "name": null, "qty": null, "tid": null, "ts": "22:26:18"}
[22:26:19] t=2819 jev VEH HARV HOLD (预算保护 cash=35 aav帽=ok aav=2)
[22:26:19] t=2819 MOVE assault x7 -> (73,120); t=2819 SIEGE STAGING x7/8 (攒兵团, 齐冲再上)
[22:26:20] {"kind": "action", "what": "attack_move", "name": null, "qty": null, "tid": null, "ts": "22:26:20"}
[22:26:21] t=2822 jev VEH HARV HOLD (预算保护 cash=35 aav帽=ok aav=2)
[22:26:23] t=2824 jev VEH HARV HOLD (预算保护 cash=35 aav帽=ok aav=2)
[22:26:24] t=2827 TANK HTNK x1
[22:26:24] {"kind": "action", "what": "produce", "name": "HTNK", "qty": 1, "tid": null, "ts": "22:26:24"}
[22:26:31] t=2835 jev VEH HARV HOLD (预算保护 cash=410 aav帽=ok aav=2)
[22:26:31] t=2835 MOVE t=2835 GHOST detected #3282@[131, 89] (集火150gs不倒, 拉黑); assault x8 -> 攻击目标#3092@(131,88); t=2835 SIEGE 拔防御壳 x8 -> #3092@(131,88)
[22:26:31] {"kind": "action", "what": "attack_obj", "name": null, "qty": null, "tid": 3092, "ts": "22:26:31"}
[22:26:33] t=2838 jev VEH HARV HOLD (预算保护 cash=410 aav帽=ok aav=2)
[22:26:34] t=2840 ESCORT 坦克#3948 -> 护航矿车@[76, 74]
[22:26:34] {"kind": "action", "what": "attack_move", "name": null, "qty": null, "tid": null, "ts": "22:26:34"}
[22:26:35] t=2840 jev VEH HARV HOLD (预算保护 cash=410 aav帽=ok aav=2)
[22:26:37] t=2843 jev VEH HARV HOLD (预算保护 cash=560 aav帽=ok aav=2)
[22:26:39] t=2845 jev VEH HARV HOLD (预算保护 cash=560 aav帽=ok aav=2)
[22:26:41] t=2848 jev VEH HARV HOLD (预算保护 cash=560 aav帽=ok aav=2)
[22:26:43] t=2851 jev VEH HARV HOLD (预算保护 cash=785 aav帽=ok aav=2)
[22:26:45] t=2853 jev VEH HARV HOLD (预算保护 cash=785 aav帽=ok aav=2)
[22:26:45] t=2853 MOVE assault x8 -> 攻击目标#3092@(131,88); t=2853 SIEGE 拔防御壳 x8 -> #3092@(131,88)
[22:26:45] {"kind": "action", "what": "attack_obj", "name": null, "qty": null, "tid": 3092, "ts": "22:26:45"}
[22:26:47] t=2856 jev VEH HARV HOLD (预算保护 cash=785 aav帽=ok aav=2)
[22:26:49] t=2859 jev VEH HARV HOLD (预算保护 cash=785 aav帽=ok aav=2)
[22:26:49] t=2859 MOVE raid x3 -> (131,80); t=2859 SIEGE 拔防御壳 x8 -> #3092@(131,88); aahunt x2 -> (78,111)
[22:26:49] {"kind": "action", "what": "attack_move", "name": null, "qty": null, "tid": null, "ts": "22:26:49"}
[22:26:49] {"kind": "action", "what": "attack_move", "name": null, "qty": null, "tid": null, "ts": "22:26:49"}
[22:26:51] t=2861 jev VEH HARV HOLD (预算保护 cash=785 aav帽=ok aav=2)
[22:26:53] t=2864 jev VEH HARV HOLD (预算保护 cash=785 aav帽=ok aav=2)
[22:26:53] t=2864 tick#1125 credits=785 stance=attack | jev 1125 decisions p50=1680ms
[22:26:55] t=2866 jev VEH HARV HOLD (预算保护 cash=785 aav帽=ok aav=2)
[22:26:57] t=2869 jev VEH HARV HOLD (预算保护 cash=785 aav帽=ok aav=2)
[22:26:59] t=2872 jev VEH HARV HOLD (预算保护 cash=785 aav帽=ok aav=2)
[22:26:59] t=2872 MOVE assault x8 -> 攻击目标#3092@(131,88); t=2872 SIEGE 拔防御壳 x8 -> #3092@(131,88)
[22:26:59] {"kind": "action", "what": "attack_obj", "name": null, "qty": null, "tid": 3092, "ts": "22:26:59"}
[22:27:01] t=2874 jev VEH HARV HOLD (预算保护 cash=785 aav帽=ok aav=2)
[22:27:03] t=2877 jev VEH HARV HOLD (预算保护 cash=785 aav帽=ok aav=2)
[22:27:05] t=2880 jev VEH HARV HOLD (预算保护 cash=785 aav帽=ok aav=2)
[22:27:07] t=2882 jev VEH HARV HOLD (预算保护 cash=785 aav帽=ok aav=2)
[22:27:09] t=2885 jev VEH HARV HOLD (预算保护 cash=785 aav帽=ok aav=2)
[22:27:09] t=2887 ALARM unit lost -> 攻势保持（塔阵守家, 前线 23 个单位继续进攻）
[22:27:10] t=2887 jev VEH HARV HOLD (预算保护 cash=785 aav帽=ok aav=2)
[22:27:10] t=2887 MOVE assault x7 -> (73,120); t=2887 SIEGE STAGING x7/8 (攒兵团, 齐冲再上)
[22:27:11] {"kind": "action", "what": "attack_move", "name": null, "qty": null, "tid": null, "ts": "22:27:11"}
[22:27:12] t=2890 jev VEH HARV HOLD (预算保护 cash=785 aav帽=ok aav=2)
[22:27:13] t=2893 TESLA coil (have 0)
[22:27:13] t=2893 ESCORT 坦克#2903 -> 护航矿车@[115, 88]
[22:27:13] {"kind": "action", "what": "produce", "name": "TESLA", "qty": 1, "tid": null, "ts": "22:27:13"}
[22:27:13] {"kind": "action", "what": "attack_move", "name": null, "qty": null, "tid": null, "ts": "22:27:13"}
[22:27:15] t=2893 jev VEH HARV HOLD (预算保护 cash=1910 aav帽=ok aav=2)
[22:27:15] t=2895 TANK HTNK x2
[22:27:15] {"kind": "action", "what": "produce", "name": "HTNK", "qty": 2, "tid": null, "ts": "22:27:15"}
[22:27:17] t=2895 MOVE t=2895 SIEGE STAGING x7/8 (攒兵团, 齐冲再上); hold_a x9 -> (70,109); hold_b x9 -> (77,120)
[22:27:17] {"kind": "action", "what": "attack_move", "name": null, "qty": null, "tid": null, "ts": "22:27:17"}
[22:27:17] {"kind": "action", "what": "attack_move", "name": null, "qty": null, "tid": null, "ts": "22:27:17"}
[22:27:20] t=2901 MOVE raid x2 -> (131,80); t=2901 SIEGE STAGING x7/8 (攒兵团, 齐冲再上); aahunt x2 -> (78,111)
[22:27:21] {"kind": "action", "what": "attack_move", "name": null, "qty": null, "tid": null, "ts": "22:27:21"}
[22:27:21] {"kind": "action", "what": "attack_move", "name": null, "qty": null, "tid": null, "ts": "22:27:21"}
[22:27:23] t=2903 MOVE assault x8 -> 攻击目标#3092@(131,88); t=2903 SIEGE 拔防御壳 x8 -> #3092@(131,88)
[22:27:23] {"kind": "action", "what": "attack_obj", "name": null, "qty": null, "tid": 3092, "ts": "22:27:23"}
[22:27:35] t=2922 ALARM unit lost -> 攻势保持（塔阵守家, 前线 21 个单位继续进攻）
[22:27:35] t=2922 RETREAT HTNK(39%)
[22:27:35] {"kind": "action", "what": "move", "name": null, "qty": null, "tid": null, "ts": "22:27:35"}
[22:27:36] t=2922 MOVE assault x6 -> (73,120); t=2922 SIEGE STAGING x6/8 (攒兵团, 齐冲再上)
[22:27:36] {"kind": "action", "what": "attack_move", "name": null, "qty": null, "tid": null, "ts": "22:27:36"}
[22:27:42] t=2930 tick#1150 credits=0 stance=attack | jev 1150 decisions p50=1676ms
[22:27:44] t=2935 ESCORT 坦克#3718 -> 护航矿车@[76, 75]
[22:27:44] {"kind": "action", "what": "attack_move", "name": null, "qty": null, "tid": null, "ts": "22:27:44"}
[22:27:50] t=2940 MOVE assault x6 -> (73,120); t=2940 SIEGE STAGING x6/8 (攒兵团, 齐冲再上)
[22:27:50] {"kind": "action", "what": "attack_move", "name": null, "qty": null, "tid": null, "ts": "22:27:50"}
[22:27:52] t=2943 MOVE t=2943 SIEGE STAGING x6/8 (攒兵团, 齐冲再上); aahunt x2 -> (78,111)
[22:27:52] {"kind": "action", "what": "attack_move", "name": null, "qty": null, "tid": null, "ts": "22:27:52"}
[22:28:04] t=2958 MOVE assault x6 -> (73,120); t=2958 SIEGE STAGING x6/8 (攒兵团, 齐冲再上)
[22:28:04] {"kind": "action", "what": "attack_move", "name": null, "qty": null, "tid": null, "ts": "22:28:04"}
[22:28:09] t=2966 jev VEH HARV HOLD (预算保护 cash=61 aav帽=ok aav=2)
[22:28:11] t=2968 jev VEH HARV HOLD (预算保护 cash=0 aav帽=ok aav=2)
[22:28:13] t=2971 jev VEH HARV HOLD (预算保护 cash=0 aav帽=ok aav=2)
[22:28:15] t=2973 jev VEH HARV HOLD (预算保护 cash=0 aav帽=ok aav=2)
[22:28:15] t=2976 ESCORT 坦克#2903 -> 护航矿车@[74, 73]
[22:28:15] {"kind": "action", "what": "attack_move", "name": null, "qty": null, "tid": null, "ts": "22:28:15"}
[22:28:17] t=2976 jev VEH HARV HOLD (预算保护 cash=0 aav帽=ok aav=2)
[22:28:17] t=2976 MOVE assault x7 -> (73,120); t=2976 SIEGE STAGING x7/8 (攒兵团, 齐冲再上); hold_a x9 -> (70,109); hold_b x9 -> (77,120)
[22:28:17] {"kind": "action", "what": "attack_move", "name": null, "qty": null, "tid": null, "ts": "22:28:17"}
[22:28:17] {"kind": "action", "what": "attack_move", "name": null, "qty": null, "tid": null, "ts": "22:28:17"}
[22:28:17] {"kind": "action", "what": "attack_move", "name": null, "qty": null, "tid": null, "ts": "22:28:17"}
[22:28:19] t=2979 jev VEH HARV HOLD (预算保护 cash=0 aav帽=ok aav=2)
[22:28:21] t=2981 jev VEH HARV HOLD (预算保护 cash=0 aav帽=ok aav=2)
[22:28:23] t=2984 jev VEH HARV HOLD (预算保护 cash=0 aav帽=ok aav=2)
[22:28:23] t=2984 MOVE t=2984 SIEGE STAGING x7/8 (攒兵团, 齐冲再上); aahunt x2 -> (78,111)
[22:28:23] {"kind": "action", "what": "attack_move", "name": null, "qty": null, "tid": null, "ts": "22:28:23"}
[22:28:25] t=2986 jev VEH HARV HOLD (预算保护 cash=0 aav帽=ok aav=2)
[22:28:27] t=2989 jev VEH HARV HOLD (预算保护 cash=0 aav帽=ok aav=2)
[22:28:29] t=2992 jev VEH HARV HOLD (预算保护 cash=0 aav帽=ok aav=2)
[22:28:31] t=2994 jev VEH HARV HOLD (预算保护 cash=0 aav帽=ok aav=2)
[22:28:31] t=2994 MOVE assault x7 -> (73,120); t=2994 SIEGE STAGING x7/8 (攒兵团, 齐冲再上)
[22:28:31] {"kind": "action", "what": "attack_move", "name": null, "qty": null, "tid": null, "ts": "22:28:31"}
[22:28:31] t=2994 tick#1175 credits=0 stance=attack | jev 1175 decisions p50=1671ms
[22:28:33] t=2997 jev VEH HARV HOLD (预算保护 cash=0 aav帽=ok aav=2)
[22:28:35] t=2999 jev VEH HARV HOLD (预算保护 cash=0 aav帽=ok aav=2)
[22:28:36] t=3002 jev VEH HARV HOLD (预算保护 cash=0 aav帽=ok aav=2)
[22:28:38] t=3004 jev VEH HARV HOLD (预算保护 cash=0 aav帽=ok aav=2)
[22:28:40] t=3007 jev VEH HARV HOLD (预算保护 cash=0 aav帽=ok aav=2)
[22:28:42] t=3010 jev VEH HARV HOLD (预算保护 cash=0 aav帽=ok aav=2)
[22:28:44] t=3012 jev VEH HARV HOLD (预算保护 cash=0 aav帽=ok aav=2)
[22:28:44] t=3012 MOVE assault x7 -> (73,120); t=3012 SIEGE STAGING x7/8 (攒兵团, 齐冲再上)
[22:28:44] {"kind": "action", "what": "attack_move", "name": null, "qty": null, "tid": null, "ts": "22:28:44"}
[22:28:46] t=3015 jev VEH HTNK HOLD (预算保护 cash=0 aav帽=ok aav=2)
[22:28:46] t=3017 ESCORT 坦克#3949 -> 护航矿车@[75, 77]
[22:28:46] {"kind": "action", "what": "attack_move", "name": null, "qty": null, "tid": null, "ts": "22:28:46"}
[22:28:48] t=3017 jev VEH HARV HOLD (预算保护 cash=0 aav帽=ok aav=2)
[22:28:50] t=3020 jev VEH HARV HOLD (预算保护 cash=0 aav帽=ok aav=2)
[22:28:52] t=3022 jev VEH HARV HOLD (预算保护 cash=0 aav帽=ok aav=2)
[22:28:54] t=3025 jev VEH HARV HOLD (预算保护 cash=0 aav帽=ok aav=2)
[22:28:54] t=3025 MOVE t=3025 SIEGE STAGING x7/8 (攒兵团, 齐冲再上); aahunt x2 -> (78,111)
[22:28:54] {"kind": "action", "what": "attack_move", "name": null, "qty": null, "tid": null, "ts": "22:28:54"}
[22:28:56] t=3027 jev VEH HARV HOLD (预算保护 cash=204 aav帽=ok aav=2)
[22:28:58] t=3030 jev VEH HARV HOLD (预算保护 cash=142 aav帽=ok aav=2)
[22:28:58] t=3030 MOVE assault x7 -> (73,120); t=3030 SIEGE STAGING x7/8 (攒兵团, 齐冲再上)
[22:28:58] {"kind": "action", "what": "attack_move", "name": null, "qty": null, "tid": null, "ts": "22:28:58"}
[22:28:59] t=3033 jev VEH HARV HOLD (预算保护 cash=78 aav帽=ok aav=2)
[22:29:01] t=3035 jev VEH HARV HOLD (预算保护 cash=16 aav帽=ok aav=2)
[22:29:03] t=3038 jev VEH HARV HOLD (预算保护 cash=0 aav帽=ok aav=2)
[22:29:05] t=3040 jev VEH HARV HOLD (预算保护 cash=0 aav帽=ok aav=2)
[22:29:07] t=3043 jev VEH HARV HOLD (预算保护 cash=0 aav帽=ok aav=2)
[22:29:09] t=3045 jev VEH HARV HOLD (预算保护 cash=0 aav帽=ok aav=2)
[22:29:11] t=3048 jev VEH HARV HOLD (预算保护 cash=0 aav帽=ok aav=2)
[22:29:11] t=3048 MOVE assault x7 -> (73,120); t=3048 SIEGE STAGING x7/8 (攒兵团, 齐冲再上)
[22:29:11] {"kind": "action", "what": "attack_move", "name": null, "qty": null, "tid": null, "ts": "22:29:11"}
[22:29:13] t=3050 jev VEH HARV HOLD (预算保护 cash=0 aav帽=ok aav=2)
[22:29:15] t=3053 jev VEH HARV HOLD (预算保护 cash=287 aav帽=ok aav=2)
[22:29:17] t=3055 jev VEH HARV HOLD (预算保护 cash=225 aav帽=ok aav=2)
[22:29:17] t=3058 ESCORT 坦克#2903 -> 护航矿车@[78, 79]
[22:29:17] {"kind": "action", "what": "attack_move", "name": null, "qty": null, "tid": null, "ts": "22:29:17"}
[22:29:19] t=3058 jev VEH HARV HOLD (预算保护 cash=163 aav帽=ok aav=2)
[22:29:19] t=3058 MOVE t=3058 SIEGE STAGING x7/8 (攒兵团, 齐冲再上); hold_a x9 -> (70,109); hold_b x9 -> (77,120)
[22:29:19] {"kind": "action", "what": "attack_move", "name": null, "qty": null, "tid": null, "ts": "22:29:19"}
[22:29:19] {"kind": "action", "what": "attack_move", "name": null, "qty": null, "tid": null, "ts": "22:29:19"}
[22:29:19] t=3058 tick#1200 credits=163 stance=attack | jev 1200 decisions p50=1665ms
[22:29:20] t=3061 jev VEH HARV HOLD (预算保护 cash=96 aav帽=ok aav=2)
[22:29:22] t=3063 jev VEH HARV HOLD (预算保护 cash=184 aav帽=ok aav=2)
[22:29:24] t=3066 jev VEH HARV HOLD (预算保护 cash=122 aav帽=ok aav=2)
[22:29:24] t=3066 MOVE assault x7 -> (73,120); t=3066 SIEGE STAGING x7/8 (攒兵团, 齐冲再上); aahunt x2 -> (78,111)
[22:29:24] {"kind": "action", "what": "attack_move", "name": null, "qty": null, "tid": null, "ts": "22:29:24"}
[22:29:24] {"kind": "action", "what": "attack_move", "name": null, "qty": null, "tid": null, "ts": "22:29:24"}
[22:29:26] t=3068 jev VEH HARV HOLD (预算保护 cash=357 aav帽=ok aav=2)
[22:29:28] t=3071 jev VEH HARV HOLD (预算保护 cash=295 aav帽=ok aav=2)
[22:29:28] t=3073 RETREAT E2(1%)
[22:29:28] t=3073 RETREAT E2(7%)
[22:29:28] {"kind": "action", "what": "move", "name": null, "qty": null, "tid": null, "ts": "22:29:28"}
[22:29:29] {"kind": "action", "what": "move", "name": null, "qty": null, "tid": null, "ts": "22:29:29"}
[22:29:30] t=3073 jev VEH HARV HOLD (预算保护 cash=233 aav帽=ok aav=2)
[22:29:32] t=3076 jev VEH HARV HOLD (预算保护 cash=169 aav帽=ok aav=2)
[22:29:34] t=3079 jev VEH HARV HOLD (预算保护 cash=255 aav帽=ok aav=2)
[22:29:36] t=3081 jev VEH HARV HOLD (预算保护 cash=193 aav帽=ok aav=2)
[22:29:38] t=3084 jev VEH HARV HOLD (预算保护 cash=131 aav帽=ok aav=2)
[22:29:38] t=3084 MOVE assault x7 -> (73,120); t=3084 SIEGE STAGING x7/8 (攒兵团, 齐冲再上)
[22:29:38] {"kind": "action", "what": "attack_move", "name": null, "qty": null, "tid": null, "ts": "22:29:38"}
[22:29:38] t=3086 RETREAT E2(13%)
[22:29:38] {"kind": "action", "what": "move", "name": null, "qty": null, "tid": null, "ts": "22:29:38"}
[22:29:40] t=3086 jev VEH HARV HOLD (预算保护 cash=110 aav帽=ok aav=2)
[22:29:40] t=3089 RETREAT E2(1%)
[22:29:40] {"kind": "action", "what": "move", "name": null, "qty": null, "tid": null, "ts": "22:29:40"}
[22:29:42] t=3089 jev VEH HARV HOLD (预算保护 cash=110 aav帽=ok aav=2)
[22:29:44] t=3091 jev VEH HARV HOLD (预算保护 cash=110 aav帽=ok aav=2)
[22:29:44] t=3094 HARASS DRON x2 (have 0)
[22:29:44] {"kind": "action", "what": "produce", "name": "DRON", "qty": 2, "tid": null, "ts": "22:29:44"}
[22:29:46] t=3097 TESLA coil (have 1)
[22:29:46] {"kind": "action", "what": "produce", "name": "TESLA", "qty": 1, "tid": null, "ts": "22:29:46"}
[22:29:48] t=3099 ESCORT 坦克#4021 -> 护航矿车@[104, 90]
[22:29:48] {"kind": "action", "what": "attack_move", "name": null, "qty": null, "tid": null, "ts": "22:29:48"}
[22:29:50] t=3099 MOVE raid x1 -> (131,80); assault x8 -> 攻击目标#2504@(131,87); t=3099 SIEGE 拔防御壳 x8 -> #2504@(131,87)
[22:29:50] {"kind": "action", "what": "attack_move", "name": null, "qty": null, "tid": null, "ts": "22:29:50"}
[22:29:50] {"kind": "action", "what": "attack_obj", "name": null, "qty": null, "tid": 2504, "ts": "22:29:50"}
[22:29:50] t=3102 TANK HTNK x2
[22:29:50] {"kind": "action", "what": "produce", "name": "HTNK", "qty": 2, "tid": null, "ts": "22:29:50"}
[22:29:56] t=3107 MOVE t=3107 SIEGE 拔防御壳 x9 -> #2504@(131,87); aahunt x2 -> (78,111)
[22:29:56] {"kind": "action", "what": "attack_move", "name": null, "qty": null, "tid": null, "ts": "22:29:56"}
[22:30:03] t=3118 MOVE assault x10 -> 攻击目标#2504@(131,87); t=3118 SIEGE 拔防御壳 x10 -> #2504@(131,87)
[22:30:03] {"kind": "action", "what": "attack_obj", "name": null, "qty": null, "tid": 2504, "ts": "22:30:03"}
[22:30:07] t=3123 tick#1225 credits=0 stance=attack | jev 1225 decisions p50=1663ms
[22:30:13] t=3133 ALARM unit lost -> 攻势保持（塔阵守家, 前线 24 个单位继续进攻）
[22:30:17] t=3136 MOVE assault x9 -> 攻击目标#2504@(131,87); t=3136 SIEGE 拔防御壳 x9 -> #2504@(131,87)
[22:30:17] {"kind": "action", "what": "attack_obj", "name": null, "qty": null, "tid": 2504, "ts": "22:30:17"}
[22:30:19] t=3138 MOVE t=3138 SIEGE 拔防御壳 x9 -> #2504@(131,87); hold_a x9 -> (70,109); hold_b x9 -> (77,120)
[22:30:19] {"kind": "action", "what": "attack_move", "name": null, "qty": null, "tid": null, "ts": "22:30:19"}
[22:30:19] {"kind": "action", "what": "attack_move", "name": null, "qty": null, "tid": null, "ts": "22:30:19"}
[22:30:19] t=3141 ESCORT 坦克#3718 -> 护航矿车@[74, 75]
[22:30:19] {"kind": "action", "what": "attack_move", "name": null, "qty": null, "tid": null, "ts": "22:30:19"}
[22:30:21] t=3141 MOVE raid x1 -> (131,80); t=3141 SIEGE 拔防御壳 x9 -> #2504@(131,87)
[22:30:21] {"kind": "action", "what": "attack_move", "name": null, "qty": null, "tid": null, "ts": "22:30:21"}
[22:30:27] t=3149 MOVE t=3149 SIEGE 拔防御壳 x9 -> #2504@(131,87); aahunt x2 -> (78,111)
[22:30:27] {"kind": "action", "what": "attack_move", "name": null, "qty": null, "tid": null, "ts": "22:30:27"}
[22:30:30] t=3154 MOVE assault x9 -> 攻击目标#2504@(131,87); t=3154 SIEGE 拔防御壳 x9 -> #2504@(131,87)
[22:30:30] {"kind": "action", "what": "attack_obj", "name": null, "qty": null, "tid": 2504, "ts": "22:30:30"}
[22:30:40] t=3169 ALARM unit lost -> 攻势保持（塔阵守家, 前线 19 个单位继续进攻）
[22:30:44] t=3172 MOVE assault x8 -> 攻击目标#2504@(131,87); t=3172 SIEGE 拔防御壳 x8 -> #2504@(131,87)
[22:30:44] {"kind": "action", "what": "attack_obj", "name": null, "qty": null, "tid": 2504, "ts": "22:30:44"}
[22:30:46] t=3177 RETREAT HTNK(37%)
[22:30:46] {"kind": "action", "what": "move", "name": null, "qty": null, "tid": null, "ts": "22:30:46"}
[22:30:50] t=3182 ESCORT 坦克#3995 -> 护航矿车@[76, 75]
[22:30:50] {"kind": "action", "what": "attack_move", "name": null, "qty": null, "tid": null, "ts": "22:30:50"}
[22:30:56] t=3188 MOVE assault x8 -> 攻击目标#2413@(132,87); t=3188 SIEGE 拔防御壳 x8 -> #2413@(132,87)
[22:30:56] {"kind": "action", "what": "attack_obj", "name": null, "qty": null, "tid": 2413, "ts": "22:30:56"}
[22:30:56] t=3188 tick#1250 credits=0 stance=attack | jev 1250 decisions p50=1665ms
[22:30:58] t=3190 MOVE t=3190 SIEGE 拔防御壳 x8 -> #2413@(132,87); aahunt x2 -> (78,111)
[22:30:58] {"kind": "action", "what": "attack_move", "name": null, "qty": null, "tid": null, "ts": "22:30:58"}
[22:31:02] t=3198 RETREAT HTNK(34%)
[22:31:02] {"kind": "action", "what": "move", "name": null, "qty": null, "tid": null, "ts": "22:31:02"}
[22:31:08] t=3204 MOVE assault x8 -> 攻击目标#2413@(132,87); t=3204 SIEGE 拔防御壳 x8 -> #2413@(132,87)
[22:31:08] {"kind": "action", "what": "attack_obj", "name": null, "qty": null, "tid": 2413, "ts": "22:31:08"}
[22:31:10] t=3206 MOVE assault x8 -> 攻击目标#2939@(132,88); t=3206 SIEGE 拔防御壳 x8 -> #2939@(132,88)
[22:31:10] {"kind": "action", "what": "attack_obj", "name": null, "qty": null, "tid": 2939, "ts": "22:31:10"}
[22:31:20] t=3220 MOVE assault x26 -> 攻击目标#1053@(125,75); t=3220 SIEGE 清建筑 x26 -> #1053@(125,75)
[22:31:20] {"kind": "action", "what": "attack_obj", "name": null, "qty": null, "tid": 1053, "ts": "22:31:20"}
[22:31:20] t=3222 ESCORT 坦克#3995 -> 护航矿车@[76, 73]
[22:31:20] {"kind": "action", "what": "attack_move", "name": null, "qty": null, "tid": null, "ts": "22:31:20"}
[22:31:22] t=3225 RETREAT HTNK(12%)
[22:31:22] {"kind": "action", "what": "move", "name": null, "qty": null, "tid": null, "ts": "22:31:22"}
[22:31:26] t=3228 MOVE assault x26 -> (73,120); t=3228 AIR-EVADE assault x26 -> home (坦克打不到空中, 等AA猎杀); aahunt x2 -> 攻击目标#3676@(136,78)
[22:31:26] {"kind": "action", "what": "attack_move", "name": null, "qty": null, "tid": null, "ts": "22:31:26"}
[22:31:26] {"kind": "action", "what": "attack_obj", "name": null, "qty": null, "tid": 3676, "ts": "22:31:26"}
[22:31:38] t=3244 MOVE assault x26 -> (73,120); t=3244 AIR-EVADE assault x26 -> home (坦克打不到空中, 等AA猎杀); aahunt x2 -> 攻击目标#3676@(136,78)
[22:31:38] {"kind": "action", "what": "attack_move", "name": null, "qty": null, "tid": null, "ts": "22:31:38"}
[22:31:38] {"kind": "action", "what": "attack_obj", "name": null, "qty": null, "tid": 3676, "ts": "22:31:38"}
[22:31:46] t=3255 MOVE assault x26 -> 攻击目标#1053@(125,75); t=3255 SIEGE 清建筑 x26 -> #1053@(125,75)
[22:31:47] {"kind": "action", "what": "attack_obj", "name": null, "qty": null, "tid": 1053, "ts": "22:31:47"}
[22:31:47] t=3255 tick#1275 credits=0 stance=attack | jev 1275 decisions p50=1669ms
[22:31:51] t=3261 MOVE t=3261 SIEGE 清建筑 x26 -> #1053@(125,75); aahunt x2 -> 攻击目标#3676@(136,78)
[22:31:51] {"kind": "action", "what": "attack_obj", "name": null, "qty": null, "tid": 3676, "ts": "22:31:51"}
[22:31:51] t=3263 ESCORT 坦克#2903 -> 护航矿车@[74, 70]
[22:31:51] {"kind": "action", "what": "attack_move", "name": null, "qty": null, "tid": null, "ts": "22:31:51"}
[22:31:53] t=3263 MOVE assault x26 -> 攻击目标#1859@(119,70); t=3263 SIEGE 清建筑 x26 -> #1859@(119,70)
[22:31:53] {"kind": "action", "what": "attack_obj", "name": null, "qty": null, "tid": 1859, "ts": "22:31:53"}
[22:31:55] t=3266 MOVE assault x26 -> (73,120); t=3266 AIR-EVADE assault x26 -> home (坦克打不到空中, 等AA猎杀)
[22:31:55] {"kind": "action", "what": "attack_move", "name": null, "qty": null, "tid": null, "ts": "22:31:55"}
[22:31:57] t=3269 MOVE assault x26 -> 攻击目标#1859@(119,70); t=3269 SIEGE 清建筑 x26 -> #1859@(119,70)
[22:31:57] {"kind": "action", "what": "attack_obj", "name": null, "qty": null, "tid": 1859, "ts": "22:31:57"}
[22:32:03] t=3277 MOVE t=3277 SIEGE 清建筑 x26 -> #1859@(119,70); aahunt x2 -> 攻击目标#3676@(136,78)
[22:32:03] {"kind": "action", "what": "attack_obj", "name": null, "qty": null, "tid": 3676, "ts": "22:32:03"}
[22:32:09] t=3285 MOVE assault x26 -> 攻击目标#1859@(119,70); t=3285 SIEGE 清建筑 x26 -> #1859@(119,70)
[22:32:09] {"kind": "action", "what": "attack_obj", "name": null, "qty": null, "tid": 1859, "ts": "22:32:09"}
[22:32:11] t=3288 jev VEH HARV HOLD (预算保护 cash=270 aav帽=ok aav=2)
[22:32:13] t=3291 jev VEH HARV HOLD (预算保护 cash=203 aav帽=ok aav=2)
[22:32:15] t=3293 jev VEH HARV HOLD (预算保护 cash=136 aav帽=ok aav=2)
[22:32:15] t=3293 MOVE t=3293 SIEGE 清建筑 x27 -> #1859@(119,70); aahunt x2 -> 攻击目标#3676@(136,78)
[22:32:15] {"kind": "action", "what": "attack_obj", "name": null, "qty": null, "tid": 3676, "ts": "22:32:15"}
[22:32:17] t=3296 jev VEH HARV HOLD (预算保护 cash=70 aav帽=ok aav=2)
[22:32:19] t=3299 jev VEH HARV HOLD (预算保护 cash=305 aav帽=ok aav=2)
[22:32:21] t=3301 jev VEH HARV HOLD (预算保护 cash=238 aav帽=ok aav=2)
[22:32:21] t=3301 MOVE assault x27 -> 攻击目标#1859@(119,70); t=3301 SIEGE 清建筑 x27 -> #1859@(119,70)
[22:32:21] {"kind": "action", "what": "attack_obj", "name": null, "qty": null, "tid": 1859, "ts": "22:32:21"}
[22:32:23] t=3304 jev VEH HARV HOLD (预算保护 cash=171 aav帽=ok aav=2)
[22:32:24] t=3307 AA HTK x2 (enemy air, alive 2)
[22:32:24] {"kind": "action", "what": "produce", "name": "HTK", "qty": 2, "tid": null, "ts": "22:32:24"}
[22:32:27] t=3310 MOVE t=3310 SIEGE 清建筑 x27 -> #1859@(119,70); aahunt x2 -> 攻击目标#3676@(136,78)
[22:32:27] {"kind": "action", "what": "attack_obj", "name": null, "qty": null, "tid": 3676, "ts": "22:32:27"}
[22:32:32] t=3318 ESCORT 坦克#4276 -> 护航矿车@[92, 105]
[22:32:32] {"kind": "action", "what": "attack_move", "name": null, "qty": null, "tid": null, "ts": "22:32:32"}
[22:32:34] t=3318 MOVE assault x27 -> 攻击目标#1859@(119,70); t=3318 SIEGE 清建筑 x27 -> #1859@(119,70)
[22:32:34] {"kind": "action", "what": "attack_obj", "name": null, "qty": null, "tid": 1859, "ts": "22:32:34"}
[22:32:38] t=3323 MOVE assault x27 -> 攻击目标#1053@(125,75); t=3323 SIEGE 清建筑 x27 -> #1053@(125,75)
[22:32:38] {"kind": "action", "what": "attack_obj", "name": null, "qty": null, "tid": 1053, "ts": "22:32:38"}
[22:32:38] t=3323 tick#1300 credits=1016 stance=attack | jev 1300 decisions p50=1674ms
[22:32:40] t=3326 MOVE t=3326 SIEGE 清建筑 x27 -> #1053@(125,75); aahunt x3 -> 攻击目标#3676@(136,78)
[22:32:40] {"kind": "action", "what": "attack_obj", "name": null, "qty": null, "tid": 3676, "ts": "22:32:40"}
[22:32:42] t=3329 jev VEH HARV HOLD (预算保护 cash=394 aav帽=ok aav=4)
[22:32:44] t=3332 jev VEH HARV HOLD (预算保护 cash=327 aav帽=ok aav=4)
[22:32:46] t=3335 jev VEH HARV HOLD (预算保护 cash=260 aav帽=ok aav=4)
[22:32:48] t=3337 jev VEH HARV HOLD (预算保护 cash=193 aav帽=ok aav=4)
[22:32:50] t=3340 jev VEH HARV HOLD (预算保护 cash=135 aav帽=ok aav=4)
[22:32:50] t=3340 MOVE assault x27 -> 攻击目标#1053@(125,75); t=3340 SIEGE 清建筑 x27 -> #1053@(125,75)
[22:32:50] {"kind": "action", "what": "attack_obj", "name": null, "qty": null, "tid": 1053, "ts": "22:32:50"}
[22:32:52] t=3343 jev VEH HARV HOLD (预算保护 cash=135 aav帽=ok aav=4)
[22:32:52] t=3343 MOVE t=3343 SIEGE 清建筑 x29 -> #1053@(125,75); aahunt x2 -> (78,111)
[22:32:52] {"kind": "action", "what": "attack_move", "name": null, "qty": null, "tid": null, "ts": "22:32:52"}
[22:32:54] t=3345 jev VEH HARV HOLD (预算保护 cash=135 aav帽=ok aav=4)
[22:32:56] t=3348 jev VEH DRON HOLD (预算保护 cash=435 aav帽=ok aav=4)
[22:32:56] t=3348 MOVE assault x29 -> 攻击目标#2101@(131,83); t=3348 SIEGE 清建筑 x29 -> #2101@(131,83)
[22:32:56] {"kind": "action", "what": "attack_obj", "name": null, "qty": null, "tid": 2101, "ts": "22:32:56"}
[22:32:58] t=3351 jev VEH HARV HOLD (预算保护 cash=435 aav帽=ok aav=4)
[22:33:00] t=3354 jev VEH DRON HOLD (预算保护 cash=435 aav帽=ok aav=4)
[22:33:02] t=3356 jev VEH DRON HOLD (预算保护 cash=435 aav帽=ok aav=4)
[22:33:03] t=3359 ESCORT 坦克#4276 -> 护航矿车@[74, 73]
[22:33:03] {"kind": "action", "what": "attack_move", "name": null, "qty": null, "tid": null, "ts": "22:33:03"}
[22:33:04] t=3359 jev VEH DRON HOLD (预算保护 cash=435 aav帽=ok aav=4)
[22:33:06] t=3362 jev VEH HARV HOLD (预算保护 cash=435 aav帽=ok aav=4)
[22:33:06] t=3362 MOVE assault x29 -> 攻击目标#1046@(131,80); t=3362 SIEGE 清建筑 x29 -> #1046@(131,80)
[22:33:06] {"kind": "action", "what": "attack_obj", "name": null, "qty": null, "tid": 1046, "ts": "22:33:06"}
[22:33:09] t=3365 jev VEH HARV HOLD (预算保护 cash=435 aav帽=ok aav=4)
[22:33:11] t=3367 jev VEH HARV HOLD (预算保护 cash=435 aav帽=ok aav=4)
[22:33:13] t=3370 jev VEH HARV HOLD (预算保护 cash=435 aav帽=ok aav=4)
[22:33:15] t=3373 jev VEH HARV HOLD (预算保护 cash=435 aav帽=ok aav=4)
[22:33:15] t=3376 RETREAT E2(1%)
[22:33:15] t=3376 RETREAT E2(7%)
[22:33:15] {"kind": "action", "what": "move", "name": null, "qty": null, "tid": null, "ts": "22:33:15"}
[22:33:15] {"kind": "action", "what": "move", "name": null, "qty": null, "tid": null, "ts": "22:33:15"}
[22:33:17] t=3376 jev VEH HARV HOLD (预算保护 cash=435 aav帽=ok aav=4)
[22:33:17] t=3376 MOVE assault x29 -> 攻击目标#1088@(131,77); t=3376 SIEGE 清建筑 x29 -> #1088@(131,77)
[22:33:17] {"kind": "action", "what": "attack_obj", "name": null, "qty": null, "tid": 1088, "ts": "22:33:17"}
[22:33:19] t=3378 jev VEH HARV HOLD (预算保护 cash=435 aav帽=ok aav=4)
[22:33:21] t=3381 jev VEH HARV HOLD (预算保护 cash=435 aav帽=ok aav=4)
[22:33:21] t=3384 RETREAT HTK(38%)
[22:33:21] {"kind": "action", "what": "move", "name": null, "qty": null, "tid": null, "ts": "22:33:21"}
[22:33:23] t=3384 jev VEH HARV HOLD (预算保护 cash=435 aav帽=ok aav=4)
[22:33:23] t=3384 MOVE assault x29 -> 攻击目标#1070@(135,84); t=3384 SIEGE 清建筑 x29 -> #1070@(135,84); aahunt x2 -> (78,111)
[22:33:23] {"kind": "action", "what": "attack_obj", "name": null, "qty": null, "tid": 1070, "ts": "22:33:23"}
[22:33:23] {"kind": "action", "what": "attack_move", "name": null, "qty": null, "tid": null, "ts": "22:33:23"}
[22:33:23] t=3387 RETREAT E2(13%)
[22:33:23] {"kind": "action", "what": "move", "name": null, "qty": null, "tid": null, "ts": "22:33:23"}
[22:33:25] t=3387 jev VEH HARV HOLD (预算保护 cash=435 aav帽=ok aav=4)
[22:33:26] t=3390 RETREAT E2(1%)
[22:33:26] {"kind": "action", "what": "move", "name": null, "qty": null, "tid": null, "ts": "22:33:26"}
[22:33:27] t=3390 jev VEH HARV HOLD (预算保护 cash=435 aav帽=ok aav=4)
[22:33:30] t=3392 jev VEH HARV HOLD (预算保护 cash=435 aav帽=ok aav=4)
[22:33:30] t=3392 tick#1325 credits=435 stance=attack | jev 1325 decisions p50=1677ms
[22:33:32] t=3395 jev VEH HARV HOLD (预算保护 cash=435 aav帽=ok aav=4)
[22:33:34] t=3398 jev VEH HARV HOLD (预算保护 cash=435 aav帽=ok aav=4)
[22:33:34] t=3401 ESCORT 坦克#4276 -> 护航矿车@[76, 70]
[22:33:34] {"kind": "action", "what": "attack_move", "name": null, "qty": null, "tid": null, "ts": "22:33:34"}
[22:33:36] t=3401 jev VEH HARV HOLD (预算保护 cash=435 aav帽=ok aav=4)
[22:33:36] t=3401 MOVE assault x29 -> 攻击目标#1070@(135,84); t=3401 SIEGE 清建筑 x29 -> #1070@(135,84)
[22:33:36] {"kind": "action", "what": "attack_obj", "name": null, "qty": null, "tid": 1070, "ts": "22:33:36"}
[22:33:38] t=3404 jev VEH HARV HOLD (预算保护 cash=435 aav帽=ok aav=4)
[22:33:40] t=3406 jev VEH HARV HOLD (预算保护 cash=435 aav帽=ok aav=4)
[22:33:40] t=3409 ALARM unit lost -> 攻势保持（塔阵守家, 前线 6 个单位继续进攻）
[22:33:40] t=3409 POWER plant (reserve 55)
[22:33:40] {"kind": "action", "what": "produce", "name": "NAPOWR", "qty": 1, "tid": null, "ts": "22:33:40"}
[22:33:42] t=3409 jev VEH HARV HOLD (预算保护 cash=660 aav帽=ok aav=3)
[22:33:44] t=3412 jev VEH HARV HOLD (预算保护 cash=583 aav帽=ok aav=3)
[22:33:46] t=3415 jev VEH HARV HOLD (预算保护 cash=505 aav帽=ok aav=3)
[22:33:48] t=3418 jev VEH HARV HOLD (预算保护 cash=429 aav帽=ok aav=3)
[22:33:48] t=3418 MOVE assault x28 -> 攻击目标#1070@(135,84); t=3418 SIEGE 清建筑 x28 -> #1070@(135,84)
[22:33:49] {"kind": "action", "what": "attack_obj", "name": null, "qty": null, "tid": 1070, "ts": "22:33:49"}
[22:33:51] t=3421 jev VEH DRON HOLD (预算保护 cash=349 aav帽=ok aav=3)
[22:33:51] t=3421 MOVE assault x28 -> 攻击目标#1044@(134,79); t=3421 SIEGE 清建筑 x28 -> #1044@(134,79)
[22:33:51] {"kind": "action", "what": "attack_obj", "name": null, "qty": null, "tid": 1044, "ts": "22:33:51"}
[22:33:51] t=3423 ALARM unit lost -> 攻势保持（塔阵守家, 前线 5 个单位继续进攻）
[22:33:51] t=3423 RETREAT HTNK(21%)
[22:33:51] {"kind": "action", "what": "move", "name": null, "qty": null, "tid": null, "ts": "22:33:51"}
[22:33:53] t=3423 jev VEH DRON HOLD (预算保护 cash=268 aav帽=ok aav=3)
[22:33:53] t=3423 MOVE assault x27 -> 攻击目标#1047@(135,76); t=3423 SIEGE 清建筑 x27 -> #1047@(135,76)
[22:33:53] {"kind": "action", "what": "attack_obj", "name": null, "qty": null, "tid": 1047, "ts": "22:33:53"}
[22:33:55] t=3426 jev VEH DRON HOLD (预算保护 cash=185 aav帽=ok aav=3)
[22:33:55] t=3426 MOVE t=3426 SIEGE 清建筑 x27 -> #1047@(135,76); aahunt x2 -> (78,111)
[22:33:55] {"kind": "action", "what": "attack_move", "name": null, "qty": null, "tid": null, "ts": "22:33:55"}
[22:33:55] t=3429 ALARM unit lost -> 攻势保持（塔阵守家, 前线 5 个单位继续进攻）
[22:33:55] t=3429 RETREAT E2(30%)
[22:33:55] {"kind": "action", "what": "move", "name": null, "qty": null, "tid": null, "ts": "22:33:55"}
[22:33:57] t=3429 jev VEH DRON HOLD (预算保护 cash=103 aav帽=ok aav=3)
[22:33:58] t=3432 ALARM unit lost -> 攻势保持（塔阵守家, 前线 5 个单位继续进攻）
[22:33:59] t=3432 jev VEH DRON HOLD (预算保护 cash=60 aav帽=ok aav=3)
[22:34:00] t=3435 ALARM unit lost -> 攻势保持（塔阵守家, 前线 5 个单位继续进攻）
[22:34:01] t=3435 jev VEH DRON HOLD (预算保护 cash=60 aav帽=ok aav=3)
[22:34:04] t=3438 jev VEH HARV HOLD (预算保护 cash=60 aav帽=ok aav=3)
[22:34:04] t=3441 ALARM unit lost -> 攻势保持（塔阵守家, 前线 5 个单位继续进攻）
[22:34:06] t=3441 jev VEH DRON HOLD (预算保护 cash=60 aav帽=ok aav=3)
[22:34:06] t=3441 MOVE assault x21 -> 攻击目标#1047@(135,76); t=3441 SIEGE 清建筑 x21 -> #1047@(135,76)
[22:34:06] {"kind": "action", "what": "attack_obj", "name": null, "qty": null, "tid": 1047, "ts": "22:34:06"}
[22:34:06] t=3443 ALARM unit lost -> 攻势保持（塔阵守家, 前线 5 个单位继续进攻）
[22:34:06] t=3443 ESCORT 坦克#4276 -> 护航矿车@[76, 75]
[22:34:06] {"kind": "action", "what": "attack_move", "name": null, "qty": null, "tid": null, "ts": "22:34:06"}
[22:34:08] t=3443 jev VEH HARV HOLD (预算保护 cash=60 aav帽=ok aav=3)
[22:34:10] t=3446 jev VEH HARV HOLD (预算保护 cash=60 aav帽=ok aav=3)
[22:34:10] t=3446 MOVE assault x20 -> 攻击目标#1080@(139,80); t=3446 SIEGE 清建筑 x20 -> #1080@(139,80); aahunt x2 -> (78,112)
[22:34:10] {"kind": "action", "what": "attack_obj", "name": null, "qty": null, "tid": 1080, "ts": "22:34:10"}
[22:34:10] {"kind": "action", "what": "attack_move", "name": null, "qty": null, "tid": null, "ts": "22:34:10"}
[22:34:10] t=3449 ALARM unit lost -> 攻势保持（塔阵守家, 前线 5 个单位继续进攻）
[22:34:12] t=3449 jev VEH DRON HOLD (预算保护 cash=60 aav帽=ok aav=3)
[22:34:12] t=3452 ALARM unit lost -> 攻势保持（塔阵守家, 前线 5 个单位继续进攻）
[22:34:12] t=3452 RETREAT E2(32%)
[22:34:12] {"kind": "action", "what": "move", "name": null, "qty": null, "tid": null, "ts": "22:34:12"}
[22:34:14] t=3452 jev VEH DRON HOLD (预算保护 cash=60 aav帽=ok aav=3)
[22:34:14] t=3454 ALARM unit lost -> 攻势保持（塔阵守家, 前线 5 个单位继续进攻）
[22:34:16] t=3454 jev VEH DRON HOLD (预算保护 cash=60 aav帽=ok aav=3)
[22:34:18] t=3457 jev VEH DRON HOLD (预算保护 cash=60 aav帽=ok aav=3)
[22:34:20] t=3460 jev VEH DRON HOLD (预算保护 cash=210 aav帽=ok aav=3)
[22:34:22] t=3462 jev VEH DRON HOLD (预算保护 cash=210 aav帽=ok aav=3)
[22:34:22] t=3462 MOVE assault x17 -> 攻击目标#1080@(139,80); t=3462 SIEGE 清建筑 x17 -> #1080@(139,80)
[22:34:22] {"kind": "action", "what": "attack_obj", "name": null, "qty": null, "tid": 1080, "ts": "22:34:22"}
[22:34:22] t=3462 tick#1350 credits=210 stance=attack | jev 1350 decisions p50=1681ms
[22:34:24] t=3465 jev VEH DRON HOLD (预算保护 cash=210 aav帽=ok aav=3)
[22:34:26] t=3468 jev VEH DRON HOLD (预算保护 cash=210 aav帽=ok aav=3)
[22:34:26] t=3470 ALARM unit lost -> 攻势保持（塔阵守家, 前线 5 个单位继续进攻）
[22:34:28] t=3470 jev VEH DRON HOLD (预算保护 cash=585 aav帽=ok aav=3)
[22:34:28] t=3473 HARASS DRON x2 (have 0)
[22:34:28] {"kind": "action", "what": "produce", "name": "DRON", "qty": 2, "tid": null, "ts": "22:34:28"}
[22:34:30] t=3473 MOVE assault x16 -> 攻击目标#2420@(141,83); t=3473 SIEGE 清建筑 x16 -> #2420@(141,83); aahunt x2 -> (79,112)
[22:34:30] {"kind": "action", "what": "attack_obj", "name": null, "qty": null, "tid": 2420, "ts": "22:34:30"}
[22:34:30] {"kind": "action", "what": "attack_move", "name": null, "qty": null, "tid": null, "ts": "22:34:30"}
[22:34:32] t=3479 RETREAT E2(26%)
[22:34:32] {"kind": "action", "what": "move", "name": null, "qty": null, "tid": null, "ts": "22:34:32"}
[22:34:34] t=3479 MOVE raid x1 -> (141,83); t=3479 SIEGE 清建筑 x17 -> #2420@(141,83)
[22:34:34] {"kind": "action", "what": "attack_move", "name": null, "qty": null, "tid": null, "ts": "22:34:34"}
[22:34:34] t=3481 ALARM unit lost -> 攻势保持（塔阵守家, 前线 7 个单位继续进攻）
[22:34:36] t=3481 jev VEH DRON HOLD (预算保护 cash=85 aav帽=ok aav=3)
[22:34:36] t=3484 ESCORT 坦克#5061 -> 护航矿车@[76, 75]
[22:34:36] t=3484 RETREAT E2(14%)
[22:34:36] {"kind": "action", "what": "attack_move", "name": null, "qty": null, "tid": null, "ts": "22:34:36"}
[22:34:36] {"kind": "action", "what": "move", "name": null, "qty": null, "tid": null, "ts": "22:34:36"}
[22:34:38] t=3484 jev VEH DRON HOLD (预算保护 cash=85 aav帽=ok aav=3)
[22:34:38] t=3487 ALARM unit lost -> 攻势保持（塔阵守家, 前线 7 个单位继续进攻）
[22:34:40] t=3487 jev VEH DRON HOLD (预算保护 cash=85 aav帽=ok aav=3)
[2026-10-05 22:34:40] {"kind": "report", "result": "victory", "t": 3489, "ticks": 1360, "crisis_ticks": 258, "stance": "attack", "jev": {"decisions": 1359, "errors": 0, "input_tokens": 4662056, "output_tokens": 0, "p50_ms": 1681, "p95_ms": 1802}, "enemy_base": [141, 83], "ts": "2026-10-05 22:34:40"}
[22:34:41] REVIEW game#70 victory → game-0070-review.md | changes=0
{
  "result": "victory",
  "t": 3489,
  "ticks": 1360,
  "crisis_ticks": 258,
  "stance": "attack",
  "jev": {
    "decisions": 1359,
    "errors": 0,
    "input_tokens": 4662056,
    "output_tokens": 0,
    "p50_ms": 1681,
    "p95_ms": 1802
  },
  "enemy_base": [
    141,
    83
  ],
  "ts": "2026-10-05 22:34:40",
  "review": {
    "game_no": 70,
    "rootcause": "attrition",
    "auto_tuned": 0
  }
}
