[22:42:20] 进局中(全自动)...
[22:42:50] {"kind": "start", "policy": "ra2web-jev-player/1.0", "maxDecisions": 999999, "micro": {"events": [{"kind": "micro", "t": 1, "what": "start"}], "loopN": 1, "on": true, "outcome": null, "stall": false}, "ts": "22:42:50"}
[22:42:50] === ra2web-jev-player start (tick=1.5s, max_decisions=999999) ===
[22:42:50] t=1 DEPLOY mcv
[22:42:50] {"kind": "action", "what": "deploy", "ids": [1042], "ts": "22:42:50"}
[22:42:50] {"kind": "action", "what": "deploy", "name": null, "qty": null, "tid": null, "ts": "22:42:50"}
[22:42:53] t=3 jev BUILD NAPOWR HOLD (开局序列前置位保护: 等 NAREFN)
[22:42:53] t=3 jev STANCE defend->develop (conf 0.91)
[22:42:54] t=5 jev BUILD NAPOWR HOLD (开局序列前置位保护: 等 NAREFN)
[22:42:56] t=7 jev BUILD NAPOWR HOLD (开局序列前置位保护: 等 NAREFN)
[22:42:58] t=9 jev BUILD NAPOWR HOLD (开局序列前置位保护: 等 NAREFN)
[22:42:59] t=11 jev BUILD NAPOWR HOLD (开局序列前置位保护: 等 NAREFN)
[22:43:00] t=13 jev BUILD NAPOWR HOLD (开局序列前置位保护: 等 NAREFN)
[22:43:02] t=15 jev BUILD NAPOWR HOLD (开局序列前置位保护: 等 NAREFN)
[22:43:03] t=17 jev BUILD NAPOWR HOLD (开局序列前置位保护: 等 NAREFN)
[22:43:05] t=19 jev BUILD NAPOWR HOLD (开局序列前置位保护: 等 NAREFN)
[22:43:06] t=21 jev BUILD NAPOWR HOLD (开局序列前置位保护: 等 NAREFN)
[22:43:08] t=23 jev BUILD NAPOWR HOLD (开局序列前置位保护: 等 NAREFN)
[22:43:09] t=25 jev BUILD NAPOWR HOLD (开局序列前置位保护: 等 NAREFN)
[22:43:11] t=27 jev BUILD NAPOWR HOLD (开局序列前置位保护: 等 NAREFN)
[22:43:12] t=29 jev BUILD NAPOWR HOLD (开局序列前置位保护: 等 NAREFN)
[22:43:14] t=31 jev BUILD NAPOWR HOLD (开局序列前置位保护: 等 NAREFN)
[22:43:16] t=33 jev BUILD NAPOWR HOLD (开局序列前置位保护: 等 NAREFN)
[22:43:17] t=35 jev BUILD NAPOWR HOLD (开局序列前置位保护: 等 NAREFN)
[22:43:18] t=37 jev BUILD NAPOWR HOLD (开局序列前置位保护: 等 NAREFN)
[22:43:20] t=39 jev BUILD NAPOWR HOLD (开局序列前置位保护: 等 NAREFN)
[22:43:20] t=41 OPENING REJECT NAREFN (40gs 无进展, 拉黑)
[22:43:20] t=41 OPENING FALLBACK -> legacy NAPOWR-first
[22:43:20] {"kind": "action", "what": "produce", "name": "NAPOWR", "qty": 1, "tid": null, "ts": "22:43:20"}
[22:43:20] t=41 OPENING BUILD NAPOWR
[22:43:27] t=49 tick#25 credits=9780 stance=develop | jev 25 decisions p50=899ms
[22:43:40] {"kind": "action", "what": "produce", "name": "NAREFN", "qty": 1, "tid": null, "ts": "22:43:40"}
[22:43:40] t=67 OPENING BUILD NAREFN
[22:44:05] t=99 tick#50 credits=8629 stance=develop | jev 50 decisions p50=920ms
[22:44:42] t=149 tick#75 credits=7418 stance=develop | jev 75 decisions p50=930ms
[22:44:49] {"kind": "action", "what": "produce", "name": "NAHAND", "qty": 1, "tid": null, "ts": "22:44:49"}
[22:44:49] t=159 OPENING BUILD NAHAND
[22:45:07] t=183 GARRISON E2 x2 (坦克真空期常驻驻军, have 0)
[22:45:07] t=183 DEFLINE NALASR (have 0)
[22:45:07] {"kind": "action", "what": "produce", "name": "E2", "qty": 2, "tid": null, "ts": "22:45:07"}
[22:45:07] {"kind": "action", "what": "produce", "name": "NALASR", "qty": 1, "tid": null, "ts": "22:45:07"}
[22:45:07] {"kind": "action", "what": "produce", "name": "NAWEAP", "qty": 1, "tid": null, "ts": "22:45:07"}
[22:45:07] t=183 OPENING BUILD NAWEAP
[22:45:12] t=187 MOVE hold_a x1 -> (138,72)
[22:45:12] {"kind": "action", "what": "attack_move", "name": null, "qty": null, "tid": null, "ts": "22:45:12"}
[22:45:13] t=191 GARRISON E2 x2 (坦克真空期常驻驻军, have 2)
[22:45:15] t=191 MOVE hold_b x1 -> (138,85)
[22:45:15] {"kind": "action", "what": "attack_move", "name": null, "qty": null, "tid": null, "ts": "22:45:15"}
[22:45:21] t=199 tick#100 credits=5875 stance=develop | jev 100 decisions p50=961ms
[22:45:25] t=207 DEFLINE NALASR (have 1)
[22:45:36] t=221 GARRISON E2 x2 (坦克真空期常驻驻军, have 2)
[22:45:36] {"kind": "action", "what": "produce", "name": "E2", "qty": 2, "tid": null, "ts": "22:45:36"}
[22:45:53] t=243 ALARM enemy approaching -> counter 4 vs 1 -> [127, 84]
[22:45:53] {"kind": "action", "what": "attack_move", "name": null, "qty": null, "tid": null, "ts": "22:45:53"}
[22:45:54] t=243 jev INF E2 (conf 0.30)
[22:45:55] t=246 jev INF E2 (conf 0.41)
[22:45:59] t=250 tick#125 credits=4427 stance=defend | jev 125 decisions p50=1021ms
[22:46:02] t=254 MOVE hold_a x2 -> (135,86); hold_b x2 -> (126,77)
[22:46:02] {"kind": "action", "what": "attack_move", "name": null, "qty": null, "tid": null, "ts": "22:46:02"}
[22:46:02] {"kind": "action", "what": "attack_move", "name": null, "qty": null, "tid": null, "ts": "22:46:02"}
[22:46:11] t=268 DEFLINE NALASR (have 1)
[22:46:11] {"kind": "action", "what": "produce", "name": "NALASR", "qty": 1, "tid": null, "ts": "22:46:11"}
[22:46:16] t=275 ECON harv#2
[22:46:16] t=275 TANK HTNK x2
[22:46:16] {"kind": "action", "what": "produce", "name": "HARV", "qty": 1, "tid": null, "ts": "22:46:16"}
[22:46:16] {"kind": "action", "what": "produce", "name": "HTNK", "qty": 2, "tid": null, "ts": "22:46:16"}
[22:46:17] t=275 jev BUILD NAREFN (conf 0.33)
[22:46:17] {"kind": "action", "what": "produce", "name": "NAREFN", "qty": 1, "tid": null, "ts": "22:46:17"}
[22:46:28] t=291 INSURE AA building
[22:46:28] {"kind": "action", "what": "produce", "name": "NAFLAK", "qty": 1, "tid": null, "ts": "22:46:28"}
[22:46:40] t=304 tick#150 credits=4050 stance=defend | jev 150 decisions p50=1145ms
[22:47:03] t=335 MOVE hold_a x2 -> (135,86); hold_b x2 -> (126,77)
[22:47:03] {"kind": "action", "what": "attack_move", "name": null, "qty": null, "tid": null, "ts": "22:47:03"}
[22:47:03] {"kind": "action", "what": "attack_move", "name": null, "qty": null, "tid": null, "ts": "22:47:03"}
[22:47:07] t=340 jev STANCE defend->develop (conf 0.46)
[22:47:23] t=364 POWER plant (reserve -35)
[22:47:23] {"kind": "action", "what": "produce", "name": "NAPOWR", "qty": 1, "tid": null, "ts": "22:47:23"}
[22:47:25] t=364 tick#175 credits=601 stance=develop | jev 175 decisions p50=1166ms
[22:47:30] t=374 SCOUT #1091->[26, 186]
[22:47:30] {"kind": "action", "what": "attack_move", "name": null, "qty": null, "tid": null, "ts": "22:47:30"}
[22:47:32] t=376 SCOUT* #1091->[26, 186]
[22:47:32] {"kind": "action", "what": "attack_move", "name": null, "qty": null, "tid": null, "ts": "22:47:32"}
[22:48:04] t=416 MOVE hold_a x2 -> (135,86); hold_b x2 -> (126,77)
[22:48:04] {"kind": "action", "what": "attack_move", "name": null, "qty": null, "tid": null, "ts": "22:48:04"}
[22:48:04] {"kind": "action", "what": "attack_move", "name": null, "qty": null, "tid": null, "ts": "22:48:04"}
[22:48:09] t=423 tick#200 credits=0 stance=develop | jev 200 decisions p50=1203ms
[22:48:34] t=456 jev BUILD NAREFN (conf 0.35)
[22:48:34] {"kind": "action", "what": "produce", "name": "NAREFN", "qty": 1, "tid": null, "ts": "22:48:34"}
[22:48:41] t=468 TANK HTNK x1
[22:48:41] {"kind": "action", "what": "produce", "name": "HTNK", "qty": 1, "tid": null, "ts": "22:48:41"}
[22:48:43] t=468 MOVE assault x1 -> (137,82)
[22:48:43] {"kind": "action", "what": "attack_move", "name": null, "qty": null, "tid": null, "ts": "22:48:43"}
[22:48:54] t=483 tick#225 credits=295 stance=develop | jev 225 decisions p50=1240ms
[22:48:55] t=485 MOVE assault x1 -> (137,82)
[22:48:55] {"kind": "action", "what": "attack_move", "name": null, "qty": null, "tid": null, "ts": "22:48:55"}
[22:49:04] t=496 MOVE hold_a x2 -> (135,86); hold_b x2 -> (126,77)
[22:49:04] {"kind": "action", "what": "attack_move", "name": null, "qty": null, "tid": null, "ts": "22:49:04"}
[22:49:04] {"kind": "action", "what": "attack_move", "name": null, "qty": null, "tid": null, "ts": "22:49:04"}
[22:49:08] t=501 MOVE assault x1 -> (137,82)
[22:49:08] {"kind": "action", "what": "attack_move", "name": null, "qty": null, "tid": null, "ts": "22:49:08"}
[22:49:11] t=509 ECON harv#4
[22:49:11] t=509 TANK HTNK x1
[22:49:11] {"kind": "action", "what": "produce", "name": "HARV", "qty": 1, "tid": null, "ts": "22:49:11"}
[22:49:11] {"kind": "action", "what": "produce", "name": "HTNK", "qty": 1, "tid": null, "ts": "22:49:11"}
[22:49:13] t=509 MOVE guard x1 -> (137,82)
[22:49:13] {"kind": "action", "what": "attack_move", "name": null, "qty": null, "tid": null, "ts": "22:49:13"}
[22:49:20] t=518 MOVE assault x1 -> (137,82)
[22:49:20] {"kind": "action", "what": "attack_move", "name": null, "qty": null, "tid": null, "ts": "22:49:20"}
[22:49:33] t=535 MOVE assault x1 -> (137,82)
[22:49:33] {"kind": "action", "what": "attack_move", "name": null, "qty": null, "tid": null, "ts": "22:49:33"}
[22:49:38] t=542 tick#250 credits=978 stance=develop | jev 250 decisions p50=1311ms
[22:49:41] t=546 jev BUILD NAREFN (conf 0.26)
[22:49:41] {"kind": "action", "what": "produce", "name": "NAREFN", "qty": 1, "tid": null, "ts": "22:49:41"}
[22:49:43] t=549 MOVE guard x1 -> (137,82)
[22:49:43] {"kind": "action", "what": "attack_move", "name": null, "qty": null, "tid": null, "ts": "22:49:43"}
[22:49:45] t=551 MOVE assault x1 -> (137,82)
[22:49:45] {"kind": "action", "what": "attack_move", "name": null, "qty": null, "tid": null, "ts": "22:49:45"}
[22:49:57] t=568 MOVE assault x1 -> (137,82)
[22:49:58] {"kind": "action", "what": "attack_move", "name": null, "qty": null, "tid": null, "ts": "22:49:58"}
[22:50:03] t=578 SCOUT #1091->[14, 164] (敌影)
[22:50:03] {"kind": "action", "what": "attack_move", "name": null, "qty": null, "tid": null, "ts": "22:50:03"}
[22:50:05] t=578 MOVE hold_a x2 -> (135,86); hold_b x2 -> (126,77)
[22:50:05] {"kind": "action", "what": "attack_move", "name": null, "qty": null, "tid": null, "ts": "22:50:05"}
[22:50:05] {"kind": "action", "what": "attack_move", "name": null, "qty": null, "tid": null, "ts": "22:50:05"}
[22:50:09] t=585 ALARM enemy approaching -> counter 6 vs 2 -> [121, 83]
[22:50:09] {"kind": "action", "what": "attack_move", "name": null, "qty": null, "tid": null, "ts": "22:50:09"}
[22:50:09] t=585 SCOUT* #1091->[14, 115]
[22:50:09] {"kind": "action", "what": "attack_move", "name": null, "qty": null, "tid": null, "ts": "22:50:09"}
[22:50:12] t=590 RETREAT E2(32%)
[22:50:12] {"kind": "action", "what": "move", "name": null, "qty": null, "tid": null, "ts": "22:50:12"}
[22:50:16] t=592 jev INF E2 HOLD (预算保护 gate=False e2=3)
[22:50:16] t=595 RETREAT E2(37%)
[22:50:16] {"kind": "action", "what": "move", "name": null, "qty": null, "tid": null, "ts": "22:50:16"}
[22:50:18] t=595 jev INF E2 HOLD (预算保护 gate=False e2=3)
[22:50:18] t=595 MOVE assault x1 -> (137,82); hold_a x2 -> (131,86); hold_b x1 -> (127,74); guard x1 -> (137,82)
[22:50:18] {"kind": "action", "what": "attack_move", "name": null, "qty": null, "tid": null, "ts": "22:50:18"}
[22:50:18] {"kind": "action", "what": "attack_move", "name": null, "qty": null, "tid": null, "ts": "22:50:18"}
[22:50:18] {"kind": "action", "what": "attack_move", "name": null, "qty": null, "tid": null, "ts": "22:50:18"}
[22:50:18] {"kind": "action", "what": "attack_move", "name": null, "qty": null, "tid": null, "ts": "22:50:18"}
[22:50:18] t=598 ALARM NALASR under attack -> counter 4 vs 1 -> [132, 79]
[22:50:18] {"kind": "action", "what": "attack_move", "name": null, "qty": null, "tid": null, "ts": "22:50:18"}
[22:50:20] t=598 jev INF E2 HOLD (预算保护 gate=False e2=3)
[22:50:22] t=600 jev INF E2 HOLD (预算保护 gate=False e2=3)
[22:50:24] t=603 tick#275 credits=0 stance=defend | jev 275 decisions p50=1404ms
[22:50:28] t=608 MOVE hold_a x1 -> (130,86); hold_b x1 -> (128,73)
[22:50:28] {"kind": "action", "what": "attack_move", "name": null, "qty": null, "tid": null, "ts": "22:50:28"}
[22:50:28] {"kind": "action", "what": "attack_move", "name": null, "qty": null, "tid": null, "ts": "22:50:28"}
[22:50:28] t=611 ALARM enemy approaching -> TURTLE (3 v 3, 守塔阵不打野战)
[22:50:28] {"kind": "action", "what": "attack_move", "name": null, "qty": null, "tid": null, "ts": "22:50:28"}
[22:50:28] t=611 RETREAT E2(26%)
[22:50:28] {"kind": "action", "what": "move", "name": null, "qty": null, "tid": null, "ts": "22:50:28"}
[22:50:37] t=621 MOVE assault x1 -> (137,82)
[22:50:37] {"kind": "action", "what": "attack_move", "name": null, "qty": null, "tid": null, "ts": "22:50:37"}
[22:50:38] t=624 ALARM enemy approaching -> counter 3 vs 1 -> [124, 81]
[22:50:38] {"kind": "action", "what": "attack_move", "name": null, "qty": null, "tid": null, "ts": "22:50:38"}
[22:50:40] t=626 RETREAT HTNK(35%)
[22:50:40] {"kind": "action", "what": "move", "name": null, "qty": null, "tid": null, "ts": "22:50:40"}
[22:50:43] t=629 jev INF E2 HOLD (预算保护 gate=False e2=1)
[22:50:45] t=631 jev INF E2 HOLD (预算保护 gate=False e2=1)
[22:50:47] t=634 jev INF E2 HOLD (预算保护 gate=False e2=1)
[22:50:47] t=634 MOVE hold_a x1 -> (135,86)
[22:50:47] {"kind": "action", "what": "attack_move", "name": null, "qty": null, "tid": null, "ts": "22:50:47"}
[22:50:47] t=637 ESCORT 坦克#1216 -> 护航矿车@[127, 105]
[22:50:47] {"kind": "action", "what": "attack_move", "name": null, "qty": null, "tid": null, "ts": "22:50:47"}
[22:50:47] t=637 SCOUT2 #1103->[66, 121]
[22:50:48] {"kind": "action", "what": "attack_move", "name": null, "qty": null, "tid": null, "ts": "22:50:48"}
[22:50:49] t=637 jev INF E2 HOLD (预算保护 gate=False e2=1)
[22:50:49] t=637 jev VEH HTNK HOLD (预算保护 cash=245 aav帽=ok aav=0)
[22:50:49] t=637 MOVE guard x1 -> (137,82)
[22:50:49] {"kind": "action", "what": "attack_move", "name": null, "qty": null, "tid": null, "ts": "22:50:49"}
[22:50:51] t=639 jev INF E2 HOLD (预算保护 gate=False e2=1)
[22:50:51] t=639 jev VEH HTNK HOLD (预算保护 cash=182 aav帽=ok aav=0)
[22:50:51] t=639 MOVE assault x2 -> (137,82)
[22:50:51] {"kind": "action", "what": "attack_move", "name": null, "qty": null, "tid": null, "ts": "22:50:51"}
[22:50:53] t=642 jev INF E2 HOLD (预算保护 gate=False e2=1)
[22:50:53] t=642 jev VEH HTNK HOLD (预算保护 cash=124 aav帽=ok aav=0)
[22:50:54] t=644 jev INF E2 HOLD (预算保护 gate=False e2=1)
[22:50:54] t=644 jev VEH HTNK HOLD (预算保护 cash=67 aav帽=ok aav=0)
[22:50:55] t=646 SCOUT* #1091->[26, 186]
[22:50:55] {"kind": "action", "what": "attack_move", "name": null, "qty": null, "tid": null, "ts": "22:50:55"}
[22:50:56] t=646 jev INF E2 HOLD (预算保护 gate=False e2=1)
[22:50:56] t=646 jev VEH HTNK HOLD (预算保护 cash=9 aav帽=ok aav=0)
[22:50:58] t=649 jev INF E2 HOLD (预算保护 gate=False e2=1)
[22:50:58] t=649 jev VEH HTNK HOLD (预算保护 cash=0 aav帽=ok aav=0)
[22:50:59] t=651 TANK HTNK x1
[22:50:59] {"kind": "action", "what": "produce", "name": "HTNK", "qty": 1, "tid": null, "ts": "22:50:59"}
[22:51:00] t=651 jev INF E2 (conf 0.28)
[22:51:00] {"kind": "action", "what": "produce", "name": "E2", "qty": 1, "tid": null, "ts": "22:51:00"}
[22:51:00] t=654 ALARM enemy approaching -> counter 4 vs 2 -> [116, 79]
[22:51:01] {"kind": "action", "what": "attack_move", "name": null, "qty": null, "tid": null, "ts": "22:51:01"}
[22:51:06] t=659 jev INF E2 HOLD (预算保护 gate=False e2=2)
[22:51:08] t=662 jev INF E2 HOLD (预算保护 gate=False e2=2)
[22:51:10] t=665 jev INF E2 HOLD (预算保护 gate=False e2=2)
[22:51:10] t=665 MOVE assault x2 -> (137,82); hold_a x1 -> (129,85); hold_b x1 -> (129,72)
[22:51:10] {"kind": "action", "what": "attack_move", "name": null, "qty": null, "tid": null, "ts": "22:51:10"}
[22:51:10] {"kind": "action", "what": "attack_move", "name": null, "qty": null, "tid": null, "ts": "22:51:10"}
[22:51:10] {"kind": "action", "what": "attack_move", "name": null, "qty": null, "tid": null, "ts": "22:51:10"}
[22:51:10] t=667 ALARM enemy approaching -> RESCUE 预备队 3 人驰援远端 [114, 78]
[22:51:10] {"kind": "action", "what": "attack_move", "name": null, "qty": null, "tid": null, "ts": "22:51:10"}
[22:51:12] t=667 jev INF E2 (conf 0.33)
[22:51:12] t=667 tick#300 credits=1386 stance=defend | jev 300 decisions p50=1441ms
[22:51:12] t=670 POWER plant (reserve 12)
[22:51:12] {"kind": "action", "what": "produce", "name": "NAPOWR", "qty": 1, "tid": null, "ts": "22:51:12"}
[22:51:14] t=670 jev INF E2 (conf 0.28)
[22:51:16] t=672 jev INF E2 (conf 0.28)
[22:51:18] t=675 jev INF E2 (conf 0.30)
[22:51:18] t=675 jev STANCE defend->rush (conf 0.46)
[22:51:18] t=677 ESCORT 坦克#1216 -> 护航矿车@[126, 105]
[22:51:18] {"kind": "action", "what": "attack_move", "name": null, "qty": null, "tid": null, "ts": "22:51:18"}
[22:51:20] t=677 jev INF E2 (conf 0.34)
[22:51:20] t=677 MOVE assault x2 -> (116,80); guard x1 -> (137,82)
[22:51:20] {"kind": "action", "what": "attack_move", "name": null, "qty": null, "tid": null, "ts": "22:51:20"}
[22:51:20] {"kind": "action", "what": "attack_move", "name": null, "qty": null, "tid": null, "ts": "22:51:20"}
[22:51:20] t=680 ALARM unit lost -> 攻势保持（塔阵守家, 前线 5 个单位继续进攻）
[22:51:20] t=680 SCOUT #1103->[100, 100]
[22:51:20] {"kind": "action", "what": "attack_move", "name": null, "qty": null, "tid": null, "ts": "22:51:20"}
[22:51:22] t=680 jev INF E2 HOLD (预算保护 gate=False e2=2)
[22:51:22] t=680 MOVE hold_a x1 -> (138,72); hold_b x1 -> (138,85)
[22:51:22] {"kind": "action", "what": "attack_move", "name": null, "qty": null, "tid": null, "ts": "22:51:22"}
[22:51:22] {"kind": "action", "what": "attack_move", "name": null, "qty": null, "tid": null, "ts": "22:51:22"}
[22:51:22] t=683 ALARM enemy approaching -> 攻势保持（塔阵守家, 前线 4 个单位继续进攻）
[22:51:24] t=683 jev INF E2 HOLD (预算保护 gate=False e2=2)
[22:51:24] t=683 THREAT 0.56 -> force defend
[22:51:24] t=683 MOVE assault x1 -> (137,82); hold_a x1 -> (130,86); hold_b x1 -> (128,73)
[22:51:24] {"kind": "action", "what": "attack_move", "name": null, "qty": null, "tid": null, "ts": "22:51:24"}
[22:51:24] {"kind": "action", "what": "attack_move", "name": null, "qty": null, "tid": null, "ts": "22:51:24"}
[22:51:24] {"kind": "action", "what": "attack_move", "name": null, "qty": null, "tid": null, "ts": "22:51:24"}
[22:51:24] t=685 ALARM enemy approaching -> counter 4 vs 2 -> [118, 81]
[22:51:24] {"kind": "action", "what": "attack_move", "name": null, "qty": null, "tid": null, "ts": "22:51:24"}
[22:51:25] t=685 jev INF E2 HOLD (预算保护 gate=False e2=2)
[22:51:27] t=688 jev INF E2 HOLD (预算保护 gate=False e2=2)
[22:51:27] t=688 jev VEH DRON HOLD (预算保护 cash=350 aav帽=ok aav=0)
[22:51:27] t=688 jev STANCE defend->rush (conf 0.48)
[22:51:29] t=690 jev INF E2 HOLD (预算保护 gate=False e2=2)
[22:51:29] t=690 jev VEH DRON HOLD (预算保护 cash=284 aav帽=ok aav=0)
[22:51:29] t=693 RETREAT E2(23%)
[22:51:29] {"kind": "action", "what": "move", "name": null, "qty": null, "tid": null, "ts": "22:51:29"}
[22:51:31] t=693 jev INF E2 HOLD (预算保护 gate=False e2=2)
[22:51:31] t=693 jev VEH DRON HOLD (预算保护 cash=250 aav帽=ok aav=0)
[22:51:33] t=695 jev BUILD NAHAND HOLD (资金闸门: 坦克优先, cash=250)
[22:51:33] t=695 jev VEH HTNK HOLD (预算保护 cash=250 aav帽=ok aav=0)
[22:51:33] t=695 MOVE assault x2 -> (66,121); hold_a x1 -> (129,85); hold_b x1 -> (129,72)
[22:51:33] {"kind": "action", "what": "attack_move", "name": null, "qty": null, "tid": null, "ts": "22:51:33"}
[22:51:33] {"kind": "action", "what": "attack_move", "name": null, "qty": null, "tid": null, "ts": "22:51:33"}
[22:51:33] {"kind": "action", "what": "attack_move", "name": null, "qty": null, "tid": null, "ts": "22:51:33"}
[22:51:35] t=698 jev BUILD NAHAND HOLD (资金闸门: 坦克优先, cash=250)
[22:51:35] t=698 jev VEH HTNK HOLD (预算保护 cash=250 aav帽=ok aav=0)
[22:51:37] t=700 jev BUILD NAHAND HOLD (资金闸门: 坦克优先, cash=250)
[22:51:37] t=700 jev VEH HTNK HOLD (预算保护 cash=250 aav帽=ok aav=0)
[22:51:37] t=702 ECON harv#7
[22:51:37] {"kind": "action", "what": "produce", "name": "HARV", "qty": 1, "tid": null, "ts": "22:51:37"}
[22:51:38] t=702 jev BUILD NAHAND (conf 0.31)
[22:51:38] {"kind": "action", "what": "produce", "name": "NAHAND", "qty": 1, "tid": null, "ts": "22:51:38"}
[22:51:41] t=707 SCOUT* #1103->[14, 86]
[22:51:41] {"kind": "action", "what": "attack_move", "name": null, "qty": null, "tid": null, "ts": "22:51:41"}
[22:51:46] t=713 MOVE assault x2 -> (66,121)
[22:51:46] {"kind": "action", "what": "attack_move", "name": null, "qty": null, "tid": null, "ts": "22:51:46"}
[22:51:48] t=718 ESCORT 坦克#1301 -> 护航矿车@[125, 104]
[22:51:48] {"kind": "action", "what": "attack_move", "name": null, "qty": null, "tid": null, "ts": "22:51:48"}
[22:51:50] t=718 MOVE guard x1 -> (137,82)
[22:51:50] {"kind": "action", "what": "attack_move", "name": null, "qty": null, "tid": null, "ts": "22:51:50"}
[22:51:59] t=730 jev BUILD NARADR HOLD (资金闸门: 坦克优先, cash=1335)
[22:51:59] t=730 MOVE assault x2 -> (66,121)
[22:51:59] {"kind": "action", "what": "attack_move", "name": null, "qty": null, "tid": null, "ts": "22:51:59"}
[22:51:59] t=730 tick#325 credits=1335 stance=rush | jev 325 decisions p50=1471ms
[22:52:01] t=732 jev BUILD NARADR HOLD (资金闸门: 坦克优先, cash=1276)
[22:52:03] t=735 jev BUILD NARADR HOLD (资金闸门: 坦克优先, cash=1218)
[22:52:04] t=737 jev BUILD NARADR HOLD (资金闸门: 坦克优先, cash=1158)
[22:52:06] t=740 jev BUILD NARADR HOLD (资金闸门: 坦克优先, cash=1098)
[22:52:06] t=740 MOVE assault x2 -> (84,119)
[22:52:06] {"kind": "action", "what": "attack_move", "name": null, "qty": null, "tid": null, "ts": "22:52:06"}
[22:52:07] t=742 ENEMY BASE spotted @[75, 117]
[22:52:08] t=742 jev BUILD NARADR HOLD (资金闸门: 坦克优先, cash=1035)
[22:52:08] t=742 MOVE assault x2 -> 攻击目标#1070@(75,117); hold_a x1 -> (133,86); hold_b x1 -> (126,75)
[22:52:08] {"kind": "action", "what": "attack_obj", "name": null, "qty": null, "tid": 1070, "ts": "22:52:08"}
[22:52:08] {"kind": "action", "what": "attack_move", "name": null, "qty": null, "tid": null, "ts": "22:52:08"}
[22:52:08] {"kind": "action", "what": "attack_move", "name": null, "qty": null, "tid": null, "ts": "22:52:08"}
[22:52:10] t=745 jev BUILD NARADR HOLD (资金闸门: 坦克优先, cash=968)
[22:52:12] t=747 jev BUILD NAWEAP HOLD (资金闸门: 坦克优先, cash=908)
[22:52:12] t=747 MOVE hold_b x1 -> (126,76)
[22:52:12] {"kind": "action", "what": "attack_move", "name": null, "qty": null, "tid": null, "ts": "22:52:12"}
[22:52:14] t=750 jev BUILD NAWEAP HOLD (资金闸门: 坦克优先, cash=845)
[22:52:15] {"kind": "action", "what": "produce", "name": "NAWEAP", "qty": 1, "tid": null, "ts": "22:52:15"}
[22:52:15] t=753 OPENING BUILD NAWEAP
[22:52:18] t=758 ESCORT 坦克#1108 -> 护航矿车@[127, 107]
[22:52:18] {"kind": "action", "what": "attack_move", "name": null, "qty": null, "tid": null, "ts": "22:52:18"}
[22:52:20] t=758 MOVE guard x1 -> (137,82)
[22:52:20] {"kind": "action", "what": "attack_move", "name": null, "qty": null, "tid": null, "ts": "22:52:20"}
[22:52:20] t=760 ECON harv#8
[22:52:20] {"kind": "action", "what": "produce", "name": "HARV", "qty": 1, "tid": null, "ts": "22:52:20"}
[22:52:22] t=760 MOVE assault x2 -> 攻击目标#1070@(75,117)
[22:52:22] {"kind": "action", "what": "attack_obj", "name": null, "qty": null, "tid": 1070, "ts": "22:52:22"}
[22:52:26] t=765 MOVE hold_b x1 -> (126,75)
[22:52:26] {"kind": "action", "what": "attack_move", "name": null, "qty": null, "tid": null, "ts": "22:52:26"}
[22:52:36] t=779 MOVE assault x2 -> 攻击目标#1070@(75,117)
[22:52:36] {"kind": "action", "what": "attack_obj", "name": null, "qty": null, "tid": 1070, "ts": "22:52:36"}
[22:52:47] t=794 MOVE assault x2 -> 攻击目标#1395@(75,114)
[22:52:47] {"kind": "action", "what": "attack_obj", "name": null, "qty": null, "tid": 1395, "ts": "22:52:47"}
[22:52:47] t=794 tick#350 credits=1039 stance=rush | jev 350 decisions p50=1531ms
[22:52:49] t=797 jev INF E2 (conf 0.28)
[22:52:49] {"kind": "action", "what": "produce", "name": "E2", "qty": 1, "tid": null, "ts": "22:52:49"}
[22:52:49] t=799 ESCORT 坦克#1108 -> 护航矿车@[130, 105]
[22:52:49] {"kind": "action", "what": "attack_move", "name": null, "qty": null, "tid": null, "ts": "22:52:49"}
[22:52:51] t=799 MOVE guard x1 -> (137,82)
[22:52:51] {"kind": "action", "what": "attack_move", "name": null, "qty": null, "tid": null, "ts": "22:52:51"}
[22:52:55] t=804 jev INF E2 (conf 0.33)
[22:52:55] t=807 RETREAT HTNK(37%)
[22:52:55] {"kind": "action", "what": "move", "name": null, "qty": null, "tid": null, "ts": "22:52:55"}
[22:52:57] t=807 jev INF E2 (conf 0.28)
[22:52:59] t=810 jev INF E2 (conf 0.30)
[22:53:01] t=812 jev INF E2 (conf 0.28)
[22:53:01] t=812 MOVE assault x2 -> 攻击目标#1395@(75,114)
[22:53:01] {"kind": "action", "what": "attack_obj", "name": null, "qty": null, "tid": 1395, "ts": "22:53:01"}
[22:53:03] t=815 jev INF E2 (conf 0.30)
[22:53:05] t=820 ALARM enemy approaching -> RESCUE 预备队 3 人驰援远端 [109, 84]
[22:53:05] {"kind": "action", "what": "attack_move", "name": null, "qty": null, "tid": null, "ts": "22:53:05"}
[22:53:05] t=820 HARASS DRON x2 (have 0)
[22:53:05] {"kind": "action", "what": "produce", "name": "DRON", "qty": 2, "tid": null, "ts": "22:53:05"}
[22:53:09] t=823 jev INF E2 HOLD (预算保护 gate=False e2=3)
[22:53:11] t=828 AIR-DEFENSE 2nd AA
[22:53:11] {"kind": "action", "what": "produce", "name": "NAFLAK", "qty": 1, "tid": null, "ts": "22:53:11"}
[22:53:13] t=828 jev INF E2 (conf 0.26)
[22:53:13] t=831 ALARM enemy approaching -> 攻势保持（塔阵守家, 前线 3 个单位继续进攻）
[22:53:15] t=831 MOVE assault x2 -> (137,82); t=831 AIR-EVADE assault x2 -> home (坦克打不到空中, 等AA猎杀); hold_a x2 -> (133,86)
[22:53:15] {"kind": "action", "what": "attack_move", "name": null, "qty": null, "tid": null, "ts": "22:53:15"}
[22:53:15] {"kind": "action", "what": "attack_move", "name": null, "qty": null, "tid": null, "ts": "22:53:15"}
[22:53:15] t=834 ALARM unit lost -> 攻势保持（塔阵守家, 前线 3 个单位继续进攻）
[22:53:17] t=834 jev INF E2 (conf 0.29)
[22:53:17] {"kind": "action", "what": "produce", "name": "E2", "qty": 1, "tid": null, "ts": "22:53:17"}
[22:53:17] t=836 ALARM enemy approaching -> 攻势保持（塔阵守家, 前线 4 个单位继续进攻）
[22:53:19] t=836 MOVE raid x1 -> (120,92); t=836 AIR-EVADE assault x1 -> home (坦克打不到空中, 等AA猎杀)
[22:53:19] {"kind": "action", "what": "attack_move", "name": null, "qty": null, "tid": null, "ts": "22:53:19"}
[22:53:19] t=839 ALARM enemy approaching -> RESCUE 预备队 3 人驰援远端 [120, 95]
[22:53:19] {"kind": "action", "what": "attack_move", "name": null, "qty": null, "tid": null, "ts": "22:53:19"}
[22:53:19] t=839 ESCORT 坦克#1108 -> 护航矿车@[128, 105]
[22:53:19] {"kind": "action", "what": "attack_move", "name": null, "qty": null, "tid": null, "ts": "22:53:19"}
[22:53:21] t=839 THREAT 0.59 -> force defend
[22:53:25] t=845 jev BUILD NAWEAP HOLD (资金闸门: 坦克优先, cash=419)
[22:53:27] t=847 jev BUILD NARADR HOLD (资金闸门: 坦克优先, cash=246)
[22:53:27] t=847 jev VEH DRON HOLD (预算保护 cash=246 aav帽=ok aav=0)
[22:53:27] t=850 ALARM enemy approaching -> TURTLE (6 v 8, 守塔阵不打野战)
[22:53:27] {"kind": "action", "what": "attack_move", "name": null, "qty": null, "tid": null, "ts": "22:53:27"}
[22:53:29] t=850 jev BUILD NARADR HOLD (资金闸门: 坦克优先, cash=178)
[22:53:29] t=850 jev VEH DRON HOLD (预算保护 cash=178 aav帽=ok aav=0)
[22:53:31] t=853 jev BUILD NAWEAP HOLD (资金闸门: 坦克优先, cash=111)
[22:53:31] t=853 jev VEH DRON HOLD (预算保护 cash=111 aav帽=ok aav=0)
[22:53:31] t=855 TANK HTNK x1
[22:53:31] {"kind": "action", "what": "produce", "name": "HTNK", "qty": 1, "tid": null, "ts": "22:53:31"}
[22:53:33] t=855 jev BUILD NARADR HOLD (资金闸门: 坦克优先, cash=1169)
[22:53:35] t=858 jev BUILD NARADR HOLD (资金闸门: 坦克优先, cash=971)
[22:53:35] t=861 ALARM enemy approaching -> RESCUE 预备队 3 人驰援远端 [119, 95]
[22:53:35] {"kind": "action", "what": "attack_move", "name": null, "qty": null, "tid": null, "ts": "22:53:35"}
[22:53:37] t=861 jev BUILD NARADR HOLD (资金闸门: 坦克优先, cash=771)
[22:53:37] t=861 tick#375 credits=771 stance=defend | jev 375 decisions p50=1565ms
[22:53:39] t=863 jev BUILD NARADR HOLD (资金闸门: 坦克优先, cash=565)
[22:53:41] t=866 jev BUILD NARADR HOLD (资金闸门: 坦克优先, cash=365)
[22:53:43] t=869 jev BUILD NARADR HOLD (资金闸门: 坦克优先, cash=179)
[22:53:45] t=871 jev BUILD NARADR HOLD (资金闸门: 坦克优先, cash=49)
[22:53:45] t=871 MOVE raid x1 -> (116,101); assault x1 -> (137,82); t=871 AIR-EVADE assault x1 -> home (坦克打不到空中, 等AA猎杀); hold_b x1 -> (126,75); guard x1 -> (137,82)
[22:53:45] {"kind": "action", "what": "attack_move", "name": null, "qty": null, "tid": null, "ts": "22:53:45"}
[22:53:45] {"kind": "action", "what": "attack_move", "name": null, "qty": null, "tid": null, "ts": "22:53:45"}
[22:53:45] {"kind": "action", "what": "attack_move", "name": null, "qty": null, "tid": null, "ts": "22:53:45"}
[22:53:45] {"kind": "action", "what": "attack_move", "name": null, "qty": null, "tid": null, "ts": "22:53:45"}
[22:53:47] t=874 jev BUILD NARADR HOLD (资金闸门: 坦克优先, cash=0)
[22:53:47] t=874 MOVE raid x1 -> (114,103); t=874 AIR-EVADE assault x1 -> home (坦克打不到空中, 等AA猎杀)
[22:53:47] {"kind": "action", "what": "attack_move", "name": null, "qty": null, "tid": null, "ts": "22:53:47"}
[22:53:48] t=877 ALARM enemy approaching -> RESCUE 预备队 3 人驰援远端 [109, 85]
[22:53:48] {"kind": "action", "what": "attack_move", "name": null, "qty": null, "tid": null, "ts": "22:53:48"}
[22:53:49] t=877 jev BUILD NARADR HOLD (资金闸门: 坦克优先, cash=1085)
[22:53:50] t=880 HARASS DRON x2 (have 1)
[22:53:50] t=880 ESCORT 坦克#1464 -> 护航矿车@[130, 108]
[22:53:50] t=880 RETREAT HTNK(39%)
[22:53:50] {"kind": "action", "what": "produce", "name": "DRON", "qty": 2, "tid": null, "ts": "22:53:50"}
[22:53:50] {"kind": "action", "what": "attack_move", "name": null, "qty": null, "tid": null, "ts": "22:53:50"}
[22:53:50] {"kind": "action", "what": "move", "name": null, "qty": null, "tid": null, "ts": "22:53:50"}
[22:53:51] t=880 jev BUILD NARADR HOLD (资金闸门: 坦克优先, cash=1070)
[22:53:53] t=882 jev BUILD NARADR HOLD (资金闸门: 坦克优先, cash=919)
[22:53:55] t=885 jev BUILD NARADR HOLD (资金闸门: 坦克优先, cash=767)
[22:53:56] t=888 ALARM enemy approaching -> RESCUE 预备队 3 人驰援远端 [114, 85]
[22:53:56] {"kind": "action", "what": "attack_move", "name": null, "qty": null, "tid": null, "ts": "22:53:56"}
[22:53:57] t=888 jev BUILD NARADR HOLD (资金闸门: 坦克优先, cash=622)
[22:53:57] t=888 ATTACK (tanks=6)
[22:53:59] t=890 jev BUILD NAWEAP HOLD (资金闸门: 坦克优先, cash=474)
[22:54:01] t=893 jev BUILD NARADR HOLD (资金闸门: 坦克优先, cash=326)
[22:54:03] t=896 jev BUILD NARADR HOLD (资金闸门: 坦克优先, cash=270)
[22:54:03] t=896 jev VEH HTK HOLD (预算保护 cash=270 aav帽=ok aav=0)
[22:54:05] t=898 jev BUILD NARADR HOLD (资金闸门: 坦克优先, cash=270)
[22:54:05] t=898 jev VEH HTK HOLD (预算保护 cash=270 aav帽=ok aav=0)
[22:54:05] t=898 MOVE raid x3 -> (71,114); assault x2 -> (137,82); t=898 AIR-EVADE assault x2 -> home (坦克打不到空中, 等AA猎杀)
[22:54:05] {"kind": "action", "what": "attack_move", "name": null, "qty": null, "tid": null, "ts": "22:54:05"}
[22:54:05] {"kind": "action", "what": "attack_move", "name": null, "qty": null, "tid": null, "ts": "22:54:05"}
[22:54:06] t=901 ALARM unit lost -> 攻势保持（塔阵守家, 前线 7 个单位继续进攻）
[22:54:07] t=901 jev BUILD NARADR HOLD (资金闸门: 坦克优先, cash=270)
[22:54:07] t=901 jev VEH HTK HOLD (预算保护 cash=270 aav帽=ok aav=0)
[22:54:08] t=903 ALARM enemy approaching -> 攻势保持（塔阵守家, 前线 7 个单位继续进攻）
[22:54:09] t=903 jev BUILD NARADR HOLD (资金闸门: 坦克优先, cash=270)
[22:54:09] t=903 jev VEH HTK HOLD (预算保护 cash=270 aav帽=ok aav=0)
[22:54:09] t=903 THREAT 0.57 -> force defend
[22:54:09] t=903 ATTACK (tanks=6)
[22:54:10] t=906 ALARM unit lost -> 攻势保持（塔阵守家, 前线 6 个单位继续进攻）
[22:54:11] t=906 jev BUILD NARADR HOLD (资金闸门: 坦克优先, cash=270)
[22:54:11] t=906 jev VEH HTK HOLD (预算保护 cash=270 aav帽=ok aav=0)
[22:54:11] t=906 THREAT 0.58 -> force defend
[22:54:11] t=909 ALARM enemy approaching -> TURTLE (6 v 7, 守塔阵不打野战)
[22:54:12] {"kind": "action", "what": "attack_move", "name": null, "qty": null, "tid": null, "ts": "22:54:12"}
[22:54:13] t=909 jev BUILD NARADR HOLD (资金闸门: 坦克优先, cash=270)
[22:54:13] t=909 jev VEH HTK HOLD (预算保护 cash=270 aav帽=ok aav=0)
[22:54:15] t=911 jev BUILD NAWEAP HOLD (资金闸门: 坦克优先, cash=270)
[22:54:15] t=911 jev VEH HTK HOLD (预算保护 cash=270 aav帽=ok aav=0)
[22:54:17] t=914 jev BUILD NARADR HOLD (资金闸门: 坦克优先, cash=270)
[22:54:17] t=914 jev VEH HTK HOLD (预算保护 cash=270 aav帽=ok aav=0)
[22:54:19] t=916 jev BUILD NARADR HOLD (资金闸门: 坦克优先, cash=270)
[22:54:19] t=916 jev VEH HARV HOLD (预算保护 cash=270 aav帽=ok aav=0)
[22:54:21] t=919 jev BUILD NARADR HOLD (资金闸门: 坦克优先, cash=270)
[22:54:21] t=919 jev VEH HARV HOLD (预算保护 cash=270 aav帽=ok aav=0)
[22:54:21] t=919 MOVE assault x1 -> 攻击目标#1395@(75,114); hold_a x2 -> (133,86); guard x1 -> (137,82)
[22:54:21] {"kind": "action", "what": "attack_obj", "name": null, "qty": null, "tid": 1395, "ts": "22:54:21"}
[22:54:21] {"kind": "action", "what": "attack_move", "name": null, "qty": null, "tid": null, "ts": "22:54:21"}
[22:54:21] {"kind": "action", "what": "attack_move", "name": null, "qty": null, "tid": null, "ts": "22:54:21"}
[22:54:21] t=922 ESCORT 坦克#1464 -> 护航矿车@[129, 109]
[22:54:21] {"kind": "action", "what": "attack_move", "name": null, "qty": null, "tid": null, "ts": "22:54:21"}
[22:54:23] t=922 jev BUILD NARADR HOLD (资金闸门: 坦克优先, cash=270)
[22:54:23] t=922 jev VEH HARV HOLD (预算保护 cash=270 aav帽=ok aav=0)
[22:54:23] t=924 TANK HTNK x2
[22:54:23] {"kind": "action", "what": "produce", "name": "HTNK", "qty": 2, "tid": null, "ts": "22:54:23"}
[22:54:25] t=924 jev BUILD NARADR HOLD (资金闸门: 坦克优先, cash=1395)
[22:54:26] t=927 jev BUILD NAWEAP HOLD (资金闸门: 坦克优先, cash=1272)
[22:54:26] t=927 tick#400 credits=1272 stance=defend | jev 400 decisions p50=1573ms
[22:54:28] t=929 jev BUILD NARADR HOLD (资金闸门: 坦克优先, cash=1149)
[22:54:28] t=929 MOVE raid x2 -> (78,121)
[22:54:28] {"kind": "action", "what": "attack_move", "name": null, "qty": null, "tid": null, "ts": "22:54:28"}
[22:54:29] {"kind": "action", "what": "produce", "name": "NAWEAP", "qty": 1, "tid": null, "ts": "22:54:29"}
[22:54:29] t=932 OPENING BUILD NAWEAP
[22:54:32] t=934 MOVE raid x2 -> (78,120)
[22:54:32] {"kind": "action", "what": "attack_move", "name": null, "qty": null, "tid": null, "ts": "22:54:32"}
[22:54:34] t=937 MOVE raid x2 -> (78,117); assault x1 -> 攻击目标#1395@(75,114)
[22:54:34] {"kind": "action", "what": "attack_move", "name": null, "qty": null, "tid": null, "ts": "22:54:34"}
[22:54:34] {"kind": "action", "what": "attack_obj", "name": null, "qty": null, "tid": 1395, "ts": "22:54:34"}
[22:54:36] t=939 MOVE raid x2 -> (78,114)
[22:54:36] {"kind": "action", "what": "attack_move", "name": null, "qty": null, "tid": null, "ts": "22:54:36"}
[22:54:38] t=942 MOVE raid x2 -> (77,111)
[22:54:38] {"kind": "action", "what": "attack_move", "name": null, "qty": null, "tid": null, "ts": "22:54:38"}
[22:54:40] t=944 ATTACK (tanks=6)
[22:54:40] t=944 MOVE raid x2 -> (76,109)
[22:54:40] {"kind": "action", "what": "attack_move", "name": null, "qty": null, "tid": null, "ts": "22:54:40"}
[22:54:42] t=947 MOVE raid x2 -> (90,116)
[22:54:42] {"kind": "action", "what": "attack_move", "name": null, "qty": null, "tid": null, "ts": "22:54:42"}
[22:54:44] t=950 MOVE raid x2 -> (90,114)
[22:54:44] {"kind": "action", "what": "attack_move", "name": null, "qty": null, "tid": null, "ts": "22:54:44"}
[22:54:46] t=952 MOVE raid x2 -> (90,111); hold_b x1 -> (126,75)
[22:54:46] {"kind": "action", "what": "attack_move", "name": null, "qty": null, "tid": null, "ts": "22:54:46"}
[22:54:46] {"kind": "action", "what": "attack_move", "name": null, "qty": null, "tid": null, "ts": "22:54:46"}
[22:54:46] t=955 ALARM unit lost -> 攻势保持（塔阵守家, 前线 6 个单位继续进攻）
[22:54:48] t=955 MOVE raid x1 -> (90,108); assault x2 -> 攻击目标#1395@(75,114)
[22:54:48] {"kind": "action", "what": "attack_move", "name": null, "qty": null, "tid": null, "ts": "22:54:48"}
[22:54:48] {"kind": "action", "what": "attack_obj", "name": null, "qty": null, "tid": 1395, "ts": "22:54:48"}
[22:54:50] t=958 MOVE raid x1 -> (90,107)
[22:54:50] {"kind": "action", "what": "attack_move", "name": null, "qty": null, "tid": null, "ts": "22:54:50"}
[22:54:50] t=960 HARASS DRON x2 (have 1)
[22:54:50] t=960 TANK HTNK x1
[22:54:50] {"kind": "action", "what": "produce", "name": "DRON", "qty": 2, "tid": null, "ts": "22:54:50"}
[22:54:50] {"kind": "action", "what": "produce", "name": "HTNK", "qty": 1, "tid": null, "ts": "22:54:50"}
[22:54:52] t=960 MOVE raid x2 -> (89,106); guard x1 -> (137,82)
[22:54:52] {"kind": "action", "what": "attack_move", "name": null, "qty": null, "tid": null, "ts": "22:54:52"}
[22:54:52] {"kind": "action", "what": "attack_move", "name": null, "qty": null, "tid": null, "ts": "22:54:52"}
[22:54:52] t=963 ESCORT 坦克#1581 -> 护航矿车@[128, 105]
[22:54:52] {"kind": "action", "what": "attack_move", "name": null, "qty": null, "tid": null, "ts": "22:54:52"}
[22:54:54] t=963 MOVE raid x2 -> (91,105)
[22:54:54] {"kind": "action", "what": "attack_move", "name": null, "qty": null, "tid": null, "ts": "22:54:54"}
[22:54:54] t=966 ALARM unit lost -> 攻势保持（塔阵守家, 前线 7 个单位继续进攻）
[22:54:58] t=969 jev INF E2 (conf 0.24)
[22:54:58] {"kind": "action", "what": "produce", "name": "E2", "qty": 1, "tid": null, "ts": "22:54:58"}
[22:54:58] t=969 MOVE raid x2 -> (95,102)
[22:54:58] {"kind": "action", "what": "attack_move", "name": null, "qty": null, "tid": null, "ts": "22:54:58"}
[22:55:00] t=971 MOVE raid x2 -> (98,102); assault x2 -> 攻击目标#1395@(75,114)
[22:55:00] {"kind": "action", "what": "attack_move", "name": null, "qty": null, "tid": null, "ts": "22:55:00"}
[22:55:00] {"kind": "action", "what": "attack_obj", "name": null, "qty": null, "tid": 1395, "ts": "22:55:00"}
[22:55:02] t=974 MOVE raid x2 -> (100,101)
[22:55:02] {"kind": "action", "what": "attack_move", "name": null, "qty": null, "tid": null, "ts": "22:55:02"}
[22:55:04] t=977 MOVE raid x2 -> (102,99)
[22:55:04] {"kind": "action", "what": "attack_move", "name": null, "qty": null, "tid": null, "ts": "22:55:04"}
[22:55:06] t=979 MOVE raid x2 -> (104,97)
[22:55:06] {"kind": "action", "what": "attack_move", "name": null, "qty": null, "tid": null, "ts": "22:55:06"}
[22:55:08] t=982 MOVE raid x2 -> (104,94)
[22:55:08] {"kind": "action", "what": "attack_move", "name": null, "qty": null, "tid": null, "ts": "22:55:08"}
[22:55:10] t=984 MOVE raid x2 -> (104,91)
[22:55:10] {"kind": "action", "what": "attack_move", "name": null, "qty": null, "tid": null, "ts": "22:55:10"}
[22:55:12] t=987 MOVE raid x2 -> (105,88)
[22:55:12] {"kind": "action", "what": "attack_move", "name": null, "qty": null, "tid": null, "ts": "22:55:12"}
[22:55:14] t=990 MOVE raid x2 -> (106,87); assault x3 -> 攻击目标#1395@(75,114)
[22:55:14] {"kind": "action", "what": "attack_move", "name": null, "qty": null, "tid": null, "ts": "22:55:14"}
[22:55:14] {"kind": "action", "what": "attack_obj", "name": null, "qty": null, "tid": 1395, "ts": "22:55:14"}
[22:55:14] t=992 RETREAT DRON(24%)
[22:55:14] {"kind": "action", "what": "move", "name": null, "qty": null, "tid": null, "ts": "22:55:14"}
[22:55:16] t=992 MOVE raid x3 -> (108,85)
[22:55:16] {"kind": "action", "what": "attack_move", "name": null, "qty": null, "tid": null, "ts": "22:55:16"}
[22:55:16] t=992 tick#425 credits=0 stance=attack | jev 425 decisions p50=1591ms
[22:55:16] t=995 RETREAT E2(10%)
[22:55:16] {"kind": "action", "what": "move", "name": null, "qty": null, "tid": null, "ts": "22:55:16"}
[22:55:22] t=1000 MOVE raid x3 -> (108,84); hold_a x2 -> (133,86)
[22:55:22] {"kind": "action", "what": "attack_move", "name": null, "qty": null, "tid": null, "ts": "22:55:22"}
[22:55:22] {"kind": "action", "what": "attack_move", "name": null, "qty": null, "tid": null, "ts": "22:55:22"}
[22:55:23] t=1002 MOVE raid x3 -> (71,114); guard x1 -> (137,82)
[22:55:24] {"kind": "action", "what": "attack_move", "name": null, "qty": null, "tid": null, "ts": "22:55:24"}
[22:55:24] {"kind": "action", "what": "attack_move", "name": null, "qty": null, "tid": null, "ts": "22:55:24"}
[22:55:27] t=1008 MOVE assault x3 -> 攻击目标#1395@(75,114)
[22:55:27] {"kind": "action", "what": "attack_obj", "name": null, "qty": null, "tid": 1395, "ts": "22:55:27"}
[22:55:35] t=1020 ALARM unit lost -> 攻势保持（塔阵守家, 前线 9 个单位继续进攻）
[22:55:38] t=1022 jev VEH HARV HOLD (预算保护 cash=741 aav帽=ok aav=0)
[22:55:40] t=1024 jev VEH HARV HOLD (预算保护 cash=681 aav帽=ok aav=0)
[22:55:40] t=1024 MOVE assault x3 -> 攻击目标#1395@(75,114)
[22:55:40] {"kind": "action", "what": "attack_obj", "name": null, "qty": null, "tid": 1395, "ts": "22:55:40"}
[22:55:42] t=1027 jev VEH HARV HOLD (预算保护 cash=622 aav帽=ok aav=0)
[22:55:42] t=1029 ALARM unit lost -> 攻势保持（塔阵守家, 前线 7 个单位继续进攻）
[22:55:43] t=1029 jev VEH HARV HOLD (预算保护 cash=565 aav帽=ok aav=0)
[22:55:44] t=1032 ESCORT 坦克#1585 -> 护航矿车@[122, 101]
[22:55:44] {"kind": "action", "what": "attack_move", "name": null, "qty": null, "tid": null, "ts": "22:55:44"}
[22:55:45] t=1032 jev VEH HARV HOLD (预算保护 cash=507 aav帽=ok aav=0)
[22:55:46] t=1034 ALARM unit lost -> 攻势保持（塔阵守家, 前线 7 个单位继续进攻）
[22:55:47] t=1034 jev VEH HARV HOLD (预算保护 cash=448 aav帽=ok aav=0)
[22:55:47] t=1034 MOVE hold_b x2 -> (126,75)
[22:55:47] {"kind": "action", "what": "attack_move", "name": null, "qty": null, "tid": null, "ts": "22:55:47"}
[22:55:49] t=1036 jev VEH HARV HOLD (预算保护 cash=390 aav帽=ok aav=0)
[22:55:51] t=1039 jev VEH HARV HOLD (预算保护 cash=332 aav帽=ok aav=0)
[22:55:52] t=1041 jev VEH HARV HOLD (预算保护 cash=276 aav帽=ok aav=0)
[22:55:52] t=1041 MOVE assault x2 -> 攻击目标#1395@(75,114)
[22:55:53] {"kind": "action", "what": "attack_obj", "name": null, "qty": null, "tid": 1395, "ts": "22:55:53"}
[22:55:54] t=1044 jev VEH HARV HOLD (预算保护 cash=230 aav帽=ok aav=0)
[22:55:54] t=1044 MOVE raid x2 -> (71,114); guard x1 -> (137,82)
[22:55:54] {"kind": "action", "what": "attack_move", "name": null, "qty": null, "tid": null, "ts": "22:55:54"}
[22:55:54] {"kind": "action", "what": "attack_move", "name": null, "qty": null, "tid": null, "ts": "22:55:54"}
[22:55:56] t=1046 jev VEH HARV HOLD (预算保护 cash=230 aav帽=ok aav=0)
[22:55:58] t=1049 jev VEH HARV HOLD (预算保护 cash=230 aav帽=ok aav=0)
[22:56:00] t=1051 jev VEH DRON HOLD (预算保护 cash=230 aav帽=ok aav=0)
[22:56:00] t=1051 MOVE raid x2 -> (78,121)
[22:56:00] {"kind": "action", "what": "attack_move", "name": null, "qty": null, "tid": null, "ts": "22:56:00"}
[22:56:02] t=1053 jev VEH DRON HOLD (预算保护 cash=230 aav帽=ok aav=0)
[22:56:02] t=1053 tick#450 credits=230 stance=attack | jev 450 decisions p50=1593ms
[22:56:04] t=1056 jev VEH DRON HOLD (预算保护 cash=230 aav帽=ok aav=0)
[22:56:04] t=1056 MOVE raid x2 -> (78,119)
[22:56:04] {"kind": "action", "what": "attack_move", "name": null, "qty": null, "tid": null, "ts": "22:56:04"}
[22:56:05] t=1058 jev VEH DRON HOLD (预算保护 cash=230 aav帽=ok aav=0)
[22:56:05] t=1058 MOVE raid x2 -> (78,116); assault x2 -> 攻击目标#1395@(75,114)
[22:56:06] {"kind": "action", "what": "attack_move", "name": null, "qty": null, "tid": null, "ts": "22:56:06"}
[22:56:06] {"kind": "action", "what": "attack_obj", "name": null, "qty": null, "tid": 1395, "ts": "22:56:06"}
[22:56:07] t=1061 jev VEH DRON HOLD (预算保护 cash=230 aav帽=ok aav=0)
[22:56:07] t=1061 MOVE raid x2 -> (78,113)
[22:56:07] {"kind": "action", "what": "attack_move", "name": null, "qty": null, "tid": null, "ts": "22:56:07"}
[22:56:09] t=1064 jev VEH HARV HOLD (预算保护 cash=230 aav帽=ok aav=0)
[22:56:09] t=1064 MOVE raid x2 -> (78,110)
[22:56:09] {"kind": "action", "what": "attack_move", "name": null, "qty": null, "tid": null, "ts": "22:56:09"}
[22:56:11] t=1066 jev VEH HARV HOLD (预算保护 cash=230 aav帽=ok aav=0)
[22:56:11] t=1066 MOVE raid x2 -> (77,108)
[22:56:11] {"kind": "action", "what": "attack_move", "name": null, "qty": null, "tid": null, "ts": "22:56:11"}
[22:56:13] t=1069 jev VEH HARV HOLD (预算保护 cash=230 aav帽=ok aav=0)
[22:56:13] t=1069 MOVE raid x2 -> (75,106)
[22:56:13] {"kind": "action", "what": "attack_move", "name": null, "qty": null, "tid": null, "ts": "22:56:13"}
[22:56:15] t=1071 jev VEH HARV HOLD (预算保护 cash=230 aav帽=ok aav=0)
[22:56:15] t=1071 MOVE raid x2 -> (75,103)
[22:56:15] {"kind": "action", "what": "attack_move", "name": null, "qty": null, "tid": null, "ts": "22:56:15"}
[22:56:16] t=1074 ESCORT 坦克#1585 -> 护航矿车@[120, 132]
[22:56:16] {"kind": "action", "what": "attack_move", "name": null, "qty": null, "tid": null, "ts": "22:56:16"}
[22:56:17] t=1074 jev VEH HARV HOLD (预算保护 cash=230 aav帽=ok aav=0)
[22:56:17] t=1074 MOVE raid x2 -> (70,117)
[22:56:17] {"kind": "action", "what": "attack_move", "name": null, "qty": null, "tid": null, "ts": "22:56:17"}
[22:56:18] t=1077 RETREAT HTNK(39%)
[22:56:18] {"kind": "action", "what": "move", "name": null, "qty": null, "tid": null, "ts": "22:56:18"}
[22:56:19] t=1077 jev VEH HARV HOLD (预算保护 cash=230 aav帽=ok aav=0)
[22:56:19] t=1077 MOVE assault x2 -> 攻击目标#1395@(75,114)
[22:56:19] {"kind": "action", "what": "attack_obj", "name": null, "qty": null, "tid": 1395, "ts": "22:56:19"}
[22:56:20] t=1079 POWER plant (reserve 52)
[22:56:20] t=1079 AA HTK x2 (enemy air, alive 0)
[22:56:20] {"kind": "action", "what": "produce", "name": "NAPOWR", "qty": 1, "tid": null, "ts": "22:56:20"}
[22:56:20] {"kind": "action", "what": "produce", "name": "HTK", "qty": 2, "tid": null, "ts": "22:56:20"}
[22:56:21] t=1079 MOVE raid x2 -> (78,121)
[22:56:21] {"kind": "action", "what": "attack_move", "name": null, "qty": null, "tid": null, "ts": "22:56:21"}
[22:56:23] t=1082 MOVE hold_a x2 -> (133,86)
[22:56:23] {"kind": "action", "what": "attack_move", "name": null, "qty": null, "tid": null, "ts": "22:56:23"}
[22:56:24] t=1085 ALARM unit lost -> 攻势保持（塔阵守家, 前线 8 个单位继续进攻）
[22:56:25] t=1085 MOVE guard x1 -> (137,82); aahunt x1 -> 攻击目标#1597@(78,108)
[22:56:25] {"kind": "action", "what": "attack_move", "name": null, "qty": null, "tid": null, "ts": "22:56:25"}
[22:56:25] {"kind": "action", "what": "attack_obj", "name": null, "qty": null, "tid": 1597, "ts": "22:56:25"}
[22:56:27] t=1087 jev VEH HTK HOLD (预算保护 cash=131 aav帽=ok aav=2)
[22:56:29] t=1090 jev VEH HTK HOLD (预算保护 cash=57 aav帽=ok aav=2)
[22:56:29] t=1090 MOVE assault x3 -> (137,82); t=1090 AIR-EVADE assault x3 -> home (坦克打不到空中, 等AA猎杀)
[22:56:29] {"kind": "action", "what": "attack_move", "name": null, "qty": null, "tid": null, "ts": "22:56:29"}
[22:56:31] t=1093 jev VEH HTK HOLD (预算保护 cash=0 aav帽=ok aav=2)
[22:56:33] t=1096 jev VEH HTK HOLD (预算保护 cash=0 aav帽=ok aav=2)
[22:56:35] t=1098 jev VEH HTK HOLD (预算保护 cash=0 aav帽=ok aav=2)
[22:56:37] t=1101 jev VEH HTK HOLD (预算保护 cash=0 aav帽=ok aav=2)
[22:56:37] t=1101 MOVE t=1101 AIR-EVADE assault x3 -> home (坦克打不到空中, 等AA猎杀); aahunt x2 -> 攻击目标#1597@(78,108)
[22:56:37] {"kind": "action", "what": "attack_obj", "name": null, "qty": null, "tid": 1597, "ts": "22:56:37"}
[22:56:39] t=1103 jev VEH HTK HOLD (预算保护 cash=0 aav帽=ok aav=2)
[22:56:41] t=1106 jev VEH HTK HOLD (预算保护 cash=0 aav帽=ok aav=2)
[22:56:42] t=1109 RETREAT HTNK(30%)
[22:56:42] {"kind": "action", "what": "move", "name": null, "qty": null, "tid": null, "ts": "22:56:42"}
[22:56:43] t=1109 jev VEH HTK HOLD (预算保护 cash=0 aav帽=ok aav=2)
[22:56:43] t=1109 MOVE assault x3 -> (137,82); t=1109 AIR-EVADE assault x3 -> home (坦克打不到空中, 等AA猎杀)
[22:56:43] {"kind": "action", "what": "attack_move", "name": null, "qty": null, "tid": null, "ts": "22:56:43"}
[22:56:45] t=1112 jev VEH HTK HOLD (预算保护 cash=0 aav帽=ok aav=2)
[22:56:46] t=1114 ALARM unit lost -> 攻势保持（塔阵守家, 前线 7 个单位继续进攻）
[22:56:46] t=1114 ESCORT 坦克#1619 -> 护航矿车@[117, 133]
[22:56:46] {"kind": "action", "what": "attack_move", "name": null, "qty": null, "tid": null, "ts": "22:56:46"}
[22:56:47] t=1114 jev VEH HTK HOLD (预算保护 cash=0 aav帽=ok aav=2)
[22:56:47] t=1114 MOVE t=1114 AIR-EVADE assault x2 -> home (坦克打不到空中, 等AA猎杀); hold_b x2 -> (126,75)
[22:56:47] {"kind": "action", "what": "attack_move", "name": null, "qty": null, "tid": null, "ts": "22:56:47"}
[22:56:49] t=1117 jev VEH HTK HOLD (预算保护 cash=0 aav帽=ok aav=2)
[22:56:49] t=1117 MOVE t=1117 AIR-EVADE assault x2 -> home (坦克打不到空中, 等AA猎杀); aahunt x2 -> 攻击目标#1597@(78,108)
[22:56:50] {"kind": "action", "what": "attack_obj", "name": null, "qty": null, "tid": 1597, "ts": "22:56:50"}
[22:56:51] t=1120 jev VEH HTK HOLD (预算保护 cash=0 aav帽=ok aav=2)
[22:56:51] t=1120 tick#475 credits=0 stance=attack | jev 475 decisions p50=1601ms
[22:56:53] t=1122 jev VEH HTK HOLD (预算保护 cash=0 aav帽=ok aav=2)
[22:56:55] t=1125 jev VEH DRON HOLD (预算保护 cash=0 aav帽=ok aav=2)
[22:56:55] t=1125 MOVE assault x2 -> (137,82); t=1125 AIR-EVADE assault x2 -> home (坦克打不到空中, 等AA猎杀); guard x1 -> (137,82)
[22:56:56] {"kind": "action", "what": "attack_move", "name": null, "qty": null, "tid": null, "ts": "22:56:56"}
[22:56:56] {"kind": "action", "what": "attack_move", "name": null, "qty": null, "tid": null, "ts": "22:56:56"}
[22:56:58] t=1128 jev VEH DRON HOLD (预算保护 cash=0 aav帽=ok aav=2)
[22:56:58] t=1128 MOVE assault x2 -> 攻击目标#1395@(75,114)
[22:56:58] {"kind": "action", "what": "attack_obj", "name": null, "qty": null, "tid": 1395, "ts": "22:56:58"}
[22:57:00] t=1130 jev VEH DRON HOLD (预算保护 cash=0 aav帽=ok aav=2)
[22:57:02] t=1133 jev VEH DRON HOLD (预算保护 cash=0 aav帽=ok aav=2)
[22:57:02] t=1133 MOVE aahunt x2 -> 攻击目标#1597@(78,108)
[22:57:02] {"kind": "action", "what": "attack_obj", "name": null, "qty": null, "tid": 1597, "ts": "22:57:02"}
[22:57:04] t=1136 jev VEH DRON HOLD (预算保护 cash=0 aav帽=ok aav=2)
[22:57:04] t=1136 MOVE assault x2 -> (137,82); t=1136 AIR-EVADE assault x2 -> home (坦克打不到空中, 等AA猎杀)
[22:57:04] {"kind": "action", "what": "attack_move", "name": null, "qty": null, "tid": null, "ts": "22:57:04"}
[22:57:06] t=1138 jev VEH HTK HOLD (预算保护 cash=0 aav帽=ok aav=2)
[22:57:07] t=1141 jev VEH HTK HOLD (预算保护 cash=0 aav帽=ok aav=2)
[22:57:09] t=1144 jev VEH HTK HOLD (预算保护 cash=0 aav帽=ok aav=2)
[22:57:11] t=1146 jev VEH HTK HOLD (预算保护 cash=0 aav帽=ok aav=2)
[22:57:13] t=1149 jev VEH HTK HOLD (预算保护 cash=0 aav帽=ok aav=2)
[22:57:15] t=1151 jev VEH HTK HOLD (预算保护 cash=0 aav帽=ok aav=2)
[22:57:15] t=1151 MOVE t=1151 AIR-EVADE assault x2 -> home (坦克打不到空中, 等AA猎杀); aahunt x2 -> 攻击目标#1597@(78,108)
[22:57:15] {"kind": "action", "what": "attack_obj", "name": null, "qty": null, "tid": 1597, "ts": "22:57:15"}
[22:57:16] t=1154 RETREAT HTNK(32%)
[22:57:16] {"kind": "action", "what": "move", "name": null, "qty": null, "tid": null, "ts": "22:57:16"}
[22:57:17] t=1154 jev VEH HTK HOLD (预算保护 cash=0 aav帽=ok aav=2)
[22:57:17] t=1154 MOVE assault x2 -> (137,82); t=1154 AIR-EVADE assault x2 -> home (坦克打不到空中, 等AA猎杀)
[22:57:17] {"kind": "action", "what": "attack_move", "name": null, "qty": null, "tid": null, "ts": "22:57:17"}
[22:57:18] t=1157 ESCORT 坦克#1581 -> 护航矿车@[120, 108]
[22:57:18] {"kind": "action", "what": "attack_move", "name": null, "qty": null, "tid": null, "ts": "22:57:18"}
[22:57:19] t=1157 jev VEH HTK HOLD (预算保护 cash=0 aav帽=ok aav=2)
[22:57:21] t=1159 jev VEH HTK HOLD (预算保护 cash=0 aav帽=ok aav=2)
[22:57:23] t=1162 jev VEH HTK HOLD (预算保护 cash=0 aav帽=ok aav=2)
[22:57:23] t=1162 MOVE t=1162 AIR-EVADE assault x2 -> home (坦克打不到空中, 等AA猎杀); aahunt x2 -> 攻击目标#1522@(77,109)
[22:57:23] {"kind": "action", "what": "attack_obj", "name": null, "qty": null, "tid": 1522, "ts": "22:57:23"}
[22:57:25] t=1165 jev VEH HTK HOLD (预算保护 cash=0 aav帽=ok aav=2)
[22:57:25] t=1165 MOVE t=1165 AIR-EVADE assault x2 -> home (坦克打不到空中, 等AA猎杀); hold_a x2 -> (133,86)
[22:57:25] {"kind": "action", "what": "attack_move", "name": null, "qty": null, "tid": null, "ts": "22:57:25"}
[22:57:27] t=1167 jev VEH HARV HOLD (预算保护 cash=0 aav帽=ok aav=2)
[22:57:27] t=1167 MOVE t=1167 AIR-EVADE assault x2 -> home (坦克打不到空中, 等AA猎杀); guard x1 -> (137,82); aahunt x2 -> 攻击目标#1582@(76,109)
[22:57:27] {"kind": "action", "what": "attack_move", "name": null, "qty": null, "tid": null, "ts": "22:57:27"}
[22:57:27] {"kind": "action", "what": "attack_obj", "name": null, "qty": null, "tid": 1582, "ts": "22:57:27"}
[22:57:29] t=1170 jev VEH HARV HOLD (预算保护 cash=0 aav帽=ok aav=2)
[22:57:31] t=1172 jev VEH HTK HOLD (预算保护 cash=0 aav帽=ok aav=2)
[22:57:31] t=1172 MOVE assault x2 -> 攻击目标#1395@(75,114)
[22:57:31] {"kind": "action", "what": "attack_obj", "name": null, "qty": null, "tid": 1395, "ts": "22:57:31"}
[22:57:33] t=1175 jev VEH HARV HOLD (预算保护 cash=0 aav帽=ok aav=2)
[22:57:33] t=1175 MOVE aahunt x2 -> 攻击目标#1641@(72,116)
[22:57:33] {"kind": "action", "what": "attack_obj", "name": null, "qty": null, "tid": 1641, "ts": "22:57:33"}
[22:57:35] t=1178 jev VEH HARV HOLD (预算保护 cash=0 aav帽=ok aav=2)
[22:57:37] t=1180 jev VEH DRON HOLD (预算保护 cash=0 aav帽=ok aav=2)
[22:57:37] t=1183 RETREAT HTK(27%)
[22:57:37] {"kind": "action", "what": "move", "name": null, "qty": null, "tid": null, "ts": "22:57:37"}
[22:57:39] t=1183 jev VEH HARV HOLD (预算保护 cash=0 aav帽=ok aav=2)
[22:57:41] t=1186 jev VEH DRON HOLD (预算保护 cash=0 aav帽=ok aav=2)
[22:57:41] t=1186 tick#500 credits=0 stance=attack | jev 500 decisions p50=1621ms
[22:57:43] t=1188 jev VEH HARV HOLD (预算保护 cash=0 aav帽=ok aav=2)
[22:57:45] t=1191 jev VEH HARV HOLD (预算保护 cash=0 aav帽=ok aav=2)
[22:57:45] t=1191 MOVE assault x2 -> (137,82); t=1191 AIR-EVADE assault x2 -> home (坦克打不到空中, 等AA猎杀)
[22:57:45] {"kind": "action", "what": "attack_move", "name": null, "qty": null, "tid": null, "ts": "22:57:45"}
[22:57:47] t=1193 jev VEH HARV HOLD (预算保护 cash=0 aav帽=ok aav=2)
[22:57:47] t=1193 MOVE t=1193 AIR-EVADE assault x2 -> home (坦克打不到空中, 等AA猎杀); aahunt x2 -> 攻击目标#1641@(72,116)
[22:57:47] {"kind": "action", "what": "attack_obj", "name": null, "qty": null, "tid": 1641, "ts": "22:57:47"}
[22:57:47] t=1196 RETREAT HTK(26%)
[22:57:47] {"kind": "action", "what": "move", "name": null, "qty": null, "tid": null, "ts": "22:57:47"}
[22:57:49] t=1196 jev VEH HARV HOLD (预算保护 cash=0 aav帽=ok aav=2)
[22:57:49] t=1196 MOVE assault x2 -> 攻击目标#1395@(75,114); hold_b x2 -> (126,75); aahunt x2 -> (125,84)
[22:57:49] {"kind": "action", "what": "attack_obj", "name": null, "qty": null, "tid": 1395, "ts": "22:57:49"}
[22:57:49] {"kind": "action", "what": "attack_move", "name": null, "qty": null, "tid": null, "ts": "22:57:49"}
[22:57:49] {"kind": "action", "what": "attack_move", "name": null, "qty": null, "tid": null, "ts": "22:57:49"}
[22:57:51] t=1199 jev VEH HARV HOLD (预算保护 cash=0 aav帽=ok aav=2)
[22:57:51] t=1201 ALARM unit lost -> 攻势保持（塔阵守家, 前线 5 个单位继续进攻）
[22:57:53] t=1201 jev VEH DRON HOLD (预算保护 cash=0 aav帽=ok aav=0)
[22:57:55] t=1204 jev VEH DRON HOLD (预算保护 cash=0 aav帽=ok aav=0)
[22:57:56] t=1206 jev VEH DRON HOLD (预算保护 cash=0 aav帽=ok aav=0)
[22:57:57] t=1209 HARASS DRON x2 (have 0)
[22:57:57] {"kind": "action", "what": "produce", "name": "DRON", "qty": 2, "tid": null, "ts": "22:57:57"}
[22:57:59] t=1209 MOVE assault x2 -> (137,82); t=1209 AIR-EVADE assault x2 -> home (坦克打不到空中, 等AA猎杀); guard x1 -> (137,82)
[22:57:59] {"kind": "action", "what": "attack_move", "name": null, "qty": null, "tid": null, "ts": "22:57:59"}
[22:57:59] {"kind": "action", "what": "attack_move", "name": null, "qty": null, "tid": null, "ts": "22:57:59"}
[22:58:03] t=1214 MOVE raid x1 -> (78,111); t=1214 AIR-EVADE assault x2 -> home (坦克打不到空中, 等AA猎杀)
[22:58:03] {"kind": "action", "what": "attack_move", "name": null, "qty": null, "tid": null, "ts": "22:58:03"}
[22:58:05] t=1217 jev VEH DRON HOLD (预算保护 cash=80 aav帽=ok aav=0)
[22:58:05] t=1217 MOVE raid x2 -> (78,108); t=1217 AIR-EVADE assault x2 -> home (坦克打不到空中, 等AA猎杀)
[22:58:05] {"kind": "action", "what": "attack_move", "name": null, "qty": null, "tid": null, "ts": "22:58:05"}
[22:58:07] t=1220 jev BUILD NARADR HOLD (资金闸门: 坦克优先, cash=80)
[22:58:07] t=1220 jev VEH HARV HOLD (预算保护 cash=80 aav帽=ok aav=0)
[22:58:07] t=1220 MOVE raid x2 -> (78,105); t=1220 AIR-EVADE assault x2 -> home (坦克打不到空中, 等AA猎杀)
[22:58:07] {"kind": "action", "what": "attack_move", "name": null, "qty": null, "tid": null, "ts": "22:58:07"}
[22:58:09] t=1222 jev BUILD NARADR HOLD (资金闸门: 坦克优先, cash=80)
[22:58:09] t=1222 jev VEH HARV HOLD (预算保护 cash=80 aav帽=ok aav=0)
[22:58:09] t=1222 MOVE raid x2 -> (78,103); t=1222 AIR-EVADE assault x2 -> home (坦克打不到空中, 等AA猎杀)
[22:58:09] {"kind": "action", "what": "attack_move", "name": null, "qty": null, "tid": null, "ts": "22:58:09"}
[22:58:11] t=1225 jev BUILD NARADR HOLD (资金闸门: 坦克优先, cash=80)
[22:58:11] t=1225 jev VEH HARV HOLD (预算保护 cash=80 aav帽=ok aav=0)
[22:58:11] t=1225 MOVE raid x2 -> (80,100); assault x2 -> (137,82); t=1225 AIR-EVADE assault x2 -> home (坦克打不到空中, 等AA猎杀)
[22:58:11] {"kind": "action", "what": "attack_move", "name": null, "qty": null, "tid": null, "ts": "22:58:11"}
[22:58:11] {"kind": "action", "what": "attack_move", "name": null, "qty": null, "tid": null, "ts": "22:58:11"}
[22:58:13] t=1228 jev BUILD NARADR HOLD (资金闸门: 坦克优先, cash=80)
[22:58:13] t=1228 jev VEH HARV HOLD (预算保护 cash=80 aav帽=ok aav=0)
[22:58:13] t=1228 MOVE raid x2 -> (78,110); t=1228 AIR-EVADE assault x2 -> home (坦克打不到空中, 等AA猎杀)
[22:58:13] {"kind": "action", "what": "attack_move", "name": null, "qty": null, "tid": null, "ts": "22:58:13"}
[22:58:13] t=1231 ALARM unit lost -> 攻势保持（塔阵守家, 前线 7 个单位继续进攻）
[22:58:15] t=1231 jev BUILD NARADR HOLD (资金闸门: 坦克优先, cash=80)
[22:58:15] t=1231 jev VEH HARV HOLD (预算保护 cash=80 aav帽=ok aav=0)
[22:58:15] t=1231 MOVE raid x2 -> (78,107); assault x1 -> 攻击目标#1395@(75,114)
[22:58:15] {"kind": "action", "what": "attack_move", "name": null, "qty": null, "tid": null, "ts": "22:58:15"}
[22:58:15] {"kind": "action", "what": "attack_obj", "name": null, "qty": null, "tid": 1395, "ts": "22:58:15"}
[22:58:17] t=1233 jev BUILD NARADR HOLD (资金闸门: 坦克优先, cash=80)
[22:58:17] t=1233 jev VEH HARV HOLD (预算保护 cash=80 aav帽=ok aav=0)
[22:58:17] t=1233 MOVE raid x2 -> (78,104)
[22:58:17] {"kind": "action", "what": "attack_move", "name": null, "qty": null, "tid": null, "ts": "22:58:17"}
[22:58:19] t=1236 jev BUILD NARADR HOLD (资金闸门: 坦克优先, cash=80)
[22:58:19] t=1236 jev VEH HARV HOLD (预算保护 cash=80 aav帽=ok aav=0)
[22:58:19] t=1236 MOVE raid x2 -> (79,102)
[22:58:19] {"kind": "action", "what": "attack_move", "name": null, "qty": null, "tid": null, "ts": "22:58:19"}
[22:58:21] t=1239 jev BUILD NARADR HOLD (资金闸门: 坦克优先, cash=80)
[22:58:21] t=1239 jev VEH HARV HOLD (预算保护 cash=80 aav帽=ok aav=0)
[22:58:21] t=1239 MOVE raid x2 -> (79,114)
[22:58:21] {"kind": "action", "what": "attack_move", "name": null, "qty": null, "tid": null, "ts": "22:58:21"}
[22:58:21] t=1242 ESCORT 坦克#1895 -> 护航矿车@[122, 104]
[22:58:21] {"kind": "action", "what": "attack_move", "name": null, "qty": null, "tid": null, "ts": "22:58:21"}
[22:58:23] t=1242 jev BUILD NARADR HOLD (资金闸门: 坦克优先, cash=80)
[22:58:23] t=1242 jev VEH HARV HOLD (预算保护 cash=80 aav帽=ok aav=0)
[22:58:25] t=1244 jev BUILD NARADR HOLD (资金闸门: 坦克优先, cash=80)
[22:58:25] t=1244 jev VEH HARV HOLD (预算保护 cash=80 aav帽=ok aav=0)
[22:58:25] t=1244 MOVE raid x2 -> (80,114)
[22:58:25] {"kind": "action", "what": "attack_move", "name": null, "qty": null, "tid": null, "ts": "22:58:25"}
[22:58:27] t=1247 jev BUILD NARADR HOLD (资金闸门: 坦克优先, cash=80)
[22:58:27] t=1247 jev VEH HARV HOLD (预算保护 cash=80 aav帽=ok aav=0)
[22:58:27] t=1247 MOVE raid x2 -> (81,113); assault x1 -> 攻击目标#1395@(75,114); hold_a x2 -> (133,86)
[22:58:27] {"kind": "action", "what": "attack_move", "name": null, "qty": null, "tid": null, "ts": "22:58:27"}
[22:58:27] {"kind": "action", "what": "attack_obj", "name": null, "qty": null, "tid": 1395, "ts": "22:58:27"}
[22:58:27] {"kind": "action", "what": "attack_move", "name": null, "qty": null, "tid": null, "ts": "22:58:27"}
[22:58:27] t=1250 ALARM unit lost -> 攻势保持（塔阵守家, 前线 5 个单位继续进攻）
[22:58:29] t=1250 jev BUILD NARADR HOLD (资金闸门: 坦克优先, cash=80)
[22:58:29] t=1250 jev VEH HARV HOLD (预算保护 cash=80 aav帽=ok aav=0)
[22:58:29] t=1250 MOVE raid x1 -> (82,112); guard x1 -> (137,82)
[22:58:29] {"kind": "action", "what": "attack_move", "name": null, "qty": null, "tid": null, "ts": "22:58:29"}
[22:58:29] {"kind": "action", "what": "attack_move", "name": null, "qty": null, "tid": null, "ts": "22:58:29"}
[22:58:29] t=1252 RETREAT DRON(24%)
[22:58:29] {"kind": "action", "what": "move", "name": null, "qty": null, "tid": null, "ts": "22:58:29"}
[22:58:31] t=1252 jev BUILD NARADR HOLD (资金闸门: 坦克优先, cash=80)
[22:58:31] t=1252 jev VEH HARV HOLD (预算保护 cash=80 aav帽=ok aav=0)
[22:58:31] t=1252 tick#525 credits=80 stance=attack | jev 525 decisions p50=1640ms
[22:58:31] t=1255 ALARM unit lost -> 攻势保持（塔阵守家, 前线 5 个单位继续进攻）
[22:58:33] t=1255 jev BUILD NARADR HOLD (资金闸门: 坦克优先, cash=80)
[22:58:33] t=1255 jev VEH HARV HOLD (预算保护 cash=80 aav帽=ok aav=0)
[22:58:35] t=1258 jev BUILD NARADR HOLD (资金闸门: 坦克优先, cash=80)
[22:58:35] t=1258 jev VEH HARV HOLD (预算保护 cash=80 aav帽=ok aav=0)
[22:58:35] t=1260 HARASS DRON x2 (have 0)
[22:58:35] {"kind": "action", "what": "produce", "name": "DRON", "qty": 2, "tid": null, "ts": "22:58:35"}
[22:58:41] t=1265 MOVE raid x1 -> (82,115); assault x1 -> 攻击目标#1395@(75,114)
[22:58:41] {"kind": "action", "what": "attack_move", "name": null, "qty": null, "tid": null, "ts": "22:58:41"}
[22:58:41] {"kind": "action", "what": "attack_obj", "name": null, "qty": null, "tid": 1395, "ts": "22:58:41"}
[22:58:41] t=1268 RETREAT DRON(30%)
[22:58:41] {"kind": "action", "what": "move", "name": null, "qty": null, "tid": null, "ts": "22:58:41"}
[22:58:43] t=1268 jev BUILD NARADR HOLD (资金闸门: 坦克优先, cash=405)
[22:58:43] t=1268 jev VEH HARV HOLD (预算保护 cash=405 aav帽=ok aav=0)
[22:58:43] t=1268 MOVE raid x2 -> (70,117)
[22:58:43] {"kind": "action", "what": "attack_move", "name": null, "qty": null, "tid": null, "ts": "22:58:43"}
[22:58:45] t=1270 jev BUILD NARADR HOLD (资金闸门: 坦克优先, cash=405)
[22:58:45] t=1270 jev VEH HARV HOLD (预算保护 cash=405 aav帽=ok aav=0)
[22:58:46] t=1273 jev BUILD NARADR HOLD (资金闸门: 坦克优先, cash=405)
[22:58:46] t=1273 jev VEH HARV HOLD (预算保护 cash=405 aav帽=ok aav=0)
[22:58:47] t=1275 ALARM unit lost -> 攻势保持（塔阵守家, 前线 7 个单位继续进攻）
[22:58:48] t=1275 jev BUILD NARADR HOLD (资金闸门: 坦克优先, cash=405)
[22:58:48] t=1275 jev VEH HARV HOLD (预算保护 cash=405 aav帽=ok aav=0)
[22:58:50] t=1278 jev BUILD NARADR HOLD (资金闸门: 坦克优先, cash=405)
[22:58:50] t=1278 jev VEH HARV HOLD (预算保护 cash=405 aav帽=ok aav=0)
[22:58:50] t=1278 MOVE hold_b x2 -> (126,75)
[22:58:50] {"kind": "action", "what": "attack_move", "name": null, "qty": null, "tid": null, "ts": "22:58:50"}
[22:58:52] t=1281 jev BUILD NARADR HOLD (资金闸门: 坦克优先, cash=405)
[22:58:52] t=1281 jev VEH HARV HOLD (预算保护 cash=405 aav帽=ok aav=0)
[22:58:52] t=1281 MOVE assault x1 -> (137,82); t=1281 AIR-EVADE assault x1 -> home (坦克打不到空中, 等AA猎杀)
[22:58:52] {"kind": "action", "what": "attack_move", "name": null, "qty": null, "tid": null, "ts": "22:58:52"}
[22:58:52] t=1283 ESCORT 坦克#1581 -> 护航矿车@[115, 133]
[22:58:52] {"kind": "action", "what": "attack_move", "name": null, "qty": null, "tid": null, "ts": "22:58:52"}
[22:58:54] t=1283 jev BUILD NARADR HOLD (资金闸门: 坦克优先, cash=405)
[22:58:54] t=1283 jev VEH HARV HOLD (预算保护 cash=405 aav帽=ok aav=0)
[22:58:56] t=1286 jev BUILD NARADR HOLD (资金闸门: 坦克优先, cash=405)
[22:58:56] t=1286 jev VEH HARV HOLD (预算保护 cash=405 aav帽=ok aav=0)
[22:58:58] t=1288 jev BUILD NARADR HOLD (资金闸门: 坦克优先, cash=405)
[22:58:58] t=1288 jev VEH HARV HOLD (预算保护 cash=405 aav帽=ok aav=0)
[22:59:00] t=1291 jev VEH HARV HOLD (预算保护 cash=405 aav帽=ok aav=0)
[22:59:00] t=1291 MOVE raid x2 -> (78,121); assault x1 -> 攻击目标#1395@(75,114); guard x1 -> (137,82)
[22:59:00] {"kind": "action", "what": "attack_move", "name": null, "qty": null, "tid": null, "ts": "22:59:00"}
[22:59:00] {"kind": "action", "what": "attack_obj", "name": null, "qty": null, "tid": 1395, "ts": "22:59:00"}
[22:59:00] {"kind": "action", "what": "attack_move", "name": null, "qty": null, "tid": null, "ts": "22:59:00"}
[22:59:02] t=1294 jev VEH HARV HOLD (预算保护 cash=405 aav帽=ok aav=0)
[22:59:02] t=1296 RETREAT E2(10%)
[22:59:02] {"kind": "action", "what": "move", "name": null, "qty": null, "tid": null, "ts": "22:59:02"}
[22:59:04] t=1296 jev VEH HARV HOLD (预算保护 cash=405 aav帽=ok aav=0)
[22:59:06] t=1299 jev BUILD NARADR HOLD (资金闸门: 坦克优先, cash=405)
[22:59:06] t=1299 jev VEH HARV HOLD (预算保护 cash=405 aav帽=ok aav=0)
[22:59:06] t=1299 MOVE raid x2 -> (78,118); assault x1 -> (137,82); t=1299 AIR-EVADE assault x1 -> home (坦克打不到空中, 等AA猎杀)
[22:59:06] {"kind": "action", "what": "attack_move", "name": null, "qty": null, "tid": null, "ts": "22:59:06"}
[22:59:06] {"kind": "action", "what": "attack_move", "name": null, "qty": null, "tid": null, "ts": "22:59:06"}
[22:59:08] t=1301 jev BUILD NARADR HOLD (资金闸门: 坦克优先, cash=405)
[22:59:08] t=1301 jev VEH HARV HOLD (预算保护 cash=405 aav帽=ok aav=0)
[22:59:08] t=1301 MOVE raid x2 -> (78,115); t=1301 AIR-EVADE assault x1 -> home (坦克打不到空中, 等AA猎杀)
[22:59:08] {"kind": "action", "what": "attack_move", "name": null, "qty": null, "tid": null, "ts": "22:59:08"}
[22:59:08] t=1304 ALARM unit lost -> 攻势保持（塔阵守家, 前线 5 个单位继续进攻）
[22:59:10] t=1304 jev BUILD NARADR HOLD (资金闸门: 坦克优先, cash=405)
[22:59:10] t=1304 jev VEH HARV HOLD (预算保护 cash=405 aav帽=ok aav=0)
[22:59:10] t=1304 MOVE raid x1 -> (78,112); t=1304 AIR-EVADE assault x1 -> home (坦克打不到空中, 等AA猎杀)
[22:59:10] {"kind": "action", "what": "attack_move", "name": null, "qty": null, "tid": null, "ts": "22:59:10"}
[22:59:12] t=1307 jev BUILD NARADR HOLD (资金闸门: 坦克优先, cash=405)
[22:59:12] t=1307 jev VEH HARV HOLD (预算保护 cash=405 aav帽=ok aav=0)
[22:59:12] t=1307 MOVE raid x1 -> (78,109); t=1307 AIR-EVADE assault x1 -> home (坦克打不到空中, 等AA猎杀)
[22:59:12] {"kind": "action", "what": "attack_move", "name": null, "qty": null, "tid": null, "ts": "22:59:12"}
[22:59:14] t=1309 jev VEH DRON HOLD (预算保护 cash=405 aav帽=ok aav=0)
[22:59:14] t=1309 MOVE raid x1 -> (78,106); t=1309 AIR-EVADE assault x1 -> home (坦克打不到空中, 等AA猎杀)
[22:59:14] {"kind": "action", "what": "attack_move", "name": null, "qty": null, "tid": null, "ts": "22:59:14"}
[22:59:16] t=1312 jev VEH DRON HOLD (预算保护 cash=405 aav帽=ok aav=0)
[22:59:16] t=1312 MOVE raid x1 -> (78,103); t=1312 AIR-EVADE assault x1 -> home (坦克打不到空中, 等AA猎杀)
[22:59:16] {"kind": "action", "what": "attack_move", "name": null, "qty": null, "tid": null, "ts": "22:59:16"}
[22:59:18] t=1315 jev VEH DRON HOLD (预算保护 cash=405 aav帽=ok aav=0)
[22:59:18] t=1315 MOVE raid x1 -> (80,101); t=1315 AIR-EVADE assault x1 -> home (坦克打不到空中, 等AA猎杀)
[22:59:18] {"kind": "action", "what": "attack_move", "name": null, "qty": null, "tid": null, "ts": "22:59:18"}
[22:59:20] t=1317 jev BUILD NARADR HOLD (资金闸门: 坦克优先, cash=405)
[22:59:20] t=1317 jev VEH DRON HOLD (预算保护 cash=405 aav帽=ok aav=0)
[22:59:20] t=1317 MOVE raid x1 -> (78,117); assault x1 -> (137,82); t=1317 AIR-EVADE assault x1 -> home (坦克打不到空中, 等AA猎杀)
[22:59:20] {"kind": "action", "what": "attack_move", "name": null, "qty": null, "tid": null, "ts": "22:59:20"}
[22:59:20] {"kind": "action", "what": "attack_move", "name": null, "qty": null, "tid": null, "ts": "22:59:20"}
[22:59:20] t=1317 tick#550 credits=405 stance=attack | jev 550 decisions p50=1643ms
[22:59:22] t=1320 jev BUILD NARADR HOLD (资金闸门: 坦克优先, cash=405)
[22:59:22] t=1320 jev VEH HARV HOLD (预算保护 cash=405 aav帽=ok aav=0)
[22:59:22] t=1320 MOVE raid x1 -> (78,114); t=1320 AIR-EVADE assault x1 -> home (坦克打不到空中, 等AA猎杀)
[22:59:22] {"kind": "action", "what": "attack_move", "name": null, "qty": null, "tid": null, "ts": "22:59:22"}
[22:59:24] t=1323 jev BUILD NARADR HOLD (资金闸门: 坦克优先, cash=405)
[22:59:24] t=1323 jev VEH HARV HOLD (预算保护 cash=405 aav帽=ok aav=0)
[22:59:24] t=1323 MOVE raid x1 -> (78,111); t=1323 AIR-EVADE assault x1 -> home (坦克打不到空中, 等AA猎杀)
[22:59:24] {"kind": "action", "what": "attack_move", "name": null, "qty": null, "tid": null, "ts": "22:59:24"}
[22:59:24] t=1325 ESCORT 坦克#1920 -> 护航矿车@[115, 132]
[22:59:24] {"kind": "action", "what": "attack_move", "name": null, "qty": null, "tid": null, "ts": "22:59:24"}
[22:59:26] t=1325 jev BUILD NARADR HOLD (资金闸门: 坦克优先, cash=405)
[22:59:26] t=1325 jev VEH HARV HOLD (预算保护 cash=405 aav帽=ok aav=0)
[22:59:26] t=1325 MOVE raid x1 -> (78,108); t=1325 AIR-EVADE assault x1 -> home (坦克打不到空中, 等AA猎杀)
[22:59:26] {"kind": "action", "what": "attack_move", "name": null, "qty": null, "tid": null, "ts": "22:59:26"}
[22:59:28] t=1328 jev BUILD NARADR HOLD (资金闸门: 坦克优先, cash=405)
[22:59:28] t=1328 jev VEH HARV HOLD (预算保护 cash=405 aav帽=ok aav=0)
[22:59:28] t=1328 MOVE raid x1 -> (78,106); t=1328 AIR-EVADE assault x1 -> home (坦克打不到空中, 等AA猎杀); hold_a x2 -> (133,86)
[22:59:28] {"kind": "action", "what": "attack_move", "name": null, "qty": null, "tid": null, "ts": "22:59:28"}
[22:59:28] {"kind": "action", "what": "attack_move", "name": null, "qty": null, "tid": null, "ts": "22:59:28"}
[22:59:28] t=1330 ALARM unit lost -> 攻势保持（塔阵守家, 前线 4 个单位继续进攻）
[22:59:30] t=1330 jev BUILD NARADR HOLD (资金闸门: 坦克优先, cash=405)
[22:59:30] t=1330 jev VEH DRON HOLD (预算保护 cash=405 aav帽=ok aav=0)
[22:59:31] t=1333 jev BUILD NARADR HOLD (资金闸门: 坦克优先, cash=405)
[22:59:31] t=1333 jev VEH DRON HOLD (预算保护 cash=405 aav帽=ok aav=0)
[22:59:31] t=1333 MOVE t=1333 AIR-EVADE assault x1 -> home (坦克打不到空中, 等AA猎杀); guard x1 -> (137,82)
[22:59:32] {"kind": "action", "what": "attack_move", "name": null, "qty": null, "tid": null, "ts": "22:59:32"}
[22:59:33] t=1336 jev BUILD NARADR HOLD (资金闸门: 坦克优先, cash=405)
[22:59:33] t=1336 jev VEH HARV HOLD (预算保护 cash=405 aav帽=ok aav=0)
[22:59:33] t=1336 MOVE assault x1 -> (137,82); t=1336 AIR-EVADE assault x1 -> home (坦克打不到空中, 等AA猎杀)
[22:59:33] {"kind": "action", "what": "attack_move", "name": null, "qty": null, "tid": null, "ts": "22:59:33"}
[22:59:35] t=1338 jev VEH HARV HOLD (预算保护 cash=405 aav帽=ok aav=0)
[22:59:37] t=1341 jev VEH HARV HOLD (预算保护 cash=405 aav帽=ok aav=0)
[22:59:39] t=1343 jev BUILD NARADR HOLD (资金闸门: 坦克优先, cash=405)
[22:59:39] t=1343 jev VEH HARV HOLD (预算保护 cash=405 aav帽=ok aav=0)
[22:59:41] t=1346 jev BUILD NARADR HOLD (资金闸门: 坦克优先, cash=405)
[22:59:41] t=1346 jev VEH HARV HOLD (预算保护 cash=405 aav帽=ok aav=0)
[22:59:41] t=1349 RETREAT HTNK(39%)
[22:59:41] {"kind": "action", "what": "move", "name": null, "qty": null, "tid": null, "ts": "22:59:41"}
[22:59:43] t=1349 jev VEH HARV HOLD (预算保护 cash=405 aav帽=ok aav=0)
[22:59:45] t=1351 jev VEH HARV HOLD (预算保护 cash=405 aav帽=ok aav=0)
[22:59:47] t=1354 jev VEH HARV HOLD (预算保护 cash=405 aav帽=ok aav=0)
[22:59:47] t=1354 MOVE assault x1 -> (137,82); t=1354 AIR-EVADE assault x1 -> home (坦克打不到空中, 等AA猎杀)
[22:59:47] {"kind": "action", "what": "attack_move", "name": null, "qty": null, "tid": null, "ts": "22:59:47"}
[22:59:49] t=1356 jev VEH HARV HOLD (预算保护 cash=405 aav帽=ok aav=0)
[22:59:51] t=1359 jev VEH HARV HOLD (预算保护 cash=405 aav帽=ok aav=0)
[22:59:51] t=1359 MOVE t=1359 AIR-EVADE assault x1 -> home (坦克打不到空中, 等AA猎杀); hold_b x2 -> (126,75)
[22:59:51] {"kind": "action", "what": "attack_move", "name": null, "qty": null, "tid": null, "ts": "22:59:51"}
[22:59:53] t=1362 jev VEH HARV HOLD (预算保护 cash=405 aav帽=ok aav=0)
[22:59:55] t=1364 jev VEH HARV HOLD (预算保护 cash=405 aav帽=ok aav=0)
[22:59:55] t=1367 ALARM unit lost -> 攻势保持（塔阵守家, 前线 4 个单位继续进攻）
[22:59:57] t=1367 jev BUILD NARADR HOLD (资金闸门: 坦克优先, cash=405)
[22:59:57] t=1367 jev VEH HARV HOLD (预算保护 cash=405 aav帽=ok aav=0)
[22:59:57] t=1367 RECOVER (only 2 tanks)
[22:59:57] t=1367 MOVE assault x1 -> 攻击目标#1096@(80,124)
[22:59:57] {"kind": "action", "what": "attack_obj", "name": null, "qty": null, "tid": 1096, "ts": "22:59:57"}
[22:59:59] t=1369 jev BUILD NARADR (conf 0.13)
[22:59:59] t=1369 jev VEH HARV HOLD (预算保护 cash=405 aav帽=ok aav=0)
[22:59:59] {"kind": "action", "what": "produce", "name": "NARADR", "qty": 1, "tid": null, "ts": "22:59:59"}
[23:00:01] t=1372 jev VEH HARV HOLD (预算保护 cash=397 aav帽=ok aav=0)
[23:00:03] t=1375 jev VEH HARV HOLD (预算保护 cash=333 aav帽=ok aav=0)
[23:00:05] t=1377 jev VEH HARV HOLD (预算保护 cash=269 aav帽=ok aav=0)
[23:00:07] t=1380 jev VEH HARV HOLD (预算保护 cash=206 aav帽=ok aav=0)
[23:00:08] t=1382 jev VEH HARV HOLD (预算保护 cash=144 aav帽=ok aav=0)
[23:00:08] t=1382 tick#575 credits=144 stance=recover | jev 575 decisions p50=1650ms
[23:00:10] t=1385 jev VEH HARV HOLD (预算保护 cash=80 aav帽=ok aav=0)
[23:00:10] t=1385 MOVE assault x1 -> 攻击目标#1096@(80,124)
[23:00:10] {"kind": "action", "what": "attack_obj", "name": null, "qty": null, "tid": 1096, "ts": "23:00:10"}
[23:00:12] t=1388 jev VEH HARV HOLD (预算保护 cash=15 aav帽=ok aav=0)
[23:00:14] t=1390 jev VEH HARV HOLD (预算保护 cash=0 aav帽=ok aav=0)
[23:00:16] t=1393 jev VEH HARV HOLD (预算保护 cash=0 aav帽=ok aav=0)
[23:00:16] t=1393 MOVE assault x1 -> 攻击目标#1070@(75,117)
[23:00:16] {"kind": "action", "what": "attack_obj", "name": null, "qty": null, "tid": 1070, "ts": "23:00:16"}
[23:00:18] t=1395 jev VEH HARV HOLD (预算保护 cash=0 aav帽=ok aav=0)
[23:00:20] t=1398 jev VEH HARV HOLD (预算保护 cash=0 aav帽=ok aav=0)
[23:00:22] t=1401 jev VEH HARV HOLD (预算保护 cash=0 aav帽=ok aav=0)
[23:00:22] t=1401 MOVE assault x1 -> 攻击目标#1927@(71,111)
[23:00:22] {"kind": "action", "what": "attack_obj", "name": null, "qty": null, "tid": 1927, "ts": "23:00:22"}
[23:00:24] t=1403 jev VEH HARV HOLD (预算保护 cash=0 aav帽=ok aav=0)
[23:00:27] t=1406 jev VEH DRON HOLD (预算保护 cash=0 aav帽=ok aav=0)
[23:00:29] t=1409 jev VEH DRON HOLD (预算保护 cash=0 aav帽=ok aav=0)
[23:00:29] t=1409 MOVE hold_a x2 -> (133,86)
[23:00:29] {"kind": "action", "what": "attack_move", "name": null, "qty": null, "tid": null, "ts": "23:00:29"}
[23:00:31] t=1412 jev VEH DRON HOLD (预算保护 cash=0 aav帽=ok aav=0)
[23:00:31] t=1415 HARASS DRON x2 (have 0)
[23:00:31] {"kind": "action", "what": "produce", "name": "DRON", "qty": 2, "tid": null, "ts": "23:00:31"}
[23:00:35] t=1417 MOVE assault x1 -> 攻击目标#1070@(75,117)
[23:00:35] {"kind": "action", "what": "attack_obj", "name": null, "qty": null, "tid": 1070, "ts": "23:00:35"}
[23:00:37] t=1420 MOVE raid x1 -> (78,111)
[23:00:37] {"kind": "action", "what": "attack_move", "name": null, "qty": null, "tid": null, "ts": "23:00:37"}
[23:00:39] t=1423 jev VEH HARV HOLD (预算保护 cash=97 aav帽=ok aav=0)
[23:00:39] t=1423 MOVE raid x2 -> (78,108)
[23:00:39] {"kind": "action", "what": "attack_move", "name": null, "qty": null, "tid": null, "ts": "23:00:39"}
[23:00:41] t=1426 jev VEH HARV HOLD (预算保护 cash=26 aav帽=ok aav=0)
[23:00:41] t=1426 MOVE raid x2 -> (78,105)
[23:00:41] {"kind": "action", "what": "attack_move", "name": null, "qty": null, "tid": null, "ts": "23:00:41"}
[23:00:43] t=1429 jev VEH HARV HOLD (预算保护 cash=0 aav帽=ok aav=0)
[23:00:43] t=1429 MOVE raid x2 -> (79,102); assault x1 -> (137,82); t=1429 AIR-EVADE assault x1 -> home (坦克打不到空中, 等AA猎杀)
[23:00:43] {"kind": "action", "what": "attack_move", "name": null, "qty": null, "tid": null, "ts": "23:00:43"}
[23:00:43] {"kind": "action", "what": "attack_move", "name": null, "qty": null, "tid": null, "ts": "23:00:43"}
[23:00:46] t=1432 jev VEH HARV HOLD (预算保护 cash=0 aav帽=ok aav=0)
[23:00:46] t=1432 MOVE raid x2 -> (74,123); t=1432 AIR-EVADE assault x1 -> home (坦克打不到空中, 等AA猎杀)
[23:00:46] {"kind": "action", "what": "attack_move", "name": null, "qty": null, "tid": null, "ts": "23:00:46"}
[23:00:48] t=1434 jev VEH HARV HOLD (预算保护 cash=0 aav帽=ok aav=0)
[23:00:50] t=1437 jev VEH HARV HOLD (预算保护 cash=0 aav帽=ok aav=0)
[23:00:52] t=1440 jev VEH HARV HOLD (预算保护 cash=0 aav帽=ok aav=0)
[23:00:52] t=1440 MOVE assault x1 -> 攻击目标#1070@(75,117); hold_b x2 -> (126,75)
[23:00:52] {"kind": "action", "what": "attack_obj", "name": null, "qty": null, "tid": 1070, "ts": "23:00:52"}
[23:00:52] {"kind": "action", "what": "attack_move", "name": null, "qty": null, "tid": null, "ts": "23:00:52"}
[23:00:54] t=1443 jev VEH HARV HOLD (预算保护 cash=0 aav帽=ok aav=0)
[23:00:56] t=1445 jev VEH HARV HOLD (预算保护 cash=0 aav帽=ok aav=0)
[23:00:56] t=1448 ESCORT 坦克#2033 -> 护航矿车@[122, 104]
[23:00:56] {"kind": "action", "what": "attack_move", "name": null, "qty": null, "tid": null, "ts": "23:00:56"}
[23:00:58] t=1448 jev VEH HARV HOLD (预算保护 cash=0 aav帽=ok aav=0)
[23:00:58] t=1451 ALARM unit lost -> TURTLE (5 v 22, 守塔阵不打野战)
[23:00:58] {"kind": "action", "what": "attack_move", "name": null, "qty": null, "tid": null, "ts": "23:00:58"}
[23:01:00] t=1451 jev VEH HARV HOLD (预算保护 cash=0 aav帽=ok aav=0)
[23:01:00] t=1451 tick#600 credits=0 stance=defend | jev 600 decisions p50=1656ms
[23:01:02] t=1454 jev VEH HARV HOLD (预算保护 cash=0 aav帽=ok aav=0)
[23:01:02] t=1456 HARASS DRON x2 (have 1)
[23:01:02] {"kind": "action", "what": "produce", "name": "DRON", "qty": 2, "tid": null, "ts": "23:01:02"}
[23:01:06] t=1459 MOVE raid x1 -> (74,123); assault x1 -> 攻击目标#1070@(75,117)
[23:01:06] {"kind": "action", "what": "attack_move", "name": null, "qty": null, "tid": null, "ts": "23:01:06"}
[23:01:06] {"kind": "action", "what": "attack_obj", "name": null, "qty": null, "tid": 1070, "ts": "23:01:06"}
[23:01:11] t=1465 jev VEH HARV HOLD (预算保护 cash=255 aav帽=ok aav=0)
[23:01:11] t=1465 MOVE guard x1 -> (137,82)
[23:01:11] {"kind": "action", "what": "attack_move", "name": null, "qty": null, "tid": null, "ts": "23:01:11"}
[23:01:13] t=1468 jev VEH HARV HOLD (预算保护 cash=255 aav帽=ok aav=0)
[23:01:15] t=1471 jev VEH HARV HOLD (预算保护 cash=255 aav帽=ok aav=0)
[23:01:17] t=1474 jev VEH HARV HOLD (预算保护 cash=255 aav帽=ok aav=0)
[23:01:19] t=1476 jev VEH HARV HOLD (预算保护 cash=255 aav帽=ok aav=0)
[23:01:19] t=1476 MOVE assault x1 -> 攻击目标#1070@(75,117)
[23:01:19] {"kind": "action", "what": "attack_obj", "name": null, "qty": null, "tid": 1070, "ts": "23:01:19"}
[23:01:20] t=1479 ALARM unit lost -> TURTLE (6 v 22, 守塔阵不打野战)
[23:01:20] {"kind": "action", "what": "attack_move", "name": null, "qty": null, "tid": null, "ts": "23:01:20"}
[23:01:21] t=1479 jev VEH HARV HOLD (预算保护 cash=255 aav帽=ok aav=0)
[23:01:23] t=1482 jev VEH HARV HOLD (预算保护 cash=255 aav帽=ok aav=0)
[23:01:26] t=1485 jev VEH HARV HOLD (预算保护 cash=255 aav帽=ok aav=0)
[23:01:28] t=1488 jev VEH HARV HOLD (预算保护 cash=255 aav帽=ok aav=0)
[23:01:28] t=1488 MOVE raid x2 -> (74,123); assault x1 -> 攻击目标#1927@(71,111)
[23:01:28] {"kind": "action", "what": "attack_move", "name": null, "qty": null, "tid": null, "ts": "23:01:28"}
[23:01:28] {"kind": "action", "what": "attack_obj", "name": null, "qty": null, "tid": 1927, "ts": "23:01:28"}
[23:01:28] t=1491 ESCORT 坦克#1108 -> 护航矿车@[115, 134]
[23:01:28] {"kind": "action", "what": "attack_move", "name": null, "qty": null, "tid": null, "ts": "23:01:28"}
[23:01:30] t=1491 jev VEH HARV HOLD (预算保护 cash=255 aav帽=ok aav=0)
[23:01:30] t=1491 MOVE raid x2 -> (78,121); hold_a x2 -> (133,86)
[23:01:30] {"kind": "action", "what": "attack_move", "name": null, "qty": null, "tid": null, "ts": "23:01:30"}
[23:01:30] {"kind": "action", "what": "attack_move", "name": null, "qty": null, "tid": null, "ts": "23:01:30"}
[23:01:32] t=1494 jev VEH HARV HOLD (预算保护 cash=255 aav帽=ok aav=0)
[23:01:34] t=1496 jev VEH HARV HOLD (预算保护 cash=255 aav帽=ok aav=0)
[23:01:34] t=1496 MOVE raid x2 -> (78,118)
[23:01:34] {"kind": "action", "what": "attack_move", "name": null, "qty": null, "tid": null, "ts": "23:01:34"}
[23:01:36] t=1499 jev VEH HARV HOLD (预算保护 cash=255 aav帽=ok aav=0)
[23:01:36] t=1499 MOVE raid x2 -> (78,115)
[23:01:36] {"kind": "action", "what": "attack_move", "name": null, "qty": null, "tid": null, "ts": "23:01:36"}
[23:01:38] t=1502 jev VEH HARV HOLD (预算保护 cash=255 aav帽=ok aav=0)
[23:01:38] t=1502 MOVE raid x2 -> (78,112); assault x1 -> 攻击目标#1070@(75,117)
[23:01:39] {"kind": "action", "what": "attack_move", "name": null, "qty": null, "tid": null, "ts": "23:01:39"}
[23:01:39] {"kind": "action", "what": "attack_obj", "name": null, "qty": null, "tid": 1070, "ts": "23:01:39"}
[23:01:41] t=1505 jev VEH HARV HOLD (预算保护 cash=255 aav帽=ok aav=0)
[23:01:41] t=1505 MOVE raid x2 -> (78,109)
[23:01:41] {"kind": "action", "what": "attack_move", "name": null, "qty": null, "tid": null, "ts": "23:01:41"}
[23:01:43] t=1508 jev VEH HARV HOLD (预算保护 cash=255 aav帽=ok aav=0)
[23:01:43] t=1508 MOVE raid x2 -> (78,105)
[23:01:43] {"kind": "action", "what": "attack_move", "name": null, "qty": null, "tid": null, "ts": "23:01:43"}
[23:01:45] t=1511 jev VEH HARV HOLD (预算保护 cash=255 aav帽=ok aav=0)
[23:01:45] t=1511 MOVE raid x2 -> (79,102); assault x1 -> (137,82); t=1511 AIR-EVADE assault x1 -> home (坦克打不到空中, 等AA猎杀)
[23:01:45] {"kind": "action", "what": "attack_move", "name": null, "qty": null, "tid": null, "ts": "23:01:45"}
[23:01:45] {"kind": "action", "what": "attack_move", "name": null, "qty": null, "tid": null, "ts": "23:01:45"}
[23:01:47] t=1514 jev VEH HARV HOLD (预算保护 cash=255 aav帽=ok aav=0)
[23:01:47] t=1514 MOVE raid x2 -> (80,100); t=1514 AIR-EVADE assault x1 -> home (坦克打不到空中, 等AA猎杀)
[23:01:47] {"kind": "action", "what": "attack_move", "name": null, "qty": null, "tid": null, "ts": "23:01:47"}
[23:01:49] t=1517 jev VEH HARV HOLD (预算保护 cash=255 aav帽=ok aav=0)
[23:01:49] t=1517 MOVE raid x2 -> (74,123); t=1517 AIR-EVADE assault x1 -> home (坦克打不到空中, 等AA猎杀)
[23:01:49] {"kind": "action", "what": "attack_move", "name": null, "qty": null, "tid": null, "ts": "23:01:49"}
[23:01:52] t=1519 jev VEH HARV HOLD (预算保护 cash=255 aav帽=ok aav=0)
[23:01:54] t=1522 jev VEH HARV HOLD (预算保护 cash=255 aav帽=ok aav=0)
[23:01:54] t=1522 MOVE t=1522 AIR-EVADE assault x1 -> home (坦克打不到空中, 等AA猎杀); hold_b x2 -> (126,75)
[23:01:54] {"kind": "action", "what": "attack_move", "name": null, "qty": null, "tid": null, "ts": "23:01:54"}
[23:01:54] t=1522 tick#625 credits=255 stance=defend | jev 625 decisions p50=1665ms
[23:01:56] t=1525 jev VEH HARV HOLD (预算保护 cash=255 aav帽=ok aav=0)
[23:01:58] t=1528 jev VEH HARV HOLD (预算保护 cash=255 aav帽=ok aav=0)
[23:01:58] t=1528 MOVE raid x2 -> (78,121); assault x1 -> (137,82); t=1528 AIR-EVADE assault x1 -> home (坦克打不到空中, 等AA猎杀)
[23:01:58] {"kind": "action", "what": "attack_move", "name": null, "qty": null, "tid": null, "ts": "23:01:58"}
[23:01:58] {"kind": "action", "what": "attack_move", "name": null, "qty": null, "tid": null, "ts": "23:01:58"}
[23:01:58] t=1531 ESCORT 坦克#1108 -> 护航矿车@[115, 135]
[23:01:58] {"kind": "action", "what": "attack_move", "name": null, "qty": null, "tid": null, "ts": "23:01:58"}
[23:02:00] t=1531 jev VEH HARV HOLD (预算保护 cash=255 aav帽=ok aav=0)
[23:02:01] t=1534 ALARM unit lost -> TURTLE (4 v 23, 守塔阵不打野战)
[23:02:01] {"kind": "action", "what": "attack_move", "name": null, "qty": null, "tid": null, "ts": "23:02:01"}
[23:02:01] t=1534 RETREAT DRON(10%)
[23:02:01] {"kind": "action", "what": "move", "name": null, "qty": null, "tid": null, "ts": "23:02:01"}
[23:02:03] t=1534 jev VEH HARV HOLD (预算保护 cash=255 aav帽=ok aav=0)
[23:02:05] t=1537 jev VEH HARV HOLD (预算保护 cash=255 aav帽=ok aav=0)
[23:02:07] t=1540 jev VEH HARV HOLD (预算保护 cash=255 aav帽=ok aav=0)
[23:02:07] t=1543 RETREAT HTNK(22%)
[23:02:07] {"kind": "action", "what": "move", "name": null, "qty": null, "tid": null, "ts": "23:02:07"}
[23:02:09] t=1543 jev VEH HARV HOLD (预算保护 cash=255 aav帽=ok aav=0)
[23:02:09] t=1546 ALARM unit lost -> TURTLE (3 v 24, 守塔阵不打野战)
[23:02:09] {"kind": "action", "what": "attack_move", "name": null, "qty": null, "tid": null, "ts": "23:02:09"}
[23:02:11] t=1546 jev VEH HARV HOLD (预算保护 cash=255 aav帽=ok aav=0)
[23:02:14] t=1549 jev VEH HARV HOLD (预算保护 cash=255 aav帽=ok aav=0)
[23:02:16] t=1552 jev VEH HARV HOLD (预算保护 cash=255 aav帽=ok aav=0)
[23:02:18] t=1555 jev VEH HARV HOLD (预算保护 cash=255 aav帽=ok aav=0)
[23:02:20] t=1558 jev VEH HARV HOLD (预算保护 cash=255 aav帽=ok aav=0)
[23:02:22] t=1560 jev VEH HARV HOLD (预算保护 cash=255 aav帽=ok aav=0)
[23:02:25] t=1563 jev VEH HARV HOLD (预算保护 cash=255 aav帽=ok aav=0)
[23:02:27] t=1566 jev VEH HARV HOLD (预算保护 cash=255 aav帽=ok aav=0)
[23:02:29] t=1569 jev VEH HARV HOLD (预算保护 cash=255 aav帽=ok aav=0)
[23:02:31] t=1572 jev VEH HARV HOLD (预算保护 cash=255 aav帽=ok aav=0)
[23:02:31] t=1572 MOVE hold_a x2 -> (133,86)
[23:02:31] {"kind": "action", "what": "attack_move", "name": null, "qty": null, "tid": null, "ts": "23:02:31"}
[23:02:33] t=1575 jev VEH HARV HOLD (预算保护 cash=255 aav帽=ok aav=0)
[23:02:35] t=1578 jev VEH HARV HOLD (预算保护 cash=255 aav帽=ok aav=0)
[23:02:38] t=1581 jev VEH HARV HOLD (预算保护 cash=255 aav帽=ok aav=0)
[23:02:40] t=1584 jev VEH HARV HOLD (预算保护 cash=255 aav帽=ok aav=0)
[23:02:42] t=1587 jev VEH HARV HOLD (预算保护 cash=255 aav帽=ok aav=0)
[23:02:44] t=1590 jev VEH HARV HOLD (预算保护 cash=255 aav帽=ok aav=0)
[23:02:47] t=1593 jev VEH HARV HOLD (预算保护 cash=255 aav帽=ok aav=0)
[23:02:49] t=1596 jev VEH HARV HOLD (预算保护 cash=255 aav帽=ok aav=0)
[23:02:49] t=1596 tick#650 credits=255 stance=defend | jev 650 decisions p50=1674ms
[23:02:49] t=1599 RETREAT E2(10%)
[23:02:49] {"kind": "action", "what": "move", "name": null, "qty": null, "tid": null, "ts": "23:02:49"}
[23:02:51] t=1599 jev VEH HARV HOLD (预算保护 cash=255 aav帽=ok aav=0)
[23:02:53] t=1602 jev VEH HARV HOLD (预算保护 cash=255 aav帽=ok aav=0)
[23:02:56] t=1605 jev VEH HARV HOLD (预算保护 cash=255 aav帽=ok aav=0)
[23:02:56] t=1605 MOVE hold_b x2 -> (126,75)
[23:02:56] {"kind": "action", "what": "attack_move", "name": null, "qty": null, "tid": null, "ts": "23:02:56"}
[23:02:58] t=1608 jev VEH HARV HOLD (预算保护 cash=255 aav帽=ok aav=0)
[23:03:00] t=1611 jev VEH HARV HOLD (预算保护 cash=255 aav帽=ok aav=0)
[23:03:01] t=1614 HARASS DRON x2 (have 0)
[23:03:01] t=1614 AA HTK x2 (enemy air, alive 0)
[23:03:01] {"kind": "action", "what": "produce", "name": "DRON", "qty": 2, "tid": null, "ts": "23:03:01"}
[23:03:01] {"kind": "action", "what": "produce", "name": "HTK", "qty": 2, "tid": null, "ts": "23:03:01"}
[23:03:07] t=1620 MOVE raid x1 -> (78,121)
[23:03:07] {"kind": "action", "what": "attack_move", "name": null, "qty": null, "tid": null, "ts": "23:03:07"}
[23:03:12] t=1626 MOVE raid x2 -> (78,117); aahunt x1 -> 攻击目标#1887@(84,109)
[23:03:12] {"kind": "action", "what": "attack_move", "name": null, "qty": null, "tid": null, "ts": "23:03:12"}
[23:03:12] {"kind": "action", "what": "attack_obj", "name": null, "qty": null, "tid": 1887, "ts": "23:03:12"}
[23:03:14] t=1629 MOVE raid x2 -> (78,114)
[23:03:14] {"kind": "action", "what": "attack_move", "name": null, "qty": null, "tid": null, "ts": "23:03:14"}
[23:03:17] t=1633 MOVE raid x2 -> (78,110)
[23:03:17] {"kind": "action", "what": "attack_move", "name": null, "qty": null, "tid": null, "ts": "23:03:17"}
[23:03:19] t=1636 MOVE raid x2 -> (78,107)
[23:03:19] {"kind": "action", "what": "attack_move", "name": null, "qty": null, "tid": null, "ts": "23:03:19"}
[23:03:21] t=1639 MOVE raid x2 -> (78,103)
[23:03:21] {"kind": "action", "what": "attack_move", "name": null, "qty": null, "tid": null, "ts": "23:03:21"}
[23:03:24] t=1642 MOVE raid x2 -> (80,100)
[23:03:24] {"kind": "action", "what": "attack_move", "name": null, "qty": null, "tid": null, "ts": "23:03:24"}
[23:03:26] t=1645 MOVE raid x2 -> (88,108); aahunt x1 -> 攻击目标#1887@(84,109)
[23:03:26] {"kind": "action", "what": "attack_move", "name": null, "qty": null, "tid": null, "ts": "23:03:26"}
[23:03:26] {"kind": "action", "what": "attack_obj", "name": null, "qty": null, "tid": 1887, "ts": "23:03:26"}
[23:03:26] t=1648 ESCORT 坦克#2119 -> 护航矿车@[122, 104]
[23:03:26] {"kind": "action", "what": "attack_move", "name": null, "qty": null, "tid": null, "ts": "23:03:26"}
[23:03:29] t=1651 ALARM unit lost -> TURTLE (6 v 24, 守塔阵不打野战)
[23:03:29] {"kind": "action", "what": "attack_move", "name": null, "qty": null, "tid": null, "ts": "23:03:29"}
[23:03:29] t=1651 AA HTK x2 (enemy air, alive 2)
[23:03:29] {"kind": "action", "what": "produce", "name": "HTK", "qty": 2, "tid": null, "ts": "23:03:29"}
[23:03:37] t=1660 MOVE hold_a x2 -> (133,86)
[23:03:38] {"kind": "action", "what": "attack_move", "name": null, "qty": null, "tid": null, "ts": "23:03:38"}
[23:03:40] t=1664 MOVE aahunt x3 -> 攻击目标#1887@(84,109)
[23:03:40] {"kind": "action", "what": "attack_obj", "name": null, "qty": null, "tid": 1887, "ts": "23:03:40"}
[23:03:47] t=1673 MOVE raid x1 -> (88,108)
[23:03:47] {"kind": "action", "what": "attack_move", "name": null, "qty": null, "tid": null, "ts": "23:03:47"}
[23:03:47] t=1673 tick#675 credits=0 stance=defend | jev 675 decisions p50=1677ms
[23:03:53] t=1682 MOVE aahunt x3 -> 攻击目标#1887@(84,109)
[23:03:53] {"kind": "action", "what": "attack_obj", "name": null, "qty": null, "tid": 1887, "ts": "23:03:53"}
[23:03:56] t=1685 MOVE raid x1 -> (78,121)
[23:03:56] {"kind": "action", "what": "attack_move", "name": null, "qty": null, "tid": null, "ts": "23:03:56"}
[23:03:58] t=1688 MOVE hold_b x2 -> (126,75)
[23:03:58] {"kind": "action", "what": "attack_move", "name": null, "qty": null, "tid": null, "ts": "23:03:58"}
[23:03:58] t=1691 ESCORT 坦克#2119 -> 护航矿车@[115, 136]
[23:03:58] {"kind": "action", "what": "attack_move", "name": null, "qty": null, "tid": null, "ts": "23:03:58"}
[23:04:00] t=1691 MOVE raid x1 -> (78,118)
[23:04:00] {"kind": "action", "what": "attack_move", "name": null, "qty": null, "tid": null, "ts": "23:04:00"}
[23:04:03] t=1694 MOVE raid x1 -> (78,115)
[23:04:03] {"kind": "action", "what": "attack_move", "name": null, "qty": null, "tid": null, "ts": "23:04:03"}
[23:04:05] t=1697 MOVE raid x1 -> (78,111)
[23:04:05] {"kind": "action", "what": "attack_move", "name": null, "qty": null, "tid": null, "ts": "23:04:05"}
[23:04:07] t=1700 MOVE raid x1 -> (78,108); aahunt x3 -> 攻击目标#1887@(84,109)
[23:04:07] {"kind": "action", "what": "attack_move", "name": null, "qty": null, "tid": null, "ts": "23:04:07"}
[23:04:07] {"kind": "action", "what": "attack_obj", "name": null, "qty": null, "tid": 1887, "ts": "23:04:07"}
[23:04:08] t=1703 RETREAT HTK(17%)
[23:04:08] {"kind": "action", "what": "move", "name": null, "qty": null, "tid": null, "ts": "23:04:08"}
[23:04:10] t=1703 MOVE raid x1 -> (78,104); aahunt x3 -> 攻击目标#1887@(87,108)
[23:04:10] {"kind": "action", "what": "attack_move", "name": null, "qty": null, "tid": null, "ts": "23:04:10"}
[23:04:10] {"kind": "action", "what": "attack_obj", "name": null, "qty": null, "tid": 1887, "ts": "23:04:10"}
[23:04:10] t=1707 ALARM unit lost -> TURTLE (6 v 26, 守塔阵不打野战)
[23:04:10] {"kind": "action", "what": "attack_move", "name": null, "qty": null, "tid": null, "ts": "23:04:10"}
[23:04:19] t=1716 MOVE aahunt x1 -> 攻击目标#1931@(90,106)
[23:04:20] {"kind": "action", "what": "attack_obj", "name": null, "qty": null, "tid": 1931, "ts": "23:04:20"}
[23:04:22] t=1720 MOVE aahunt x1 -> 攻击目标#2031@(90,106)
[23:04:22] {"kind": "action", "what": "attack_obj", "name": null, "qty": null, "tid": 2031, "ts": "23:04:22"}
[23:04:36] t=1738 MOVE aahunt x1 -> 攻击目标#2031@(90,106)
[23:04:36] {"kind": "action", "what": "attack_obj", "name": null, "qty": null, "tid": 2031, "ts": "23:04:36"}
[23:04:38] t=1741 MOVE hold_a x2 -> (133,86); aahunt x1 -> 攻击目标#1931@(89,105)
[23:04:38] {"kind": "action", "what": "attack_move", "name": null, "qty": null, "tid": null, "ts": "23:04:38"}
[23:04:38] {"kind": "action", "what": "attack_obj", "name": null, "qty": null, "tid": 1931, "ts": "23:04:38"}
[23:04:41] t=1748 RETREAT HTK(8%)
[23:04:41] {"kind": "action", "what": "move", "name": null, "qty": null, "tid": null, "ts": "23:04:41"}
[23:04:43] t=1751 ALARM unit lost -> TURTLE (3 v 24, 守塔阵不打野战)
[23:04:43] {"kind": "action", "what": "attack_move", "name": null, "qty": null, "tid": null, "ts": "23:04:43"}
[23:04:45] t=1751 tick#700 credits=0 stance=defend | jev 700 decisions p50=1691ms
[23:04:59] t=1769 MOVE hold_b x2 -> (126,75)
[23:04:59] {"kind": "action", "what": "attack_move", "name": null, "qty": null, "tid": null, "ts": "23:04:59"}
[23:05:31] t=1814 HARASS DRON x2 (have 0)
[23:05:31] {"kind": "action", "what": "produce", "name": "DRON", "qty": 2, "tid": null, "ts": "23:05:31"}
[23:05:33] t=1814 MOVE aahunt x1 -> 攻击目标#1931@(89,105)
[23:05:33] {"kind": "action", "what": "attack_obj", "name": null, "qty": null, "tid": 1931, "ts": "23:05:33"}
[23:05:37] t=1820 MOVE raid x1 -> (89,107)
[23:05:37] {"kind": "action", "what": "attack_move", "name": null, "qty": null, "tid": null, "ts": "23:05:37"}
[23:05:40] t=1823 jev VEH HARV HOLD (预算保护 cash=255 aav帽=ok aav=1)
[23:05:40] t=1823 MOVE hold_a x2 -> (133,86)
[23:05:40] {"kind": "action", "what": "attack_move", "name": null, "qty": null, "tid": null, "ts": "23:05:40"}
[23:05:42] t=1826 jev VEH HARV HOLD (预算保护 cash=255 aav帽=ok aav=1)
[23:05:42] t=1826 tick#725 credits=255 stance=defend | jev 725 decisions p50=1726ms
[23:05:44] t=1829 jev VEH HARV HOLD (预算保护 cash=255 aav帽=ok aav=1)
[23:05:46] t=1832 jev VEH HARV HOLD (预算保护 cash=255 aav帽=ok aav=1)
[23:05:46] t=1832 MOVE aahunt x1 -> 攻击目标#1931@(89,105)
[23:05:46] {"kind": "action", "what": "attack_obj", "name": null, "qty": null, "tid": 1931, "ts": "23:05:46"}
[23:05:49] t=1835 jev VEH HARV HOLD (预算保护 cash=255 aav帽=ok aav=1)
[23:05:51] t=1838 jev VEH HARV HOLD (预算保护 cash=255 aav帽=ok aav=1)
[23:05:51] t=1838 MOVE raid x2 -> (78,121)
[23:05:51] {"kind": "action", "what": "attack_move", "name": null, "qty": null, "tid": null, "ts": "23:05:51"}
[23:05:53] t=1842 jev VEH HARV HOLD (预算保护 cash=255 aav帽=ok aav=1)
[23:05:56] t=1845 jev VEH HARV HOLD (预算保护 cash=255 aav帽=ok aav=1)
[23:05:56] t=1845 MOVE raid x2 -> (78,119)
[23:05:56] {"kind": "action", "what": "attack_move", "name": null, "qty": null, "tid": null, "ts": "23:05:56"}
[23:05:56] t=1848 ESCORT 坦克#2242 -> 护航矿车@[123, 103]
[23:05:56] {"kind": "action", "what": "attack_move", "name": null, "qty": null, "tid": null, "ts": "23:05:56"}
[23:05:58] t=1848 jev VEH HARV HOLD (预算保护 cash=255 aav帽=ok aav=1)
[23:05:58] t=1848 MOVE raid x2 -> (78,115)
[23:05:58] {"kind": "action", "what": "attack_move", "name": null, "qty": null, "tid": null, "ts": "23:05:58"}
[23:05:58] t=1851 ALARM unit lost -> TURTLE (5 v 26, 守塔阵不打野战)
[23:05:58] {"kind": "action", "what": "attack_move", "name": null, "qty": null, "tid": null, "ts": "23:05:58"}
[23:06:00] t=1851 jev VEH HARV HOLD (预算保护 cash=255 aav帽=ok aav=1)
[23:06:03] t=1854 jev VEH HARV HOLD (预算保护 cash=255 aav帽=ok aav=1)
[23:06:05] t=1857 jev VEH HARV HOLD (预算保护 cash=255 aav帽=ok aav=1)
[23:06:07] t=1860 jev VEH HARV HOLD (预算保护 cash=255 aav帽=ok aav=1)
[23:06:07] t=1860 MOVE raid x1 -> (79,102); hold_b x2 -> (126,75); aahunt x1 -> 攻击目标#1931@(89,105)
[23:06:07] {"kind": "action", "what": "attack_move", "name": null, "qty": null, "tid": null, "ts": "23:06:07"}
[23:06:07] {"kind": "action", "what": "attack_move", "name": null, "qty": null, "tid": null, "ts": "23:06:07"}
[23:06:07] {"kind": "action", "what": "attack_obj", "name": null, "qty": null, "tid": 1931, "ts": "23:06:07"}
[23:06:10] t=1863 jev VEH HARV HOLD (预算保护 cash=255 aav帽=ok aav=1)
[23:06:10] t=1863 MOVE raid x1 -> (89,107)
[23:06:10] {"kind": "action", "what": "attack_move", "name": null, "qty": null, "tid": null, "ts": "23:06:10"}
[23:06:12] t=1866 jev VEH HARV HOLD (预算保护 cash=255 aav帽=ok aav=1)
[23:06:12] t=1869 ALARM unit lost -> TURTLE (4 v 26, 守塔阵不打野战)
[23:06:12] {"kind": "action", "what": "attack_move", "name": null, "qty": null, "tid": null, "ts": "23:06:12"}
[23:06:14] t=1869 jev VEH HARV HOLD (预算保护 cash=255 aav帽=ok aav=1)
[23:06:16] t=1872 jev VEH HARV HOLD (预算保护 cash=255 aav帽=ok aav=1)
[23:06:19] t=1875 jev VEH HARV HOLD (预算保护 cash=255 aav帽=ok aav=1)
[23:06:21] t=1878 jev VEH HARV HOLD (预算保护 cash=255 aav帽=ok aav=1)
[23:06:21] t=1878 MOVE aahunt x1 -> 攻击目标#1931@(89,105)
[23:06:21] {"kind": "action", "what": "attack_obj", "name": null, "qty": null, "tid": 1931, "ts": "23:06:21"}
[23:06:23] t=1881 jev VEH HARV HOLD (预算保护 cash=255 aav帽=ok aav=1)
[23:06:25] t=1884 jev VEH HARV HOLD (预算保护 cash=255 aav帽=ok aav=1)
[23:06:28] t=1887 jev VEH HARV HOLD (预算保护 cash=255 aav帽=ok aav=1)
[23:06:30] t=1890 jev VEH HARV HOLD (预算保护 cash=255 aav帽=ok aav=1)
[23:06:32] t=1893 jev VEH HARV HOLD (预算保护 cash=255 aav帽=ok aav=1)
[23:06:34] t=1896 jev VEH HARV HOLD (预算保护 cash=255 aav帽=ok aav=1)
[23:06:34] t=1896 MOVE aahunt x1 -> 攻击目标#1931@(89,105)
[23:06:34] {"kind": "action", "what": "attack_obj", "name": null, "qty": null, "tid": 1931, "ts": "23:06:34"}
[23:06:37] t=1899 jev VEH HARV HOLD (预算保护 cash=255 aav帽=ok aav=1)
[23:06:37] t=1902 RETREAT E2(10%)
[23:06:37] {"kind": "action", "what": "move", "name": null, "qty": null, "tid": null, "ts": "23:06:37"}
[23:06:39] t=1902 jev VEH HARV HOLD (预算保护 cash=255 aav帽=ok aav=1)
[23:06:39] t=1902 tick#750 credits=255 stance=defend | jev 750 decisions p50=1805ms
[23:06:41] t=1905 jev VEH HARV HOLD (预算保护 cash=255 aav帽=ok aav=1)
[23:06:41] t=1905 MOVE hold_a x2 -> (133,86)
[23:06:41] {"kind": "action", "what": "attack_move", "name": null, "qty": null, "tid": null, "ts": "23:06:41"}
[23:06:43] t=1908 jev VEH HARV HOLD (预算保护 cash=255 aav帽=ok aav=1)
[23:06:46] t=1911 jev VEH HARV HOLD (预算保护 cash=255 aav帽=ok aav=1)
[23:06:46] t=1915 ALARM unit lost -> TURTLE (3 v 27, 守塔阵不打野战)
[23:06:46] {"kind": "action", "what": "attack_move", "name": null, "qty": null, "tid": null, "ts": "23:06:46"}
[23:06:48] t=1915 jev VEH HARV HOLD (预算保护 cash=255 aav帽=ok aav=0)
[23:06:51] t=1918 jev VEH HARV HOLD (预算保护 cash=255 aav帽=ok aav=0)
[23:06:53] t=1921 jev VEH HARV HOLD (预算保护 cash=255 aav帽=ok aav=0)
[23:06:55] t=1924 jev VEH HARV HOLD (预算保护 cash=255 aav帽=ok aav=0)
[23:06:57] t=1927 jev VEH HARV HOLD (预算保护 cash=255 aav帽=ok aav=0)
[23:07:00] t=1930 jev VEH HARV HOLD (预算保护 cash=255 aav帽=ok aav=0)
[23:07:02] t=1933 jev VEH HARV HOLD (预算保护 cash=255 aav帽=ok aav=0)
[23:07:04] t=1936 jev VEH HARV HOLD (预算保护 cash=255 aav帽=ok aav=0)
[23:07:06] t=1939 jev VEH HARV HOLD (预算保护 cash=255 aav帽=ok aav=0)
[23:07:09] t=1942 jev VEH HARV HOLD (预算保护 cash=255 aav帽=ok aav=0)
[23:07:09] t=1942 MOVE hold_b x2 -> (126,75)
[23:07:09] {"kind": "action", "what": "attack_move", "name": null, "qty": null, "tid": null, "ts": "23:07:09"}
[23:07:11] t=1945 jev VEH HARV HOLD (预算保护 cash=255 aav帽=ok aav=0)
[23:07:13] t=1948 jev VEH HARV HOLD (预算保护 cash=255 aav帽=ok aav=0)
[23:07:15] t=1951 jev VEH HARV HOLD (预算保护 cash=255 aav帽=ok aav=0)
[23:07:18] t=1954 jev VEH HARV HOLD (预算保护 cash=255 aav帽=ok aav=0)
[23:07:20] t=1957 jev VEH HARV HOLD (预算保护 cash=255 aav帽=ok aav=0)
[23:07:22] t=1960 jev VEH HARV HOLD (预算保护 cash=255 aav帽=ok aav=0)
[23:07:24] t=1963 jev VEH HARV HOLD (预算保护 cash=255 aav帽=ok aav=0)
[23:07:26] t=1966 jev VEH HARV HOLD (预算保护 cash=255 aav帽=ok aav=0)
[23:07:29] t=1969 jev VEH HARV HOLD (预算保护 cash=255 aav帽=ok aav=0)
[23:07:31] t=1972 jev VEH HARV HOLD (预算保护 cash=255 aav帽=ok aav=0)
[23:07:33] t=1974 jev VEH HARV HOLD (预算保护 cash=255 aav帽=ok aav=0)
[23:07:35] t=1977 jev VEH HARV HOLD (预算保护 cash=255 aav帽=ok aav=0)
[23:07:35] t=1977 tick#775 credits=255 stance=defend | jev 775 decisions p50=1873ms
[23:07:37] t=1980 jev VEH HARV HOLD (预算保护 cash=255 aav帽=ok aav=0)
[23:07:40] t=1983 jev VEH HARV HOLD (预算保护 cash=255 aav帽=ok aav=0)
[23:07:42] t=1986 jev VEH HARV HOLD (预算保护 cash=255 aav帽=ok aav=0)
[23:07:42] t=1986 MOVE hold_a x2 -> (133,86)
[23:07:42] {"kind": "action", "what": "attack_move", "name": null, "qty": null, "tid": null, "ts": "23:07:42"}
[23:07:44] t=1989 jev VEH HARV HOLD (预算保护 cash=255 aav帽=ok aav=0)
[23:07:46] t=1992 jev VEH HARV HOLD (预算保护 cash=255 aav帽=ok aav=0)
[23:07:49] t=1995 jev VEH HARV HOLD (预算保护 cash=255 aav帽=ok aav=0)
[23:07:51] t=1998 jev VEH HARV HOLD (预算保护 cash=255 aav帽=ok aav=0)
[23:07:53] t=2001 jev VEH HARV HOLD (预算保护 cash=255 aav帽=ok aav=0)
[23:07:55] t=2004 jev VEH HARV HOLD (预算保护 cash=255 aav帽=ok aav=0)
[23:07:58] t=2007 jev VEH HARV HOLD (预算保护 cash=255 aav帽=ok aav=0)
[23:08:00] t=2010 jev VEH HARV HOLD (预算保护 cash=255 aav帽=ok aav=0)
[23:08:02] t=2013 jev VEH HARV HOLD (预算保护 cash=255 aav帽=ok aav=0)
[23:08:04] t=2016 jev VEH HARV HOLD (预算保护 cash=255 aav帽=ok aav=0)
[23:08:07] t=2019 jev VEH HARV HOLD (预算保护 cash=255 aav帽=ok aav=0)
[23:08:09] t=2022 jev VEH HARV HOLD (预算保护 cash=255 aav帽=ok aav=0)
[23:08:09] t=2022 MOVE hold_b x2 -> (126,75)
[23:08:09] {"kind": "action", "what": "attack_move", "name": null, "qty": null, "tid": null, "ts": "23:08:09"}
[23:08:11] t=2025 jev VEH HARV HOLD (预算保护 cash=255 aav帽=ok aav=0)
[23:08:13] t=2028 jev VEH HARV HOLD (预算保护 cash=255 aav帽=ok aav=0)
[23:08:15] t=2031 jev VEH HARV HOLD (预算保护 cash=255 aav帽=ok aav=0)
[23:08:17] t=2034 jev VEH HARV HOLD (预算保护 cash=255 aav帽=ok aav=0)
[23:08:19] t=2036 jev VEH HARV HOLD (预算保护 cash=255 aav帽=ok aav=0)
[23:08:21] t=2039 jev VEH DRON HOLD (预算保护 cash=255 aav帽=ok aav=0)
[23:08:24] t=2042 jev VEH DRON HOLD (预算保护 cash=255 aav帽=ok aav=0)
[23:08:26] t=2045 jev VEH DRON HOLD (预算保护 cash=255 aav帽=ok aav=0)
[23:08:28] t=2048 jev VEH DRON HOLD (预算保护 cash=255 aav帽=ok aav=0)
[23:08:30] t=2051 jev VEH DRON HOLD (预算保护 cash=255 aav帽=ok aav=0)
[23:08:30] t=2051 tick#800 credits=255 stance=defend | jev 800 decisions p50=1906ms
[23:08:32] t=2054 jev VEH DRON HOLD (预算保护 cash=255 aav帽=ok aav=0)
[23:08:35] t=2057 jev VEH HTNK HOLD (预算保护 cash=255 aav帽=ok aav=0)
[23:08:35] t=2060 AA HTK x2 (enemy air, alive 0)
[23:08:35] {"kind": "action", "what": "produce", "name": "HTK", "qty": 2, "tid": null, "ts": "23:08:35"}
[23:08:41] t=2066 MOVE aahunt x1 -> 攻击目标#1931@(89,105)
[23:08:41] {"kind": "action", "what": "attack_obj", "name": null, "qty": null, "tid": 1931, "ts": "23:08:41"}
[23:08:44] t=2069 MOVE hold_a x2 -> (133,86)
[23:08:44] {"kind": "action", "what": "attack_move", "name": null, "qty": null, "tid": null, "ts": "23:08:44"}
[23:08:55] t=2083 MOVE aahunt x1 -> 攻击目标#1931@(89,105)
[23:08:55] {"kind": "action", "what": "attack_obj", "name": null, "qty": null, "tid": 1931, "ts": "23:08:55"}
[23:09:08] t=2101 MOVE aahunt x1 -> 攻击目标#1931@(89,105)
[23:09:08] {"kind": "action", "what": "attack_obj", "name": null, "qty": null, "tid": 1931, "ts": "23:09:08"}
[23:09:10] t=2104 MOVE hold_b x2 -> (126,75)
[23:09:10] {"kind": "action", "what": "attack_move", "name": null, "qty": null, "tid": null, "ts": "23:09:10"}
[23:09:15] t=2110 MOVE aahunt x1 -> 攻击目标#2251@(74,116)
[23:09:15] {"kind": "action", "what": "attack_obj", "name": null, "qty": null, "tid": 2251, "ts": "23:09:15"}
[23:09:15] t=2113 RETREAT HTK(27%)
[23:09:15] {"kind": "action", "what": "move", "name": null, "qty": null, "tid": null, "ts": "23:09:15"}
[23:09:17] t=2116 ALARM unit lost -> TURTLE (3 v 27, 守塔阵不打野战)
[23:09:17] {"kind": "action", "what": "attack_move", "name": null, "qty": null, "tid": null, "ts": "23:09:17"}
[23:09:26] t=2125 tick#825 credits=0 stance=defend | jev 825 decisions p50=1928ms
[23:09:46] t=2151 MOVE hold_a x2 -> (133,86)
[23:09:46] {"kind": "action", "what": "attack_move", "name": null, "qty": null, "tid": null, "ts": "23:09:46"}
[23:10:12] t=2187 MOVE hold_b x2 -> (126,75)
[23:10:12] {"kind": "action", "what": "attack_move", "name": null, "qty": null, "tid": null, "ts": "23:10:12"}
[23:10:21] t=2198 tick#850 credits=0 stance=defend | jev 850 decisions p50=1931ms
[23:10:23] t=2204 RETREAT E2(10%)
[23:10:23] {"kind": "action", "what": "move", "name": null, "qty": null, "tid": null, "ts": "23:10:23"}
[23:10:36] t=2222 AA HTK x2 (enemy air, alive 1)
[23:10:37] {"kind": "action", "what": "produce", "name": "HTK", "qty": 2, "tid": null, "ts": "23:10:37"}
[23:10:38] t=2222 MOVE aahunt x1 -> 攻击目标#2335@(74,115)
[23:10:39] {"kind": "action", "what": "attack_obj", "name": null, "qty": null, "tid": 2335, "ts": "23:10:39"}
[23:10:47] t=2234 MOVE hold_a x2 -> (133,86)
[23:10:47] {"kind": "action", "what": "attack_move", "name": null, "qty": null, "tid": null, "ts": "23:10:47"}
[23:10:52] t=2240 MOVE aahunt x2 -> 攻击目标#2335@(74,115)
[23:10:52] {"kind": "action", "what": "attack_obj", "name": null, "qty": null, "tid": 2335, "ts": "23:10:52"}
[23:11:05] t=2258 MOVE aahunt x2 -> 攻击目标#2335@(74,115)
[23:11:05] {"kind": "action", "what": "attack_obj", "name": null, "qty": null, "tid": 2335, "ts": "23:11:05"}
[23:11:14] t=2270 MOVE hold_b x2 -> (126,75)
[23:11:14] {"kind": "action", "what": "attack_move", "name": null, "qty": null, "tid": null, "ts": "23:11:14"}
[23:11:14] t=2272 RETREAT HTK(32%)
[23:11:15] {"kind": "action", "what": "move", "name": null, "qty": null, "tid": null, "ts": "23:11:15"}
[23:11:16] t=2272 MOVE aahunt x2 -> 攻击目标#2251@(75,116)
[23:11:17] {"kind": "action", "what": "attack_obj", "name": null, "qty": null, "tid": 2251, "ts": "23:11:17"}
[23:11:17] t=2272 tick#875 credits=0 stance=defend | jev 875 decisions p50=1936ms
[23:11:17] t=2275 ALARM unit lost -> TURTLE (4 v 26, 守塔阵不打野战)
[23:11:17] {"kind": "action", "what": "attack_move", "name": null, "qty": null, "tid": null, "ts": "23:11:17"}
[23:11:25] t=2284 MOVE aahunt x1 -> 攻击目标#2335@(88,107)
[23:11:25] {"kind": "action", "what": "attack_obj", "name": null, "qty": null, "tid": 2335, "ts": "23:11:25"}
[23:11:28] t=2287 MOVE aahunt x1 -> 攻击目标#2251@(91,105)
[23:11:28] {"kind": "action", "what": "attack_obj", "name": null, "qty": null, "tid": 2251, "ts": "23:11:28"}
[23:11:30] t=2290 MOVE aahunt x1 -> 攻击目标#2140@(92,105)
[23:11:30] {"kind": "action", "what": "attack_obj", "name": null, "qty": null, "tid": 2140, "ts": "23:11:30"}
[23:11:30] t=2293 RETREAT HTK(1%)
[23:11:30] {"kind": "action", "what": "move", "name": null, "qty": null, "tid": null, "ts": "23:11:30"}
[23:11:32] t=2296 ALARM unit lost -> TURTLE (3 v 29, 守塔阵不打野战)
[23:11:33] {"kind": "action", "what": "attack_move", "name": null, "qty": null, "tid": null, "ts": "23:11:33"}
[23:11:48] t=2314 MOVE hold_a x2 -> (133,86)
[23:11:48] {"kind": "action", "what": "attack_move", "name": null, "qty": null, "tid": null, "ts": "23:11:48"}
[23:12:12] t=2346 tick#900 credits=0 stance=defend | jev 900 decisions p50=1938ms
[23:12:16] t=2352 MOVE hold_b x2 -> (126,75)
[23:12:16] {"kind": "action", "what": "attack_move", "name": null, "qty": null, "tid": null, "ts": "23:12:16"}
[23:12:49] t=2396 MOVE hold_a x2 -> (133,86)
[23:12:49] {"kind": "action", "what": "attack_move", "name": null, "qty": null, "tid": null, "ts": "23:12:49"}
[23:13:02] t=2416 HARASS DRON x2 (have 0)
[23:13:02] {"kind": "action", "what": "produce", "name": "DRON", "qty": 2, "tid": null, "ts": "23:13:02"}
[23:13:04] t=2416 MOVE aahunt x1 -> 攻击目标#2140@(92,105)
[23:13:04] {"kind": "action", "what": "attack_obj", "name": null, "qty": null, "tid": 2140, "ts": "23:13:04"}
[23:13:07] t=2419 tick#925 credits=480 stance=defend | jev 925 decisions p50=1939ms
[23:13:09] t=2422 MOVE raid x1 -> (78,121)
[23:13:09] {"kind": "action", "what": "attack_move", "name": null, "qty": null, "tid": null, "ts": "23:13:09"}
[23:13:11] t=2425 jev VEH HARV HOLD (预算保护 cash=5 aav帽=ok aav=1)
[23:13:11] t=2425 MOVE raid x2 -> (78,119)
[23:13:11] {"kind": "action", "what": "attack_move", "name": null, "qty": null, "tid": null, "ts": "23:13:11"}
[23:13:14] t=2429 jev VEH HARV HOLD (预算保护 cash=5 aav帽=ok aav=1)
[23:13:14] t=2429 MOVE raid x2 -> (78,116)
[23:13:14] {"kind": "action", "what": "attack_move", "name": null, "qty": null, "tid": null, "ts": "23:13:14"}
[23:13:16] t=2432 jev VEH HARV HOLD (预算保护 cash=5 aav帽=ok aav=1)
[23:13:16] t=2432 MOVE raid x2 -> (78,112)
[23:13:16] {"kind": "action", "what": "attack_move", "name": null, "qty": null, "tid": null, "ts": "23:13:16"}
[23:13:18] t=2435 jev VEH HARV HOLD (预算保护 cash=5 aav帽=ok aav=1)
[23:13:18] t=2435 MOVE raid x2 -> (78,109); hold_b x2 -> (126,75); aahunt x1 -> 攻击目标#2140@(92,105)
[23:13:18] {"kind": "action", "what": "attack_move", "name": null, "qty": null, "tid": null, "ts": "23:13:18"}
[23:13:18] {"kind": "action", "what": "attack_move", "name": null, "qty": null, "tid": null, "ts": "23:13:18"}
[23:13:18] {"kind": "action", "what": "attack_obj", "name": null, "qty": null, "tid": 2140, "ts": "23:13:18"}
[23:13:21] t=2438 jev VEH HARV HOLD (预算保护 cash=5 aav帽=ok aav=1)
[23:13:21] t=2438 MOVE raid x2 -> (78,105)
[23:13:21] {"kind": "action", "what": "attack_move", "name": null, "qty": null, "tid": null, "ts": "23:13:21"}
[23:13:23] t=2441 jev VEH HARV HOLD (预算保护 cash=5 aav帽=ok aav=1)
[23:13:23] t=2441 MOVE raid x2 -> (79,102)
[23:13:23] {"kind": "action", "what": "attack_move", "name": null, "qty": null, "tid": null, "ts": "23:13:23"}
[23:13:25] t=2444 jev VEH HARV HOLD (预算保护 cash=5 aav帽=ok aav=1)
[23:13:25] t=2444 MOVE raid x2 -> (91,105)
[23:13:25] {"kind": "action", "what": "attack_move", "name": null, "qty": null, "tid": null, "ts": "23:13:25"}
[23:13:28] t=2447 jev VEH HARV HOLD (预算保护 cash=5 aav帽=ok aav=1)
[23:13:28] t=2450 ESCORT 坦克#2419 -> 护航矿车@[128, 105]
[23:13:28] {"kind": "action", "what": "attack_move", "name": null, "qty": null, "tid": null, "ts": "23:13:28"}
[23:13:30] t=2450 jev VEH HARV HOLD (预算保护 cash=5 aav帽=ok aav=1)
[23:13:32] t=2453 jev VEH HARV HOLD (预算保护 cash=5 aav帽=ok aav=1)
[23:13:32] t=2453 MOVE aahunt x1 -> 攻击目标#2140@(92,105)
[23:13:32] {"kind": "action", "what": "attack_obj", "name": null, "qty": null, "tid": 2140, "ts": "23:13:32"}
[23:13:34] t=2456 jev VEH HARV HOLD (预算保护 cash=5 aav帽=ok aav=1)
[23:13:37] t=2459 jev VEH HARV HOLD (预算保护 cash=5 aav帽=ok aav=1)
[23:13:37] t=2463 ALARM unit lost -> TURTLE (5 v 29, 守塔阵不打野战)
[23:13:37] {"kind": "action", "what": "attack_move", "name": null, "qty": null, "tid": null, "ts": "23:13:37"}
[23:13:39] t=2463 jev VEH HARV HOLD (预算保护 cash=5 aav帽=ok aav=1)
[23:13:42] t=2466 jev VEH HARV HOLD (预算保护 cash=5 aav帽=ok aav=1)
[23:13:44] t=2469 jev VEH HARV HOLD (预算保护 cash=5 aav帽=ok aav=1)
[23:13:46] t=2472 jev VEH HARV HOLD (预算保护 cash=5 aav帽=ok aav=1)
[23:13:46] t=2472 MOVE raid x1 -> (78,120); aahunt x1 -> 攻击目标#2335@(90,105)
[23:13:46] {"kind": "action", "what": "attack_move", "name": null, "qty": null, "tid": null, "ts": "23:13:46"}
[23:13:46] {"kind": "action", "what": "attack_obj", "name": null, "qty": null, "tid": 2335, "ts": "23:13:46"}
[23:13:49] t=2475 jev VEH HARV HOLD (预算保护 cash=5 aav帽=ok aav=1)
[23:13:49] t=2475 MOVE raid x1 -> (78,117)
[23:13:49] {"kind": "action", "what": "attack_move", "name": null, "qty": null, "tid": null, "ts": "23:13:49"}
[23:13:51] t=2478 jev VEH HTNK HOLD (预算保护 cash=5 aav帽=ok aav=1)
[23:13:51] t=2478 MOVE raid x1 -> (78,113); hold_a x2 -> (133,86); aahunt x1 -> 攻击目标#2335@(93,104)
[23:13:51] {"kind": "action", "what": "attack_move", "name": null, "qty": null, "tid": null, "ts": "23:13:51"}
[23:13:51] {"kind": "action", "what": "attack_move", "name": null, "qty": null, "tid": null, "ts": "23:13:51"}
[23:13:51] {"kind": "action", "what": "attack_obj", "name": null, "qty": null, "tid": 2335, "ts": "23:13:51"}
[23:13:53] t=2482 jev VEH HTNK HOLD (预算保护 cash=5 aav帽=ok aav=1)
[23:13:53] t=2482 MOVE raid x1 -> (78,110); aahunt x1 -> 攻击目标#2233@(99,102)
[23:13:53] {"kind": "action", "what": "attack_move", "name": null, "qty": null, "tid": null, "ts": "23:13:53"}
[23:13:53] {"kind": "action", "what": "attack_obj", "name": null, "qty": null, "tid": 2233, "ts": "23:13:53"}
[23:13:56] t=2485 jev VEH HARV HOLD (预算保护 cash=5 aav帽=ok aav=1)
[23:13:56] t=2485 MOVE raid x1 -> (78,106); aahunt x1 -> 攻击目标#2265@(102,97)
[23:13:56] {"kind": "action", "what": "attack_move", "name": null, "qty": null, "tid": null, "ts": "23:13:56"}
[23:13:56] {"kind": "action", "what": "attack_obj", "name": null, "qty": null, "tid": 2265, "ts": "23:13:56"}
[23:13:58] t=2488 jev VEH HARV HOLD (预算保护 cash=5 aav帽=ok aav=1)
[23:13:58] t=2488 MOVE raid x1 -> (78,103); aahunt x1 -> 攻击目标#2335@(107,95)
[23:13:58] {"kind": "action", "what": "attack_move", "name": null, "qty": null, "tid": null, "ts": "23:13:58"}
[23:13:58] {"kind": "action", "what": "attack_obj", "name": null, "qty": null, "tid": 2335, "ts": "23:13:58"}
[23:14:00] t=2491 jev VEH HARV HOLD (预算保护 cash=5 aav帽=ok aav=1)
[23:14:00] t=2491 MOVE raid x1 -> (81,100); aahunt x1 -> 攻击目标#2265@(109,93)
[23:14:00] {"kind": "action", "what": "attack_move", "name": null, "qty": null, "tid": null, "ts": "23:14:00"}
[23:14:00] {"kind": "action", "what": "attack_obj", "name": null, "qty": null, "tid": 2265, "ts": "23:14:00"}
[23:14:01] t=2494 ALARM unit lost -> TURTLE (4 v 29, 守塔阵不打野战)
[23:14:01] {"kind": "action", "what": "attack_move", "name": null, "qty": null, "tid": null, "ts": "23:14:01"}
[23:14:01] t=2494 RUSH-DEFENSE ON (敌5压门 vs 守4) 动员兵爆产
[23:14:03] t=2494 jev VEH HARV HOLD (预算保护 cash=5 aav帽=ok aav=1)
[23:14:05] t=2497 jev VEH HARV HOLD (预算保护 cash=5 aav帽=ok aav=1)
[23:14:05] t=2497 tick#950 credits=5 stance=defend | jev 950 decisions p50=1947ms
[23:14:07] t=2500 jev VEH HARV HOLD (预算保护 cash=5 aav帽=ok aav=1)
[23:14:09] t=2503 jev VEH HARV HOLD (预算保护 cash=5 aav帽=ok aav=1)
[23:14:09] t=2503 MOVE t=2503 RUSH-DEFENSE tanks x0 -> 塔线协防; aahunt x1 -> 攻击目标#2233@(117,89)
[23:14:09] {"kind": "action", "what": "attack_obj", "name": null, "qty": null, "tid": 2233, "ts": "23:14:09"}
[23:14:10] t=2506 ALARM enemy approaching -> RESCUE 预备队 3 人驰援远端 [114, 91]
[23:14:10] {"kind": "action", "what": "attack_move", "name": null, "qty": null, "tid": null, "ts": "23:14:10"}
[23:14:10] t=2506 RETREAT E2(10%)
[23:14:10] {"kind": "action", "what": "move", "name": null, "qty": null, "tid": null, "ts": "23:14:10"}
[23:14:12] t=2506 jev VEH HARV HOLD (预算保护 cash=5 aav帽=ok aav=1)
[23:14:12] t=2509 RUSH-DEFENSE OFF (威胁解除) 恢复原公式
[23:14:12] t=2509 RETREAT HTNK(22%)
[23:14:12] {"kind": "action", "what": "move", "name": null, "qty": null, "tid": null, "ts": "23:14:12"}
[23:14:14] t=2509 jev VEH HARV HOLD (预算保护 cash=5 aav帽=ok aav=1)
[23:14:16] t=2512 jev VEH HTK HOLD (预算保护 cash=5 aav帽=ok aav=1)
[23:14:19] t=2515 jev VEH HTK HOLD (预算保护 cash=5 aav帽=ok aav=1)
[23:14:19] t=2515 MOVE hold_b x2 -> (126,75); aahunt x1 -> 攻击目标#2233@(107,94)
[23:14:19] {"kind": "action", "what": "attack_move", "name": null, "qty": null, "tid": null, "ts": "23:14:19"}
[23:14:19] {"kind": "action", "what": "attack_obj", "name": null, "qty": null, "tid": 2233, "ts": "23:14:19"}
[23:14:21] t=2519 jev VEH HARV HOLD (预算保护 cash=5 aav帽=ok aav=1)
[23:14:23] t=2522 jev VEH HARV HOLD (预算保护 cash=5 aav帽=ok aav=1)
[23:14:23] t=2522 MOVE aahunt x1 -> 攻击目标#2299@(108,94)
[23:14:23] {"kind": "action", "what": "attack_obj", "name": null, "qty": null, "tid": 2299, "ts": "23:14:23"}
[23:14:26] t=2525 jev VEH HARV HOLD (预算保护 cash=5 aav帽=ok aav=1)
[23:14:26] t=2525 MOVE aahunt x1 -> 攻击目标#2299@(107,92)
[23:14:26] {"kind": "action", "what": "attack_obj", "name": null, "qty": null, "tid": 2299, "ts": "23:14:26"}
[23:14:26] t=2528 RETREAT HTK(14%)
[23:14:26] {"kind": "action", "what": "move", "name": null, "qty": null, "tid": null, "ts": "23:14:26"}
[23:14:28] t=2528 jev VEH HARV HOLD (预算保护 cash=5 aav帽=ok aav=1)
[23:14:28] t=2528 MOVE aahunt x1 -> 攻击目标#2403@(106,90)
[23:14:28] {"kind": "action", "what": "attack_obj", "name": null, "qty": null, "tid": 2403, "ts": "23:14:28"}
[23:14:28] t=2531 ALARM unit lost -> TURTLE (3 v 23, 守塔阵不打野战)
[23:14:28] {"kind": "action", "what": "attack_move", "name": null, "qty": null, "tid": null, "ts": "23:14:28"}
[23:14:31] t=2531 jev VEH HARV HOLD (预算保护 cash=5 aav帽=ok aav=0)
[23:14:33] t=2534 jev VEH HARV HOLD (预算保护 cash=5 aav帽=ok aav=0)
[23:14:35] t=2537 jev VEH HARV HOLD (预算保护 cash=5 aav帽=ok aav=0)
[23:14:37] t=2540 jev VEH HARV HOLD (预算保护 cash=5 aav帽=ok aav=0)
[23:14:38] t=2543 ALARM enemy approaching -> RESCUE 预备队 3 人驰援远端 [114, 87]
[23:14:38] {"kind": "action", "what": "attack_move", "name": null, "qty": null, "tid": null, "ts": "23:14:38"}
[23:14:40] t=2543 jev VEH HARV HOLD (预算保护 cash=5 aav帽=ok aav=0)
[23:14:42] t=2546 jev VEH HTNK HOLD (预算保护 cash=5 aav帽=ok aav=0)
[23:14:44] t=2549 jev VEH HTNK HOLD (预算保护 cash=5 aav帽=ok aav=0)
[23:14:45] t=2553 RETREAT E2(38%)
[23:14:45] {"kind": "action", "what": "move", "name": null, "qty": null, "tid": null, "ts": "23:14:45"}
[23:14:47] t=2553 jev VEH HTNK HOLD (预算保护 cash=5 aav帽=ok aav=0)
[23:14:47] t=2556 ALARM unit lost -> TURTLE (2 v 24, 守塔阵不打野战)
[23:14:47] {"kind": "action", "what": "attack_move", "name": null, "qty": null, "tid": null, "ts": "23:14:47"}
[23:14:49] t=2556 jev VEH HTNK HOLD (预算保护 cash=5 aav帽=ok aav=0)
[23:14:51] t=2559 jev VEH DRON HOLD (预算保护 cash=5 aav帽=ok aav=0)
[23:14:54] t=2562 jev VEH HTNK HOLD (预算保护 cash=5 aav帽=ok aav=0)
[23:14:56] t=2565 jev VEH DRON HOLD (预算保护 cash=5 aav帽=ok aav=0)
[23:14:56] t=2565 MOVE hold_a x1 -> (133,86)
[23:14:56] {"kind": "action", "what": "attack_move", "name": null, "qty": null, "tid": null, "ts": "23:14:56"}
[23:14:56] t=2568 ALARM enemy approaching -> TURTLE (2 v 24, 守塔阵不打野战)
[23:14:56] {"kind": "action", "what": "attack_move", "name": null, "qty": null, "tid": null, "ts": "23:14:56"}
[23:14:58] t=2568 jev VEH DRON HOLD (预算保护 cash=5 aav帽=ok aav=0)
[23:15:01] t=2571 jev VEH DRON HOLD (预算保护 cash=5 aav帽=ok aav=0)
[23:15:03] t=2574 jev VEH DRON HOLD (预算保护 cash=5 aav帽=ok aav=0)
[23:15:03] t=2574 tick#975 credits=5 stance=defend | jev 975 decisions p50=1945ms
[23:15:05] t=2577 jev VEH DRON HOLD (预算保护 cash=5 aav帽=ok aav=0)
[23:15:05] t=2580 ALARM enemy approaching -> TURTLE (2 v 24, 守塔阵不打野战)
[23:15:05] {"kind": "action", "what": "attack_move", "name": null, "qty": null, "tid": null, "ts": "23:15:05"}
[23:15:07] t=2580 jev VEH DRON HOLD (预算保护 cash=5 aav帽=ok aav=0)
[23:15:09] t=2583 jev VEH HARV HOLD (预算保护 cash=5 aav帽=ok aav=0)
[23:15:11] t=2586 jev VEH DRON HOLD (预算保护 cash=5 aav帽=ok aav=0)
[23:15:14] t=2589 jev VEH DRON HOLD (预算保护 cash=5 aav帽=ok aav=0)
[23:15:14] t=2591 ALARM unit lost -> TURTLE (2 v 24, 守塔阵不打野战)
[23:15:14] {"kind": "action", "what": "attack_move", "name": null, "qty": null, "tid": null, "ts": "23:15:14"}
[23:15:16] t=2591 jev VEH DRON HOLD (预算保护 cash=5 aav帽=ok aav=0)
[23:15:18] t=2594 jev VEH DRON HOLD (预算保护 cash=5 aav帽=ok aav=0)
[23:15:20] t=2597 jev VEH DRON HOLD (预算保护 cash=5 aav帽=ok aav=0)
[23:15:22] t=2600 jev VEH DRON HOLD (预算保护 cash=5 aav帽=ok aav=0)
[23:15:22] t=2600 MOVE hold_b x1 -> (126,75)
[23:15:22] {"kind": "action", "what": "attack_move", "name": null, "qty": null, "tid": null, "ts": "23:15:22"}
[23:15:23] t=2603 ALARM enemy approaching -> TURTLE (2 v 24, 守塔阵不打野战)
[23:15:23] {"kind": "action", "what": "attack_move", "name": null, "qty": null, "tid": null, "ts": "23:15:23"}
[23:15:25] t=2603 jev VEH DRON HOLD (预算保护 cash=5 aav帽=ok aav=0)
[23:15:27] t=2606 jev VEH HTNK HOLD (预算保护 cash=5 aav帽=ok aav=0)
[23:15:29] t=2609 jev VEH HTNK HOLD (预算保护 cash=5 aav帽=ok aav=0)
[23:15:31] t=2612 jev VEH HTNK HOLD (预算保护 cash=5 aav帽=ok aav=0)
[23:15:32] t=2615 ALARM unit lost -> TURTLE (2 v 25, 守塔阵不打野战)
[23:15:32] {"kind": "action", "what": "attack_move", "name": null, "qty": null, "tid": null, "ts": "23:15:32"}
[23:15:34] t=2615 jev VEH HTNK HOLD (预算保护 cash=5 aav帽=ok aav=0)
[23:15:36] t=2618 jev VEH DRON HOLD (预算保护 cash=5 aav帽=ok aav=0)
[23:15:38] t=2621 jev VEH DRON HOLD (预算保护 cash=5 aav帽=ok aav=0)
[23:15:40] t=2624 jev VEH DRON HOLD (预算保护 cash=5 aav帽=ok aav=0)
[23:15:41] t=2627 ALARM enemy approaching -> TURTLE (2 v 24, 守塔阵不打野战)
[23:15:41] {"kind": "action", "what": "attack_move", "name": null, "qty": null, "tid": null, "ts": "23:15:41"}
[23:15:43] t=2627 jev VEH DRON HOLD (预算保护 cash=5 aav帽=ok aav=0)
[23:15:45] t=2630 jev VEH HTNK HOLD (预算保护 cash=5 aav帽=ok aav=0)
[23:15:47] t=2633 jev VEH HARV HOLD (预算保护 cash=5 aav帽=ok aav=0)
[23:15:49] t=2636 jev VEH HARV HOLD (预算保护 cash=5 aav帽=ok aav=0)
[23:15:50] t=2639 ALARM enemy approaching -> TURTLE (2 v 23, 守塔阵不打野战)
[23:15:50] {"kind": "action", "what": "attack_move", "name": null, "qty": null, "tid": null, "ts": "23:15:50"}
[23:15:51] t=2639 jev VEH HARV HOLD (预算保护 cash=5 aav帽=ok aav=0)
[23:15:54] t=2642 jev VEH HTNK HOLD (预算保护 cash=5 aav帽=ok aav=0)
[23:15:56] t=2645 jev VEH HARV HOLD (预算保护 cash=5 aav帽=ok aav=0)
[23:15:58] t=2648 jev VEH HARV HOLD (预算保护 cash=5 aav帽=ok aav=0)
[23:15:58] t=2648 MOVE hold_a x1 -> (133,86)
[23:15:58] {"kind": "action", "what": "attack_move", "name": null, "qty": null, "tid": null, "ts": "23:15:58"}
[23:15:58] t=2648 tick#1000 credits=5 stance=defend | jev 1000 decisions p50=1938ms
[23:16:00] t=2651 jev VEH HARV HOLD (预算保护 cash=5 aav帽=ok aav=0)
[23:16:02] t=2654 jev VEH HARV HOLD (预算保护 cash=5 aav帽=ok aav=0)
[23:16:05] t=2656 jev VEH HARV HOLD (预算保护 cash=5 aav帽=ok aav=0)
[23:16:07] t=2659 jev VEH HARV HOLD (预算保护 cash=5 aav帽=ok aav=0)
[23:16:09] t=2662 jev VEH HARV HOLD (预算保护 cash=5 aav帽=ok aav=0)
[23:16:11] t=2665 jev VEH HARV HOLD (预算保护 cash=5 aav帽=ok aav=0)
[23:16:13] t=2668 jev VEH HARV HOLD (预算保护 cash=5 aav帽=ok aav=0)
[23:16:16] t=2671 jev VEH HARV HOLD (预算保护 cash=5 aav帽=ok aav=0)
[23:16:18] t=2674 jev VEH HARV HOLD (预算保护 cash=5 aav帽=ok aav=0)
[23:16:20] t=2677 jev VEH HTNK HOLD (预算保护 cash=5 aav帽=ok aav=0)
[23:16:22] t=2680 jev VEH HTNK HOLD (预算保护 cash=5 aav帽=ok aav=0)
[23:16:24] t=2683 jev VEH HTNK HOLD (预算保护 cash=5 aav帽=ok aav=0)
[23:16:24] t=2683 MOVE hold_b x1 -> (126,75)
[23:16:24] {"kind": "action", "what": "attack_move", "name": null, "qty": null, "tid": null, "ts": "23:16:24"}
[23:16:26] t=2685 jev VEH HTNK HOLD (预算保护 cash=5 aav帽=ok aav=0)
[23:16:29] t=2688 jev VEH HTNK HOLD (预算保护 cash=5 aav帽=ok aav=0)
[23:16:31] t=2691 jev VEH HTNK HOLD (预算保护 cash=5 aav帽=ok aav=0)
[23:16:33] t=2694 jev VEH HTNK HOLD (预算保护 cash=5 aav帽=ok aav=0)
[23:16:35] t=2697 jev VEH HTNK HOLD (预算保护 cash=5 aav帽=ok aav=0)
[23:16:37] t=2700 jev VEH HTNK HOLD (预算保护 cash=5 aav帽=ok aav=0)
[23:16:40] t=2703 jev VEH HTNK HOLD (预算保护 cash=5 aav帽=ok aav=0)
[23:16:52] t=2720 tick#1025 credits=5 stance=defend | jev 1025 decisions p50=1932ms
[23:16:57] t=2726 jev VEH DRON HOLD (预算保护 cash=5 aav帽=ok aav=0)
[23:16:59] t=2729 jev VEH DRON HOLD (预算保护 cash=5 aav帽=ok aav=0)
[23:16:59] t=2729 MOVE hold_a x1 -> (133,86)
[23:16:59] {"kind": "action", "what": "attack_move", "name": null, "qty": null, "tid": null, "ts": "23:16:59"}
[23:17:01] t=2732 jev VEH DRON HOLD (预算保护 cash=5 aav帽=ok aav=0)
[23:17:03] t=2734 jev VEH DRON HOLD (预算保护 cash=5 aav帽=ok aav=0)
[23:17:05] t=2737 jev VEH DRON HOLD (预算保护 cash=5 aav帽=ok aav=0)
[23:17:08] t=2740 jev VEH DRON HOLD (预算保护 cash=5 aav帽=ok aav=0)
[23:17:10] t=2743 jev VEH DRON HOLD (预算保护 cash=5 aav帽=ok aav=0)
[23:17:12] t=2746 jev VEH DRON HOLD (预算保护 cash=5 aav帽=ok aav=0)
[23:17:14] t=2749 jev VEH DRON HOLD (预算保护 cash=5 aav帽=ok aav=0)
[23:17:16] t=2752 jev VEH DRON HOLD (预算保护 cash=5 aav帽=ok aav=0)
[23:17:19] t=2755 jev VEH DRON HOLD (预算保护 cash=5 aav帽=ok aav=0)
[23:17:21] t=2758 jev VEH DRON HOLD (预算保护 cash=5 aav帽=ok aav=0)
[23:17:23] t=2761 jev VEH DRON HOLD (预算保护 cash=5 aav帽=ok aav=0)
[23:17:25] t=2764 jev VEH DRON HOLD (预算保护 cash=5 aav帽=ok aav=0)
[23:17:25] t=2764 MOVE hold_b x1 -> (126,75)
[23:17:25] {"kind": "action", "what": "attack_move", "name": null, "qty": null, "tid": null, "ts": "23:17:25"}
[23:17:27] t=2766 jev VEH DRON HOLD (预算保护 cash=5 aav帽=ok aav=0)
[23:17:27] t=2769 ALARM enemy approaching -> RESCUE 预备队 2 人驰援远端 [109, 84]
[23:17:27] {"kind": "action", "what": "attack_move", "name": null, "qty": null, "tid": null, "ts": "23:17:27"}
[23:17:29] t=2769 jev VEH DRON HOLD (预算保护 cash=5 aav帽=ok aav=0)
[23:17:32] t=2772 jev VEH DRON HOLD (预算保护 cash=5 aav帽=ok aav=0)
[23:17:34] t=2775 jev VEH DRON HOLD (预算保护 cash=5 aav帽=ok aav=0)
[23:17:36] t=2778 jev VEH DRON HOLD (预算保护 cash=5 aav帽=ok aav=0)
[23:17:36] t=2781 ALARM enemy approaching -> TURTLE (2 v 27, 守塔阵不打野战)
[23:17:36] {"kind": "action", "what": "attack_move", "name": null, "qty": null, "tid": null, "ts": "23:17:36"}
[23:17:38] t=2781 jev VEH DRON HOLD (预算保护 cash=5 aav帽=ok aav=0)
[23:17:40] t=2784 jev VEH DRON HOLD (预算保护 cash=5 aav帽=ok aav=0)
[23:17:42] t=2787 jev VEH DRON HOLD (预算保护 cash=5 aav帽=ok aav=0)
[23:17:45] t=2790 jev VEH DRON HOLD (预算保护 cash=5 aav帽=ok aav=0)
[23:17:45] t=2793 ALARM enemy approaching -> TURTLE (2 v 27, 守塔阵不打野战)
[23:17:45] {"kind": "action", "what": "attack_move", "name": null, "qty": null, "tid": null, "ts": "23:17:45"}
[23:17:47] t=2793 jev VEH DRON HOLD (预算保护 cash=5 aav帽=ok aav=0)
[23:17:47] t=2793 tick#1050 credits=5 stance=defend | jev 1050 decisions p50=1923ms
[23:17:49] t=2796 jev VEH DRON HOLD (预算保护 cash=5 aav帽=ok aav=0)
[23:17:51] t=2798 jev VEH DRON HOLD (预算保护 cash=5 aav帽=ok aav=0)
[23:17:53] t=2801 jev VEH DRON HOLD (预算保护 cash=5 aav帽=ok aav=0)
[23:17:54] t=2804 ALARM enemy approaching -> RESCUE 预备队 2 人驰援远端 [120, 100]
[23:17:54] {"kind": "action", "what": "attack_move", "name": null, "qty": null, "tid": null, "ts": "23:17:54"}
[23:17:56] t=2804 jev VEH DRON HOLD (预算保护 cash=5 aav帽=ok aav=0)
[23:17:58] t=2807 jev VEH DRON HOLD (预算保护 cash=5 aav帽=ok aav=0)
[23:18:00] t=2810 jev VEH HTNK HOLD (预算保护 cash=5 aav帽=ok aav=0)
[23:18:02] t=2813 jev VEH HTNK HOLD (预算保护 cash=5 aav帽=ok aav=0)
[23:18:02] t=2813 MOVE hold_a x1 -> (133,86)
[23:18:02] {"kind": "action", "what": "attack_move", "name": null, "qty": null, "tid": null, "ts": "23:18:02"}
[23:18:04] t=2816 jev VEH HTNK HOLD (预算保护 cash=5 aav帽=ok aav=0)
[23:18:06] t=2819 jev VEH HTNK HOLD (预算保护 cash=5 aav帽=ok aav=0)
[23:18:09] t=2822 jev VEH HTNK HOLD (预算保护 cash=5 aav帽=ok aav=0)
[23:18:11] t=2825 jev VEH DRON HOLD (预算保护 cash=5 aav帽=ok aav=0)
[23:18:13] t=2827 jev VEH DRON HOLD (预算保护 cash=5 aav帽=ok aav=0)
[23:18:15] t=2830 jev VEH DRON HOLD (预算保护 cash=5 aav帽=ok aav=0)
[23:18:17] t=2833 jev VEH DRON HOLD (预算保护 cash=5 aav帽=ok aav=0)
[23:18:19] t=2836 jev VEH DRON HOLD (预算保护 cash=5 aav帽=ok aav=0)
[23:18:21] t=2839 jev VEH DRON HOLD (预算保护 cash=5 aav帽=ok aav=0)
[23:18:24] t=2842 jev VEH DRON HOLD (预算保护 cash=5 aav帽=ok aav=0)
[23:18:26] t=2845 jev VEH DRON HOLD (预算保护 cash=5 aav帽=ok aav=0)
[23:18:26] t=2845 MOVE hold_b x1 -> (126,75)
[23:18:26] {"kind": "action", "what": "attack_move", "name": null, "qty": null, "tid": null, "ts": "23:18:26"}
[23:18:28] t=2848 jev VEH DRON HOLD (预算保护 cash=5 aav帽=ok aav=0)
[23:18:30] t=2850 jev VEH DRON HOLD (预算保护 cash=5 aav帽=ok aav=0)
[23:18:32] t=2853 jev VEH DRON HOLD (预算保护 cash=5 aav帽=ok aav=0)
[23:18:35] t=2856 jev VEH DRON HOLD (预算保护 cash=5 aav帽=ok aav=0)
[23:18:37] t=2859 jev VEH DRON HOLD (预算保护 cash=5 aav帽=ok aav=0)
[23:18:39] t=2862 jev VEH DRON HOLD (预算保护 cash=5 aav帽=ok aav=0)
[23:18:41] t=2865 jev VEH DRON HOLD (预算保护 cash=5 aav帽=ok aav=0)
[23:18:41] t=2865 tick#1075 credits=5 stance=defend | jev 1075 decisions p50=1915ms
[23:18:43] t=2868 jev VEH HTNK HOLD (预算保护 cash=5 aav帽=ok aav=0)
[23:18:45] t=2871 jev VEH HTNK HOLD (预算保护 cash=5 aav帽=ok aav=0)
[23:18:47] t=2874 jev VEH HTNK HOLD (预算保护 cash=5 aav帽=ok aav=0)
[23:18:50] t=2876 jev VEH HTNK HOLD (预算保护 cash=5 aav帽=ok aav=0)
[23:18:52] t=2879 jev VEH HTNK HOLD (预算保护 cash=5 aav帽=ok aav=0)
[23:18:54] t=2882 jev VEH HTNK HOLD (预算保护 cash=5 aav帽=ok aav=0)
[23:18:56] t=2885 jev VEH DRON HOLD (预算保护 cash=5 aav帽=ok aav=0)
[23:18:58] t=2888 jev VEH DRON HOLD (预算保护 cash=5 aav帽=ok aav=0)
[23:19:00] t=2891 jev VEH DRON HOLD (预算保护 cash=5 aav帽=ok aav=0)
[23:19:02] t=2893 jev VEH DRON HOLD (预算保护 cash=5 aav帽=ok aav=0)
[23:19:02] t=2893 MOVE hold_a x1 -> (133,86)
[23:19:02] {"kind": "action", "what": "attack_move", "name": null, "qty": null, "tid": null, "ts": "23:19:02"}
[23:19:05] t=2896 jev VEH DRON HOLD (预算保护 cash=5 aav帽=ok aav=0)
[23:19:07] t=2899 jev VEH DRON HOLD (预算保护 cash=5 aav帽=ok aav=0)
[23:19:09] t=2902 jev VEH HTK HOLD (预算保护 cash=5 aav帽=ok aav=0)
[23:19:13] t=2908 jev VEH DRON HOLD (预算保护 cash=5 aav帽=ok aav=0)
[23:19:15] t=2911 jev VEH DRON HOLD (预算保护 cash=5 aav帽=ok aav=0)
[23:19:18] t=2914 jev VEH DRON HOLD (预算保护 cash=5 aav帽=ok aav=0)
[23:19:20] t=2917 jev VEH DRON HOLD (预算保护 cash=5 aav帽=ok aav=0)
[23:19:22] t=2919 jev VEH DRON HOLD (预算保护 cash=5 aav帽=ok aav=0)
[23:19:24] t=2922 jev VEH DRON HOLD (预算保护 cash=5 aav帽=ok aav=0)
[23:19:26] t=2925 jev VEH DRON HOLD (预算保护 cash=5 aav帽=ok aav=0)
[23:19:26] t=2925 MOVE hold_b x1 -> (126,75)
[23:19:26] {"kind": "action", "what": "attack_move", "name": null, "qty": null, "tid": null, "ts": "23:19:26"}
[23:19:28] t=2928 jev VEH DRON HOLD (预算保护 cash=5 aav帽=ok aav=0)
[23:19:31] t=2931 jev VEH DRON HOLD (预算保护 cash=5 aav帽=ok aav=0)
[23:19:33] t=2934 jev VEH DRON HOLD (预算保护 cash=5 aav帽=ok aav=0)
[23:19:35] t=2937 jev VEH DRON HOLD (预算保护 cash=5 aav帽=ok aav=0)
[23:19:35] t=2937 tick#1100 credits=5 stance=defend | jev 1100 decisions p50=1912ms
[23:19:37] t=2940 jev VEH DRON HOLD (预算保护 cash=5 aav帽=ok aav=0)
[23:19:39] t=2943 jev VEH DRON HOLD (预算保护 cash=5 aav帽=ok aav=0)
[23:19:41] t=2946 jev VEH DRON HOLD (预算保护 cash=5 aav帽=ok aav=0)
[23:19:42] t=2948 ALARM enemy approaching -> RESCUE 预备队 2 人驰援远端 [109, 84]
[23:19:42] {"kind": "action", "what": "attack_move", "name": null, "qty": null, "tid": null, "ts": "23:19:42"}
[23:19:44] t=2948 jev VEH DRON HOLD (预算保护 cash=5 aav帽=ok aav=0)
[23:19:46] t=2951 jev VEH HTNK HOLD (预算保护 cash=5 aav帽=ok aav=0)
[23:19:48] t=2954 jev VEH DRON HOLD (预算保护 cash=5 aav帽=ok aav=0)
[23:19:50] t=2957 jev VEH DRON HOLD (预算保护 cash=5 aav帽=ok aav=0)
[23:19:50] t=2960 ALARM enemy approaching -> TURTLE (2 v 31, 守塔阵不打野战)
[23:19:51] {"kind": "action", "what": "attack_move", "name": null, "qty": null, "tid": null, "ts": "23:19:51"}
[23:19:52] t=2960 jev VEH DRON HOLD (预算保护 cash=5 aav帽=ok aav=0)
[23:19:55] t=2963 jev VEH DRON HOLD (预算保护 cash=5 aav帽=ok aav=0)
[23:19:57] t=2966 jev VEH DRON HOLD (预算保护 cash=5 aav帽=ok aav=0)
[23:19:59] t=2969 jev VEH DRON HOLD (预算保护 cash=5 aav帽=ok aav=0)
[23:19:59] t=2972 ALARM enemy approaching -> TURTLE (2 v 32, 守塔阵不打野战)
[23:19:59] {"kind": "action", "what": "attack_move", "name": null, "qty": null, "tid": null, "ts": "23:19:59"}
[23:20:01] t=2972 jev VEH DRON HOLD (预算保护 cash=5 aav帽=ok aav=0)
[23:20:03] t=2975 jev VEH DRON HOLD (预算保护 cash=5 aav帽=ok aav=0)
[23:20:06] t=2978 jev VEH DRON HOLD (预算保护 cash=5 aav帽=ok aav=0)
[23:20:08] t=2981 jev VEH DRON HOLD (预算保护 cash=5 aav帽=ok aav=0)
[23:20:08] t=2981 MOVE hold_a x1 -> (133,86)
[23:20:08] {"kind": "action", "what": "attack_move", "name": null, "qty": null, "tid": null, "ts": "23:20:08"}
[23:20:08] t=2984 ALARM enemy approaching -> RESCUE 预备队 2 人驰援远端 [120, 99]
[23:20:08] {"kind": "action", "what": "attack_move", "name": null, "qty": null, "tid": null, "ts": "23:20:08"}
[23:20:10] t=2984 jev VEH DRON HOLD (预算保护 cash=5 aav帽=ok aav=0)
[23:20:12] t=2987 jev VEH DRON HOLD (预算保护 cash=5 aav帽=ok aav=0)
[23:20:14] t=2989 jev VEH DRON HOLD (预算保护 cash=5 aav帽=ok aav=0)
[23:20:17] t=2992 jev VEH DRON HOLD (预算保护 cash=5 aav帽=ok aav=0)
[23:20:19] t=2995 jev VEH DRON HOLD (预算保护 cash=5 aav帽=ok aav=0)
[23:20:21] t=2998 jev VEH DRON HOLD (预算保护 cash=5 aav帽=ok aav=0)
[23:20:23] t=3001 jev VEH DRON HOLD (预算保护 cash=5 aav帽=ok aav=0)
[23:20:25] t=3004 jev VEH DRON HOLD (预算保护 cash=5 aav帽=ok aav=0)
[23:20:28] t=3007 jev VEH DRON HOLD (预算保护 cash=5 aav帽=ok aav=0)
[23:20:28] t=3007 MOVE hold_b x1 -> (126,75)
[23:20:28] {"kind": "action", "what": "attack_move", "name": null, "qty": null, "tid": null, "ts": "23:20:28"}
[23:20:30] t=3010 jev VEH HTNK HOLD (预算保护 cash=5 aav帽=ok aav=0)
[23:20:30] t=3010 tick#1125 credits=5 stance=defend | jev 1125 decisions p50=1909ms
[23:20:32] t=3013 jev VEH HTNK HOLD (预算保护 cash=5 aav帽=ok aav=0)
[23:20:34] t=3016 jev VEH HTNK HOLD (预算保护 cash=5 aav帽=ok aav=0)
[23:20:36] t=3019 jev VEH DRON HOLD (预算保护 cash=5 aav帽=ok aav=0)
[23:20:39] t=3022 jev VEH HTNK HOLD (预算保护 cash=5 aav帽=ok aav=0)
[23:20:41] t=3024 jev VEH DRON HOLD (预算保护 cash=5 aav帽=ok aav=0)
[23:20:43] t=3027 jev VEH DRON HOLD (预算保护 cash=5 aav帽=ok aav=0)
[23:20:45] t=3030 jev VEH DRON HOLD (预算保护 cash=5 aav帽=ok aav=0)
[23:20:47] t=3033 jev VEH DRON HOLD (预算保护 cash=5 aav帽=ok aav=0)
[23:20:50] t=3036 jev VEH DRON HOLD (预算保护 cash=5 aav帽=ok aav=0)
[23:20:52] t=3039 jev VEH DRON HOLD (预算保护 cash=5 aav帽=ok aav=0)
[23:20:54] t=3042 jev VEH DRON HOLD (预算保护 cash=5 aav帽=ok aav=0)
[23:20:56] t=3045 jev VEH DRON HOLD (预算保护 cash=5 aav帽=ok aav=0)
[23:20:58] t=3048 jev VEH DRON HOLD (预算保护 cash=5 aav帽=ok aav=0)
[23:21:01] t=3051 jev VEH DRON HOLD (预算保护 cash=5 aav帽=ok aav=0)
[23:21:03] t=3054 jev VEH DRON HOLD (预算保护 cash=5 aav帽=ok aav=0)
[23:21:05] t=3057 jev VEH DRON HOLD (预算保护 cash=5 aav帽=ok aav=0)
[23:21:07] t=3060 jev VEH DRON HOLD (预算保护 cash=5 aav帽=ok aav=0)
[23:21:09] t=3063 jev VEH DRON HOLD (预算保护 cash=5 aav帽=ok aav=0)
[23:21:09] t=3063 MOVE hold_a x1 -> (133,86)
[23:21:09] {"kind": "action", "what": "attack_move", "name": null, "qty": null, "tid": null, "ts": "23:21:09"}
[23:21:11] t=3065 jev VEH DRON HOLD (预算保护 cash=5 aav帽=ok aav=0)
[23:21:14] t=3068 jev VEH HTK HOLD (预算保护 cash=5 aav帽=ok aav=0)
[23:21:16] t=3071 jev VEH HTK HOLD (预算保护 cash=5 aav帽=ok aav=0)
[23:21:18] t=3074 jev VEH DRON HOLD (预算保护 cash=5 aav帽=ok aav=0)
[23:21:20] t=3077 jev VEH DRON HOLD (预算保护 cash=5 aav帽=ok aav=0)
[23:21:22] t=3080 jev VEH DRON HOLD (预算保护 cash=5 aav帽=ok aav=0)
[23:21:25] t=3083 jev VEH DRON HOLD (预算保护 cash=5 aav帽=ok aav=0)
[23:21:25] t=3083 tick#1150 credits=5 stance=defend | jev 1150 decisions p50=1908ms
[23:21:27] t=3086 jev VEH DRON HOLD (预算保护 cash=5 aav帽=ok aav=0)
[23:21:29] t=3089 jev VEH HTNK HOLD (预算保护 cash=5 aav帽=ok aav=0)
[23:21:29] t=3089 MOVE hold_b x1 -> (126,75)
[23:21:29] {"kind": "action", "what": "attack_move", "name": null, "qty": null, "tid": null, "ts": "23:21:29"}
[23:21:31] t=3092 jev VEH HTNK HOLD (预算保护 cash=5 aav帽=ok aav=0)
[23:21:33] t=3094 jev VEH HTNK HOLD (预算保护 cash=5 aav帽=ok aav=0)
[23:21:35] t=3097 jev VEH HTNK HOLD (预算保护 cash=5 aav帽=ok aav=0)
[23:21:38] t=3100 jev VEH HTNK HOLD (预算保护 cash=5 aav帽=ok aav=0)
[23:21:40] t=3103 jev VEH DRON HOLD (预算保护 cash=5 aav帽=ok aav=0)
[23:21:42] t=3106 jev VEH DRON HOLD (预算保护 cash=5 aav帽=ok aav=0)
[23:21:44] t=3109 jev VEH DRON HOLD (预算保护 cash=5 aav帽=ok aav=0)
[23:21:46] t=3112 jev VEH DRON HOLD (预算保护 cash=5 aav帽=ok aav=0)
[23:21:48] t=3115 jev VEH DRON HOLD (预算保护 cash=5 aav帽=ok aav=0)
[23:21:49] t=3118 ALARM enemy approaching -> RESCUE 预备队 2 人驰援远端 [110, 85]
[23:21:49] {"kind": "action", "what": "attack_move", "name": null, "qty": null, "tid": null, "ts": "23:21:49"}
[23:21:51] t=3118 jev VEH DRON HOLD (预算保护 cash=5 aav帽=ok aav=0)
[23:21:53] t=3120 jev VEH DRON HOLD (预算保护 cash=5 aav帽=ok aav=0)
[23:21:55] t=3123 jev VEH DRON HOLD (预算保护 cash=5 aav帽=ok aav=0)
[23:21:57] t=3126 jev VEH DRON HOLD (预算保护 cash=5 aav帽=ok aav=0)
[23:21:57] t=3129 ALARM enemy approaching -> TURTLE (2 v 31, 守塔阵不打野战)
[23:21:57] {"kind": "action", "what": "attack_move", "name": null, "qty": null, "tid": null, "ts": "23:21:57"}
[23:21:59] t=3129 jev VEH DRON HOLD (预算保护 cash=5 aav帽=ok aav=0)
[23:22:01] t=3132 jev VEH DRON HOLD (预算保护 cash=5 aav帽=ok aav=0)
[23:22:04] t=3135 jev VEH DRON HOLD (预算保护 cash=5 aav帽=ok aav=0)
[23:22:06] t=3138 jev VEH DRON HOLD (预算保护 cash=5 aav帽=ok aav=0)
[23:22:06] t=3141 ALARM enemy approaching -> TURTLE (2 v 31, 守塔阵不打野战)
[23:22:06] {"kind": "action", "what": "attack_move", "name": null, "qty": null, "tid": null, "ts": "23:22:06"}
[23:22:08] t=3141 jev VEH DRON HOLD (预算保护 cash=5 aav帽=ok aav=0)
[23:22:10] t=3144 jev VEH DRON HOLD (预算保护 cash=5 aav帽=ok aav=0)
[23:22:13] t=3147 jev VEH DRON HOLD (预算保护 cash=5 aav帽=ok aav=0)
[23:22:15] t=3150 jev VEH DRON HOLD (预算保护 cash=5 aav帽=ok aav=0)
[23:22:15] t=3150 MOVE hold_a x1 -> (133,86)
[23:22:15] {"kind": "action", "what": "attack_move", "name": null, "qty": null, "tid": null, "ts": "23:22:15"}
[23:22:15] t=3153 ALARM enemy approaching -> RESCUE 预备队 2 人驰援远端 [120, 100]
[23:22:15] {"kind": "action", "what": "attack_move", "name": null, "qty": null, "tid": null, "ts": "23:22:15"}
[23:22:17] t=3153 jev VEH DRON HOLD (预算保护 cash=5 aav帽=ok aav=0)
[23:22:20] t=3156 jev VEH DRON HOLD (预算保护 cash=5 aav帽=ok aav=0)
[23:22:20] t=3156 tick#1175 credits=5 stance=defend | jev 1175 decisions p50=1906ms
[23:22:22] t=3159 jev VEH DRON HOLD (预算保护 cash=5 aav帽=ok aav=0)
[23:22:24] t=3163 jev VEH HTNK HOLD (预算保护 cash=5 aav帽=ok aav=0)
[23:22:27] t=3166 jev VEH HTNK HOLD (预算保护 cash=5 aav帽=ok aav=0)
[23:22:29] t=3169 jev VEH HTNK HOLD (预算保护 cash=5 aav帽=ok aav=0)
[23:22:29] t=3169 MOVE hold_b x1 -> (126,75)
[23:22:29] {"kind": "action", "what": "attack_move", "name": null, "qty": null, "tid": null, "ts": "23:22:29"}
[23:22:31] t=3172 jev VEH HTNK HOLD (预算保护 cash=5 aav帽=ok aav=0)
[23:22:34] t=3175 jev VEH HTNK HOLD (预算保护 cash=5 aav帽=ok aav=0)
[23:22:36] t=3178 jev VEH HTNK HOLD (预算保护 cash=5 aav帽=ok aav=0)
[23:22:38] t=3181 jev VEH HTNK HOLD (预算保护 cash=5 aav帽=ok aav=0)
[23:22:41] t=3184 jev VEH HTNK HOLD (预算保护 cash=5 aav帽=ok aav=0)
[23:22:43] t=3187 jev VEH DRON HOLD (预算保护 cash=5 aav帽=ok aav=0)
[23:22:45] t=3190 jev VEH DRON HOLD (预算保护 cash=5 aav帽=ok aav=0)
[23:22:48] t=3193 jev VEH DRON HOLD (预算保护 cash=5 aav帽=ok aav=0)
[23:22:50] t=3197 jev VEH DRON HOLD (预算保护 cash=5 aav帽=ok aav=0)
[23:22:52] t=3200 jev VEH DRON HOLD (预算保护 cash=5 aav帽=ok aav=0)
[23:22:54] t=3203 jev VEH DRON HOLD (预算保护 cash=5 aav帽=ok aav=0)
[23:22:57] t=3206 jev VEH DRON HOLD (预算保护 cash=5 aav帽=ok aav=0)
[23:22:59] t=3209 jev VEH DRON HOLD (预算保护 cash=5 aav帽=ok aav=0)
[23:23:01] t=3212 jev VEH DRON HOLD (预算保护 cash=5 aav帽=ok aav=0)
[23:23:04] t=3215 jev VEH DRON HOLD (预算保护 cash=5 aav帽=ok aav=0)
[23:23:06] t=3218 jev VEH DRON HOLD (预算保护 cash=5 aav帽=ok aav=0)
[23:23:08] t=3221 jev VEH DRON HOLD (预算保护 cash=5 aav帽=ok aav=0)
[23:23:11] t=3224 jev VEH DRON HOLD (预算保护 cash=5 aav帽=ok aav=0)
[23:23:13] t=3227 jev VEH DRON HOLD (预算保护 cash=5 aav帽=ok aav=0)
[23:23:15] t=3230 jev VEH DRON HOLD (预算保护 cash=5 aav帽=ok aav=0)
[23:23:15] t=3230 MOVE hold_a x1 -> (133,86)
[23:23:15] {"kind": "action", "what": "attack_move", "name": null, "qty": null, "tid": null, "ts": "23:23:15"}
[23:23:18] t=3233 jev VEH DRON HOLD (预算保护 cash=5 aav帽=ok aav=0)
[23:23:18] t=3233 tick#1200 credits=5 stance=defend | jev 1200 decisions p50=1908ms
[23:23:20] t=3237 jev VEH DRON HOLD (预算保护 cash=5 aav帽=ok aav=0)
[23:23:22] t=3240 jev VEH DRON HOLD (预算保护 cash=5 aav帽=ok aav=0)
[23:23:25] t=3243 jev VEH DRON HOLD (预算保护 cash=5 aav帽=ok aav=0)
[23:23:27] t=3246 jev VEH HTNK HOLD (预算保护 cash=5 aav帽=ok aav=0)
[23:23:29] t=3249 jev VEH HTNK HOLD (预算保护 cash=5 aav帽=ok aav=0)
[23:23:29] t=3249 MOVE hold_b x1 -> (126,75)
[23:23:30] {"kind": "action", "what": "attack_move", "name": null, "qty": null, "tid": null, "ts": "23:23:30"}
[23:23:32] t=3252 jev VEH HTNK HOLD (预算保护 cash=5 aav帽=ok aav=0)
[23:23:34] t=3256 jev VEH HTNK HOLD (预算保护 cash=5 aav帽=ok aav=0)
[23:23:37] t=3259 jev VEH HTNK HOLD (预算保护 cash=5 aav帽=ok aav=0)
[23:23:39] t=3262 jev VEH HTNK HOLD (预算保护 cash=5 aav帽=ok aav=0)
[23:23:41] t=3265 jev VEH HTNK HOLD (预算保护 cash=5 aav帽=ok aav=0)
[23:23:44] t=3268 jev VEH HTNK HOLD (预算保护 cash=5 aav帽=ok aav=0)
[23:23:46] t=3271 jev VEH HTNK HOLD (预算保护 cash=5 aav帽=ok aav=0)
[23:23:48] t=3274 jev VEH HTNK HOLD (预算保护 cash=5 aav帽=ok aav=0)
[23:23:50] t=3277 jev VEH HTNK HOLD (预算保护 cash=5 aav帽=ok aav=0)
[23:23:51] t=3280 ALARM enemy approaching -> RESCUE 预备队 2 人驰援远端 [109, 84]
[23:23:51] {"kind": "action", "what": "attack_move", "name": null, "qty": null, "tid": null, "ts": "23:23:51"}
[23:23:53] t=3280 jev VEH HTNK HOLD (预算保护 cash=5 aav帽=ok aav=0)
[23:23:55] t=3284 jev VEH HTNK HOLD (预算保护 cash=5 aav帽=ok aav=0)
[23:23:58] t=3287 jev VEH HTNK HOLD (预算保护 cash=5 aav帽=ok aav=0)
[23:24:00] t=3290 jev VEH HTNK HOLD (预算保护 cash=5 aav帽=ok aav=0)
[23:24:00] t=3293 ALARM enemy approaching -> TURTLE (2 v 31, 守塔阵不打野战)
[23:24:00] {"kind": "action", "what": "attack_move", "name": null, "qty": null, "tid": null, "ts": "23:24:00"}
[23:24:02] t=3293 jev VEH HTNK HOLD (预算保护 cash=5 aav帽=ok aav=0)
[23:24:05] t=3296 jev VEH HTNK HOLD (预算保护 cash=5 aav帽=ok aav=0)
[23:24:07] t=3299 jev VEH DRON HOLD (预算保护 cash=5 aav帽=ok aav=0)
[23:24:09] t=3302 jev VEH DRON HOLD (预算保护 cash=5 aav帽=ok aav=0)
[23:24:10] t=3305 ALARM enemy approaching -> TURTLE (2 v 31, 守塔阵不打野战)
[23:24:10] {"kind": "action", "what": "attack_move", "name": null, "qty": null, "tid": null, "ts": "23:24:10"}
[23:24:12] t=3305 jev VEH DRON HOLD (预算保护 cash=5 aav帽=ok aav=0)
[23:24:14] t=3309 jev VEH DRON HOLD (预算保护 cash=5 aav帽=ok aav=0)
[23:24:16] t=3312 jev VEH HTNK HOLD (预算保护 cash=5 aav帽=ok aav=0)
[23:24:16] t=3312 tick#1225 credits=5 stance=defend | jev 1225 decisions p50=1912ms
[23:24:19] t=3315 jev VEH HTNK HOLD (预算保护 cash=5 aav帽=ok aav=0)
[23:24:19] t=3315 MOVE hold_a x1 -> (133,86)
[23:24:19] {"kind": "action", "what": "attack_move", "name": null, "qty": null, "tid": null, "ts": "23:24:19"}
[23:24:19] t=3318 ALARM enemy approaching -> RESCUE 预备队 2 人驰援远端 [120, 100]
[23:24:19] {"kind": "action", "what": "attack_move", "name": null, "qty": null, "tid": null, "ts": "23:24:19"}
[23:24:21] t=3318 jev VEH HTNK HOLD (预算保护 cash=5 aav帽=ok aav=0)
[23:24:23] t=3321 jev VEH HTNK HOLD (预算保护 cash=5 aav帽=ok aav=0)
[23:24:26] t=3324 jev VEH HTNK HOLD (预算保护 cash=5 aav帽=ok aav=0)
[23:24:28] t=3327 jev VEH HTNK HOLD (预算保护 cash=5 aav帽=ok aav=0)
[23:24:30] t=3331 jev VEH HTNK HOLD (预算保护 cash=5 aav帽=ok aav=0)
[23:24:30] t=3331 MOVE hold_b x1 -> (126,75)
[23:24:31] {"kind": "action", "what": "attack_move", "name": null, "qty": null, "tid": null, "ts": "23:24:31"}
[23:24:33] t=3334 jev VEH HTNK HOLD (预算保护 cash=5 aav帽=ok aav=0)
[23:24:35] t=3337 jev VEH DRON HOLD (预算保护 cash=5 aav帽=ok aav=0)
[23:24:38] t=3340 jev VEH HTNK HOLD (预算保护 cash=5 aav帽=ok aav=0)
[23:24:41] t=3344 jev VEH HTNK HOLD (预算保护 cash=5 aav帽=ok aav=0)
[23:24:43] t=3347 jev VEH HTNK HOLD (预算保护 cash=5 aav帽=ok aav=0)
[23:24:46] t=3351 jev VEH HTNK HOLD (预算保护 cash=5 aav帽=ok aav=0)
[23:24:48] t=3354 jev VEH HTNK HOLD (预算保护 cash=5 aav帽=ok aav=0)
[23:24:51] t=3357 jev VEH HTNK HOLD (预算保护 cash=5 aav帽=ok aav=0)
[23:24:53] t=3360 jev VEH HTNK HOLD (预算保护 cash=5 aav帽=ok aav=0)
[23:24:55] t=3364 jev VEH HTNK HOLD (预算保护 cash=5 aav帽=ok aav=0)
[23:24:56] t=3367 ALARM enemy approaching -> RESCUE 预备队 2 人驰援远端 [113, 91]
[23:24:56] {"kind": "action", "what": "attack_move", "name": null, "qty": null, "tid": null, "ts": "23:24:56"}
[23:24:58] t=3367 jev VEH HTNK HOLD (预算保护 cash=5 aav帽=ok aav=0)
[23:24:58] t=3370 RUSH-DEFENSE ON (敌6压门 vs 守2) 动员兵爆产
[23:25:00] t=3370 jev VEH HTNK HOLD (预算保护 cash=5 aav帽=ok aav=0)
[23:25:03] t=3374 jev VEH HTK HOLD (预算保护 cash=5 aav帽=ok aav=0)
[23:25:05] t=3377 jev VEH HTK HOLD (预算保护 cash=5 aav帽=ok aav=0)
[23:25:06] t=3380 ALARM enemy approaching -> TURTLE (2 v 38, 守塔阵不打野战)
[23:25:06] {"kind": "action", "what": "attack_move", "name": null, "qty": null, "tid": null, "ts": "23:25:06"}
[23:25:08] t=3380 jev VEH HARV HOLD (预算保护 cash=5 aav帽=ok aav=0)
[23:25:10] t=3384 jev VEH HARV HOLD (预算保护 cash=5 aav帽=ok aav=0)
[23:25:13] t=3387 jev VEH HARV HOLD (预算保护 cash=5 aav帽=ok aav=0)
[23:25:15] t=3390 jev VEH HARV HOLD (预算保护 cash=5 aav帽=ok aav=0)
[23:25:16] t=3394 ALARM enemy approaching -> TURTLE (2 v 32, 守塔阵不打野战)
[23:25:16] {"kind": "action", "what": "attack_move", "name": null, "qty": null, "tid": null, "ts": "23:25:16"}
[23:25:18] t=3394 jev VEH HTNK HOLD (预算保护 cash=5 aav帽=ok aav=0)
[23:25:18] t=3394 tick#1250 credits=5 stance=defend | jev 1250 decisions p50=1912ms
[23:25:20] t=3397 jev VEH HTNK HOLD (预算保护 cash=5 aav帽=ok aav=0)
[23:25:23] t=3400 jev VEH HTNK HOLD (预算保护 cash=5 aav帽=ok aav=0)
[23:25:25] t=3404 jev VEH HTNK HOLD (预算保护 cash=5 aav帽=ok aav=0)
[23:25:25] t=3404 MOVE t=3404 RUSH-DEFENSE tanks x0 -> 塔线协防; hold_a x1 -> (133,86)
[23:25:25] {"kind": "action", "what": "attack_move", "name": null, "qty": null, "tid": null, "ts": "23:25:25"}
[23:25:26] t=3407 ALARM NAREFN under attack -> TURTLE (2 v 32, 守塔阵不打野战)
[23:25:26] {"kind": "action", "what": "attack_move", "name": null, "qty": null, "tid": null, "ts": "23:25:26"}
[23:25:28] t=3407 jev VEH HTNK HOLD (预算保护 cash=5 aav帽=ok aav=0)
[23:25:30] t=3410 jev VEH HTNK HOLD (预算保护 cash=5 aav帽=ok aav=0)
[23:25:33] t=3413 jev VEH HTNK HOLD (预算保护 cash=5 aav帽=ok aav=0)
[23:25:35] t=3417 jev VEH HTNK HOLD (预算保护 cash=5 aav帽=ok aav=0)
[23:25:35] t=3417 MOVE t=3417 RUSH-DEFENSE tanks x0 -> 塔线协防; hold_b x1 -> (126,75)
[23:25:35] {"kind": "action", "what": "attack_move", "name": null, "qty": null, "tid": null, "ts": "23:25:35"}
[23:25:36] t=3420 ALARM NAREFN under attack -> TURTLE (2 v 30, 守塔阵不打野战)
[23:25:36] {"kind": "action", "what": "attack_move", "name": null, "qty": null, "tid": null, "ts": "23:25:36"}
[23:25:38] t=3420 jev VEH HARV HOLD (预算保护 cash=5 aav帽=ok aav=0)
[23:25:40] t=3423 jev VEH HARV HOLD (预算保护 cash=5 aav帽=ok aav=0)
[23:25:40] {"kind": "action", "what": "produce", "name": "NAREFN", "qty": 1, "tid": null, "ts": "23:25:40"}
[23:25:40] t=3427 OPENING BUILD NAREFN
[23:25:43] t=3427 jev VEH HARV HOLD (预算保护 cash=5 aav帽=ok aav=0)
[23:25:45] t=3430 jev VEH DRON HOLD (预算保护 cash=0 aav帽=ok aav=0)
[23:25:45] t=3433 ALARM NAPOWR under attack -> TURTLE (3 v 31, 守塔阵不打野战)
[23:25:45] {"kind": "action", "what": "attack_move", "name": null, "qty": null, "tid": null, "ts": "23:25:45"}
[23:25:48] t=3433 jev INF E2 (conf 0.39)
[23:25:48] t=3433 jev VEH HTNK HOLD (预算保护 cash=0 aav帽=ok aav=0)
[23:25:48] {"kind": "action", "what": "produce", "name": "E2", "qty": 1, "tid": null, "ts": "23:25:48"}
[23:25:50] t=3436 jev VEH HTNK HOLD (预算保护 cash=0 aav帽=ok aav=0)
[23:25:53] t=3440 jev VEH HTNK HOLD (预算保护 cash=0 aav帽=ok aav=0)
[23:25:55] t=3443 jev VEH HTNK HOLD (预算保护 cash=0 aav帽=ok aav=0)
[23:25:55] t=3446 ALARM enemy approaching -> TURTLE (3 v 32, 守塔阵不打野战)
[23:25:55] {"kind": "action", "what": "attack_move", "name": null, "qty": null, "tid": null, "ts": "23:25:55"}
[23:25:58] t=3446 jev VEH HTNK HOLD (预算保护 cash=0 aav帽=ok aav=0)
[23:26:00] t=3450 jev VEH HTNK HOLD (预算保护 cash=0 aav帽=ok aav=0)
[23:26:03] t=3453 jev VEH HTNK HOLD (预算保护 cash=0 aav帽=ok aav=0)
[23:26:05] t=3457 jev VEH HTNK HOLD (预算保护 cash=0 aav帽=ok aav=0)
[23:26:06] t=3460 ALARM NAHAND under attack -> TURTLE (1 v 32, 守塔阵不打野战)
[23:26:06] {"kind": "action", "what": "attack_move", "name": null, "qty": null, "tid": null, "ts": "23:26:06"}
[23:26:08] t=3460 jev VEH HTNK HOLD (预算保护 cash=0 aav帽=ok aav=0)
[23:26:10] t=3464 jev VEH HTNK HOLD (预算保护 cash=0 aav帽=ok aav=0)
[23:26:13] t=3467 jev VEH HTNK HOLD (预算保护 cash=0 aav帽=ok aav=0)
[23:26:15] t=3470 jev VEH DRON HOLD (预算保护 cash=0 aav帽=ok aav=0)
[23:26:15] t=3473 ALARM NARADR under attack -> TURTLE (3 v 32, 守塔阵不打野战)
[23:26:16] {"kind": "action", "what": "attack_move", "name": null, "qty": null, "tid": null, "ts": "23:26:16"}
[23:26:18] t=3473 jev VEH DRON HOLD (预算保护 cash=0 aav帽=ok aav=0)
[23:26:20] t=3477 jev VEH DRON HOLD (预算保护 cash=0 aav帽=ok aav=0)
[23:26:20] t=3477 tick#1275 credits=0 stance=defend | jev 1275 decisions p50=1913ms
[23:26:23] t=3480 jev VEH DRON HOLD (预算保护 cash=0 aav帽=ok aav=0)
[23:26:25] t=3483 jev VEH DRON HOLD (预算保护 cash=0 aav帽=ok aav=0)
[23:26:26] t=3487 ALARM NAFLAK under attack -> TURTLE (2 v 32, 守塔阵不打野战)
[23:26:26] {"kind": "action", "what": "attack_move", "name": null, "qty": null, "tid": null, "ts": "23:26:26"}
[23:26:28] t=3487 jev VEH DRON HOLD (预算保护 cash=0 aav帽=ok aav=0)
[23:26:30] t=3490 jev VEH DRON HOLD (预算保护 cash=0 aav帽=ok aav=0)
[23:26:33] t=3493 jev VEH DRON HOLD (预算保护 cash=0 aav帽=ok aav=0)
[23:26:35] t=3497 jev VEH DRON HOLD (预算保护 cash=0 aav帽=ok aav=0)
[23:26:35] t=3497 MOVE t=3497 RUSH-DEFENSE tanks x0 -> 塔线协防; hold_a x1 -> (133,86)
[23:26:35] {"kind": "action", "what": "attack_move", "name": null, "qty": null, "tid": null, "ts": "23:26:35"}
[23:26:36] t=3500 ALARM NAHAND under attack -> TURTLE (1 v 33, 守塔阵不打野战)
[23:26:36] {"kind": "action", "what": "attack_move", "name": null, "qty": null, "tid": null, "ts": "23:26:36"}
[23:26:38] t=3500 jev VEH HTNK HOLD (预算保护 cash=0 aav帽=ok aav=0)
[23:26:40] t=3504 jev VEH HIND HOLD (预算保护 cash=0 aav帽=ok aav=0)
[23:26:42] t=3507 jev VEH HIND HOLD (预算保护 cash=0 aav帽=ok aav=0)
[23:26:44] t=3509 jev VEH HIND HOLD (预算保护 cash=0 aav帽=ok aav=0)
[23:26:47] t=3512 jev VEH HIND HOLD (预算保护 cash=0 aav帽=ok aav=0)
[23:26:49] t=3515 jev VEH HIND HOLD (预算保护 cash=0 aav帽=ok aav=0)
[23:26:51] t=3518 jev VEH HIND HOLD (预算保护 cash=0 aav帽=ok aav=0)
[23:26:53] t=3521 jev VEH HIND HOLD (预算保护 cash=0 aav帽=ok aav=0)
[23:26:55] t=3524 jev VEH HIND HOLD (预算保护 cash=0 aav帽=ok aav=0)
[23:26:55] t=3526 ALARM enemy approaching -> TURTLE (1 v 32, 守塔阵不打野战)
[23:26:55] {"kind": "action", "what": "attack_move", "name": null, "qty": null, "tid": null, "ts": "23:26:55"}
[23:26:57] t=3526 jev VEH HTK HOLD (预算保护 cash=0 aav帽=ok aav=0)
[23:26:57] t=3529 RETREAT E2(23%)
[23:26:57] {"kind": "action", "what": "move", "name": null, "qty": null, "tid": null, "ts": "23:26:57"}
[23:26:59] t=3529 jev VEH HTK HOLD (预算保护 cash=0 aav帽=ok aav=0)
[23:27:01] t=3532 jev VEH HTK HOLD (预算保护 cash=0 aav帽=ok aav=0)
[23:27:03] t=3534 jev VEH HTK HOLD (预算保护 cash=0 aav帽=ok aav=0)
[23:27:05] t=3537 jev VEH HTK HOLD (预算保护 cash=0 aav帽=ok aav=0)
[23:27:05] t=3540 ALARM NACNST under attack -> TURTLE (1 v 33, 守塔阵不打野战)
[23:27:05] {"kind": "action", "what": "attack_move", "name": null, "qty": null, "tid": null, "ts": "23:27:05"}
[23:27:07] t=3540 jev VEH DRON HOLD (预算保护 cash=0 aav帽=ok aav=0)
[23:27:09] t=3542 jev VEH HTK HOLD (预算保护 cash=0 aav帽=ok aav=0)
[23:27:11] t=3545 jev VEH HTK HOLD (预算保护 cash=0 aav帽=ok aav=0)
[23:27:13] t=3548 jev VEH HTK HOLD (预算保护 cash=0 aav帽=ok aav=0)
[23:27:15] t=3550 jev VEH HTK HOLD (预算保护 cash=0 aav帽=ok aav=0)
[23:27:15] t=3550 tick#1300 credits=0 stance=defend | jev 1300 decisions p50=1909ms
[23:27:17] t=3553 jev VEH HTK HOLD (预算保护 cash=0 aav帽=ok aav=0)
[23:27:19] t=3556 jev VEH HTK HOLD (预算保护 cash=0 aav帽=ok aav=0)
[23:27:21] t=3558 jev VEH HTK HOLD (预算保护 cash=0 aav帽=ok aav=0)
[23:27:23] t=3561 jev VEH HTK HOLD (预算保护 cash=0 aav帽=ok aav=0)
[23:27:23] t=3564 ALARM NAWEAP under attack -> TURTLE (5 v 32, 守塔阵不打野战)
[23:27:23] t=3564 RUSH-DEFENSE OFF (威胁解除) 恢复原公式
[23:27:25] t=3564 jev VEH HTK HOLD (预算保护 cash=5 aav帽=ok aav=0)
[23:27:27] t=3566 jev VEH HTK HOLD (预算保护 cash=5 aav帽=ok aav=0)
[23:27:28] t=3568 jev VEH HTK HOLD (预算保护 cash=5 aav帽=ok aav=0)
[23:27:30] t=3571 jev VEH HTK HOLD (预算保护 cash=5 aav帽=ok aav=0)
[23:27:32] t=3573 jev VEH HTK HOLD (预算保护 cash=5 aav帽=ok aav=0)
[23:27:39] t=3585 ALARM NAFLAK under attack -> TURTLE (4 v 32, 守塔阵不打野战)
[23:27:41] t=3585 jev VEH HARV HOLD (预算保护 cash=5 aav帽=ok aav=0)
[23:27:42] t=3587 jev VEH HARV HOLD (预算保护 cash=5 aav帽=ok aav=0)
[23:27:44] t=3590 jev VEH HARV HOLD (预算保护 cash=5 aav帽=ok aav=0)
[23:27:46] t=3592 jev VEH HARV HOLD (预算保护 cash=5 aav帽=ok aav=0)
[23:27:48] t=3594 jev VEH HARV HOLD (预算保护 cash=5 aav帽=ok aav=0)
[23:27:49] t=3597 jev VEH HARV HOLD (预算保护 cash=5 aav帽=ok aav=0)
[23:27:51] t=3599 jev VEH HTK HOLD (预算保护 cash=5 aav帽=ok aav=0)
[23:27:51] t=3601 OPENING REJECT NAHAND (40gs 无进展, 拉黑)
[23:27:57] t=3606 jev VEH HARV HOLD (预算保护 cash=5 aav帽=ok aav=0)
[23:27:57] t=3608 ALARM NAFLAK under attack -> TURTLE (1 v 34, 守塔阵不打野战)
[23:27:58] t=3608 jev VEH HTK HOLD (预算保护 cash=5 aav帽=ok aav=0)
[23:28:00] t=3611 jev VEH HARV HOLD (预算保护 cash=5 aav帽=ok aav=0)
[23:28:00] t=3611 tick#1325 credits=5 stance=defend | jev 1325 decisions p50=1908ms
[23:28:02] t=3613 jev VEH HARV HOLD (预算保护 cash=5 aav帽=ok aav=0)
[23:28:04] t=3616 jev VEH HARV HOLD (预算保护 cash=5 aav帽=ok aav=0)
[23:28:05] t=3618 jev VEH HTK HOLD (预算保护 cash=5 aav帽=ok aav=0)
[23:28:07] t=3620 jev VEH HTK HOLD (预算保护 cash=5 aav帽=ok aav=0)
[23:28:09] t=3623 jev VEH HTK HOLD (预算保护 cash=5 aav帽=ok aav=0)
[23:28:11] t=3625 jev VEH HTK HOLD (预算保护 cash=5 aav帽=ok aav=0)
[23:28:13] t=3627 jev VEH HTK HOLD (预算保护 cash=5 aav帽=ok aav=0)
[23:28:14] t=3630 jev VEH HTK HOLD (预算保护 cash=5 aav帽=ok aav=0)
[23:28:16] t=3632 jev VEH HTK HOLD (预算保护 cash=5 aav帽=ok aav=0)
[23:28:18] t=3635 jev VEH HTK HOLD (预算保护 cash=5 aav帽=ok aav=0)
[23:28:18] t=3637 ALARM NAWEAP under attack -> TURTLE (4 v 34, 守塔阵不打野战)
[23:28:20] t=3637 jev VEH HTK HOLD (预算保护 cash=5 aav帽=ok aav=0)
[2026-10-05 23:28:20] {"kind": "report", "result": "defeat", "t": 3639, "ticks": 1337, "crisis_ticks": 292, "stance": "defend", "jev": {"decisions": 1336, "errors": 0, "input_tokens": 4896222, "output_tokens": 0, "p50_ms": 1906, "p95_ms": 2216}, "enemy_base": [70, 117], "ts": "2026-10-05 23:28:20"}
[23:28:20] REVIEW game#71 defeat → game-0071-review.md | changes=0
{
  "result": "defeat",
  "t": 3639,
  "ticks": 1337,
  "crisis_ticks": 292,
  "stance": "defend",
  "jev": {
    "decisions": 1336,
    "errors": 0,
    "input_tokens": 4896222,
    "output_tokens": 0,
    "p50_ms": 1906,
    "p95_ms": 2216
  },
  "enemy_base": [
    70,
    117
  ],
  "ts": "2026-10-05 23:28:20",
  "review": {
    "game_no": 71,
    "rootcause": "def overrun",
    "auto_tuned": 0
  }
}
