[10:29:01] 进局中(全自动)...
[10:30:01] {"kind": "start", "policy": "ra2web-jev-player/1.0", "maxDecisions": 999999, "micro": {"events": [{"kind": "micro", "t": 0, "what": "start"}], "loopN": 1, "on": true, "outcome": null, "stall": false}, "ts": "10:30:01"}
[10:30:01] === ra2web-jev-player start (tick=1.5s, max_decisions=999999) ===
[10:30:01] t=1 DEPLOY mcv
[10:30:01] {"kind": "action", "what": "deploy", "ids": [1042], "ts": "10:30:01"}
[10:30:01] {"kind": "action", "what": "deploy", "name": null, "qty": null, "tid": null, "ts": "10:30:01"}
[10:30:07] t=6 jev BUILD NAPOWR HOLD (开局序列前置位保护: 等 NAREFN)
[10:30:07] t=6 jev STANCE defend->develop (conf 0.91)
[10:30:08] t=8 jev BUILD NAPOWR HOLD (开局序列前置位保护: 等 NAREFN)
[10:30:10] t=10 jev BUILD NAPOWR HOLD (开局序列前置位保护: 等 NAREFN)
[10:30:11] t=13 jev BUILD NAPOWR HOLD (开局序列前置位保护: 等 NAREFN)
[10:30:13] t=15 jev BUILD NAPOWR HOLD (开局序列前置位保护: 等 NAREFN)
[10:30:14] t=17 jev BUILD NAPOWR HOLD (开局序列前置位保护: 等 NAREFN)
[10:30:16] t=19 jev BUILD NAPOWR HOLD (开局序列前置位保护: 等 NAREFN)
[10:30:17] t=21 jev BUILD NAPOWR HOLD (开局序列前置位保护: 等 NAREFN)
[10:30:19] t=23 jev BUILD NAPOWR HOLD (开局序列前置位保护: 等 NAREFN)
[10:30:20] t=25 jev BUILD NAPOWR HOLD (开局序列前置位保护: 等 NAREFN)
[10:30:22] t=27 jev BUILD NAPOWR HOLD (开局序列前置位保护: 等 NAREFN)
[10:30:23] t=29 jev BUILD NAPOWR HOLD (开局序列前置位保护: 等 NAREFN)
[10:30:25] t=31 jev BUILD NAPOWR HOLD (开局序列前置位保护: 等 NAREFN)
[10:30:26] t=33 jev BUILD NAPOWR HOLD (开局序列前置位保护: 等 NAREFN)
[10:30:28] t=35 jev BUILD NAPOWR HOLD (开局序列前置位保护: 等 NAREFN)
[10:30:29] t=37 jev BUILD NAPOWR HOLD (开局序列前置位保护: 等 NAREFN)
[10:30:31] t=39 jev BUILD NAPOWR HOLD (开局序列前置位保护: 等 NAREFN)
[10:30:31] t=41 OPENING REJECT NAREFN (40gs 无进展, 拉黑)
[10:30:31] t=41 OPENING FALLBACK -> legacy NAPOWR-first
[10:30:31] {"kind": "action", "what": "produce", "name": "NAPOWR", "qty": 1, "tid": null, "ts": "10:30:31"}
[10:30:31] t=41 OPENING BUILD NAPOWR
[10:30:41] t=53 tick#25 credits=9662 stance=develop | jev 25 decisions p50=835ms
[10:30:51] {"kind": "action", "what": "produce", "name": "NAREFN", "qty": 1, "tid": null, "ts": "10:30:51"}
[10:30:51] t=67 OPENING BUILD NAREFN
[10:31:19] t=103 tick#50 credits=8524 stance=develop | jev 50 decisions p50=869ms
[10:31:57] t=154 tick#75 credits=7400 stance=develop | jev 75 decisions p50=881ms
[10:31:59] {"kind": "action", "what": "produce", "name": "NAHAND", "qty": 1, "tid": null, "ts": "10:31:59"}
[10:31:59] t=158 OPENING BUILD NAHAND
[10:32:18] t=183 GARRISON E2 x2 (坦克真空期常驻驻军, have 0)
[10:32:18] t=183 DEFLINE NALASR (have 0)
[10:32:18] {"kind": "action", "what": "produce", "name": "E2", "qty": 2, "tid": null, "ts": "10:32:18"}
[10:32:18] {"kind": "action", "what": "produce", "name": "NALASR", "qty": 1, "tid": null, "ts": "10:32:18"}
[10:32:18] {"kind": "action", "what": "produce", "name": "NAWEAP", "qty": 1, "tid": null, "ts": "10:32:18"}
[10:32:18] t=183 OPENING BUILD NAWEAP
[10:32:24] t=188 MOVE hold_a x1 -> (138,72)
[10:32:24] {"kind": "action", "what": "attack_move", "name": null, "qty": null, "tid": null, "ts": "10:32:24"}
[10:32:24] t=191 GARRISON E2 x2 (坦克真空期常驻驻军, have 2)
[10:32:25] t=191 MOVE hold_b x1 -> (138,85)
[10:32:25] {"kind": "action", "what": "attack_move", "name": null, "qty": null, "tid": null, "ts": "10:32:25"}
[10:32:37] t=207 DEFLINE NALASR (have 1)
[10:32:38] t=207 tick#100 credits=5631 stance=develop | jev 100 decisions p50=891ms
[10:32:48] t=222 GARRISON E2 x2 (坦克真空期常驻驻军, have 2)
[10:32:48] {"kind": "action", "what": "produce", "name": "E2", "qty": 2, "tid": null, "ts": "10:32:48"}
[10:32:54] t=231 GARRISON E2 x2 (坦克真空期常驻驻军, have 4)
[10:32:56] t=233 ALARM enemy approaching -> counter 4 vs 1 -> [128, 84]
[10:32:56] {"kind": "action", "what": "attack_move", "name": null, "qty": null, "tid": null, "ts": "10:32:56"}
[10:33:00] t=236 jev INF E2 (conf 0.30)
[10:33:04] t=243 MOVE hold_a x2 -> (136,86); hold_b x2 -> (126,78)
[10:33:04] {"kind": "action", "what": "attack_move", "name": null, "qty": null, "tid": null, "ts": "10:33:04"}
[10:33:04] {"kind": "action", "what": "attack_move", "name": null, "qty": null, "tid": null, "ts": "10:33:04"}
[10:33:17] t=261 GARRISON E2 x2 (坦克真空期常驻驻军, have 4)
[10:33:17] {"kind": "action", "what": "produce", "name": "E2", "qty": 2, "tid": null, "ts": "10:33:17"}
[10:33:18] t=261 tick#125 credits=4166 stance=defend | jev 125 decisions p50=936ms
[10:33:21] t=267 DEFLINE NALASR (have 1)
[10:33:21] {"kind": "action", "what": "produce", "name": "NALASR", "qty": 1, "tid": null, "ts": "10:33:21"}
[10:33:23] t=269 GARRISON E2 x2 (坦克真空期常驻驻军, have 6)
[10:33:26] t=273 ECON harv#2
[10:33:26] t=273 TANK HTNK x2
[10:33:26] {"kind": "action", "what": "produce", "name": "HARV", "qty": 1, "tid": null, "ts": "10:33:26"}
[10:33:26] {"kind": "action", "what": "produce", "name": "HTNK", "qty": 2, "tid": null, "ts": "10:33:26"}
[10:33:26] {"kind": "action", "what": "produce", "name": "NAHAND", "qty": 1, "tid": null, "ts": "10:33:26"}
[10:33:26] t=273 OPENING BUILD NAHAND
[10:33:38] t=289 INSURE AA building
[10:33:38] t=289 DEFLINE NALASR (have 2)
[10:33:38] {"kind": "action", "what": "produce", "name": "NAFLAK", "qty": 1, "tid": null, "ts": "10:33:38"}
[10:33:45] t=298 POWER plant (reserve 55)
[10:33:45] {"kind": "action", "what": "produce", "name": "NAPOWR", "qty": 1, "tid": null, "ts": "10:33:45"}
[10:33:46] t=300 GARRISON E2 x2 (坦克真空期常驻驻军, have 6)
[10:33:46] {"kind": "action", "what": "produce", "name": "E2", "qty": 2, "tid": null, "ts": "10:33:46"}
[10:34:01] t=317 tick#150 credits=2611 stance=defend | jev 150 decisions p50=1130ms
[10:34:05] t=324 jev BUILD NAREFN (conf 0.53)
[10:34:05] {"kind": "action", "what": "produce", "name": "NAREFN", "qty": 1, "tid": null, "ts": "10:34:05"}
[10:34:05] t=324 MOVE hold_a x4 -> (136,86); hold_b x4 -> (126,78)
[10:34:06] {"kind": "action", "what": "attack_move", "name": null, "qty": null, "tid": null, "ts": "10:34:06"}
[10:34:06] {"kind": "action", "what": "attack_move", "name": null, "qty": null, "tid": null, "ts": "10:34:06"}
[10:34:36] t=367 SCOUT #1102->[53, 186]
[10:34:36] {"kind": "action", "what": "attack_move", "name": null, "qty": null, "tid": null, "ts": "10:34:36"}
[10:34:38] t=369 SCOUT* #1102->[53, 186]
[10:34:38] {"kind": "action", "what": "attack_move", "name": null, "qty": null, "tid": null, "ts": "10:34:38"}
[10:34:41] t=371 tick#175 credits=0 stance=defend | jev 175 decisions p50=1183ms
[10:35:07] t=406 MOVE hold_a x4 -> (136,86); hold_b x4 -> (126,78)
[10:35:07] {"kind": "action", "what": "attack_move", "name": null, "qty": null, "tid": null, "ts": "10:35:07"}
[10:35:07] {"kind": "action", "what": "attack_move", "name": null, "qty": null, "tid": null, "ts": "10:35:07"}
[10:35:20] t=425 DEFLINE NALASR (have 2)
[10:35:20] {"kind": "action", "what": "produce", "name": "NALASR", "qty": 1, "tid": null, "ts": "10:35:20"}
[10:35:22] t=425 tick#200 credits=2188 stance=defend | jev 200 decisions p50=1289ms
[10:35:48] t=460 jev VEH HARV HOLD (预算保护 cash=4 aav帽=ok aav=0)
[10:35:48] t=460 MOVE assault x1 -> (137,82)
[10:35:48] {"kind": "action", "what": "attack_move", "name": null, "qty": null, "tid": null, "ts": "10:35:48"}
[10:36:01] t=477 MOVE assault x1 -> (137,82)
[10:36:01] {"kind": "action", "what": "attack_move", "name": null, "qty": null, "tid": null, "ts": "10:36:01"}
[10:36:02] t=479 tick#225 credits=0 stance=defend | jev 225 decisions p50=1348ms
[10:36:07] t=486 MOVE hold_a x4 -> (136,86); hold_b x4 -> (126,78)
[10:36:07] {"kind": "action", "what": "attack_move", "name": null, "qty": null, "tid": null, "ts": "10:36:07"}
[10:36:07] {"kind": "action", "what": "attack_move", "name": null, "qty": null, "tid": null, "ts": "10:36:07"}
[10:36:12] t=495 TANK HTNK x2
[10:36:12] {"kind": "action", "what": "produce", "name": "HTNK", "qty": 2, "tid": null, "ts": "10:36:12"}
[10:36:14] t=495 MOVE assault x1 -> (137,82)
[10:36:14] {"kind": "action", "what": "attack_move", "name": null, "qty": null, "tid": null, "ts": "10:36:14"}
[10:36:22] t=505 jev BUILD NAREFN (conf 0.45)
[10:36:22] {"kind": "action", "what": "produce", "name": "NAREFN", "qty": 1, "tid": null, "ts": "10:36:22"}
[10:36:27] t=512 MOVE assault x1 -> (137,82)
[10:36:27] {"kind": "action", "what": "attack_move", "name": null, "qty": null, "tid": null, "ts": "10:36:27"}
[10:36:40] t=529 MOVE assault x1 -> (137,82)
[10:36:40] {"kind": "action", "what": "attack_move", "name": null, "qty": null, "tid": null, "ts": "10:36:40"}
[10:36:41] t=532 MOVE guard x1 -> (137,82)
[10:36:41] {"kind": "action", "what": "attack_move", "name": null, "qty": null, "tid": null, "ts": "10:36:41"}
[10:36:43] t=534 tick#250 credits=515 stance=defend | jev 250 decisions p50=1359ms
[10:36:53] t=547 MOVE assault x1 -> (137,82)
[10:36:53] {"kind": "action", "what": "attack_move", "name": null, "qty": null, "tid": null, "ts": "10:36:53"}
[10:37:06] t=564 MOVE assault x1 -> (137,82)
[10:37:06] {"kind": "action", "what": "attack_move", "name": null, "qty": null, "tid": null, "ts": "10:37:06"}
[10:37:07] t=566 MOVE hold_a x4 -> (136,86); hold_b x4 -> (126,78)
[10:37:07] {"kind": "action", "what": "attack_move", "name": null, "qty": null, "tid": null, "ts": "10:37:07"}
[10:37:08] {"kind": "action", "what": "attack_move", "name": null, "qty": null, "tid": null, "ts": "10:37:08"}
[10:37:08] t=569 ALARM enemy approaching -> counter 10 vs 2 -> [123, 82]
[10:37:08] {"kind": "action", "what": "attack_move", "name": null, "qty": null, "tid": null, "ts": "10:37:08"}
[10:37:08] t=569 SCOUT* #1102->[14, 111]
[10:37:08] {"kind": "action", "what": "attack_move", "name": null, "qty": null, "tid": null, "ts": "10:37:08"}
[10:37:18] t=579 MOVE hold_a x4 -> (131,86); hold_b x4 -> (127,73); guard x1 -> (137,82)
[10:37:18] {"kind": "action", "what": "attack_move", "name": null, "qty": null, "tid": null, "ts": "10:37:18"}
[10:37:18] {"kind": "action", "what": "attack_move", "name": null, "qty": null, "tid": null, "ts": "10:37:18"}
[10:37:18] {"kind": "action", "what": "attack_move", "name": null, "qty": null, "tid": null, "ts": "10:37:18"}
[10:37:18] t=582 ALARM enemy approaching -> counter 8 vs 4 -> [123, 82]
[10:37:18] {"kind": "action", "what": "attack_move", "name": null, "qty": null, "tid": null, "ts": "10:37:18"}
[10:37:18] t=582 RETREAT E2(35%)
[10:37:18] t=582 RETREAT E2(27%)
[10:37:18] {"kind": "action", "what": "move", "name": null, "qty": null, "tid": null, "ts": "10:37:18"}
[10:37:18] {"kind": "action", "what": "move", "name": null, "qty": null, "tid": null, "ts": "10:37:18"}
[10:37:20] t=582 jev INF E2 HOLD (预算保护 gate=False e2=8)
[10:37:24] t=590 RETREAT HTNK(32%)
[10:37:24] {"kind": "action", "what": "move", "name": null, "qty": null, "tid": null, "ts": "10:37:24"}
[10:37:26] t=593 ALARM enemy approaching -> counter 7 vs 2 -> [124, 83]
[10:37:26] {"kind": "action", "what": "attack_move", "name": null, "qty": null, "tid": null, "ts": "10:37:26"}
[10:37:28] t=593 jev INF E2 HOLD (预算保护 gate=False e2=7)
[10:37:29] t=595 jev INF E2 HOLD (预算保护 gate=False e2=7)
[10:37:29] t=595 tick#275 credits=0 stance=defend | jev 275 decisions p50=1363ms
[10:37:31] t=597 jev INF E2 HOLD (预算保护 gate=False e2=7)
[10:37:33] t=600 jev INF E2 HOLD (预算保护 gate=False e2=7)
[10:37:34] t=602 jev INF E2 HOLD (预算保护 gate=False e2=7)
[10:37:34] t=602 MOVE assault x1 -> (137,82); hold_a x4 -> (132,86); hold_b x3 -> (126,75)
[10:37:35] {"kind": "action", "what": "attack_move", "name": null, "qty": null, "tid": null, "ts": "10:37:35"}
[10:37:35] {"kind": "action", "what": "attack_move", "name": null, "qty": null, "tid": null, "ts": "10:37:35"}
[10:37:35] {"kind": "action", "what": "attack_move", "name": null, "qty": null, "tid": null, "ts": "10:37:35"}
[10:37:35] t=604 ALARM enemy approaching -> counter 7 vs 1 -> [126, 83]
[10:37:35] {"kind": "action", "what": "attack_move", "name": null, "qty": null, "tid": null, "ts": "10:37:35"}
[10:37:36] t=604 jev INF E2 HOLD (预算保护 gate=False e2=7)
[10:37:37] t=607 RETREAT HTNK(32%)
[10:37:37] {"kind": "action", "what": "move", "name": null, "qty": null, "tid": null, "ts": "10:37:37"}
[10:37:38] t=607 jev INF E2 HOLD (预算保护 gate=False e2=7)
[10:37:40] t=609 jev INF E2 HOLD (预算保护 gate=False e2=7)
[10:37:42] t=611 jev INF E2 HOLD (预算保护 gate=False e2=7)
[10:37:43] t=614 jev INF E2 HOLD (预算保护 gate=False e2=7)
[10:37:45] t=616 jev INF E2 HOLD (预算保护 gate=False e2=7)
[10:37:47] t=618 jev INF E2 HOLD (预算保护 gate=False e2=7)
[10:37:47] t=618 MOVE assault x1 -> (137,82)
[10:37:47] {"kind": "action", "what": "attack_move", "name": null, "qty": null, "tid": null, "ts": "10:37:47"}
[10:37:48] t=621 jev INF E2 HOLD (预算保护 gate=False e2=7)
[10:37:50] t=623 jev INF E2 HOLD (预算保护 gate=False e2=7)
[10:37:52] t=625 jev INF E2 HOLD (预算保护 gate=False e2=7)
[10:37:53] t=627 jev INF E2 HOLD (预算保护 gate=False e2=7)
[10:37:54] t=630 SCOUT* #1102->[14, 138]
[10:37:54] {"kind": "action", "what": "attack_move", "name": null, "qty": null, "tid": null, "ts": "10:37:54"}
[10:37:55] t=630 jev INF E2 HOLD (预算保护 gate=False e2=7)
[10:37:57] t=632 jev INF E2 HOLD (预算保护 gate=False e2=7)
[10:37:59] t=634 jev INF E2 HOLD (预算保护 gate=False e2=7)
[10:38:00] t=636 jev INF E2 HOLD (预算保护 gate=False e2=7)
[10:38:00] t=636 MOVE assault x1 -> (137,82)
[10:38:00] {"kind": "action", "what": "attack_move", "name": null, "qty": null, "tid": null, "ts": "10:38:00"}
[10:38:02] t=639 jev INF E2 HOLD (预算保护 gate=False e2=7)
[10:38:04] t=641 jev INF E2 HOLD (预算保护 gate=False e2=7)
[10:38:05] t=643 jev INF E2 HOLD (预算保护 gate=False e2=7)
[10:38:06] t=646 TANK HTNK x1
[10:38:06] {"kind": "action", "what": "produce", "name": "HTNK", "qty": 1, "tid": null, "ts": "10:38:06"}
[10:38:07] t=646 MOVE guard x1 -> (137,82)
[10:38:07] {"kind": "action", "what": "attack_move", "name": null, "qty": null, "tid": null, "ts": "10:38:07"}
[10:38:09] t=648 jev INF E2 (conf 0.26)
[10:38:09] {"kind": "action", "what": "produce", "name": "E2", "qty": 1, "tid": null, "ts": "10:38:09"}
[10:38:09] t=650 ALARM enemy approaching -> counter 7 vs 3 -> [119, 84]
[10:38:09] {"kind": "action", "what": "attack_move", "name": null, "qty": null, "tid": null, "ts": "10:38:09"}
[10:38:13] t=653 tick#300 credits=633 stance=defend | jev 300 decisions p50=1369ms
[10:38:14] t=656 RETREAT E2(33%)
[10:38:14] {"kind": "action", "what": "move", "name": null, "qty": null, "tid": null, "ts": "10:38:14"}
[10:38:16] t=656 jev INF E2 HOLD (预算保护 gate=False e2=8)
[10:38:16] t=660 RUSH-DEFENSE ON (敌9压门 vs 守10) 动员兵爆产
[10:38:16] t=660 RUSH-DEFENSE E2 x4 (敌9压门 守10)
[10:38:18] t=660 jev INF E2 (conf 0.68)
[10:38:18] t=660 MOVE assault x1 -> (137,82); t=660 RUSH-DEFENSE tanks x1 -> 塔线协防; hold_a x4 -> (138,72); hold_b x3 -> (138,85)
[10:38:18] {"kind": "action", "what": "attack_move", "name": null, "qty": null, "tid": null, "ts": "10:38:18"}
[10:38:18] {"kind": "action", "what": "attack_move", "name": null, "qty": null, "tid": null, "ts": "10:38:18"}
[10:38:18] {"kind": "action", "what": "attack_move", "name": null, "qty": null, "tid": null, "ts": "10:38:18"}
[10:38:18] t=662 ALARM unit lost -> TURTLE (7 v 10, 守塔阵不打野战)
[10:38:18] {"kind": "action", "what": "attack_move", "name": null, "qty": null, "tid": null, "ts": "10:38:18"}
[10:38:18] t=662 RUSH-DEFENSE E2 x4 (敌10压门 守9)
[10:38:20] t=662 jev INF E2 (conf 0.65)
[10:38:20] t=664 RETREAT E2(5%)
[10:38:20] {"kind": "action", "what": "move", "name": null, "qty": null, "tid": null, "ts": "10:38:20"}
[10:38:21] t=664 jev INF E2 (conf 0.60)
[10:38:22] t=667 RUSH-DEFENSE E2 x4 (敌10压门 守8)
[10:38:23] t=667 jev INF E2 (conf 0.64)
[10:38:23] t=669 POWER plant (reserve 55)
[10:38:23] {"kind": "action", "what": "produce", "name": "NAPOWR", "qty": 1, "tid": null, "ts": "10:38:23"}
[10:38:25] t=669 jev INF E2 (conf 0.59)
[10:38:27] t=672 jev INF E2 (conf 0.62)
[10:38:27] t=672 MOVE t=672 RUSH-DEFENSE tanks x1 -> 塔线协防; hold_a x3 -> (130,86); hold_b x2 -> (128,73)
[10:38:27] {"kind": "action", "what": "attack_move", "name": null, "qty": null, "tid": null, "ts": "10:38:27"}
[10:38:27] {"kind": "action", "what": "attack_move", "name": null, "qty": null, "tid": null, "ts": "10:38:27"}
[10:38:27] t=674 ALARM enemy approaching -> TURTLE (6 v 9, 守塔阵不打野战)
[10:38:27] {"kind": "action", "what": "attack_move", "name": null, "qty": null, "tid": null, "ts": "10:38:27"}
[10:38:27] t=674 RETREAT HTNK(35%)
[10:38:27] {"kind": "action", "what": "move", "name": null, "qty": null, "tid": null, "ts": "10:38:27"}
[10:38:29] t=674 jev INF E2 (conf 0.61)
[10:38:30] t=677 jev INF E2 (conf 0.63)
[10:38:31] t=679 RETREAT E2(6%)
[10:38:31] {"kind": "action", "what": "move", "name": null, "qty": null, "tid": null, "ts": "10:38:31"}
[10:38:32] t=679 jev INF E2 (conf 0.63)
[10:38:32] t=681 RUSH-DEFENSE E2 x4 (敌8压门 守7)
[10:38:34] t=681 jev INF E2 (conf 0.63)
[10:38:34] {"kind": "action", "what": "produce", "name": "E2", "qty": 1, "tid": null, "ts": "10:38:34"}
[10:38:34] t=684 SCOUT2 #1121->[66, 121]
[10:38:34] {"kind": "action", "what": "attack_move", "name": null, "qty": null, "tid": null, "ts": "10:38:34"}
[10:38:36] t=684 jev VEH HTK HOLD (预算保护 cash=232 aav帽=ok aav=0)
[10:38:36] t=684 MOVE assault x2 -> (137,82); t=684 RUSH-DEFENSE tanks x2 -> 塔线协防
[10:38:36] {"kind": "action", "what": "attack_move", "name": null, "qty": null, "tid": null, "ts": "10:38:36"}
[10:38:36] t=686 ALARM enemy approaching -> TURTLE (6 v 8, 守塔阵不打野战)
[10:38:36] {"kind": "action", "what": "attack_move", "name": null, "qty": null, "tid": null, "ts": "10:38:36"}
[10:38:38] t=686 jev VEH DRON HOLD (预算保护 cash=102 aav帽=ok aav=0)
[10:38:38] t=689 RUSH-DEFENSE E2 x4 (敌8压门 守9)
[10:38:38] t=689 TANK HTNK x1
[10:38:38] {"kind": "action", "what": "produce", "name": "HTNK", "qty": 1, "tid": null, "ts": "10:38:38"}
[10:38:39] t=689 jev INF E2 (conf 0.57)
[10:38:40] t=691 SCOUT* #1102->[14, 100]
[10:38:40] {"kind": "action", "what": "attack_move", "name": null, "qty": null, "tid": null, "ts": "10:38:40"}
[10:38:41] t=691 jev INF E2 (conf 0.55)
[10:38:43] t=693 jev INF E2 (conf 0.59)
[10:38:43] {"kind": "action", "what": "produce", "name": "NAREFN", "qty": 1, "tid": null, "ts": "10:38:43"}
[10:38:43] t=696 OPENING BUILD NAREFN
[10:38:45] t=696 jev INF E2 (conf 0.60)
[10:38:45] t=696 MOVE t=696 RUSH-DEFENSE tanks x2 -> 塔线协防; hold_a x3 -> (130,85); hold_b x2 -> (128,72); guard x1 -> (137,82)
[10:38:45] {"kind": "action", "what": "attack_move", "name": null, "qty": null, "tid": null, "ts": "10:38:45"}
[10:38:45] {"kind": "action", "what": "attack_move", "name": null, "qty": null, "tid": null, "ts": "10:38:45"}
[10:38:45] {"kind": "action", "what": "attack_move", "name": null, "qty": null, "tid": null, "ts": "10:38:45"}
[10:38:45] t=698 ALARM enemy approaching -> TURTLE (7 v 7, 守塔阵不打野战)
[10:38:45] {"kind": "action", "what": "attack_move", "name": null, "qty": null, "tid": null, "ts": "10:38:45"}
[10:38:47] t=698 jev INF E2 (conf 0.58)
[10:38:48] t=701 jev INF E2 (conf 0.56)
[10:38:50] t=703 jev INF E2 (conf 0.54)
[10:38:52] t=705 jev INF E2 (conf 0.55)
[10:38:52] t=708 ESCORT 坦克#1276 -> 护航矿车@[125, 103]
[10:38:52] {"kind": "action", "what": "attack_move", "name": null, "qty": null, "tid": null, "ts": "10:38:52"}
[10:38:54] t=708 jev INF E2 (conf 0.50)
[10:38:54] t=708 MOVE assault x2 -> (137,82); t=708 RUSH-DEFENSE tanks x2 -> 塔线协防; hold_a x3 -> (129,85); hold_b x2 -> (129,72)
[10:38:54] {"kind": "action", "what": "attack_move", "name": null, "qty": null, "tid": null, "ts": "10:38:54"}
[10:38:54] {"kind": "action", "what": "attack_move", "name": null, "qty": null, "tid": null, "ts": "10:38:54"}
[10:38:54] {"kind": "action", "what": "attack_move", "name": null, "qty": null, "tid": null, "ts": "10:38:54"}
[10:38:54] t=710 ALARM enemy approaching -> counter 7 vs 4 -> [122, 78]
[10:38:54] {"kind": "action", "what": "attack_move", "name": null, "qty": null, "tid": null, "ts": "10:38:54"}
[10:38:56] t=710 jev INF E2 (conf 0.47)
[10:38:58] t=713 jev INF E2 (conf 0.50)
[10:38:59] t=715 jev INF E2 (conf 0.55)
[10:38:59] {"kind": "action", "what": "produce", "name": "E2", "qty": 1, "tid": null, "ts": "10:38:59"}
[10:38:59] t=715 tick#325 credits=0 stance=defend | jev 325 decisions p50=1375ms
[10:39:03] t=720 MOVE t=720 RUSH-DEFENSE tanks x2 -> 塔线协防; hold_a x3 -> (128,85)
[10:39:03] {"kind": "action", "what": "attack_move", "name": null, "qty": null, "tid": null, "ts": "10:39:03"}
[10:39:03] t=722 ALARM enemy approaching -> counter 7 vs 3 -> [122, 78]
[10:39:03] {"kind": "action", "what": "attack_move", "name": null, "qty": null, "tid": null, "ts": "10:39:03"}
[10:39:12] t=731 MOVE assault x2 -> (137,82); t=731 RUSH-DEFENSE tanks x2 -> 塔线协防; hold_a x3 -> (128,84); hold_b x2 -> (130,71)
[10:39:12] {"kind": "action", "what": "attack_move", "name": null, "qty": null, "tid": null, "ts": "10:39:12"}
[10:39:12] {"kind": "action", "what": "attack_move", "name": null, "qty": null, "tid": null, "ts": "10:39:12"}
[10:39:12] {"kind": "action", "what": "attack_move", "name": null, "qty": null, "tid": null, "ts": "10:39:12"}
[10:39:12] t=734 ALARM enemy approaching -> counter 7 vs 1 -> [121, 77]
[10:39:12] {"kind": "action", "what": "attack_move", "name": null, "qty": null, "tid": null, "ts": "10:39:12"}
[10:39:15] t=738 RUSH-DEFENSE OFF (威胁解除) 恢复原公式
[10:39:20] t=743 MOVE guard x1 -> (137,82)
[10:39:20] {"kind": "action", "what": "attack_move", "name": null, "qty": null, "tid": null, "ts": "10:39:20"}
[10:39:20] t=745 ALARM enemy approaching -> counter 7 vs 1 -> [119, 91]
[10:39:20] {"kind": "action", "what": "attack_move", "name": null, "qty": null, "tid": null, "ts": "10:39:20"}
[10:39:24] t=750 ESCORT 坦克#1276 -> 护航矿车@[127, 106]
[10:39:24] {"kind": "action", "what": "attack_move", "name": null, "qty": null, "tid": null, "ts": "10:39:24"}
[10:39:26] t=752 SCOUT* #1102->[49, 186]
[10:39:26] {"kind": "action", "what": "attack_move", "name": null, "qty": null, "tid": null, "ts": "10:39:26"}
[10:39:29] t=755 MOVE assault x2 -> (137,82); hold_a x3 -> (136,86); hold_b x2 -> (126,78)
[10:39:29] {"kind": "action", "what": "attack_move", "name": null, "qty": null, "tid": null, "ts": "10:39:29"}
[10:39:29] {"kind": "action", "what": "attack_move", "name": null, "qty": null, "tid": null, "ts": "10:39:29"}
[10:39:29] {"kind": "action", "what": "attack_move", "name": null, "qty": null, "tid": null, "ts": "10:39:29"}
[10:39:43] t=773 MOVE assault x2 -> (137,82)
[10:39:43] {"kind": "action", "what": "attack_move", "name": null, "qty": null, "tid": null, "ts": "10:39:43"}
[10:39:43] t=773 tick#350 credits=0 stance=defend | jev 350 decisions p50=1382ms
[10:39:51] t=784 MOVE guard x1 -> (137,82)
[10:39:51] {"kind": "action", "what": "attack_move", "name": null, "qty": null, "tid": null, "ts": "10:39:51"}
[10:39:53] t=786 jev VEH HARV HOLD (预算保护 cash=471 aav帽=ok aav=0)
[10:39:54] t=789 jev VEH HARV HOLD (预算保护 cash=416 aav帽=ok aav=0)
[10:39:55] t=791 ESCORT 坦克#1396 -> 护航矿车@[128, 106]
[10:39:55] {"kind": "action", "what": "attack_move", "name": null, "qty": null, "tid": null, "ts": "10:39:55"}
[10:39:56] t=791 jev VEH HARV HOLD (预算保护 cash=361 aav帽=ok aav=0)
[10:39:56] t=791 MOVE assault x3 -> (137,82)
[10:39:56] {"kind": "action", "what": "attack_move", "name": null, "qty": null, "tid": null, "ts": "10:39:56"}
[10:39:58] t=793 jev VEH HARV HOLD (预算保护 cash=305 aav帽=ok aav=0)
[10:40:00] t=796 jev VEH HARV HOLD (预算保护 cash=250 aav帽=ok aav=0)
[10:40:01] t=798 jev VEH HARV HOLD (预算保护 cash=197 aav帽=ok aav=0)
[10:40:02] t=800 ECON harv#5
[10:40:02] {"kind": "action", "what": "produce", "name": "HARV", "qty": 1, "tid": null, "ts": "10:40:02"}
[10:40:10] t=809 MOVE assault x3 -> (137,82)
[10:40:10] {"kind": "action", "what": "attack_move", "name": null, "qty": null, "tid": null, "ts": "10:40:10"}
[10:40:12] t=814 SCOUT* #1102->[49, 186]
[10:40:12] {"kind": "action", "what": "attack_move", "name": null, "qty": null, "tid": null, "ts": "10:40:12"}
[10:40:15] t=816 jev STANCE defend->rush (conf 0.46)
[10:40:15] t=816 MOVE assault x3 -> (66,121)
[10:40:15] {"kind": "action", "what": "attack_move", "name": null, "qty": null, "tid": null, "ts": "10:40:15"}
[10:40:22] t=825 MOVE guard x1 -> (137,82)
[10:40:22] {"kind": "action", "what": "attack_move", "name": null, "qty": null, "tid": null, "ts": "10:40:22"}
[10:40:25] t=830 tick#375 credits=961 stance=rush | jev 375 decisions p50=1389ms
[10:40:29] t=834 MOVE assault x3 -> (66,121)
[10:40:29] {"kind": "action", "what": "attack_move", "name": null, "qty": null, "tid": null, "ts": "10:40:29"}
[10:40:30] t=837 MOVE hold_a x3 -> (136,86); hold_b x3 -> (126,78)
[10:40:30] {"kind": "action", "what": "attack_move", "name": null, "qty": null, "tid": null, "ts": "10:40:30"}
[10:40:30] {"kind": "action", "what": "attack_move", "name": null, "qty": null, "tid": null, "ts": "10:40:30"}
[10:40:36] t=843 jev BUILD NAWEAP HOLD (资金闸门: 坦克优先, cash=1534)
[10:40:36] t=843 MOVE assault x3 -> (106,87)
[10:40:36] {"kind": "action", "what": "attack_move", "name": null, "qty": null, "tid": null, "ts": "10:40:36"}
[10:40:36] t=846 ALARM enemy approaching -> RESCUE 预备队 3 人驰援远端 [109, 84]
[10:40:36] {"kind": "action", "what": "attack_move", "name": null, "qty": null, "tid": null, "ts": "10:40:36"}
[10:40:37] t=846 jev BUILD NAWEAP HOLD (资金闸门: 坦克优先, cash=1476)
[10:40:39] t=848 jev BUILD NAWEAP HOLD (资金闸门: 坦克优先, cash=1419)
[10:40:41] t=850 jev BUILD NARADR HOLD (资金闸门: 坦克优先, cash=1362)
[10:40:43] t=853 jev BUILD NAWEAP HOLD (资金闸门: 坦克优先, cash=1305)
[10:40:43] t=855 ESCORT 坦克#1276 -> 护航矿车@[124, 103]
[10:40:43] {"kind": "action", "what": "attack_move", "name": null, "qty": null, "tid": null, "ts": "10:40:43"}
[10:40:44] t=855 jev BUILD NAWEAP HOLD (资金闸门: 坦克优先, cash=1250)
[10:40:44] t=855 MOVE assault x3 -> (113,87); hold_a x3 -> (132,86); hold_b x3 -> (127,74)
[10:40:44] {"kind": "action", "what": "attack_move", "name": null, "qty": null, "tid": null, "ts": "10:40:44"}
[10:40:44] {"kind": "action", "what": "attack_move", "name": null, "qty": null, "tid": null, "ts": "10:40:44"}
[10:40:44] {"kind": "action", "what": "attack_move", "name": null, "qty": null, "tid": null, "ts": "10:40:44"}
[10:40:45] t=858 ALARM enemy approaching -> RESCUE 预备队 3 人驰援远端 [114, 86]
[10:40:45] {"kind": "action", "what": "attack_move", "name": null, "qty": null, "tid": null, "ts": "10:40:45"}
[10:40:46] t=858 jev BUILD NAWEAP HOLD (资金闸门: 坦克优先, cash=1189)
[10:40:46] t=860 TANK HTNK x1
[10:40:46] {"kind": "action", "what": "produce", "name": "HTNK", "qty": 1, "tid": null, "ts": "10:40:46"}
[10:40:48] t=860 jev BUILD NARADR HOLD (资金闸门: 坦克优先, cash=1185)
[10:40:50] t=862 jev BUILD NARADR HOLD (资金闸门: 坦克优先, cash=1127)
[10:40:51] t=865 jev BUILD NARADR HOLD (资金闸门: 坦克优先, cash=1070)
[10:40:53] t=867 jev BUILD NARADR HOLD (资金闸门: 坦克优先, cash=1015)
[10:40:53] t=867 MOVE assault x3 -> (66,121); guard x1 -> (137,82)
[10:40:53] {"kind": "action", "what": "attack_move", "name": null, "qty": null, "tid": null, "ts": "10:40:53"}
[10:40:53] {"kind": "action", "what": "attack_move", "name": null, "qty": null, "tid": null, "ts": "10:40:53"}
[10:40:55] t=869 jev BUILD NARADR HOLD (资金闸门: 坦克优先, cash=957)
[10:40:56] t=871 jev BUILD NARADR HOLD (资金闸门: 坦克优先, cash=902)
[10:40:58] t=873 jev BUILD NARADR HOLD (资金闸门: 坦克优先, cash=847)
[10:40:58] t=876 SCOUT* #1102->[14, 132]
[10:40:58] {"kind": "action", "what": "attack_move", "name": null, "qty": null, "tid": null, "ts": "10:40:58"}
[10:41:00] t=876 jev BUILD NARADR HOLD (资金闸门: 坦克优先, cash=794)
[10:41:01] t=878 jev BUILD NARADR HOLD (资金闸门: 坦克优先, cash=737)
[10:41:03] t=880 jev BUILD NARADR HOLD (资金闸门: 坦克优先, cash=682)
[10:41:05] t=882 jev BUILD NAWEAP HOLD (资金闸门: 坦克优先, cash=627)
[10:41:05] t=882 MOVE assault x3 -> (120,106)
[10:41:05] {"kind": "action", "what": "attack_move", "name": null, "qty": null, "tid": null, "ts": "10:41:05"}
[10:41:06] t=885 jev BUILD NAWEAP HOLD (资金闸门: 坦克优先, cash=569)
[10:41:06] t=885 MOVE assault x3 -> (120,102)
[10:41:06] {"kind": "action", "what": "attack_move", "name": null, "qty": null, "tid": null, "ts": "10:41:06"}
[10:41:07] t=887 ALARM enemy approaching -> RESCUE 预备队 3 人驰援远端 [120, 99]
[10:41:07] {"kind": "action", "what": "attack_move", "name": null, "qty": null, "tid": null, "ts": "10:41:07"}
[10:41:08] t=887 jev BUILD NAWEAP HOLD (资金闸门: 坦克优先, cash=509)
[10:41:08] t=887 tick#400 credits=509 stance=rush | jev 400 decisions p50=1394ms
[10:41:10] t=889 jev BUILD NAWEAP HOLD (资金闸门: 坦克优先, cash=450)
[10:41:12] t=892 jev BUILD NAWEAP HOLD (资金闸门: 坦克优先, cash=394)
[10:41:13] t=894 jev BUILD NAWEAP HOLD (资金闸门: 坦克优先, cash=335)
[10:41:14] t=896 ESCORT 坦克#1121 -> 护航矿车@[130, 105]
[10:41:14] {"kind": "action", "what": "attack_move", "name": null, "qty": null, "tid": null, "ts": "10:41:14"}
[10:41:15] t=896 jev BUILD NAWEAP HOLD (资金闸门: 坦克优先, cash=285)
[10:41:15] t=896 jev VEH DRON HOLD (预算保护 cash=285 aav帽=ok aav=0)
[10:41:15] t=896 ATTACK (tanks=6)
[10:41:15] t=896 MOVE assault x4 -> (119,89); hold_a x3 -> (133,86); hold_b x3 -> (126,76)
[10:41:15] {"kind": "action", "what": "attack_move", "name": null, "qty": null, "tid": null, "ts": "10:41:15"}
[10:41:15] {"kind": "action", "what": "attack_move", "name": null, "qty": null, "tid": null, "ts": "10:41:15"}
[10:41:15] {"kind": "action", "what": "attack_move", "name": null, "qty": null, "tid": null, "ts": "10:41:15"}
[10:41:16] t=899 ALARM enemy approaching -> 攻势保持（塔阵守家, 前线 10 个单位继续进攻）
[10:41:17] t=899 jev BUILD NAWEAP HOLD (资金闸门: 坦克优先, cash=285)
[10:41:17] t=899 jev VEH DRON HOLD (预算保护 cash=285 aav帽=ok aav=0)
[10:41:17] t=899 jev STANCE attack->rush (conf 0.46)
[10:41:17] t=899 ATTACK (tanks=6)
[10:41:17] t=899 MOVE assault x4 -> (117,88); hold_b x3 -> (126,75)
[10:41:17] {"kind": "action", "what": "attack_move", "name": null, "qty": null, "tid": null, "ts": "10:41:17"}
[10:41:17] {"kind": "action", "what": "attack_move", "name": null, "qty": null, "tid": null, "ts": "10:41:17"}
[10:41:17] t=901 ALARM enemy approaching -> RESCUE 预备队 3 人驰援远端 [115, 88]
[10:41:17] {"kind": "action", "what": "attack_move", "name": null, "qty": null, "tid": null, "ts": "10:41:17"}
[10:41:19] t=901 jev BUILD NARADR HOLD (资金闸门: 坦克优先, cash=285)
[10:41:19] t=901 jev VEH DRON HOLD (预算保护 cash=285 aav帽=ok aav=0)
[10:41:19] t=901 jev STANCE attack->rush (conf 0.49)
[10:41:19] t=901 ATTACK (tanks=6)
[10:41:21] t=903 jev BUILD NARADR HOLD (资金闸门: 坦克优先, cash=285)
[10:41:21] t=903 jev VEH DRON HOLD (预算保护 cash=285 aav帽=ok aav=0)
[10:41:21] t=903 jev STANCE attack->rush (conf 0.48)
[10:41:21] t=903 ATTACK (tanks=6)
[10:41:22] t=906 jev BUILD NAWEAP HOLD (资金闸门: 坦克优先, cash=285)
[10:41:22] t=906 jev VEH DRON HOLD (预算保护 cash=285 aav帽=ok aav=0)
[10:41:22] t=906 jev STANCE attack->rush (conf 0.48)
[10:41:22] t=906 ATTACK (tanks=6)
[10:41:23] t=908 RETREAT HTNK(23%)
[10:41:23] {"kind": "action", "what": "move", "name": null, "qty": null, "tid": null, "ts": "10:41:23"}
[10:41:24] t=908 jev BUILD NAWEAP HOLD (资金闸门: 坦克优先, cash=285)
[10:41:24] t=908 jev VEH DRON HOLD (预算保护 cash=285 aav帽=ok aav=0)
[10:41:24] t=908 jev STANCE attack->rush (conf 0.49)
[10:41:24] t=908 ATTACK (tanks=6)
[10:41:26] t=910 jev BUILD NAWEAP HOLD (资金闸门: 坦克优先, cash=285)
[10:41:26] t=910 jev VEH DRON HOLD (预算保护 cash=285 aav帽=ok aav=0)
[10:41:26] t=910 jev STANCE attack->rush (conf 0.48)
[10:41:26] t=910 ATTACK (tanks=6)
[10:41:26] t=910 MOVE assault x4 -> (110,85); hold_a x3 -> (131,86); hold_b x3 -> (127,73); guard x1 -> (137,82)
[10:41:26] {"kind": "action", "what": "attack_move", "name": null, "qty": null, "tid": null, "ts": "10:41:26"}
[10:41:26] {"kind": "action", "what": "attack_move", "name": null, "qty": null, "tid": null, "ts": "10:41:26"}
[10:41:26] {"kind": "action", "what": "attack_move", "name": null, "qty": null, "tid": null, "ts": "10:41:26"}
[10:41:26] {"kind": "action", "what": "attack_move", "name": null, "qty": null, "tid": null, "ts": "10:41:26"}
[10:41:28] t=913 jev BUILD NARADR HOLD (资金闸门: 坦克优先, cash=285)
[10:41:28] t=913 jev VEH HARV HOLD (预算保护 cash=285 aav帽=ok aav=0)
[10:41:28] t=913 jev STANCE attack->rush (conf 0.51)
[10:41:28] t=913 ATTACK (tanks=6)
[10:41:28] t=913 MOVE assault x4 -> (66,121)
[10:41:28] {"kind": "action", "what": "attack_move", "name": null, "qty": null, "tid": null, "ts": "10:41:28"}
[10:41:28] t=915 TANK HTNK x2
[10:41:28] {"kind": "action", "what": "produce", "name": "HTNK", "qty": 2, "tid": null, "ts": "10:41:28"}
[10:41:29] t=915 jev BUILD NARADR HOLD (资金闸门: 坦克优先, cash=1410)
[10:41:29] t=915 jev STANCE attack->rush (conf 0.53)
[10:41:29] t=915 ATTACK (tanks=6)
[10:41:31] t=917 jev BUILD NARADR HOLD (资金闸门: 坦克优先, cash=1355)
[10:41:31] t=917 jev STANCE attack->rush (conf 0.52)
[10:41:31] t=917 ATTACK (tanks=6)
[10:41:33] t=920 jev BUILD NARADR HOLD (资金闸门: 坦克优先, cash=1299)
[10:41:33] t=920 jev STANCE attack->rush (conf 0.53)
[10:41:33] t=920 ATTACK (tanks=6)
[10:41:34] t=922 jev BUILD NARADR HOLD (资金闸门: 坦克优先, cash=1244)
[10:41:34] t=922 jev STANCE attack->rush (conf 0.51)
[10:41:34] t=922 ATTACK (tanks=6)
[10:41:36] t=924 jev BUILD NARADR HOLD (资金闸门: 坦克优先, cash=1189)
[10:41:36] t=924 jev STANCE attack->rush (conf 0.52)
[10:41:36] t=924 ATTACK (tanks=6)
[10:41:38] t=926 jev BUILD NARADR HOLD (资金闸门: 坦克优先, cash=1134)
[10:41:38] t=926 jev STANCE attack->rush (conf 0.53)
[10:41:38] t=926 ATTACK (tanks=6)
[10:41:38] {"kind": "action", "what": "produce", "name": "NAWEAP", "qty": 1, "tid": null, "ts": "10:41:38"}
[10:41:38] t=929 OPENING BUILD NAWEAP
[10:41:39] t=929 jev STANCE attack->rush (conf 0.47)
[10:41:39] t=929 ATTACK (tanks=6)
[10:41:39] t=929 MOVE assault x4 -> (100,100)
[10:41:39] {"kind": "action", "what": "attack_move", "name": null, "qty": null, "tid": null, "ts": "10:41:39"}
[10:41:41] t=931 jev STANCE attack->rush (conf 0.46)
[10:41:41] t=931 ATTACK (tanks=6)
[10:41:41] t=931 MOVE assault x4 -> (101,100)
[10:41:41] {"kind": "action", "what": "attack_move", "name": null, "qty": null, "tid": null, "ts": "10:41:41"}
[10:41:44] t=937 ESCORT 坦克#1121 -> 护航矿车@[129, 105]
[10:41:44] {"kind": "action", "what": "attack_move", "name": null, "qty": null, "tid": null, "ts": "10:41:44"}
[10:41:44] t=937 SCOUT* #1102->[14, 108]
[10:41:44] {"kind": "action", "what": "attack_move", "name": null, "qty": null, "tid": null, "ts": "10:41:44"}
[10:41:47] t=941 ALARM unit lost -> 攻势保持（塔阵守家, 前线 9 个单位继续进攻）
[10:41:49] t=941 MOVE assault x3 -> (104,99); hold_a x3 -> (138,72); hold_b x3 -> (138,85)
[10:41:49] {"kind": "action", "what": "attack_move", "name": null, "qty": null, "tid": null, "ts": "10:41:49"}
[10:41:49] {"kind": "action", "what": "attack_move", "name": null, "qty": null, "tid": null, "ts": "10:41:49"}
[10:41:49] {"kind": "action", "what": "attack_move", "name": null, "qty": null, "tid": null, "ts": "10:41:49"}
[10:41:49] t=943 RETREAT HTNK(32%)
[10:41:49] {"kind": "action", "what": "move", "name": null, "qty": null, "tid": null, "ts": "10:41:49"}
[10:41:51] t=943 MOVE assault x3 -> (105,96)
[10:41:51] {"kind": "action", "what": "attack_move", "name": null, "qty": null, "tid": null, "ts": "10:41:51"}
[10:41:53] t=946 MOVE assault x3 -> (103,98)
[10:41:53] {"kind": "action", "what": "attack_move", "name": null, "qty": null, "tid": null, "ts": "10:41:53"}
[10:41:53] t=948 ALARM unit lost -> 攻势保持（塔阵守家, 前线 8 个单位继续进攻）
[10:41:54] t=948 MOVE assault x2 -> (102,97)
[10:41:54] {"kind": "action", "what": "attack_move", "name": null, "qty": null, "tid": null, "ts": "10:41:54"}
[10:41:54] t=948 tick#425 credits=1235 stance=attack | jev 425 decisions p50=1426ms
[10:41:56] t=951 MOVE assault x2 -> (104,95); guard x1 -> (137,82)
[10:41:56] {"kind": "action", "what": "attack_move", "name": null, "qty": null, "tid": null, "ts": "10:41:56"}
[10:41:56] {"kind": "action", "what": "attack_move", "name": null, "qty": null, "tid": null, "ts": "10:41:56"}
[10:41:57] t=953 ALARM unit lost -> 攻势保持（塔阵守家, 前线 9 个单位继续进攻）
[10:41:57] t=953 SCOUT #1121->[14, 178] (敌影)
[10:41:57] {"kind": "action", "what": "attack_move", "name": null, "qty": null, "tid": null, "ts": "10:41:57"}
[10:41:58] t=953 MOVE assault x2 -> (104,93)
[10:41:58] {"kind": "action", "what": "attack_move", "name": null, "qty": null, "tid": null, "ts": "10:41:58"}
[10:42:00] t=956 MOVE assault x2 -> (104,90)
[10:42:00] {"kind": "action", "what": "attack_move", "name": null, "qty": null, "tid": null, "ts": "10:42:00"}
[10:42:02] t=958 MOVE assault x2 -> (105,89)
[10:42:02] {"kind": "action", "what": "attack_move", "name": null, "qty": null, "tid": null, "ts": "10:42:02"}
[10:42:04] t=961 MOVE assault x2 -> (106,87)
[10:42:04] {"kind": "action", "what": "attack_move", "name": null, "qty": null, "tid": null, "ts": "10:42:04"}
[10:42:06] t=963 jev INF E2 HOLD (预算保护 gate=False e2=6)
[10:42:06] t=963 MOVE assault x2 -> (107,86)
[10:42:06] {"kind": "action", "what": "attack_move", "name": null, "qty": null, "tid": null, "ts": "10:42:06"}
[10:42:07] t=967 ALARM enemy approaching -> RESCUE 预备队 3 人驰援远端 [110, 83]
[10:42:07] {"kind": "action", "what": "attack_move", "name": null, "qty": null, "tid": null, "ts": "10:42:07"}
[10:42:09] t=967 jev INF E2 HOLD (预算保护 gate=False e2=6)
[10:42:11] t=970 jev INF E2 HOLD (预算保护 gate=False e2=6)
[10:42:13] t=973 jev INF E2 HOLD (预算保护 gate=False e2=6)
[10:42:15] t=975 jev INF E2 HOLD (预算保护 gate=False e2=6)
[10:42:15] t=975 MOVE assault x2 -> (117,80); hold_a x3 -> (129,85); hold_b x3 -> (129,72)
[10:42:15] {"kind": "action", "what": "attack_move", "name": null, "qty": null, "tid": null, "ts": "10:42:15"}
[10:42:15] {"kind": "action", "what": "attack_move", "name": null, "qty": null, "tid": null, "ts": "10:42:15"}
[10:42:15] {"kind": "action", "what": "attack_move", "name": null, "qty": null, "tid": null, "ts": "10:42:15"}
[10:42:15] t=978 ALARM enemy approaching -> 攻势保持（塔阵守家, 前线 9 个单位继续进攻）
[10:42:17] t=978 jev INF E2 HOLD (预算保护 gate=False e2=6)
[10:42:17] t=978 MOVE assault x2 -> (119,80); hold_b x3 -> (128,72)
[10:42:17] {"kind": "action", "what": "attack_move", "name": null, "qty": null, "tid": null, "ts": "10:42:17"}
[10:42:17] {"kind": "action", "what": "attack_move", "name": null, "qty": null, "tid": null, "ts": "10:42:17"}
[10:42:17] t=980 ALARM enemy approaching -> 攻势保持（塔阵守家, 前线 9 个单位继续进攻）
[10:42:19] t=980 jev INF E2 (conf 0.34)
[10:42:19] {"kind": "action", "what": "produce", "name": "E2", "qty": 1, "tid": null, "ts": "10:42:19"}
[10:42:19] t=980 MOVE assault x2 -> (122,80)
[10:42:19] {"kind": "action", "what": "attack_move", "name": null, "qty": null, "tid": null, "ts": "10:42:19"}
[10:42:20] t=983 MOVE assault x2 -> (101,99)
[10:42:20] {"kind": "action", "what": "attack_move", "name": null, "qty": null, "tid": null, "ts": "10:42:20"}
[10:42:22] t=985 MOVE assault x2 -> (102,98)
[10:42:22] {"kind": "action", "what": "attack_move", "name": null, "qty": null, "tid": null, "ts": "10:42:22"}
[10:42:24] t=988 jev INF E2 (conf 0.42)
[10:42:24] t=988 MOVE assault x2 -> (103,97)
[10:42:24] {"kind": "action", "what": "attack_move", "name": null, "qty": null, "tid": null, "ts": "10:42:24"}
[10:42:26] t=990 jev INF E2 (conf 0.40)
[10:42:26] t=990 MOVE assault x2 -> (104,96)
[10:42:26] {"kind": "action", "what": "attack_move", "name": null, "qty": null, "tid": null, "ts": "10:42:26"}
[10:42:28] t=993 jev INF E2 (conf 0.43)
[10:42:28] t=993 MOVE assault x2 -> (105,95); guard x1 -> (137,82)
[10:42:28] {"kind": "action", "what": "attack_move", "name": null, "qty": null, "tid": null, "ts": "10:42:28"}
[10:42:28] {"kind": "action", "what": "attack_move", "name": null, "qty": null, "tid": null, "ts": "10:42:28"}
[10:42:28] t=995 V3-RESPONSE HTK x2 (alive 0, seen t0 fire t1000000995)
[10:42:28] {"kind": "action", "what": "produce", "name": "HTK", "qty": 2, "tid": null, "ts": "10:42:28"}
[10:42:30] t=995 jev INF E2 (conf 0.37)
[10:42:30] t=995 MOVE assault x3 -> (106,94)
[10:42:30] {"kind": "action", "what": "attack_move", "name": null, "qty": null, "tid": null, "ts": "10:42:30"}
[10:42:30] t=998 SCOUT* #1121->[14, 88]
[10:42:30] {"kind": "action", "what": "attack_move", "name": null, "qty": null, "tid": null, "ts": "10:42:30"}
[10:42:32] t=998 jev INF E2 (conf 0.36)
[10:42:32] t=998 MOVE assault x3 -> (106,93)
[10:42:32] {"kind": "action", "what": "attack_move", "name": null, "qty": null, "tid": null, "ts": "10:42:32"}
[10:42:34] t=1001 jev INF E2 (conf 0.38)
[10:42:34] t=1001 MOVE assault x3 -> (106,91)
[10:42:34] {"kind": "action", "what": "attack_move", "name": null, "qty": null, "tid": null, "ts": "10:42:34"}
[10:42:35] t=1003 jev INF E2 (conf 0.36)
[10:42:37] t=1005 jev INF E2 (conf 0.35)
[10:42:39] t=1008 jev INF E2 (conf 0.34)
[10:42:39] t=1008 MOVE assault x3 -> (106,89)
[10:42:39] {"kind": "action", "what": "attack_move", "name": null, "qty": null, "tid": null, "ts": "10:42:39"}
[10:42:41] t=1010 jev INF E2 (conf 0.32)
[10:42:41] t=1010 MOVE assault x3 -> (105,92)
[10:42:41] {"kind": "action", "what": "attack_move", "name": null, "qty": null, "tid": null, "ts": "10:42:41"}
[10:42:41] t=1013 ESCORT 坦克#1721 -> 护航矿车@[128, 104]
[10:42:41] {"kind": "action", "what": "attack_move", "name": null, "qty": null, "tid": null, "ts": "10:42:41"}
[10:42:43] t=1013 jev INF E2 (conf 0.33)
[10:42:43] t=1013 tick#450 credits=2778 stance=attack | jev 450 decisions p50=1448ms
[10:42:45] t=1015 jev INF E2 (conf 0.36)
[10:42:45] {"kind": "action", "what": "produce", "name": "E2", "qty": 1, "tid": null, "ts": "10:42:45"}
[10:42:45] t=1015 MOVE aahunt x1 -> (124,79)
[10:42:45] {"kind": "action", "what": "attack_move", "name": null, "qty": null, "tid": null, "ts": "10:42:45"}
[10:42:50] t=1023 jev INF E2 (conf 0.31)
[10:42:51] t=1025 RETREAT HTNK(33%)
[10:42:51] {"kind": "action", "what": "move", "name": null, "qty": null, "tid": null, "ts": "10:42:51"}
[10:42:52] t=1025 jev INF E2 (conf 0.29)
[10:42:53] t=1028 V3-RESPONSE HTK x2 (alive 2, seen t0 fire t1000001028)
[10:42:53] t=1028 TANK HTNK x1
[10:42:53] {"kind": "action", "what": "produce", "name": "HTNK", "qty": 1, "tid": null, "ts": "10:42:53"}
[10:42:53] {"kind": "action", "what": "produce", "name": "NAWEAP", "qty": 1, "tid": null, "ts": "10:42:53"}
[10:42:53] t=1028 OPENING BUILD NAWEAP
[10:42:54] t=1028 jev INF E2 (conf 0.25)
[10:42:54] t=1028 MOVE assault x3 -> (105,92)
[10:42:54] {"kind": "action", "what": "attack_move", "name": null, "qty": null, "tid": null, "ts": "10:42:54"}
[10:42:56] t=1031 jev INF E2 (conf 0.25)
[10:42:58] t=1033 jev INF E2 (conf 0.30)
[10:42:58] t=1033 MOVE guard x1 -> (137,82)
[10:42:58] {"kind": "action", "what": "attack_move", "name": null, "qty": null, "tid": null, "ts": "10:42:58"}
[10:43:00] t=1036 jev INF E2 (conf 0.29)
[10:43:00] t=1038 ALARM unit lost -> 攻势保持（塔阵守家, 前线 13 个单位继续进攻）
[10:43:02] t=1038 jev INF E2 (conf 0.29)
[10:43:02] t=1038 MOVE hold_a x4 -> (138,72); hold_b x4 -> (138,85); aahunt x2 -> (134,79)
[10:43:02] {"kind": "action", "what": "attack_move", "name": null, "qty": null, "tid": null, "ts": "10:43:02"}
[10:43:02] {"kind": "action", "what": "attack_move", "name": null, "qty": null, "tid": null, "ts": "10:43:02"}
[10:43:02] {"kind": "action", "what": "attack_move", "name": null, "qty": null, "tid": null, "ts": "10:43:02"}
[10:43:04] t=1041 jev INF E2 (conf 0.30)
[10:43:06] t=1043 jev INF E2 (conf 0.31)
[10:43:07] t=1046 jev INF E2 (conf 0.29)
[10:43:07] t=1046 MOVE assault x2 -> (105,92)
[10:43:07] {"kind": "action", "what": "attack_move", "name": null, "qty": null, "tid": null, "ts": "10:43:07"}
[10:43:08] t=1048 V3-RESPONSE HTK x2 (alive 2, seen t0 fire t1000001048)
[10:43:08] {"kind": "action", "what": "produce", "name": "HTK", "qty": 2, "tid": null, "ts": "10:43:08"}
[10:43:09] t=1048 jev INF E2 (conf 0.30)
[10:43:10] t=1051 RETREAT HTNK(38%)
[10:43:10] {"kind": "action", "what": "move", "name": null, "qty": null, "tid": null, "ts": "10:43:10"}
[10:43:11] t=1051 jev INF E2 (conf 0.30)
[10:43:11] {"kind": "action", "what": "produce", "name": "E2", "qty": 1, "tid": null, "ts": "10:43:11"}
[10:43:17] t=1058 jev INF E2 HOLD (预算保护 gate=False e2=9)
[10:43:17] t=1061 ESCORT 坦克#1721 -> 护航矿车@[124, 102]
[10:43:17] {"kind": "action", "what": "attack_move", "name": null, "qty": null, "tid": null, "ts": "10:43:17"}
[10:43:19] t=1061 jev INF E2 HOLD (预算保护 gate=False e2=9)
[10:43:20] t=1063 jev INF E2 HOLD (预算保护 gate=False e2=9)
[10:43:20] t=1063 jev VEH HTK HOLD (预算保护 cash=343 aav帽=hit aav=4)
[10:43:20] t=1063 MOVE assault x3 -> (105,92)
[10:43:21] {"kind": "action", "what": "attack_move", "name": null, "qty": null, "tid": null, "ts": "10:43:21"}
[10:43:22] t=1066 jev INF E2 HOLD (预算保护 gate=False e2=9)
[10:43:22] t=1066 jev VEH HTK HOLD (预算保护 cash=284 aav帽=hit aav=4)
[10:43:23] t=1068 TANK HTNK x2
[10:43:23] {"kind": "action", "what": "produce", "name": "HTNK", "qty": 2, "tid": null, "ts": "10:43:23"}
[10:43:24] t=1068 jev INF E2 (conf 0.30)
[10:43:24] t=1068 MOVE assault x3 -> (106,92)
[10:43:24] {"kind": "action", "what": "attack_move", "name": null, "qty": null, "tid": null, "ts": "10:43:24"}
[10:43:26] t=1071 jev INF E2 (conf 0.29)
[10:43:26] t=1071 MOVE assault x3 -> (105,92)
[10:43:26] {"kind": "action", "what": "attack_move", "name": null, "qty": null, "tid": null, "ts": "10:43:26"}
[10:43:28] t=1073 jev INF E2 (conf 0.28)
[10:43:30] t=1076 jev INF E2 HOLD (预算保护 gate=False e2=9)
[10:43:30] t=1076 MOVE guard x1 -> (137,82)
[10:43:30] {"kind": "action", "what": "attack_move", "name": null, "qty": null, "tid": null, "ts": "10:43:30"}
[10:43:30] t=1076 tick#475 credits=797 stance=attack | jev 475 decisions p50=1459ms
[10:43:32] t=1078 jev INF E2 HOLD (预算保护 gate=False e2=9)
[10:43:33] t=1080 jev INF E2 HOLD (预算保护 gate=False e2=9)
[10:43:33] t=1080 MOVE aahunt x4 -> (134,79)
[10:43:33] {"kind": "action", "what": "attack_move", "name": null, "qty": null, "tid": null, "ts": "10:43:33"}
[10:43:35] t=1083 jev INF E2 HOLD (预算保护 gate=False e2=9)
[10:43:37] t=1085 jev INF E2 HOLD (预算保护 gate=False e2=9)
[10:43:39] t=1088 jev INF E2 HOLD (预算保护 gate=False e2=9)
[10:43:39] t=1088 MOVE assault x4 -> (105,92)
[10:43:39] {"kind": "action", "what": "attack_move", "name": null, "qty": null, "tid": null, "ts": "10:43:39"}
[10:43:41] t=1090 jev INF E2 HOLD (预算保护 gate=False e2=9)
[10:43:43] t=1092 jev INF E2 HOLD (预算保护 gate=False e2=9)
[10:43:44] t=1095 MOVE assault x4 -> (102,98)
[10:43:44] {"kind": "action", "what": "attack_move", "name": null, "qty": null, "tid": null, "ts": "10:43:44"}
[10:43:46] t=1097 jev INF E2 HOLD (预算保护 gate=False e2=9)
[10:43:46] t=1097 MOVE assault x4 -> (101,100)
[10:43:46] {"kind": "action", "what": "attack_move", "name": null, "qty": null, "tid": null, "ts": "10:43:46"}
[10:43:48] t=1100 jev INF E2 HOLD (预算保护 gate=False e2=9)
[10:43:48] t=1102 ESCORT 坦克#1396 -> 护航矿车@[127, 105]
[10:43:48] {"kind": "action", "what": "attack_move", "name": null, "qty": null, "tid": null, "ts": "10:43:48"}
[10:43:50] t=1102 jev INF E2 HOLD (预算保护 gate=False e2=9)
[10:43:51] t=1104 jev INF E2 HOLD (预算保护 gate=False e2=9)
[10:43:51] t=1104 MOVE assault x4 -> (100,101)
[10:43:52] {"kind": "action", "what": "attack_move", "name": null, "qty": null, "tid": null, "ts": "10:43:52"}
[10:43:53] t=1107 jev INF E2 HOLD (预算保护 gate=False e2=9)
[10:43:53] t=1107 MOVE assault x4 -> (66,121)
[10:43:53] {"kind": "action", "what": "attack_move", "name": null, "qty": null, "tid": null, "ts": "10:43:53"}
[10:43:55] t=1109 jev INF E2 HOLD (预算保护 gate=False e2=9)
[10:43:57] t=1111 jev INF E2 HOLD (预算保护 gate=False e2=9)
[10:43:58] t=1114 jev INF E2 (conf 0.26)
[10:43:58] {"kind": "action", "what": "produce", "name": "E2", "qty": 1, "tid": null, "ts": "10:43:58"}
[10:44:00] t=1116 MOVE guard x1 -> (137,82)
[10:44:00] {"kind": "action", "what": "attack_move", "name": null, "qty": null, "tid": null, "ts": "10:44:00"}
[10:44:00] t=1118 ENEMY BASE spotted @[75, 118]
[10:44:03] t=1118 MOVE raid x2 -> (82,119); assault x7 -> 攻击目标#1105@(80,122); hold_a x2 -> (133,86); hold_b x2 -> (126,76); aahunt x4 -> (125,84)
[10:44:03] {"kind": "action", "what": "attack_move", "name": null, "qty": null, "tid": null, "ts": "10:44:03"}
[10:44:03] {"kind": "action", "what": "attack_obj", "name": null, "qty": null, "tid": 1105, "ts": "10:44:03"}
[10:44:03] {"kind": "action", "what": "attack_move", "name": null, "qty": null, "tid": null, "ts": "10:44:03"}
[10:44:03] {"kind": "action", "what": "attack_move", "name": null, "qty": null, "tid": null, "ts": "10:44:03"}
[10:44:03] {"kind": "action", "what": "attack_move", "name": null, "qty": null, "tid": null, "ts": "10:44:03"}
[10:44:06] t=1123 MOVE raid x2 -> (86,113)
[10:44:06] {"kind": "action", "what": "attack_move", "name": null, "qty": null, "tid": null, "ts": "10:44:06"}
[10:44:08] t=1126 MOVE t=1126 SIEGE LOCK-ON (my 8300 >= 1.5x en 1000, 敌经济死亡) 全军集结总攻; assault x5 -> (137,82); t=1126 SIEGE STAGING x5/8 (攒兵团, 齐冲再上); hold_a x5 -> (132,86); hold_b x5 -> (126,75); aahunt x4 -> (125,83)
[10:44:08] {"kind": "action", "what": "attack_move", "name": null, "qty": null, "tid": null, "ts": "10:44:08"}
[10:44:08] {"kind": "action", "what": "attack_move", "name": null, "qty": null, "tid": null, "ts": "10:44:08"}
[10:44:08] {"kind": "action", "what": "attack_move", "name": null, "qty": null, "tid": null, "ts": "10:44:08"}
[10:44:08] {"kind": "action", "what": "attack_move", "name": null, "qty": null, "tid": null, "ts": "10:44:08"}
[10:44:10] t=1131 HARASS DRON x2 (have 0)
[10:44:10] {"kind": "action", "what": "produce", "name": "DRON", "qty": 2, "tid": null, "ts": "10:44:10"}
[10:44:17] t=1139 tick#500 credits=275 stance=attack | jev 500 decisions p50=1471ms
[10:44:19] t=1141 jev INF E2 HOLD (预算保护 gate=False e2=10)
[10:44:19] t=1141 MOVE raid x1 -> (77,107); t=1141 SIEGE STAGING x7/8 (攒兵团, 齐冲再上)
[10:44:19] {"kind": "action", "what": "attack_move", "name": null, "qty": null, "tid": null, "ts": "10:44:19"}
[10:44:21] t=1144 jev INF E2 HOLD (预算保护 gate=False e2=10)
[10:44:21] t=1144 MOVE assault x7 -> (137,82); t=1144 SIEGE STAGING x7/8 (攒兵团, 齐冲再上)
[10:44:21] {"kind": "action", "what": "attack_move", "name": null, "qty": null, "tid": null, "ts": "10:44:21"}
[10:44:23] t=1146 jev INF E2 HOLD (预算保护 gate=False e2=10)
[10:44:23] t=1149 RETREAT HTNK(39%)
[10:44:23] {"kind": "action", "what": "move", "name": null, "qty": null, "tid": null, "ts": "10:44:23"}
[10:44:25] t=1149 jev INF E2 HOLD (预算保护 gate=False e2=10)
[10:44:28] t=1151 jev INF E2 HOLD (预算保护 gate=False e2=10)
[10:44:28] t=1151 MOVE raid x1 -> (81,119); t=1151 SIEGE STAGING x7/8 (攒兵团, 齐冲再上); hold_a x5 -> (133,86); hold_b x5 -> (126,76); aahunt x4 -> (125,84)
[10:44:28] {"kind": "action", "what": "attack_move", "name": null, "qty": null, "tid": null, "ts": "10:44:28"}
[10:44:28] {"kind": "action", "what": "attack_move", "name": null, "qty": null, "tid": null, "ts": "10:44:28"}
[10:44:28] {"kind": "action", "what": "attack_move", "name": null, "qty": null, "tid": null, "ts": "10:44:28"}
[10:44:28] {"kind": "action", "what": "attack_move", "name": null, "qty": null, "tid": null, "ts": "10:44:28"}
[10:44:30] t=1155 jev INF E2 HOLD (预算保护 gate=False e2=10)
[10:44:30] t=1155 jev VEH HARV HOLD (预算保护 cash=775 aav帽=ok aav=4)
[10:44:30] t=1155 MOVE raid x2 -> (77,107); assault x8 -> 攻击目标#1843@(77,107); t=1155 SIEGE 拔防御壳 x8 -> #1843@(77,107); hold_a x5 -> (132,86); hold_b x5 -> (126,75); aahunt x4 -> (125,83)
[10:44:30] {"kind": "action", "what": "attack_move", "name": null, "qty": null, "tid": null, "ts": "10:44:30"}
[10:44:30] {"kind": "action", "what": "attack_obj", "name": null, "qty": null, "tid": 1843, "ts": "10:44:30"}
[10:44:30] {"kind": "action", "what": "attack_move", "name": null, "qty": null, "tid": null, "ts": "10:44:30"}
[10:44:30] {"kind": "action", "what": "attack_move", "name": null, "qty": null, "tid": null, "ts": "10:44:30"}
[10:44:30] {"kind": "action", "what": "attack_move", "name": null, "qty": null, "tid": null, "ts": "10:44:30"}
[10:44:30] t=1158 ALARM unit lost -> 攻势保持（塔阵守家, 前线 20 个单位继续进攻）
[10:44:32] t=1158 jev INF E2 HOLD (预算保护 gate=False e2=10)
[10:44:32] t=1158 jev VEH HARV HOLD (预算保护 cash=775 aav帽=ok aav=4)
[10:44:32] t=1158 MOVE assault x7 -> (137,82); t=1158 SIEGE STAGING x7/8 (攒兵团, 齐冲再上)
[10:44:32] {"kind": "action", "what": "attack_move", "name": null, "qty": null, "tid": null, "ts": "10:44:32"}
[10:44:34] t=1160 jev INF E2 HOLD (预算保护 gate=False e2=10)
[10:44:34] t=1160 jev VEH HARV HOLD (预算保护 cash=775 aav帽=ok aav=4)
[10:44:36] t=1163 jev INF E2 HOLD (预算保护 gate=False e2=10)
[10:44:36] t=1163 jev VEH HARV HOLD (预算保护 cash=775 aav帽=ok aav=4)
[10:44:37] t=1165 jev INF E2 HOLD (预算保护 gate=False e2=10)
[10:44:37] t=1165 jev VEH HARV HOLD (预算保护 cash=775 aav帽=ok aav=4)
[10:44:39] t=1168 jev INF E2 HOLD (预算保护 gate=False e2=10)
[10:44:39] t=1168 jev VEH HARV HOLD (预算保护 cash=775 aav帽=ok aav=4)
[10:44:41] t=1170 jev INF E2 HOLD (预算保护 gate=False e2=10)
[10:44:41] t=1170 jev VEH HARV HOLD (预算保护 cash=775 aav帽=ok aav=4)
[10:44:43] t=1173 jev INF E2 HOLD (预算保护 gate=False e2=10)
[10:44:43] t=1173 jev VEH HARV HOLD (预算保护 cash=775 aav帽=ok aav=4)
[10:44:43] t=1175 ALARM unit lost -> 攻势保持（塔阵守家, 前线 20 个单位继续进攻）
[10:44:45] t=1175 jev INF E2 HOLD (预算保护 gate=False e2=10)
[10:44:45] t=1175 jev VEH HARV HOLD (预算保护 cash=775 aav帽=ok aav=4)
[10:44:45] t=1175 MOVE assault x6 -> (137,82); t=1175 SIEGE STAGING x6/8 (攒兵团, 齐冲再上)
[10:44:45] {"kind": "action", "what": "attack_move", "name": null, "qty": null, "tid": null, "ts": "10:44:45"}
[10:44:45] t=1178 TANK HTNK x2
[10:44:45] {"kind": "action", "what": "produce", "name": "HTNK", "qty": 2, "tid": null, "ts": "10:44:45"}
[10:44:47] t=1178 jev INF E2 (conf 0.33)
[10:44:47] {"kind": "action", "what": "produce", "name": "E2", "qty": 1, "tid": null, "ts": "10:44:47"}
[10:44:49] t=1183 ESCORT 坦克#1396 -> 护航矿车@[128, 105]
[10:44:49] {"kind": "action", "what": "attack_move", "name": null, "qty": null, "tid": null, "ts": "10:44:49"}
[10:44:50] t=1183 MOVE raid x2 -> (81,116); t=1183 SIEGE STAGING x6/8 (攒兵团, 齐冲再上)
[10:44:50] {"kind": "action", "what": "attack_move", "name": null, "qty": null, "tid": null, "ts": "10:44:50"}
[10:44:52] t=1185 jev INF E2 (conf 0.27)
[10:44:52] t=1185 MOVE raid x2 -> (81,114); t=1185 SIEGE STAGING x7/8 (攒兵团, 齐冲再上)
[10:44:52] {"kind": "action", "what": "attack_move", "name": null, "qty": null, "tid": null, "ts": "10:44:52"}
[10:44:54] t=1188 jev INF E2 (conf 0.28)
[10:44:54] t=1188 MOVE raid x2 -> (81,111); t=1188 SIEGE STAGING x7/8 (攒兵团, 齐冲再上)
[10:44:54] {"kind": "action", "what": "attack_move", "name": null, "qty": null, "tid": null, "ts": "10:44:54"}
[10:44:56] t=1190 MOVE raid x2 -> (80,104); t=1190 SIEGE STAGING x7/8 (攒兵团, 齐冲再上)
[10:44:56] {"kind": "action", "what": "attack_move", "name": null, "qty": null, "tid": null, "ts": "10:44:56"}
[10:44:56] t=1193 TANK HTNK x1
[10:44:58] t=1193 jev VEH HTK HOLD (预算保护 cash=835 aav帽=hit aav=4)
[10:44:58] t=1193 MOVE raid x2 -> (80,107); assault x8 -> 攻击目标#1843@(77,107); t=1193 SIEGE 拔防御壳 x8 -> #1843@(77,107)
[10:44:58] {"kind": "action", "what": "attack_move", "name": null, "qty": null, "tid": null, "ts": "10:44:58"}
[10:44:58] {"kind": "action", "what": "attack_obj", "name": null, "qty": null, "tid": 1843, "ts": "10:44:58"}
[10:44:58] t=1195 TANK HTNK x1
[10:45:00] t=1195 jev VEH HTK HOLD (预算保护 cash=835 aav帽=hit aav=4)
[10:45:00] t=1195 MOVE raid x2 -> (80,111); t=1195 SIEGE 拔防御壳 x8 -> #1843@(77,107); aahunt x4 -> (125,83)
[10:45:00] {"kind": "action", "what": "attack_move", "name": null, "qty": null, "tid": null, "ts": "10:45:00"}
[10:45:00] {"kind": "action", "what": "attack_move", "name": null, "qty": null, "tid": null, "ts": "10:45:00"}
[10:45:00] t=1198 TANK HTNK x1
[10:45:02] t=1198 jev VEH HTK HOLD (预算保护 cash=835 aav帽=hit aav=4)
[10:45:02] t=1198 MOVE raid x2 -> (80,114); t=1198 SIEGE 拔防御壳 x8 -> #1843@(77,107)
[10:45:02] {"kind": "action", "what": "attack_move", "name": null, "qty": null, "tid": null, "ts": "10:45:02"}
[10:45:02] t=1201 TANK HTNK x1
[10:45:04] t=1201 jev INF E2 (conf 0.25)
[10:45:04] t=1201 jev VEH HARV HOLD (预算保护 cash=835 aav帽=ok aav=4)
[10:45:04] t=1201 MOVE raid x2 -> (81,109); t=1201 SIEGE 拔防御壳 x8 -> #1843@(77,107)
[10:45:04] {"kind": "action", "what": "attack_move", "name": null, "qty": null, "tid": null, "ts": "10:45:04"}
[10:45:04] t=1203 TANK HTNK x1
[10:45:06] t=1203 jev INF E2 (conf 0.25)
[10:45:06] t=1203 jev VEH HARV HOLD (预算保护 cash=835 aav帽=ok aav=4)
[10:45:06] t=1203 tick#525 credits=835 stance=attack | jev 525 decisions p50=1494ms
[10:45:06] t=1206 TANK HTNK x1
[10:45:08] t=1206 jev VEH HTK HOLD (预算保护 cash=835 aav帽=hit aav=4)
[10:45:08] t=1208 TANK HTNK x1
[10:45:09] t=1208 jev VEH HTK HOLD (预算保护 cash=835 aav帽=hit aav=4)
[10:45:10] t=1211 TANK HTNK x1
[10:45:10] t=1211 RETREAT HTNK(23%)
[10:45:10] {"kind": "action", "what": "move", "name": null, "qty": null, "tid": null, "ts": "10:45:10"}
[10:45:11] t=1211 jev VEH HTK HOLD (预算保护 cash=835 aav帽=hit aav=4)
[10:45:11] t=1211 MOVE assault x8 -> 攻击目标#1843@(77,107); t=1211 SIEGE 拔防御壳 x8 -> #1843@(77,107)
[10:45:11] {"kind": "action", "what": "attack_obj", "name": null, "qty": null, "tid": 1843, "ts": "10:45:11"}
[10:45:12] t=1213 TANK HTNK x1
[10:45:12] {"kind": "action", "what": "produce", "name": "HTNK", "qty": 1, "tid": null, "ts": "10:45:12"}
[10:45:13] t=1216 ALARM unit lost -> 攻势保持（塔阵守家, 前线 21 个单位继续进攻）
[10:45:15] t=1216 jev INF E2 HOLD (预算保护 gate=False e2=11)
[10:45:15] t=1216 MOVE raid x1 -> (82,108); assault x7 -> (137,82); t=1216 SIEGE STAGING x7/8 (攒兵团, 齐冲再上)
[10:45:15] {"kind": "action", "what": "attack_move", "name": null, "qty": null, "tid": null, "ts": "10:45:15"}
[10:45:15] {"kind": "action", "what": "attack_move", "name": null, "qty": null, "tid": null, "ts": "10:45:15"}
[10:45:17] t=1218 MOVE assault x8 -> 攻击目标#1843@(77,107); t=1218 SIEGE 拔防御壳 x8 -> #1843@(77,107)
[10:45:17] {"kind": "action", "what": "attack_obj", "name": null, "qty": null, "tid": 1843, "ts": "10:45:17"}
[10:45:17] t=1221 ALARM unit lost -> 攻势保持（塔阵守家, 前线 21 个单位继续进攻）
[10:45:19] t=1221 MOVE raid x1 -> (81,109); assault x7 -> (137,82); t=1221 SIEGE STAGING x7/8 (攒兵团, 齐冲再上)
[10:45:19] {"kind": "action", "what": "attack_move", "name": null, "qty": null, "tid": null, "ts": "10:45:19"}
[10:45:19] {"kind": "action", "what": "attack_move", "name": null, "qty": null, "tid": null, "ts": "10:45:19"}
[10:45:19] t=1223 ALARM unit lost -> 攻势保持（塔阵守家, 前线 21 个单位继续进攻）
[10:45:19] t=1223 ESCORT 坦克#2099 -> 护航矿车@[133, 126]
[10:45:19] {"kind": "action", "what": "attack_move", "name": null, "qty": null, "tid": null, "ts": "10:45:19"}
[10:45:21] t=1223 jev BUILD NARADR HOLD (资金闸门: 坦克优先, cash=0)
[10:45:25] t=1228 MOVE raid x1 -> (79,110); t=1228 SIEGE STAGING x7/8 (攒兵团, 齐冲再上)
[10:45:25] {"kind": "action", "what": "attack_move", "name": null, "qty": null, "tid": null, "ts": "10:45:25"}
[10:45:25] t=1231 ALARM unit lost -> 攻势保持（塔阵守家, 前线 21 个单位继续进攻）
[10:45:30] t=1236 jev VEH DRON HOLD (预算保护 cash=735 aav帽=ok aav=4)
[10:45:30] t=1236 MOVE t=1236 SIEGE STAGING x7/8 (攒兵团, 齐冲再上); hold_a x6 -> (132,86); hold_b x5 -> (126,75); aahunt x4 -> (125,83)
[10:45:30] {"kind": "action", "what": "attack_move", "name": null, "qty": null, "tid": null, "ts": "10:45:30"}
[10:45:30] {"kind": "action", "what": "attack_move", "name": null, "qty": null, "tid": null, "ts": "10:45:30"}
[10:45:30] {"kind": "action", "what": "attack_move", "name": null, "qty": null, "tid": null, "ts": "10:45:30"}
[10:45:32] t=1238 jev VEH DRON HOLD (预算保护 cash=735 aav帽=ok aav=4)
[10:45:32] t=1238 MOVE assault x7 -> (137,82); t=1238 SIEGE STAGING x7/8 (攒兵团, 齐冲再上)
[10:45:32] {"kind": "action", "what": "attack_move", "name": null, "qty": null, "tid": null, "ts": "10:45:32"}
[10:45:33] t=1241 HARASS DRON x2 (have 0)
[10:45:33] {"kind": "action", "what": "produce", "name": "DRON", "qty": 2, "tid": null, "ts": "10:45:33"}
[10:45:38] t=1246 MOVE raid x1 -> (90,106); assault x8 -> 攻击目标#1843@(77,107); t=1246 SIEGE 拔防御壳 x8 -> #1843@(77,107)
[10:45:38] {"kind": "action", "what": "attack_move", "name": null, "qty": null, "tid": null, "ts": "10:45:38"}
[10:45:38] {"kind": "action", "what": "attack_obj", "name": null, "qty": null, "tid": 1843, "ts": "10:45:38"}
[10:45:40] t=1249 jev VEH HTNK HOLD (预算保护 cash=160 aav帽=ok aav=4)
[10:45:40] t=1249 MOVE raid x2 -> (92,105); t=1249 SIEGE 拔防御壳 x9 -> #1843@(77,107)
[10:45:40] {"kind": "action", "what": "attack_move", "name": null, "qty": null, "tid": null, "ts": "10:45:40"}
[10:45:42] t=1251 jev VEH HTNK HOLD (预算保护 cash=735 aav帽=ok aav=4)
[10:45:42] t=1251 MOVE raid x2 -> (94,103); t=1251 SIEGE 拔防御壳 x9 -> #1843@(77,107)
[10:45:42] {"kind": "action", "what": "attack_move", "name": null, "qty": null, "tid": null, "ts": "10:45:42"}
[10:45:44] t=1254 jev VEH HTNK HOLD (预算保护 cash=735 aav帽=ok aav=4)
[10:45:46] t=1256 jev VEH HTNK HOLD (预算保护 cash=735 aav帽=ok aav=4)
[10:45:48] t=1259 jev VEH HTNK HOLD (预算保护 cash=735 aav帽=ok aav=4)
[10:45:50] t=1261 jev VEH HTNK HOLD (预算保护 cash=735 aav帽=ok aav=4)
[10:45:50] t=1264 ESCORT 坦克#2070 -> 护航矿车@[119, 133]
[10:45:50] {"kind": "action", "what": "attack_move", "name": null, "qty": null, "tid": null, "ts": "10:45:50"}
[10:45:52] t=1264 jev VEH HTNK HOLD (预算保护 cash=735 aav帽=ok aav=4)
[10:45:52] t=1264 MOVE assault x9 -> 攻击目标#1843@(77,107); t=1264 SIEGE 拔防御壳 x9 -> #1843@(77,107)
[10:45:52] {"kind": "action", "what": "attack_obj", "name": null, "qty": null, "tid": 1843, "ts": "10:45:52"}
[10:45:52] t=1266 RETREAT HTNK(38%)
[10:45:52] {"kind": "action", "what": "move", "name": null, "qty": null, "tid": null, "ts": "10:45:52"}
[10:45:54] t=1266 jev VEH HTNK HOLD (预算保护 cash=735 aav帽=ok aav=4)
[10:45:54] t=1266 tick#550 credits=735 stance=attack | jev 550 decisions p50=1517ms
[10:45:55] t=1269 jev VEH HTNK HOLD (预算保护 cash=735 aav帽=ok aav=4)
[10:45:57] t=1271 jev VEH DRON HOLD (预算保护 cash=735 aav帽=ok aav=4)
[10:45:59] t=1274 jev VEH DRON HOLD (预算保护 cash=735 aav帽=ok aav=4)
[10:46:01] t=1276 jev VEH HTNK HOLD (预算保护 cash=735 aav帽=ok aav=4)
[10:46:01] t=1276 MOVE t=1276 SIEGE 拔防御壳 x9 -> #1843@(77,107); aahunt x4 -> (125,83)
[10:46:01] {"kind": "action", "what": "attack_move", "name": null, "qty": null, "tid": null, "ts": "10:46:01"}
[10:46:01] t=1279 TANK HTNK x1
[10:46:01] {"kind": "action", "what": "produce", "name": "HTNK", "qty": 1, "tid": null, "ts": "10:46:01"}
[10:46:03] t=1279 MOVE raid x2 -> (94,103); t=1279 SIEGE 拔防御壳 x9 -> #1843@(77,107)
[10:46:03] {"kind": "action", "what": "attack_move", "name": null, "qty": null, "tid": null, "ts": "10:46:03"}
[10:46:05] t=1282 MOVE raid x2 -> (80,101); assault x9 -> 攻击目标#1843@(77,107); t=1282 SIEGE 拔防御壳 x9 -> #1843@(77,107)
[10:46:05] {"kind": "action", "what": "attack_move", "name": null, "qty": null, "tid": null, "ts": "10:46:05"}
[10:46:05] {"kind": "action", "what": "attack_obj", "name": null, "qty": null, "tid": 1843, "ts": "10:46:05"}
[10:46:07] t=1284 MOVE raid x2 -> (90,102); t=1284 SIEGE 拔防御壳 x9 -> #1843@(77,107)
[10:46:07] {"kind": "action", "what": "attack_move", "name": null, "qty": null, "tid": null, "ts": "10:46:07"}
[10:46:09] t=1287 jev VEH HTNK HOLD (预算保护 cash=185 aav帽=ok aav=4)
[10:46:11] t=1289 jev VEH HTNK HOLD (预算保护 cash=185 aav帽=ok aav=4)
[10:46:12] t=1292 jev VEH HTNK HOLD (预算保护 cash=185 aav帽=ok aav=4)
[10:46:14] t=1294 jev VEH HARV HOLD (预算保护 cash=335 aav帽=ok aav=4)
[10:46:14] t=1294 MOVE raid x2 -> (77,107); t=1294 SIEGE 拔防御壳 x10 -> #1843@(77,107)
[10:46:14] {"kind": "action", "what": "attack_move", "name": null, "qty": null, "tid": null, "ts": "10:46:14"}
[10:46:16] t=1297 jev VEH HARV HOLD (预算保护 cash=335 aav帽=ok aav=4)
[10:46:18] t=1299 jev VEH HARV HOLD (预算保护 cash=335 aav帽=ok aav=4)
[10:46:18] t=1299 MOVE assault x10 -> 攻击目标#1843@(77,107); t=1299 SIEGE 拔防御壳 x10 -> #1843@(77,107)
[10:46:18] {"kind": "action", "what": "attack_obj", "name": null, "qty": null, "tid": 1843, "ts": "10:46:18"}
[10:46:20] t=1301 jev VEH HARV HOLD (预算保护 cash=335 aav帽=ok aav=4)
[10:46:20] t=1304 ESCORT 坦克#2189 -> 护航矿车@[126, 105]
[10:46:20] {"kind": "action", "what": "attack_move", "name": null, "qty": null, "tid": null, "ts": "10:46:20"}
[10:46:22] t=1304 jev VEH HARV HOLD (预算保护 cash=335 aav帽=ok aav=4)
[10:46:23] t=1306 jev VEH HARV HOLD (预算保护 cash=335 aav帽=ok aav=4)
[10:46:23] t=1306 MOVE t=1306 GHOST detected #1843@[77, 107] (集火150gs不倒, 拉黑); assault x10 -> 攻击目标#2176@(77,111); t=1306 SIEGE 拔防御壳 x10 -> #2176@(77,111)
[10:46:23] {"kind": "action", "what": "attack_obj", "name": null, "qty": null, "tid": 2176, "ts": "10:46:23"}
[10:46:25] t=1309 jev VEH HARV HOLD (预算保护 cash=335 aav帽=ok aav=4)
[10:46:26] t=1311 ALARM unit lost -> 攻势保持（塔阵守家, 前线 17 个单位继续进攻）
[10:46:27] t=1311 jev VEH HARV HOLD (预算保护 cash=335 aav帽=ok aav=4)
[10:46:27] t=1311 MOVE raid x1 -> (75,115); t=1311 SIEGE 拔防御壳 x9 -> #2176@(77,111); hold_a x6 -> (133,86); aahunt x4 -> (125,84)
[10:46:27] {"kind": "action", "what": "attack_move", "name": null, "qty": null, "tid": null, "ts": "10:46:27"}
[10:46:27] {"kind": "action", "what": "attack_move", "name": null, "qty": null, "tid": null, "ts": "10:46:27"}
[10:46:27] {"kind": "action", "what": "attack_move", "name": null, "qty": null, "tid": null, "ts": "10:46:27"}
[10:46:29] t=1314 jev VEH HARV HOLD (预算保护 cash=335 aav帽=ok aav=4)
[10:46:31] t=1316 jev VEH HARV HOLD (预算保护 cash=335 aav帽=ok aav=4)
[10:46:31] t=1316 MOVE t=1316 SIEGE 拔防御壳 x9 -> #2176@(77,111); hold_b x5 -> (126,75)
[10:46:31] {"kind": "action", "what": "attack_move", "name": null, "qty": null, "tid": null, "ts": "10:46:31"}
[10:46:33] t=1319 jev VEH HARV HOLD (预算保护 cash=335 aav帽=ok aav=4)
[10:46:35] t=1321 jev VEH HARV HOLD (预算保护 cash=335 aav帽=ok aav=4)
[10:46:37] t=1324 jev VEH HARV HOLD (预算保护 cash=335 aav帽=ok aav=4)
[10:46:37] t=1324 MOVE assault x9 -> 攻击目标#1934@(73,107); t=1324 SIEGE 拔防御壳 x9 -> #1934@(73,107)
[10:46:37] {"kind": "action", "what": "attack_obj", "name": null, "qty": null, "tid": 1934, "ts": "10:46:37"}
[10:46:39] t=1326 jev VEH HARV HOLD (预算保护 cash=335 aav帽=ok aav=4)
[10:46:39] t=1326 MOVE raid x1 -> (71,114); t=1326 SIEGE 拔防御壳 x9 -> #1934@(73,107); aahunt x4 -> (125,83)
[10:46:39] {"kind": "action", "what": "attack_move", "name": null, "qty": null, "tid": null, "ts": "10:46:39"}
[10:46:39] {"kind": "action", "what": "attack_move", "name": null, "qty": null, "tid": null, "ts": "10:46:39"}
[10:46:40] t=1329 jev VEH HARV HOLD (预算保护 cash=335 aav帽=ok aav=4)
[10:46:40] t=1329 MOVE raid x1 -> (80,119); t=1329 SIEGE 拔防御壳 x9 -> #1934@(73,107)
[10:46:41] {"kind": "action", "what": "attack_move", "name": null, "qty": null, "tid": null, "ts": "10:46:41"}
[10:46:41] t=1329 tick#575 credits=335 stance=attack | jev 575 decisions p50=1527ms
[10:46:42] t=1332 jev VEH HARV HOLD (预算保护 cash=335 aav帽=ok aav=4)
[10:46:42] t=1332 MOVE t=1332 SIEGE 拔防御壳 x9 -> #1934@(73,107); aahunt x4 -> (125,84)
[10:46:43] {"kind": "action", "what": "attack_move", "name": null, "qty": null, "tid": null, "ts": "10:46:43"}
[10:46:44] t=1334 jev VEH HARV HOLD (预算保护 cash=335 aav帽=ok aav=4)
[10:46:45] t=1337 ALARM unit lost -> 攻势保持（塔阵守家, 前线 16 个单位继续进攻）
[10:46:46] t=1337 jev BUILD NARADR HOLD (资金闸门: 坦克优先, cash=335)
[10:46:46] t=1337 jev VEH HARV HOLD (预算保护 cash=335 aav帽=ok aav=4)
[10:46:48] t=1339 jev BUILD NARADR HOLD (资金闸门: 坦克优先, cash=335)
[10:46:48] t=1339 jev VEH HARV HOLD (预算保护 cash=335 aav帽=ok aav=4)
[10:46:48] t=1339 MOVE assault x8 -> 攻击目标#2050@(72,106); t=1339 SIEGE 拔防御壳 x8 -> #2050@(72,106)
[10:46:48] {"kind": "action", "what": "attack_obj", "name": null, "qty": null, "tid": 2050, "ts": "10:46:48"}
[10:46:50] t=1342 jev BUILD NARADR HOLD (资金闸门: 坦克优先, cash=335)
[10:46:50] t=1342 jev VEH HARV HOLD (预算保护 cash=335 aav帽=ok aav=4)
[10:46:50] t=1344 ESCORT 坦克#2275 -> 护航矿车@[120, 106]
[10:46:51] {"kind": "action", "what": "attack_move", "name": null, "qty": null, "tid": null, "ts": "10:46:51"}
[10:46:52] t=1344 jev BUILD NARADR HOLD (资金闸门: 坦克优先, cash=335)
[10:46:52] t=1344 jev VEH DRON HOLD (预算保护 cash=335 aav帽=ok aav=4)
[10:46:54] t=1347 jev BUILD NARADR HOLD (资金闸门: 坦克优先, cash=485)
[10:46:54] t=1347 jev VEH DRON HOLD (预算保护 cash=485 aav帽=ok aav=4)
[10:46:56] t=1350 jev VEH HARV HOLD (预算保护 cash=485 aav帽=ok aav=4)
[10:46:56] t=1350 MOVE raid x1 -> (80,84); assault x20 -> 攻击目标#1209@(75,115); t=1350 SIEGE 清建筑 x20 -> #1209@(75,115)
[10:46:56] {"kind": "action", "what": "attack_move", "name": null, "qty": null, "tid": null, "ts": "10:46:56"}
[10:46:56] {"kind": "action", "what": "attack_obj", "name": null, "qty": null, "tid": 1209, "ts": "10:46:56"}
[10:46:58] t=1352 jev VEH HARV HOLD (预算保护 cash=485 aav帽=ok aav=4)
[10:46:58] t=1352 MOVE raid x1 -> (80,87); t=1352 SIEGE 清建筑 x20 -> #1209@(75,115)
[10:46:58] {"kind": "action", "what": "attack_move", "name": null, "qty": null, "tid": null, "ts": "10:46:58"}
[10:46:58] t=1355 HARASS DRON x2 (have 1)
[10:46:58] {"kind": "action", "what": "produce", "name": "DRON", "qty": 2, "tid": null, "ts": "10:46:58"}
[10:47:00] t=1355 MOVE raid x1 -> (80,91); assault x9 -> 攻击目标#2002@(68,112); t=1355 SIEGE 拔防御壳 x9 -> #2002@(68,112)
[10:47:00] {"kind": "action", "what": "attack_move", "name": null, "qty": null, "tid": null, "ts": "10:47:00"}
[10:47:00] {"kind": "action", "what": "attack_obj", "name": null, "qty": null, "tid": 2002, "ts": "10:47:00"}
[10:47:03] t=1358 jev INF E2 HOLD (预算保护 gate=False e2=11)
[10:47:03] t=1358 MOVE raid x1 -> (80,94); t=1358 SIEGE 拔防御壳 x9 -> #2002@(68,112)
[10:47:03] {"kind": "action", "what": "attack_move", "name": null, "qty": null, "tid": null, "ts": "10:47:03"}
[10:47:03] t=1361 ALARM unit lost -> 攻势保持（塔阵守家, 前线 17 个单位继续进攻）
[10:47:06] t=1361 jev INF E2 HOLD (预算保护 gate=False e2=11)
[10:47:06] t=1361 MOVE raid x1 -> (80,99); t=1361 SIEGE 拔防御壳 x9 -> #2002@(68,112)
[10:47:06] {"kind": "action", "what": "attack_move", "name": null, "qty": null, "tid": null, "ts": "10:47:06"}
[10:47:09] t=1365 jev INF E2 HOLD (预算保护 gate=False e2=11)
[10:47:09] t=1365 jev VEH HARV HOLD (预算保护 cash=60 aav帽=ok aav=4)
[10:47:09] t=1365 MOVE raid x2 -> (80,104); t=1365 SIEGE 拔防御壳 x10 -> #2002@(68,112)
[10:47:09] {"kind": "action", "what": "attack_move", "name": null, "qty": null, "tid": null, "ts": "10:47:09"}
[10:47:11] t=1369 jev INF E2 HOLD (预算保护 gate=False e2=11)
[10:47:11] t=1369 jev VEH HARV HOLD (预算保护 cash=60 aav帽=ok aav=4)
[10:47:11] t=1369 MOVE raid x2 -> (80,109); t=1369 SIEGE 拔防御壳 x10 -> #2002@(68,112)
[10:47:11] {"kind": "action", "what": "attack_move", "name": null, "qty": null, "tid": null, "ts": "10:47:11"}
[10:47:13] t=1371 jev INF E2 HOLD (预算保护 gate=False e2=11)
[10:47:13] t=1371 jev VEH DRON HOLD (预算保护 cash=60 aav帽=ok aav=4)
[10:47:13] t=1371 MOVE raid x2 -> (80,113); assault x21 -> 攻击目标#1645@(71,110); t=1371 SIEGE 清建筑 x21 -> #1645@(71,110); aahunt x4 -> (125,84)
[10:47:13] {"kind": "action", "what": "attack_move", "name": null, "qty": null, "tid": null, "ts": "10:47:13"}
[10:47:13] {"kind": "action", "what": "attack_obj", "name": null, "qty": null, "tid": 1645, "ts": "10:47:13"}
[10:47:13] {"kind": "action", "what": "attack_move", "name": null, "qty": null, "tid": null, "ts": "10:47:13"}
[10:47:15] t=1374 jev INF E2 HOLD (预算保护 gate=False e2=11)
[10:47:15] t=1374 jev VEH DRON HOLD (预算保护 cash=60 aav帽=ok aav=4)
[10:47:15] t=1374 MOVE raid x2 -> (80,116); t=1374 SIEGE 清建筑 x21 -> #1645@(71,110)
[10:47:15] {"kind": "action", "what": "attack_move", "name": null, "qty": null, "tid": null, "ts": "10:47:15"}
[10:47:17] t=1377 jev INF E2 HOLD (预算保护 gate=False e2=11)
[10:47:17] t=1377 jev VEH HARV HOLD (预算保护 cash=60 aav帽=ok aav=4)
[10:47:17] t=1377 MOVE raid x2 -> (80,120); assault x21 -> 攻击目标#1105@(80,122); t=1377 SIEGE 清建筑 x21 -> #1105@(80,122)
[10:47:17] {"kind": "action", "what": "attack_move", "name": null, "qty": null, "tid": null, "ts": "10:47:17"}
[10:47:17] {"kind": "action", "what": "attack_obj", "name": null, "qty": null, "tid": 1105, "ts": "10:47:17"}
[10:47:19] t=1379 jev INF E2 HOLD (预算保护 gate=False e2=11)
[10:47:19] t=1379 jev VEH HTK HOLD (预算保护 cash=60 aav帽=hit aav=4)
[10:47:19] t=1379 MOVE raid x2 -> (78,123); t=1379 SIEGE 清建筑 x21 -> #1105@(80,122)
[10:47:19] {"kind": "action", "what": "attack_move", "name": null, "qty": null, "tid": null, "ts": "10:47:19"}
[10:47:19] t=1382 TANK HTNK x1
[10:47:19] {"kind": "action", "what": "produce", "name": "HTNK", "qty": 1, "tid": null, "ts": "10:47:19"}
[10:47:21] t=1382 jev INF E2 (conf 0.41)
[10:47:21] {"kind": "action", "what": "produce", "name": "E2", "qty": 1, "tid": null, "ts": "10:47:21"}
[10:47:21] t=1385 ESCORT 坦克#2417 -> 护航矿车@[128, 105]
[10:47:21] {"kind": "action", "what": "attack_move", "name": null, "qty": null, "tid": null, "ts": "10:47:21"}
[10:47:23] t=1385 MOVE raid x2 -> (79,80); t=1385 SIEGE 清建筑 x21 -> #1105@(80,122)
[10:47:23] {"kind": "action", "what": "attack_move", "name": null, "qty": null, "tid": null, "ts": "10:47:23"}
[10:47:25] t=1387 MOVE raid x2 -> (80,84); t=1387 SIEGE 清建筑 x21 -> #1105@(80,122)
[10:47:25] {"kind": "action", "what": "attack_move", "name": null, "qty": null, "tid": null, "ts": "10:47:25"}
[10:47:27] t=1390 jev INF E2 HOLD (预算保护 gate=False e2=12)
[10:47:27] t=1390 jev VEH HTNK HOLD (预算保护 cash=195 aav帽=ok aav=4)
[10:47:27] t=1390 MOVE raid x2 -> (80,87); t=1390 SIEGE 清建筑 x23 -> #1105@(80,122)
[10:47:27] {"kind": "action", "what": "attack_move", "name": null, "qty": null, "tid": null, "ts": "10:47:27"}
[10:47:30] t=1393 jev INF E2 HOLD (预算保护 gate=False e2=12)
[10:47:30] t=1393 jev VEH HTNK HOLD (预算保护 cash=195 aav帽=ok aav=4)
[10:47:30] t=1393 MOVE raid x2 -> (80,91); assault x11 -> 攻击目标#2539@(70,111); t=1393 SIEGE 拔防御壳 x11 -> #2539@(70,111); hold_a x6 -> (133,86)
[10:47:30] {"kind": "action", "what": "attack_move", "name": null, "qty": null, "tid": null, "ts": "10:47:30"}
[10:47:30] {"kind": "action", "what": "attack_obj", "name": null, "qty": null, "tid": 2539, "ts": "10:47:30"}
[10:47:30] {"kind": "action", "what": "attack_move", "name": null, "qty": null, "tid": null, "ts": "10:47:30"}
[10:47:30] t=1397 ALARM unit lost -> 攻势保持（塔阵守家, 前线 19 个单位继续进攻）
[10:47:32] t=1397 jev INF E2 HOLD (预算保护 gate=False e2=12)
[10:47:32] t=1397 jev VEH DRON HOLD (预算保护 cash=195 aav帽=ok aav=4)
[10:47:32] t=1397 MOVE raid x2 -> (80,96); t=1397 SIEGE 拔防御壳 x10 -> #2539@(70,111); hold_b x6 -> (126,75)
[10:47:32] {"kind": "action", "what": "attack_move", "name": null, "qty": null, "tid": null, "ts": "10:47:32"}
[10:47:32] {"kind": "action", "what": "attack_move", "name": null, "qty": null, "tid": null, "ts": "10:47:32"}
[10:47:35] t=1400 jev INF E2 HOLD (预算保护 gate=False e2=12)
[10:47:35] t=1400 jev VEH HTK HOLD (预算保护 cash=195 aav帽=hit aav=4)
[10:47:35] t=1400 MOVE raid x2 -> (80,100); t=1400 SIEGE 拔防御壳 x10 -> #2539@(70,111)
[10:47:35] {"kind": "action", "what": "attack_move", "name": null, "qty": null, "tid": null, "ts": "10:47:35"}
[10:47:35] t=1400 tick#600 credits=195 stance=attack | jev 600 decisions p50=1551ms
[10:47:35] t=1403 ALARM unit lost -> 攻势保持（塔阵守家, 前线 18 个单位继续进攻）
[10:47:38] t=1403 jev INF E2 HOLD (预算保护 gate=False e2=12)
[10:47:38] t=1403 jev VEH HTNK HOLD (预算保护 cash=195 aav帽=ok aav=4)
[10:47:38] t=1403 MOVE raid x1 -> (80,105); t=1403 SIEGE 拔防御壳 x9 -> #2539@(70,111)
[10:47:38] {"kind": "action", "what": "attack_move", "name": null, "qty": null, "tid": null, "ts": "10:47:38"}
[10:47:38] t=1407 ALARM unit lost -> 攻势保持（塔阵守家, 前线 17 个单位继续进攻）
[10:47:40] t=1407 jev INF E2 HOLD (预算保护 gate=False e2=12)
[10:47:40] t=1407 jev VEH DRON HOLD (预算保护 cash=195 aav帽=ok aav=4)
[10:47:42] t=1410 jev INF E2 HOLD (预算保护 gate=False e2=12)
[10:47:42] t=1410 jev VEH HTK HOLD (预算保护 cash=195 aav帽=hit aav=4)
[10:47:43] t=1412 jev INF E2 HOLD (预算保护 gate=False e2=12)
[10:47:43] t=1412 jev VEH DRON HOLD (预算保护 cash=195 aav帽=ok aav=4)
[10:47:43] t=1412 MOVE assault x8 -> 攻击目标#2539@(70,111); t=1412 SIEGE 拔防御壳 x8 -> #2539@(70,111); aahunt x4 -> (125,84)
[10:47:43] {"kind": "action", "what": "attack_obj", "name": null, "qty": null, "tid": 2539, "ts": "10:47:43"}
[10:47:44] {"kind": "action", "what": "attack_move", "name": null, "qty": null, "tid": null, "ts": "10:47:44"}
[10:47:45] t=1415 jev INF E2 HOLD (预算保护 gate=False e2=12)
[10:47:45] t=1415 jev VEH HTK HOLD (预算保护 cash=195 aav帽=hit aav=4)
[10:47:46] t=1418 ALARM unit lost -> 攻势保持（塔阵守家, 前线 17 个单位继续进攻）
[10:47:47] t=1418 jev INF E2 HOLD (预算保护 gate=False e2=12)
[10:47:47] t=1418 jev VEH HTK HOLD (预算保护 cash=195 aav帽=hit aav=4)
[10:47:47] t=1418 MOVE assault x7 -> (137,82); t=1418 SIEGE STAGING x7/8 (攒兵团, 齐冲再上)
[10:47:47] {"kind": "action", "what": "attack_move", "name": null, "qty": null, "tid": null, "ts": "10:47:47"}
[10:47:49] t=1420 jev INF E2 HOLD (预算保护 gate=False e2=12)
[10:47:49] t=1420 jev VEH HTK HOLD (预算保护 cash=195 aav帽=hit aav=4)
[10:47:51] t=1423 jev INF E2 HOLD (预算保护 gate=False e2=12)
[10:47:51] t=1423 jev VEH HTK HOLD (预算保护 cash=195 aav帽=hit aav=4)
[10:47:52] t=1425 ESCORT 坦克#2275 -> 护航矿车@[118, 132]
[10:47:52] {"kind": "action", "what": "attack_move", "name": null, "qty": null, "tid": null, "ts": "10:47:52"}
[10:47:53] t=1425 jev INF E2 HOLD (预算保护 gate=False e2=12)
[10:47:53] t=1425 jev VEH HTK HOLD (预算保护 cash=195 aav帽=hit aav=4)
[10:47:54] t=1428 RETREAT HTNK(38%)
[10:47:54] {"kind": "action", "what": "move", "name": null, "qty": null, "tid": null, "ts": "10:47:54"}
[10:47:55] t=1428 jev INF E2 HOLD (预算保护 gate=False e2=12)
[10:47:55] t=1428 jev VEH HTK HOLD (预算保护 cash=195 aav帽=hit aav=4)
[10:47:57] t=1431 jev INF E2 HOLD (预算保护 gate=False e2=12)
[10:47:57] t=1431 jev VEH HTK HOLD (预算保护 cash=495 aav帽=hit aav=4)
[10:47:59] t=1433 jev INF E2 HOLD (预算保护 gate=False e2=12)
[10:47:59] t=1433 jev VEH HTNK HOLD (预算保护 cash=495 aav帽=ok aav=4)
[10:48:01] t=1436 jev INF E2 HOLD (预算保护 gate=False e2=12)
[10:48:01] t=1436 jev VEH HTNK HOLD (预算保护 cash=495 aav帽=ok aav=4)
[10:48:01] t=1436 MOVE assault x7 -> (137,82); t=1436 SIEGE STAGING x7/8 (攒兵团, 齐冲再上)
[10:48:01] {"kind": "action", "what": "attack_move", "name": null, "qty": null, "tid": null, "ts": "10:48:01"}
[10:48:01] t=1439 RETREAT HTNK(38%)
[10:48:01] t=1439 RETREAT HTNK(22%)
[10:48:01] {"kind": "action", "what": "move", "name": null, "qty": null, "tid": null, "ts": "10:48:01"}
[10:48:01] {"kind": "action", "what": "move", "name": null, "qty": null, "tid": null, "ts": "10:48:01"}
[10:48:03] t=1439 jev INF E2 HOLD (预算保护 gate=False e2=12)
[10:48:03] t=1439 jev VEH HTNK HOLD (预算保护 cash=495 aav帽=ok aav=4)
[10:48:05] t=1441 jev INF E2 HOLD (预算保护 gate=False e2=12)
[10:48:05] t=1441 jev VEH HTNK HOLD (预算保护 cash=495 aav帽=ok aav=4)
[10:48:07] t=1444 jev INF E2 HOLD (预算保护 gate=False e2=12)
[10:48:07] t=1444 jev VEH HTNK HOLD (预算保护 cash=495 aav帽=ok aav=4)
[10:48:07] t=1446 ALARM unit lost -> 攻势保持（塔阵守家, 前线 19 个单位继续进攻）
[10:48:09] t=1446 jev INF E2 HOLD (预算保护 gate=False e2=12)
[10:48:09] t=1446 jev VEH DRON HOLD (预算保护 cash=495 aav帽=ok aav=4)
[10:48:11] t=1449 jev INF E2 HOLD (预算保护 gate=False e2=12)
[10:48:11] t=1449 jev VEH HTNK HOLD (预算保护 cash=495 aav帽=ok aav=4)
[10:48:13] t=1452 jev INF E2 HOLD (预算保护 gate=False e2=12)
[10:48:13] t=1452 jev VEH DRON HOLD (预算保护 cash=495 aav帽=ok aav=4)
[10:48:15] t=1454 jev INF E2 HOLD (预算保护 gate=False e2=12)
[10:48:15] t=1454 jev VEH DRON HOLD (预算保护 cash=495 aav帽=ok aav=4)
[10:48:15] t=1454 MOVE assault x6 -> (137,82); t=1454 SIEGE STAGING x6/8 (攒兵团, 齐冲再上); aahunt x4 -> (125,84)
[10:48:15] {"kind": "action", "what": "attack_move", "name": null, "qty": null, "tid": null, "ts": "10:48:15"}
[10:48:15] {"kind": "action", "what": "attack_move", "name": null, "qty": null, "tid": null, "ts": "10:48:15"}
[10:48:17] t=1457 jev INF E2 HOLD (预算保护 gate=False e2=12)
[10:48:17] t=1457 jev VEH HTNK HOLD (预算保护 cash=495 aav帽=ok aav=4)
[10:48:19] t=1459 jev INF E2 HOLD (预算保护 gate=False e2=12)
[10:48:19] t=1459 jev VEH HTNK HOLD (预算保护 cash=495 aav帽=ok aav=4)
[10:48:21] t=1462 jev INF E2 HOLD (预算保护 gate=False e2=12)
[10:48:21] t=1462 jev VEH HTNK HOLD (预算保护 cash=495 aav帽=ok aav=4)
[10:48:21] t=1465 HARASS DRON x2 (have 0)
[10:48:21] {"kind": "action", "what": "produce", "name": "DRON", "qty": 2, "tid": null, "ts": "10:48:21"}
[10:48:23] t=1465 jev INF E2 (conf 0.39)
[10:48:23] {"kind": "action", "what": "produce", "name": "E2", "qty": 1, "tid": null, "ts": "10:48:23"}
[10:48:23] t=1467 ESCORT 坦克#1960 -> 护航矿车@[115, 132]
[10:48:23] {"kind": "action", "what": "attack_move", "name": null, "qty": null, "tid": null, "ts": "10:48:23"}
[10:48:25] t=1467 tick#625 credits=566 stance=attack | jev 625 decisions p50=1567ms
[10:48:27] t=1470 MOVE raid x1 -> (80,82); t=1470 SIEGE STAGING x7/8 (攒兵团, 齐冲再上)
[10:48:27] {"kind": "action", "what": "attack_move", "name": null, "qty": null, "tid": null, "ts": "10:48:27"}
[10:48:29] t=1473 jev INF E2 HOLD (预算保护 gate=False e2=13)
[10:48:29] t=1473 MOVE raid x1 -> (80,79); assault x7 -> (137,82); t=1473 SIEGE STAGING x7/8 (攒兵团, 齐冲再上)
[10:48:29] {"kind": "action", "what": "attack_move", "name": null, "qty": null, "tid": null, "ts": "10:48:29"}
[10:48:29] {"kind": "action", "what": "attack_move", "name": null, "qty": null, "tid": null, "ts": "10:48:29"}
[10:48:31] t=1475 jev INF E2 HOLD (预算保护 gate=False e2=13)
[10:48:31] t=1475 MOVE raid x1 -> (79,77); t=1475 SIEGE STAGING x7/8 (攒兵团, 齐冲再上); hold_a x7 -> (133,86)
[10:48:31] {"kind": "action", "what": "attack_move", "name": null, "qty": null, "tid": null, "ts": "10:48:31"}
[10:48:31] {"kind": "action", "what": "attack_move", "name": null, "qty": null, "tid": null, "ts": "10:48:31"}
[10:48:33] t=1478 jev INF E2 HOLD (预算保护 gate=False e2=13)
[10:48:33] t=1478 MOVE raid x1 -> (70,117); t=1478 SIEGE STAGING x7/8 (攒兵团, 齐冲再上); hold_b x6 -> (126,75)
[10:48:33] {"kind": "action", "what": "attack_move", "name": null, "qty": null, "tid": null, "ts": "10:48:33"}
[10:48:33] {"kind": "action", "what": "attack_move", "name": null, "qty": null, "tid": null, "ts": "10:48:33"}
[10:48:35] t=1481 jev INF E2 HOLD (预算保护 gate=False e2=13)
[10:48:37] t=1483 jev INF E2 HOLD (预算保护 gate=False e2=13)
[10:48:38] t=1486 jev INF E2 HOLD (预算保护 gate=False e2=13)
[10:48:40] t=1488 jev INF E2 HOLD (预算保护 gate=False e2=13)
[10:48:42] t=1491 jev INF E2 HOLD (预算保护 gate=False e2=13)
[10:48:42] t=1491 MOVE assault x7 -> (137,82); t=1491 SIEGE STAGING x7/8 (攒兵团, 齐冲再上)
[10:48:42] {"kind": "action", "what": "attack_move", "name": null, "qty": null, "tid": null, "ts": "10:48:42"}
[10:48:44] t=1493 jev BUILD NADEPT HOLD (资金闸门: 坦克优先, cash=0)
[10:48:44] t=1493 jev INF E2 HOLD (预算保护 gate=False e2=13)
[10:48:46] t=1496 jev BUILD NADEPT HOLD (资金闸门: 坦克优先, cash=0)
[10:48:46] t=1496 jev INF E2 HOLD (预算保护 gate=False e2=13)
[10:48:46] t=1496 MOVE t=1496 SIEGE STAGING x7/8 (攒兵团, 齐冲再上); aahunt x4 -> (125,84)
[10:48:46] {"kind": "action", "what": "attack_move", "name": null, "qty": null, "tid": null, "ts": "10:48:46"}
[10:48:48] t=1499 jev INF E2 HOLD (预算保护 gate=False e2=13)
[10:48:48] t=1499 jev VEH HARV HOLD (预算保护 cash=205 aav帽=ok aav=4)
[10:48:48] t=1499 MOVE assault x8 -> 攻击目标#2688@(71,111); t=1499 SIEGE 拔防御壳 x8 -> #2688@(71,111)
[10:48:48] {"kind": "action", "what": "attack_obj", "name": null, "qty": null, "tid": 2688, "ts": "10:48:48"}
[10:48:50] t=1501 jev INF E2 HOLD (预算保护 gate=False e2=13)
[10:48:50] t=1501 jev VEH HARV HOLD (预算保护 cash=205 aav帽=ok aav=4)
[10:48:52] t=1504 jev INF E2 HOLD (预算保护 gate=False e2=13)
[10:48:52] t=1504 jev VEH HARV HOLD (预算保护 cash=205 aav帽=ok aav=4)
[10:48:54] t=1506 jev INF E2 HOLD (预算保护 gate=False e2=13)
[10:48:54] t=1506 jev VEH HTK HOLD (预算保护 cash=205 aav帽=hit aav=4)
[10:48:54] t=1509 ESCORT 坦克#1396 -> 护航矿车@[127, 105]
[10:48:54] {"kind": "action", "what": "attack_move", "name": null, "qty": null, "tid": null, "ts": "10:48:54"}
[10:48:56] t=1509 jev INF E2 HOLD (预算保护 gate=False e2=13)
[10:48:56] t=1509 jev VEH HTK HOLD (预算保护 cash=205 aav帽=hit aav=4)
[10:48:58] t=1511 jev INF E2 HOLD (预算保护 gate=False e2=13)
[10:48:58] t=1511 jev VEH HTK HOLD (预算保护 cash=205 aav帽=hit aav=4)
[10:48:58] t=1514 RETREAT HTNK(23%)
[10:48:58] {"kind": "action", "what": "move", "name": null, "qty": null, "tid": null, "ts": "10:48:58"}
[10:49:00] t=1514 jev INF E2 HOLD (预算保护 gate=False e2=13)
[10:49:00] t=1514 jev VEH HTK HOLD (预算保护 cash=205 aav帽=hit aav=4)
[10:49:01] t=1516 jev INF E2 HOLD (预算保护 gate=False e2=13)
[10:49:01] t=1516 jev VEH HTK HOLD (预算保护 cash=205 aav帽=hit aav=4)
[10:49:01] t=1516 MOVE assault x8 -> 攻击目标#2688@(71,111); t=1516 SIEGE 拔防御壳 x8 -> #2688@(71,111)
[10:49:01] {"kind": "action", "what": "attack_obj", "name": null, "qty": null, "tid": 2688, "ts": "10:49:01"}
[10:49:03] t=1519 jev INF E2 HOLD (预算保护 gate=False e2=13)
[10:49:03] t=1519 jev VEH HTK HOLD (预算保护 cash=205 aav帽=hit aav=4)
[10:49:03] t=1519 MOVE raid x2 -> (70,117); t=1519 SIEGE 拔防御壳 x8 -> #2688@(71,111)
[10:49:03] {"kind": "action", "what": "attack_move", "name": null, "qty": null, "tid": null, "ts": "10:49:03"}
[10:49:05] t=1522 jev INF E2 HOLD (预算保护 gate=False e2=13)
[10:49:05] t=1522 jev VEH HTK HOLD (预算保护 cash=205 aav帽=hit aav=4)
[10:49:06] t=1524 ALARM unit lost -> 攻势保持（塔阵守家, 前线 21 个单位继续进攻）
[10:49:07] t=1524 jev INF E2 HOLD (预算保护 gate=False e2=13)
[10:49:07] t=1524 jev VEH HTK HOLD (预算保护 cash=205 aav帽=hit aav=4)
[10:49:07] t=1524 MOVE assault x7 -> (137,82); t=1524 SIEGE STAGING x7/8 (攒兵团, 齐冲再上)
[10:49:07] {"kind": "action", "what": "attack_move", "name": null, "qty": null, "tid": null, "ts": "10:49:07"}
[10:49:09] t=1527 jev INF E2 HOLD (预算保护 gate=False e2=13)
[10:49:09] t=1527 jev VEH HARV HOLD (预算保护 cash=205 aav帽=ok aav=4)
[10:49:11] t=1529 jev INF E2 HOLD (预算保护 gate=False e2=13)
[10:49:11] t=1529 jev VEH HARV HOLD (预算保护 cash=205 aav帽=ok aav=4)
[10:49:13] t=1532 jev INF E2 HOLD (预算保护 gate=False e2=13)
[10:49:13] t=1532 jev VEH HARV HOLD (预算保护 cash=205 aav帽=ok aav=4)
[10:49:13] t=1532 tick#650 credits=205 stance=attack | jev 650 decisions p50=1581ms
[10:49:15] t=1534 jev INF E2 HOLD (预算保护 gate=False e2=13)
[10:49:15] t=1534 jev VEH HARV HOLD (预算保护 cash=205 aav帽=ok aav=4)
[10:49:17] t=1537 jev INF E2 HOLD (预算保护 gate=False e2=13)
[10:49:17] t=1537 jev VEH HARV HOLD (预算保护 cash=205 aav帽=ok aav=4)
[10:49:17] t=1537 MOVE t=1537 SIEGE STAGING x7/8 (攒兵团, 齐冲再上); aahunt x4 -> (125,84)
[10:49:17] {"kind": "action", "what": "attack_move", "name": null, "qty": null, "tid": null, "ts": "10:49:17"}
[10:49:19] t=1539 jev INF E2 HOLD (预算保护 gate=False e2=13)
[10:49:19] t=1539 jev VEH HARV HOLD (预算保护 cash=205 aav帽=ok aav=4)
[10:49:21] t=1542 jev INF E2 HOLD (预算保护 gate=False e2=13)
[10:49:21] t=1542 jev VEH HARV HOLD (预算保护 cash=205 aav帽=ok aav=4)
[10:49:21] t=1542 MOVE assault x7 -> (137,82); t=1542 SIEGE STAGING x7/8 (攒兵团, 齐冲再上)
[10:49:21] {"kind": "action", "what": "attack_move", "name": null, "qty": null, "tid": null, "ts": "10:49:21"}
[10:49:22] t=1544 jev INF E2 HOLD (预算保护 gate=False e2=13)
[10:49:22] t=1544 jev VEH HARV HOLD (预算保护 cash=205 aav帽=ok aav=4)
[10:49:23] t=1547 HARASS DRON x2 (have 1)
[10:49:23] {"kind": "action", "what": "produce", "name": "DRON", "qty": 2, "tid": null, "ts": "10:49:23"}
[10:49:24] t=1547 jev INF E2 (conf 0.30)
[10:49:24] {"kind": "action", "what": "produce", "name": "E2", "qty": 1, "tid": null, "ts": "10:49:24"}
[10:49:24] t=1547 MOVE raid x1 -> (78,73); t=1547 SIEGE STAGING x7/8 (攒兵团, 齐冲再上)
[10:49:24] {"kind": "action", "what": "attack_move", "name": null, "qty": null, "tid": null, "ts": "10:49:24"}
[10:49:25] t=1550 ESCORT 坦克#2070 -> 护航矿车@[98, 102]
[10:49:25] {"kind": "action", "what": "attack_move", "name": null, "qty": null, "tid": null, "ts": "10:49:25"}
[10:49:28] t=1552 MOVE assault x8 -> 攻击目标#2688@(71,111); t=1552 SIEGE 拔防御壳 x8 -> #2688@(71,111)
[10:49:28] {"kind": "action", "what": "attack_obj", "name": null, "qty": null, "tid": 2688, "ts": "10:49:28"}
[10:49:30] t=1555 jev INF E2 HOLD (预算保护 gate=False e2=14)
[10:49:30] t=1555 jev VEH DRON HOLD (预算保护 cash=740 aav帽=ok aav=4)
[10:49:32] t=1557 jev INF E2 HOLD (预算保护 gate=False e2=14)
[10:49:32] t=1557 jev VEH DRON HOLD (预算保护 cash=740 aav帽=ok aav=4)
[10:49:32] t=1557 MOVE t=1557 SIEGE 拔防御壳 x9 -> #2688@(71,111); hold_a x7 -> (133,86)
[10:49:32] {"kind": "action", "what": "attack_move", "name": null, "qty": null, "tid": null, "ts": "10:49:32"}
[10:49:34] t=1560 jev INF E2 HOLD (预算保护 gate=False e2=14)
[10:49:34] t=1560 jev VEH DRON HOLD (预算保护 cash=740 aav帽=ok aav=4)
[10:49:34] t=1560 MOVE t=1560 SIEGE 拔防御壳 x9 -> #2688@(71,111); hold_b x7 -> (126,75)
[10:49:34] {"kind": "action", "what": "attack_move", "name": null, "qty": null, "tid": null, "ts": "10:49:34"}
[10:49:36] t=1562 jev INF E2 HOLD (预算保护 gate=False e2=14)
[10:49:36] t=1562 jev VEH DRON HOLD (预算保护 cash=740 aav帽=ok aav=4)
[10:49:36] t=1562 MOVE raid x3 -> (78,74); t=1562 SIEGE 拔防御壳 x9 -> #2688@(71,111)
[10:49:36] {"kind": "action", "what": "attack_move", "name": null, "qty": null, "tid": null, "ts": "10:49:36"}
[10:49:38] t=1565 jev INF E2 HOLD (预算保护 gate=False e2=14)
[10:49:38] t=1565 jev VEH DRON HOLD (预算保护 cash=740 aav帽=ok aav=4)
[10:49:38] t=1565 MOVE raid x3 -> (78,76); t=1565 SIEGE 拔防御壳 x9 -> #2688@(71,111)
[10:49:38] {"kind": "action", "what": "attack_move", "name": null, "qty": null, "tid": null, "ts": "10:49:38"}
[10:49:38] t=1567 RETREAT HTNK(12%)
[10:49:38] {"kind": "action", "what": "move", "name": null, "qty": null, "tid": null, "ts": "10:49:38"}
[10:49:40] t=1567 jev INF E2 HOLD (预算保护 gate=False e2=14)
[10:49:40] t=1567 jev VEH DRON HOLD (预算保护 cash=740 aav帽=ok aav=4)
[10:49:40] t=1567 MOVE raid x3 -> (78,78); t=1567 SIEGE 拔防御壳 x9 -> #2688@(71,111)
[10:49:40] {"kind": "action", "what": "attack_move", "name": null, "qty": null, "tid": null, "ts": "10:49:40"}
[10:49:41] t=1570 jev INF E2 HOLD (预算保护 gate=False e2=14)
[10:49:41] t=1570 jev VEH DRON HOLD (预算保护 cash=740 aav帽=ok aav=4)
[10:49:41] t=1570 MOVE raid x3 -> (80,81); assault x9 -> 攻击目标#2688@(71,111); t=1570 SIEGE 拔防御壳 x9 -> #2688@(71,111)
[10:49:42] {"kind": "action", "what": "attack_move", "name": null, "qty": null, "tid": null, "ts": "10:49:42"}
[10:49:42] {"kind": "action", "what": "attack_obj", "name": null, "qty": null, "tid": 2688, "ts": "10:49:42"}
[10:49:43] t=1572 jev INF E2 HOLD (预算保护 gate=False e2=14)
[10:49:43] t=1572 jev VEH DRON HOLD (预算保护 cash=740 aav帽=ok aav=4)
[10:49:43] t=1572 MOVE raid x3 -> (80,84); t=1572 SIEGE 拔防御壳 x9 -> #2688@(71,111)
[10:49:43] {"kind": "action", "what": "attack_move", "name": null, "qty": null, "tid": null, "ts": "10:49:43"}
[10:49:44] t=1575 TANK HTNK x2
[10:49:44] {"kind": "action", "what": "produce", "name": "HTNK", "qty": 2, "tid": null, "ts": "10:49:44"}
[10:49:45] t=1575 jev INF E2 (conf 0.27)
[10:49:45] t=1575 MOVE raid x3 -> (80,88); t=1575 SIEGE 拔防御壳 x9 -> #2688@(71,111)
[10:49:45] {"kind": "action", "what": "attack_move", "name": null, "qty": null, "tid": null, "ts": "10:49:45"}
[10:49:47] t=1578 jev INF E2 (conf 0.27)
[10:49:47] t=1578 MOVE raid x3 -> (80,91); t=1578 SIEGE 拔防御壳 x9 -> #2688@(71,111); aahunt x4 -> (125,84)
[10:49:47] {"kind": "action", "what": "attack_move", "name": null, "qty": null, "tid": null, "ts": "10:49:47"}
[10:49:47] {"kind": "action", "what": "attack_move", "name": null, "qty": null, "tid": null, "ts": "10:49:47"}
[10:49:49] t=1580 jev INF E2 (conf 0.27)
[10:49:49] {"kind": "action", "what": "produce", "name": "E2", "qty": 1, "tid": null, "ts": "10:49:49"}
[10:49:49] t=1580 MOVE raid x3 -> (80,95); t=1580 SIEGE 拔防御壳 x9 -> #2688@(71,111)
[10:49:49] {"kind": "action", "what": "attack_move", "name": null, "qty": null, "tid": null, "ts": "10:49:49"}
[10:49:51] t=1583 MOVE raid x3 -> (80,98); t=1583 SIEGE 拔防御壳 x10 -> #2688@(71,111)
[10:49:51] {"kind": "action", "what": "attack_move", "name": null, "qty": null, "tid": null, "ts": "10:49:51"}
[10:49:53] t=1586 MOVE raid x3 -> (80,102); t=1586 SIEGE 拔防御壳 x10 -> #2688@(71,111)
[10:49:53] {"kind": "action", "what": "attack_move", "name": null, "qty": null, "tid": null, "ts": "10:49:53"}
[10:49:55] t=1588 jev INF E2 HOLD (预算保护 gate=False e2=15)
[10:49:55] t=1588 MOVE raid x3 -> (80,105); assault x10 -> 攻击目标#2688@(71,111); t=1588 SIEGE 拔防御壳 x10 -> #2688@(71,111)
[10:49:55] {"kind": "action", "what": "attack_move", "name": null, "qty": null, "tid": null, "ts": "10:49:55"}
[10:49:55] {"kind": "action", "what": "attack_obj", "name": null, "qty": null, "tid": 2688, "ts": "10:49:55"}
[10:49:56] t=1591 ESCORT 坦克#1396 -> 护航矿车@[128, 104]
[10:49:56] {"kind": "action", "what": "attack_move", "name": null, "qty": null, "tid": null, "ts": "10:49:56"}
[10:49:57] t=1591 jev INF E2 HOLD (预算保护 gate=False e2=15)
[10:49:57] t=1591 jev VEH DRON HOLD (预算保护 cash=275 aav帽=ok aav=4)
[10:49:57] t=1591 MOVE raid x3 -> (80,109); t=1591 SIEGE 拔防御壳 x11 -> #2688@(71,111)
[10:49:57] {"kind": "action", "what": "attack_move", "name": null, "qty": null, "tid": null, "ts": "10:49:57"}
[10:49:59] t=1593 jev INF E2 HOLD (预算保护 gate=False e2=15)
[10:49:59] t=1593 jev VEH DRON HOLD (预算保护 cash=275 aav帽=ok aav=4)
[10:49:59] t=1593 MOVE raid x3 -> (80,113); t=1593 SIEGE 拔防御壳 x11 -> #2688@(71,111)
[10:49:59] {"kind": "action", "what": "attack_move", "name": null, "qty": null, "tid": null, "ts": "10:49:59"}
[10:50:01] t=1596 jev INF E2 HOLD (预算保护 gate=False e2=15)
[10:50:01] t=1596 jev VEH DRON HOLD (预算保护 cash=275 aav帽=ok aav=4)
[10:50:01] t=1596 MOVE raid x3 -> (80,116); t=1596 SIEGE 拔防御壳 x11 -> #2688@(71,111)
[10:50:01] {"kind": "action", "what": "attack_move", "name": null, "qty": null, "tid": null, "ts": "10:50:01"}
[10:50:01] t=1596 tick#675 credits=275 stance=attack | jev 675 decisions p50=1591ms
[10:50:03] t=1599 jev INF E2 HOLD (预算保护 gate=False e2=15)
[10:50:03] t=1599 jev VEH DRON HOLD (预算保护 cash=275 aav帽=ok aav=4)
[10:50:03] t=1599 MOVE raid x3 -> (80,119); t=1599 SIEGE 拔防御壳 x11 -> #2688@(71,111)
[10:50:03] {"kind": "action", "what": "attack_move", "name": null, "qty": null, "tid": null, "ts": "10:50:03"}
[10:50:03] t=1601 ALARM unit lost -> 攻势保持（塔阵守家, 前线 25 个单位继续进攻）
[10:50:03] t=1601 TANK HTNK x2
[10:50:05] t=1601 jev INF E2 (conf 0.31)
[10:50:05] t=1601 jev VEH DRON (conf 0.06)
[10:50:05] {"kind": "action", "what": "produce", "name": "DRON", "qty": 1, "tid": null, "ts": "10:50:05"}
[10:50:05] t=1601 MOVE raid x2 -> (78,122); t=1601 SIEGE 拔防御壳 x10 -> #2688@(71,111)
[10:50:05] {"kind": "action", "what": "attack_move", "name": null, "qty": null, "tid": null, "ts": "10:50:05"}
[10:50:07] t=1604 jev INF E2 (conf 0.32)
[10:50:07] t=1604 MOVE raid x2 -> (78,123); t=1604 SIEGE 拔防御壳 x10 -> #2688@(71,111)
[10:50:07] {"kind": "action", "what": "attack_move", "name": null, "qty": null, "tid": null, "ts": "10:50:07"}
[10:50:07] t=1606 ALARM unit lost -> 攻势保持（塔阵守家, 前线 25 个单位继续进攻）
[10:50:09] t=1606 jev INF E2 (conf 0.32)
[10:50:09] t=1606 MOVE assault x9 -> 攻击目标#2688@(71,111); t=1606 SIEGE 拔防御壳 x9 -> #2688@(71,111)
[10:50:09] {"kind": "action", "what": "attack_obj", "name": null, "qty": null, "tid": 2688, "ts": "10:50:09"}
[10:50:09] t=1609 TANK HTNK x1
[10:50:09] {"kind": "action", "what": "produce", "name": "HTNK", "qty": 1, "tid": null, "ts": "10:50:09"}
[10:50:11] t=1609 jev INF E2 (conf 0.31)
[10:50:11] t=1609 MOVE raid x2 -> (77,123); t=1609 SIEGE 拔防御壳 x10 -> #2688@(71,111)
[10:50:11] {"kind": "action", "what": "attack_move", "name": null, "qty": null, "tid": null, "ts": "10:50:11"}
[10:50:13] t=1612 jev INF E2 HOLD (预算保护 gate=False e2=15)
[10:50:13] t=1614 ALARM unit lost -> 攻势保持（塔阵守家, 前线 26 个单位继续进攻）
[10:50:15] t=1614 jev INF E2 HOLD (预算保护 gate=False e2=15)
[10:50:17] t=1617 jev INF E2 HOLD (预算保护 gate=False e2=15)
[10:50:17] t=1617 jev VEH HTNK HOLD (预算保护 cash=100 aav帽=ok aav=4)
[10:50:17] t=1617 MOVE raid x2 -> (77,122); t=1617 SIEGE 拔防御壳 x10 -> #2688@(71,111)
[10:50:17] {"kind": "action", "what": "attack_move", "name": null, "qty": null, "tid": null, "ts": "10:50:17"}
[10:50:19] t=1619 jev INF E2 HOLD (预算保护 gate=False e2=15)
[10:50:19] t=1619 jev VEH HTNK HOLD (预算保护 cash=100 aav帽=ok aav=4)
[10:50:19] t=1619 MOVE raid x2 -> (79,120); t=1619 SIEGE 拔防御壳 x10 -> #2688@(71,111); aahunt x4 -> (125,84)
[10:50:19] {"kind": "action", "what": "attack_move", "name": null, "qty": null, "tid": null, "ts": "10:50:19"}
[10:50:19] {"kind": "action", "what": "attack_move", "name": null, "qty": null, "tid": null, "ts": "10:50:19"}
[10:50:21] t=1622 jev INF E2 HOLD (预算保护 gate=False e2=15)
[10:50:21] t=1622 jev VEH HTNK HOLD (预算保护 cash=100 aav帽=ok aav=4)
[10:50:21] t=1622 MOVE raid x2 -> (79,117); assault x10 -> 攻击目标#2776@(71,110); t=1622 SIEGE 拔防御壳 x10 -> #2776@(71,110)
[10:50:21] {"kind": "action", "what": "attack_move", "name": null, "qty": null, "tid": null, "ts": "10:50:21"}
[10:50:21] {"kind": "action", "what": "attack_obj", "name": null, "qty": null, "tid": 2776, "ts": "10:50:21"}
[10:50:23] t=1625 jev INF E2 HOLD (预算保护 gate=False e2=15)
[10:50:23] t=1625 jev VEH HTNK HOLD (预算保护 cash=100 aav帽=ok aav=4)
[10:50:23] t=1625 MOVE raid x2 -> (79,114); t=1625 SIEGE 拔防御壳 x10 -> #2776@(71,110)
[10:50:23] {"kind": "action", "what": "attack_move", "name": null, "qty": null, "tid": null, "ts": "10:50:23"}
[10:50:23] t=1627 TANK HTNK x2
[10:50:25] t=1627 jev INF E2 (conf 0.33)
[10:50:25] t=1627 jev VEH HTNK HOLD (预算保护 cash=1225 aav帽=ok aav=4)
[10:50:25] {"kind": "action", "what": "produce", "name": "E2", "qty": 1, "tid": null, "ts": "10:50:25"}
[10:50:25] t=1627 MOVE raid x2 -> (79,112); t=1627 SIEGE 拔防御壳 x10 -> #2776@(71,110)
[10:50:25] {"kind": "action", "what": "attack_move", "name": null, "qty": null, "tid": null, "ts": "10:50:25"}
[10:50:25] t=1630 TANK HTNK x2
[10:50:27] t=1630 jev VEH HARV HOLD (预算保护 cash=1215 aav帽=ok aav=4)
[10:50:27] t=1630 MOVE raid x2 -> (70,117); t=1630 SIEGE 拔防御壳 x10 -> #2776@(71,110)
[10:50:27] {"kind": "action", "what": "attack_move", "name": null, "qty": null, "tid": null, "ts": "10:50:27"}
[10:50:27] t=1633 TANK HTNK x1
[10:50:27] t=1633 ESCORT 坦克#2769 -> 护航矿车@[114, 132]
[10:50:27] {"kind": "action", "what": "attack_move", "name": null, "qty": null, "tid": null, "ts": "10:50:27"}
[10:50:28] t=1633 jev VEH HARV HOLD (预算保护 cash=1152 aav帽=ok aav=4)
[10:50:29] t=1635 TANK HTNK x1
[10:50:30] t=1635 jev INF E2 (conf 0.35)
[10:50:30] t=1635 jev VEH HARV HOLD (预算保护 cash=1135 aav帽=ok aav=4)
[10:50:31] t=1638 ALARM unit lost -> 攻势保持（塔阵守家, 前线 24 个单位继续进攻）
[10:50:31] t=1638 HARASS DRON x2 (have 1)
[10:50:31] {"kind": "action", "what": "produce", "name": "DRON", "qty": 2, "tid": null, "ts": "10:50:31"}
[10:50:32] t=1638 jev INF E2 (conf 0.34)
[10:50:32] t=1638 MOVE t=1638 SIEGE 拔防御壳 x9 -> #2776@(71,110); hold_a x8 -> (133,86)
[10:50:32] {"kind": "action", "what": "attack_move", "name": null, "qty": null, "tid": null, "ts": "10:50:32"}
[10:50:34] t=1640 jev INF E2 (conf 0.34)
[10:50:34] t=1640 MOVE assault x9 -> 攻击目标#2776@(71,110); t=1640 SIEGE 拔防御壳 x9 -> #2776@(71,110); hold_b x8 -> (126,75)
[10:50:34] {"kind": "action", "what": "attack_obj", "name": null, "qty": null, "tid": 2776, "ts": "10:50:34"}
[10:50:34] {"kind": "action", "what": "attack_move", "name": null, "qty": null, "tid": null, "ts": "10:50:34"}
[10:50:35] t=1643 RETREAT HTNK(34%)
[10:50:35] {"kind": "action", "what": "move", "name": null, "qty": null, "tid": null, "ts": "10:50:35"}
[10:50:36] t=1643 jev INF E2 HOLD (预算保护 gate=False e2=16)
[10:50:38] t=1645 jev INF E2 HOLD (预算保护 gate=False e2=16)
[10:50:38] t=1645 jev VEH HARV HOLD (预算保护 cash=335 aav帽=ok aav=4)
[10:50:38] t=1645 MOVE assault x11 -> 攻击目标#2688@(71,111); t=1645 SIEGE 拔防御壳 x11 -> #2688@(71,111)
[10:50:38] {"kind": "action", "what": "attack_obj", "name": null, "qty": null, "tid": 2688, "ts": "10:50:38"}
[10:50:38] t=1648 ALARM unit lost -> 攻势保持（塔阵守家, 前线 25 个单位继续进攻）
[10:50:40] t=1648 jev INF E2 HOLD (预算保护 gate=False e2=16)
[10:50:40] t=1648 jev VEH HARV HOLD (预算保护 cash=560 aav帽=ok aav=4)
[10:50:42] t=1650 jev INF E2 HOLD (预算保护 gate=False e2=16)
[10:50:42] t=1650 jev VEH HARV HOLD (预算保护 cash=560 aav帽=ok aav=4)
[10:50:42] t=1650 MOVE t=1650 GHOST detected #2688@[71, 111] (集火150gs不倒, 拉黑); assault x10 -> 攻击目标#1062@(75,118); t=1650 SIEGE 清建筑 x10 -> #1062@(75,118)
[10:50:42] {"kind": "action", "what": "attack_obj", "name": null, "qty": null, "tid": 1062, "ts": "10:50:42"}
[10:50:44] t=1653 jev INF E2 HOLD (预算保护 gate=False e2=16)
[10:50:44] t=1653 jev VEH HARV HOLD (预算保护 cash=560 aav帽=ok aav=4)
[10:50:44] t=1653 MOVE assault x10 -> 攻击目标#2774@(71,113); t=1653 SIEGE 清建筑 x10 -> #2774@(71,113)
[10:50:44] {"kind": "action", "what": "attack_obj", "name": null, "qty": null, "tid": 2774, "ts": "10:50:44"}
[10:50:46] t=1655 jev INF E2 HOLD (预算保护 gate=False e2=16)
[10:50:46] t=1655 jev VEH HARV HOLD (预算保护 cash=560 aav帽=ok aav=4)
[10:50:46] t=1655 MOVE assault x10 -> 攻击目标#1062@(75,118); t=1655 SIEGE 清建筑 x10 -> #1062@(75,118)
[10:50:46] {"kind": "action", "what": "attack_obj", "name": null, "qty": null, "tid": 1062, "ts": "10:50:46"}
[10:50:47] t=1658 jev INF E2 HOLD (预算保护 gate=False e2=16)
[10:50:47] t=1658 jev VEH HARV HOLD (预算保护 cash=560 aav帽=ok aav=4)
[10:50:48] t=1660 ALARM unit lost -> 攻势保持（塔阵守家, 前线 25 个单位继续进攻）
[10:50:49] t=1660 jev INF E2 HOLD (预算保护 gate=False e2=16)
[10:50:49] t=1660 jev VEH HARV HOLD (预算保护 cash=560 aav帽=ok aav=4)
[10:50:49] t=1660 MOVE t=1660 SIEGE 清建筑 x9 -> #1062@(75,118); aahunt x4 -> (125,84)
[10:50:49] {"kind": "action", "what": "attack_move", "name": null, "qty": null, "tid": null, "ts": "10:50:49"}
[10:50:49] t=1660 tick#700 credits=560 stance=attack | jev 700 decisions p50=1599ms
[10:50:50] t=1663 ALARM unit lost -> 攻势保持（塔阵守家, 前线 24 个单位继续进攻）
[10:50:51] t=1663 jev INF E2 HOLD (预算保护 gate=False e2=16)
[10:50:51] t=1663 jev VEH HARV HOLD (预算保护 cash=560 aav帽=ok aav=4)
[10:50:53] t=1665 jev INF E2 HOLD (预算保护 gate=False e2=16)
[10:50:53] t=1665 jev VEH HARV HOLD (预算保护 cash=560 aav帽=ok aav=4)
[10:50:53] t=1668 TANK HTNK x1
[10:50:53] {"kind": "action", "what": "produce", "name": "HTNK", "qty": 1, "tid": null, "ts": "10:50:53"}
[10:50:55] t=1668 jev INF E2 (conf 0.27)
[10:50:55] {"kind": "action", "what": "produce", "name": "E2", "qty": 1, "tid": null, "ts": "10:50:55"}
[10:50:55] t=1668 MOVE assault x8 -> 攻击目标#2774@(71,113); t=1668 SIEGE 清建筑 x8 -> #2774@(71,113)
[10:50:55] {"kind": "action", "what": "attack_obj", "name": null, "qty": null, "tid": 2774, "ts": "10:50:55"}
[10:50:55] t=1670 ALARM unit lost -> 攻势保持（塔阵守家, 前线 24 个单位继续进攻）
[10:50:57] t=1670 MOVE raid x2 -> (70,117); assault x7 -> 攻击目标#1062@(75,118); t=1670 SIEGE 清建筑 x7 -> #1062@(75,118)
[10:50:57] {"kind": "action", "what": "attack_move", "name": null, "qty": null, "tid": null, "ts": "10:50:57"}
[10:50:57] {"kind": "action", "what": "attack_obj", "name": null, "qty": null, "tid": 1062, "ts": "10:50:57"}
[10:50:57] t=1673 ESCORT 坦克#2763 -> 护航矿车@[114, 135]
[10:50:57] {"kind": "action", "what": "attack_move", "name": null, "qty": null, "tid": null, "ts": "10:50:57"}
[10:51:01] t=1676 jev INF E2 HOLD (预算保护 gate=False e2=17)
[10:51:03] t=1678 jev INF E2 HOLD (预算保护 gate=False e2=17)
[10:51:03] t=1681 RETREAT HTNK(35%)
[10:51:03] {"kind": "action", "what": "move", "name": null, "qty": null, "tid": null, "ts": "10:51:03"}
[10:51:04] t=1681 jev INF E2 HOLD (预算保护 gate=False e2=17)
[10:51:06] t=1683 jev INF E2 HOLD (预算保护 gate=False e2=17)
[10:51:08] t=1686 jev INF E2 HOLD (预算保护 gate=False e2=17)
[10:51:10] t=1688 jev INF E2 HOLD (预算保护 gate=False e2=17)
[10:51:10] t=1688 MOVE assault x7 -> 攻击目标#1062@(75,118); t=1688 SIEGE 清建筑 x7 -> #1062@(75,118)
[10:51:10] {"kind": "action", "what": "attack_obj", "name": null, "qty": null, "tid": 1062, "ts": "10:51:10"}
[10:51:12] t=1691 jev INF E2 HOLD (预算保护 gate=False e2=17)
[10:51:12] t=1693 ALARM unit lost -> 攻势保持（塔阵守家, 前线 22 个单位继续进攻）
[10:51:14] t=1693 jev INF E2 HOLD (预算保护 gate=False e2=17)
[10:51:14] t=1693 MOVE assault x5 -> 攻击目标#1606@(69,125); t=1693 SIEGE 拔裂缝产生器 x5 -> #1606@(69,125)
[10:51:14] {"kind": "action", "what": "attack_obj", "name": null, "qty": null, "tid": 1606, "ts": "10:51:14"}
[10:51:16] t=1696 jev INF E2 HOLD (预算保护 gate=False e2=17)
[10:51:16] t=1699 ALARM unit lost -> 攻势保持（塔阵守家, 前线 22 个单位继续进攻）
[10:51:18] t=1699 jev INF E2 HOLD (预算保护 gate=False e2=17)
[10:51:18] t=1701 RETREAT DRON(10%)
[10:51:18] {"kind": "action", "what": "move", "name": null, "qty": null, "tid": null, "ts": "10:51:18"}
[10:51:20] t=1701 jev INF E2 HOLD (预算保护 gate=False e2=17)
[10:51:20] t=1701 MOVE assault x6 -> (137,82); t=1701 SIEGE STAGING x6/8 (攒兵团, 齐冲再上); aahunt x4 -> (125,84)
[10:51:20] {"kind": "action", "what": "attack_move", "name": null, "qty": null, "tid": null, "ts": "10:51:20"}
[10:51:20] {"kind": "action", "what": "attack_move", "name": null, "qty": null, "tid": null, "ts": "10:51:20"}
[10:51:21] t=1704 ALARM unit lost -> 攻势保持（塔阵守家, 前线 21 个单位继续进攻）
[10:51:22] t=1704 jev INF E2 HOLD (预算保护 gate=False e2=17)
[10:51:24] t=1707 jev INF E2 HOLD (预算保护 gate=False e2=17)
[10:51:26] t=1709 jev INF E2 HOLD (预算保护 gate=False e2=17)
[10:51:28] t=1712 jev INF E2 HOLD (预算保护 gate=False e2=17)
[10:51:28] t=1714 ESCORT 坦克#2763 -> 护航矿车@[127, 105]
[10:51:28] {"kind": "action", "what": "attack_move", "name": null, "qty": null, "tid": null, "ts": "10:51:28"}
[10:51:30] t=1714 jev INF E2 HOLD (预算保护 gate=False e2=17)
[10:51:30] t=1717 ALARM unit lost -> 攻势保持（塔阵守家, 前线 23 个单位继续进攻）
[10:51:32] t=1717 jev INF E2 HOLD (预算保护 gate=False e2=17)
[10:51:32] t=1717 jev VEH HARV HOLD (预算保护 cash=170 aav帽=ok aav=4)
[10:51:34] t=1720 jev INF E2 HOLD (预算保护 gate=False e2=17)
[10:51:34] t=1720 jev VEH HARV HOLD (预算保护 cash=170 aav帽=ok aav=4)
[10:51:34] t=1720 MOVE assault x4 -> (137,82); t=1720 SIEGE STAGING x4/8 (攒兵团, 齐冲再上); hold_a x9 -> (133,86)
[10:51:34] {"kind": "action", "what": "attack_move", "name": null, "qty": null, "tid": null, "ts": "10:51:34"}
[10:51:34] {"kind": "action", "what": "attack_move", "name": null, "qty": null, "tid": null, "ts": "10:51:34"}
[10:51:36] t=1722 jev INF E2 HOLD (预算保护 gate=False e2=17)
[10:51:36] t=1722 jev VEH HARV HOLD (预算保护 cash=170 aav帽=ok aav=4)
[10:51:36] t=1722 MOVE t=1722 SIEGE STAGING x4/8 (攒兵团, 齐冲再上); hold_b x8 -> (126,75)
[10:51:36] {"kind": "action", "what": "attack_move", "name": null, "qty": null, "tid": null, "ts": "10:51:36"}
[10:51:38] t=1725 jev INF E2 HOLD (预算保护 gate=False e2=17)
[10:51:38] t=1725 jev VEH HARV HOLD (预算保护 cash=170 aav帽=ok aav=4)
[10:51:38] t=1725 tick#725 credits=170 stance=attack | jev 725 decisions p50=1606ms
[10:51:40] t=1727 jev INF E2 HOLD (预算保护 gate=False e2=17)
[10:51:40] t=1727 jev VEH HARV HOLD (预算保护 cash=170 aav帽=ok aav=4)
[10:51:42] t=1730 jev INF E2 HOLD (预算保护 gate=False e2=17)
[10:51:42] t=1730 jev VEH HARV HOLD (预算保护 cash=170 aav帽=ok aav=4)
[10:51:42] t=1732 RETREAT HTNK(38%)
[10:51:42] {"kind": "action", "what": "move", "name": null, "qty": null, "tid": null, "ts": "10:51:42"}
[10:51:44] t=1732 jev INF E2 HOLD (预算保护 gate=False e2=17)
[10:51:44] t=1732 jev VEH HARV HOLD (预算保护 cash=170 aav帽=ok aav=4)
[10:51:45] t=1735 jev INF E2 HOLD (预算保护 gate=False e2=17)
[10:51:45] t=1735 jev VEH HARV HOLD (预算保护 cash=170 aav帽=ok aav=4)
[10:51:47] t=1738 jev INF E2 HOLD (预算保护 gate=False e2=17)
[10:51:47] t=1738 jev VEH HARV HOLD (预算保护 cash=170 aav帽=ok aav=4)
[10:51:47] t=1738 MOVE assault x4 -> (137,82); t=1738 SIEGE STAGING x4/8 (攒兵团, 齐冲再上)
[10:51:47] {"kind": "action", "what": "attack_move", "name": null, "qty": null, "tid": null, "ts": "10:51:47"}
[10:51:49] t=1740 jev INF E2 HOLD (预算保护 gate=False e2=17)
[10:51:49] t=1740 jev VEH HARV HOLD (预算保护 cash=170 aav帽=ok aav=4)
[10:51:51] t=1743 jev INF E2 HOLD (预算保护 gate=False e2=17)
[10:51:51] t=1743 jev VEH HARV HOLD (预算保护 cash=170 aav帽=ok aav=4)
[10:51:51] t=1743 MOVE t=1743 SIEGE STAGING x4/8 (攒兵团, 齐冲再上); aahunt x4 -> (125,84)
[10:51:51] {"kind": "action", "what": "attack_move", "name": null, "qty": null, "tid": null, "ts": "10:51:51"}
[10:51:53] t=1745 jev INF E2 HOLD (预算保护 gate=False e2=17)
[10:51:53] t=1745 jev VEH HARV HOLD (预算保护 cash=170 aav帽=ok aav=4)
[10:51:53] t=1748 ALARM unit lost -> 攻势保持（塔阵守家, 前线 24 个单位继续进攻）
[10:51:55] t=1748 jev INF E2 HOLD (预算保护 gate=False e2=17)
[10:51:55] t=1748 jev VEH HARV HOLD (预算保护 cash=170 aav帽=ok aav=4)
[10:51:57] t=1751 jev INF E2 HOLD (预算保护 gate=False e2=17)
[10:51:57] t=1751 jev VEH HARV HOLD (预算保护 cash=170 aav帽=ok aav=4)
[10:51:59] t=1753 jev INF E2 HOLD (预算保护 gate=False e2=17)
[10:51:59] t=1753 jev VEH HARV HOLD (预算保护 cash=170 aav帽=ok aav=4)
[10:51:59] t=1756 ESCORT 坦克#2775 -> 护航矿车@[87, 58]
[10:51:59] {"kind": "action", "what": "attack_move", "name": null, "qty": null, "tid": null, "ts": "10:51:59"}
[10:52:01] t=1756 jev INF E2 HOLD (预算保护 gate=False e2=17)
[10:52:01] t=1756 jev VEH HARV HOLD (预算保护 cash=170 aav帽=ok aav=4)
[10:52:01] t=1756 MOVE assault x3 -> (137,82); t=1756 SIEGE STAGING x3/8 (攒兵团, 齐冲再上)
[10:52:01] {"kind": "action", "what": "attack_move", "name": null, "qty": null, "tid": null, "ts": "10:52:01"}
[10:52:03] t=1758 jev INF E2 HOLD (预算保护 gate=False e2=17)
[10:52:03] t=1758 jev VEH HARV HOLD (预算保护 cash=170 aav帽=ok aav=4)
[10:52:05] t=1761 jev INF E2 HOLD (预算保护 gate=False e2=17)
[10:52:05] t=1761 jev VEH HARV HOLD (预算保护 cash=170 aav帽=ok aav=4)
[10:52:05] t=1763 HARASS DRON x2 (have 0)
[10:52:05] {"kind": "action", "what": "produce", "name": "DRON", "qty": 2, "tid": null, "ts": "10:52:05"}
[10:52:07] t=1763 jev INF E2 (conf 0.47)
[10:52:07] {"kind": "action", "what": "produce", "name": "E2", "qty": 1, "tid": null, "ts": "10:52:07"}
[10:52:10] t=1769 MOVE raid x1 -> (70,117); t=1769 SIEGE STAGING x4/8 (攒兵团, 齐冲再上)
[10:52:11] {"kind": "action", "what": "attack_move", "name": null, "qty": null, "tid": null, "ts": "10:52:11"}
[10:52:12] t=1771 jev INF E2 HOLD (预算保护 gate=False e2=18)
[10:52:12] t=1771 jev VEH HARV HOLD (预算保护 cash=405 aav帽=ok aav=4)
[10:52:14] t=1774 jev INF E2 HOLD (预算保护 gate=False e2=18)
[10:52:14] t=1774 jev VEH HARV HOLD (预算保护 cash=405 aav帽=ok aav=4)
[10:52:14] t=1774 MOVE assault x5 -> (137,82); t=1774 SIEGE STAGING x5/8 (攒兵团, 齐冲再上)
[10:52:14] {"kind": "action", "what": "attack_move", "name": null, "qty": null, "tid": null, "ts": "10:52:14"}
[10:52:16] t=1776 jev INF E2 HOLD (预算保护 gate=False e2=18)
[10:52:16] t=1776 jev VEH HARV HOLD (预算保护 cash=780 aav帽=ok aav=4)
[10:52:18] t=1779 jev INF E2 HOLD (预算保护 gate=False e2=18)
[10:52:18] t=1779 jev VEH HARV HOLD (预算保护 cash=780 aav帽=ok aav=4)
[10:52:20] t=1781 jev INF E2 HOLD (预算保护 gate=False e2=18)
[10:52:20] t=1781 jev VEH HARV HOLD (预算保护 cash=780 aav帽=ok aav=4)
[10:52:20] t=1784 TANK HTNK x1
[10:52:20] {"kind": "action", "what": "produce", "name": "HTNK", "qty": 1, "tid": null, "ts": "10:52:20"}
[10:52:22] t=1784 jev INF E2 (conf 0.52)
[10:52:22] t=1784 MOVE t=1784 SIEGE STAGING x5/8 (攒兵团, 齐冲再上); aahunt x4 -> (125,84)
[10:52:22] {"kind": "action", "what": "attack_move", "name": null, "qty": null, "tid": null, "ts": "10:52:22"}
[10:52:24] t=1786 jev INF E2 HOLD (预算保护 gate=False e2=18)
[10:52:26] t=1789 jev INF E2 HOLD (预算保护 gate=False e2=18)
[10:52:26] t=1789 tick#750 credits=372 stance=attack | jev 750 decisions p50=1611ms
[10:52:28] t=1791 jev INF E2 HOLD (预算保护 gate=False e2=18)
[10:52:28] t=1791 jev VEH HARV HOLD (预算保护 cash=105 aav帽=ok aav=4)
[10:52:28] t=1791 MOVE assault x6 -> (137,82); t=1791 SIEGE STAGING x6/8 (攒兵团, 齐冲再上)
[10:52:28] {"kind": "action", "what": "attack_move", "name": null, "qty": null, "tid": null, "ts": "10:52:28"}
[10:52:30] t=1794 jev INF E2 HOLD (预算保护 gate=False e2=18)
[10:52:30] t=1794 jev VEH HARV HOLD (预算保护 cash=105 aav帽=ok aav=4)
[10:52:30] t=1797 ESCORT 坦克#3109 -> 护航矿车@[120, 117]
[10:52:30] {"kind": "action", "what": "attack_move", "name": null, "qty": null, "tid": null, "ts": "10:52:30"}
[10:52:32] t=1797 jev INF E2 HOLD (预算保护 gate=False e2=18)
[10:52:32] t=1797 jev VEH HARV HOLD (预算保护 cash=105 aav帽=ok aav=4)
[10:52:33] t=1799 jev INF E2 HOLD (预算保护 gate=False e2=18)
[10:52:33] t=1799 jev VEH HARV HOLD (预算保护 cash=105 aav帽=ok aav=4)
[10:52:35] t=1802 jev INF E2 HOLD (预算保护 gate=False e2=18)
[10:52:35] t=1802 jev VEH HARV HOLD (预算保护 cash=105 aav帽=ok aav=4)
[10:52:35] t=1802 MOVE t=1802 SIEGE STAGING x6/8 (攒兵团, 齐冲再上); hold_a x9 -> (133,86)
[10:52:35] {"kind": "action", "what": "attack_move", "name": null, "qty": null, "tid": null, "ts": "10:52:35"}
[10:52:37] t=1804 jev INF E2 HOLD (预算保护 gate=False e2=18)
[10:52:37] t=1804 jev VEH HARV HOLD (预算保护 cash=105 aav帽=ok aav=4)
[10:52:37] t=1804 MOVE t=1804 SIEGE STAGING x6/8 (攒兵团, 齐冲再上); hold_b x9 -> (126,75)
[10:52:37] {"kind": "action", "what": "attack_move", "name": null, "qty": null, "tid": null, "ts": "10:52:37"}
[10:52:39] t=1807 jev INF E2 HOLD (预算保护 gate=False e2=18)
[10:52:39] t=1807 jev VEH HARV HOLD (预算保护 cash=105 aav帽=ok aav=4)
[10:52:41] t=1809 jev INF E2 HOLD (预算保护 gate=False e2=18)
[10:52:41] t=1809 jev VEH HARV HOLD (预算保护 cash=105 aav帽=ok aav=4)
[10:52:41] t=1809 MOVE raid x2 -> (70,117); assault x6 -> (137,82); t=1809 SIEGE STAGING x6/8 (攒兵团, 齐冲再上)
[10:52:41] {"kind": "action", "what": "attack_move", "name": null, "qty": null, "tid": null, "ts": "10:52:41"}
[10:52:41] {"kind": "action", "what": "attack_move", "name": null, "qty": null, "tid": null, "ts": "10:52:41"}
[10:52:43] t=1812 jev INF E2 HOLD (预算保护 gate=False e2=18)
[10:52:43] t=1812 jev VEH HARV HOLD (预算保护 cash=105 aav帽=ok aav=4)
[10:52:43] t=1815 RETREAT HTNK(23%)
[10:52:43] {"kind": "action", "what": "move", "name": null, "qty": null, "tid": null, "ts": "10:52:43"}
[10:52:45] t=1815 jev INF E2 HOLD (预算保护 gate=False e2=18)
[10:52:45] t=1815 jev VEH HARV HOLD (预算保护 cash=105 aav帽=ok aav=4)
[10:52:45] t=1817 TANK HTNK x2
[10:52:45] {"kind": "action", "what": "produce", "name": "HTNK", "qty": 2, "tid": null, "ts": "10:52:45"}
[10:52:47] t=1817 jev BUILD NADEPT HOLD (资金闸门: 坦克优先, cash=1230)
[10:52:47] t=1817 jev INF E2 (conf 0.52)
[10:52:47] {"kind": "action", "what": "produce", "name": "E2", "qty": 1, "tid": null, "ts": "10:52:47"}
[10:52:53] t=1825 jev INF E2 HOLD (预算保护 gate=False e2=19)
[10:52:53] t=1825 MOVE t=1825 SIEGE STAGING x7/8 (攒兵团, 齐冲再上); aahunt x4 -> (125,84)
[10:52:53] {"kind": "action", "what": "attack_move", "name": null, "qty": null, "tid": null, "ts": "10:52:53"}
[10:52:55] t=1827 jev INF E2 HOLD (预算保护 gate=False e2=19)
[10:52:55] t=1827 MOVE assault x9 -> 攻击目标#2957@(74,114); t=1827 SIEGE 拔防御壳 x9 -> #2957@(74,114)
[10:52:55] {"kind": "action", "what": "attack_obj", "name": null, "qty": null, "tid": 2957, "ts": "10:52:55"}
[10:52:56] t=1830 jev INF E2 HOLD (预算保护 gate=False e2=19)
[10:52:58] t=1832 jev INF E2 HOLD (预算保护 gate=False e2=19)
[10:53:00] t=1835 jev INF E2 HOLD (预算保护 gate=False e2=19)
[10:53:00] t=1837 ESCORT 坦克#3115 -> 护航矿车@[126, 105]
[10:53:00] {"kind": "action", "what": "attack_move", "name": null, "qty": null, "tid": null, "ts": "10:53:00"}
[10:53:02] t=1837 jev INF E2 HOLD (预算保护 gate=False e2=19)
[10:53:04] t=1840 jev INF E2 HOLD (预算保护 gate=False e2=19)
[10:53:04] t=1842 ALARM unit lost -> 攻势保持（塔阵守家, 前线 29 个单位继续进攻）
[10:53:06] t=1842 jev INF E2 HOLD (预算保护 gate=False e2=19)
[10:53:08] t=1845 jev INF E2 HOLD (预算保护 gate=False e2=19)
[10:53:08] t=1845 MOVE t=1845 GHOST detected #1606@[69, 125] (集火150gs不倒, 拉黑); assault x8 -> 攻击目标#2957@(74,114); t=1845 SIEGE 拔防御壳 x8 -> #2957@(74,114)
[10:53:08] {"kind": "action", "what": "attack_obj", "name": null, "qty": null, "tid": 2957, "ts": "10:53:08"}
[10:53:09] t=1847 jev INF E2 HOLD (预算保护 gate=False e2=19)
[10:53:10] t=1850 ALARM unit lost -> 攻势保持（塔阵守家, 前线 28 个单位继续进攻）
[10:53:11] t=1850 jev INF E2 HOLD (预算保护 gate=False e2=19)
[10:53:11] t=1850 MOVE assault x7 -> (137,82); t=1850 SIEGE STAGING x7/8 (攒兵团, 齐冲再上)
[10:53:11] {"kind": "action", "what": "attack_move", "name": null, "qty": null, "tid": null, "ts": "10:53:11"}
[10:53:13] t=1852 jev INF E2 HOLD (预算保护 gate=False e2=19)
[10:53:13] t=1852 tick#775 credits=0 stance=attack | jev 775 decisions p50=1613ms
[10:53:15] t=1855 jev INF E2 HOLD (预算保护 gate=False e2=19)
[10:53:17] t=1857 jev INF E2 HOLD (预算保护 gate=False e2=19)
[10:53:19] t=1860 jev INF E2 HOLD (预算保护 gate=False e2=19)
[10:53:21] t=1862 jev INF E2 HOLD (预算保护 gate=False e2=19)
[10:53:23] t=1865 jev INF E2 HOLD (预算保护 gate=False e2=19)
[10:53:24] t=1867 jev INF E2 HOLD (预算保护 gate=False e2=19)
[10:53:24] t=1867 MOVE assault x7 -> (137,82); t=1867 SIEGE STAGING x7/8 (攒兵团, 齐冲再上); aahunt x2 -> (125,84)
[10:53:24] {"kind": "action", "what": "attack_move", "name": null, "qty": null, "tid": null, "ts": "10:53:24"}
[10:53:24] {"kind": "action", "what": "attack_move", "name": null, "qty": null, "tid": null, "ts": "10:53:24"}
[10:53:26] t=1870 jev INF E2 HOLD (预算保护 gate=False e2=19)
[10:53:28] t=1872 jev INF E2 HOLD (预算保护 gate=False e2=19)
[10:53:30] t=1875 jev INF E2 HOLD (预算保护 gate=False e2=19)
[10:53:32] t=1877 jev INF E2 HOLD (预算保护 gate=False e2=19)
[10:53:32] t=1880 ESCORT 坦克#3136 -> 护航矿车@[118, 133]
[10:53:32] {"kind": "action", "what": "attack_move", "name": null, "qty": null, "tid": null, "ts": "10:53:32"}
[10:53:34] t=1880 jev INF E2 (conf 0.44)
[10:53:34] {"kind": "action", "what": "produce", "name": "E2", "qty": 1, "tid": null, "ts": "10:53:34"}
[10:53:36] t=1882 jev VEH HARV HOLD (预算保护 cash=682 aav帽=ok aav=4)
[10:53:36] t=1882 MOVE assault x8 -> 攻击目标#2957@(74,114); t=1882 SIEGE 拔防御壳 x8 -> #2957@(74,114); hold_a x10 -> (133,86)
[10:53:36] {"kind": "action", "what": "attack_obj", "name": null, "qty": null, "tid": 2957, "ts": "10:53:36"}
[10:53:36] {"kind": "action", "what": "attack_move", "name": null, "qty": null, "tid": null, "ts": "10:53:36"}
[10:53:38] t=1885 jev VEH HARV HOLD (预算保护 cash=617 aav帽=ok aav=4)
[10:53:38] t=1885 MOVE t=1885 SIEGE 拔防御壳 x8 -> #2957@(74,114); hold_b x9 -> (126,75)
[10:53:38] {"kind": "action", "what": "attack_move", "name": null, "qty": null, "tid": null, "ts": "10:53:38"}
[10:53:40] t=1887 jev INF E2 HOLD (预算保护 gate=False e2=20)
[10:53:40] t=1887 jev VEH HARV HOLD (预算保护 cash=600 aav帽=ok aav=4)
[10:53:40] t=1890 HARASS DRON x2 (have 0)
[10:53:40] {"kind": "action", "what": "produce", "name": "DRON", "qty": 2, "tid": null, "ts": "10:53:40"}
[10:53:42] t=1890 jev INF E2 (conf 0.43)
[10:53:44] t=1893 jev INF E2 HOLD (预算保护 gate=False e2=20)
[10:53:46] t=1895 jev INF E2 HOLD (预算保护 gate=False e2=20)
[10:53:46] t=1895 MOVE raid x1 -> (70,117); t=1895 SIEGE 拔防御壳 x9 -> #2957@(74,114)
[10:53:46] {"kind": "action", "what": "attack_move", "name": null, "qty": null, "tid": null, "ts": "10:53:46"}
[10:53:48] t=1898 jev INF E2 HOLD (预算保护 gate=False e2=20)
[10:53:48] t=1898 jev VEH HARV HOLD (预算保护 cash=175 aav帽=ok aav=4)
[10:53:50] t=1901 jev INF E2 HOLD (预算保护 gate=False e2=20)
[10:53:50] t=1901 jev VEH HARV HOLD (预算保护 cash=175 aav帽=ok aav=4)
[10:53:50] t=1901 MOVE assault x10 -> 攻击目标#2957@(74,114); t=1901 SIEGE 拔防御壳 x10 -> #2957@(74,114)
[10:53:50] {"kind": "action", "what": "attack_obj", "name": null, "qty": null, "tid": 2957, "ts": "10:53:50"}
[10:53:51] t=1903 jev INF E2 HOLD (预算保护 gate=False e2=20)
[10:53:51] t=1903 jev VEH HARV HOLD (预算保护 cash=175 aav帽=ok aav=4)
[10:53:53] t=1906 jev INF E2 HOLD (预算保护 gate=False e2=20)
[10:53:53] t=1906 jev VEH HARV HOLD (预算保护 cash=175 aav帽=ok aav=4)
[10:53:55] t=1908 jev INF E2 HOLD (预算保护 gate=False e2=20)
[10:53:55] t=1908 jev VEH HARV HOLD (预算保护 cash=175 aav帽=ok aav=4)
[10:53:55] t=1908 MOVE t=1908 SIEGE 拔防御壳 x10 -> #2957@(74,114); aahunt x2 -> (125,84)
[10:53:55] {"kind": "action", "what": "attack_move", "name": null, "qty": null, "tid": null, "ts": "10:53:55"}
[10:53:57] t=1911 jev INF E2 HOLD (预算保护 gate=False e2=20)
[10:53:57] t=1911 jev VEH HARV HOLD (预算保护 cash=175 aav帽=ok aav=4)
[10:53:59] t=1913 jev INF E2 HOLD (预算保护 gate=False e2=20)
[10:53:59] t=1913 jev VEH HARV HOLD (预算保护 cash=175 aav帽=ok aav=4)
[10:54:01] t=1916 jev INF E2 HOLD (预算保护 gate=False e2=20)
[10:54:01] t=1916 jev VEH HARV HOLD (预算保护 cash=175 aav帽=ok aav=4)
[10:54:01] t=1916 tick#800 credits=175 stance=attack | jev 800 decisions p50=1615ms
[10:54:02] t=1918 jev INF E2 HOLD (预算保护 gate=False e2=20)
[10:54:02] t=1918 jev VEH HARV HOLD (预算保护 cash=400 aav帽=ok aav=4)
[10:54:02] t=1918 MOVE assault x10 -> 攻击目标#2957@(74,114); t=1918 SIEGE 拔防御壳 x10 -> #2957@(74,114)
[10:54:03] {"kind": "action", "what": "attack_obj", "name": null, "qty": null, "tid": 2957, "ts": "10:54:03"}
[10:54:04] t=1920 jev INF E2 HOLD (预算保护 gate=False e2=20)
[10:54:04] t=1920 jev VEH HARV HOLD (预算保护 cash=400 aav帽=ok aav=4)
[10:54:05] t=1923 ESCORT 坦克#3016 -> 护航矿车@[128, 105]
[10:54:05] {"kind": "action", "what": "attack_move", "name": null, "qty": null, "tid": null, "ts": "10:54:05"}
[10:54:06] t=1923 jev INF E2 HOLD (预算保护 gate=False e2=20)
[10:54:06] t=1923 jev VEH HARV HOLD (预算保护 cash=400 aav帽=ok aav=4)
[10:54:08] t=1925 jev INF E2 HOLD (预算保护 gate=False e2=20)
[10:54:08] t=1925 jev VEH HARV HOLD (预算保护 cash=400 aav帽=ok aav=4)
[10:54:10] t=1928 jev INF E2 HOLD (预算保护 gate=False e2=20)
[10:54:10] t=1928 jev VEH HARV HOLD (预算保护 cash=400 aav帽=ok aav=4)
[10:54:12] t=1930 jev INF E2 HOLD (预算保护 gate=False e2=20)
[10:54:12] t=1930 jev VEH HARV HOLD (预算保护 cash=400 aav帽=ok aav=4)
[10:54:14] t=1933 jev INF E2 HOLD (预算保护 gate=False e2=20)
[10:54:14] t=1933 jev VEH HARV HOLD (预算保护 cash=400 aav帽=ok aav=4)
[10:54:14] t=1935 ALARM unit lost -> 攻势保持（塔阵守家, 前线 30 个单位继续进攻）
[10:54:14] t=1935 TANK HTNK x2
[10:54:14] {"kind": "action", "what": "produce", "name": "HTNK", "qty": 2, "tid": null, "ts": "10:54:14"}
[10:54:15] t=1935 jev INF E2 (conf 0.45)
[10:54:16] {"kind": "action", "what": "produce", "name": "E2", "qty": 1, "tid": null, "ts": "10:54:16"}
[10:54:16] t=1935 MOVE assault x9 -> 攻击目标#2957@(74,114); t=1935 SIEGE 拔防御壳 x9 -> #2957@(74,114)
[10:54:16] {"kind": "action", "what": "attack_obj", "name": null, "qty": null, "tid": 2957, "ts": "10:54:16"}
[10:54:16] t=1938 ALARM unit lost -> 攻势保持（塔阵守家, 前线 29 个单位继续进攻）
[10:54:17] t=1938 MOVE raid x1 -> (70,117); t=1938 SIEGE 拔防御壳 x8 -> #2957@(74,114)
[10:54:17] {"kind": "action", "what": "attack_move", "name": null, "qty": null, "tid": null, "ts": "10:54:17"}
[10:54:21] t=1943 jev INF E2 HOLD (预算保护 gate=False e2=21)
[10:54:21] t=1945 ALARM unit lost -> 攻势保持（塔阵守家, 前线 29 个单位继续进攻）
[10:54:23] t=1945 jev INF E2 HOLD (预算保护 gate=False e2=21)
[10:54:23] t=1945 MOVE assault x7 -> (137,82); t=1945 SIEGE STAGING x7/8 (攒兵团, 齐冲再上)
[10:54:23] {"kind": "action", "what": "attack_move", "name": null, "qty": null, "tid": null, "ts": "10:54:23"}
[10:54:25] t=1948 jev INF E2 (conf 0.41)
[10:54:27] t=1950 jev INF E2 HOLD (预算保护 gate=False e2=21)
[10:54:27] t=1950 jev VEH HARV HOLD (预算保护 cash=760 aav帽=ok aav=2)
[10:54:27] t=1950 MOVE assault x8 -> 攻击目标#2957@(74,114); t=1950 SIEGE 拔防御壳 x8 -> #2957@(74,114); aahunt x2 -> (125,84)
[10:54:27] {"kind": "action", "what": "attack_obj", "name": null, "qty": null, "tid": 2957, "ts": "10:54:27"}
[10:54:27] {"kind": "action", "what": "attack_move", "name": null, "qty": null, "tid": null, "ts": "10:54:27"}
[10:54:29] t=1953 jev INF E2 HOLD (预算保护 gate=False e2=21)
[10:54:29] t=1953 jev VEH HARV HOLD (预算保护 cash=760 aav帽=ok aav=2)
[10:54:30] t=1955 jev INF E2 HOLD (预算保护 gate=False e2=21)
[10:54:30] t=1955 jev VEH HARV HOLD (预算保护 cash=760 aav帽=ok aav=2)
[10:54:32] t=1958 jev INF E2 HOLD (预算保护 gate=False e2=21)
[10:54:32] t=1958 jev VEH HARV HOLD (预算保护 cash=760 aav帽=ok aav=2)
[10:54:34] t=1960 jev INF E2 HOLD (预算保护 gate=False e2=21)
[10:54:34] t=1960 jev VEH HARV HOLD (预算保护 cash=760 aav帽=ok aav=2)
[10:54:36] t=1963 jev INF E2 HOLD (预算保护 gate=False e2=21)
[10:54:36] t=1963 jev VEH HARV HOLD (预算保护 cash=760 aav帽=ok aav=2)
[10:54:36] t=1963 MOVE t=1963 SIEGE 拔防御壳 x8 -> #2957@(74,114); hold_a x11 -> (133,86)
[10:54:36] {"kind": "action", "what": "attack_move", "name": null, "qty": null, "tid": null, "ts": "10:54:36"}
[10:54:36] t=1965 ESCORT 坦克#3186 -> 护航矿车@[128, 105]
[10:54:36] {"kind": "action", "what": "attack_move", "name": null, "qty": null, "tid": null, "ts": "10:54:36"}
[10:54:38] t=1965 jev INF E2 HOLD (预算保护 gate=False e2=21)
[10:54:38] t=1965 jev VEH HARV HOLD (预算保护 cash=760 aav帽=ok aav=2)
[10:54:38] t=1965 MOVE t=1965 SIEGE 拔防御壳 x8 -> #2957@(74,114); hold_b x10 -> (126,75)
[10:54:38] {"kind": "action", "what": "attack_move", "name": null, "qty": null, "tid": null, "ts": "10:54:38"}
[10:54:40] t=1968 jev INF E2 HOLD (预算保护 gate=False e2=21)
[10:54:40] t=1968 jev VEH HARV HOLD (预算保护 cash=760 aav帽=ok aav=2)
[10:54:40] t=1968 MOVE assault x8 -> 攻击目标#2957@(74,114); t=1968 SIEGE 拔防御壳 x8 -> #2957@(74,114)
[10:54:40] {"kind": "action", "what": "attack_obj", "name": null, "qty": null, "tid": 2957, "ts": "10:54:40"}
[10:54:42] t=1970 jev INF E2 HOLD (预算保护 gate=False e2=21)
[10:54:42] t=1970 jev VEH HARV HOLD (预算保护 cash=760 aav帽=ok aav=2)
[10:54:43] t=1972 jev INF E2 HOLD (预算保护 gate=False e2=21)
[10:54:43] t=1972 jev VEH HARV HOLD (预算保护 cash=760 aav帽=ok aav=2)
[10:54:43] t=1972 MOVE assault x8 -> 攻击目标#1125@(83,126); t=1972 SIEGE 清建筑 x8 -> #1125@(83,126)
[10:54:43] {"kind": "action", "what": "attack_obj", "name": null, "qty": null, "tid": 1125, "ts": "10:54:43"}
[10:54:45] t=1975 jev INF E2 HOLD (预算保护 gate=False e2=21)
[10:54:45] t=1975 jev VEH HARV HOLD (预算保护 cash=760 aav帽=ok aav=2)
[10:54:47] t=1977 jev INF E2 HOLD (预算保护 gate=False e2=21)
[10:54:47] t=1977 jev VEH HTNK HOLD (预算保护 cash=760 aav帽=ok aav=2)
[10:54:47] t=1977 tick#825 credits=760 stance=attack | jev 825 decisions p50=1613ms
[10:54:49] t=1980 jev INF E2 HOLD (预算保护 gate=False e2=21)
[10:54:49] t=1980 jev VEH HARV HOLD (预算保护 cash=760 aav帽=ok aav=2)
[10:54:51] t=1982 jev INF E2 HOLD (预算保护 gate=False e2=21)
[10:54:51] t=1982 jev VEH HARV HOLD (预算保护 cash=760 aav帽=ok aav=2)
[10:54:51] t=1985 HARASS DRON x2 (have 0)
[10:54:51] {"kind": "action", "what": "produce", "name": "DRON", "qty": 2, "tid": null, "ts": "10:54:51"}
[10:54:53] t=1985 jev INF E2 (conf 0.43)
[10:54:53] {"kind": "action", "what": "produce", "name": "E2", "qty": 1, "tid": null, "ts": "10:54:53"}
[10:54:56] t=1990 MOVE raid x1 -> (70,117); assault x9 -> 攻击目标#1125@(83,126); t=1990 SIEGE 清建筑 x9 -> #1125@(83,126)
[10:54:56] {"kind": "action", "what": "attack_move", "name": null, "qty": null, "tid": null, "ts": "10:54:56"}
[10:54:56] {"kind": "action", "what": "attack_obj", "name": null, "qty": null, "tid": 1125, "ts": "10:54:56"}
[10:54:58] t=1992 jev INF E2 HOLD (预算保护 gate=False e2=22)
[10:54:58] t=1992 jev VEH HTNK HOLD (预算保护 cash=95 aav帽=ok aav=2)
[10:54:58] t=1992 MOVE t=1992 SIEGE 清建筑 x10 -> #1125@(83,126); aahunt x2 -> (125,84)
[10:54:58] {"kind": "action", "what": "attack_move", "name": null, "qty": null, "tid": null, "ts": "10:54:58"}
[10:55:00] t=1995 jev INF E2 HOLD (预算保护 gate=False e2=22)
[10:55:00] t=1995 jev VEH HTNK HOLD (预算保护 cash=95 aav帽=ok aav=2)
[10:55:02] t=1997 jev INF E2 HOLD (预算保护 gate=False e2=22)
[10:55:02] t=1997 jev VEH HTNK HOLD (预算保护 cash=95 aav帽=ok aav=2)
[10:55:04] t=2000 jev INF E2 HOLD (预算保护 gate=False e2=22)
[10:55:04] t=2000 jev VEH HTNK HOLD (预算保护 cash=95 aav帽=ok aav=2)
[10:55:06] t=2002 jev INF E2 HOLD (预算保护 gate=False e2=22)
[10:55:06] t=2002 jev VEH HTNK HOLD (预算保护 cash=95 aav帽=ok aav=2)
[10:55:07] t=2004 jev INF E2 HOLD (预算保护 gate=False e2=22)
[10:55:07] t=2004 jev VEH HTNK HOLD (预算保护 cash=95 aav帽=ok aav=2)
[10:55:08] t=2007 ESCORT 坦克#3115 -> 护航矿车@[118, 134]
[10:55:08] {"kind": "action", "what": "attack_move", "name": null, "qty": null, "tid": null, "ts": "10:55:08"}
[10:55:09] t=2007 jev INF E2 HOLD (预算保护 gate=False e2=22)
[10:55:09] t=2007 jev VEH HTNK HOLD (预算保护 cash=95 aav帽=ok aav=2)
[10:55:09] t=2007 MOVE assault x10 -> 攻击目标#1125@(83,126); t=2007 SIEGE 清建筑 x10 -> #1125@(83,126)
[10:55:09] {"kind": "action", "what": "attack_obj", "name": null, "qty": null, "tid": 1125, "ts": "10:55:09"}
[10:55:11] t=2009 jev INF E2 HOLD (预算保护 gate=False e2=22)
[10:55:11] t=2009 jev VEH HTNK HOLD (预算保护 cash=470 aav帽=ok aav=2)
[10:55:13] t=2012 jev INF E2 HOLD (预算保护 gate=False e2=22)
[10:55:13] t=2012 jev VEH HTNK HOLD (预算保护 cash=470 aav帽=ok aav=2)
[10:55:15] t=2014 jev INF E2 HOLD (预算保护 gate=False e2=22)
[10:55:15] t=2014 jev VEH HARV HOLD (预算保护 cash=470 aav帽=ok aav=2)
[10:55:15] t=2014 MOVE assault x10 -> 攻击目标#1052@(74,122); t=2014 SIEGE 清建筑 x10 -> #1052@(74,122)
[10:55:15] {"kind": "action", "what": "attack_obj", "name": null, "qty": null, "tid": 1052, "ts": "10:55:15"}
[10:55:17] t=2017 jev INF E2 HOLD (预算保护 gate=False e2=22)
[10:55:17] t=2017 jev VEH HARV HOLD (预算保护 cash=470 aav帽=ok aav=2)
[10:55:19] t=2019 jev INF E2 HOLD (预算保护 gate=False e2=22)
[10:55:19] t=2019 jev VEH HARV HOLD (预算保护 cash=470 aav帽=ok aav=2)
[10:55:20] t=2022 jev INF E2 HOLD (预算保护 gate=False e2=22)
[10:55:20] t=2022 jev VEH HARV HOLD (预算保护 cash=470 aav帽=ok aav=2)
[10:55:22] t=2024 jev INF E2 HOLD (预算保护 gate=False e2=22)
[10:55:22] t=2024 jev VEH HARV HOLD (预算保护 cash=470 aav帽=ok aav=2)
[10:55:24] t=2027 jev INF E2 HOLD (预算保护 gate=False e2=22)
[10:55:24] t=2027 jev VEH HARV HOLD (预算保护 cash=470 aav帽=ok aav=2)
[10:55:26] t=2029 jev INF E2 HOLD (预算保护 gate=False e2=22)
[10:55:26] t=2029 jev VEH HARV HOLD (预算保护 cash=470 aav帽=ok aav=2)
[10:55:28] t=2032 jev INF E2 HOLD (预算保护 gate=False e2=22)
[10:55:28] t=2032 jev VEH HARV HOLD (预算保护 cash=470 aav帽=ok aav=2)
[10:55:28] t=2032 MOVE raid x2 -> (70,117); assault x10 -> 攻击目标#1052@(74,122); t=2032 SIEGE 清建筑 x10 -> #1052@(74,122)
[10:55:28] {"kind": "action", "what": "attack_move", "name": null, "qty": null, "tid": null, "ts": "10:55:28"}
[10:55:28] {"kind": "action", "what": "attack_obj", "name": null, "qty": null, "tid": 1052, "ts": "10:55:28"}
[10:55:30] t=2034 jev INF E2 HOLD (预算保护 gate=False e2=22)
[10:55:30] t=2034 jev VEH HTNK HOLD (预算保护 cash=470 aav帽=ok aav=2)
[10:55:30] t=2034 MOVE t=2034 SIEGE 清建筑 x10 -> #1052@(74,122); aahunt x2 -> (125,84)
[10:55:30] {"kind": "action", "what": "attack_move", "name": null, "qty": null, "tid": null, "ts": "10:55:30"}
[10:55:32] t=2037 jev INF E2 HOLD (预算保护 gate=False e2=22)
[10:55:32] t=2037 jev VEH HTNK HOLD (预算保护 cash=470 aav帽=ok aav=2)
[10:55:34] t=2039 jev INF E2 HOLD (预算保护 gate=False e2=22)
[10:55:34] t=2039 jev VEH HTNK HOLD (预算保护 cash=470 aav帽=ok aav=2)
[10:55:34] t=2039 tick#850 credits=470 stance=attack | jev 850 decisions p50=1611ms
[10:55:35] t=2042 jev INF E2 HOLD (预算保护 gate=False e2=22)
[10:55:35] t=2042 jev VEH HTNK HOLD (预算保护 cash=470 aav帽=ok aav=2)
[10:55:36] t=2044 ALARM unit lost -> 攻势保持（塔阵守家, 前线 24 个单位继续进攻）
[10:55:37] t=2044 jev INF E2 HOLD (预算保护 gate=False e2=22)
[10:55:37] t=2044 jev VEH HARV HOLD (预算保护 cash=470 aav帽=ok aav=2)
[10:55:37] t=2044 MOVE assault x9 -> 攻击目标#1066@(70,122); t=2044 SIEGE 清建筑 x9 -> #1066@(70,122); hold_a x11 -> (133,86)
[10:55:37] {"kind": "action", "what": "attack_obj", "name": null, "qty": null, "tid": 1066, "ts": "10:55:37"}
[10:55:37] {"kind": "action", "what": "attack_move", "name": null, "qty": null, "tid": null, "ts": "10:55:37"}
[10:55:38] t=2047 ESCORT 坦克#3115 -> 护航矿车@[128, 104]
[10:55:38] {"kind": "action", "what": "attack_move", "name": null, "qty": null, "tid": null, "ts": "10:55:38"}
[10:55:39] t=2047 jev INF E2 HOLD (预算保护 gate=False e2=22)
[10:55:39] t=2047 jev VEH HARV HOLD (预算保护 cash=470 aav帽=ok aav=2)
[10:55:39] t=2047 MOVE t=2047 SIEGE 清建筑 x9 -> #1066@(70,122); hold_b x11 -> (126,75)
[10:55:39] {"kind": "action", "what": "attack_move", "name": null, "qty": null, "tid": null, "ts": "10:55:39"}
[10:55:41] t=2050 jev INF E2 HOLD (预算保护 gate=False e2=22)
[10:55:41] t=2050 jev VEH HARV HOLD (预算保护 cash=470 aav帽=ok aav=2)
[10:55:43] t=2052 jev INF E2 HOLD (预算保护 gate=False e2=22)
[10:55:43] t=2052 jev VEH HARV HOLD (预算保护 cash=695 aav帽=ok aav=2)
[10:55:45] t=2055 jev INF E2 HOLD (预算保护 gate=False e2=22)
[10:55:45] t=2055 jev VEH HARV HOLD (预算保护 cash=695 aav帽=ok aav=2)
[10:55:47] t=2057 jev INF E2 HOLD (预算保护 gate=False e2=22)
[10:55:47] t=2057 jev VEH HARV HOLD (预算保护 cash=695 aav帽=ok aav=2)
[10:55:49] t=2060 jev INF E2 HOLD (预算保护 gate=False e2=22)
[10:55:49] t=2060 jev VEH HARV HOLD (预算保护 cash=695 aav帽=ok aav=2)
[10:55:51] t=2062 jev INF E2 HOLD (预算保护 gate=False e2=22)
[10:55:51] t=2062 jev VEH HARV HOLD (预算保护 cash=695 aav帽=ok aav=2)
[10:55:51] t=2062 MOVE assault x9 -> 攻击目标#1044@(70,117); t=2062 SIEGE 清建筑 x9 -> #1044@(70,117)
[10:55:51] {"kind": "action", "what": "attack_obj", "name": null, "qty": null, "tid": 1044, "ts": "10:55:51"}
[10:55:52] t=2065 jev INF E2 HOLD (预算保护 gate=False e2=22)
[10:55:52] t=2065 jev VEH HARV HOLD (预算保护 cash=695 aav帽=ok aav=2)
[10:55:54] t=2067 jev INF E2 HOLD (预算保护 gate=False e2=22)
[10:55:54] t=2067 jev VEH HARV HOLD (预算保护 cash=695 aav帽=ok aav=2)
[10:55:56] t=2070 jev INF E2 HOLD (预算保护 gate=False e2=22)
[10:55:56] t=2070 jev VEH HARV HOLD (预算保护 cash=695 aav帽=ok aav=2)
[10:55:58] t=2072 jev INF E2 HOLD (预算保护 gate=False e2=22)
[10:55:58] t=2072 jev VEH HARV HOLD (预算保护 cash=695 aav帽=ok aav=2)
[10:55:58] t=2072 MOVE raid x1 -> (70,117); t=2072 SIEGE 清建筑 x9 -> #1044@(70,117)
[10:55:58] {"kind": "action", "what": "attack_move", "name": null, "qty": null, "tid": null, "ts": "10:55:58"}
[10:56:00] t=2075 jev INF E2 HOLD (预算保护 gate=False e2=22)
[10:56:00] t=2075 jev VEH HARV HOLD (预算保护 cash=695 aav帽=ok aav=2)
[10:56:00] t=2075 MOVE t=2075 SIEGE 清建筑 x9 -> #1044@(70,117); aahunt x2 -> (125,84)
[10:56:00] {"kind": "action", "what": "attack_move", "name": null, "qty": null, "tid": null, "ts": "10:56:00"}
[10:56:02] t=2077 jev INF E2 HOLD (预算保护 gate=False e2=22)
[10:56:02] t=2077 jev VEH HARV HOLD (预算保护 cash=695 aav帽=ok aav=2)
[10:56:02] t=2077 MOVE raid x1 -> (67,118); assault x9 -> 攻击目标#1047@(67,118); t=2077 SIEGE 清建筑 x9 -> #1047@(67,118)
[10:56:02] {"kind": "action", "what": "attack_move", "name": null, "qty": null, "tid": null, "ts": "10:56:02"}
[10:56:02] {"kind": "action", "what": "attack_obj", "name": null, "qty": null, "tid": 1047, "ts": "10:56:02"}
[10:56:04] t=2080 jev INF E2 HOLD (预算保护 gate=False e2=22)
[10:56:04] t=2080 jev VEH HARV HOLD (预算保护 cash=695 aav帽=ok aav=2)
[10:56:04] t=2083 ALARM unit lost -> 攻势保持（塔阵守家, 前线 24 个单位继续进攻）
[10:56:06] t=2083 jev INF E2 HOLD (预算保护 gate=False e2=22)
[10:56:06] t=2083 jev VEH HARV HOLD (预算保护 cash=695 aav帽=ok aav=2)
[10:56:08] t=2085 jev INF E2 HOLD (预算保护 gate=False e2=22)
[10:56:08] t=2085 jev VEH HARV HOLD (预算保护 cash=695 aav帽=ok aav=2)
[10:56:08] t=2088 ESCORT 坦克#3136 -> 护航矿车@[120, 109]
[10:56:08] {"kind": "action", "what": "attack_move", "name": null, "qty": null, "tid": null, "ts": "10:56:08"}
[10:56:10] t=2088 jev INF E2 HOLD (预算保护 gate=False e2=22)
[10:56:10] t=2088 jev VEH HARV HOLD (预算保护 cash=695 aav帽=ok aav=2)
[10:56:12] t=2090 jev INF E2 HOLD (预算保护 gate=False e2=22)
[10:56:12] t=2090 jev VEH HARV HOLD (预算保护 cash=695 aav帽=ok aav=2)
[10:56:13] t=2093 jev INF E2 HOLD (预算保护 gate=False e2=22)
[10:56:13] t=2093 jev VEH HARV HOLD (预算保护 cash=695 aav帽=ok aav=2)
[10:56:15] t=2095 jev INF E2 HOLD (预算保护 gate=False e2=22)
[10:56:15] t=2095 jev VEH HARV HOLD (预算保护 cash=695 aav帽=ok aav=2)
[10:56:15] t=2095 MOVE assault x8 -> 攻击目标#1047@(67,118); t=2095 SIEGE 清建筑 x8 -> #1047@(67,118)
[10:56:15] {"kind": "action", "what": "attack_obj", "name": null, "qty": null, "tid": 1047, "ts": "10:56:15"}
[10:56:17] t=2098 jev INF E2 HOLD (预算保护 gate=False e2=22)
[10:56:17] t=2098 jev VEH HARV HOLD (预算保护 cash=695 aav帽=ok aav=2)
[10:56:19] t=2100 jev INF E2 HOLD (预算保护 gate=False e2=22)
[10:56:19] t=2100 jev VEH HARV HOLD (预算保护 cash=695 aav帽=ok aav=2)
[10:56:21] t=2102 jev INF E2 HOLD (预算保护 gate=False e2=22)
[10:56:21] t=2102 jev VEH HARV HOLD (预算保护 cash=695 aav帽=ok aav=2)
[10:56:21] t=2102 tick#875 credits=695 stance=attack | jev 875 decisions p50=1610ms
[10:56:23] t=2105 jev INF E2 HOLD (预算保护 gate=False e2=22)
[10:56:23] t=2105 jev VEH HARV HOLD (预算保护 cash=695 aav帽=ok aav=2)
[10:56:25] t=2107 jev INF E2 HOLD (预算保护 gate=False e2=22)
[10:56:25] t=2107 jev VEH HARV HOLD (预算保护 cash=695 aav帽=ok aav=2)
[10:56:25] t=2107 MOVE assault x8 -> 攻击目标#1079@(67,115); t=2107 SIEGE 清建筑 x8 -> #1079@(67,115); aahunt x2 -> (125,83)
[10:56:25] {"kind": "action", "what": "attack_obj", "name": null, "qty": null, "tid": 1079, "ts": "10:56:25"}
[10:56:25] {"kind": "action", "what": "attack_move", "name": null, "qty": null, "tid": null, "ts": "10:56:25"}
[10:56:27] t=2110 jev INF E2 HOLD (预算保护 gate=False e2=22)
[10:56:27] t=2110 jev VEH HARV HOLD (预算保护 cash=695 aav帽=ok aav=2)
[10:56:27] t=2112 RETREAT HTNK(38%)
[10:56:27] {"kind": "action", "what": "move", "name": null, "qty": null, "tid": null, "ts": "10:56:27"}
[10:56:28] t=2112 jev INF E2 HOLD (预算保护 gate=False e2=22)
[10:56:28] t=2112 jev VEH HARV HOLD (预算保护 cash=695 aav帽=ok aav=2)
[10:56:30] t=2115 jev INF E2 HOLD (预算保护 gate=False e2=22)
[10:56:30] t=2115 jev VEH HARV HOLD (预算保护 cash=695 aav帽=ok aav=2)
[10:56:31] t=2117 HARASS DRON x2 (have 0)
[10:56:31] t=2117 TANK HTNK x1
[10:56:31] t=2117 RETREAT HTNK(23%)
[10:56:31] {"kind": "action", "what": "produce", "name": "DRON", "qty": 2, "tid": null, "ts": "10:56:31"}
[10:56:31] {"kind": "action", "what": "produce", "name": "HTNK", "qty": 1, "tid": null, "ts": "10:56:31"}
[10:56:31] {"kind": "action", "what": "move", "name": null, "qty": null, "tid": null, "ts": "10:56:31"}
[10:56:32] t=2117 jev INF E2 (conf 0.43)
[10:56:32] {"kind": "action", "what": "produce", "name": "E2", "qty": 1, "tid": null, "ts": "10:56:32"}
[10:56:33] t=2120 ALARM unit lost -> 攻势保持（塔阵守家, 前线 24 个单位继续进攻）
[10:56:36] t=2123 MOVE raid x1 -> (67,115); t=2123 SIEGE 清建筑 x8 -> #1079@(67,115)
[10:56:36] {"kind": "action", "what": "attack_move", "name": null, "qty": null, "tid": null, "ts": "10:56:36"}
[2026-10-06 10:56:36] {"kind": "report", "result": "victory", "t": 2125, "ticks": 884, "crisis_ticks": 123, "stance": "attack", "jev": {"decisions": 883, "errors": 0, "input_tokens": 2870357, "output_tokens": 0, "p50_ms": 1606, "p95_ms": 1688}, "enemy_base": [67, 115], "ts": "2026-10-06 10:56:36"}
[10:56:38] REVIEW game#73 victory → game-0073-review.md | changes=0
{
  "result": "victory",
  "t": 2125,
  "ticks": 884,
  "crisis_ticks": 123,
  "stance": "attack",
  "jev": {
    "decisions": 883,
    "errors": 0,
    "input_tokens": 2870357,
    "output_tokens": 0,
    "p50_ms": 1606,
    "p95_ms": 1688
  },
  "enemy_base": [
    67,
    115
  ],
  "ts": "2026-10-06 10:56:36",
  "review": {
    "game_no": 73,
    "rootcause": "attrition",
    "auto_tuned": 0
  }
}
