[13:40:45] 进局中(全自动)...
[13:41:35] {"kind": "start", "policy": "ra2web-jev-player/1.0", "maxDecisions": 999999, "micro": {"events": [{"kind": "micro", "t": 1, "what": "start"}], "loopN": 1, "on": true, "outcome": null, "stall": false}, "ts": "13:41:35"}
[13:41:35] === ra2web-jev-player start (tick=1.5s, max_decisions=999999) ===
[13:41:35] t=2 DEPLOY mcv
[13:41:35] {"kind": "action", "what": "deploy", "ids": [1042], "ts": "13:41:35"}
[13:41:35] {"kind": "action", "what": "deploy", "name": null, "qty": null, "tid": null, "ts": "13:41:35"}
[13:41:37] t=4 jev BUILD NAPOWR HOLD (开局序列前置位保护: 等 NAREFN)
[13:41:37] t=4 jev STANCE defend->develop (conf 0.93)
[13:41:39] t=6 jev BUILD NAPOWR HOLD (开局序列前置位保护: 等 NAREFN)
[13:41:40] t=8 jev BUILD NAPOWR HOLD (开局序列前置位保护: 等 NAREFN)
[13:41:42] t=10 jev BUILD NAPOWR HOLD (开局序列前置位保护: 等 NAREFN)
[13:41:43] t=12 jev BUILD NAPOWR HOLD (开局序列前置位保护: 等 NAREFN)
[13:41:45] t=14 jev BUILD NAPOWR HOLD (开局序列前置位保护: 等 NAREFN)
[13:41:46] t=16 jev BUILD NAPOWR HOLD (开局序列前置位保护: 等 NAREFN)
[13:41:48] t=18 jev BUILD NAPOWR HOLD (开局序列前置位保护: 等 NAREFN)
[13:41:49] t=20 jev BUILD NAPOWR HOLD (开局序列前置位保护: 等 NAREFN)
[13:41:51] t=22 jev BUILD NAPOWR HOLD (开局序列前置位保护: 等 NAREFN)
[13:41:52] t=24 jev BUILD NAPOWR HOLD (开局序列前置位保护: 等 NAREFN)
[13:41:54] t=26 jev BUILD NAPOWR HOLD (开局序列前置位保护: 等 NAREFN)
[13:41:55] t=28 jev BUILD NAPOWR HOLD (开局序列前置位保护: 等 NAREFN)
[13:41:57] t=30 jev BUILD NAPOWR HOLD (开局序列前置位保护: 等 NAREFN)
[13:41:58] t=32 jev BUILD NAPOWR HOLD (开局序列前置位保护: 等 NAREFN)
[13:42:00] t=34 jev BUILD NAPOWR HOLD (开局序列前置位保护: 等 NAREFN)
[13:42:01] t=36 jev BUILD NAPOWR HOLD (开局序列前置位保护: 等 NAREFN)
[13:42:03] t=38 jev BUILD NAPOWR HOLD (开局序列前置位保护: 等 NAREFN)
[13:42:04] t=40 jev BUILD NAPOWR HOLD (开局序列前置位保护: 等 NAREFN)
[13:42:05] t=42 OPENING REJECT NAREFN (40gs 无进展, 拉黑)
[13:42:05] t=42 OPENING FALLBACK -> legacy NAPOWR-first
[13:42:05] {"kind": "action", "what": "produce", "name": "NAPOWR", "qty": 1, "tid": null, "ts": "13:42:05"}
[13:42:05] t=42 OPENING BUILD NAPOWR
[13:42:12] t=50 tick#25 credits=9780 stance=develop | jev 25 decisions p50=790ms
[13:42:25] {"kind": "action", "what": "produce", "name": "NAREFN", "qty": 1, "tid": null, "ts": "13:42:25"}
[13:42:25] t=68 OPENING BUILD NAREFN
[13:42:49] t=100 tick#50 credits=8628 stance=develop | jev 50 decisions p50=805ms
[13:43:27] t=149 tick#75 credits=7425 stance=develop | jev 75 decisions p50=859ms
[13:43:34] {"kind": "action", "what": "produce", "name": "NAHAND", "qty": 1, "tid": null, "ts": "13:43:34"}
[13:43:34] t=159 OPENING BUILD NAHAND
[13:43:52] t=183 GARRISON E2 x2 (坦克真空期常驻驻军, have 0)
[13:43:52] t=183 DEFLINE NALASR (have 0)
[13:43:52] {"kind": "action", "what": "produce", "name": "E2", "qty": 2, "tid": null, "ts": "13:43:52"}
[13:43:52] {"kind": "action", "what": "produce", "name": "NALASR", "qty": 1, "tid": null, "ts": "13:43:52"}
[13:43:52] {"kind": "action", "what": "produce", "name": "NAWEAP", "qty": 1, "tid": null, "ts": "13:43:52"}
[13:43:52] t=183 OPENING BUILD NAWEAP
[13:43:56] t=187 MOVE hold_a x1 -> (74,110)
[13:43:56] {"kind": "action", "what": "attack_move", "name": null, "qty": null, "tid": null, "ts": "13:43:56"}
[13:43:58] t=191 GARRISON E2 x2 (坦克真空期常驻驻军, have 2)
[13:43:59] t=191 MOVE hold_b x1 -> (74,123)
[13:43:59] {"kind": "action", "what": "attack_move", "name": null, "qty": null, "tid": null, "ts": "13:43:59"}
[13:43:59] t=193 ALARM enemy approaching -> counter 2 vs 1 -> [73, 110]
[13:43:59] {"kind": "action", "what": "attack_move", "name": null, "qty": null, "tid": null, "ts": "13:43:59"}
[13:44:00] t=193 jev INF E2 (conf 0.36)
[13:44:02] t=196 jev INF E2 (conf 0.39)
[13:44:03] t=198 jev INF E2 (conf 0.55)
[13:44:05] t=200 jev INF E2 (conf 0.63)
[13:44:05] t=200 tick#100 credits=5892 stance=defend | jev 100 decisions p50=876ms
[13:44:06] t=202 jev INF E2 (conf 0.60)
[13:44:08] t=204 jev INF E2 (conf 0.51)
[13:44:08] t=204 MOVE hold_a x1 -> (62,120); hold_b x1 -> (68,109)
[13:44:08] {"kind": "action", "what": "attack_move", "name": null, "qty": null, "tid": null, "ts": "13:44:08"}
[13:44:08] {"kind": "action", "what": "attack_move", "name": null, "qty": null, "tid": null, "ts": "13:44:08"}
[13:44:08] t=206 ALARM unit lost -> counter 1 vs 1 -> [70, 117]
[13:44:08] {"kind": "action", "what": "attack_move", "name": null, "qty": null, "tid": null, "ts": "13:44:08"}
[13:44:08] t=206 GARRISON E2 x2 (坦克真空期常驻驻军, have 1)
[13:44:09] t=206 jev INF E2 (conf 0.63)
[13:44:10] t=208 DEFLINE NALASR (have 1)
[13:44:11] t=208 jev INF E2 (conf 0.63)
[13:44:12] t=210 jev INF E2 (conf 0.62)
[13:44:13] t=212 GARRISON E2 x2 (坦克真空期常驻驻军, have 0)
[13:44:14] t=212 jev INF E2 (conf 0.78)
[13:44:15] t=214 jev INF E2 (conf 0.59)
[13:44:17] t=216 jev INF E2 (conf 0.61)
[13:44:17] {"kind": "action", "what": "produce", "name": "E2", "qty": 1, "tid": null, "ts": "13:44:17"}
[13:44:20] t=222 GARRISON E2 x2 (坦克真空期常驻驻军, have 1)
[13:44:21] t=222 jev INF E2 (conf 0.50)
[13:44:21] t=222 MOVE hold_a x1 -> (74,110)
[13:44:21] {"kind": "action", "what": "attack_move", "name": null, "qty": null, "tid": null, "ts": "13:44:21"}
[13:44:23] t=224 jev INF E2 (conf 0.50)
[13:44:24] t=226 jev INF E2 (conf 0.50)
[13:44:26] t=228 jev INF E2 (conf 0.50)
[13:44:27] t=230 jev INF E2 (conf 0.49)
[13:44:29] t=232 jev INF E2 (conf 0.48)
[13:44:30] t=234 jev INF E2 (conf 0.47)
[13:44:32] t=236 jev INF E2 (conf 0.49)
[13:44:33] t=238 jev INF E2 (conf 0.50)
[13:44:35] t=240 jev INF E2 (conf 0.47)
[13:44:36] t=242 jev INF E2 (conf 0.47)
[13:44:38] t=244 jev INF E2 (conf 0.48)
[13:44:39] t=246 jev INF E2 (conf 0.48)
[13:44:41] t=248 jev INF E2 (conf 0.49)
[13:44:42] t=250 jev INF E2 (conf 0.48)
[13:44:42] {"kind": "action", "what": "produce", "name": "E2", "qty": 1, "tid": null, "ts": "13:44:42"}
[13:44:42] t=250 tick#125 credits=4536 stance=defend | jev 125 decisions p50=886ms
[13:44:46] t=256 GARRISON E2 x2 (坦克真空期常驻驻军, have 2)
[13:44:47] t=256 jev INF E2 (conf 0.50)
[13:44:47] t=256 MOVE hold_b x1 -> (74,123)
[13:44:47] {"kind": "action", "what": "attack_move", "name": null, "qty": null, "tid": null, "ts": "13:44:47"}
[13:44:48] t=258 jev INF E2 (conf 0.50)
[13:44:50] t=260 jev INF E2 (conf 0.51)
[13:44:51] t=262 jev INF E2 (conf 0.48)
[13:44:53] t=264 jev INF E2 (conf 0.50)
[13:44:54] t=266 jev INF E2 (conf 0.50)
[13:44:55] t=268 DEFLINE NALASR (have 1)
[13:44:55] {"kind": "action", "what": "produce", "name": "NALASR", "qty": 1, "tid": null, "ts": "13:44:55"}
[13:44:56] t=268 jev INF E2 (conf 0.48)
[13:44:57] t=270 jev INF E2 (conf 0.50)
[13:44:59] t=272 jev INF E2 (conf 0.49)
[13:44:59] t=274 ECON harv#2
[13:44:59] t=274 TANK HTNK x4
[13:44:59] {"kind": "action", "what": "produce", "name": "HARV", "qty": 1, "tid": null, "ts": "13:44:59"}
[13:44:59] {"kind": "action", "what": "produce", "name": "HTNK", "qty": 4, "tid": null, "ts": "13:44:59"}
[13:44:59] t=274 DEBT-GATE NAHAND x1 (debt=5000 eff=1 < 500)
[13:45:01] t=274 jev BUILD NAREFN (conf 0.36)
[13:45:01] t=274 jev INF E2 (conf 0.45)
[13:45:01] t=274 DEBT-GATE NAREFN x1 (debt=5000 eff=1 < 2000)
[13:45:01] {"kind": "action", "what": "produce", "name": "NAHAND", "qty": 1, "tid": null, "ts": "13:45:01"}
[13:45:01] t=276 OPENING BUILD NAHAND
[13:45:02] t=276 jev INF E2 (conf 0.44)
[13:45:04] t=278 jev INF E2 (conf 0.41)
[13:45:06] t=280 jev INF E2 (conf 0.42)
[13:45:07] t=282 jev INF E2 (conf 0.41)
[13:45:09] t=285 jev INF E2 (conf 0.42)
[13:45:09] {"kind": "action", "what": "produce", "name": "E2", "qty": 1, "tid": null, "ts": "13:45:09"}
[13:45:12] t=291 GARRISON E2 x2 (坦克真空期常驻驻军, have 3)
[13:45:12] t=291 INSURE AA building
[13:45:12] t=291 DEFLINE NALASR (have 2)
[13:45:13] {"kind": "action", "what": "produce", "name": "NAFLAK", "qty": 1, "tid": null, "ts": "13:45:13"}
[13:45:14] t=291 jev INF E2 (conf 0.43)
[13:45:15] t=293 jev INF E2 (conf 0.45)
[13:45:17] t=296 jev INF E2 (conf 0.45)
[13:45:19] t=298 jev INF E2 (conf 0.47)
[13:45:19] t=300 POWER plant (reserve 55)
[13:45:19] {"kind": "action", "what": "produce", "name": "NAPOWR", "qty": 1, "tid": null, "ts": "13:45:19"}
[13:45:20] t=300 jev INF E2 (conf 0.48)
[13:45:22] t=302 jev INF E2 (conf 0.45)
[13:45:22] t=302 MOVE hold_a x2 -> (74,110)
[13:45:22] {"kind": "action", "what": "attack_move", "name": null, "qty": null, "tid": null, "ts": "13:45:22"}
[13:45:22] t=302 tick#150 credits=3045 stance=defend | jev 150 decisions p50=899ms
[13:45:24] t=304 jev INF E2 (conf 0.48)
[13:45:25] t=307 jev INF E2 (conf 0.46)
[13:45:27] t=309 jev INF E2 (conf 0.47)
[13:45:29] t=311 jev INF E2 (conf 0.47)
[13:45:30] t=313 jev INF E2 (conf 0.44)
[13:45:32] t=315 jev INF E2 (conf 0.43)
[13:45:33] t=317 jev INF E2 (conf 0.47)
[13:45:35] t=319 jev INF E2 (conf 0.47)
[13:45:35] {"kind": "action", "what": "produce", "name": "E2", "qty": 1, "tid": null, "ts": "13:45:35"}
[13:45:38] t=324 jev BUILD NAREFN (conf 0.54)
[13:45:38] t=324 DEBT-GATE NAREFN x1 (debt=0 eff=1379 < 2000)
[13:45:39] t=326 GARRISON E2 x2 (坦克真空期常驻驻军, have 4)
[13:45:40] t=326 jev BUILD NAREFN (conf 0.50)
[13:45:40] t=326 jev INF E2 (conf 0.50)
[13:45:40] t=326 DEBT-GATE NAREFN x1 (debt=0 eff=1237 < 2000)
[13:45:41] t=328 jev BUILD NAREFN (conf 0.51)
[13:45:41] t=328 jev INF E2 (conf 0.48)
[13:45:41] t=328 DEBT-GATE NAREFN x1 (debt=0 eff=1134 < 2000)
[13:45:43] t=330 jev BUILD NAREFN (conf 0.52)
[13:45:43] t=330 jev INF E2 (conf 0.48)
[13:45:43] t=330 DEBT-GATE NAREFN x1 (debt=0 eff=1028 < 2000)
[13:45:45] t=332 jev BUILD NAREFN (conf 0.49)
[13:45:45] t=332 jev INF E2 (conf 0.48)
[13:45:45] t=332 DEBT-GATE NAREFN x1 (debt=0 eff=959 < 2000)
[13:45:46] t=335 jev BUILD NAREFN (conf 0.50)
[13:45:46] t=335 jev INF E2 (conf 0.50)
[13:45:46] t=335 DEBT-GATE NAREFN x1 (debt=0 eff=904 < 2000)
[13:45:48] t=337 jev BUILD NAREFN (conf 0.50)
[13:45:48] t=337 jev INF E2 (conf 0.46)
[13:45:48] t=337 DEBT-GATE NAREFN x1 (debt=0 eff=850 < 2000)
[13:45:48] t=337 MOVE hold_b x2 -> (74,123)
[13:45:48] {"kind": "action", "what": "attack_move", "name": null, "qty": null, "tid": null, "ts": "13:45:48"}
[13:45:50] t=339 jev BUILD NAREFN (conf 0.49)
[13:45:50] t=339 jev INF E2 HOLD (预算保护 gate=False e2=4)
[13:45:50] t=339 DEBT-GATE NAREFN x1 (debt=0 eff=795 < 2000)
[13:45:51] t=341 jev BUILD NAREFN (conf 0.53)
[13:45:51] t=341 jev INF E2 HOLD (预算保护 gate=False e2=4)
[13:45:51] t=341 DEBT-GATE NAREFN x1 (debt=0 eff=742 < 2000)
[13:45:53] t=343 jev BUILD NAREFN (conf 0.53)
[13:45:53] t=343 jev INF E2 HOLD (预算保护 gate=False e2=4)
[13:45:53] t=343 DEBT-GATE NAREFN x1 (debt=0 eff=689 < 2000)
[13:45:54] t=345 jev BUILD NAREFN (conf 0.52)
[13:45:54] t=345 jev INF E2 HOLD (预算保护 gate=False e2=4)
[13:45:54] t=345 DEBT-GATE NAREFN x1 (debt=0 eff=635 < 2000)
[13:45:56] t=347 jev BUILD NAREFN (conf 0.53)
[13:45:56] t=347 jev INF E2 HOLD (预算保护 gate=False e2=4)
[13:45:56] t=347 DEBT-GATE NAREFN x1 (debt=0 eff=582 < 2000)
[13:45:56] t=350 ALARM enemy approaching -> counter 4 vs 1 -> [79, 109]
[13:45:56] {"kind": "action", "what": "attack_move", "name": null, "qty": null, "tid": null, "ts": "13:45:56"}
[13:45:58] t=350 jev BUILD NAREFN (conf 0.53)
[13:45:58] t=350 jev INF E2 HOLD (预算保护 gate=False e2=4)
[13:45:58] t=350 DEBT-GATE NAREFN x1 (debt=0 eff=529 < 2000)
[13:46:00] t=352 jev BUILD NAREFN (conf 0.48)
[13:46:00] t=352 jev INF E2 HOLD (预算保护 gate=False e2=4)
[13:46:00] t=352 DEBT-GATE NAREFN x1 (debt=0 eff=469 < 2000)
[13:46:00] t=354 RUSH-DEFENSE ON (敌4压门 vs 守4) 动员兵爆产
[13:46:00] t=354 RUSH-DEFENSE E2 x1 (敌4压门 守4, 资金地板续兵)
[13:46:01] t=354 jev BUILD NAREFN (conf 0.44)
[13:46:01] t=354 jev INF E2 (conf 0.75)
[13:46:01] t=354 DEBT-GATE NAREFN x1 (debt=0 eff=410 < 2000)
[13:46:01] {"kind": "action", "what": "produce", "name": "E2", "qty": 1, "tid": null, "ts": "13:46:01"}
[13:46:01] t=357 RETREAT E2(7%)
[13:46:01] {"kind": "action", "what": "move", "name": null, "qty": null, "tid": null, "ts": "13:46:01"}
[13:46:03] t=357 jev BUILD NAREFN (conf 0.45)
[13:46:03] t=357 DEBT-GATE NAREFN x1 (debt=0 eff=346 < 2000)
[13:46:03] t=357 tick#175 credits=346 stance=defend | jev 175 decisions p50=961ms
[13:46:05] t=359 jev BUILD NAREFN (conf 0.41)
[13:46:05] t=359 DEBT-GATE NAREFN x1 (debt=0 eff=229 < 2000)
[13:46:05] t=361 ALARM enemy approaching -> TURTLE (4 v 5, 守塔阵不打野战)
[13:46:05] {"kind": "action", "what": "attack_move", "name": null, "qty": null, "tid": null, "ts": "13:46:05"}
[13:46:07] t=361 jev BUILD NAREFN (conf 0.44)
[13:46:07] t=361 jev INF E2 (conf 0.75)
[13:46:07] t=361 DEBT-GATE NAREFN x1 (debt=0 eff=147 < 2000)
[13:46:07] t=364 RETREAT E2(2%)
[13:46:07] {"kind": "action", "what": "move", "name": null, "qty": null, "tid": null, "ts": "13:46:07"}
[13:46:08] t=364 jev BUILD NAREFN (conf 0.48)
[13:46:08] t=364 jev INF E2 (conf 0.73)
[13:46:08] t=364 DEBT-GATE NAREFN x1 (debt=0 eff=89 < 2000)
[13:46:10] t=366 jev BUILD NAREFN (conf 0.45)
[13:46:10] t=366 jev INF E2 (conf 0.75)
[13:46:10] t=366 DEBT-GATE NAREFN x1 (debt=0 eff=29 < 2000)
[13:46:12] t=368 jev BUILD NAREFN (conf 0.44)
[13:46:12] t=368 jev INF E2 (conf 0.77)
[13:46:12] t=368 DEBT-GATE NAREFN x1 (debt=0 eff=0 < 2000)
[13:46:13] t=371 jev BUILD NAREFN (conf 0.45)
[13:46:13] t=371 jev INF E2 (conf 0.78)
[13:46:13] t=371 DEBT-GATE NAREFN x1 (debt=0 eff=0 < 2000)
[13:46:13] t=371 MOVE t=371 RUSH-DEFENSE tanks x0 -> 塔线协防; hold_a x2 -> (68,109); hold_b x1 -> (77,117)
[13:46:14] {"kind": "action", "what": "attack_move", "name": null, "qty": null, "tid": null, "ts": "13:46:14"}
[13:46:14] {"kind": "action", "what": "attack_move", "name": null, "qty": null, "tid": null, "ts": "13:46:14"}
[13:46:14] t=373 ALARM enemy approaching -> TURTLE (3 v 5, 守塔阵不打野战)
[13:46:14] {"kind": "action", "what": "attack_move", "name": null, "qty": null, "tid": null, "ts": "13:46:14"}
[13:46:15] t=373 jev BUILD NAREFN (conf 0.43)
[13:46:15] t=373 jev INF E2 (conf 0.78)
[13:46:15] t=373 DEBT-GATE NAREFN x1 (debt=0 eff=0 < 2000)
[13:46:17] t=375 jev BUILD NAREFN (conf 0.38)
[13:46:17] t=375 jev INF E2 (conf 0.80)
[13:46:17] t=375 DEBT-GATE NAREFN x1 (debt=0 eff=0 < 2000)
[13:46:19] t=378 jev BUILD NAREFN (conf 0.16)
[13:46:19] t=378 jev INF E2 (conf 0.78)
[13:46:19] t=378 DEBT-GATE NAREFN x1 (debt=0 eff=0 < 2000)
[13:46:19] t=380 RUSH-DEFENSE E2 x4 (敌5压门 守4)
[13:46:19] t=380 DEFLINE NALASR (have 2)
[13:46:19] {"kind": "action", "what": "produce", "name": "NALASR", "qty": 1, "tid": null, "ts": "13:46:19"}
[13:46:19] t=380 SCOUT #1174->[185, 117]
[13:46:19] {"kind": "action", "what": "attack_move", "name": null, "qty": null, "tid": null, "ts": "13:46:19"}
[13:46:21] t=380 jev BUILD NAREFN (conf 0.09)
[13:46:21] t=380 jev INF E2 (conf 0.74)
[13:46:21] t=380 DEBT-GATE NAREFN x1 (debt=500 eff=614 < 2000)
[13:46:21] t=382 SCOUT* #1174->[185, 117]
[13:46:21] {"kind": "action", "what": "attack_move", "name": null, "qty": null, "tid": null, "ts": "13:46:21"}
[13:46:22] t=382 jev BUILD NAREFN (conf 0.09)
[13:46:22] t=382 jev INF E2 (conf 0.76)
[13:46:22] t=382 DEBT-GATE NAREFN x1 (debt=0 eff=984 < 2000)
[13:46:22] t=382 MOVE t=382 RUSH-DEFENSE tanks x0 -> 塔线协防; hold_a x2 -> (74,110); hold_b x1 -> (74,123)
[13:46:22] {"kind": "action", "what": "attack_move", "name": null, "qty": null, "tid": null, "ts": "13:46:22"}
[13:46:22] {"kind": "action", "what": "attack_move", "name": null, "qty": null, "tid": null, "ts": "13:46:22"}
[13:46:23] t=385 ALARM NAHAND under attack -> TURTLE (3 v 4, 守塔阵不打野战)
[13:46:23] {"kind": "action", "what": "attack_move", "name": null, "qty": null, "tid": null, "ts": "13:46:23"}
[13:46:24] t=385 jev BUILD NARADR HOLD (资金闸门: 坦克优先, cash=850)
[13:46:24] t=385 jev INF E2 (conf 0.77)
[13:46:26] t=387 jev BUILD NAREFN (conf 0.38)
[13:46:26] t=387 jev INF E2 (conf 0.71)
[13:46:26] t=387 DEBT-GATE NAREFN x1 (debt=0 eff=722 < 2000)
[13:46:28] t=390 jev BUILD NAREFN (conf 0.41)
[13:46:28] t=390 jev INF E2 (conf 0.72)
[13:46:28] t=390 DEBT-GATE NAREFN x1 (debt=0 eff=601 < 2000)
[13:46:28] {"kind": "action", "what": "produce", "name": "E2", "qty": 1, "tid": null, "ts": "13:46:28"}
[13:46:28] t=392 RETREAT E2(19%)
[13:46:28] {"kind": "action", "what": "move", "name": null, "qty": null, "tid": null, "ts": "13:46:28"}
[13:46:30] t=392 jev BUILD NAREFN (conf 0.39)
[13:46:30] t=392 DEBT-GATE NAREFN x1 (debt=0 eff=459 < 2000)
[13:46:31] t=394 jev BUILD NAREFN (conf 0.42)
[13:46:31] t=394 DEBT-GATE NAREFN x1 (debt=0 eff=276 < 2000)
[13:46:32] t=397 ALARM NAREFN under attack -> TURTLE (2 v 3, 守塔阵不打野战)
[13:46:32] {"kind": "action", "what": "attack_move", "name": null, "qty": null, "tid": null, "ts": "13:46:32"}
[13:46:32] t=397 RETREAT E2(29%)
[13:46:32] {"kind": "action", "what": "move", "name": null, "qty": null, "tid": null, "ts": "13:46:32"}
[13:46:33] t=397 jev BUILD NAWEAP HOLD (资金闸门: 坦克优先, cash=127)
[13:46:33] t=397 jev INF E2 (conf 0.67)
[13:46:35] t=399 jev BUILD NAWEAP HOLD (资金闸门: 坦克优先, cash=26)
[13:46:35] t=399 jev INF E2 (conf 0.66)
[13:46:37] t=401 jev BUILD NAREFN (conf 0.09)
[13:46:37] t=401 jev INF E2 (conf 0.65)
[13:46:37] t=401 DEBT-GATE NAREFN x1 (debt=0 eff=0 < 2000)
[13:46:38] t=404 jev BUILD NAREFN (conf 0.43)
[13:46:38] t=404 jev INF E2 (conf 0.68)
[13:46:38] t=404 DEBT-GATE NAREFN x1 (debt=0 eff=0 < 2000)
[13:46:40] t=406 jev BUILD NAREFN (conf 0.40)
[13:46:40] t=406 jev INF E2 (conf 0.70)
[13:46:40] t=406 DEBT-GATE NAREFN x1 (debt=0 eff=0 < 2000)
[13:46:40] t=406 MOVE t=406 RUSH-DEFENSE tanks x0 -> 塔线协防; hold_a x1 -> (68,109); hold_b x1 -> (77,118)
[13:46:40] {"kind": "action", "what": "attack_move", "name": null, "qty": null, "tid": null, "ts": "13:46:40"}
[13:46:40] {"kind": "action", "what": "attack_move", "name": null, "qty": null, "tid": null, "ts": "13:46:40"}
[13:46:40] t=408 ALARM NAHAND under attack -> counter 2 vs 2 -> [72, 115]
[13:46:40] {"kind": "action", "what": "attack_move", "name": null, "qty": null, "tid": null, "ts": "13:46:40"}
[13:46:42] t=408 jev BUILD NAREFN (conf 0.38)
[13:46:42] t=408 jev INF E2 (conf 0.74)
[13:46:42] t=408 DEBT-GATE NAREFN x1 (debt=0 eff=0 < 2000)
[13:46:44] t=411 jev BUILD NAREFN (conf 0.37)
[13:46:44] t=411 jev INF E2 (conf 0.75)
[13:46:44] t=411 DEBT-GATE NAREFN x1 (debt=0 eff=0 < 2000)
[13:46:45] t=413 jev BUILD NAREFN (conf 0.39)
[13:46:45] t=413 jev INF E2 (conf 0.74)
[13:46:45] t=413 DEBT-GATE NAREFN x1 (debt=0 eff=0 < 2000)
[13:46:47] t=415 jev BUILD NAREFN (conf 0.38)
[13:46:47] t=415 jev INF E2 (conf 0.74)
[13:46:47] t=415 DEBT-GATE NAREFN x1 (debt=0 eff=0 < 2000)
[13:46:47] t=415 tick#200 credits=0 stance=defend | jev 200 decisions p50=1178ms
[13:46:49] t=418 jev BUILD NAREFN (conf 0.40)
[13:46:49] t=418 jev INF E2 (conf 0.74)
[13:46:49] t=418 DEBT-GATE NAREFN x1 (debt=0 eff=0 < 2000)
[13:46:49] t=420 ALARM NAHAND under attack -> counter 2 vs 2 -> [72, 115]
[13:46:49] {"kind": "action", "what": "attack_move", "name": null, "qty": null, "tid": null, "ts": "13:46:49"}
[13:46:51] t=420 jev BUILD NAREFN (conf 0.40)
[13:46:51] t=420 jev INF E2 (conf 0.73)
[13:46:51] t=420 DEBT-GATE NAREFN x1 (debt=0 eff=0 < 2000)
[13:46:52] t=422 jev BUILD NAREFN (conf 0.40)
[13:46:52] t=422 jev INF E2 (conf 0.76)
[13:46:52] t=422 DEBT-GATE NAREFN x1 (debt=0 eff=0 < 2000)
[13:46:54] t=425 jev BUILD NAREFN (conf 0.40)
[13:46:54] t=425 jev INF E2 (conf 0.76)
[13:46:54] t=425 DEBT-GATE NAREFN x1 (debt=0 eff=0 < 2000)
[13:46:54] t=425 DEBT-GATE E2 x1 (debt=0 eff=0 < 90)
[13:46:54] t=427 RUSH-DEFENSE OFF (威胁解除) 恢复原公式
[13:46:56] t=427 jev BUILD NAREFN (conf 0.48)
[13:46:56] t=427 jev INF E2 HOLD (预算保护 gate=False e2=2)
[13:46:56] t=427 DEBT-GATE NAREFN x1 (debt=0 eff=0 < 2000)
[13:46:57] t=429 jev BUILD NAREFN (conf 0.48)
[13:46:57] t=429 jev INF E2 HOLD (预算保护 gate=False e2=2)
[13:46:57] t=429 DEBT-GATE NAREFN x1 (debt=0 eff=0 < 2000)
[13:46:59] t=431 jev BUILD NAREFN (conf 0.48)
[13:46:59] t=431 jev INF E2 HOLD (预算保护 gate=False e2=2)
[13:46:59] t=431 DEBT-GATE NAREFN x1 (debt=0 eff=0 < 2000)
[13:47:01] t=434 jev BUILD NAREFN (conf 0.49)
[13:47:01] t=434 jev INF E2 HOLD (预算保护 gate=False e2=2)
[13:47:01] t=434 DEBT-GATE NAREFN x1 (debt=0 eff=0 < 2000)
[13:47:02] t=436 jev BUILD NAREFN (conf 0.47)
[13:47:02] t=436 jev INF E2 HOLD (预算保护 gate=False e2=2)
[13:47:02] t=436 DEBT-GATE NAREFN x1 (debt=0 eff=0 < 2000)
[13:47:04] t=438 jev BUILD NAREFN (conf 0.48)
[13:47:04] t=438 jev INF E2 HOLD (预算保护 gate=False e2=2)
[13:47:04] t=438 DEBT-GATE NAREFN x1 (debt=0 eff=0 < 2000)
[13:47:06] t=440 jev BUILD NAREFN (conf 0.50)
[13:47:06] t=440 jev INF E2 HOLD (预算保护 gate=False e2=2)
[13:47:06] t=440 DEBT-GATE NAREFN x1 (debt=0 eff=0 < 2000)
[13:47:07] t=443 jev BUILD NAREFN (conf 0.50)
[13:47:07] t=443 jev INF E2 HOLD (预算保护 gate=False e2=2)
[13:47:07] t=443 DEBT-GATE NAREFN x1 (debt=0 eff=0 < 2000)
[13:47:09] t=445 jev BUILD NAREFN (conf 0.49)
[13:47:09] t=445 jev INF E2 HOLD (预算保护 gate=False e2=2)
[13:47:09] t=445 DEBT-GATE NAREFN x1 (debt=0 eff=0 < 2000)
[13:47:11] t=447 jev BUILD NAREFN (conf 0.47)
[13:47:11] t=447 jev INF E2 (conf 0.56)
[13:47:11] t=447 DEBT-GATE NAREFN x1 (debt=0 eff=1105 < 2000)
[13:47:11] {"kind": "action", "what": "produce", "name": "E2", "qty": 1, "tid": null, "ts": "13:47:11"}
[13:47:13] t=449 jev BUILD NAREFN (conf 0.45)
[13:47:13] t=449 DEBT-GATE NAREFN x1 (debt=0 eff=1039 < 2000)
[13:47:14] t=452 jev BUILD NAREFN (conf 0.48)
[13:47:14] t=452 DEBT-GATE NAREFN x1 (debt=0 eff=929 < 2000)
[13:47:16] t=454 jev BUILD NAREFN (conf 0.48)
[13:47:16] t=454 jev INF E2 (conf 0.60)
[13:47:16] t=454 DEBT-GATE NAREFN x1 (debt=0 eff=845 < 2000)
[13:47:18] t=456 jev BUILD NAREFN (conf 0.47)
[13:47:18] t=456 jev INF E2 HOLD (预算保护 gate=False e2=3)
[13:47:18] t=456 DEBT-GATE NAREFN x1 (debt=0 eff=789 < 2000)
[13:47:19] t=458 jev BUILD NAREFN (conf 0.45)
[13:47:19] t=458 jev INF E2 HOLD (预算保护 gate=False e2=3)
[13:47:19] t=458 DEBT-GATE NAREFN x1 (debt=0 eff=734 < 2000)
[13:47:21] t=461 jev BUILD NAREFN (conf 0.47)
[13:47:21] t=461 jev INF E2 HOLD (预算保护 gate=False e2=3)
[13:47:21] t=461 DEBT-GATE NAREFN x1 (debt=0 eff=677 < 2000)
[13:47:23] t=463 jev BUILD NAREFN (conf 0.49)
[13:47:23] t=463 jev INF E2 HOLD (预算保护 gate=False e2=3)
[13:47:23] t=463 DEBT-GATE NAREFN x1 (debt=0 eff=620 < 2000)
[13:47:23] t=463 MOVE assault x1 -> (73,120)
[13:47:23] {"kind": "action", "what": "attack_move", "name": null, "qty": null, "tid": null, "ts": "13:47:23"}
[13:47:24] t=465 jev BUILD NAREFN (conf 0.46)
[13:47:24] t=465 jev INF E2 HOLD (预算保护 gate=False e2=3)
[13:47:24] t=465 DEBT-GATE NAREFN x1 (debt=0 eff=564 < 2000)
[13:47:26] t=467 jev BUILD NAREFN (conf 0.47)
[13:47:26] t=467 jev INF E2 HOLD (预算保护 gate=False e2=3)
[13:47:26] t=467 DEBT-GATE NAREFN x1 (debt=0 eff=507 < 2000)
[13:47:28] t=470 jev BUILD NAREFN (conf 0.48)
[13:47:28] t=470 jev INF E2 HOLD (预算保护 gate=False e2=3)
[13:47:28] t=470 DEBT-GATE NAREFN x1 (debt=0 eff=450 < 2000)
[13:47:29] t=472 jev BUILD NAREFN (conf 0.48)
[13:47:29] t=472 jev INF E2 HOLD (预算保护 gate=False e2=3)
[13:47:29] t=472 DEBT-GATE NAREFN x1 (debt=0 eff=395 < 2000)
[13:47:29] t=472 tick#225 credits=395 stance=defend | jev 225 decisions p50=1192ms
[13:47:31] t=474 jev BUILD NAREFN (conf 0.42)
[13:47:31] t=474 jev INF E2 HOLD (预算保护 gate=False e2=3)
[13:47:31] t=474 DEBT-GATE NAREFN x1 (debt=0 eff=339 < 2000)
[13:47:33] t=476 jev BUILD NAREFN (conf 0.42)
[13:47:33] t=476 jev INF E2 HOLD (预算保护 gate=False e2=3)
[13:47:33] t=476 DEBT-GATE NAREFN x1 (debt=0 eff=284 < 2000)
[13:47:35] t=479 jev BUILD NAREFN (conf 0.43)
[13:47:35] t=479 jev INF E2 HOLD (预算保护 gate=False e2=3)
[13:47:35] t=479 DEBT-GATE NAREFN x1 (debt=0 eff=227 < 2000)
[13:47:36] t=481 jev BUILD NAREFN (conf 0.45)
[13:47:36] t=481 jev INF E2 HOLD (预算保护 gate=False e2=3)
[13:47:36] t=481 DEBT-GATE NAREFN x1 (debt=0 eff=170 < 2000)
[13:47:36] t=481 MOVE assault x1 -> (73,120)
[13:47:36] {"kind": "action", "what": "attack_move", "name": null, "qty": null, "tid": null, "ts": "13:47:36"}
[13:47:38] t=483 jev BUILD NAREFN (conf 0.45)
[13:47:38] t=483 jev INF E2 HOLD (预算保护 gate=False e2=3)
[13:47:38] t=483 DEBT-GATE NAREFN x1 (debt=0 eff=114 < 2000)
[13:47:40] t=485 jev BUILD NAREFN (conf 0.44)
[13:47:40] t=485 jev INF E2 HOLD (预算保护 gate=False e2=3)
[13:47:40] t=485 DEBT-GATE NAREFN x1 (debt=0 eff=57 < 2000)
[13:47:41] t=488 jev BUILD NAREFN (conf 0.45)
[13:47:41] t=488 jev INF E2 HOLD (预算保护 gate=False e2=3)
[13:47:41] t=488 DEBT-GATE NAREFN x1 (debt=0 eff=0 < 2000)
[13:47:41] t=488 MOVE hold_a x2 -> (68,109); hold_b x1 -> (77,118)
[13:47:41] {"kind": "action", "what": "attack_move", "name": null, "qty": null, "tid": null, "ts": "13:47:41"}
[13:47:41] {"kind": "action", "what": "attack_move", "name": null, "qty": null, "tid": null, "ts": "13:47:41"}
[13:47:43] t=490 jev BUILD NAREFN (conf 0.44)
[13:47:43] t=490 jev INF E2 (conf 0.38)
[13:47:43] t=490 DEBT-GATE NAREFN x1 (debt=0 eff=1117 < 2000)
[13:47:43] {"kind": "action", "what": "produce", "name": "E2", "qty": 1, "tid": null, "ts": "13:47:43"}
[13:47:45] t=492 jev BUILD NAREFN (conf 0.44)
[13:47:45] t=492 DEBT-GATE NAREFN x1 (debt=0 eff=1051 < 2000)
[13:47:46] t=495 jev BUILD NAREFN (conf 0.42)
[13:47:46] t=495 DEBT-GATE NAREFN x1 (debt=0 eff=941 < 2000)
[13:47:48] t=497 jev BUILD NAREFN (conf 0.43)
[13:47:48] t=497 jev INF E2 (conf 0.39)
[13:47:48] t=497 DEBT-GATE NAREFN x1 (debt=0 eff=857 < 2000)
[13:47:50] t=499 jev BUILD NAREFN (conf 0.44)
[13:47:50] t=499 jev INF E2 (conf 0.40)
[13:47:50] t=499 DEBT-GATE NAREFN x1 (debt=0 eff=800 < 2000)
[13:47:50] t=499 MOVE assault x1 -> (73,120)
[13:47:50] {"kind": "action", "what": "attack_move", "name": null, "qty": null, "tid": null, "ts": "13:47:50"}
[13:47:52] t=501 jev BUILD NAREFN (conf 0.46)
[13:47:52] t=501 jev INF E2 HOLD (预算保护 gate=False e2=4)
[13:47:52] t=501 DEBT-GATE NAREFN x1 (debt=0 eff=744 < 2000)
[13:47:52] t=501 MOVE guard x1 -> (73,120)
[13:47:52] {"kind": "action", "what": "attack_move", "name": null, "qty": null, "tid": null, "ts": "13:47:52"}
[13:47:53] t=504 jev BUILD NAREFN (conf 0.45)
[13:47:53] t=504 jev INF E2 HOLD (预算保护 gate=False e2=4)
[13:47:53] t=504 DEBT-GATE NAREFN x1 (debt=0 eff=685 < 2000)
[13:47:55] t=506 jev BUILD NAREFN (conf 0.44)
[13:47:55] t=506 jev INF E2 HOLD (预算保护 gate=False e2=4)
[13:47:55] t=506 DEBT-GATE NAREFN x1 (debt=0 eff=630 < 2000)
[13:47:57] t=508 jev BUILD NAREFN (conf 0.46)
[13:47:57] t=508 jev INF E2 HOLD (预算保护 gate=False e2=4)
[13:47:57] t=508 DEBT-GATE NAREFN x1 (debt=0 eff=574 < 2000)
[13:47:58] t=510 jev BUILD NAREFN (conf 0.46)
[13:47:58] t=510 jev INF E2 HOLD (预算保护 gate=False e2=4)
[13:47:58] t=510 DEBT-GATE NAREFN x1 (debt=0 eff=517 < 2000)
[13:48:00] t=513 jev BUILD NAREFN (conf 0.44)
[13:48:00] t=513 jev INF E2 HOLD (预算保护 gate=False e2=4)
[13:48:00] t=513 DEBT-GATE NAREFN x1 (debt=0 eff=460 < 2000)
[13:48:02] t=515 jev BUILD NAREFN (conf 0.47)
[13:48:02] t=515 jev INF E2 HOLD (预算保护 gate=False e2=4)
[13:48:02] t=515 DEBT-GATE NAREFN x1 (debt=0 eff=405 < 2000)
[13:48:03] t=517 jev BUILD NAREFN (conf 0.44)
[13:48:03] t=517 jev INF E2 HOLD (预算保护 gate=False e2=4)
[13:48:03] t=517 DEBT-GATE NAREFN x1 (debt=0 eff=349 < 2000)
[13:48:03] t=517 MOVE assault x1 -> (73,120)
[13:48:03] {"kind": "action", "what": "attack_move", "name": null, "qty": null, "tid": null, "ts": "13:48:03"}
[13:48:05] t=519 jev BUILD NAREFN (conf 0.44)
[13:48:05] t=519 jev INF E2 HOLD (预算保护 gate=False e2=4)
[13:48:05] t=519 DEBT-GATE NAREFN x1 (debt=0 eff=292 < 2000)
[13:48:07] t=522 jev BUILD NAREFN (conf 0.45)
[13:48:07] t=522 jev INF E2 HOLD (预算保护 gate=False e2=4)
[13:48:07] t=522 DEBT-GATE NAREFN x1 (debt=0 eff=235 < 2000)
[13:48:08] t=524 jev BUILD NAREFN (conf 0.47)
[13:48:08] t=524 jev INF E2 HOLD (预算保护 gate=False e2=4)
[13:48:08] t=524 DEBT-GATE NAREFN x1 (debt=0 eff=180 < 2000)
[13:48:10] t=526 jev BUILD NAREFN (conf 0.49)
[13:48:10] t=526 jev INF E2 HOLD (预算保护 gate=False e2=4)
[13:48:10] t=526 DEBT-GATE NAREFN x1 (debt=0 eff=124 < 2000)
[13:48:12] t=528 jev BUILD NAREFN (conf 0.49)
[13:48:12] t=528 jev INF E2 HOLD (预算保护 gate=False e2=4)
[13:48:12] t=528 DEBT-GATE NAREFN x1 (debt=0 eff=67 < 2000)
[13:48:12] t=528 tick#250 credits=67 stance=defend | jev 250 decisions p50=1214ms
[13:48:13] t=531 jev BUILD NAREFN (conf 0.48)
[13:48:13] t=531 jev INF E2 HOLD (预算保护 gate=False e2=4)
[13:48:13] t=531 DEBT-GATE NAREFN x1 (debt=0 eff=12 < 2000)
[13:48:15] t=533 jev BUILD NAREFN (conf 0.50)
[13:48:15] t=533 jev INF E2 HOLD (预算保护 gate=False e2=4)
[13:48:15] t=533 DEBT-GATE NAREFN x1 (debt=0 eff=0 < 2000)
[13:48:17] t=535 jev BUILD NAREFN (conf 0.51)
[13:48:17] t=535 jev INF E2 HOLD (预算保护 gate=False e2=4)
[13:48:17] t=535 DEBT-GATE NAREFN x1 (debt=0 eff=0 < 2000)
[13:48:17] t=535 MOVE assault x1 -> (73,120)
[13:48:17] {"kind": "action", "what": "attack_move", "name": null, "qty": null, "tid": null, "ts": "13:48:17"}
[13:48:19] t=537 jev BUILD NAREFN (conf 0.49)
[13:48:19] t=537 jev INF E2 HOLD (预算保护 gate=False e2=4)
[13:48:19] t=537 DEBT-GATE NAREFN x1 (debt=0 eff=0 < 2000)
[13:48:20] t=540 jev BUILD NAREFN (conf 0.50)
[13:48:20] t=540 jev INF E2 HOLD (预算保护 gate=False e2=4)
[13:48:20] t=540 DEBT-GATE NAREFN x1 (debt=0 eff=0 < 2000)
[13:48:22] t=542 jev BUILD NAREFN (conf 0.51)
[13:48:22] t=542 jev INF E2 HOLD (预算保护 gate=False e2=4)
[13:48:22] t=542 DEBT-GATE NAREFN x1 (debt=0 eff=0 < 2000)
[13:48:22] t=542 MOVE guard x1 -> (73,120)
[13:48:22] {"kind": "action", "what": "attack_move", "name": null, "qty": null, "tid": null, "ts": "13:48:22"}
[13:48:24] t=544 jev BUILD NAREFN (conf 0.51)
[13:48:24] t=544 jev INF E2 HOLD (预算保护 gate=False e2=4)
[13:48:24] t=544 DEBT-GATE NAREFN x1 (debt=0 eff=0 < 2000)
[13:48:25] t=546 jev BUILD NAREFN (conf 0.51)
[13:48:25] t=546 jev INF E2 HOLD (预算保护 gate=False e2=4)
[13:48:25] t=546 DEBT-GATE NAREFN x1 (debt=0 eff=0 < 2000)
[13:48:27] t=549 jev BUILD NAREFN (conf 0.53)
[13:48:27] t=549 jev INF E2 HOLD (预算保护 gate=False e2=4)
[13:48:27] t=549 DEBT-GATE NAREFN x1 (debt=0 eff=0 < 2000)
[13:48:29] t=551 jev BUILD NAREFN (conf 0.52)
[13:48:29] t=551 jev INF E2 HOLD (预算保护 gate=False e2=4)
[13:48:29] t=551 DEBT-GATE NAREFN x1 (debt=0 eff=0 < 2000)
[13:48:30] t=553 jev BUILD NAREFN (conf 0.52)
[13:48:30] t=553 jev INF E2 HOLD (预算保护 gate=False e2=4)
[13:48:30] t=553 DEBT-GATE NAREFN x1 (debt=0 eff=0 < 2000)
[13:48:30] t=553 MOVE assault x1 -> (73,120)
[13:48:30] {"kind": "action", "what": "attack_move", "name": null, "qty": null, "tid": null, "ts": "13:48:30"}
[13:48:32] t=556 jev BUILD NAREFN (conf 0.52)
[13:48:32] t=556 jev INF E2 HOLD (预算保护 gate=False e2=4)
[13:48:32] t=556 DEBT-GATE NAREFN x1 (debt=0 eff=0 < 2000)
[13:48:34] t=558 jev BUILD NAREFN (conf 0.51)
[13:48:34] t=558 jev INF E2 HOLD (预算保护 gate=False e2=4)
[13:48:34] t=558 DEBT-GATE NAREFN x1 (debt=0 eff=0 < 2000)
[13:48:34] t=560 ALARM enemy approaching -> counter 6 vs 1 -> [80, 112]
[13:48:34] {"kind": "action", "what": "attack_move", "name": null, "qty": null, "tid": null, "ts": "13:48:34"}
[13:48:34] t=560 SCOUT* #1174->[185, 59]
[13:48:34] {"kind": "action", "what": "attack_move", "name": null, "qty": null, "tid": null, "ts": "13:48:34"}
[13:48:36] t=560 jev BUILD NAREFN (conf 0.47)
[13:48:36] t=560 DEBT-GATE NAREFN x1 (debt=0 eff=1107 < 2000)
[13:48:37] t=562 jev BUILD NAREFN (conf 0.45)
[13:48:37] t=562 DEBT-GATE NAREFN x1 (debt=0 eff=1045 < 2000)
[13:48:38] t=565 TANK HTNK x1
[13:48:38] {"kind": "action", "what": "produce", "name": "HTNK", "qty": 1, "tid": null, "ts": "13:48:38"}
[13:48:38] t=565 SCOUT2 #1310->[130, 83]
[13:48:38] {"kind": "action", "what": "attack_move", "name": null, "qty": null, "tid": null, "ts": "13:48:38"}
[13:48:39] t=565 jev BUILD NAREFN (conf 0.46)
[13:48:39] t=565 DEBT-GATE NAREFN x1 (debt=900 eff=105 < 2000)
[13:48:41] t=567 jev BUILD NAREFN (conf 0.46)
[13:48:41] t=567 DEBT-GATE NAREFN x1 (debt=0 eff=949 < 2000)
[13:48:42] t=569 jev BUILD NAREFN (conf 0.47)
[13:48:42] t=569 DEBT-GATE NAREFN x1 (debt=0 eff=892 < 2000)
[13:48:42] t=569 MOVE assault x2 -> (73,120); hold_a x2 -> (71,109); hold_b x2 -> (77,120)
[13:48:43] {"kind": "action", "what": "attack_move", "name": null, "qty": null, "tid": null, "ts": "13:48:43"}
[13:48:43] {"kind": "action", "what": "attack_move", "name": null, "qty": null, "tid": null, "ts": "13:48:43"}
[13:48:43] {"kind": "action", "what": "attack_move", "name": null, "qty": null, "tid": null, "ts": "13:48:43"}
[13:48:44] t=572 jev BUILD NAREFN (conf 0.50)
[13:48:44] t=572 DEBT-GATE NAREFN x1 (debt=0 eff=832 < 2000)
[13:48:44] t=574 ALARM enemy approaching -> counter 7 vs 1 -> [84, 112]
[13:48:45] {"kind": "action", "what": "attack_move", "name": null, "qty": null, "tid": null, "ts": "13:48:45"}
[13:48:46] t=574 jev BUILD NAREFN (conf 0.40)
[13:48:46] t=574 jev STANCE defend->rush (conf 0.54)
[13:48:46] t=574 DEBT-GATE NAREFN x1 (debt=0 eff=777 < 2000)
[13:48:48] t=576 jev BUILD NAREFN (conf 0.44)
[13:48:48] t=576 THREAT 0.58 -> force defend
[13:48:48] t=576 DEBT-GATE NAREFN x1 (debt=0 eff=715 < 2000)
[13:48:50] t=579 jev BUILD NAREFN (conf 0.43)
[13:48:50] t=579 jev STANCE defend->rush (conf 0.55)
[13:48:50] t=579 THREAT 0.61 -> force defend
[13:48:50] t=579 DEBT-GATE NAREFN x1 (debt=0 eff=657 < 2000)
[13:48:51] t=581 jev BUILD NAREFN (conf 0.48)
[13:48:51] t=581 jev STANCE defend->rush (conf 0.55)
[13:48:51] t=581 DEBT-GATE NAREFN x1 (debt=0 eff=599 < 2000)
[13:48:52] t=583 RETREAT E2(25%)
[13:48:52] {"kind": "action", "what": "move", "name": null, "qty": null, "tid": null, "ts": "13:48:52"}
[13:48:53] t=583 jev BUILD NAREFN (conf 0.49)
[13:48:53] t=583 DEBT-GATE NAREFN x1 (debt=0 eff=539 < 2000)
[13:48:53] t=583 MOVE assault x2 -> (83,112); hold_b x2 -> (76,121); guard x1 -> (73,120)
[13:48:53] {"kind": "action", "what": "attack_move", "name": null, "qty": null, "tid": null, "ts": "13:48:53"}
[13:48:53] {"kind": "action", "what": "attack_move", "name": null, "qty": null, "tid": null, "ts": "13:48:53"}
[13:48:53] {"kind": "action", "what": "attack_move", "name": null, "qty": null, "tid": null, "ts": "13:48:53"}
[13:48:54] t=586 ALARM unit lost -> 攻势保持（塔阵守家, 前线 6 个单位继续进攻）
[13:48:55] t=586 jev BUILD NAREFN (conf 0.46)
[13:48:55] t=586 DEBT-GATE NAREFN x1 (debt=0 eff=474 < 2000)
[13:48:55] t=586 MOVE assault x2 -> (86,110); hold_a x2 -> (74,110); hold_b x1 -> (74,123)
[13:48:55] {"kind": "action", "what": "attack_move", "name": null, "qty": null, "tid": null, "ts": "13:48:55"}
[13:48:55] {"kind": "action", "what": "attack_move", "name": null, "qty": null, "tid": null, "ts": "13:48:55"}
[13:48:55] {"kind": "action", "what": "attack_move", "name": null, "qty": null, "tid": null, "ts": "13:48:55"}
[13:48:55] t=586 tick#275 credits=474 stance=rush | jev 275 decisions p50=1352ms
[13:48:55] t=588 ALARM enemy approaching -> 攻势保持（塔阵守家, 前线 5 个单位继续进攻）
[13:48:55] t=588 RETREAT HTNK(35%)
[13:48:55] {"kind": "action", "what": "move", "name": null, "qty": null, "tid": null, "ts": "13:48:55"}
[13:48:57] t=588 jev BUILD NAREFN (conf 0.44)
[13:48:57] t=588 THREAT 0.71 -> force defend
[13:48:57] t=588 DEBT-GATE NAREFN x1 (debt=0 eff=414 < 2000)
[13:48:57] t=588 MOVE assault x2 -> (73,120); hold_a x2 -> (71,109); hold_b x1 -> (76,121)
[13:48:57] {"kind": "action", "what": "attack_move", "name": null, "qty": null, "tid": null, "ts": "13:48:57"}
[13:48:57] {"kind": "action", "what": "attack_move", "name": null, "qty": null, "tid": null, "ts": "13:48:57"}
[13:48:57] {"kind": "action", "what": "attack_move", "name": null, "qty": null, "tid": null, "ts": "13:48:57"}
[13:48:57] t=591 ALARM enemy approaching -> counter 5 vs 2 -> [86, 110]
[13:48:57] {"kind": "action", "what": "attack_move", "name": null, "qty": null, "tid": null, "ts": "13:48:57"}
[13:48:59] t=591 jev BUILD NAREFN (conf 0.48)
[13:48:59] t=591 jev STANCE defend->rush (conf 0.57)
[13:48:59] t=591 THREAT 0.64 -> force defend
[13:48:59] t=591 DEBT-GATE NAREFN x1 (debt=0 eff=350 < 2000)
[13:49:01] t=593 jev BUILD NAREFN (conf 0.50)
[13:49:01] t=593 jev STANCE defend->rush (conf 0.55)
[13:49:01] t=593 DEBT-GATE NAREFN x1 (debt=0 eff=292 < 2000)
[13:49:02] t=596 jev BUILD NAREFN (conf 0.49)
[13:49:02] t=596 DEBT-GATE NAREFN x1 (debt=0 eff=235 < 2000)
[13:49:04] t=598 jev BUILD NAREFN (conf 0.49)
[13:49:04] t=598 THREAT 0.68 -> force defend
[13:49:04] t=598 DEBT-GATE NAREFN x1 (debt=0 eff=177 < 2000)
[13:49:04] t=600 DEBT-GATE NAREFN x1 (debt=0 eff=120 < 2000)
[13:49:06] t=600 jev BUILD NAREFN (conf 0.43)
[13:49:06] t=600 DEBT-GATE NAREFN x1 (debt=0 eff=120 < 2000)
[13:49:06] t=602 SCOUT2 #1313->[100, 100]
[13:49:06] {"kind": "action", "what": "attack_move", "name": null, "qty": null, "tid": null, "ts": "13:49:06"}
[13:49:06] t=602 DEBT-GATE NAREFN x1 (debt=0 eff=105 < 2000)
[13:49:07] t=602 jev BUILD NAREFN (conf 0.44)
[13:49:07] t=602 jev VEH HTNK HOLD (预算保护 cash=105 aav帽=ok aav=0)
[13:49:07] t=602 jev STANCE defend->rush (conf 0.52)
[13:49:07] t=602 DEBT-GATE NAREFN x1 (debt=0 eff=105 < 2000)
[13:49:07] t=602 MOVE assault x2 -> (130,83)
[13:49:07] {"kind": "action", "what": "attack_move", "name": null, "qty": null, "tid": null, "ts": "13:49:07"}
[13:49:08] t=605 TANK HTNK x2
[13:49:08] t=605 DEBT-GATE HTNK x2 (debt=0 eff=1230 < 1800)
[13:49:08] t=605 DEBT-GATE NAREFN x1 (debt=0 eff=1230 < 2000)
[13:49:09] t=605 jev BUILD NAREFN (conf 0.46)
[13:49:09] t=605 jev VEH DRON (conf 0.14)
[13:49:09] t=605 DEBT-GATE NAREFN x1 (debt=0 eff=1230 < 2000)
[13:49:09] {"kind": "action", "what": "produce", "name": "DRON", "qty": 1, "tid": null, "ts": "13:49:09"}
[13:49:09] t=607 DEBT-GATE NAREFN x1 (debt=0 eff=1223 < 2000)
[13:49:11] t=607 jev BUILD NAREFN (conf 0.43)
[13:49:11] t=607 DEBT-GATE NAREFN x1 (debt=0 eff=1223 < 2000)
[13:49:11] t=609 DEBT-GATE NAREFN x1 (debt=0 eff=1160 < 2000)
[13:49:13] t=609 jev BUILD NAREFN (conf 0.43)
[13:49:13] t=609 DEBT-GATE NAREFN x1 (debt=0 eff=1160 < 2000)
[13:49:13] t=612 DEBT-GATE NAREFN x1 (debt=0 eff=1097 < 2000)
[13:49:14] t=612 jev BUILD NAREFN (conf 0.43)
[13:49:14] t=612 DEBT-GATE NAREFN x1 (debt=0 eff=1097 < 2000)
[13:49:14] t=614 DEBT-GATE NAREFN x1 (debt=0 eff=1036 < 2000)
[13:49:16] t=614 jev BUILD NAREFN (conf 0.51)
[13:49:16] t=614 DEBT-GATE NAREFN x1 (debt=0 eff=1036 < 2000)
[13:49:16] t=614 MOVE assault x2 -> (97,100)
[13:49:16] {"kind": "action", "what": "attack_move", "name": null, "qty": null, "tid": null, "ts": "13:49:16"}
[13:49:16] t=616 ESCORT 坦克#1380 -> 护航矿车@[92, 129]
[13:49:16] {"kind": "action", "what": "attack_move", "name": null, "qty": null, "tid": null, "ts": "13:49:16"}
[13:49:16] t=616 DEBT-GATE NAREFN x1 (debt=0 eff=971 < 2000)
[13:49:18] t=616 jev BUILD NAREFN (conf 0.49)
[13:49:18] t=616 jev INF E2 (conf 0.31)
[13:49:18] t=616 DEBT-GATE NAREFN x1 (debt=0 eff=971 < 2000)
[13:49:18] {"kind": "action", "what": "produce", "name": "E2", "qty": 1, "tid": null, "ts": "13:49:18"}
[13:49:18] t=616 MOVE assault x2 -> (96,101)
[13:49:18] {"kind": "action", "what": "attack_move", "name": null, "qty": null, "tid": null, "ts": "13:49:18"}
[13:49:18] t=619 DEBT-GATE NAREFN x1 (debt=0 eff=891 < 2000)
[13:49:20] t=619 jev BUILD NAREFN (conf 0.48)
[13:49:20] t=619 DEBT-GATE NAREFN x1 (debt=0 eff=891 < 2000)
[13:49:20] t=619 MOVE assault x2 -> (95,102)
[13:49:20] {"kind": "action", "what": "attack_move", "name": null, "qty": null, "tid": null, "ts": "13:49:20"}
[13:49:20] t=621 SCOUT* #1174->[185, 68]
[13:49:20] {"kind": "action", "what": "attack_move", "name": null, "qty": null, "tid": null, "ts": "13:49:20"}
[13:49:20] t=621 DEBT-GATE NAREFN x1 (debt=0 eff=768 < 2000)
[13:49:21] t=621 jev BUILD NAREFN (conf 0.48)
[13:49:21] t=621 DEBT-GATE NAREFN x1 (debt=0 eff=768 < 2000)
[13:49:22] t=623 DEBT-GATE NAREFN x1 (debt=0 eff=740 < 2000)
[13:49:23] t=623 jev BUILD NAREFN (conf 0.51)
[13:49:23] t=623 jev INF E2 HOLD (预算保护 gate=False e2=4)
[13:49:23] t=623 jev VEH DRON HOLD (预算保护 cash=740 aav帽=ok aav=0)
[13:49:23] t=623 DEBT-GATE NAREFN x1 (debt=0 eff=740 < 2000)
[13:49:23] t=623 MOVE assault x3 -> (95,101)
[13:49:23] {"kind": "action", "what": "attack_move", "name": null, "qty": null, "tid": null, "ts": "13:49:23"}
[13:49:23] t=626 DEBT-GATE NAREFN x1 (debt=0 eff=740 < 2000)
[13:49:25] t=626 jev BUILD NAREFN (conf 0.52)
[13:49:25] t=626 jev INF E2 HOLD (预算保护 gate=False e2=4)
[13:49:25] t=626 jev VEH DRON HOLD (预算保护 cash=740 aav帽=ok aav=0)
[13:49:25] t=626 DEBT-GATE NAREFN x1 (debt=0 eff=740 < 2000)
[13:49:25] t=626 MOVE guard x1 -> (73,120)
[13:49:25] {"kind": "action", "what": "attack_move", "name": null, "qty": null, "tid": null, "ts": "13:49:25"}
[13:49:25] t=628 DEBT-GATE NAREFN x1 (debt=0 eff=740 < 2000)
[13:49:27] t=628 jev BUILD NAREFN (conf 0.51)
[13:49:27] t=628 jev INF E2 HOLD (预算保护 gate=False e2=4)
[13:49:27] t=628 jev VEH DRON HOLD (预算保护 cash=740 aav帽=ok aav=0)
[13:49:27] t=628 DEBT-GATE NAREFN x1 (debt=0 eff=740 < 2000)
[13:49:27] t=630 DEBT-GATE NAREFN x1 (debt=0 eff=740 < 2000)
[13:49:28] t=630 jev BUILD NAREFN (conf 0.51)
[13:49:28] t=630 jev INF E2 HOLD (预算保护 gate=False e2=4)
[13:49:28] t=630 jev VEH DRON HOLD (预算保护 cash=740 aav帽=ok aav=0)
[13:49:28] t=630 DEBT-GATE NAREFN x1 (debt=0 eff=740 < 2000)
[13:49:29] t=633 DEBT-GATE NAREFN x1 (debt=0 eff=740 < 2000)
[13:49:30] t=633 jev BUILD NAREFN (conf 0.51)
[13:49:30] t=633 jev INF E2 HOLD (预算保护 gate=False e2=4)
[13:49:30] t=633 jev VEH DRON HOLD (预算保护 cash=740 aav帽=ok aav=0)
[13:49:30] t=633 DEBT-GATE NAREFN x1 (debt=0 eff=740 < 2000)
[13:49:30] t=635 DEBT-GATE NAREFN x1 (debt=0 eff=740 < 2000)
[13:49:32] t=635 jev BUILD NAREFN (conf 0.49)
[13:49:32] t=635 jev INF E2 HOLD (预算保护 gate=False e2=4)
[13:49:32] t=635 jev VEH DRON HOLD (预算保护 cash=740 aav帽=ok aav=0)
[13:49:32] t=635 DEBT-GATE NAREFN x1 (debt=0 eff=740 < 2000)
[13:49:32] t=635 MOVE assault x3 -> (96,100)
[13:49:32] {"kind": "action", "what": "attack_move", "name": null, "qty": null, "tid": null, "ts": "13:49:32"}
[13:49:32] t=637 DEBT-GATE NAREFN x1 (debt=0 eff=740 < 2000)
[13:49:34] t=637 jev BUILD NAREFN (conf 0.50)
[13:49:34] t=637 jev INF E2 HOLD (预算保护 gate=False e2=4)
[13:49:34] t=637 jev VEH DRON HOLD (预算保护 cash=740 aav帽=ok aav=0)
[13:49:34] t=637 DEBT-GATE NAREFN x1 (debt=0 eff=740 < 2000)
[13:49:34] t=640 DEBT-GATE NAREFN x1 (debt=0 eff=740 < 2000)
[13:49:35] t=640 jev BUILD NAREFN (conf 0.50)
[13:49:35] t=640 jev INF E2 HOLD (预算保护 gate=False e2=4)
[13:49:35] t=640 jev VEH DRON HOLD (预算保护 cash=740 aav帽=ok aav=0)
[13:49:35] t=640 DEBT-GATE NAREFN x1 (debt=0 eff=740 < 2000)
[13:49:35] t=640 MOVE assault x3 -> (98,100)
[13:49:35] {"kind": "action", "what": "attack_move", "name": null, "qty": null, "tid": null, "ts": "13:49:35"}
[13:49:36] t=642 DEBT-GATE NAREFN x1 (debt=0 eff=740 < 2000)
[13:49:37] t=642 jev BUILD NAREFN (conf 0.50)
[13:49:37] t=642 jev INF E2 HOLD (预算保护 gate=False e2=4)
[13:49:37] t=642 jev VEH DRON HOLD (预算保护 cash=740 aav帽=ok aav=0)
[13:49:37] t=642 DEBT-GATE NAREFN x1 (debt=0 eff=740 < 2000)
[13:49:37] t=644 RETREAT HTNK(37%)
[13:49:37] {"kind": "action", "what": "move", "name": null, "qty": null, "tid": null, "ts": "13:49:37"}
[13:49:37] t=644 DEBT-GATE NAREFN x1 (debt=0 eff=740 < 2000)
[13:49:39] t=644 jev BUILD NAREFN (conf 0.50)
[13:49:39] t=644 jev INF E2 HOLD (预算保护 gate=False e2=4)
[13:49:39] t=644 jev VEH DRON HOLD (预算保护 cash=740 aav帽=ok aav=0)
[13:49:39] t=644 DEBT-GATE NAREFN x1 (debt=0 eff=740 < 2000)
[13:49:39] t=644 tick#300 credits=740 stance=rush | jev 300 decisions p50=1370ms
[13:49:39] t=647 DEBT-GATE NAREFN x1 (debt=0 eff=740 < 2000)
[13:49:41] t=647 jev BUILD NAREFN (conf 0.52)
[13:49:41] t=647 jev INF E2 HOLD (预算保护 gate=False e2=4)
[13:49:41] t=647 jev VEH DRON HOLD (预算保护 cash=740 aav帽=ok aav=0)
[13:49:41] t=647 DEBT-GATE NAREFN x1 (debt=0 eff=740 < 2000)
[13:49:41] t=649 DEBT-GATE NAREFN x1 (debt=0 eff=740 < 2000)
[13:49:42] t=649 jev BUILD NAREFN (conf 0.51)
[13:49:42] t=649 jev INF E2 HOLD (预算保护 gate=False e2=4)
[13:49:42] t=649 jev VEH DRON HOLD (预算保护 cash=740 aav帽=ok aav=0)
[13:49:42] t=649 DEBT-GATE NAREFN x1 (debt=0 eff=740 < 2000)
[13:49:43] t=651 DEBT-GATE NAREFN x1 (debt=0 eff=740 < 2000)
[13:49:44] t=651 jev BUILD NAREFN (conf 0.49)
[13:49:44] t=651 jev VEH HARV HOLD (预算保护 cash=740 aav帽=ok aav=0)
[13:49:44] t=651 DEBT-GATE NAREFN x1 (debt=0 eff=740 < 2000)
[13:49:44] t=651 MOVE assault x3 -> (130,83)
[13:49:44] {"kind": "action", "what": "attack_move", "name": null, "qty": null, "tid": null, "ts": "13:49:44"}
[13:49:44] t=654 DEBT-GATE NAREFN x1 (debt=0 eff=740 < 2000)
[13:49:46] t=654 jev BUILD NAREFN (conf 0.49)
[13:49:46] t=654 jev VEH HARV HOLD (预算保护 cash=740 aav帽=ok aav=0)
[13:49:46] t=654 DEBT-GATE NAREFN x1 (debt=0 eff=740 < 2000)
[13:49:46] t=656 DEBT-GATE NAREFN x1 (debt=0 eff=740 < 2000)
[13:49:47] t=656 jev BUILD NAREFN (conf 0.48)
[13:49:47] t=656 jev VEH HARV HOLD (预算保护 cash=740 aav帽=ok aav=0)
[13:49:47] t=656 DEBT-GATE NAREFN x1 (debt=0 eff=740 < 2000)
[13:49:48] t=658 ESCORT 坦克#1313 -> 护航矿车@[94, 132]
[13:49:48] {"kind": "action", "what": "attack_move", "name": null, "qty": null, "tid": null, "ts": "13:49:48"}
[13:49:48] t=658 DEBT-GATE NAREFN x1 (debt=0 eff=740 < 2000)
[13:49:49] t=658 jev BUILD NAREFN (conf 0.50)
[13:49:49] t=658 jev VEH HARV HOLD (预算保护 cash=740 aav帽=ok aav=0)
[13:49:49] t=658 DEBT-GATE NAREFN x1 (debt=0 eff=740 < 2000)
[13:49:49] t=660 DEBT-GATE NAREFN x1 (debt=0 eff=740 < 2000)
[13:49:51] t=660 jev BUILD NAREFN (conf 0.48)
[13:49:51] t=660 jev VEH HARV HOLD (预算保护 cash=740 aav帽=ok aav=0)
[13:49:51] t=660 DEBT-GATE NAREFN x1 (debt=0 eff=740 < 2000)
[13:49:51] t=663 DEBT-GATE NAREFN x1 (debt=0 eff=740 < 2000)
[13:49:53] t=663 jev BUILD NAREFN (conf 0.48)
[13:49:53] t=663 jev VEH HARV HOLD (预算保护 cash=740 aav帽=ok aav=0)
[13:49:53] t=663 DEBT-GATE NAREFN x1 (debt=0 eff=740 < 2000)
[13:49:53] t=665 DEBT-GATE NAREFN x1 (debt=0 eff=740 < 2000)
[13:49:54] t=665 jev BUILD NAREFN (conf 0.46)
[13:49:54] t=665 jev VEH HARV HOLD (预算保护 cash=740 aav帽=ok aav=0)
[13:49:54] t=665 DEBT-GATE NAREFN x1 (debt=0 eff=740 < 2000)
[13:49:54] t=667 DEBT-GATE NAREFN x1 (debt=0 eff=740 < 2000)
[13:49:56] t=667 jev BUILD NAREFN (conf 0.48)
[13:49:56] t=667 jev VEH HARV HOLD (预算保护 cash=740 aav帽=ok aav=0)
[13:49:56] t=667 DEBT-GATE NAREFN x1 (debt=0 eff=740 < 2000)
[13:49:56] t=667 MOVE guard x1 -> (73,120)
[13:49:56] {"kind": "action", "what": "attack_move", "name": null, "qty": null, "tid": null, "ts": "13:49:56"}
[13:49:56] t=670 DEBT-GATE NAREFN x1 (debt=0 eff=740 < 2000)
[13:49:58] t=670 jev BUILD NAREFN (conf 0.49)
[13:49:58] t=670 jev VEH HARV HOLD (预算保护 cash=740 aav帽=ok aav=0)
[13:49:58] t=670 DEBT-GATE NAREFN x1 (debt=0 eff=740 < 2000)
[13:49:58] t=670 MOVE assault x3 -> (130,83); hold_a x2 -> (71,109); hold_b x2 -> (76,121)
[13:49:58] {"kind": "action", "what": "attack_move", "name": null, "qty": null, "tid": null, "ts": "13:49:58"}
[13:49:58] {"kind": "action", "what": "attack_move", "name": null, "qty": null, "tid": null, "ts": "13:49:58"}
[13:49:58] {"kind": "action", "what": "attack_move", "name": null, "qty": null, "tid": null, "ts": "13:49:58"}
[13:49:58] t=672 DEBT-GATE NAREFN x1 (debt=0 eff=740 < 2000)
[13:49:59] t=672 jev BUILD NAREFN (conf 0.49)
[13:49:59] t=672 jev VEH HARV HOLD (预算保护 cash=740 aav帽=ok aav=0)
[13:49:59] t=672 DEBT-GATE NAREFN x1 (debt=0 eff=740 < 2000)
[13:50:00] t=674 DEBT-GATE NAREFN x1 (debt=0 eff=740 < 2000)
[13:50:01] t=674 jev BUILD NAREFN (conf 0.48)
[13:50:01] t=674 jev VEH HARV HOLD (预算保护 cash=740 aav帽=ok aav=0)
[13:50:01] t=674 DEBT-GATE NAREFN x1 (debt=0 eff=740 < 2000)
[13:50:01] t=676 DEBT-GATE NAREFN x1 (debt=0 eff=740 < 2000)
[13:50:03] t=676 jev BUILD NAREFN (conf 0.49)
[13:50:03] t=676 jev VEH HARV HOLD (预算保护 cash=740 aav帽=ok aav=0)
[13:50:03] t=676 DEBT-GATE NAREFN x1 (debt=0 eff=740 < 2000)
[13:50:03] t=679 DEBT-GATE NAREFN x1 (debt=0 eff=740 < 2000)
[13:50:05] t=679 jev BUILD NAREFN (conf 0.49)
[13:50:05] t=679 jev VEH HARV HOLD (预算保护 cash=740 aav帽=ok aav=0)
[13:50:05] t=679 DEBT-GATE NAREFN x1 (debt=0 eff=740 < 2000)
[13:50:05] t=681 SCOUT* #1174->[185, 68]
[13:50:05] {"kind": "action", "what": "attack_move", "name": null, "qty": null, "tid": null, "ts": "13:50:05"}
[13:50:05] t=681 DEBT-GATE NAREFN x1 (debt=0 eff=740 < 2000)
[13:50:06] t=681 jev BUILD NAREFN (conf 0.49)
[13:50:06] t=681 jev VEH HARV HOLD (预算保护 cash=740 aav帽=ok aav=0)
[13:50:06] t=681 DEBT-GATE NAREFN x1 (debt=0 eff=740 < 2000)
[13:50:07] t=683 DEBT-GATE NAREFN x1 (debt=0 eff=740 < 2000)
[13:50:08] t=683 jev BUILD NAREFN (conf 0.50)
[13:50:08] t=683 jev VEH HARV HOLD (预算保护 cash=740 aav帽=ok aav=0)
[13:50:08] t=683 DEBT-GATE NAREFN x1 (debt=0 eff=740 < 2000)
[13:50:08] t=686 DEBT-GATE NAREFN x1 (debt=0 eff=740 < 2000)
[13:50:10] t=686 jev BUILD NAREFN (conf 0.49)
[13:50:10] t=686 jev VEH HARV HOLD (预算保护 cash=740 aav帽=ok aav=0)
[13:50:10] t=686 DEBT-GATE NAREFN x1 (debt=0 eff=740 < 2000)
[13:50:10] t=688 DEBT-GATE NAREFN x1 (debt=0 eff=740 < 2000)
[13:50:11] t=688 jev BUILD NAREFN (conf 0.48)
[13:50:11] t=688 jev VEH HARV HOLD (预算保护 cash=740 aav帽=ok aav=0)
[13:50:11] t=688 DEBT-GATE NAREFN x1 (debt=0 eff=740 < 2000)
[13:50:11] t=688 MOVE assault x3 -> (130,83)
[13:50:11] {"kind": "action", "what": "attack_move", "name": null, "qty": null, "tid": null, "ts": "13:50:11"}
[13:50:12] t=690 ENEMY BASE spotted @[131, 80]
[13:50:12] t=690 DEBT-GATE NAREFN x1 (debt=0 eff=740 < 2000)
[13:50:13] t=690 jev BUILD NAREFN (conf 0.47)
[13:50:13] t=690 jev VEH DRON HOLD (预算保护 cash=740 aav帽=ok aav=0)
[13:50:13] t=690 DEBT-GATE NAREFN x1 (debt=0 eff=740 < 2000)
[13:50:13] t=690 MOVE t=690 SIEGE LOCK-ON (my 4360 >= 1.5x en 800, 敌经济死亡) 全军集结总攻; raid x1 -> (131,80); assault x8 -> 攻击目标#1046@(131,80); t=690 SIEGE 清建筑 x8 -> #1046@(131,80)
[13:50:13] {"kind": "action", "what": "attack_move", "name": null, "qty": null, "tid": null, "ts": "13:50:13"}
[13:50:13] {"kind": "action", "what": "attack_obj", "name": null, "qty": null, "tid": 1046, "ts": "13:50:13"}
[13:50:14] t=693 AA HTK x2 (enemy air, alive 0)
[13:50:14] t=693 DEBT-GATE HTK x2 (debt=0 eff=740 < 1000)
[13:50:14] t=693 DEBT-GATE NAREFN x1 (debt=0 eff=740 < 2000)
[13:50:15] t=693 jev BUILD NAREFN (conf 0.43)
[13:50:15] t=693 jev INF E2 HOLD (预算保护 gate=False e2=4)
[13:50:15] t=693 jev VEH HARV HOLD (预算保护 cash=740 aav帽=ok aav=0)
[13:50:15] t=693 DEBT-GATE NAREFN x1 (debt=0 eff=740 < 2000)
[13:50:15] t=693 MOVE raid x1 -> (134,79); assault x8 -> (73,120); t=693 AIR-EVADE assault x8 -> home (坦克打不到空中, 等AA猎杀)
[13:50:16] {"kind": "action", "what": "attack_move", "name": null, "qty": null, "tid": null, "ts": "13:50:16"}
[13:50:16] {"kind": "action", "what": "attack_move", "name": null, "qty": null, "tid": null, "ts": "13:50:16"}
[13:50:16] t=696 ALARM unit lost -> 攻势保持（塔阵守家, 前线 6 个单位继续进攻）
[13:50:16] t=696 AA HTK x2 (enemy air, alive 0)
[13:50:16] t=696 DEBT-GATE HTK x2 (debt=0 eff=740 < 1000)
[13:50:16] t=696 DEBT-GATE NAREFN x1 (debt=0 eff=740 < 2000)
[13:50:18] t=696 jev BUILD NAREFN (conf 0.34)
[13:50:18] t=696 jev INF E2 HOLD (预算保护 gate=False e2=4)
[13:50:18] t=696 jev VEH DRON HOLD (预算保护 cash=740 aav帽=ok aav=0)
[13:50:18] t=696 DEBT-GATE NAREFN x1 (debt=0 eff=740 < 2000)
[13:50:18] t=698 AA HTK x2 (enemy air, alive 0)
[13:50:18] t=698 ESCORT 坦克#1313 -> 护航矿车@[94, 133]
[13:50:18] t=698 DEBT-GATE HTK x2 (debt=0 eff=740 < 1000)
[13:50:18] {"kind": "action", "what": "attack_move", "name": null, "qty": null, "tid": null, "ts": "13:50:18"}
[13:50:18] t=698 DEBT-GATE NAREFN x1 (debt=0 eff=740 < 2000)
[13:50:20] t=698 jev BUILD NAREFN (conf 0.40)
[13:50:20] t=698 jev INF E2 HOLD (预算保护 gate=False e2=4)
[13:50:20] t=698 jev VEH DRON HOLD (预算保护 cash=740 aav帽=ok aav=0)
[13:50:20] t=698 DEBT-GATE NAREFN x1 (debt=0 eff=740 < 2000)
[13:50:21] t=702 HARASS DRON x2 (have 0)
[13:50:21] t=702 TANK HTNK x1
[13:50:21] {"kind": "action", "what": "produce", "name": "DRON", "qty": 2, "tid": null, "ts": "13:50:21"}
[13:50:21] {"kind": "action", "what": "produce", "name": "HTNK", "qty": 1, "tid": null, "ts": "13:50:21"}
[13:50:21] t=702 DEBT-GATE NAREFN x1 (debt=1700 eff=165 < 2000)
[13:50:23] t=702 jev BUILD NAREFN (conf 0.38)
[13:50:23] t=702 jev INF E2 (conf 0.30)
[13:50:23] t=702 DEBT-GATE NAREFN x1 (debt=1700 eff=165 < 2000)
[13:50:23] {"kind": "action", "what": "produce", "name": "E2", "qty": 1, "tid": null, "ts": "13:50:23"}
[13:50:24] t=706 ALARM unit lost -> 攻势保持（塔阵守家, 前线 6 个单位继续进攻）
[13:50:24] t=706 AIR-DEFENSE 2nd AA
[13:50:24] {"kind": "action", "what": "produce", "name": "NAFLAK", "qty": 1, "tid": null, "ts": "13:50:24"}
[13:50:24] t=706 DEBT-GATE NAREFN x1 (debt=1000 eff=750 < 2000)
[13:50:26] t=706 jev BUILD NAREFN (conf 0.49)
[13:50:26] t=706 DEBT-GATE NAREFN x1 (debt=1000 eff=750 < 2000)
[13:50:26] t=706 MOVE assault x6 -> 攻击目标#1053@(125,75); t=706 SIEGE 清建筑 x6 -> #1053@(125,75)
[13:50:26] {"kind": "action", "what": "attack_obj", "name": null, "qty": null, "tid": 1053, "ts": "13:50:26"}
[13:50:26] t=706 tick#325 credits=1750 stance=rush | jev 325 decisions p50=1430ms
[13:50:26] t=709 DEBT-GATE NAREFN x1 (debt=0 eff=1528 < 2000)
[13:50:28] t=709 jev BUILD NAREFN (conf 0.38)
[13:50:28] t=709 DEBT-GATE NAREFN x1 (debt=0 eff=1528 < 2000)
[13:50:28] t=712 DEBT-GATE NAREFN x1 (debt=0 eff=1376 < 2000)
[13:50:30] t=712 jev BUILD NAREFN (conf 0.41)
[13:50:30] t=712 jev INF E2 (conf 0.37)
[13:50:30] t=712 DEBT-GATE NAREFN x1 (debt=0 eff=1376 < 2000)
[13:50:30] t=714 DEBT-GATE NAREFN x1 (debt=0 eff=1235 < 2000)
[13:50:32] t=714 jev BUILD NAREFN (conf 0.43)
[13:50:32] t=714 jev INF E2 (conf 0.37)
[13:50:32] t=714 DEBT-GATE NAREFN x1 (debt=0 eff=1235 < 2000)
[13:50:32] t=717 DEBT-GATE NAREFN x1 (debt=0 eff=1094 < 2000)
[13:50:34] t=717 jev BUILD NAREFN (conf 0.42)
[13:50:34] t=717 jev INF E2 (conf 0.45)
[13:50:34] t=717 DEBT-GATE NAREFN x1 (debt=0 eff=1094 < 2000)
[13:50:34] t=717 MOVE raid x1 -> (128,80); t=717 SIEGE 清建筑 x8 -> #1053@(125,75)
[13:50:34] {"kind": "action", "what": "attack_move", "name": null, "qty": null, "tid": null, "ts": "13:50:34"}
[13:50:34] t=720 DEBT-GATE NAREFN x1 (debt=0 eff=952 < 2000)
[13:50:36] t=720 jev BUILD NAREFN (conf 0.44)
[13:50:36] t=720 jev INF E2 (conf 0.43)
[13:50:36] t=720 DEBT-GATE NAREFN x1 (debt=0 eff=952 < 2000)
[13:50:36] t=720 MOVE raid x1 -> (128,82); t=720 SIEGE 清建筑 x8 -> #1053@(125,75)
[13:50:36] {"kind": "action", "what": "attack_move", "name": null, "qty": null, "tid": null, "ts": "13:50:36"}
[13:50:37] t=723 DEBT-GATE NAREFN x1 (debt=0 eff=751 < 2000)
[13:50:38] t=723 jev BUILD NAREFN (conf 0.44)
[13:50:38] t=723 jev INF E2 HOLD (预算保护 gate=False e2=5)
[13:50:38] t=723 DEBT-GATE NAREFN x1 (debt=0 eff=751 < 2000)
[13:50:38] t=723 MOVE raid x1 -> (128,84); assault x8 -> 攻击目标#1053@(125,75); t=723 SIEGE 清建筑 x8 -> #1053@(125,75)
[13:50:39] {"kind": "action", "what": "attack_move", "name": null, "qty": null, "tid": null, "ts": "13:50:39"}
[13:50:39] {"kind": "action", "what": "attack_obj", "name": null, "qty": null, "tid": 1053, "ts": "13:50:39"}
[13:50:39] t=726 DEBT-GATE NAREFN x1 (debt=0 eff=606 < 2000)
[13:50:41] t=726 jev BUILD NAREFN (conf 0.44)
[13:50:41] t=726 jev INF E2 HOLD (预算保护 gate=False e2=5)
[13:50:41] t=726 DEBT-GATE NAREFN x1 (debt=0 eff=606 < 2000)
[13:50:41] t=726 MOVE raid x1 -> (128,87); assault x8 -> (73,120); t=726 AIR-EVADE assault x8 -> home (坦克打不到空中, 等AA猎杀)
[13:50:41] {"kind": "action", "what": "attack_move", "name": null, "qty": null, "tid": null, "ts": "13:50:41"}
[13:50:41] {"kind": "action", "what": "attack_move", "name": null, "qty": null, "tid": null, "ts": "13:50:41"}
[13:50:41] t=729 DEBT-GATE NAREFN x1 (debt=0 eff=461 < 2000)
[13:50:43] t=729 jev BUILD NAREFN (conf 0.47)
[13:50:43] t=729 jev INF E2 HOLD (预算保护 gate=False e2=5)
[13:50:43] t=729 DEBT-GATE NAREFN x1 (debt=0 eff=461 < 2000)
[13:50:43] t=729 MOVE raid x1 -> (127,89); t=729 AIR-EVADE assault x8 -> home (坦克打不到空中, 等AA猎杀)
[13:50:43] {"kind": "action", "what": "attack_move", "name": null, "qty": null, "tid": null, "ts": "13:50:43"}
[13:50:43] t=732 DEBT-GATE NAREFN x1 (debt=0 eff=317 < 2000)
[13:50:45] t=732 jev BUILD NAREFN (conf 0.50)
[13:50:45] t=732 jev INF E2 HOLD (预算保护 gate=False e2=5)
[13:50:45] t=732 DEBT-GATE NAREFN x1 (debt=0 eff=317 < 2000)
[13:50:45] t=732 MOVE raid x2 -> (124,92); t=732 AIR-EVADE assault x9 -> home (坦克打不到空中, 等AA猎杀)
[13:50:45] {"kind": "action", "what": "attack_move", "name": null, "qty": null, "tid": null, "ts": "13:50:45"}
[13:50:45] t=734 DEBT-GATE NAREFN x1 (debt=0 eff=184 < 2000)
[13:50:47] t=734 jev BUILD NAREFN (conf 0.49)
[13:50:47] t=734 jev INF E2 HOLD (预算保护 gate=False e2=5)
[13:50:47] t=734 DEBT-GATE NAREFN x1 (debt=0 eff=184 < 2000)
[13:50:47] t=734 MOVE raid x2 -> (120,76); t=734 AIR-EVADE assault x9 -> home (坦克打不到空中, 等AA猎杀)
[13:50:47] {"kind": "action", "what": "attack_move", "name": null, "qty": null, "tid": null, "ts": "13:50:47"}
[13:50:47] t=737 DEBT-GATE NAREFN x1 (debt=0 eff=46 < 2000)
[13:50:49] t=737 jev BUILD NAREFN (conf 0.49)
[13:50:49] t=737 jev INF E2 HOLD (预算保护 gate=False e2=5)
[13:50:49] t=737 DEBT-GATE NAREFN x1 (debt=0 eff=46 < 2000)
[13:50:49] t=740 DEBT-GATE NAREFN x1 (debt=0 eff=0 < 2000)
[13:50:51] t=740 jev BUILD NAREFN (conf 0.50)
[13:50:51] t=740 jev INF E2 HOLD (预算保护 gate=False e2=5)
[13:50:51] t=740 DEBT-GATE NAREFN x1 (debt=0 eff=0 < 2000)
[13:50:51] t=742 RETREAT HTNK(21%)
[13:50:51] {"kind": "action", "what": "move", "name": null, "qty": null, "tid": null, "ts": "13:50:51"}
[13:50:51] t=742 DEBT-GATE NAREFN x1 (debt=0 eff=0 < 2000)
[13:50:53] t=742 jev BUILD NAREFN (conf 0.50)
[13:50:53] t=742 jev INF E2 HOLD (预算保护 gate=False e2=5)
[13:50:53] t=742 DEBT-GATE NAREFN x1 (debt=0 eff=0 < 2000)
[13:50:53] t=742 MOVE assault x9 -> (73,120); t=742 AIR-EVADE assault x9 -> home (坦克打不到空中, 等AA猎杀)
[13:50:53] {"kind": "action", "what": "attack_move", "name": null, "qty": null, "tid": null, "ts": "13:50:53"}
[13:50:53] t=745 DEBT-GATE NAREFN x1 (debt=0 eff=0 < 2000)
[13:50:55] t=745 jev BUILD NAREFN (conf 0.50)
[13:50:55] t=745 jev INF E2 HOLD (预算保护 gate=False e2=5)
[13:50:55] t=745 DEBT-GATE NAREFN x1 (debt=0 eff=0 < 2000)
[13:50:55] t=745 MOVE raid x2 -> (119,76); t=745 AIR-EVADE assault x9 -> home (坦克打不到空中, 等AA猎杀)
[13:50:55] {"kind": "action", "what": "attack_move", "name": null, "qty": null, "tid": null, "ts": "13:50:55"}
[13:50:55] t=748 ALARM unit lost -> 攻势保持（塔阵守家, 前线 7 个单位继续进攻）
[13:50:55] t=748 DEBT-GATE NAREFN x1 (debt=0 eff=0 < 2000)
[13:50:57] t=748 jev BUILD NAREFN (conf 0.46)
[13:50:57] t=748 jev INF E2 HOLD (预算保护 gate=False e2=5)
[13:50:57] t=748 THREAT 0.56 -> force defend
[13:50:57] t=748 DEBT-GATE NAREFN x1 (debt=0 eff=0 < 2000)
[13:50:57] t=748 MOVE raid x1 -> (118,76); assault x7 -> 攻击目标#1053@(125,75); t=748 SIEGE 清建筑 x7 -> #1053@(125,75)
[13:50:57] {"kind": "action", "what": "attack_move", "name": null, "qty": null, "tid": null, "ts": "13:50:57"}
[13:50:57] {"kind": "action", "what": "attack_obj", "name": null, "qty": null, "tid": 1053, "ts": "13:50:57"}
[13:50:57] t=751 DEBT-GATE NAREFN x1 (debt=0 eff=0 < 2000)
[13:50:59] t=751 jev BUILD NAREFN (conf 0.45)
[13:50:59] t=751 jev INF E2 HOLD (预算保护 gate=False e2=5)
[13:50:59] t=751 DEBT-GATE NAREFN x1 (debt=0 eff=0 < 2000)
[13:50:59] t=753 DEBT-GATE NAREFN x1 (debt=0 eff=0 < 2000)
[13:51:01] t=753 jev BUILD NAREFN (conf 0.41)
[13:51:01] t=753 jev INF E2 HOLD (预算保护 gate=False e2=5)
[13:51:01] t=753 DEBT-GATE NAREFN x1 (debt=0 eff=0 < 2000)
[13:51:01] t=756 DEBT-GATE NAREFN x1 (debt=0 eff=0 < 2000)
[13:51:03] t=756 jev BUILD NAREFN (conf 0.42)
[13:51:03] t=756 jev INF E2 HOLD (预算保护 gate=False e2=5)
[13:51:03] t=756 DEBT-GATE NAREFN x1 (debt=0 eff=0 < 2000)
[13:51:03] t=759 DEBT-GATE NAREFN x1 (debt=0 eff=0 < 2000)
[13:51:05] t=759 jev BUILD NAREFN (conf 0.40)
[13:51:05] t=759 jev INF E2 HOLD (预算保护 gate=False e2=5)
[13:51:05] t=759 DEBT-GATE NAREFN x1 (debt=0 eff=0 < 2000)
[13:51:05] t=759 MOVE raid x1 -> (117,76); t=759 SIEGE 清建筑 x7 -> #1053@(125,75)
[13:51:05] {"kind": "action", "what": "attack_move", "name": null, "qty": null, "tid": null, "ts": "13:51:05"}
[13:51:05] t=761 DEBT-GATE NAREFN x1 (debt=0 eff=0 < 2000)
[13:51:07] t=761 jev BUILD NAREFN (conf 0.43)
[13:51:07] t=761 jev INF E2 HOLD (预算保护 gate=False e2=5)
[13:51:07] t=761 DEBT-GATE NAREFN x1 (debt=0 eff=0 < 2000)
[13:51:07] t=761 MOVE assault x7 -> (73,120); t=761 AIR-EVADE assault x7 -> home (坦克打不到空中, 等AA猎杀)
[13:51:07] {"kind": "action", "what": "attack_move", "name": null, "qty": null, "tid": null, "ts": "13:51:07"}
[13:51:07] t=764 DEBT-GATE NAREFN x1 (debt=0 eff=0 < 2000)
[13:51:09] t=764 jev BUILD NAREFN (conf 0.43)
[13:51:09] t=764 jev INF E2 HOLD (预算保护 gate=False e2=5)
[13:51:09] t=764 DEBT-GATE NAREFN x1 (debt=0 eff=0 < 2000)
[13:51:09] t=764 MOVE raid x1 -> (126,90); t=764 AIR-EVADE assault x7 -> home (坦克打不到空中, 等AA猎杀)
[13:51:09] {"kind": "action", "what": "attack_move", "name": null, "qty": null, "tid": null, "ts": "13:51:09"}
[13:51:09] t=767 DEBT-GATE NAREFN x1 (debt=0 eff=0 < 2000)
[13:51:11] t=767 jev BUILD NAREFN (conf 0.42)
[13:51:11] t=767 jev INF E2 HOLD (预算保护 gate=False e2=5)
[13:51:11] t=767 DEBT-GATE NAREFN x1 (debt=0 eff=0 < 2000)
[13:51:11] t=767 MOVE raid x1 -> (124,92); t=767 AIR-EVADE assault x7 -> home (坦克打不到空中, 等AA猎杀)
[13:51:11] {"kind": "action", "what": "attack_move", "name": null, "qty": null, "tid": null, "ts": "13:51:11"}
[13:51:11] t=769 ALARM unit lost -> TURTLE (6 v 16, 守塔阵不打野战)
[13:51:11] {"kind": "action", "what": "attack_move", "name": null, "qty": null, "tid": null, "ts": "13:51:11"}
[13:51:11] t=769 DEBT-GATE NAREFN x1 (debt=0 eff=0 < 2000)
[13:51:13] t=769 jev BUILD NAREFN (conf 0.47)
[13:51:13] t=769 jev INF E2 HOLD (预算保护 gate=False e2=5)
[13:51:13] t=769 DEBT-GATE NAREFN x1 (debt=0 eff=0 < 2000)
[13:51:13] t=772 DEBT-GATE NAREFN x1 (debt=0 eff=0 < 2000)
[13:51:15] t=772 jev BUILD NAREFN (conf 0.49)
[13:51:15] t=772 jev INF E2 HOLD (预算保护 gate=False e2=5)
[13:51:15] t=772 DEBT-GATE NAREFN x1 (debt=0 eff=0 < 2000)
[13:51:15] t=775 DEBT-GATE NAREFN x1 (debt=0 eff=0 < 2000)
[13:51:17] t=775 jev BUILD NAREFN (conf 0.43)
[13:51:17] t=775 jev INF E2 HOLD (预算保护 gate=False e2=5)
[13:51:17] t=775 DEBT-GATE NAREFN x1 (debt=0 eff=0 < 2000)
[13:51:17] t=775 tick#350 credits=0 stance=defend | jev 350 decisions p50=1441ms
[13:51:17] t=777 DEBT-GATE NAREFN x1 (debt=0 eff=0 < 2000)
[13:51:19] t=777 jev BUILD NAREFN (conf 0.43)
[13:51:19] t=777 jev INF E2 HOLD (预算保护 gate=False e2=5)
[13:51:19] t=777 DEBT-GATE NAREFN x1 (debt=0 eff=0 < 2000)
[13:51:19] t=780 DEBT-GATE NAREFN x1 (debt=0 eff=0 < 2000)
[13:51:21] t=780 jev BUILD NAREFN (conf 0.42)
[13:51:21] t=780 jev INF E2 HOLD (预算保护 gate=False e2=5)
[13:51:21] t=780 DEBT-GATE NAREFN x1 (debt=0 eff=0 < 2000)
[13:51:21] t=780 MOVE assault x6 -> 攻击目标#1053@(125,75); t=780 SIEGE 清建筑 x6 -> #1053@(125,75)
[13:51:21] {"kind": "action", "what": "attack_obj", "name": null, "qty": null, "tid": 1053, "ts": "13:51:21"}
[13:51:21] t=782 DEBT-GATE NAREFN x1 (debt=0 eff=0 < 2000)
[13:51:23] t=782 jev BUILD NAREFN (conf 0.43)
[13:51:23] t=782 jev INF E2 HOLD (预算保护 gate=False e2=5)
[13:51:23] t=782 DEBT-GATE NAREFN x1 (debt=0 eff=0 < 2000)
[13:51:23] t=785 DEBT-GATE NAREFN x1 (debt=0 eff=0 < 2000)
[13:51:25] t=785 jev BUILD NAREFN (conf 0.42)
[13:51:25] t=785 jev INF E2 HOLD (预算保护 gate=False e2=5)
[13:51:25] t=785 DEBT-GATE NAREFN x1 (debt=0 eff=0 < 2000)
[13:51:25] t=787 DEBT-GATE NAREFN x1 (debt=0 eff=0 < 2000)
[13:51:27] t=787 jev BUILD NAREFN (conf 0.42)
[13:51:27] t=787 jev INF E2 HOLD (预算保护 gate=False e2=5)
[13:51:27] t=787 DEBT-GATE NAREFN x1 (debt=0 eff=0 < 2000)
[13:51:27] t=790 DEBT-GATE NAREFN x1 (debt=0 eff=0 < 2000)
[13:51:28] t=790 jev BUILD NAREFN (conf 0.43)
[13:51:28] t=790 jev INF E2 HOLD (预算保护 gate=False e2=5)
[13:51:28] t=790 DEBT-GATE NAREFN x1 (debt=0 eff=0 < 2000)
[13:51:29] t=793 DEBT-GATE NAREFN x1 (debt=0 eff=1009 < 2000)
[13:51:30] t=793 jev BUILD NAREFN (conf 0.47)
[13:51:30] t=793 jev INF E2 (conf 0.50)
[13:51:30] t=793 DEBT-GATE NAREFN x1 (debt=0 eff=1009 < 2000)
[13:51:30] {"kind": "action", "what": "produce", "name": "E2", "qty": 1, "tid": null, "ts": "13:51:30"}
[13:51:31] t=795 DEBT-GATE NAREFN x1 (debt=0 eff=866 < 2000)
[13:51:32] t=795 jev BUILD NAREFN (conf 0.44)
[13:51:32] t=795 DEBT-GATE NAREFN x1 (debt=0 eff=866 < 2000)
[13:51:33] t=798 DEBT-GATE NAREFN x1 (debt=0 eff=671 < 2000)
[13:51:34] t=798 jev BUILD NAREFN (conf 0.44)
[13:51:34] t=798 DEBT-GATE NAREFN x1 (debt=0 eff=671 < 2000)
[13:51:34] t=798 MOVE assault x6 -> 攻击目标#1053@(125,75); t=798 SIEGE 清建筑 x6 -> #1053@(125,75)
[13:51:34] {"kind": "action", "what": "attack_obj", "name": null, "qty": null, "tid": 1053, "ts": "13:51:34"}
[13:51:35] t=800 DEBT-GATE NAREFN x1 (debt=0 eff=582 < 2000)
[13:51:36] t=800 jev BUILD NAREFN (conf 0.46)
[13:51:36] t=800 jev INF E2 HOLD (预算保护 gate=False e2=6)
[13:51:36] t=800 DEBT-GATE NAREFN x1 (debt=0 eff=582 < 2000)
[13:51:37] t=803 DEBT-GATE NAREFN x1 (debt=0 eff=515 < 2000)
[13:51:38] t=803 jev BUILD NAREFN (conf 0.46)
[13:51:38] t=803 jev INF E2 HOLD (预算保护 gate=False e2=6)
[13:51:38] t=803 DEBT-GATE NAREFN x1 (debt=0 eff=515 < 2000)
[13:51:39] t=806 DEBT-GATE NAREFN x1 (debt=0 eff=450 < 2000)
[13:51:40] t=806 jev BUILD NAREFN (conf 0.45)
[13:51:40] t=806 jev INF E2 HOLD (预算保护 gate=False e2=6)
[13:51:40] t=806 DEBT-GATE NAREFN x1 (debt=0 eff=450 < 2000)
[13:51:41] t=808 DEBT-GATE NAREFN x1 (debt=0 eff=383 < 2000)
[13:51:42] t=808 jev BUILD NAREFN (conf 0.44)
[13:51:42] t=808 jev INF E2 HOLD (预算保护 gate=False e2=6)
[13:51:42] t=808 DEBT-GATE NAREFN x1 (debt=0 eff=383 < 2000)
[13:51:43] t=811 DEBT-GATE NAREFN x1 (debt=0 eff=315 < 2000)
[13:51:44] t=811 jev BUILD NAREFN (conf 0.44)
[13:51:44] t=811 jev INF E2 HOLD (预算保护 gate=False e2=6)
[13:51:44] t=811 DEBT-GATE NAREFN x1 (debt=0 eff=315 < 2000)
[13:51:45] t=814 DEBT-GATE NAREFN x1 (debt=0 eff=250 < 2000)
[13:51:46] t=814 jev BUILD NAREFN (conf 0.46)
[13:51:46] t=814 jev INF E2 HOLD (预算保护 gate=False e2=6)
[13:51:46] t=814 DEBT-GATE NAREFN x1 (debt=0 eff=250 < 2000)
[13:51:47] t=816 DEBT-GATE NAREFN x1 (debt=0 eff=183 < 2000)
[13:51:48] t=816 jev BUILD NAREFN (conf 0.42)
[13:51:48] t=816 jev INF E2 HOLD (预算保护 gate=False e2=6)
[13:51:48] t=816 DEBT-GATE NAREFN x1 (debt=0 eff=183 < 2000)
[13:51:48] t=816 MOVE assault x7 -> 攻击目标#1053@(125,75); t=816 SIEGE 清建筑 x7 -> #1053@(125,75)
[13:51:48] {"kind": "action", "what": "attack_obj", "name": null, "qty": null, "tid": 1053, "ts": "13:51:48"}
[13:51:49] t=819 DEBT-GATE NAREFN x1 (debt=0 eff=117 < 2000)
[13:51:50] t=819 jev BUILD NAREFN (conf 0.43)
[13:51:50] t=819 jev INF E2 HOLD (预算保护 gate=False e2=6)
[13:51:50] t=819 DEBT-GATE NAREFN x1 (debt=0 eff=117 < 2000)
[13:51:51] t=822 DEBT-GATE NAREFN x1 (debt=0 eff=110 < 2000)
[13:51:52] t=822 jev BUILD NAREFN (conf 0.40)
[13:51:52] t=822 jev INF E2 HOLD (预算保护 gate=False e2=6)
[13:51:52] t=822 jev VEH HTK HOLD (预算保护 cash=110 aav帽=ok aav=0)
[13:51:52] t=822 DEBT-GATE NAREFN x1 (debt=0 eff=110 < 2000)
[13:51:53] t=824 DEBT-GATE NAREFN x1 (debt=0 eff=110 < 2000)
[13:51:54] t=824 jev BUILD NAREFN (conf 0.41)
[13:51:54] t=824 jev INF E2 HOLD (预算保护 gate=False e2=6)
[13:51:54] t=824 jev VEH HTK HOLD (预算保护 cash=110 aav帽=ok aav=0)
[13:51:54] t=824 DEBT-GATE NAREFN x1 (debt=0 eff=110 < 2000)
[13:51:54] t=824 MOVE assault x8 -> (73,120); t=824 AIR-EVADE assault x8 -> home (坦克打不到空中, 等AA猎杀)
[13:51:54] {"kind": "action", "what": "attack_move", "name": null, "qty": null, "tid": null, "ts": "13:51:54"}
[13:51:55] t=827 RETREAT HTNK(30%)
[13:51:55] {"kind": "action", "what": "move", "name": null, "qty": null, "tid": null, "ts": "13:51:55"}
[13:51:55] t=827 DEBT-GATE NAREFN x1 (debt=0 eff=110 < 2000)
[13:51:56] t=827 jev BUILD NAREFN (conf 0.38)
[13:51:56] t=827 jev INF E2 HOLD (预算保护 gate=False e2=6)
[13:51:56] t=827 jev VEH HTK HOLD (预算保护 cash=110 aav帽=ok aav=0)
[13:51:56] t=827 DEBT-GATE NAREFN x1 (debt=0 eff=110 < 2000)
[13:51:57] t=830 DEBT-GATE NAREFN x1 (debt=0 eff=110 < 2000)
[13:51:58] t=830 jev BUILD NAREFN (conf 0.39)
[13:51:58] t=830 jev INF E2 HOLD (预算保护 gate=False e2=6)
[13:51:58] t=830 jev VEH HTK HOLD (预算保护 cash=110 aav帽=ok aav=0)
[13:51:58] t=830 DEBT-GATE NAREFN x1 (debt=0 eff=110 < 2000)
[13:51:59] t=832 DEBT-GATE NAREFN x1 (debt=0 eff=110 < 2000)
[13:52:00] t=832 jev BUILD NAREFN (conf 0.46)
[13:52:00] t=832 jev INF E2 HOLD (预算保护 gate=False e2=6)
[13:52:00] t=832 jev VEH HTK HOLD (预算保护 cash=110 aav帽=ok aav=0)
[13:52:00] t=832 DEBT-GATE NAREFN x1 (debt=0 eff=110 < 2000)
[13:52:00] t=832 MOVE assault x8 -> 攻击目标#1053@(125,75); t=832 SIEGE 清建筑 x8 -> #1053@(125,75)
[13:52:00] {"kind": "action", "what": "attack_obj", "name": null, "qty": null, "tid": 1053, "ts": "13:52:00"}
[13:52:01] t=835 HARASS DRON x2 (have 0)
[13:52:01] {"kind": "action", "what": "produce", "name": "DRON", "qty": 2, "tid": null, "ts": "13:52:01"}
[13:52:01] t=835 DEBT-GATE NAREFN x1 (debt=800 eff=435 < 2000)
[13:52:02] t=835 jev BUILD NAREFN (conf 0.45)
[13:52:02] t=835 jev INF E2 (conf 0.41)
[13:52:02] t=835 DEBT-GATE NAREFN x1 (debt=800 eff=435 < 2000)
[13:52:02] {"kind": "action", "what": "produce", "name": "E2", "qty": 1, "tid": null, "ts": "13:52:02"}
[13:52:03] t=838 DEBT-GATE NAREFN x1 (debt=0 eff=1155 < 2000)
[13:52:04] t=838 jev BUILD NAREFN (conf 0.48)
[13:52:04] t=838 DEBT-GATE NAREFN x1 (debt=0 eff=1155 < 2000)
[13:52:05] t=841 DEBT-GATE NAREFN x1 (debt=0 eff=1010 < 2000)
[13:52:06] t=841 jev BUILD NAREFN (conf 0.47)
[13:52:06] t=841 DEBT-GATE NAREFN x1 (debt=0 eff=1010 < 2000)
[13:52:06] t=841 tick#375 credits=1010 stance=defend | jev 375 decisions p50=1449ms
[13:52:07] t=843 DEBT-GATE NAREFN x1 (debt=0 eff=921 < 2000)
[13:52:08] t=843 jev BUILD NAREFN (conf 0.45)
[13:52:08] t=843 jev INF E2 (conf 0.40)
[13:52:08] t=843 DEBT-GATE NAREFN x1 (debt=0 eff=921 < 2000)
[13:52:08] t=843 MOVE assault x9 -> (73,120); t=843 AIR-EVADE assault x9 -> home (坦克打不到空中, 等AA猎杀)
[13:52:08] {"kind": "action", "what": "attack_move", "name": null, "qty": null, "tid": null, "ts": "13:52:08"}
[13:52:09] t=846 DEBT-GATE NAREFN x1 (debt=0 eff=847 < 2000)
[13:52:10] t=846 jev BUILD NAREFN (conf 0.45)
[13:52:10] t=846 jev INF E2 (conf 0.40)
[13:52:10] t=846 DEBT-GATE NAREFN x1 (debt=0 eff=847 < 2000)
[13:52:11] t=849 DEBT-GATE NAREFN x1 (debt=0 eff=773 < 2000)
[13:52:12] t=849 jev BUILD NAREFN (conf 0.38)
[13:52:12] t=849 jev INF E2 HOLD (预算保护 gate=False e2=7)
[13:52:12] t=849 DEBT-GATE NAREFN x1 (debt=0 eff=773 < 2000)
[13:52:13] t=851 DEBT-GATE NAREFN x1 (debt=0 eff=703 < 2000)
[13:52:14] t=851 jev BUILD NAREFN (conf 0.40)
[13:52:14] t=851 jev INF E2 HOLD (预算保护 gate=False e2=7)
[13:52:14] t=851 DEBT-GATE NAREFN x1 (debt=0 eff=703 < 2000)
[13:52:14] t=851 MOVE raid x1 -> (120,83); assault x10 -> 攻击目标#1053@(125,75); t=851 SIEGE 清建筑 x10 -> #1053@(125,75)
[13:52:14] {"kind": "action", "what": "attack_move", "name": null, "qty": null, "tid": null, "ts": "13:52:14"}
[13:52:14] {"kind": "action", "what": "attack_obj", "name": null, "qty": null, "tid": 1053, "ts": "13:52:14"}
[13:52:15] t=854 DEBT-GATE NAREFN x1 (debt=0 eff=629 < 2000)
[13:52:16] t=854 jev BUILD NAREFN (conf 0.36)
[13:52:16] t=854 jev INF E2 HOLD (预算保护 gate=False e2=7)
[13:52:16] t=854 DEBT-GATE NAREFN x1 (debt=0 eff=629 < 2000)
[13:52:17] t=856 DEBT-GATE NAREFN x1 (debt=0 eff=557 < 2000)
[13:52:18] t=856 jev BUILD NAREFN (conf 0.38)
[13:52:18] t=856 jev INF E2 HOLD (预算保护 gate=False e2=7)
[13:52:18] t=856 DEBT-GATE NAREFN x1 (debt=0 eff=557 < 2000)
[13:52:18] t=859 DEBT-GATE NAREFN x1 (debt=0 eff=484 < 2000)
[13:52:20] t=859 jev BUILD NAREFN (conf 0.39)
[13:52:20] t=859 jev INF E2 HOLD (预算保护 gate=False e2=7)
[13:52:20] t=859 DEBT-GATE NAREFN x1 (debt=0 eff=484 < 2000)
[13:52:20] t=859 MOVE raid x1 -> (119,84); assault x10 -> (73,120); t=859 AIR-EVADE assault x10 -> home (坦克打不到空中, 等AA猎杀)
[13:52:20] {"kind": "action", "what": "attack_move", "name": null, "qty": null, "tid": null, "ts": "13:52:20"}
[13:52:20] {"kind": "action", "what": "attack_move", "name": null, "qty": null, "tid": null, "ts": "13:52:20"}
[13:52:20] t=862 DEBT-GATE NAREFN x1 (debt=0 eff=412 < 2000)
[13:52:22] t=862 jev BUILD NAREFN (conf 0.40)
[13:52:22] t=862 jev INF E2 HOLD (预算保护 gate=False e2=7)
[13:52:22] t=862 DEBT-GATE NAREFN x1 (debt=0 eff=412 < 2000)
[13:52:22] t=862 MOVE raid x1 -> (116,84); t=862 AIR-EVADE assault x10 -> home (坦克打不到空中, 等AA猎杀)
[13:52:22] {"kind": "action", "what": "attack_move", "name": null, "qty": null, "tid": null, "ts": "13:52:22"}
[13:52:22] t=864 DEBT-GATE NAREFN x1 (debt=0 eff=345 < 2000)
[13:52:24] t=864 jev BUILD NAREFN (conf 0.47)
[13:52:24] t=864 jev INF E2 HOLD (预算保护 gate=False e2=7)
[13:52:24] t=864 jev VEH HTK HOLD (预算保护 cash=345 aav帽=ok aav=0)
[13:52:24] t=864 DEBT-GATE NAREFN x1 (debt=0 eff=345 < 2000)
[13:52:24] t=864 MOVE raid x2 -> (111,84); t=864 AIR-EVADE assault x11 -> home (坦克打不到空中, 等AA猎杀)
[13:52:24] {"kind": "action", "what": "attack_move", "name": null, "qty": null, "tid": null, "ts": "13:52:24"}
[13:52:24] t=867 DEBT-GATE NAREFN x1 (debt=0 eff=345 < 2000)
[13:52:26] t=867 jev BUILD NAREFN (conf 0.45)
[13:52:26] t=867 jev INF E2 HOLD (预算保护 gate=False e2=7)
[13:52:26] t=867 jev VEH HTNK HOLD (预算保护 cash=345 aav帽=ok aav=0)
[13:52:26] t=867 DEBT-GATE NAREFN x1 (debt=0 eff=345 < 2000)
[13:52:26] t=867 MOVE raid x2 -> (107,86); t=867 AIR-EVADE assault x11 -> home (坦克打不到空中, 等AA猎杀)
[13:52:26] {"kind": "action", "what": "attack_move", "name": null, "qty": null, "tid": null, "ts": "13:52:26"}
[13:52:26] t=870 DEBT-GATE NAREFN x1 (debt=0 eff=345 < 2000)
[13:52:28] t=870 jev BUILD NAREFN (conf 0.44)
[13:52:28] t=870 jev INF E2 HOLD (预算保护 gate=False e2=7)
[13:52:28] t=870 jev VEH HTNK HOLD (预算保护 cash=345 aav帽=ok aav=0)
[13:52:28] t=870 DEBT-GATE NAREFN x1 (debt=0 eff=345 < 2000)
[13:52:28] t=870 MOVE raid x2 -> (104,89); t=870 AIR-EVADE assault x11 -> home (坦克打不到空中, 等AA猎杀)
[13:52:28] {"kind": "action", "what": "attack_move", "name": null, "qty": null, "tid": null, "ts": "13:52:28"}
[13:52:28] t=872 ALARM unit lost -> TURTLE (10 v 21, 守塔阵不打野战)
[13:52:28] {"kind": "action", "what": "attack_move", "name": null, "qty": null, "tid": null, "ts": "13:52:28"}
[13:52:29] t=872 DEBT-GATE NAREFN x1 (debt=0 eff=345 < 2000)
[13:52:30] t=872 jev BUILD NAREFN (conf 0.44)
[13:52:30] t=872 jev INF E2 HOLD (预算保护 gate=False e2=7)
[13:52:30] t=872 jev VEH HTNK HOLD (预算保护 cash=345 aav帽=ok aav=0)
[13:52:30] t=872 DEBT-GATE NAREFN x1 (debt=0 eff=345 < 2000)
[13:52:30] t=875 DEBT-GATE NAREFN x1 (debt=0 eff=345 < 2000)
[13:52:33] t=875 jev BUILD NAREFN (conf 0.43)
[13:52:33] t=875 jev INF E2 HOLD (预算保护 gate=False e2=7)
[13:52:33] t=875 jev VEH HTNK HOLD (预算保护 cash=345 aav帽=ok aav=0)
[13:52:33] t=875 DEBT-GATE NAREFN x1 (debt=0 eff=345 < 2000)
[13:52:33] t=879 DEBT-GATE NAREFN x1 (debt=0 eff=345 < 2000)
[13:52:35] t=879 jev BUILD NAREFN (conf 0.44)
[13:52:35] t=879 jev INF E2 HOLD (预算保护 gate=False e2=7)
[13:52:35] t=879 jev VEH HTNK HOLD (预算保护 cash=345 aav帽=ok aav=0)
[13:52:35] t=879 DEBT-GATE NAREFN x1 (debt=0 eff=345 < 2000)
[13:52:35] t=881 DEBT-GATE NAREFN x1 (debt=0 eff=345 < 2000)
[13:52:37] t=881 jev BUILD NAREFN (conf 0.43)
[13:52:37] t=881 jev INF E2 HOLD (预算保护 gate=False e2=7)
[13:52:37] t=881 jev VEH HTNK HOLD (预算保护 cash=345 aav帽=ok aav=0)
[13:52:37] t=881 DEBT-GATE NAREFN x1 (debt=0 eff=345 < 2000)
[13:52:37] t=881 MOVE raid x1 -> (128,85); assault x10 -> (73,120); t=881 AIR-EVADE assault x10 -> home (坦克打不到空中, 等AA猎杀)
[13:52:37] {"kind": "action", "what": "attack_move", "name": null, "qty": null, "tid": null, "ts": "13:52:37"}
[13:52:37] {"kind": "action", "what": "attack_move", "name": null, "qty": null, "tid": null, "ts": "13:52:37"}
[13:52:37] t=884 ALARM unit lost -> TURTLE (9 v 22, 守塔阵不打野战)
[13:52:37] {"kind": "action", "what": "attack_move", "name": null, "qty": null, "tid": null, "ts": "13:52:37"}
[13:52:37] t=884 DEBT-GATE NAREFN x1 (debt=0 eff=345 < 2000)
[13:52:39] t=884 jev BUILD NAREFN (conf 0.38)
[13:52:39] t=884 jev INF E2 HOLD (预算保护 gate=False e2=7)
[13:52:39] t=884 jev VEH HTNK HOLD (预算保护 cash=345 aav帽=ok aav=0)
[13:52:39] t=884 DEBT-GATE NAREFN x1 (debt=0 eff=345 < 2000)
[13:52:40] t=887 DEBT-GATE NAREFN x1 (debt=0 eff=345 < 2000)
[13:52:41] t=887 jev BUILD NAREFN (conf 0.33)
[13:52:41] t=887 jev INF E2 HOLD (预算保护 gate=False e2=7)
[13:52:41] t=887 jev VEH HTK HOLD (预算保护 cash=345 aav帽=ok aav=0)
[13:52:41] t=887 DEBT-GATE NAREFN x1 (debt=0 eff=345 < 2000)
[13:52:42] t=890 DEBT-GATE NAREFN x1 (debt=0 eff=345 < 2000)
[13:52:43] t=890 jev BUILD NAREFN (conf 0.40)
[13:52:43] t=890 jev INF E2 HOLD (预算保护 gate=False e2=7)
[13:52:43] t=890 jev VEH HTK HOLD (预算保护 cash=345 aav帽=ok aav=0)
[13:52:43] t=890 DEBT-GATE NAREFN x1 (debt=0 eff=345 < 2000)
[13:52:44] t=892 RETREAT E2(23%)
[13:52:44] {"kind": "action", "what": "move", "name": null, "qty": null, "tid": null, "ts": "13:52:44"}
[13:52:44] t=892 DEBT-GATE NAREFN x1 (debt=0 eff=345 < 2000)
[13:52:45] t=892 jev BUILD NAREFN (conf 0.38)
[13:52:45] t=892 jev INF E2 HOLD (预算保护 gate=False e2=7)
[13:52:45] t=892 jev VEH HTK HOLD (预算保护 cash=345 aav帽=ok aav=0)
[13:52:45] t=892 DEBT-GATE NAREFN x1 (debt=0 eff=345 < 2000)
[13:52:46] t=895 ALARM enemy approaching -> TURTLE (8 v 21, 守塔阵不打野战)
[13:52:46] {"kind": "action", "what": "attack_move", "name": null, "qty": null, "tid": null, "ts": "13:52:46"}
[13:52:46] t=895 DEBT-GATE NAREFN x1 (debt=0 eff=345 < 2000)
[13:52:47] t=895 jev BUILD NAREFN (conf 0.39)
[13:52:47] t=895 jev INF E2 HOLD (预算保护 gate=False e2=7)
[13:52:47] t=895 jev VEH HTK HOLD (预算保护 cash=345 aav帽=ok aav=0)
[13:52:47] t=895 DEBT-GATE NAREFN x1 (debt=0 eff=345 < 2000)
[13:52:47] t=898 RUSH-DEFENSE ON (敌8压门 vs 守9) 动员兵爆产
[13:52:47] t=898 RUSH-DEFENSE E2 x1 (敌8压门 守9, 资金地板续兵)
[13:52:48] {"kind": "action", "what": "produce", "name": "E2", "qty": 1, "tid": null, "ts": "13:52:48"}
[13:52:48] t=898 DEBT-GATE NAREFN x1 (debt=90 eff=255 < 2000)
[13:52:49] t=898 jev BUILD NAREFN (conf 0.42)
[13:52:49] t=898 jev VEH HTK HOLD (预算保护 cash=345 aav帽=ok aav=0)
[13:52:49] t=898 DEBT-GATE NAREFN x1 (debt=90 eff=255 < 2000)
[13:52:50] t=900 DEBT-GATE NAREFN x1 (debt=0 eff=280 < 2000)
[13:52:51] t=900 jev BUILD NAREFN (conf 0.47)
[13:52:51] t=900 jev VEH HTK HOLD (预算保护 cash=280 aav帽=ok aav=0)
[13:52:51] t=900 DEBT-GATE NAREFN x1 (debt=0 eff=280 < 2000)
[13:52:51] t=903 RUSH-DEFENSE E2 x1 (敌9压门 守10, 资金地板续兵)
[13:52:51] t=903 DEBT-GATE NAREFN x1 (debt=0 eff=255 < 2000)
[13:52:53] t=903 jev BUILD NAREFN (conf 0.48)
[13:52:53] t=903 jev INF E2 (conf 0.45)
[13:52:53] t=903 jev VEH HTK HOLD (预算保护 cash=255 aav帽=ok aav=0)
[13:52:53] t=903 DEBT-GATE NAREFN x1 (debt=0 eff=255 < 2000)
[13:52:53] t=905 RETREAT HTNK(28%)
[13:52:54] {"kind": "action", "what": "move", "name": null, "qty": null, "tid": null, "ts": "13:52:54"}
[13:52:54] t=905 DEBT-GATE NAREFN x1 (debt=0 eff=255 < 2000)
[13:52:55] t=905 jev BUILD NAREFN (conf 0.44)
[13:52:55] t=905 jev INF E2 (conf 0.45)
[13:52:55] t=905 jev VEH HTK HOLD (预算保护 cash=255 aav帽=ok aav=0)
[13:52:55] t=905 DEBT-GATE NAREFN x1 (debt=0 eff=255 < 2000)
[13:52:55] t=905 MOVE assault x9 -> (73,120); t=905 AIR-EVADE assault x9 -> home (坦克打不到空中, 等AA猎杀)
[13:52:55] {"kind": "action", "what": "attack_move", "name": null, "qty": null, "tid": null, "ts": "13:52:55"}
[13:52:56] t=908 ALARM enemy approaching -> TURTLE (8 v 20, 守塔阵不打野战)
[13:52:56] {"kind": "action", "what": "attack_move", "name": null, "qty": null, "tid": null, "ts": "13:52:56"}
[13:52:56] t=908 HARASS DRON x2 (have 0)
[13:52:56] t=908 AA HTK x2 (enemy air, alive 0)
[13:52:56] {"kind": "action", "what": "produce", "name": "DRON", "qty": 2, "tid": null, "ts": "13:52:56"}
[13:52:56] t=908 DEBT-GATE HTK x2 (debt=800 eff=580 < 1000)
[13:52:56] t=908 DEBT-GATE NAREFN x1 (debt=800 eff=580 < 2000)
[13:52:57] t=908 jev BUILD NAREFN (conf 0.41)
[13:52:57] t=908 jev INF E2 (conf 0.42)
[13:52:57] t=908 DEBT-GATE NAREFN x1 (debt=800 eff=580 < 2000)
[13:52:57] t=908 tick#400 credits=1380 stance=defend | jev 400 decisions p50=1459ms
[13:52:58] t=911 RUSH-DEFENSE E2 x4 (敌10压门 守8)
[13:52:58] t=911 DEBT-GATE NAREFN x1 (debt=0 eff=1305 < 2000)
[13:52:59] t=911 jev BUILD NAREFN (conf 0.45)
[13:52:59] t=911 jev INF E2 (conf 0.50)
[13:52:59] t=911 DEBT-GATE NAREFN x1 (debt=0 eff=1305 < 2000)
[13:53:00] t=914 DEBT-GATE NAREFN x1 (debt=0 eff=1230 < 2000)
[13:53:02] t=914 jev BUILD NAREFN (conf 0.44)
[13:53:02] t=914 jev INF E2 (conf 0.42)
[13:53:02] t=914 DEBT-GATE NAREFN x1 (debt=0 eff=1230 < 2000)
[13:53:03] t=917 DEBT-GATE NAREFN x1 (debt=0 eff=1129 < 2000)
[13:53:05] t=917 jev BUILD NAREFN (conf 0.40)
[13:53:05] t=917 jev INF E2 (conf 0.45)
[13:53:05] t=917 DEBT-GATE NAREFN x1 (debt=0 eff=1129 < 2000)
[13:53:05] t=921 ALARM enemy approaching -> TURTLE (6 v 21, 守塔阵不打野战)
[13:53:05] {"kind": "action", "what": "attack_move", "name": null, "qty": null, "tid": null, "ts": "13:53:05"}
[13:53:05] t=921 DEBT-GATE NAREFN x1 (debt=0 eff=1027 < 2000)
[13:53:08] t=921 jev BUILD NAREFN (conf 0.36)
[13:53:08] t=921 jev INF E2 (conf 0.43)
[13:53:08] t=921 DEBT-GATE NAREFN x1 (debt=0 eff=1027 < 2000)
[13:53:08] t=925 RETREAT E2(15%)
[13:53:08] {"kind": "action", "what": "move", "name": null, "qty": null, "tid": null, "ts": "13:53:08"}
[13:53:08] t=925 DEBT-GATE NAREFN x1 (debt=0 eff=923 < 2000)
[13:53:11] t=925 jev BUILD NAREFN (conf 0.40)
[13:53:11] t=925 jev INF E2 (conf 0.43)
[13:53:11] t=925 DEBT-GATE NAREFN x1 (debt=0 eff=923 < 2000)
[13:53:11] t=929 DEBT-GATE NAREFN x1 (debt=0 eff=819 < 2000)
[13:53:13] t=929 jev BUILD NAREFN (conf 0.41)
[13:53:13] t=929 jev INF E2 (conf 0.53)
[13:53:13] t=929 DEBT-GATE NAREFN x1 (debt=0 eff=819 < 2000)
[13:53:13] {"kind": "action", "what": "produce", "name": "E2", "qty": 1, "tid": null, "ts": "13:53:13"}
[13:53:13] t=931 DEBT-GATE NAREFN x1 (debt=0 eff=735 < 2000)
[13:53:15] t=931 jev BUILD NAREFN (conf 0.39)
[13:53:15] t=931 DEBT-GATE NAREFN x1 (debt=0 eff=735 < 2000)
[13:53:15] t=931 MOVE assault x7 -> (73,120); t=931 AIR-EVADE assault x7 -> home (坦克打不到空中, 等AA猎杀)
[13:53:15] {"kind": "action", "what": "attack_move", "name": null, "qty": null, "tid": null, "ts": "13:53:15"}
[13:53:15] t=934 ALARM unit lost -> TURTLE (5 v 20, 守塔阵不打野战)
[13:53:15] {"kind": "action", "what": "attack_move", "name": null, "qty": null, "tid": null, "ts": "13:53:15"}
[13:53:15] t=934 SCOUT #1313->[114, 13] (敌影)
[13:53:15] {"kind": "action", "what": "attack_move", "name": null, "qty": null, "tid": null, "ts": "13:53:15"}
[13:53:15] t=934 DEBT-GATE NAREFN x1 (debt=0 eff=594 < 2000)
[13:53:17] t=934 jev BUILD NAREFN (conf 0.36)
[13:53:17] t=934 DEBT-GATE NAREFN x1 (debt=0 eff=594 < 2000)
[13:53:17] t=937 RUSH-DEFENSE E2 x1 (敌9压门 守7, 资金地板续兵)
[13:53:17] t=937 SCOUT #1579->[12, 100]
[13:53:17] {"kind": "action", "what": "attack_move", "name": null, "qty": null, "tid": null, "ts": "13:53:17"}
[13:53:17] t=937 DEBT-GATE NAREFN x1 (debt=0 eff=503 < 2000)
[13:53:19] t=937 jev BUILD NAREFN (conf 0.35)
[13:53:19] t=937 jev INF E2 (conf 0.52)
[13:53:19] t=937 DEBT-GATE NAREFN x1 (debt=0 eff=503 < 2000)
[13:53:19] t=939 DEBT-GATE NAREFN x1 (debt=0 eff=490 < 2000)
[13:53:21] t=939 jev INF E2 (conf 0.62)
[13:53:21] t=939 jev VEH HTK HOLD (预算保护 cash=490 aav帽=ok aav=0)
[13:53:21] t=942 DEBT-GATE NAREFN x1 (debt=0 eff=490 < 2000)
[13:53:23] t=942 jev INF E2 (conf 0.62)
[13:53:23] t=942 jev VEH HTK HOLD (预算保护 cash=490 aav帽=ok aav=0)
[13:53:23] t=945 RETREAT E2(39%)
[13:53:23] {"kind": "action", "what": "move", "name": null, "qty": null, "tid": null, "ts": "13:53:23"}
[13:53:23] t=945 DEBT-GATE NAREFN x1 (debt=0 eff=486 < 2000)
[13:53:25] t=945 jev INF E2 (conf 0.64)
[13:53:25] t=945 jev VEH HTK HOLD (预算保护 cash=486 aav帽=ok aav=0)
[13:53:25] t=945 MOVE raid x1 -> (80,117); t=945 AIR-EVADE assault x7 -> home (坦克打不到空中, 等AA猎杀)
[13:53:25] {"kind": "action", "what": "attack_move", "name": null, "qty": null, "tid": null, "ts": "13:53:25"}
[13:53:25] t=947 ALARM unit lost -> TURTLE (5 v 20, 守塔阵不打野战)
[13:53:25] {"kind": "action", "what": "attack_move", "name": null, "qty": null, "tid": null, "ts": "13:53:25"}
[13:53:25] t=947 RUSH-DEFENSE E2 x1 (敌9压门 守7, 资金地板续兵)
[13:53:25] t=947 DEBT-GATE NAREFN x1 (debt=0 eff=480 < 2000)
[13:53:27] t=947 jev INF E2 (conf 0.61)
[13:53:27] t=947 jev VEH HTK HOLD (预算保护 cash=480 aav帽=ok aav=0)
[13:53:27] t=950 RETREAT E2(7%)
[13:53:27] {"kind": "action", "what": "move", "name": null, "qty": null, "tid": null, "ts": "13:53:27"}
[13:53:27] t=950 DEBT-GATE NAREFN x1 (debt=0 eff=474 < 2000)
[13:53:29] t=950 jev BUILD NAREFN (conf 0.32)
[13:53:29] t=950 jev INF E2 (conf 0.52)
[13:53:29] t=950 jev VEH HTK HOLD (预算保护 cash=474 aav帽=ok aav=0)
[13:53:29] t=950 DEBT-GATE NAREFN x1 (debt=0 eff=474 < 2000)
[13:53:29] t=953 RUSH-DEFENSE E2 x1 (敌9压门 守5, 资金地板续兵)
[13:53:29] t=953 DEBT-GATE NAREFN x1 (debt=0 eff=470 < 2000)
[13:53:31] t=953 jev BUILD NAREFN (conf 0.32)
[13:53:31] t=953 jev INF E2 (conf 0.49)
[13:53:31] t=953 jev VEH HTK HOLD (预算保护 cash=470 aav帽=ok aav=0)
[13:53:31] t=953 DEBT-GATE NAREFN x1 (debt=0 eff=470 < 2000)
[13:53:31] t=955 RUSH-DEFENSE E2 x1 (敌9压门 守4, 资金地板续兵)
[13:53:31] t=955 DEBT-GATE NAREFN x1 (debt=0 eff=464 < 2000)
[13:53:33] t=955 jev BUILD NAREFN (conf 0.43)
[13:53:33] t=955 jev INF E2 (conf 0.50)
[13:53:33] t=955 jev VEH HTK HOLD (预算保护 cash=464 aav帽=ok aav=0)
[13:53:33] t=955 DEBT-GATE NAREFN x1 (debt=0 eff=464 < 2000)
[13:53:33] t=958 ALARM enemy approaching -> TURTLE (2 v 20, 守塔阵不打野战)
[13:53:33] {"kind": "action", "what": "attack_move", "name": null, "qty": null, "tid": null, "ts": "13:53:33"}
[13:53:33] t=958 DEBT-GATE NAREFN x1 (debt=0 eff=460 < 2000)
[13:53:35] t=958 jev BUILD NAREFN (conf 0.40)
[13:53:35] t=958 jev INF E2 (conf 0.48)
[13:53:35] t=958 jev VEH HTK HOLD (预算保护 cash=460 aav帽=ok aav=0)
[13:53:35] t=958 DEBT-GATE NAREFN x1 (debt=0 eff=460 < 2000)
[13:53:35] t=961 DEBT-GATE NAREFN x1 (debt=0 eff=454 < 2000)
[13:53:37] t=961 jev BUILD NAREFN (conf 0.32)
[13:53:37] t=961 jev INF E2 (conf 0.55)
[13:53:37] t=961 jev VEH HTK HOLD (预算保护 cash=454 aav帽=ok aav=0)
[13:53:37] t=961 DEBT-GATE NAREFN x1 (debt=0 eff=454 < 2000)
[13:53:37] t=963 DEBT-GATE NAREFN x1 (debt=0 eff=448 < 2000)
[13:53:39] t=963 jev BUILD NAREFN (conf 0.34)
[13:53:39] t=963 jev INF E2 (conf 0.52)
[13:53:39] t=963 jev VEH HTK HOLD (预算保护 cash=448 aav帽=ok aav=0)
[13:53:39] t=963 DEBT-GATE NAREFN x1 (debt=0 eff=448 < 2000)
[13:53:39] {"kind": "action", "what": "produce", "name": "E2", "qty": 1, "tid": null, "ts": "13:53:39"}
[13:53:39] t=966 RETREAT HTNK(37%)
[13:53:39] {"kind": "action", "what": "move", "name": null, "qty": null, "tid": null, "ts": "13:53:39"}
[13:53:39] t=966 DEBT-GATE NAREFN x1 (debt=0 eff=436 < 2000)
[13:53:41] t=966 jev BUILD NAREFN (conf 0.32)
[13:53:41] t=966 jev VEH HTK HOLD (预算保护 cash=436 aav帽=ok aav=0)
[13:53:41] t=966 DEBT-GATE NAREFN x1 (debt=0 eff=436 < 2000)
[13:53:41] t=969 ALARM enemy approaching -> TURTLE (2 v 18, 守塔阵不打野战)
[13:53:41] {"kind": "action", "what": "attack_move", "name": null, "qty": null, "tid": null, "ts": "13:53:41"}
[13:53:41] t=969 DEBT-GATE NAREFN x1 (debt=0 eff=363 < 2000)
[13:53:43] t=969 jev BUILD NAREFN (conf 0.30)
[13:53:43] t=969 jev VEH HTK HOLD (预算保护 cash=363 aav帽=ok aav=0)
[13:53:43] t=969 DEBT-GATE NAREFN x1 (debt=0 eff=363 < 2000)
[13:53:43] t=971 RUSH-DEFENSE E2 x1 (敌6压门 守4, 资金地板续兵)
[13:53:43] t=971 DEBT-GATE NAREFN x1 (debt=0 eff=344 < 2000)
[13:53:45] t=971 jev INF E2 (conf 0.61)
[13:53:45] t=971 jev VEH HTK HOLD (预算保护 cash=344 aav帽=ok aav=0)
[13:53:45] t=974 DEBT-GATE NAREFN x1 (debt=0 eff=338 < 2000)
[13:53:47] t=974 jev INF E2 (conf 0.61)
[13:53:47] t=974 jev VEH HTK HOLD (预算保护 cash=338 aav帽=ok aav=0)
[13:53:47] t=977 DEBT-GATE NAREFN x1 (debt=0 eff=332 < 2000)
[13:53:49] t=977 jev INF E2 (conf 0.63)
[13:53:49] t=977 jev VEH HTK HOLD (预算保护 cash=332 aav帽=ok aav=0)
[13:53:49] t=979 RUSH-DEFENSE E2 x1 (敌6压门 守3, 资金地板续兵)
[13:53:49] t=979 DEBT-GATE NAREFN x1 (debt=0 eff=328 < 2000)
[13:53:51] t=979 jev INF E2 (conf 0.57)
[13:53:51] t=979 jev VEH HTK HOLD (预算保护 cash=328 aav帽=ok aav=0)
[13:53:51] t=979 MOVE assault x3 -> (73,120); t=979 AIR-EVADE assault x3 -> home (坦克打不到空中, 等AA猎杀)
[13:53:51] {"kind": "action", "what": "attack_move", "name": null, "qty": null, "tid": null, "ts": "13:53:51"}
[13:53:51] t=979 tick#425 credits=328 stance=defend | jev 425 decisions p50=1482ms
[13:53:51] t=982 ALARM NAREFN under attack -> TURTLE (3 v 17, 守塔阵不打野战)
[13:53:51] {"kind": "action", "what": "attack_move", "name": null, "qty": null, "tid": null, "ts": "13:53:51"}
[13:53:51] t=982 DEBT-GATE NAREFN x1 (debt=0 eff=322 < 2000)
[13:53:53] t=982 jev INF E2 (conf 0.62)
[13:53:53] t=982 jev VEH HTK HOLD (预算保护 cash=322 aav帽=ok aav=0)
[13:53:53] t=985 DEBT-GATE NAREFN x1 (debt=0 eff=318 < 2000)
[13:53:55] t=985 jev INF E2 (conf 0.64)
[13:53:55] t=985 jev VEH HTK HOLD (预算保护 cash=318 aav帽=ok aav=0)
[13:53:55] t=987 DEBT-GATE NAREFN x1 (debt=0 eff=312 < 2000)
[13:53:57] t=987 jev INF E2 (conf 0.61)
[13:53:57] t=987 jev VEH HTK HOLD (预算保护 cash=312 aav帽=ok aav=0)
[13:53:57] t=990 DEBT-GATE NAREFN x1 (debt=0 eff=308 < 2000)
[13:53:59] t=990 jev INF E2 (conf 0.61)
[13:53:59] t=990 jev VEH HTK HOLD (预算保护 cash=308 aav帽=ok aav=0)
[13:53:59] t=992 DEBT-GATE NAREFN x1 (debt=0 eff=302 < 2000)
[13:54:01] t=992 jev INF E2 (conf 0.58)
[13:54:01] t=992 jev VEH HTK HOLD (预算保护 cash=302 aav帽=ok aav=0)
[13:54:01] t=995 ALARM NAREFN under attack -> TURTLE (2 v 16, 守塔阵不打野战)
[13:54:01] {"kind": "action", "what": "attack_move", "name": null, "qty": null, "tid": null, "ts": "13:54:01"}
[13:54:01] t=995 RETREAT E2(36%)
[13:54:01] {"kind": "action", "what": "move", "name": null, "qty": null, "tid": null, "ts": "13:54:01"}
[13:54:01] t=995 DEBT-GATE NAREFN x1 (debt=0 eff=298 < 2000)
[13:54:03] t=995 jev INF E2 (conf 0.57)
[13:54:03] t=995 jev VEH HTK HOLD (预算保护 cash=298 aav帽=ok aav=0)
[13:54:03] t=998 DEBT-GATE NAREFN x1 (debt=0 eff=292 < 2000)
[13:54:05] t=998 jev INF E2 (conf 0.61)
[13:54:05] t=998 jev VEH HTK HOLD (预算保护 cash=292 aav帽=ok aav=0)
[13:54:05] {"kind": "action", "what": "produce", "name": "E2", "qty": 1, "tid": null, "ts": "13:54:05"}
[13:54:05] t=1000 DEBT-GATE NAREFN x1 (debt=0 eff=278 < 2000)
[13:54:07] t=1000 jev VEH HTK HOLD (预算保护 cash=278 aav帽=ok aav=0)
[13:54:07] t=1003 DEBT-GATE NAREFN x1 (debt=0 eff=207 < 2000)
[13:54:09] t=1003 jev VEH HTK HOLD (预算保护 cash=207 aav帽=ok aav=0)
[13:54:09] t=1006 RUSH-DEFENSE E2 x1 (敌4压门 守4, 资金地板续兵)
[13:54:09] t=1006 DEBT-GATE NAREFN x1 (debt=0 eff=186 < 2000)
[13:54:11] t=1006 jev INF E2 (conf 0.60)
[13:54:11] t=1006 jev VEH HTK HOLD (预算保护 cash=186 aav帽=ok aav=0)
[13:54:11] t=1006 MOVE assault x4 -> (73,120); t=1006 AIR-EVADE assault x4 -> home (坦克打不到空中, 等AA猎杀)
[13:54:11] {"kind": "action", "what": "attack_move", "name": null, "qty": null, "tid": null, "ts": "13:54:11"}
[13:54:11] t=1008 ALARM NAREFN under attack -> TURTLE (3 v 16, 守塔阵不打野战)
[13:54:11] {"kind": "action", "what": "attack_move", "name": null, "qty": null, "tid": null, "ts": "13:54:11"}
[13:54:11] t=1008 DEBT-GATE NAREFN x1 (debt=0 eff=182 < 2000)
[13:54:13] t=1008 jev INF E2 (conf 0.59)
[13:54:13] t=1008 jev VEH HTK HOLD (预算保护 cash=182 aav帽=ok aav=0)
[13:54:13] t=1011 RETREAT E2(38%)
[13:54:13] {"kind": "action", "what": "move", "name": null, "qty": null, "tid": null, "ts": "13:54:13"}
[13:54:13] t=1011 DEBT-GATE NAREFN x1 (debt=0 eff=176 < 2000)
[13:54:15] t=1011 jev INF E2 (conf 0.54)
[13:54:15] t=1011 jev VEH HTK HOLD (预算保护 cash=176 aav帽=ok aav=0)
[13:54:15] t=1014 DEBT-GATE NAREFN x1 (debt=0 eff=170 < 2000)
[13:54:17] t=1014 jev INF E2 (conf 0.56)
[13:54:17] t=1014 jev VEH HTK HOLD (预算保护 cash=170 aav帽=ok aav=0)
[13:54:17] t=1016 DEBT-GATE NAREFN x1 (debt=0 eff=166 < 2000)
[13:54:19] t=1016 jev INF E2 (conf 0.58)
[13:54:19] t=1016 jev VEH HTK HOLD (预算保护 cash=166 aav帽=ok aav=0)
[13:54:19] t=1019 RUSH-DEFENSE E2 x1 (敌4压门 守5, 资金地板续兵)
[13:54:19] t=1019 DEBT-GATE NAREFN x1 (debt=0 eff=164 < 2000)
[13:54:21] t=1019 jev BUILD NAREFN HOLD (开局序列前置位保护: 等 NAREFN)
[13:54:21] t=1019 jev INF E2 (conf 0.56)
[13:54:21] t=1019 jev VEH HTK HOLD (预算保护 cash=164 aav帽=ok aav=0)
[13:54:21] t=1022 ALARM NACNST under attack -> TURTLE (2 v 17, 守塔阵不打野战)
[13:54:21] {"kind": "action", "what": "attack_move", "name": null, "qty": null, "tid": null, "ts": "13:54:21"}
[13:54:21] t=1022 RETREAT E2(2%)
[13:54:21] {"kind": "action", "what": "move", "name": null, "qty": null, "tid": null, "ts": "13:54:21"}
[13:54:21] t=1022 DEBT-GATE NAREFN x1 (debt=0 eff=164 < 2000)
[13:54:23] t=1022 jev BUILD NAREFN HOLD (开局序列前置位保护: 等 NAREFN)
[13:54:23] t=1022 jev INF E2 (conf 0.59)
[13:54:23] t=1022 jev VEH HTK HOLD (预算保护 cash=164 aav帽=ok aav=0)
[13:54:23] t=1024 RUSH-DEFENSE E2 x1 (敌4压门 守3, 资金地板续兵)
[13:54:23] t=1024 DEBT-GATE NAREFN x1 (debt=0 eff=164 < 2000)
[13:54:25] t=1024 jev BUILD NAREFN HOLD (开局序列前置位保护: 等 NAREFN)
[13:54:25] t=1024 jev INF E2 (conf 0.50)
[13:54:25] t=1024 jev VEH HTK HOLD (预算保护 cash=164 aav帽=ok aav=0)
[13:54:25] t=1027 DEBT-GATE NAREFN x1 (debt=0 eff=164 < 2000)
[13:54:26] t=1027 jev BUILD NAREFN HOLD (开局序列前置位保护: 等 NAREFN)
[13:54:26] t=1027 jev INF E2 (conf 0.53)
[13:54:26] t=1027 jev VEH HTK HOLD (预算保护 cash=164 aav帽=ok aav=0)
[13:54:27] t=1029 RETREAT E2(36%)
[13:54:27] {"kind": "action", "what": "move", "name": null, "qty": null, "tid": null, "ts": "13:54:27"}
[13:54:27] t=1029 DEBT-GATE NAREFN x1 (debt=0 eff=164 < 2000)
[13:54:28] t=1029 jev BUILD NAREFN HOLD (开局序列前置位保护: 等 NAREFN)
[13:54:28] t=1029 jev INF E2 (conf 0.60)
[13:54:28] t=1029 jev VEH HTK HOLD (预算保护 cash=164 aav帽=ok aav=0)
[13:54:29] t=1032 DEBT-GATE NAREFN x1 (debt=0 eff=164 < 2000)
[13:54:30] t=1032 jev BUILD NAREFN HOLD (开局序列前置位保护: 等 NAREFN)
[13:54:30] t=1032 jev INF E2 (conf 0.60)
[13:54:30] t=1032 jev VEH HTK HOLD (预算保护 cash=164 aav帽=ok aav=0)
[13:54:30] {"kind": "action", "what": "produce", "name": "E2", "qty": 1, "tid": null, "ts": "13:54:30"}
[13:54:30] t=1032 MOVE assault x3 -> (73,120); t=1032 AIR-EVADE assault x3 -> home (坦克打不到空中, 等AA猎杀)
[13:54:30] {"kind": "action", "what": "attack_move", "name": null, "qty": null, "tid": null, "ts": "13:54:30"}
[13:54:30] t=1034 ALARM NAHAND under attack -> TURTLE (1 v 12, 守塔阵不打野战)
[13:54:31] {"kind": "action", "what": "attack_move", "name": null, "qty": null, "tid": null, "ts": "13:54:31"}
[13:54:31] t=1034 DEBT-GATE NAREFN x1 (debt=0 eff=156 < 2000)
[13:54:32] t=1034 jev BUILD NAREFN HOLD (开局序列前置位保护: 等 NAREFN)
[13:54:32] t=1034 jev VEH HTK HOLD (预算保护 cash=156 aav帽=ok aav=0)
[13:54:32] t=1037 RUSH-DEFENSE OFF (威胁解除) 恢复原公式
[13:54:32] t=1037 DEBT-GATE NAREFN x1 (debt=0 eff=93 < 2000)
[13:54:34] t=1037 jev BUILD NAREFN HOLD (开局序列前置位保护: 等 NAREFN)
[13:54:34] t=1037 jev VEH HTK HOLD (预算保护 cash=93 aav帽=ok aav=0)
[13:54:34] t=1039 DEBT-GATE NAREFN x1 (debt=0 eff=74 < 2000)
[13:54:36] t=1039 jev BUILD NAREFN HOLD (开局序列前置位保护: 等 NAREFN)
[13:54:36] t=1039 jev INF E2 HOLD (预算保护 gate=False e2=4)
[13:54:36] t=1039 jev VEH HTK HOLD (预算保护 cash=74 aav帽=ok aav=0)
[13:54:36] t=1042 DEBT-GATE NAREFN x1 (debt=0 eff=74 < 2000)
[13:54:38] t=1042 jev BUILD NAREFN HOLD (开局序列前置位保护: 等 NAREFN)
[13:54:38] t=1042 jev INF E2 HOLD (预算保护 gate=False e2=4)
[13:54:38] t=1042 jev VEH HTK HOLD (预算保护 cash=74 aav帽=ok aav=0)
[13:54:38] t=1044 DEBT-GATE NAREFN x1 (debt=0 eff=74 < 2000)
[13:54:39] t=1044 jev BUILD NAREFN HOLD (开局序列前置位保护: 等 NAREFN)
[13:54:39] t=1044 jev INF E2 HOLD (预算保护 gate=False e2=4)
[13:54:39] t=1044 jev VEH HTK HOLD (预算保护 cash=74 aav帽=ok aav=0)
[13:54:39] t=1044 MOVE t=1044 GHOST detected #1053@[125, 75] (集火150gs不倒, 拉黑); assault x4 -> 攻击目标#1070@(135,84); t=1044 SIEGE 清建筑 x4 -> #1070@(135,84)
[13:54:39] {"kind": "action", "what": "attack_obj", "name": null, "qty": null, "tid": 1070, "ts": "13:54:39"}
[13:54:39] t=1044 tick#450 credits=74 stance=defend | jev 450 decisions p50=1503ms
[13:54:40] t=1047 DEBT-GATE NAREFN x1 (debt=0 eff=74 < 2000)
[13:54:41] t=1047 jev BUILD NAREFN HOLD (开局序列前置位保护: 等 NAREFN)
[13:54:41] t=1047 jev INF E2 HOLD (预算保护 gate=False e2=4)
[13:54:41] t=1047 jev VEH HTK HOLD (预算保护 cash=74 aav帽=ok aav=0)
[13:54:42] t=1049 DEBT-GATE NAREFN x1 (debt=0 eff=74 < 2000)
[13:54:43] t=1049 jev BUILD NAREFN HOLD (开局序列前置位保护: 等 NAREFN)
[13:54:43] t=1049 jev INF E2 HOLD (预算保护 gate=False e2=4)
[13:54:43] t=1049 jev VEH HTK HOLD (预算保护 cash=74 aav帽=ok aav=0)
[13:54:43] t=1051 DEBT-GATE NAREFN x1 (debt=0 eff=74 < 2000)
[13:54:45] t=1051 jev BUILD NAREFN HOLD (开局序列前置位保护: 等 NAREFN)
[13:54:45] t=1051 jev INF E2 HOLD (预算保护 gate=False e2=4)
[13:54:45] t=1051 jev VEH HTK HOLD (预算保护 cash=74 aav帽=ok aav=0)
[13:54:45] t=1054 DEBT-GATE NAREFN x1 (debt=0 eff=74 < 2000)
[13:54:47] t=1054 jev BUILD NAREFN HOLD (开局序列前置位保护: 等 NAREFN)
[13:54:47] t=1054 jev INF E2 HOLD (预算保护 gate=False e2=4)
[13:54:47] t=1054 jev VEH HTK HOLD (预算保护 cash=74 aav帽=ok aav=0)
[13:54:47] t=1056 DEBT-GATE NAREFN x1 (debt=0 eff=74 < 2000)
[13:54:49] t=1056 jev BUILD NAREFN HOLD (开局序列前置位保护: 等 NAREFN)
[13:54:49] t=1056 jev INF E2 HOLD (预算保护 gate=False e2=4)
[13:54:49] t=1056 jev VEH HTK HOLD (预算保护 cash=74 aav帽=ok aav=0)
[13:54:49] t=1059 DEBT-GATE NAREFN x1 (debt=0 eff=74 < 2000)
[13:54:50] t=1059 jev BUILD NAREFN HOLD (开局序列前置位保护: 等 NAREFN)
[13:54:50] t=1059 jev INF E2 HOLD (预算保护 gate=False e2=4)
[13:54:50] t=1059 jev VEH HTK HOLD (预算保护 cash=74 aav帽=ok aav=0)
[13:54:51] t=1061 DEBT-GATE NAREFN x1 (debt=0 eff=74 < 2000)
[13:54:52] t=1061 jev BUILD NAREFN HOLD (开局序列前置位保护: 等 NAREFN)
[13:54:52] t=1061 jev INF E2 HOLD (预算保护 gate=False e2=4)
[13:54:52] t=1061 jev VEH HTK HOLD (预算保护 cash=74 aav帽=ok aav=0)
[13:54:52] t=1061 MOVE assault x4 -> 攻击目标#1070@(135,84); t=1061 SIEGE 清建筑 x4 -> #1070@(135,84)
[13:54:52] {"kind": "action", "what": "attack_obj", "name": null, "qty": null, "tid": 1070, "ts": "13:54:52"}
[13:54:53] t=1064 DEBT-GATE NAREFN x1 (debt=0 eff=74 < 2000)
[13:54:54] t=1064 jev BUILD NAREFN HOLD (开局序列前置位保护: 等 NAREFN)
[13:54:54] t=1064 jev INF E2 HOLD (预算保护 gate=False e2=4)
[13:54:54] t=1064 jev VEH HTK HOLD (预算保护 cash=74 aav帽=ok aav=0)
[13:54:54] t=1066 DEBT-GATE NAREFN x1 (debt=0 eff=74 < 2000)
[13:54:56] t=1066 jev BUILD NAREFN HOLD (开局序列前置位保护: 等 NAREFN)
[13:54:56] t=1066 jev INF E2 HOLD (预算保护 gate=False e2=4)
[13:54:56] t=1066 jev VEH HTK HOLD (预算保护 cash=74 aav帽=ok aav=0)
[13:54:56] t=1069 DEBT-GATE NAREFN x1 (debt=0 eff=74 < 2000)
[13:54:58] t=1069 jev BUILD NAREFN HOLD (开局序列前置位保护: 等 NAREFN)
[13:54:58] t=1069 jev INF E2 HOLD (预算保护 gate=False e2=4)
[13:54:58] t=1069 jev VEH HTK HOLD (预算保护 cash=74 aav帽=ok aav=0)
[13:54:58] t=1071 DEBT-GATE NAREFN x1 (debt=0 eff=74 < 2000)
[13:55:00] t=1071 jev BUILD NAREFN HOLD (开局序列前置位保护: 等 NAREFN)
[13:55:00] t=1071 jev INF E2 HOLD (预算保护 gate=False e2=4)
[13:55:00] t=1071 jev VEH HTK HOLD (预算保护 cash=74 aav帽=ok aav=0)
[13:55:00] t=1073 DEBT-GATE NAREFN x1 (debt=0 eff=74 < 2000)
[13:55:01] t=1073 jev BUILD NAREFN HOLD (开局序列前置位保护: 等 NAREFN)
[13:55:01] t=1073 jev INF E2 HOLD (预算保护 gate=False e2=4)
[13:55:01] t=1073 jev VEH HTK HOLD (预算保护 cash=74 aav帽=ok aav=0)
[13:55:02] t=1076 DEBT-GATE NAREFN x1 (debt=0 eff=74 < 2000)
[13:55:03] t=1076 jev BUILD NAREFN HOLD (开局序列前置位保护: 等 NAREFN)
[13:55:03] t=1076 jev INF E2 HOLD (预算保护 gate=False e2=4)
[13:55:03] t=1076 jev VEH HTK HOLD (预算保护 cash=74 aav帽=ok aav=0)
[13:55:04] t=1078 DEBT-GATE NAREFN x1 (debt=0 eff=74 < 2000)
[13:55:05] t=1078 jev BUILD NAREFN HOLD (开局序列前置位保护: 等 NAREFN)
[13:55:05] t=1078 jev INF E2 HOLD (预算保护 gate=False e2=4)
[13:55:05] t=1078 jev VEH HTK HOLD (预算保护 cash=74 aav帽=ok aav=0)
[13:55:05] t=1078 MOVE assault x4 -> 攻击目标#1070@(135,84); t=1078 SIEGE 清建筑 x4 -> #1070@(135,84)
[13:55:05] {"kind": "action", "what": "attack_obj", "name": null, "qty": null, "tid": 1070, "ts": "13:55:05"}
[13:55:05] t=1081 DEBT-GATE NAREFN x1 (debt=0 eff=74 < 2000)
[13:55:07] t=1081 jev BUILD NAREFN HOLD (开局序列前置位保护: 等 NAREFN)
[13:55:07] t=1081 jev INF E2 HOLD (预算保护 gate=False e2=4)
[13:55:07] t=1081 jev VEH HTK HOLD (预算保护 cash=74 aav帽=ok aav=0)
[13:55:07] t=1083 DEBT-GATE NAREFN x1 (debt=0 eff=74 < 2000)
[13:55:09] t=1083 jev BUILD NAREFN HOLD (开局序列前置位保护: 等 NAREFN)
[13:55:09] t=1083 jev INF E2 HOLD (预算保护 gate=False e2=4)
[13:55:09] t=1083 jev VEH HTK HOLD (预算保护 cash=74 aav帽=ok aav=0)
[13:55:09] t=1086 DEBT-GATE NAREFN x1 (debt=0 eff=74 < 2000)
[13:55:11] t=1086 jev BUILD NAREFN HOLD (开局序列前置位保护: 等 NAREFN)
[13:55:11] t=1086 jev INF E2 HOLD (预算保护 gate=False e2=4)
[13:55:11] t=1086 jev VEH HTK HOLD (预算保护 cash=74 aav帽=ok aav=0)
[13:55:11] t=1088 DEBT-GATE NAREFN x1 (debt=0 eff=74 < 2000)
[13:55:12] t=1088 jev BUILD NAREFN HOLD (开局序列前置位保护: 等 NAREFN)
[13:55:12] t=1088 jev INF E2 HOLD (预算保护 gate=False e2=4)
[13:55:12] t=1088 jev VEH HTK HOLD (预算保护 cash=74 aav帽=ok aav=0)
[13:55:13] t=1090 DEBT-GATE NAREFN x1 (debt=0 eff=74 < 2000)
[13:55:14] t=1090 jev BUILD NAREFN HOLD (开局序列前置位保护: 等 NAREFN)
[13:55:14] t=1090 jev INF E2 HOLD (预算保护 gate=False e2=4)
[13:55:14] t=1090 jev VEH HTK HOLD (预算保护 cash=74 aav帽=ok aav=0)
[13:55:14] t=1093 DEBT-GATE NAREFN x1 (debt=0 eff=74 < 2000)
[13:55:16] t=1093 jev BUILD NAREFN HOLD (开局序列前置位保护: 等 NAREFN)
[13:55:16] t=1093 jev INF E2 HOLD (预算保护 gate=False e2=4)
[13:55:16] t=1093 jev VEH DRON HOLD (预算保护 cash=74 aav帽=ok aav=0)
[13:55:16] t=1095 DEBT-GATE NAREFN x1 (debt=0 eff=74 < 2000)
[13:55:18] t=1095 jev BUILD NAREFN HOLD (开局序列前置位保护: 等 NAREFN)
[13:55:18] t=1095 jev INF E2 HOLD (预算保护 gate=False e2=4)
[13:55:18] t=1095 jev VEH HTK HOLD (预算保护 cash=74 aav帽=ok aav=0)
[13:55:18] t=1095 MOVE assault x4 -> 攻击目标#1070@(135,84); t=1095 SIEGE 清建筑 x4 -> #1070@(135,84)
[13:55:18] {"kind": "action", "what": "attack_obj", "name": null, "qty": null, "tid": 1070, "ts": "13:55:18"}
[13:55:18] t=1098 DEBT-GATE NAREFN x1 (debt=0 eff=74 < 2000)
[13:55:20] t=1098 jev BUILD NAREFN HOLD (开局序列前置位保护: 等 NAREFN)
[13:55:20] t=1098 jev INF E2 HOLD (预算保护 gate=False e2=4)
[13:55:20] t=1098 jev VEH HTK HOLD (预算保护 cash=74 aav帽=ok aav=0)
[13:55:20] t=1098 MOVE assault x4 -> (73,120); t=1098 AIR-EVADE assault x4 -> home (坦克打不到空中, 等AA猎杀)
[13:55:20] {"kind": "action", "what": "attack_move", "name": null, "qty": null, "tid": null, "ts": "13:55:20"}
[13:55:20] t=1100 DEBT-GATE NAREFN x1 (debt=0 eff=74 < 2000)
[13:55:22] t=1100 jev BUILD NAREFN HOLD (开局序列前置位保护: 等 NAREFN)
[13:55:22] t=1100 jev INF E2 HOLD (预算保护 gate=False e2=4)
[13:55:22] t=1100 jev VEH HTK HOLD (预算保护 cash=74 aav帽=ok aav=0)
[13:55:22] t=1103 DEBT-GATE NAREFN x1 (debt=0 eff=74 < 2000)
[13:55:24] t=1103 jev BUILD NAREFN HOLD (开局序列前置位保护: 等 NAREFN)
[13:55:24] t=1103 jev INF E2 HOLD (预算保护 gate=False e2=4)
[13:55:24] t=1103 jev VEH DRON HOLD (预算保护 cash=74 aav帽=ok aav=0)
[13:55:24] t=1105 DEBT-GATE NAREFN x1 (debt=0 eff=74 < 2000)
[13:55:25] t=1105 jev BUILD NAREFN HOLD (开局序列前置位保护: 等 NAREFN)
[13:55:25] t=1105 jev INF E2 HOLD (预算保护 gate=False e2=4)
[13:55:25] t=1105 jev VEH HTNK HOLD (预算保护 cash=74 aav帽=ok aav=0)
[13:55:25] t=1105 tick#475 credits=74 stance=defend | jev 475 decisions p50=1550ms
[13:55:26] t=1108 DEBT-GATE NAREFN x1 (debt=0 eff=74 < 2000)
[13:55:27] t=1108 jev BUILD NAREFN HOLD (开局序列前置位保护: 等 NAREFN)
[13:55:27] t=1108 jev INF E2 HOLD (预算保护 gate=False e2=4)
[13:55:27] t=1108 jev VEH HTNK HOLD (预算保护 cash=74 aav帽=ok aav=0)
[13:55:28] t=1110 DEBT-GATE NAREFN x1 (debt=0 eff=74 < 2000)
[13:55:29] t=1110 jev BUILD NAREFN HOLD (开局序列前置位保护: 等 NAREFN)
[13:55:29] t=1110 jev INF E2 HOLD (预算保护 gate=False e2=4)
[13:55:29] t=1110 jev VEH HTK HOLD (预算保护 cash=74 aav帽=ok aav=0)
[13:55:29] t=1113 RETREAT E2(23%)
[13:55:29] {"kind": "action", "what": "move", "name": null, "qty": null, "tid": null, "ts": "13:55:29"}
[13:55:30] t=1113 DEBT-GATE NAREFN x1 (debt=0 eff=74 < 2000)
[13:55:31] t=1113 jev BUILD NAREFN HOLD (开局序列前置位保护: 等 NAREFN)
[13:55:31] t=1113 jev INF E2 HOLD (预算保护 gate=False e2=4)
[13:55:31] t=1113 jev VEH HTK HOLD (预算保护 cash=74 aav帽=ok aav=0)
[13:55:31] t=1115 DEBT-GATE NAREFN x1 (debt=0 eff=74 < 2000)
[13:55:33] t=1115 jev BUILD NAREFN HOLD (开局序列前置位保护: 等 NAREFN)
[13:55:33] t=1115 jev INF E2 HOLD (预算保护 gate=False e2=4)
[13:55:33] t=1115 jev VEH DRON HOLD (预算保护 cash=74 aav帽=ok aav=0)
[13:55:33] t=1115 MOVE assault x4 -> (73,120); t=1115 AIR-EVADE assault x4 -> home (坦克打不到空中, 等AA猎杀)
[13:55:33] {"kind": "action", "what": "attack_move", "name": null, "qty": null, "tid": null, "ts": "13:55:33"}
[13:55:33] t=1118 ALARM enemy approaching -> RESCUE 预备队 1 人驰援远端 [91, 104]
[13:55:33] {"kind": "action", "what": "attack_move", "name": null, "qty": null, "tid": null, "ts": "13:55:33"}
[13:55:33] t=1118 DEBT-GATE NAREFN x1 (debt=0 eff=74 < 2000)
[13:55:35] t=1118 jev BUILD NAREFN HOLD (开局序列前置位保护: 等 NAREFN)
[13:55:35] t=1118 jev INF E2 HOLD (预算保护 gate=False e2=4)
[13:55:35] t=1118 jev VEH HTK HOLD (预算保护 cash=74 aav帽=ok aav=0)
[13:55:35] t=1121 DEBT-GATE NAREFN x1 (debt=0 eff=74 < 2000)
[13:55:37] t=1121 jev BUILD NAREFN HOLD (开局序列前置位保护: 等 NAREFN)
[13:55:37] t=1121 jev INF E2 HOLD (预算保护 gate=False e2=4)
[13:55:37] t=1121 jev VEH HTK HOLD (预算保护 cash=74 aav帽=ok aav=0)
[13:55:37] t=1123 DEBT-GATE NAREFN x1 (debt=0 eff=74 < 2000)
[13:55:39] t=1123 jev BUILD NAREFN HOLD (开局序列前置位保护: 等 NAREFN)
[13:55:39] t=1123 jev INF E2 HOLD (预算保护 gate=False e2=4)
[13:55:39] t=1123 jev VEH HTK HOLD (预算保护 cash=74 aav帽=ok aav=0)
[13:55:39] t=1126 RUSH-DEFENSE ON (敌4压门 vs 守4) 动员兵爆产
[13:55:39] t=1126 DEBT-GATE NAREFN x1 (debt=0 eff=74 < 2000)
[13:55:41] t=1126 jev BUILD NAREFN HOLD (开局序列前置位保护: 等 NAREFN)
[13:55:41] t=1126 jev INF E2 (conf 0.46)
[13:55:41] t=1126 jev VEH HTK HOLD (预算保护 cash=74 aav帽=ok aav=0)
[13:55:41] t=1126 DEBT-GATE E2 x1 (debt=0 eff=74 < 90)
[13:55:41] t=1128 DEBT-GATE NAREFN x1 (debt=0 eff=74 < 2000)
[13:55:43] t=1128 jev BUILD NAREFN HOLD (开局序列前置位保护: 等 NAREFN)
[13:55:43] t=1128 jev INF E2 (conf 0.51)
[13:55:43] t=1128 jev VEH HTK HOLD (预算保护 cash=74 aav帽=ok aav=0)
[13:55:43] t=1128 DEBT-GATE E2 x1 (debt=0 eff=74 < 90)
[13:55:43] t=1131 ALARM unit lost -> TURTLE (1 v 18, 守塔阵不打野战)
[13:55:43] {"kind": "action", "what": "attack_move", "name": null, "qty": null, "tid": null, "ts": "13:55:43"}
[13:55:43] t=1131 DEBT-GATE NAREFN x1 (debt=0 eff=74 < 2000)
[13:55:44] t=1131 jev BUILD NAREFN HOLD (开局序列前置位保护: 等 NAREFN)
[13:55:44] t=1131 jev INF E2 (conf 0.46)
[13:55:44] t=1131 jev VEH HTK HOLD (预算保护 cash=74 aav帽=ok aav=0)
[13:55:44] t=1131 DEBT-GATE E2 x1 (debt=0 eff=74 < 90)
[13:55:45] t=1133 DEBT-GATE NAREFN x1 (debt=0 eff=74 < 2000)
[13:55:46] t=1133 jev BUILD NAREFN HOLD (开局序列前置位保护: 等 NAREFN)
[13:55:46] t=1133 jev INF E2 (conf 0.38)
[13:55:46] t=1133 jev VEH HTK HOLD (预算保护 cash=74 aav帽=ok aav=0)
[13:55:46] t=1133 DEBT-GATE E2 x1 (debt=0 eff=74 < 90)
[13:55:47] t=1136 DEBT-GATE NAREFN x1 (debt=0 eff=74 < 2000)
[13:55:48] t=1136 jev BUILD NAREFN HOLD (开局序列前置位保护: 等 NAREFN)
[13:55:48] t=1136 jev INF E2 (conf 0.41)
[13:55:48] t=1136 jev VEH HTK HOLD (预算保护 cash=74 aav帽=ok aav=0)
[13:55:48] t=1136 DEBT-GATE E2 x1 (debt=0 eff=74 < 90)
[13:55:48] t=1138 DEBT-GATE NAREFN x1 (debt=0 eff=74 < 2000)
[13:55:50] t=1138 jev BUILD NAREFN HOLD (开局序列前置位保护: 等 NAREFN)
[13:55:50] t=1138 jev INF E2 (conf 0.40)
[13:55:50] t=1138 jev VEH HTK HOLD (预算保护 cash=74 aav帽=ok aav=0)
[13:55:50] t=1138 DEBT-GATE E2 x1 (debt=0 eff=74 < 90)
[13:55:50] t=1141 DEBT-GATE NAREFN x1 (debt=0 eff=74 < 2000)
[13:55:52] t=1141 jev BUILD NAREFN HOLD (开局序列前置位保护: 等 NAREFN)
[13:55:52] t=1141 jev INF E2 (conf 0.39)
[13:55:52] t=1141 jev VEH HTK HOLD (预算保护 cash=74 aav帽=ok aav=0)
[13:55:52] t=1141 DEBT-GATE E2 x1 (debt=0 eff=74 < 90)
[13:55:52] t=1141 MOVE assault x1 -> (73,120); t=1141 AIR-EVADE assault x1 -> home (坦克打不到空中, 等AA猎杀)
[13:55:52] {"kind": "action", "what": "attack_move", "name": null, "qty": null, "tid": null, "ts": "13:55:52"}
[13:55:52] t=1143 RETREAT E2(23%)
[13:55:52] {"kind": "action", "what": "move", "name": null, "qty": null, "tid": null, "ts": "13:55:52"}
[13:55:52] t=1143 DEBT-GATE NAREFN x1 (debt=0 eff=74 < 2000)
[13:55:54] t=1143 jev BUILD NAREFN HOLD (开局序列前置位保护: 等 NAREFN)
[13:55:54] t=1143 jev INF E2 (conf 0.35)
[13:55:54] t=1143 jev VEH HTK HOLD (预算保护 cash=74 aav帽=ok aav=0)
[13:55:54] t=1143 DEBT-GATE E2 x1 (debt=0 eff=74 < 90)
[13:55:54] t=1146 ALARM unit lost -> TURTLE (1 v 18, 守塔阵不打野战)
[13:55:54] {"kind": "action", "what": "attack_move", "name": null, "qty": null, "tid": null, "ts": "13:55:54"}
[13:55:54] t=1146 DEBT-GATE NAREFN x1 (debt=0 eff=74 < 2000)
[13:55:56] t=1146 jev BUILD NAREFN HOLD (开局序列前置位保护: 等 NAREFN)
[13:55:56] t=1146 jev INF E2 (conf 0.34)
[13:55:56] t=1146 jev VEH HTK HOLD (预算保护 cash=74 aav帽=ok aav=0)
[13:55:56] t=1146 DEBT-GATE E2 x1 (debt=0 eff=74 < 90)
[13:55:56] t=1148 DEBT-GATE NAREFN x1 (debt=0 eff=74 < 2000)
[13:55:58] t=1148 jev BUILD NAREFN HOLD (开局序列前置位保护: 等 NAREFN)
[13:55:58] t=1148 jev INF E2 (conf 0.59)
[13:55:58] t=1148 jev VEH HTK HOLD (预算保护 cash=74 aav帽=ok aav=0)
[13:55:58] t=1148 DEBT-GATE E2 x1 (debt=0 eff=74 < 90)
[13:55:58] t=1151 DEBT-GATE NAREFN x1 (debt=0 eff=74 < 2000)
[13:56:00] t=1151 jev BUILD NAREFN HOLD (开局序列前置位保护: 等 NAREFN)
[13:56:00] t=1151 jev INF E2 (conf 0.57)
[13:56:00] t=1151 jev VEH HTK HOLD (预算保护 cash=74 aav帽=ok aav=0)
[13:56:00] t=1151 DEBT-GATE E2 x1 (debt=0 eff=74 < 90)
[13:56:00] t=1153 DEBT-GATE NAREFN x1 (debt=0 eff=74 < 2000)
[13:56:01] t=1153 jev BUILD NAREFN HOLD (开局序列前置位保护: 等 NAREFN)
[13:56:01] t=1153 jev INF E2 (conf 0.49)
[13:56:01] t=1153 DEBT-GATE E2 x1 (debt=0 eff=74 < 90)
[13:56:02] t=1156 DEBT-GATE NAREFN x1 (debt=0 eff=74 < 2000)
[13:56:03] t=1156 jev BUILD NAREFN HOLD (开局序列前置位保护: 等 NAREFN)
[13:56:03] t=1156 jev INF E2 (conf 0.52)
[13:56:03] t=1156 DEBT-GATE E2 x1 (debt=0 eff=74 < 90)
[13:56:04] t=1158 RUSH-DEFENSE ON (敌5压门 vs 守0) 动员兵爆产
[13:56:04] t=1158 DEBT-GATE NAREFN x1 (debt=0 eff=74 < 2000)
[13:56:05] t=1158 jev BUILD NAREFN HOLD (开局序列前置位保护: 等 NAREFN)
[13:56:05] t=1158 jev INF E2 (conf 0.42)
[13:56:05] t=1158 jev VEH DRON HOLD (预算保护 cash=74 aav帽=ok aav=0)
[13:56:05] t=1158 DEBT-GATE E2 x1 (debt=0 eff=74 < 90)
[13:56:06] t=1161 RUSH-DEFENSE ON (敌5压门 vs 守0) 动员兵爆产
[13:56:06] t=1161 DEBT-GATE NAREFN x1 (debt=0 eff=74 < 2000)
[13:56:07] t=1161 jev BUILD NAREFN HOLD (开局序列前置位保护: 等 NAREFN)
[13:56:07] t=1161 jev INF E2 (conf 0.46)
[13:56:07] t=1161 DEBT-GATE E2 x1 (debt=0 eff=74 < 90)
[13:56:07] t=1164 RUSH-DEFENSE ON (敌5压门 vs 守0) 动员兵爆产
[13:56:08] t=1164 DEBT-GATE NAREFN x1 (debt=0 eff=74 < 2000)
[13:56:09] t=1164 jev BUILD NAREFN HOLD (开局序列前置位保护: 等 NAREFN)
[13:56:09] t=1164 jev INF E2 (conf 0.51)
[13:56:09] t=1164 jev VEH DRON HOLD (预算保护 cash=74 aav帽=ok aav=0)
[13:56:09] t=1164 DEBT-GATE E2 x1 (debt=0 eff=74 < 90)
[13:56:09] t=1166 RUSH-DEFENSE ON (敌5压门 vs 守0) 动员兵爆产
[13:56:09] t=1166 DEBT-GATE NAREFN x1 (debt=0 eff=74 < 2000)
[13:56:11] t=1166 jev BUILD NAREFN HOLD (开局序列前置位保护: 等 NAREFN)
[13:56:11] t=1166 jev INF E2 (conf 0.50)
[13:56:11] t=1166 jev VEH DRON HOLD (预算保护 cash=74 aav帽=ok aav=0)
[13:56:11] t=1166 DEBT-GATE E2 x1 (debt=0 eff=74 < 90)
[13:56:11] t=1169 RUSH-DEFENSE ON (敌5压门 vs 守0) 动员兵爆产
[13:56:11] t=1169 DEBT-GATE NAREFN x1 (debt=0 eff=74 < 2000)
[13:56:13] t=1169 jev BUILD NAREFN HOLD (开局序列前置位保护: 等 NAREFN)
[13:56:13] t=1169 jev INF E2 (conf 0.42)
[13:56:13] t=1169 DEBT-GATE E2 x1 (debt=0 eff=74 < 90)
[13:56:13] t=1169 tick#500 credits=74 stance=defend | jev 500 decisions p50=1590ms
[13:56:13] t=1171 RUSH-DEFENSE ON (敌5压门 vs 守0) 动员兵爆产
[13:56:13] t=1171 DEBT-GATE NAREFN x1 (debt=0 eff=74 < 2000)
[13:56:15] t=1171 jev BUILD NAREFN HOLD (开局序列前置位保护: 等 NAREFN)
[13:56:15] t=1171 jev INF E2 (conf 0.49)
[13:56:15] t=1171 DEBT-GATE E2 x1 (debt=0 eff=74 < 90)
[13:56:15] t=1174 RUSH-DEFENSE ON (敌5压门 vs 守0) 动员兵爆产
[13:56:15] t=1174 DEBT-GATE NAREFN x1 (debt=0 eff=74 < 2000)
[13:56:17] t=1174 jev BUILD NAREFN HOLD (开局序列前置位保护: 等 NAREFN)
[13:56:17] t=1174 jev INF E2 (conf 0.47)
[13:56:17] t=1174 jev VEH DRON HOLD (预算保护 cash=74 aav帽=ok aav=0)
[13:56:17] t=1174 DEBT-GATE E2 x1 (debt=0 eff=74 < 90)
[13:56:17] t=1176 RUSH-DEFENSE ON (敌5压门 vs 守0) 动员兵爆产
[13:56:17] t=1176 DEBT-GATE NAREFN x1 (debt=0 eff=74 < 2000)
[13:56:19] t=1176 jev BUILD NAREFN HOLD (开局序列前置位保护: 等 NAREFN)
[13:56:19] t=1176 jev INF E2 (conf 0.50)
[13:56:19] t=1176 jev VEH DRON HOLD (预算保护 cash=74 aav帽=ok aav=0)
[13:56:19] t=1176 DEBT-GATE E2 x1 (debt=0 eff=74 < 90)
[13:56:19] t=1179 RUSH-DEFENSE ON (敌5压门 vs 守0) 动员兵爆产
[13:56:19] t=1179 DEBT-GATE NAREFN x1 (debt=0 eff=74 < 2000)
[13:56:21] t=1179 jev BUILD NAREFN HOLD (开局序列前置位保护: 等 NAREFN)
[13:56:21] t=1179 jev INF E2 (conf 0.45)
[13:56:21] t=1179 jev VEH DRON HOLD (预算保护 cash=74 aav帽=ok aav=0)
[13:56:21] t=1179 DEBT-GATE E2 x1 (debt=0 eff=74 < 90)
[13:56:21] t=1181 RUSH-DEFENSE ON (敌5压门 vs 守0) 动员兵爆产
[13:56:21] t=1181 DEBT-GATE NAREFN x1 (debt=0 eff=74 < 2000)
[13:56:23] t=1181 jev BUILD NAREFN HOLD (开局序列前置位保护: 等 NAREFN)
[13:56:23] t=1181 jev INF E2 (conf 0.48)
[13:56:23] t=1181 DEBT-GATE E2 x1 (debt=0 eff=74 < 90)
[13:56:23] t=1184 RUSH-DEFENSE ON (敌5压门 vs 守0) 动员兵爆产
[13:56:23] t=1184 DEBT-GATE NAREFN x1 (debt=0 eff=74 < 2000)
[13:56:24] t=1184 jev BUILD NAPOWR HOLD (开局序列前置位保护: 等 NAREFN)
[13:56:24] t=1184 jev INF E2 (conf 0.45)
[13:56:24] t=1184 jev VEH DRON HOLD (预算保护 cash=74 aav帽=ok aav=0)
[13:56:24] t=1184 DEBT-GATE E2 x1 (debt=0 eff=74 < 90)
[13:56:25] t=1186 ALARM NACNST under attack -> TURTLE (1 v 15, 守塔阵不打野战)
[13:56:25] {"kind": "action", "what": "attack_move", "name": null, "qty": null, "tid": null, "ts": "13:56:25"}
[13:56:25] t=1186 RUSH-DEFENSE ON (敌5压门 vs 守1) 动员兵爆产
[13:56:25] t=1186 DEBT-GATE NAREFN x1 (debt=0 eff=74 < 2000)
[13:56:26] t=1186 jev BUILD NAPOWR HOLD (开局序列前置位保护: 等 NAREFN)
[13:56:26] t=1186 jev INF E2 (conf 0.31)
[13:56:26] t=1186 jev VEH HTNK HOLD (预算保护 cash=74 aav帽=ok aav=0)
[13:56:26] t=1186 DEBT-GATE E2 x1 (debt=0 eff=74 < 90)
[13:56:27] t=1189 DEBT-GATE NAREFN x1 (debt=0 eff=74 < 2000)
[13:56:28] t=1189 jev BUILD NAPOWR HOLD (开局序列前置位保护: 等 NAREFN)
[13:56:28] t=1189 jev INF E2 (conf 0.35)
[13:56:28] t=1189 jev VEH HTNK HOLD (预算保护 cash=74 aav帽=ok aav=0)
[13:56:28] t=1189 DEBT-GATE E2 x1 (debt=0 eff=74 < 90)
[13:56:29] t=1192 RETREAT E2(33%)
[13:56:29] {"kind": "action", "what": "move", "name": null, "qty": null, "tid": null, "ts": "13:56:29"}
[13:56:29] t=1192 DEBT-GATE NAREFN x1 (debt=0 eff=74 < 2000)
[13:56:30] t=1192 jev BUILD NAREFN HOLD (开局序列前置位保护: 等 NAREFN)
[13:56:30] t=1192 jev INF E2 (conf 0.30)
[13:56:30] t=1192 jev VEH HTNK HOLD (预算保护 cash=74 aav帽=ok aav=0)
[13:56:30] t=1192 DEBT-GATE E2 x1 (debt=0 eff=74 < 90)
[13:56:31] t=1194 DEBT-GATE NAREFN x1 (debt=0 eff=74 < 2000)
[13:56:32] t=1194 jev BUILD NAPOWR HOLD (开局序列前置位保护: 等 NAREFN)
[13:56:32] t=1194 jev INF E2 (conf 0.34)
[13:56:32] t=1194 jev VEH HTNK HOLD (预算保护 cash=74 aav帽=ok aav=0)
[13:56:32] t=1194 DEBT-GATE E2 x1 (debt=0 eff=74 < 90)
[13:56:32] t=1197 DEBT-GATE NAREFN x1 (debt=0 eff=74 < 2000)
[13:56:34] t=1197 jev BUILD NAPOWR HOLD (开局序列前置位保护: 等 NAREFN)
[13:56:34] t=1197 jev INF E2 (conf 0.58)
[13:56:34] t=1197 DEBT-GATE E2 x1 (debt=0 eff=74 < 90)
[13:56:34] t=1199 RUSH-DEFENSE ON (敌6压门 vs 守0) 动员兵爆产
[13:56:34] t=1199 DEBT-GATE NAREFN x1 (debt=0 eff=74 < 2000)
[13:56:36] t=1199 jev BUILD NAPOWR HOLD (开局序列前置位保护: 等 NAREFN)
[13:56:36] t=1199 jev INF E2 (conf 0.46)
[13:56:36] t=1199 DEBT-GATE E2 x1 (debt=0 eff=74 < 90)
[13:56:36] t=1202 RUSH-DEFENSE ON (敌6压门 vs 守0) 动员兵爆产
[13:56:36] t=1202 DEBT-GATE NAREFN x1 (debt=0 eff=74 < 2000)
[13:56:38] t=1202 jev BUILD NAPOWR HOLD (开局序列前置位保护: 等 NAREFN)
[13:56:38] t=1202 jev INF E2 (conf 0.46)
[13:56:38] t=1202 DEBT-GATE E2 x1 (debt=0 eff=74 < 90)
[13:56:38] t=1205 RUSH-DEFENSE ON (敌6压门 vs 守0) 动员兵爆产
[13:56:38] t=1205 DEBT-GATE NAREFN x1 (debt=0 eff=74 < 2000)
[13:56:40] t=1205 jev BUILD NAPOWR HOLD (开局序列前置位保护: 等 NAREFN)
[13:56:40] t=1205 jev INF E2 (conf 0.48)
[13:56:40] t=1205 DEBT-GATE E2 x1 (debt=0 eff=74 < 90)
[13:56:40] t=1207 RUSH-DEFENSE ON (敌6压门 vs 守0) 动员兵爆产
[13:56:40] t=1207 DEBT-GATE NAREFN x1 (debt=0 eff=74 < 2000)
[13:56:42] t=1207 jev BUILD NAPOWR HOLD (开局序列前置位保护: 等 NAREFN)
[13:56:42] t=1207 jev INF E2 (conf 0.48)
[13:56:42] t=1207 DEBT-GATE E2 x1 (debt=0 eff=74 < 90)
[13:56:42] t=1210 RUSH-DEFENSE ON (敌6压门 vs 守0) 动员兵爆产
[13:56:42] t=1210 DEBT-GATE NAREFN x1 (debt=0 eff=74 < 2000)
[13:56:44] t=1210 jev BUILD NAPOWR HOLD (开局序列前置位保护: 等 NAREFN)
[13:56:44] t=1210 jev INF E2 (conf 0.44)
[13:56:44] t=1210 DEBT-GATE E2 x1 (debt=0 eff=74 < 90)
[13:56:44] t=1212 RUSH-DEFENSE ON (敌6压门 vs 守0) 动员兵爆产
[13:56:44] t=1212 DEBT-GATE NAREFN x1 (debt=0 eff=74 < 2000)
[13:56:46] t=1212 jev BUILD NAPOWR HOLD (开局序列前置位保护: 等 NAREFN)
[13:56:46] t=1212 jev INF E2 (conf 0.48)
[13:56:46] t=1212 DEBT-GATE E2 x1 (debt=0 eff=74 < 90)
[13:56:46] t=1215 RUSH-DEFENSE ON (敌5压门 vs 守0) 动员兵爆产
[13:56:46] t=1215 DEBT-GATE NAREFN x1 (debt=0 eff=74 < 2000)
[13:56:48] t=1215 jev BUILD NAPOWR HOLD (开局序列前置位保护: 等 NAREFN)
[13:56:48] t=1215 jev INF E2 (conf 0.43)
[13:56:48] t=1215 DEBT-GATE E2 x1 (debt=0 eff=74 < 90)
[13:56:48] t=1218 RUSH-DEFENSE ON (敌6压门 vs 守0) 动员兵爆产
[13:56:48] t=1218 DEBT-GATE NAREFN x1 (debt=0 eff=74 < 2000)
[13:56:50] t=1218 jev BUILD NAPOWR HOLD (开局序列前置位保护: 等 NAREFN)
[13:56:50] t=1218 jev INF E2 (conf 0.44)
[13:56:50] t=1218 DEBT-GATE E2 x1 (debt=0 eff=74 < 90)
[13:56:50] t=1220 ALARM NACNST under attack -> TURTLE (1 v 16, 守塔阵不打野战)
[13:56:50] {"kind": "action", "what": "attack_move", "name": null, "qty": null, "tid": null, "ts": "13:56:50"}
[13:56:50] t=1220 RUSH-DEFENSE ON (敌6压门 vs 守1) 动员兵爆产
[13:56:50] t=1220 DEBT-GATE NAPOWR x1 (debt=0 eff=74 < 600)
[13:56:52] t=1220 jev BUILD NAPOWR HOLD (开局序列前置位保护: 等 NAPOWR)
[13:56:52] t=1220 jev INF E2 (conf 0.32)
[13:56:52] t=1220 jev VEH DRON HOLD (预算保护 cash=74 aav帽=ok aav=0)
[13:56:52] t=1220 DEBT-GATE E2 x1 (debt=0 eff=74 < 90)
[13:56:52] t=1223 DEBT-GATE NAPOWR x1 (debt=0 eff=74 < 600)
[13:56:54] t=1223 jev BUILD NAPOWR HOLD (开局序列前置位保护: 等 NAPOWR)
[13:56:54] t=1223 jev INF E2 (conf 0.30)
[13:56:54] t=1223 jev VEH DRON HOLD (预算保护 cash=74 aav帽=ok aav=0)
[13:56:54] t=1223 DEBT-GATE E2 x1 (debt=0 eff=74 < 90)
[13:56:54] t=1225 RETREAT E2(16%)
[13:56:54] {"kind": "action", "what": "move", "name": null, "qty": null, "tid": null, "ts": "13:56:54"}
[13:56:54] t=1225 DEBT-GATE NAPOWR x1 (debt=0 eff=74 < 600)
[13:56:56] t=1225 jev BUILD NAPOWR HOLD (开局序列前置位保护: 等 NAPOWR)
[13:56:56] t=1225 jev INF E2 (conf 0.30)
[13:56:56] t=1225 jev VEH DRON HOLD (预算保护 cash=74 aav帽=ok aav=0)
[13:56:56] t=1225 DEBT-GATE E2 x1 (debt=0 eff=74 < 90)
[13:56:56] t=1228 DEBT-GATE NAPOWR x1 (debt=0 eff=74 < 600)
[13:56:57] t=1228 jev BUILD NAPOWR HOLD (开局序列前置位保护: 等 NAPOWR)
[13:56:57] t=1228 jev INF E2 (conf 0.49)
[13:56:57] t=1228 DEBT-GATE E2 x1 (debt=0 eff=74 < 90)
[13:56:58] t=1230 DEBT-GATE NAPOWR x1 (debt=0 eff=74 < 600)
[13:56:59] t=1230 jev BUILD NAPOWR HOLD (开局序列前置位保护: 等 NAPOWR)
[13:56:59] t=1230 jev INF E2 (conf 0.37)
[13:56:59] t=1230 jev VEH DRON HOLD (预算保护 cash=74 aav帽=ok aav=0)
[13:56:59] t=1230 DEBT-GATE E2 x1 (debt=0 eff=74 < 90)
[13:56:59] t=1233 RUSH-DEFENSE ON (敌6压门 vs 守0) 动员兵爆产
[13:57:00] t=1233 DEBT-GATE NAPOWR x1 (debt=0 eff=74 < 600)
[13:57:01] t=1233 jev BUILD NAPOWR HOLD (开局序列前置位保护: 等 NAPOWR)
[13:57:01] t=1233 jev INF E2 (conf 0.38)
[13:57:01] t=1233 jev VEH DRON HOLD (预算保护 cash=74 aav帽=ok aav=0)
[13:57:01] t=1233 DEBT-GATE E2 x1 (debt=0 eff=74 < 90)
[13:57:01] t=1233 tick#525 credits=74 stance=defend | jev 525 decisions p50=1617ms
[13:57:01] t=1235 RUSH-DEFENSE ON (敌6压门 vs 守0) 动员兵爆产
[13:57:01] t=1235 DEBT-GATE NAPOWR x1 (debt=0 eff=74 < 600)
[13:57:03] t=1235 jev BUILD NAPOWR HOLD (开局序列前置位保护: 等 NAPOWR)
[13:57:03] t=1235 jev INF E2 (conf 0.30)
[13:57:03] t=1235 jev VEH DRON HOLD (预算保护 cash=74 aav帽=ok aav=0)
[13:57:03] t=1235 DEBT-GATE E2 x1 (debt=0 eff=74 < 90)
[13:57:03] t=1238 RUSH-DEFENSE ON (敌6压门 vs 守0) 动员兵爆产
[13:57:03] t=1238 DEBT-GATE NAPOWR x1 (debt=0 eff=74 < 600)
[13:57:05] t=1238 jev BUILD NAPOWR HOLD (开局序列前置位保护: 等 NAPOWR)
[13:57:05] t=1238 jev INF E2 (conf 0.35)
[13:57:05] t=1238 DEBT-GATE E2 x1 (debt=0 eff=74 < 90)
[13:57:05] t=1240 RUSH-DEFENSE ON (敌6压门 vs 守0) 动员兵爆产
[13:57:05] t=1240 DEBT-GATE NAPOWR x1 (debt=0 eff=74 < 600)
[13:57:07] t=1240 jev BUILD NAPOWR HOLD (开局序列前置位保护: 等 NAPOWR)
[13:57:07] t=1240 jev INF E2 (conf 0.36)
[13:57:07] t=1240 DEBT-GATE E2 x1 (debt=0 eff=74 < 90)
[13:57:07] t=1243 RUSH-DEFENSE ON (敌6压门 vs 守0) 动员兵爆产
[13:57:07] t=1243 DEBT-GATE NAPOWR x1 (debt=0 eff=74 < 600)
[13:57:09] t=1243 jev BUILD NAPOWR HOLD (开局序列前置位保护: 等 NAPOWR)
[13:57:09] t=1243 jev INF E2 (conf 0.29)
[13:57:09] t=1243 DEBT-GATE E2 x1 (debt=0 eff=74 < 90)
[13:57:09] t=1245 RUSH-DEFENSE ON (敌6压门 vs 守0) 动员兵爆产
[13:57:09] t=1245 DEBT-GATE NAPOWR x1 (debt=0 eff=74 < 600)
[13:57:10] t=1245 jev BUILD NAPOWR HOLD (开局序列前置位保护: 等 NAPOWR)
[13:57:10] t=1245 jev INF E2 (conf 0.43)
[13:57:10] t=1245 DEBT-GATE E2 x1 (debt=0 eff=74 < 90)
[13:57:11] t=1248 RUSH-DEFENSE ON (敌5压门 vs 守0) 动员兵爆产
[13:57:11] t=1248 DEBT-GATE NAPOWR x1 (debt=0 eff=74 < 600)
[13:57:12] t=1248 jev BUILD NAPOWR HOLD (开局序列前置位保护: 等 NAPOWR)
[13:57:12] t=1248 jev INF E2 (conf 0.39)
[13:57:12] t=1248 DEBT-GATE E2 x1 (debt=0 eff=74 < 90)
[13:57:13] t=1250 RUSH-DEFENSE ON (敌5压门 vs 守0) 动员兵爆产
[13:57:13] t=1250 DEBT-GATE NAPOWR x1 (debt=0 eff=74 < 600)
[13:57:14] t=1250 jev BUILD NAPOWR HOLD (开局序列前置位保护: 等 NAPOWR)
[13:57:14] t=1250 jev INF E2 (conf 0.33)
[13:57:14] t=1250 DEBT-GATE E2 x1 (debt=0 eff=74 < 90)
[13:57:14] t=1253 RUSH-DEFENSE ON (敌5压门 vs 守0) 动员兵爆产
[13:57:14] t=1253 DEBT-GATE NAPOWR x1 (debt=0 eff=74 < 600)
[13:57:16] t=1253 jev BUILD NAPOWR HOLD (开局序列前置位保护: 等 NAPOWR)
[13:57:16] t=1253 jev INF E2 (conf 0.38)
[13:57:16] t=1253 DEBT-GATE E2 x1 (debt=0 eff=74 < 90)
[13:57:16] t=1255 RUSH-DEFENSE ON (敌5压门 vs 守0) 动员兵爆产
[13:57:16] t=1255 DEBT-GATE NAPOWR x1 (debt=0 eff=74 < 600)
[13:57:18] t=1255 jev BUILD NAPOWR HOLD (开局序列前置位保护: 等 NAPOWR)
[13:57:18] t=1255 jev INF E2 (conf 0.29)
[13:57:18] t=1255 DEBT-GATE E2 x1 (debt=0 eff=74 < 90)
[13:57:18] t=1258 RUSH-DEFENSE ON (敌5压门 vs 守0) 动员兵爆产
[13:57:18] t=1258 DEBT-GATE NAPOWR x1 (debt=0 eff=74 < 600)
[13:57:20] t=1258 jev BUILD NAPOWR HOLD (开局序列前置位保护: 等 NAPOWR)
[13:57:20] t=1258 jev INF E2 (conf 0.40)
[13:57:20] t=1258 jev VEH DRON HOLD (预算保护 cash=74 aav帽=ok aav=0)
[13:57:20] t=1258 DEBT-GATE E2 x1 (debt=0 eff=74 < 90)
[13:57:20] t=1260 RUSH-DEFENSE ON (敌5压门 vs 守0) 动员兵爆产
[13:57:20] t=1260 DEBT-GATE NAPOWR x1 (debt=0 eff=74 < 600)
[13:57:22] t=1260 jev BUILD NAPOWR HOLD (开局序列前置位保护: 等 NAPOWR)
[13:57:22] t=1260 jev INF E2 (conf 0.35)
[13:57:22] t=1260 jev VEH DRON HOLD (预算保护 cash=74 aav帽=ok aav=0)
[13:57:22] t=1260 DEBT-GATE E2 x1 (debt=0 eff=74 < 90)
[13:57:22] t=1263 RUSH-DEFENSE ON (敌5压门 vs 守0) 动员兵爆产
[13:57:22] t=1263 DEBT-GATE NAPOWR x1 (debt=0 eff=74 < 600)
[13:57:24] t=1263 jev BUILD NAPOWR HOLD (开局序列前置位保护: 等 NAPOWR)
[13:57:24] t=1263 jev INF E2 (conf 0.30)
[13:57:24] t=1263 jev VEH DRON HOLD (预算保护 cash=74 aav帽=ok aav=0)
[13:57:24] t=1263 DEBT-GATE E2 x1 (debt=0 eff=74 < 90)
[13:57:24] t=1266 RUSH-DEFENSE ON (敌5压门 vs 守0) 动员兵爆产
[13:57:24] t=1266 DEBT-GATE NAPOWR x1 (debt=0 eff=74 < 600)
[13:57:26] t=1266 jev BUILD NAPOWR HOLD (开局序列前置位保护: 等 NAPOWR)
[13:57:26] t=1266 jev INF E2 (conf 0.40)
[13:57:26] t=1266 jev VEH DRON HOLD (预算保护 cash=74 aav帽=ok aav=0)
[13:57:26] t=1266 DEBT-GATE E2 x1 (debt=0 eff=74 < 90)
[13:57:26] t=1268 RUSH-DEFENSE ON (敌5压门 vs 守0) 动员兵爆产
[13:57:26] t=1268 DEBT-GATE NAPOWR x1 (debt=0 eff=74 < 600)
[13:57:27] t=1268 jev BUILD NAPOWR HOLD (开局序列前置位保护: 等 NAPOWR)
[13:57:27] t=1268 jev INF E2 (conf 0.35)
[13:57:27] t=1268 DEBT-GATE E2 x1 (debt=0 eff=74 < 90)
[13:57:28] t=1271 RUSH-DEFENSE ON (敌4压门 vs 守0) 动员兵爆产
[13:57:28] t=1271 DEBT-GATE NAPOWR x1 (debt=0 eff=74 < 600)
[13:57:29] t=1271 jev BUILD NAPOWR HOLD (开局序列前置位保护: 等 NAPOWR)
[13:57:29] t=1271 jev INF E2 (conf 0.32)
[13:57:29] t=1271 DEBT-GATE E2 x1 (debt=0 eff=74 < 90)
[13:57:30] t=1273 DEBT-GATE NAPOWR x1 (debt=0 eff=74 < 600)
[13:57:31] t=1273 jev BUILD NAPOWR HOLD (开局序列前置位保护: 等 NAPOWR)
[13:57:31] t=1273 jev INF E2 HOLD (预算保护 gate=False e2=0)
[13:57:31] t=1273 jev VEH HTK HOLD (预算保护 cash=74 aav帽=ok aav=0)
[13:57:31] t=1275 ALARM NAFLAK under attack -> TURTLE (5 v 12, 守塔阵不打野战)
[13:57:33] t=1275 jev INF E2 HOLD (预算保护 gate=False e2=4)
[13:57:33] t=1275 jev VEH DRON HOLD (预算保护 cash=74 aav帽=ok aav=0)
[13:57:35] t=1278 jev INF E2 HOLD (预算保护 gate=False e2=4)
[13:57:35] t=1278 jev VEH DRON HOLD (预算保护 cash=74 aav帽=ok aav=0)
[13:57:36] t=1280 jev INF E2 HOLD (预算保护 gate=False e2=4)
[13:57:36] t=1280 jev VEH DRON HOLD (预算保护 cash=74 aav帽=ok aav=0)
[13:57:38] t=1282 jev INF E2 HOLD (预算保护 gate=False e2=4)
[13:57:38] t=1282 jev VEH DRON HOLD (预算保护 cash=74 aav帽=ok aav=0)
[13:57:40] t=1285 jev INF E2 HOLD (预算保护 gate=False e2=4)
[13:57:40] t=1285 jev VEH DRON HOLD (预算保护 cash=74 aav帽=ok aav=0)
[13:57:40] t=1285 MOVE assault x5 -> 攻击目标#2507@(131,83); t=1285 SIEGE 清建筑 x5 -> #2507@(131,83)
[13:57:40] {"kind": "action", "what": "attack_obj", "name": null, "qty": null, "tid": 2507, "ts": "13:57:40"}
[13:57:40] t=1287 ALARM unit lost -> TURTLE (2 v 12, 守塔阵不打野战)
[13:57:42] t=1287 jev INF E2 HOLD (预算保护 gate=False e2=4)
[13:57:42] t=1287 jev VEH DRON HOLD (预算保护 cash=74 aav帽=ok aav=0)
[13:57:43] t=1289 jev INF E2 HOLD (预算保护 gate=False e2=3)
[13:57:45] t=1292 jev INF E2 HOLD (预算保护 gate=False e2=3)
[13:57:45] t=1292 jev VEH DRON HOLD (预算保护 cash=74 aav帽=ok aav=0)
[13:57:47] t=1294 jev INF E2 HOLD (预算保护 gate=False e2=3)
[13:57:47] t=1294 jev VEH DRON HOLD (预算保护 cash=74 aav帽=ok aav=0)
[13:57:47] t=1294 tick#550 credits=74 stance=defend | jev 550 decisions p50=1623ms
[13:57:48] t=1296 jev INF E2 HOLD (预算保护 gate=False e2=2)
[13:57:48] t=1296 jev VEH DRON HOLD (预算保护 cash=74 aav帽=ok aav=0)
[13:57:50] t=1299 jev INF E2 HOLD (预算保护 gate=False e2=2)
[13:57:50] t=1299 jev VEH DRON HOLD (预算保护 cash=74 aav帽=ok aav=0)
[13:57:52] t=1301 jev INF E2 HOLD (预算保护 gate=False e2=1)
[13:57:52] t=1301 jev VEH DRON HOLD (预算保护 cash=74 aav帽=ok aav=0)
[13:57:52] t=1301 MOVE assault x1 -> 攻击目标#2507@(131,83); t=1301 SIEGE 清建筑 x1 -> #2507@(131,83)
[13:57:52] {"kind": "action", "what": "attack_obj", "name": null, "qty": null, "tid": 2507, "ts": "13:57:52"}
[13:57:54] t=1303 jev INF E2 HOLD (预算保护 gate=False e2=0)
[13:57:55] t=1305 jev INF E2 HOLD (预算保护 gate=False e2=0)
[13:57:57] t=1308 jev INF E2 HOLD (预算保护 gate=False e2=0)
[13:57:59] t=1310 jev INF E2 HOLD (预算保护 gate=False e2=0)
[13:58:01] t=1315 OPENING REJECT NAPOWR (40gs 无进展, 拉黑)
[13:58:02] t=1315 jev INF E2 HOLD (预算保护 gate=False e2=0)
[13:58:04] t=1317 jev INF E2 HOLD (预算保护 gate=False e2=0)
[13:58:06] t=1320 jev INF E2 HOLD (预算保护 gate=False e2=0)
[13:58:08] t=1322 jev INF E2 HOLD (预算保护 gate=False e2=0)
[13:58:10] t=1324 jev INF E2 HOLD (预算保护 gate=False e2=0)
[13:58:11] t=1327 jev INF E2 HOLD (预算保护 gate=False e2=0)
[13:58:13] t=1329 jev INF E2 HOLD (预算保护 gate=False e2=0)
[13:58:15] t=1331 jev INF E2 HOLD (预算保护 gate=False e2=0)
[13:58:17] t=1334 jev INF E2 HOLD (预算保护 gate=False e2=0)
[13:58:18] t=1336 jev INF E2 HOLD (预算保护 gate=False e2=0)
[13:58:22] t=1341 jev INF E2 HOLD (预算保护 gate=False e2=0)
[13:58:24] t=1343 jev INF E2 HOLD (预算保护 gate=False e2=0)
[13:58:29] t=1350 jev INF E2 HOLD (预算保护 gate=False e2=0)
[13:58:30] t=1352 jev INF E2 HOLD (预算保护 gate=False e2=0)
[13:58:30] t=1352 tick#575 credits=74 stance=defend | jev 575 decisions p50=1623ms
[13:58:31] t=1355 OPENING REJECT NAREFN (40gs 无进展, 拉黑)
[13:58:34] t=1357 jev INF E2 HOLD (预算保护 gate=False e2=0)
[13:58:36] t=1359 jev INF E2 HOLD (预算保护 gate=False e2=0)
[13:58:37] t=1361 jev INF E2 HOLD (预算保护 gate=False e2=0)
[13:58:39] t=1364 jev INF E2 HOLD (预算保护 gate=False e2=0)
[13:58:43] t=1368 jev INF E2 HOLD (预算保护 gate=False e2=0)
[13:58:44] t=1371 jev INF E2 HOLD (预算保护 gate=False e2=0)
[13:58:46] t=1373 jev INF E2 HOLD (预算保护 gate=False e2=0)
[13:58:48] t=1375 jev INF E2 HOLD (预算保护 gate=False e2=0)
[13:58:49] t=1377 jev INF E2 HOLD (预算保护 gate=False e2=0)
[13:58:51] t=1380 jev INF E2 HOLD (预算保护 gate=False e2=0)
[13:58:58] t=1391 ALARM NALASR under attack -> TURTLE (4 v 13, 守塔阵不打野战)
[13:59:00] t=1391 jev INF E2 (conf 0.60)
[13:59:00] t=1391 DEBT-GATE E2 x1 (debt=0 eff=74 < 90)
[13:59:01] t=1393 jev INF E2 (conf 0.57)
[13:59:01] t=1393 DEBT-GATE E2 x1 (debt=0 eff=74 < 90)
[13:59:03] t=1396 jev INF E2 (conf 0.55)
[13:59:03] t=1396 DEBT-GATE E2 x1 (debt=0 eff=74 < 90)
[13:59:04] t=1398 jev INF E2 (conf 0.56)
[13:59:04] t=1398 DEBT-GATE E2 x1 (debt=0 eff=74 < 90)
[13:59:06] t=1400 jev INF E2 (conf 0.53)
[13:59:06] t=1400 DEBT-GATE E2 x1 (debt=0 eff=74 < 90)
[13:59:07] t=1402 jev INF E2 (conf 0.43)
[13:59:07] t=1402 DEBT-GATE E2 x1 (debt=0 eff=74 < 90)
[13:59:09] t=1404 jev INF E2 (conf 0.28)
[13:59:09] t=1404 DEBT-GATE E2 x1 (debt=0 eff=74 < 90)
[13:59:11] t=1406 jev INF E2 (conf 0.38)
[13:59:11] t=1406 DEBT-GATE E2 x1 (debt=0 eff=74 < 90)
[13:59:12] t=1408 jev INF E2 (conf 0.33)
[13:59:12] t=1408 DEBT-GATE E2 x1 (debt=0 eff=74 < 90)
[13:59:12] t=1408 tick#600 credits=74 stance=defend | jev 600 decisions p50=1623ms
[13:59:14] t=1410 jev INF E2 (conf 0.34)
[13:59:14] t=1410 DEBT-GATE E2 x1 (debt=0 eff=74 < 90)
[13:59:15] t=1412 jev INF E2 (conf 0.31)
[13:59:15] t=1412 DEBT-GATE E2 x1 (debt=0 eff=74 < 90)
[13:59:17] t=1414 MOVE assault x1 -> 攻击目标#2507@(131,83); t=1414 SIEGE 清建筑 x1 -> #2507@(131,83)
[13:59:17] {"kind": "action", "what": "attack_obj", "name": null, "qty": null, "tid": 2507, "ts": "13:59:17"}
[13:59:27] t=1428 jev STANCE defend->recover (conf 0.51)
[13:59:29] t=1432 OPENING REJECT NAWEAP (40gs 无进展, 拉黑)
[2026-10-06 13:59:40] {"kind": "report", "result": "defeat", "t": 1446, "ticks": 619, "crisis_ticks": 243, "stance": "defend", "jev": {"decisions": 618, "errors": 0, "input_tokens": 1969086, "output_tokens": 0, "p50_ms": 1623, "p95_ms": 1749}, "enemy_base": [134, 79], "ts": "2026-10-06 13:59:40"}
[13:59:40] REVIEW game#76 defeat → game-0076-review.md | changes=1
{
  "result": "defeat",
  "t": 1446,
  "ticks": 619,
  "crisis_ticks": 243,
  "stance": "defend",
  "jev": {
    "decisions": 618,
    "errors": 0,
    "input_tokens": 1969086,
    "output_tokens": 0,
    "p50_ms": 1623,
    "p95_ms": 1749
  },
  "enemy_base": [
    134,
    79
  ],
  "ts": "2026-10-06 13:59:40",
  "review": {
    "game_no": 76,
    "rootcause": "def overrun",
    "auto_tuned": 1
  }
}
