[14:06:41] 进局中(全自动)...
[14:07:41] {"kind": "start", "policy": "ra2web-jev-player/1.0", "maxDecisions": 999999, "micro": {"events": [{"kind": "micro", "t": 2, "what": "start"}], "loopN": 1, "on": true, "outcome": null, "stall": false}, "ts": "14:07:41"}
[14:07:41] === ra2web-jev-player start (tick=1.5s, max_decisions=999999) ===
[14:07:41] t=3 DEPLOY mcv
[14:07:41] {"kind": "action", "what": "deploy", "ids": [1042], "ts": "14:07:41"}
[14:07:41] {"kind": "action", "what": "deploy", "name": null, "qty": null, "tid": null, "ts": "14:07:41"}
[14:07:43] t=5 jev BUILD NAPOWR HOLD (开局序列前置位保护: 等 NAREFN)
[14:07:43] t=5 jev STANCE defend->develop (conf 0.92)
[14:07:45] t=7 jev BUILD NAPOWR HOLD (开局序列前置位保护: 等 NAREFN)
[14:07:46] t=9 jev BUILD NAPOWR HOLD (开局序列前置位保护: 等 NAREFN)
[14:07:48] t=11 jev BUILD NAPOWR HOLD (开局序列前置位保护: 等 NAREFN)
[14:07:49] t=13 jev BUILD NAPOWR HOLD (开局序列前置位保护: 等 NAREFN)
[14:07:51] t=15 jev BUILD NAPOWR HOLD (开局序列前置位保护: 等 NAREFN)
[14:07:52] t=17 jev BUILD NAPOWR HOLD (开局序列前置位保护: 等 NAREFN)
[14:07:54] t=19 jev BUILD NAPOWR HOLD (开局序列前置位保护: 等 NAREFN)
[14:07:55] t=21 jev BUILD NAPOWR HOLD (开局序列前置位保护: 等 NAREFN)
[14:07:57] t=23 jev BUILD NAPOWR HOLD (开局序列前置位保护: 等 NAREFN)
[14:07:58] t=25 jev BUILD NAPOWR HOLD (开局序列前置位保护: 等 NAREFN)
[14:08:00] t=27 jev BUILD NAPOWR HOLD (开局序列前置位保护: 等 NAREFN)
[14:08:01] t=29 jev BUILD NAPOWR HOLD (开局序列前置位保护: 等 NAREFN)
[14:08:03] t=31 jev BUILD NAPOWR HOLD (开局序列前置位保护: 等 NAREFN)
[14:08:04] t=33 jev BUILD NAPOWR HOLD (开局序列前置位保护: 等 NAREFN)
[14:08:06] t=35 jev BUILD NAPOWR HOLD (开局序列前置位保护: 等 NAREFN)
[14:08:07] t=37 jev BUILD NAPOWR HOLD (开局序列前置位保护: 等 NAREFN)
[14:08:09] t=39 jev BUILD NAPOWR HOLD (开局序列前置位保护: 等 NAREFN)
[14:08:10] t=41 jev BUILD NAPOWR HOLD (开局序列前置位保护: 等 NAREFN)
[14:08:11] t=43 OPENING REJECT NAREFN (40gs 无进展, 拉黑)
[14:08:11] t=43 OPENING FALLBACK -> legacy NAPOWR-first
[14:08:11] {"kind": "action", "what": "produce", "name": "NAPOWR", "qty": 1, "tid": null, "ts": "14:08:11"}
[14:08:11] t=43 OPENING BUILD NAPOWR
[14:08:18] t=51 tick#25 credits=9778 stance=develop | jev 25 decisions p50=812ms
[14:08:31] {"kind": "action", "what": "produce", "name": "NAREFN", "qty": 1, "tid": null, "ts": "14:08:31"}
[14:08:31] t=69 OPENING BUILD NAREFN
[14:08:55] t=101 tick#50 credits=8629 stance=develop | jev 50 decisions p50=824ms
[14:09:33] t=151 tick#75 credits=7420 stance=develop | jev 75 decisions p50=859ms
[14:09:40] {"kind": "action", "what": "produce", "name": "NAHAND", "qty": 1, "tid": null, "ts": "14:09:40"}
[14:09:40] t=161 OPENING BUILD NAHAND
[14:09:58] t=185 GARRISON E2 x2 (坦克真空期常驻驻军, have 0)
[14:09:58] t=185 DEFLINE NALASR (have 0)
[14:09:58] {"kind": "action", "what": "produce", "name": "E2", "qty": 2, "tid": null, "ts": "14:09:58"}
[14:09:58] {"kind": "action", "what": "produce", "name": "NALASR", "qty": 1, "tid": null, "ts": "14:09:58"}
[14:09:58] {"kind": "action", "what": "produce", "name": "NAWEAP", "qty": 1, "tid": null, "ts": "14:09:58"}
[14:09:58] t=185 OPENING BUILD NAWEAP
[14:10:02] t=189 MOVE hold_a x1 -> (138,72)
[14:10:02] {"kind": "action", "what": "attack_move", "name": null, "qty": null, "tid": null, "ts": "14:10:02"}
[14:10:04] t=193 GARRISON E2 x2 (坦克真空期常驻驻军, have 2)
[14:10:05] t=193 MOVE hold_b x1 -> (138,85)
[14:10:05] {"kind": "action", "what": "attack_move", "name": null, "qty": null, "tid": null, "ts": "14:10:05"}
[14:10:11] t=201 tick#100 credits=5897 stance=develop | jev 100 decisions p50=871ms
[14:10:16] t=209 DEFLINE NALASR (have 1)
[14:10:26] t=223 GARRISON E2 x2 (坦克真空期常驻驻军, have 2)
[14:10:26] {"kind": "action", "what": "produce", "name": "E2", "qty": 2, "tid": null, "ts": "14:10:26"}
[14:10:32] t=231 GARRISON E2 x2 (坦克真空期常驻驻军, have 4)
[14:10:41] t=243 ALARM enemy approaching -> counter 4 vs 1 -> [127, 84]
[14:10:41] {"kind": "action", "what": "attack_move", "name": null, "qty": null, "tid": null, "ts": "14:10:41"}
[14:10:42] t=243 jev INF E2 (conf 0.30)
[14:10:44] t=245 jev INF E2 (conf 0.41)
[14:10:45] t=247 jev INF E2 (conf 0.54)
[14:10:47] t=249 jev INF E2 (conf 0.41)
[14:10:48] t=251 jev INF E2 (conf 0.40)
[14:10:48] t=251 tick#125 credits=4448 stance=defend | jev 125 decisions p50=883ms
[14:10:50] t=253 jev INF E2 (conf 0.40)
[14:10:50] t=253 MOVE hold_a x2 -> (136,86); hold_b x2 -> (126,78)
[14:10:50] {"kind": "action", "what": "attack_move", "name": null, "qty": null, "tid": null, "ts": "14:10:50"}
[14:10:50] {"kind": "action", "what": "attack_move", "name": null, "qty": null, "tid": null, "ts": "14:10:50"}
[14:10:51] t=255 jev INF E2 (conf 0.42)
[14:10:51] {"kind": "action", "what": "produce", "name": "E2", "qty": 1, "tid": null, "ts": "14:10:51"}
[14:10:55] t=261 GARRISON E2 x2 (坦克真空期常驻驻军, have 5)
[14:10:56] t=261 jev INF E2 (conf 0.42)
[14:10:57] t=263 jev INF E2 (conf 0.40)
[14:10:59] t=265 jev INF E2 (conf 0.41)
[14:11:00] t=267 jev INF E2 (conf 0.41)
[14:11:01] t=269 DEFLINE NALASR (have 1)
[14:11:01] {"kind": "action", "what": "produce", "name": "NALASR", "qty": 1, "tid": null, "ts": "14:11:01"}
[14:11:02] t=269 jev INF E2 (conf 0.40)
[14:11:03] t=271 jev INF E2 (conf 0.42)
[14:11:05] t=273 jev INF E2 (conf 0.40)
[14:11:05] t=275 ECON harv#2
[14:11:05] t=275 TANK HTNK x2
[14:11:05] {"kind": "action", "what": "produce", "name": "HARV", "qty": 1, "tid": null, "ts": "14:11:05"}
[14:11:05] {"kind": "action", "what": "produce", "name": "HTNK", "qty": 2, "tid": null, "ts": "14:11:05"}
[14:11:05] {"kind": "action", "what": "produce", "name": "NAHAND", "qty": 1, "tid": null, "ts": "14:11:05"}
[14:11:05] t=275 OPENING BUILD NAHAND
[14:11:07] t=275 jev INF E2 (conf 0.34)
[14:11:08] t=277 jev INF E2 (conf 0.35)
[14:11:10] t=279 jev INF E2 (conf 0.35)
[14:11:11] t=281 jev INF E2 (conf 0.32)
[14:11:13] t=284 jev INF E2 (conf 0.34)
[14:11:15] t=286 jev INF E2 (conf 0.34)
[14:11:16] t=288 jev INF E2 (conf 0.31)
[14:11:16] {"kind": "action", "what": "produce", "name": "E2", "qty": 1, "tid": null, "ts": "14:11:16"}
[14:11:18] t=292 INSURE AA building
[14:11:18] t=292 DEFLINE NALASR (have 2)
[14:11:18] {"kind": "action", "what": "produce", "name": "NAFLAK", "qty": 1, "tid": null, "ts": "14:11:18"}
[14:11:20] t=295 GARRISON E2 x2 (坦克真空期常驻驻军, have 6)
[14:11:21] t=295 jev INF E2 (conf 0.30)
[14:11:23] t=297 jev INF E2 (conf 0.33)
[14:11:25] t=299 jev INF E2 (conf 0.32)
[14:11:25] t=301 POWER plant (reserve 55)
[14:11:25] {"kind": "action", "what": "produce", "name": "NAPOWR", "qty": 1, "tid": null, "ts": "14:11:25"}
[14:11:26] t=301 jev INF E2 (conf 0.30)
[14:11:28] t=303 jev INF E2 (conf 0.31)
[14:11:28] t=303 tick#150 credits=4080 stance=defend | jev 150 decisions p50=899ms
[14:11:43] t=323 jev INF E2 (conf 0.32)
[14:11:43] {"kind": "action", "what": "produce", "name": "E2", "qty": 1, "tid": null, "ts": "14:11:43"}
[14:11:44] t=325 jev BUILD NAREFN (conf 0.52)
[14:11:44] {"kind": "action", "what": "produce", "name": "NAREFN", "qty": 1, "tid": null, "ts": "14:11:44"}
[14:11:46] t=329 GARRISON E2 x2 (坦克真空期常驻驻军, have 7)
[14:11:47] t=329 jev INF E2 (conf 0.27)
[14:11:49] t=332 jev INF E2 (conf 0.30)
[14:11:51] t=334 jev INF E2 (conf 0.28)
[14:11:51] t=334 MOVE hold_a x4 -> (136,86); hold_b x3 -> (126,78)
[14:11:51] {"kind": "action", "what": "attack_move", "name": null, "qty": null, "tid": null, "ts": "14:11:51"}
[14:11:51] {"kind": "action", "what": "attack_move", "name": null, "qty": null, "tid": null, "ts": "14:11:51"}
[14:11:52] t=336 jev INF E2 (conf 0.30)
[14:11:54] t=338 jev INF E2 (conf 0.29)
[14:11:56] t=340 jev INF E2 (conf 0.30)
[14:11:57] t=343 jev INF E2 (conf 0.31)
[14:11:59] t=345 jev INF E2 (conf 0.30)
[14:12:01] t=347 jev INF E2 (conf 0.28)
[14:12:02] t=349 jev INF E2 (conf 0.29)
[14:12:04] t=351 jev INF E2 (conf 0.28)
[14:12:05] t=353 jev INF E2 (conf 0.28)
[14:12:07] t=356 jev INF E2 HOLD (预算保护 gate=False e2=7)
[14:12:09] t=358 jev INF E2 HOLD (预算保护 gate=False e2=7)
[14:12:09] t=358 tick#175 credits=648 stance=defend | jev 175 decisions p50=969ms
[14:12:09] t=360 GARRISON E2 x2 (坦克真空期常驻驻军, have 7)
[14:12:09] {"kind": "action", "what": "produce", "name": "E2", "qty": 2, "tid": null, "ts": "14:12:09"}
[14:12:49] t=412 tick#200 credits=0 stance=defend | jev 200 decisions p50=1121ms
[14:12:51] t=414 jev INF E2 HOLD (预算保护 gate=False e2=9)
[14:12:51] t=414 MOVE hold_a x5 -> (136,86); hold_b x4 -> (126,78)
[14:12:51] {"kind": "action", "what": "attack_move", "name": null, "qty": null, "tid": null, "ts": "14:12:51"}
[14:12:51] {"kind": "action", "what": "attack_move", "name": null, "qty": null, "tid": null, "ts": "14:12:51"}
[14:12:53] t=416 jev INF E2 HOLD (预算保护 gate=False e2=9)
[14:12:54] t=418 jev INF E2 HOLD (预算保护 gate=False e2=9)
[14:12:56] t=421 jev INF E2 HOLD (预算保护 gate=False e2=9)
[14:12:57] t=423 jev INF E2 HOLD (预算保护 gate=False e2=9)
[14:12:59] t=425 jev INF E2 HOLD (预算保护 gate=False e2=9)
[14:12:59] t=427 DEFLINE NALASR (have 2)
[14:12:59] {"kind": "action", "what": "produce", "name": "NALASR", "qty": 1, "tid": null, "ts": "14:12:59"}
[14:13:01] t=427 jev INF E2 (conf 0.29)
[14:13:01] {"kind": "action", "what": "produce", "name": "E2", "qty": 1, "tid": null, "ts": "14:13:01"}
[14:13:01] t=429 SCOUT #1104->[47, 186]
[14:13:01] {"kind": "action", "what": "attack_move", "name": null, "qty": null, "tid": null, "ts": "14:13:01"}
[14:13:06] t=434 jev INF E2 (conf 0.29)
[14:13:07] t=436 jev INF E2 (conf 0.29)
[14:13:09] t=438 jev INF E2 (conf 0.28)
[14:13:11] t=440 jev INF E2 (conf 0.28)
[14:13:12] t=443 jev INF E2 (conf 0.30)
[14:13:14] t=445 jev INF E2 HOLD (预算保护 gate=False e2=10)
[14:13:16] t=447 jev INF E2 HOLD (预算保护 gate=False e2=10)
[14:13:17] t=449 jev INF E2 HOLD (预算保护 gate=False e2=10)
[14:13:19] t=451 jev INF E2 HOLD (预算保护 gate=False e2=10)
[14:13:20] t=453 jev INF E2 HOLD (预算保护 gate=False e2=10)
[14:13:22] t=456 jev INF E2 HOLD (预算保护 gate=False e2=10)
[14:13:25] t=460 jev INF E2 HOLD (预算保护 gate=False e2=10)
[14:13:27] t=462 jev INF E2 HOLD (预算保护 gate=False e2=10)
[14:13:29] t=464 jev INF E2 HOLD (预算保护 gate=False e2=10)
[14:13:30] t=466 jev INF E2 HOLD (预算保护 gate=False e2=10)
[14:13:30] t=466 tick#225 credits=0 stance=defend | jev 225 decisions p50=1141ms
[14:13:32] t=469 jev INF E2 HOLD (预算保护 gate=False e2=10)
[14:13:33] t=471 jev INF E2 HOLD (预算保护 gate=False e2=10)
[14:13:35] t=473 jev INF E2 HOLD (预算保护 gate=False e2=10)
[14:13:37] t=475 jev INF E2 HOLD (预算保护 gate=False e2=10)
[14:13:38] t=477 jev INF E2 HOLD (预算保护 gate=False e2=10)
[14:13:40] t=479 jev INF E2 HOLD (预算保护 gate=False e2=10)
[14:13:42] t=482 jev INF E2 HOLD (预算保护 gate=False e2=10)
[14:13:43] t=484 jev INF E2 HOLD (预算保护 gate=False e2=10)
[14:13:45] t=486 jev INF E2 HOLD (预算保护 gate=False e2=10)
[14:13:47] t=488 jev INF E2 HOLD (预算保护 gate=False e2=10)
[14:13:48] t=490 jev INF E2 HOLD (预算保护 gate=False e2=10)
[14:13:50] t=493 jev INF E2 HOLD (预算保护 gate=False e2=10)
[14:13:51] t=495 jev INF E2 HOLD (预算保护 gate=False e2=10)
[14:13:51] t=495 MOVE hold_a x5 -> (136,86); hold_b x5 -> (126,78)
[14:13:51] {"kind": "action", "what": "attack_move", "name": null, "qty": null, "tid": null, "ts": "14:13:51"}
[14:13:51] {"kind": "action", "what": "attack_move", "name": null, "qty": null, "tid": null, "ts": "14:13:51"}
[14:13:55] t=501 TANK HTNK x2
[14:13:55] {"kind": "action", "what": "produce", "name": "HTNK", "qty": 2, "tid": null, "ts": "14:13:55"}
[14:13:56] t=501 MOVE assault x1 -> (137,82)
[14:13:56] {"kind": "action", "what": "attack_move", "name": null, "qty": null, "tid": null, "ts": "14:13:56"}
[14:14:00] t=506 jev BUILD NAREFN (conf 0.49)
[14:14:00] {"kind": "action", "what": "produce", "name": "NAREFN", "qty": 1, "tid": null, "ts": "14:14:00"}
[14:14:03] t=510 jev INF E2 (conf 0.28)
[14:14:03] {"kind": "action", "what": "produce", "name": "E2", "qty": 1, "tid": null, "ts": "14:14:03"}
[14:14:08] t=517 jev INF E2 (conf 0.31)
[14:14:09] t=519 MOVE assault x1 -> (137,82)
[14:14:09] {"kind": "action", "what": "attack_move", "name": null, "qty": null, "tid": null, "ts": "14:14:09"}
[14:14:11] t=521 tick#250 credits=1044 stance=defend | jev 250 decisions p50=1193ms
[14:14:22] t=536 MOVE assault x1 -> (137,82)
[14:14:23] {"kind": "action", "what": "attack_move", "name": null, "qty": null, "tid": null, "ts": "14:14:23"}
[14:14:24] t=538 MOVE guard x1 -> (137,82)
[14:14:24] {"kind": "action", "what": "attack_move", "name": null, "qty": null, "tid": null, "ts": "14:14:24"}
[14:14:36] t=554 MOVE assault x1 -> (137,82)
[14:14:36] {"kind": "action", "what": "attack_move", "name": null, "qty": null, "tid": null, "ts": "14:14:36"}
[14:14:49] t=571 MOVE assault x1 -> (137,82)
[14:14:49] {"kind": "action", "what": "attack_move", "name": null, "qty": null, "tid": null, "ts": "14:14:49"}
[14:14:52] t=576 MOVE hold_a x6 -> (136,86); hold_b x5 -> (126,78)
[14:14:52] {"kind": "action", "what": "attack_move", "name": null, "qty": null, "tid": null, "ts": "14:14:52"}
[14:14:52] {"kind": "action", "what": "attack_move", "name": null, "qty": null, "tid": null, "ts": "14:14:52"}
[14:14:52] t=576 tick#275 credits=0 stance=defend | jev 275 decisions p50=1356ms
[14:14:55] t=580 MOVE guard x1 -> (137,82)
[14:14:55] {"kind": "action", "what": "attack_move", "name": null, "qty": null, "tid": null, "ts": "14:14:55"}
[14:14:57] t=585 ALARM enemy approaching -> counter 13 vs 2 -> [121, 83]
[14:14:57] {"kind": "action", "what": "attack_move", "name": null, "qty": null, "tid": null, "ts": "14:14:57"}
[14:14:57] t=585 SCOUT* #1104->[14, 115]
[14:14:57] {"kind": "action", "what": "attack_move", "name": null, "qty": null, "tid": null, "ts": "14:14:57"}
[14:15:01] t=589 RETREAT E2(26%)
[14:15:01] {"kind": "action", "what": "move", "name": null, "qty": null, "tid": null, "ts": "14:15:01"}
[14:15:06] t=594 jev INF E2 HOLD (预算保护 gate=False e2=10)
[14:15:06] t=594 MOVE assault x1 -> (137,82); hold_a x5 -> (131,86); hold_b x5 -> (127,74)
[14:15:06] {"kind": "action", "what": "attack_move", "name": null, "qty": null, "tid": null, "ts": "14:15:06"}
[14:15:06] {"kind": "action", "what": "attack_move", "name": null, "qty": null, "tid": null, "ts": "14:15:06"}
[14:15:06] {"kind": "action", "what": "attack_move", "name": null, "qty": null, "tid": null, "ts": "14:15:06"}
[14:15:06] t=596 ALARM enemy approaching -> counter 11 vs 2 -> [125, 82]
[14:15:06] {"kind": "action", "what": "attack_move", "name": null, "qty": null, "tid": null, "ts": "14:15:06"}
[14:15:06] t=596 RETREAT E2(33%)
[14:15:06] {"kind": "action", "what": "move", "name": null, "qty": null, "tid": null, "ts": "14:15:06"}
[14:15:10] t=601 RETREAT E2(25%)
[14:15:10] {"kind": "action", "what": "move", "name": null, "qty": null, "tid": null, "ts": "14:15:10"}
[14:15:13] t=604 jev INF E2 HOLD (预算保护 gate=False e2=8)
[14:15:15] t=606 MOVE hold_a x4 -> (130,86); hold_b x4 -> (128,73)
[14:15:15] {"kind": "action", "what": "attack_move", "name": null, "qty": null, "tid": null, "ts": "14:15:15"}
[14:15:15] {"kind": "action", "what": "attack_move", "name": null, "qty": null, "tid": null, "ts": "14:15:15"}
[14:15:15] t=608 ALARM enemy approaching -> counter 10 vs 3 -> [121, 81]
[14:15:15] {"kind": "action", "what": "attack_move", "name": null, "qty": null, "tid": null, "ts": "14:15:15"}
[14:15:17] t=611 RETREAT E2(31%)
[14:15:17] {"kind": "action", "what": "move", "name": null, "qty": null, "tid": null, "ts": "14:15:17"}
[14:15:22] t=615 jev INF E2 HOLD (预算保护 gate=False e2=8)
[14:15:24] t=618 MOVE assault x1 -> (137,82); hold_a x4 -> (131,86); hold_b x4 -> (127,74)
[14:15:24] {"kind": "action", "what": "attack_move", "name": null, "qty": null, "tid": null, "ts": "14:15:24"}
[14:15:24] {"kind": "action", "what": "attack_move", "name": null, "qty": null, "tid": null, "ts": "14:15:24"}
[14:15:24] {"kind": "action", "what": "attack_move", "name": null, "qty": null, "tid": null, "ts": "14:15:24"}
[14:15:24] t=620 ALARM enemy approaching -> counter 8 vs 2 -> [128, 81]
[14:15:24] {"kind": "action", "what": "attack_move", "name": null, "qty": null, "tid": null, "ts": "14:15:24"}
[14:15:24] t=620 RETREAT E2(31%)
[14:15:24] {"kind": "action", "what": "move", "name": null, "qty": null, "tid": null, "ts": "14:15:24"}
[14:15:26] t=620 jev INF E2 HOLD (预算保护 gate=False e2=8)
[14:15:28] t=623 jev INF E2 HOLD (预算保护 gate=False e2=8)
[14:15:29] t=625 jev INF E2 HOLD (预算保护 gate=False e2=8)
[14:15:31] t=627 jev INF E2 HOLD (预算保护 gate=False e2=8)
[14:15:33] t=630 jev INF E2 HOLD (预算保护 gate=False e2=8)
[14:15:33] t=630 MOVE guard x1 -> (137,82)
[14:15:33] {"kind": "action", "what": "attack_move", "name": null, "qty": null, "tid": null, "ts": "14:15:33"}
[14:15:34] t=632 jev INF E2 HOLD (预算保护 gate=False e2=8)
[14:15:36] t=634 jev INF E2 HOLD (预算保护 gate=False e2=8)
[14:15:36] t=634 MOVE assault x1 -> (137,82)
[14:15:36] {"kind": "action", "what": "attack_move", "name": null, "qty": null, "tid": null, "ts": "14:15:36"}
[14:15:36] t=634 tick#300 credits=0 stance=defend | jev 300 decisions p50=1370ms
[14:15:38] t=637 jev INF E2 HOLD (预算保护 gate=False e2=8)
[14:15:40] t=639 jev INF E2 HOLD (预算保护 gate=False e2=8)
[14:15:41] t=641 jev INF E2 (conf 0.39)
[14:15:41] {"kind": "action", "what": "produce", "name": "E2", "qty": 1, "tid": null, "ts": "14:15:41"}
[14:15:43] t=646 SCOUT* #1104->[14, 118]
[14:15:43] {"kind": "action", "what": "attack_move", "name": null, "qty": null, "tid": null, "ts": "14:15:43"}
[14:15:46] t=648 jev INF E2 HOLD (预算保护 gate=False e2=9)
[14:15:47] t=650 ALARM enemy approaching -> counter 9 vs 1 -> [116, 84]
[14:15:47] {"kind": "action", "what": "attack_move", "name": null, "qty": null, "tid": null, "ts": "14:15:47"}
[14:15:48] t=650 jev INF E2 HOLD (预算保护 gate=False e2=9)
[14:15:48] t=653 SCOUT2 #1112->[66, 121]
[14:15:48] {"kind": "action", "what": "attack_move", "name": null, "qty": null, "tid": null, "ts": "14:15:48"}
[14:15:50] t=653 jev INF E2 HOLD (预算保护 gate=False e2=9)
[14:15:50] t=653 jev VEH DRON HOLD (预算保护 cash=516 aav帽=ok aav=0)
[14:15:50] t=655 ECON harv#4
[14:15:50] {"kind": "action", "what": "produce", "name": "HARV", "qty": 1, "tid": null, "ts": "14:15:50"}
[14:15:52] t=655 jev INF E2 (conf 0.59)
[14:15:53] t=657 jev INF E2 (conf 0.59)
[14:15:55] t=660 jev INF E2 (conf 0.59)
[14:15:55] t=660 MOVE assault x2 -> (137,82); hold_a x5 -> (132,86)
[14:15:55] {"kind": "action", "what": "attack_move", "name": null, "qty": null, "tid": null, "ts": "14:15:55"}
[14:15:55] {"kind": "action", "what": "attack_move", "name": null, "qty": null, "tid": null, "ts": "14:15:55"}
[14:15:56] t=662 ALARM enemy approaching -> counter 9 vs 5 -> [119, 85]
[14:15:56] {"kind": "action", "what": "attack_move", "name": null, "qty": null, "tid": null, "ts": "14:15:56"}
[14:15:56] t=662 RETREAT E2(0%)
[14:15:56] {"kind": "action", "what": "move", "name": null, "qty": null, "tid": null, "ts": "14:15:56"}
[14:15:57] t=662 jev INF E2 (conf 0.61)
[14:15:57] t=665 RETREAT E2(19%)
[14:15:58] {"kind": "action", "what": "move", "name": null, "qty": null, "tid": null, "ts": "14:15:58"}
[14:15:59] t=665 jev INF E2 (conf 0.62)
[14:16:01] t=667 jev INF E2 (conf 0.61)
[14:16:01] t=669 RETREAT E2(33%)
[14:16:01] {"kind": "action", "what": "move", "name": null, "qty": null, "tid": null, "ts": "14:16:01"}
[14:16:03] t=669 jev INF E2 (conf 0.57)
[14:16:03] t=672 POWER plant (reserve 55)
[14:16:03] {"kind": "action", "what": "produce", "name": "NAPOWR", "qty": 1, "tid": null, "ts": "14:16:03"}
[14:16:04] t=672 jev INF E2 (conf 0.58)
[14:16:04] t=672 MOVE hold_a x3 -> (138,72); hold_b x2 -> (138,85); guard x1 -> (137,82)
[14:16:04] {"kind": "action", "what": "attack_move", "name": null, "qty": null, "tid": null, "ts": "14:16:04"}
[14:16:05] {"kind": "action", "what": "attack_move", "name": null, "qty": null, "tid": null, "ts": "14:16:05"}
[14:16:05] {"kind": "action", "what": "attack_move", "name": null, "qty": null, "tid": null, "ts": "14:16:05"}
[14:16:05] t=674 ALARM enemy approaching -> counter 7 vs 4 -> [121, 84]
[14:16:05] {"kind": "action", "what": "attack_move", "name": null, "qty": null, "tid": null, "ts": "14:16:05"}
[14:16:06] t=674 jev INF E2 HOLD (预算保护 gate=False e2=5)
[14:16:08] t=677 jev INF E2 HOLD (预算保护 gate=False e2=5)
[14:16:10] t=679 jev INF E2 HOLD (预算保护 gate=False e2=5)
[14:16:12] t=682 jev INF E2 (conf 0.63)
[14:16:12] {"kind": "action", "what": "produce", "name": "E2", "qty": 1, "tid": null, "ts": "14:16:12"}
[14:16:14] t=684 MOVE assault x2 -> (137,82); hold_a x3 -> (132,86); hold_b x2 -> (127,74)
[14:16:14] {"kind": "action", "what": "attack_move", "name": null, "qty": null, "tid": null, "ts": "14:16:14"}
[14:16:14] {"kind": "action", "what": "attack_move", "name": null, "qty": null, "tid": null, "ts": "14:16:14"}
[14:16:14] {"kind": "action", "what": "attack_move", "name": null, "qty": null, "tid": null, "ts": "14:16:14"}
[14:16:14] t=687 ALARM enemy approaching -> counter 7 vs 4 -> [121, 84]
[14:16:14] {"kind": "action", "what": "attack_move", "name": null, "qty": null, "tid": null, "ts": "14:16:14"}
[14:16:14] t=687 RETREAT HTNK(32%)
[14:16:14] {"kind": "action", "what": "move", "name": null, "qty": null, "tid": null, "ts": "14:16:14"}
[14:16:18] t=689 jev INF E2 (conf 0.63)
[14:16:18] t=689 jev STANCE defend->rush (conf 0.46)
[14:16:18] t=692 ESCORT 坦克#1112 -> 护航矿车@[125, 103]
[14:16:18] {"kind": "action", "what": "attack_move", "name": null, "qty": null, "tid": null, "ts": "14:16:18"}
[14:16:19] t=692 jev INF E2 (conf 0.54)
[14:16:21] t=694 tick#325 credits=751 stance=rush | jev 325 decisions p50=1380ms
[14:16:21] t=697 DEBT-GATE NAREFN x1 (debt=0 eff=694 < 2000)
[14:16:23] t=697 jev BUILD NAREFN (conf 0.27)
[14:16:23] t=697 DEBT-GATE NAREFN x1 (debt=0 eff=694 < 2000)
[14:16:23] t=697 MOVE assault x2 -> (66,121)
[14:16:23] {"kind": "action", "what": "attack_move", "name": null, "qty": null, "tid": null, "ts": "14:16:23"}
[14:16:23] t=699 DEBT-GATE NAREFN x1 (debt=0 eff=636 < 2000)
[14:16:25] t=699 jev BUILD NAREFN (conf 0.30)
[14:16:25] t=699 jev INF E2 HOLD (预算保护 gate=False e2=6)
[14:16:25] t=699 DEBT-GATE NAREFN x1 (debt=0 eff=636 < 2000)
[14:16:25] t=701 DEBT-GATE NAREFN x1 (debt=0 eff=581 < 2000)
[14:16:26] t=701 jev BUILD NAREFN (conf 0.28)
[14:16:26] t=701 jev INF E2 HOLD (预算保护 gate=False e2=6)
[14:16:26] t=701 DEBT-GATE NAREFN x1 (debt=0 eff=581 < 2000)
[14:16:27] t=703 DEBT-GATE NAREFN x1 (debt=0 eff=526 < 2000)
[14:16:28] t=703 jev BUILD NAREFN (conf 0.30)
[14:16:28] t=703 DEBT-GATE NAREFN x1 (debt=0 eff=526 < 2000)
[14:16:28] t=706 SCOUT* #1104->[14, 125]
[14:16:28] {"kind": "action", "what": "attack_move", "name": null, "qty": null, "tid": null, "ts": "14:16:28"}
[14:16:28] t=706 DEBT-GATE NAREFN x1 (debt=0 eff=471 < 2000)
[14:16:30] t=706 jev BUILD NAREFN (conf 0.28)
[14:16:30] t=706 DEBT-GATE NAREFN x1 (debt=0 eff=471 < 2000)
[14:16:30] t=708 DEBT-GATE NAREFN x1 (debt=0 eff=412 < 2000)
[14:16:32] t=708 jev BUILD NAREFN (conf 0.29)
[14:16:32] t=708 DEBT-GATE NAREFN x1 (debt=0 eff=412 < 2000)
[14:16:32] t=710 DEBT-GATE NAREFN x1 (debt=0 eff=356 < 2000)
[14:16:33] t=710 jev BUILD NAREFN (conf 0.30)
[14:16:33] t=710 DEBT-GATE NAREFN x1 (debt=0 eff=356 < 2000)
[14:16:34] t=713 DEBT-GATE NAREFN x1 (debt=0 eff=305 < 2000)
[14:16:35] t=713 jev BUILD NAREFN (conf 0.31)
[14:16:35] t=713 jev VEH HTNK HOLD (预算保护 cash=305 aav帽=ok aav=0)
[14:16:35] t=713 DEBT-GATE NAREFN x1 (debt=0 eff=305 < 2000)
[14:16:35] t=713 MOVE assault x2 -> (66,121); guard x1 -> (137,82)
[14:16:35] {"kind": "action", "what": "attack_move", "name": null, "qty": null, "tid": null, "ts": "14:16:35"}
[14:16:35] {"kind": "action", "what": "attack_move", "name": null, "qty": null, "tid": null, "ts": "14:16:35"}
[14:16:35] t=715 DEBT-GATE NAREFN x1 (debt=0 eff=305 < 2000)
[14:16:37] t=715 jev BUILD NAREFN (conf 0.29)
[14:16:37] t=715 jev VEH HTNK HOLD (预算保护 cash=305 aav帽=ok aav=0)
[14:16:37] t=715 DEBT-GATE NAREFN x1 (debt=0 eff=305 < 2000)
[14:16:37] t=717 DEBT-GATE NAREFN x1 (debt=0 eff=305 < 2000)
[14:16:39] t=717 jev BUILD NAREFN (conf 0.30)
[14:16:39] t=717 jev VEH HTNK HOLD (预算保护 cash=305 aav帽=ok aav=0)
[14:16:39] t=717 DEBT-GATE NAREFN x1 (debt=0 eff=305 < 2000)
[14:16:39] t=720 DEBT-GATE NAREFN x1 (debt=0 eff=305 < 2000)
[14:16:40] t=720 jev BUILD NAREFN (conf 0.31)
[14:16:40] t=720 jev VEH HTNK HOLD (预算保护 cash=305 aav帽=ok aav=0)
[14:16:40] t=720 DEBT-GATE NAREFN x1 (debt=0 eff=305 < 2000)
[14:16:40] t=722 DEBT-GATE NAREFN x1 (debt=0 eff=305 < 2000)
[14:16:42] t=722 jev BUILD NAREFN (conf 0.31)
[14:16:42] t=722 jev INF E2 HOLD (预算保护 gate=False e2=6)
[14:16:42] t=722 jev VEH HTNK HOLD (预算保护 cash=305 aav帽=ok aav=0)
[14:16:42] t=722 DEBT-GATE NAREFN x1 (debt=0 eff=305 < 2000)
[14:16:42] t=724 DEBT-GATE NAREFN x1 (debt=0 eff=305 < 2000)
[14:16:44] t=724 jev BUILD NAREFN (conf 0.30)
[14:16:44] t=724 jev INF E2 HOLD (预算保护 gate=False e2=6)
[14:16:44] t=724 jev VEH HTNK HOLD (预算保护 cash=305 aav帽=ok aav=0)
[14:16:44] t=724 DEBT-GATE NAREFN x1 (debt=0 eff=305 < 2000)
[14:16:44] t=727 DEBT-GATE NAREFN x1 (debt=0 eff=305 < 2000)
[14:16:45] t=727 jev BUILD NAREFN (conf 0.33)
[14:16:45] t=727 jev INF E2 HOLD (预算保护 gate=False e2=6)
[14:16:45] t=727 jev VEH HTNK HOLD (预算保护 cash=305 aav帽=ok aav=0)
[14:16:45] t=727 DEBT-GATE NAREFN x1 (debt=0 eff=305 < 2000)
[14:16:46] t=729 DEBT-GATE NAREFN x1 (debt=0 eff=305 < 2000)
[14:16:47] t=729 jev BUILD NAREFN (conf 0.31)
[14:16:47] t=729 jev INF E2 HOLD (预算保护 gate=False e2=6)
[14:16:47] t=729 jev VEH HTNK HOLD (预算保护 cash=305 aav帽=ok aav=0)
[14:16:47] t=729 DEBT-GATE NAREFN x1 (debt=0 eff=305 < 2000)
[14:16:47] t=729 MOVE assault x2 -> (66,121)
[14:16:47] {"kind": "action", "what": "attack_move", "name": null, "qty": null, "tid": null, "ts": "14:16:47"}
[14:16:47] t=731 DEBT-GATE NAREFN x1 (debt=0 eff=305 < 2000)
[14:16:49] t=731 jev BUILD NAREFN (conf 0.33)
[14:16:49] t=731 jev INF E2 HOLD (预算保护 gate=False e2=6)
[14:16:49] t=731 jev VEH HTNK HOLD (预算保护 cash=305 aav帽=ok aav=0)
[14:16:49] t=731 DEBT-GATE NAREFN x1 (debt=0 eff=305 < 2000)
[14:16:49] t=734 ESCORT 坦克#1112 -> 护航矿车@[127, 106]
[14:16:49] {"kind": "action", "what": "attack_move", "name": null, "qty": null, "tid": null, "ts": "14:16:49"}
[14:16:49] t=734 DEBT-GATE NAREFN x1 (debt=0 eff=305 < 2000)
[14:16:51] t=734 jev BUILD NAREFN (conf 0.33)
[14:16:51] t=734 jev INF E2 HOLD (预算保护 gate=False e2=6)
[14:16:51] t=734 jev VEH HTNK HOLD (预算保护 cash=305 aav帽=ok aav=0)
[14:16:51] t=734 DEBT-GATE NAREFN x1 (debt=0 eff=305 < 2000)
[14:16:51] t=736 DEBT-GATE NAREFN x1 (debt=0 eff=305 < 2000)
[14:16:52] t=736 jev BUILD NAREFN (conf 0.33)
[14:16:52] t=736 jev INF E2 HOLD (预算保护 gate=False e2=6)
[14:16:52] t=736 jev VEH HTNK HOLD (预算保护 cash=305 aav帽=ok aav=0)
[14:16:52] t=736 DEBT-GATE NAREFN x1 (debt=0 eff=305 < 2000)
[14:16:53] t=738 DEBT-GATE NAREFN x1 (debt=0 eff=305 < 2000)
[14:16:54] t=738 jev BUILD NAREFN (conf 0.32)
[14:16:54] t=738 jev INF E2 HOLD (预算保护 gate=False e2=6)
[14:16:54] t=738 jev VEH HTNK HOLD (预算保护 cash=305 aav帽=ok aav=0)
[14:16:54] t=738 DEBT-GATE NAREFN x1 (debt=0 eff=305 < 2000)
[14:16:54] t=741 DEBT-GATE NAREFN x1 (debt=0 eff=305 < 2000)
[14:16:56] t=741 jev BUILD NAREFN (conf 0.33)
[14:16:56] t=741 jev INF E2 HOLD (预算保护 gate=False e2=6)
[14:16:56] t=741 jev VEH HTNK HOLD (预算保护 cash=305 aav帽=ok aav=0)
[14:16:56] t=741 DEBT-GATE NAREFN x1 (debt=0 eff=305 < 2000)
[14:16:56] t=743 DEBT-GATE NAREFN x1 (debt=0 eff=305 < 2000)
[14:16:58] t=743 jev BUILD NAREFN (conf 0.33)
[14:16:58] t=743 jev INF E2 HOLD (预算保护 gate=False e2=6)
[14:16:58] t=743 jev VEH HTNK HOLD (预算保护 cash=305 aav帽=ok aav=0)
[14:16:58] t=743 DEBT-GATE NAREFN x1 (debt=0 eff=305 < 2000)
[14:16:58] t=745 DEBT-GATE NAREFN x1 (debt=0 eff=305 < 2000)
[14:16:59] t=745 jev BUILD NAREFN (conf 0.36)
[14:16:59] t=745 jev INF E2 HOLD (预算保护 gate=False e2=6)
[14:16:59] t=745 jev VEH DRON HOLD (预算保护 cash=305 aav帽=ok aav=0)
[14:16:59] t=745 DEBT-GATE NAREFN x1 (debt=0 eff=305 < 2000)
[14:16:59] t=745 MOVE assault x2 -> (66,121)
[14:16:59] {"kind": "action", "what": "attack_move", "name": null, "qty": null, "tid": null, "ts": "14:16:59"}
[14:17:00] t=747 DEBT-GATE NAREFN x1 (debt=0 eff=305 < 2000)
[14:17:01] t=747 jev BUILD NAREFN (conf 0.36)
[14:17:01] t=747 jev INF E2 HOLD (预算保护 gate=False e2=6)
[14:17:01] t=747 jev VEH DRON HOLD (预算保护 cash=305 aav帽=ok aav=0)
[14:17:01] t=747 DEBT-GATE NAREFN x1 (debt=0 eff=305 < 2000)
[14:17:01] t=750 DEBT-GATE NAREFN x1 (debt=0 eff=305 < 2000)
[14:17:03] t=750 jev BUILD NAREFN (conf 0.33)
[14:17:03] t=750 jev INF E2 HOLD (预算保护 gate=False e2=6)
[14:17:03] t=750 jev VEH DRON HOLD (预算保护 cash=305 aav帽=ok aav=0)
[14:17:03] t=750 DEBT-GATE NAREFN x1 (debt=0 eff=305 < 2000)
[14:17:03] t=752 DEBT-GATE NAREFN x1 (debt=0 eff=305 < 2000)
[14:17:05] t=752 jev BUILD NAREFN (conf 0.35)
[14:17:05] t=752 jev INF E2 HOLD (预算保护 gate=False e2=6)
[14:17:05] t=752 jev VEH DRON HOLD (预算保护 cash=305 aav帽=ok aav=0)
[14:17:05] t=752 DEBT-GATE NAREFN x1 (debt=0 eff=305 < 2000)
[14:17:05] t=752 tick#350 credits=305 stance=rush | jev 350 decisions p50=1387ms
[14:17:05] t=754 DEBT-GATE NAREFN x1 (debt=0 eff=305 < 2000)
[14:17:06] t=754 jev BUILD NAREFN (conf 0.40)
[14:17:06] t=754 jev INF E2 HOLD (预算保护 gate=False e2=6)
[14:17:06] t=754 jev VEH DRON HOLD (预算保护 cash=305 aav帽=ok aav=0)
[14:17:06] t=754 DEBT-GATE NAREFN x1 (debt=0 eff=305 < 2000)
[14:17:06] t=754 MOVE guard x1 -> (137,82)
[14:17:06] {"kind": "action", "what": "attack_move", "name": null, "qty": null, "tid": null, "ts": "14:17:06"}
[14:17:07] t=757 DEBT-GATE NAREFN x1 (debt=0 eff=305 < 2000)
[14:17:08] t=757 jev BUILD NAREFN (conf 0.39)
[14:17:08] t=757 jev INF E2 HOLD (预算保护 gate=False e2=6)
[14:17:08] t=757 jev VEH DRON HOLD (预算保护 cash=305 aav帽=ok aav=0)
[14:17:08] t=757 DEBT-GATE NAREFN x1 (debt=0 eff=305 < 2000)
[14:17:08] t=759 DEBT-GATE NAREFN x1 (debt=0 eff=305 < 2000)
[14:17:10] t=759 jev BUILD NAREFN (conf 0.42)
[14:17:10] t=759 jev INF E2 HOLD (预算保护 gate=False e2=6)
[14:17:10] t=759 jev VEH DRON HOLD (预算保护 cash=305 aav帽=ok aav=0)
[14:17:10] t=759 DEBT-GATE NAREFN x1 (debt=0 eff=305 < 2000)
[14:17:10] t=761 ENEMY BASE spotted @[75, 117]
[14:17:10] t=761 DEBT-GATE NAREFN x1 (debt=0 eff=305 < 2000)
[14:17:12] t=761 jev BUILD NAREFN (conf 0.43)
[14:17:12] t=761 jev INF E2 HOLD (预算保护 gate=False e2=6)
[14:17:12] t=761 jev VEH DRON HOLD (预算保护 cash=305 aav帽=ok aav=0)
[14:17:12] t=761 DEBT-GATE NAREFN x1 (debt=0 eff=305 < 2000)
[14:17:12] t=761 MOVE t=761 SIEGE LOCK-ON (my 4140 >= 1.5x en 1180, 敌经济死亡) 全军集结总攻; assault x9 -> 攻击目标#1070@(75,117); t=761 SIEGE 清建筑 x9 -> #1070@(75,117)
[14:17:12] {"kind": "action", "what": "attack_obj", "name": null, "qty": null, "tid": 1070, "ts": "14:17:12"}
[14:17:12] t=764 DEBT-GATE NAREFN x1 (debt=0 eff=305 < 2000)
[14:17:14] t=764 jev BUILD NAREFN (conf 0.41)
[14:17:14] t=764 jev VEH HARV HOLD (预算保护 cash=305 aav帽=ok aav=0)
[14:17:14] t=764 DEBT-GATE NAREFN x1 (debt=0 eff=305 < 2000)
[14:17:14] t=766 DEBT-GATE NAREFN x1 (debt=0 eff=305 < 2000)
[14:17:15] t=766 jev BUILD NAREFN (conf 0.44)
[14:17:15] t=766 jev VEH DRON HOLD (预算保护 cash=305 aav帽=ok aav=0)
[14:17:15] t=766 DEBT-GATE NAREFN x1 (debt=0 eff=305 < 2000)
[14:17:16] t=769 DEBT-GATE NAREFN x1 (debt=0 eff=305 < 2000)
[14:17:17] t=769 jev BUILD NAREFN (conf 0.42)
[14:17:17] t=769 jev VEH DRON HOLD (预算保护 cash=305 aav帽=ok aav=0)
[14:17:17] t=769 DEBT-GATE NAREFN x1 (debt=0 eff=305 < 2000)
[14:17:18] t=771 DEBT-GATE NAREFN x1 (debt=0 eff=305 < 2000)
[14:17:19] t=771 jev BUILD NAREFN (conf 0.44)
[14:17:19] t=771 jev INF E2 HOLD (预算保护 gate=False e2=6)
[14:17:19] t=771 jev VEH DRON HOLD (预算保护 cash=305 aav帽=ok aav=0)
[14:17:19] t=771 DEBT-GATE NAREFN x1 (debt=0 eff=305 < 2000)
[14:17:19] t=774 ESCORT 坦克#1112 -> 护航矿车@[129, 106]
[14:17:19] {"kind": "action", "what": "attack_move", "name": null, "qty": null, "tid": null, "ts": "14:17:19"}
[14:17:19] t=774 DEBT-GATE NAREFN x1 (debt=0 eff=305 < 2000)
[14:17:21] t=774 jev BUILD NAREFN (conf 0.44)
[14:17:21] t=774 jev VEH DRON HOLD (预算保护 cash=305 aav帽=ok aav=0)
[14:17:21] t=774 DEBT-GATE NAREFN x1 (debt=0 eff=305 < 2000)
[14:17:21] t=776 DEBT-GATE NAREFN x1 (debt=0 eff=305 < 2000)
[14:17:23] t=776 jev BUILD NAREFN (conf 0.44)
[14:17:23] t=776 jev INF E2 HOLD (预算保护 gate=False e2=6)
[14:17:23] t=776 jev VEH DRON HOLD (预算保护 cash=305 aav帽=ok aav=0)
[14:17:23] t=776 DEBT-GATE NAREFN x1 (debt=0 eff=305 < 2000)
[14:17:23] t=779 DEBT-GATE NAREFN x1 (debt=0 eff=305 < 2000)
[14:17:25] t=779 jev BUILD NAREFN (conf 0.44)
[14:17:25] t=779 jev VEH DRON HOLD (预算保护 cash=305 aav帽=ok aav=0)
[14:17:25] t=779 DEBT-GATE NAREFN x1 (debt=0 eff=305 < 2000)
[14:17:25] t=779 MOVE assault x9 -> 攻击目标#1070@(75,117); t=779 SIEGE 清建筑 x9 -> #1070@(75,117)
[14:17:25] {"kind": "action", "what": "attack_obj", "name": null, "qty": null, "tid": 1070, "ts": "14:17:25"}
[14:17:25] t=781 DEBT-GATE NAREFN x1 (debt=0 eff=305 < 2000)
[14:17:27] t=781 jev BUILD NAREFN (conf 0.45)
[14:17:27] t=781 jev VEH DRON HOLD (预算保护 cash=305 aav帽=ok aav=0)
[14:17:27] t=781 DEBT-GATE NAREFN x1 (debt=0 eff=305 < 2000)
[14:17:27] t=784 DEBT-GATE NAREFN x1 (debt=0 eff=305 < 2000)
[14:17:29] t=784 jev BUILD NAREFN (conf 0.43)
[14:17:29] t=784 jev INF E2 HOLD (预算保护 gate=False e2=6)
[14:17:29] t=784 jev VEH DRON HOLD (预算保护 cash=305 aav帽=ok aav=0)
[14:17:29] t=784 DEBT-GATE NAREFN x1 (debt=0 eff=305 < 2000)
[14:17:29] t=786 DEBT-GATE NAREFN x1 (debt=0 eff=305 < 2000)
[14:17:30] t=786 jev BUILD NAREFN (conf 0.43)
[14:17:30] t=786 jev INF E2 HOLD (预算保护 gate=False e2=6)
[14:17:30] t=786 jev VEH DRON HOLD (预算保护 cash=305 aav帽=ok aav=0)
[14:17:30] t=786 DEBT-GATE NAREFN x1 (debt=0 eff=305 < 2000)
[14:17:31] t=789 ECON harv#6
[14:17:31] {"kind": "action", "what": "produce", "name": "HARV", "qty": 1, "tid": null, "ts": "14:17:31"}
[14:17:31] t=789 DEBT-GATE NAREFN x1 (debt=1400 eff=30 < 2000)
[14:17:32] t=789 jev BUILD NAREFN (conf 0.35)
[14:17:32] t=789 jev INF E2 (conf 0.35)
[14:17:32] t=789 DEBT-GATE NAREFN x1 (debt=1400 eff=30 < 2000)
[14:17:32] t=789 DEBT-GATE E2 x1 (debt=1400 eff=30 < 90)
[14:17:32] t=789 MOVE assault x9 -> 攻击目标#1464@(75,114); t=789 SIEGE 清建筑 x9 -> #1464@(75,114)
[14:17:32] {"kind": "action", "what": "attack_obj", "name": null, "qty": null, "tid": 1464, "ts": "14:17:32"}
[14:17:33] {"kind": "action", "what": "produce", "name": "NAREFN", "qty": 1, "tid": null, "ts": "14:17:33"}
[14:17:33] t=791 OPENING BUILD NAREFN
[14:17:34] t=791 jev INF E2 (conf 0.33)
[14:17:34] t=791 DEBT-GATE E2 x1 (debt=2000 eff=-631 < 90)
[14:17:36] t=794 jev INF E2 (conf 0.28)
[14:17:36] {"kind": "action", "what": "produce", "name": "E2", "qty": 1, "tid": null, "ts": "14:17:36"}
[14:17:42] t=802 jev INF E2 (conf 0.30)
[14:17:46] t=807 MOVE assault x10 -> 攻击目标#1464@(75,114); t=807 SIEGE 清建筑 x10 -> #1464@(75,114)
[14:17:46] {"kind": "action", "what": "attack_obj", "name": null, "qty": null, "tid": 1464, "ts": "14:17:46"}
[14:17:46] t=809 ALARM enemy approaching -> RESCUE 预备队 3 人驰援远端 [107, 86]
[14:17:46] {"kind": "action", "what": "attack_move", "name": null, "qty": null, "tid": null, "ts": "14:17:46"}
[14:17:48] t=812 AIR-DEFENSE 2nd AA
[14:17:48] {"kind": "action", "what": "produce", "name": "NAFLAK", "qty": 1, "tid": null, "ts": "14:17:48"}
[14:17:50] t=812 jev INF E2 (conf 0.25)
[14:17:51] t=814 jev INF E2 (conf 0.23)
[14:17:51] t=814 tick#375 credits=2359 stance=rush | jev 375 decisions p50=1394ms
[14:17:54] t=817 jev INF E2 (conf 0.23)
[14:17:56] t=820 jev INF E2 (conf 0.23)
[14:17:56] t=820 MOVE assault x3 -> (137,82); t=820 AIR-EVADE assault x3 -> home (坦克打不到空中, 等AA猎杀); hold_a x4 -> (133,86); hold_b x3 -> (126,75)
[14:17:56] {"kind": "action", "what": "attack_move", "name": null, "qty": null, "tid": null, "ts": "14:17:56"}
[14:17:56] {"kind": "action", "what": "attack_move", "name": null, "qty": null, "tid": null, "ts": "14:17:56"}
[14:17:56] {"kind": "action", "what": "attack_move", "name": null, "qty": null, "tid": null, "ts": "14:17:56"}
[14:17:56] t=823 ALARM enemy approaching -> 攻势保持（塔阵守家, 前线 7 个单位继续进攻）
[14:17:58] t=823 jev INF E2 (conf 0.24)
[14:17:58] t=825 ALARM unit lost -> 攻势保持（塔阵守家, 前线 6 个单位继续进攻）
[14:18:00] t=825 jev INF E2 (conf 0.30)
[14:18:00] t=828 ALARM unit lost -> 攻势保持（塔阵守家, 前线 5 个单位继续进攻）
[14:18:00] t=828 RETREAT HTNK(30%)
[14:18:00] {"kind": "action", "what": "move", "name": null, "qty": null, "tid": null, "ts": "14:18:00"}
[14:18:02] t=828 jev INF E2 (conf 0.32)
[14:18:02] {"kind": "action", "what": "produce", "name": "E2", "qty": 1, "tid": null, "ts": "14:18:02"}
[14:18:02] t=830 ALARM enemy approaching -> RESCUE 预备队 3 人驰援远端 [120, 95]
[14:18:02] {"kind": "action", "what": "attack_move", "name": null, "qty": null, "tid": null, "ts": "14:18:02"}
[14:18:08] t=836 jev INF E2 (conf 0.51)
[14:18:10] t=838 jev INF E2 (conf 0.47)
[14:18:10] t=841 RETREAT HTNK(37%)
[14:18:10] {"kind": "action", "what": "move", "name": null, "qty": null, "tid": null, "ts": "14:18:10"}
[14:18:11] t=841 jev INF E2 (conf 0.50)
[14:18:11] t=841 MOVE assault x2 -> (137,82); t=841 AIR-EVADE assault x2 -> home (坦克打不到空中, 等AA猎杀)
[14:18:12] {"kind": "action", "what": "attack_move", "name": null, "qty": null, "tid": null, "ts": "14:18:12"}
[14:18:12] t=844 ALARM enemy approaching -> RESCUE 预备队 3 人驰援远端 [112, 87]
[14:18:12] {"kind": "action", "what": "attack_move", "name": null, "qty": null, "tid": null, "ts": "14:18:12"}
[14:18:14] t=844 jev INF E2 (conf 0.49)
[14:18:14] t=844 THREAT 0.57 -> force defend
[14:18:15] t=846 jev INF E2 (conf 0.53)
[14:18:16] t=849 HARASS DRON x2 (have 0)
[14:18:16] t=849 TANK HTNK x2
[14:18:16] {"kind": "action", "what": "produce", "name": "DRON", "qty": 2, "tid": null, "ts": "14:18:16"}
[14:18:16] t=849 DEBT-GATE HTNK x2 (debt=800 eff=1230 < 1800)
[14:18:17] t=849 jev INF E2 (conf 0.51)
[14:18:19] t=852 jev INF E2 (conf 0.51)
[14:18:21] t=854 jev INF E2 (conf 0.57)
[14:18:22] t=857 ALARM enemy approaching -> RESCUE 预备队 3 人驰援远端 [120, 94]
[14:18:22] {"kind": "action", "what": "attack_move", "name": null, "qty": null, "tid": null, "ts": "14:18:22"}
[14:18:23] t=857 jev INF E2 (conf 0.57)
[14:18:25] t=859 jev INF E2 (conf 0.58)
[14:18:27] t=862 jev INF E2 (conf 0.56)
[14:18:27] {"kind": "action", "what": "produce", "name": "E2", "qty": 1, "tid": null, "ts": "14:18:27"}
[14:18:31] t=867 MOVE raid x1 -> (114,103); assault x2 -> (137,82); t=867 SIEGE STAGING x2/8 (攒兵团, 齐冲再上)
[14:18:31] {"kind": "action", "what": "attack_move", "name": null, "qty": null, "tid": null, "ts": "14:18:31"}
[14:18:31] {"kind": "action", "what": "attack_move", "name": null, "qty": null, "tid": null, "ts": "14:18:31"}
[14:18:33] t=870 jev INF E2 HOLD (预算保护 gate=False e2=6)
[14:18:33] t=870 MOVE raid x1 -> (114,106); t=870 SIEGE STAGING x2/8 (攒兵团, 齐冲再上)
[14:18:33] {"kind": "action", "what": "attack_move", "name": null, "qty": null, "tid": null, "ts": "14:18:33"}
[14:18:35] t=873 jev INF E2 HOLD (预算保护 gate=False e2=6)
[14:18:35] t=873 MOVE raid x1 -> (114,109); t=873 SIEGE STAGING x2/8 (攒兵团, 齐冲再上)
[14:18:35] {"kind": "action", "what": "attack_move", "name": null, "qty": null, "tid": null, "ts": "14:18:35"}
[14:18:37] t=875 jev INF E2 HOLD (预算保护 gate=False e2=6)
[14:18:37] t=875 MOVE raid x1 -> (114,112); t=875 SIEGE STAGING x2/8 (攒兵团, 齐冲再上)
[14:18:37] {"kind": "action", "what": "attack_move", "name": null, "qty": null, "tid": null, "ts": "14:18:37"}
[14:18:39] t=878 jev INF E2 HOLD (预算保护 gate=False e2=6)
[14:18:39] t=878 MOVE raid x1 -> (114,115); t=878 SIEGE STAGING x2/8 (攒兵团, 齐冲再上)
[14:18:39] {"kind": "action", "what": "attack_move", "name": null, "qty": null, "tid": null, "ts": "14:18:39"}
[14:18:39] t=880 ESCORT 坦克#1688 -> 护航矿车@[129, 104]
[14:18:39] {"kind": "action", "what": "attack_move", "name": null, "qty": null, "tid": null, "ts": "14:18:39"}
[14:18:41] t=880 jev BUILD NARADR HOLD (资金闸门: 坦克优先, cash=460)
[14:18:41] t=880 jev INF E2 HOLD (预算保护 gate=False e2=6)
[14:18:41] t=880 jev VEH DRON HOLD (预算保护 cash=460 aav帽=ok aav=0)
[14:18:41] t=880 MOVE raid x2 -> (114,118); t=880 SIEGE STAGING x3/8 (攒兵团, 齐冲再上)
[14:18:41] {"kind": "action", "what": "attack_move", "name": null, "qty": null, "tid": null, "ts": "14:18:41"}
[14:18:41] t=880 tick#400 credits=460 stance=defend | jev 400 decisions p50=1401ms
[14:18:43] t=883 jev INF E2 HOLD (预算保护 gate=False e2=6)
[14:18:43] t=883 jev VEH DRON HOLD (预算保护 cash=460 aav帽=ok aav=0)
[14:18:43] t=883 MOVE raid x2 -> (113,120); t=883 SIEGE STAGING x3/8 (攒兵团, 齐冲再上)
[14:18:43] {"kind": "action", "what": "attack_move", "name": null, "qty": null, "tid": null, "ts": "14:18:43"}
[14:18:45] t=886 jev INF E2 HOLD (预算保护 gate=False e2=6)
[14:18:45] t=886 jev VEH DRON HOLD (预算保护 cash=460 aav帽=ok aav=0)
[14:18:45] t=886 MOVE raid x2 -> (112,123); assault x3 -> (137,82); t=886 SIEGE STAGING x3/8 (攒兵团, 齐冲再上)
[14:18:45] {"kind": "action", "what": "attack_move", "name": null, "qty": null, "tid": null, "ts": "14:18:45"}
[14:18:45] {"kind": "action", "what": "attack_move", "name": null, "qty": null, "tid": null, "ts": "14:18:45"}
[14:18:47] t=888 jev INF E2 HOLD (预算保护 gate=False e2=6)
[14:18:47] t=888 jev VEH DRON HOLD (预算保护 cash=460 aav帽=ok aav=0)
[14:18:47] t=888 MOVE raid x2 -> (112,126); t=888 SIEGE STAGING x3/8 (攒兵团, 齐冲再上)
[14:18:47] {"kind": "action", "what": "attack_move", "name": null, "qty": null, "tid": null, "ts": "14:18:47"}
[14:18:49] t=891 jev INF E2 HOLD (预算保护 gate=False e2=6)
[14:18:49] t=891 jev VEH DRON HOLD (预算保护 cash=460 aav帽=ok aav=0)
[14:18:49] t=891 MOVE raid x2 -> (112,129); t=891 SIEGE STAGING x3/8 (攒兵团, 齐冲再上)
[14:18:49] {"kind": "action", "what": "attack_move", "name": null, "qty": null, "tid": null, "ts": "14:18:49"}
[14:18:51] t=894 jev INF E2 HOLD (预算保护 gate=False e2=6)
[14:18:51] t=894 jev VEH DRON HOLD (预算保护 cash=460 aav帽=ok aav=0)
[14:18:51] t=894 MOVE raid x2 -> (112,132); t=894 SIEGE STAGING x3/8 (攒兵团, 齐冲再上)
[14:18:51] {"kind": "action", "what": "attack_move", "name": null, "qty": null, "tid": null, "ts": "14:18:51"}
[14:18:53] t=896 jev INF E2 HOLD (预算保护 gate=False e2=6)
[14:18:53] t=896 jev VEH DRON HOLD (预算保护 cash=460 aav帽=ok aav=0)
[14:18:53] t=896 MOVE raid x2 -> (114,134); t=896 SIEGE STAGING x3/8 (攒兵团, 齐冲再上)
[14:18:53] {"kind": "action", "what": "attack_move", "name": null, "qty": null, "tid": null, "ts": "14:18:53"}
[14:18:55] t=899 jev INF E2 HOLD (预算保护 gate=False e2=6)
[14:18:55] t=899 jev VEH HARV HOLD (预算保护 cash=460 aav帽=ok aav=0)
[14:18:57] t=902 jev INF E2 HOLD (预算保护 gate=False e2=6)
[14:18:57] t=902 jev VEH HARV HOLD (预算保护 cash=460 aav帽=ok aav=0)
[14:18:57] t=902 MOVE raid x2 -> (112,133); t=902 SIEGE STAGING x3/8 (攒兵团, 齐冲再上); hold_a x3 -> (133,86); hold_b x3 -> (126,75)
[14:18:57] {"kind": "action", "what": "attack_move", "name": null, "qty": null, "tid": null, "ts": "14:18:57"}
[14:18:57] {"kind": "action", "what": "attack_move", "name": null, "qty": null, "tid": null, "ts": "14:18:57"}
[14:18:57] {"kind": "action", "what": "attack_move", "name": null, "qty": null, "tid": null, "ts": "14:18:57"}
[14:18:59] t=904 jev INF E2 HOLD (预算保护 gate=False e2=6)
[14:18:59] t=904 jev VEH HARV HOLD (预算保护 cash=460 aav帽=ok aav=0)
[14:18:59] t=904 MOVE raid x2 -> (115,133); assault x3 -> (137,82); t=904 SIEGE STAGING x3/8 (攒兵团, 齐冲再上)
[14:18:59] {"kind": "action", "what": "attack_move", "name": null, "qty": null, "tid": null, "ts": "14:18:59"}
[14:18:59] {"kind": "action", "what": "attack_move", "name": null, "qty": null, "tid": null, "ts": "14:18:59"}
[14:19:01] t=907 jev INF E2 HOLD (预算保护 gate=False e2=6)
[14:19:01] t=907 jev VEH HARV HOLD (预算保护 cash=460 aav帽=ok aav=0)
[14:19:03] t=910 jev INF E2 HOLD (预算保护 gate=False e2=6)
[14:19:03] t=910 jev VEH HARV HOLD (预算保护 cash=460 aav帽=ok aav=0)
[14:19:05] t=912 jev INF E2 HOLD (预算保护 gate=False e2=6)
[14:19:05] t=912 jev VEH DRON HOLD (预算保护 cash=460 aav帽=ok aav=0)
[14:19:05] t=912 MOVE raid x2 -> (114,132); t=912 GHOST detected #1070@[75, 117] (集火150gs不倒, 拉黑); t=912 SIEGE STAGING x3/8 (攒兵团, 齐冲再上)
[14:19:05] {"kind": "action", "what": "attack_move", "name": null, "qty": null, "tid": null, "ts": "14:19:05"}
[14:19:05] t=915 ALARM unit lost -> TURTLE (6 v 16, 守塔阵不打野战)
[14:19:05] {"kind": "action", "what": "attack_move", "name": null, "qty": null, "tid": null, "ts": "14:19:05"}
[14:19:07] t=915 jev INF E2 HOLD (预算保护 gate=False e2=6)
[14:19:07] t=915 jev VEH DRON HOLD (预算保护 cash=460 aav帽=ok aav=0)
[14:19:09] t=917 jev INF E2 HOLD (预算保护 gate=False e2=6)
[14:19:09] t=917 jev VEH HTK HOLD (预算保护 cash=460 aav帽=ok aav=0)
[14:19:11] t=920 jev INF E2 HOLD (预算保护 gate=False e2=6)
[14:19:11] t=920 jev VEH HTK HOLD (预算保护 cash=460 aav帽=ok aav=0)
[14:19:13] t=923 jev INF E2 HOLD (预算保护 gate=False e2=6)
[14:19:13] t=923 jev VEH HTK HOLD (预算保护 cash=460 aav帽=ok aav=0)
[14:19:13] t=925 HARASS DRON x2 (have 1)
[14:19:13] t=925 AA HTK x2 (enemy air, alive 0)
[14:19:13] {"kind": "action", "what": "produce", "name": "DRON", "qty": 2, "tid": null, "ts": "14:19:13"}
[14:19:13] t=925 DEBT-GATE HTK x2 (debt=800 eff=785 < 1000)
[14:19:15] t=925 jev BUILD NARADR HOLD (资金闸门: 坦克优先, cash=1585)
[14:19:15] t=925 jev INF E2 (conf 0.43)
[14:19:15] {"kind": "action", "what": "produce", "name": "E2", "qty": 1, "tid": null, "ts": "14:19:15"}
[14:19:15] t=925 MOVE raid x1 -> (70,117); assault x2 -> (137,82); t=925 SIEGE STAGING x2/8 (攒兵团, 齐冲再上)
[14:19:15] {"kind": "action", "what": "attack_move", "name": null, "qty": null, "tid": null, "ts": "14:19:15"}
[14:19:15] {"kind": "action", "what": "attack_move", "name": null, "qty": null, "tid": null, "ts": "14:19:15"}
[14:19:20] t=933 jev INF E2 (conf 0.45)
[14:19:22] t=935 jev BUILD NARADR HOLD (资金闸门: 坦克优先, cash=1208)
[14:19:22] t=935 jev INF E2 (conf 0.47)
[14:19:22] t=935 MOVE raid x1 -> (78,121); t=935 SIEGE STAGING x2/8 (攒兵团, 齐冲再上)
[14:19:22] {"kind": "action", "what": "attack_move", "name": null, "qty": null, "tid": null, "ts": "14:19:22"}
[14:19:24] t=938 jev INF E2 (conf 0.47)
[14:19:24] t=941 ESCORT 坦克#1688 -> 护航矿车@[126, 104]
[14:19:24] {"kind": "action", "what": "attack_move", "name": null, "qty": null, "tid": null, "ts": "14:19:24"}
[14:19:26] t=941 jev INF E2 (conf 0.46)
[14:19:26] t=941 MOVE raid x2 -> (90,119); t=941 SIEGE STAGING x3/8 (攒兵团, 齐冲再上)
[14:19:26] {"kind": "action", "what": "attack_move", "name": null, "qty": null, "tid": null, "ts": "14:19:26"}
[14:19:28] t=943 jev INF E2 (conf 0.46)
[14:19:28] t=943 MOVE raid x2 -> (90,117); assault x3 -> (137,82); t=943 SIEGE STAGING x3/8 (攒兵团, 齐冲再上)
[14:19:28] {"kind": "action", "what": "attack_move", "name": null, "qty": null, "tid": null, "ts": "14:19:28"}
[14:19:28] {"kind": "action", "what": "attack_move", "name": null, "qty": null, "tid": null, "ts": "14:19:28"}
[14:19:30] t=946 jev INF E2 (conf 0.45)
[14:19:30] t=946 MOVE raid x2 -> (90,115); t=946 SIEGE STAGING x3/8 (攒兵团, 齐冲再上)
[14:19:30] {"kind": "action", "what": "attack_move", "name": null, "qty": null, "tid": null, "ts": "14:19:30"}
[14:19:30] t=946 tick#425 credits=921 stance=defend | jev 425 decisions p50=1424ms
[14:19:32] t=948 jev INF E2 (conf 0.47)
[14:19:32] t=948 MOVE raid x2 -> (90,112); t=948 SIEGE STAGING x3/8 (攒兵团, 齐冲再上)
[14:19:32] {"kind": "action", "what": "attack_move", "name": null, "qty": null, "tid": null, "ts": "14:19:32"}
[14:19:34] t=951 jev INF E2 HOLD (预算保护 gate=False e2=7)
[14:19:34] t=951 MOVE raid x2 -> (90,109); t=951 SIEGE STAGING x3/8 (攒兵团, 齐冲再上)
[14:19:34] {"kind": "action", "what": "attack_move", "name": null, "qty": null, "tid": null, "ts": "14:19:34"}
[14:19:36] t=954 jev INF E2 HOLD (预算保护 gate=False e2=7)
[14:19:36] t=954 MOVE raid x2 -> (90,106); t=954 SIEGE STAGING x3/8 (攒兵团, 齐冲再上)
[14:19:36] {"kind": "action", "what": "attack_move", "name": null, "qty": null, "tid": null, "ts": "14:19:36"}
[14:19:36] t=956 AA HTK x2 (enemy air, alive 0)
[14:19:36] t=956 DEBT-GATE HTK x2 (debt=0 eff=695 < 1000)
[14:19:38] t=956 jev INF E2 HOLD (预算保护 gate=False e2=7)
[14:19:38] t=956 jev VEH DRON HOLD (预算保护 cash=695 aav帽=ok aav=0)
[14:19:38] t=956 MOVE raid x3 -> (92,105); t=956 SIEGE STAGING x4/8 (攒兵团, 齐冲再上)
[14:19:38] {"kind": "action", "what": "attack_move", "name": null, "qty": null, "tid": null, "ts": "14:19:38"}
[14:19:38] t=959 TANK HTNK x2
[14:19:38] {"kind": "action", "what": "produce", "name": "HTNK", "qty": 2, "tid": null, "ts": "14:19:38"}
[14:19:38] t=959 DEBT-GATE NAWEAP x1 (debt=1800 eff=20 < 2000)
[14:19:40] t=959 jev INF E2 (conf 0.48)
[14:19:40] t=959 DEBT-GATE E2 x1 (debt=1800 eff=20 < 90)
[14:19:40] t=959 MOVE raid x3 -> (93,104); t=959 SIEGE STAGING x4/8 (攒兵团, 齐冲再上)
[14:19:40] {"kind": "action", "what": "attack_move", "name": null, "qty": null, "tid": null, "ts": "14:19:40"}
[14:19:42] t=961 jev INF E2 (conf 0.47)
[14:19:42] {"kind": "action", "what": "produce", "name": "E2", "qty": 1, "tid": null, "ts": "14:19:42"}
[14:19:42] t=961 MOVE raid x3 -> (95,102); assault x4 -> (137,82); t=961 SIEGE STAGING x4/8 (攒兵团, 齐冲再上)
[14:19:42] {"kind": "action", "what": "attack_move", "name": null, "qty": null, "tid": null, "ts": "14:19:42"}
[14:19:42] {"kind": "action", "what": "attack_move", "name": null, "qty": null, "tid": null, "ts": "14:19:42"}
[14:19:44] t=964 MOVE raid x3 -> (98,102); t=964 SIEGE STAGING x4/8 (攒兵团, 齐冲再上)
[14:19:44] {"kind": "action", "what": "attack_move", "name": null, "qty": null, "tid": null, "ts": "14:19:44"}
[14:19:44] t=967 ALARM unit lost -> TURTLE (9 v 16, 守塔阵不打野战)
[14:19:44] {"kind": "action", "what": "attack_move", "name": null, "qty": null, "tid": null, "ts": "14:19:44"}
[14:19:44] t=967 RETREAT E2(19%)
[14:19:44] {"kind": "action", "what": "move", "name": null, "qty": null, "tid": null, "ts": "14:19:44"}
[14:19:52] t=974 jev BUILD NARADR HOLD (资金闸门: 坦克优先, cash=1340)
[14:19:52] {"kind": "action", "what": "produce", "name": "NAWEAP", "qty": 1, "tid": null, "ts": "14:19:52"}
[14:19:52] t=977 OPENING BUILD NAWEAP
[14:19:53] t=977 MOVE raid x2 -> (102,99); t=977 SIEGE STAGING x3/8 (攒兵团, 齐冲再上)
[14:19:54] {"kind": "action", "what": "attack_move", "name": null, "qty": null, "tid": null, "ts": "14:19:54"}
[14:19:55] t=980 MOVE raid x2 -> (103,97); assault x3 -> (137,82); t=980 SIEGE STAGING x3/8 (攒兵团, 齐冲再上)
[14:19:55] {"kind": "action", "what": "attack_move", "name": null, "qty": null, "tid": null, "ts": "14:19:55"}
[14:19:56] {"kind": "action", "what": "attack_move", "name": null, "qty": null, "tid": null, "ts": "14:19:56"}
[14:19:57] t=982 MOVE raid x2 -> (103,94); t=982 SIEGE STAGING x3/8 (攒兵团, 齐冲再上); hold_a x4 -> (133,86); hold_b x3 -> (126,75)
[14:19:58] {"kind": "action", "what": "attack_move", "name": null, "qty": null, "tid": null, "ts": "14:19:58"}
[14:19:58] {"kind": "action", "what": "attack_move", "name": null, "qty": null, "tid": null, "ts": "14:19:58"}
[14:19:58] {"kind": "action", "what": "attack_move", "name": null, "qty": null, "tid": null, "ts": "14:19:58"}
[14:20:00] t=985 MOVE raid x2 -> (103,92); t=985 SIEGE STAGING x3/8 (攒兵团, 齐冲再上)
[14:20:00] {"kind": "action", "what": "attack_move", "name": null, "qty": null, "tid": null, "ts": "14:20:00"}
[14:20:00] t=988 RETREAT HTNK(18%)
[14:20:00] {"kind": "action", "what": "move", "name": null, "qty": null, "tid": null, "ts": "14:20:00"}
[14:20:02] t=988 MOVE raid x2 -> (104,90); t=988 SIEGE STAGING x3/8 (攒兵团, 齐冲再上)
[14:20:02] {"kind": "action", "what": "attack_move", "name": null, "qty": null, "tid": null, "ts": "14:20:02"}
[14:20:04] t=990 jev INF E2 (conf 0.47)
[14:20:04] t=990 MOVE raid x2 -> (105,89); t=990 SIEGE STAGING x3/8 (攒兵团, 齐冲再上)
[14:20:04] {"kind": "action", "what": "attack_move", "name": null, "qty": null, "tid": null, "ts": "14:20:04"}
[14:20:06] t=993 jev INF E2 (conf 0.46)
[14:20:06] t=993 MOVE raid x2 -> (106,87); t=993 SIEGE STAGING x3/8 (攒兵团, 齐冲再上)
[14:20:06] {"kind": "action", "what": "attack_move", "name": null, "qty": null, "tid": null, "ts": "14:20:06"}
[14:20:06] t=996 ALARM enemy approaching -> RESCUE 预备队 3 人驰援远端 [107, 86]
[14:20:06] {"kind": "action", "what": "attack_move", "name": null, "qty": null, "tid": null, "ts": "14:20:06"}
[14:20:08] t=996 jev INF E2 (conf 0.46)
[14:20:08] {"kind": "action", "what": "produce", "name": "E2", "qty": 1, "tid": null, "ts": "14:20:08"}
[14:20:15] t=1006 MOVE raid x2 -> (113,87); assault x4 -> (137,82); t=1006 SIEGE STAGING x4/8 (攒兵团, 齐冲再上)
[14:20:15] {"kind": "action", "what": "attack_move", "name": null, "qty": null, "tid": null, "ts": "14:20:15"}
[14:20:16] {"kind": "action", "what": "attack_move", "name": null, "qty": null, "tid": null, "ts": "14:20:16"}
[14:20:16] t=1009 ALARM enemy approaching -> RESCUE 预备队 3 人驰援远端 [115, 88]
[14:20:16] {"kind": "action", "what": "attack_move", "name": null, "qty": null, "tid": null, "ts": "14:20:16"}
[14:20:19] t=1012 jev INF E2 (conf 0.50)
[14:20:19] t=1012 ATTACK (tanks=6)
[14:20:19] t=1012 tick#450 credits=3982 stance=attack | jev 450 decisions p50=1477ms
[14:20:21] t=1014 jev INF E2 (conf 0.49)
[14:20:23] t=1017 jev INF E2 (conf 0.51)
[14:20:25] t=1019 jev INF E2 (conf 0.51)
[14:20:25] t=1019 MOVE raid x3 -> (70,117); t=1019 SIEGE STAGING x5/8 (攒兵团, 齐冲再上)
[14:20:25] {"kind": "action", "what": "attack_move", "name": null, "qty": null, "tid": null, "ts": "14:20:25"}
[14:20:25] t=1022 ESCORT 坦克#1732 -> 护航矿车@[126, 103]
[14:20:26] {"kind": "action", "what": "attack_move", "name": null, "qty": null, "tid": null, "ts": "14:20:26"}
[14:20:27] t=1022 jev INF E2 (conf 0.51)
[14:20:29] t=1025 jev INF E2 (conf 0.50)
[14:20:29] t=1025 MOVE assault x5 -> (137,82); t=1025 SIEGE STAGING x5/8 (攒兵团, 齐冲再上)
[14:20:29] {"kind": "action", "what": "attack_move", "name": null, "qty": null, "tid": null, "ts": "14:20:29"}
[14:20:31] t=1027 jev INF E2 (conf 0.50)
[14:20:33] t=1030 jev INF E2 (conf 0.43)
[14:20:33] {"kind": "action", "what": "produce", "name": "E2", "qty": 1, "tid": null, "ts": "14:20:33"}
[14:20:33] t=1030 MOVE raid x3 -> (75,119); t=1030 AIR-EVADE assault x5 -> home (坦克打不到空中, 等AA猎杀)
[14:20:33] {"kind": "action", "what": "attack_move", "name": null, "qty": null, "tid": null, "ts": "14:20:33"}
[14:20:33] t=1032 TANK HTNK x3
[14:20:33] {"kind": "action", "what": "produce", "name": "HTNK", "qty": 3, "tid": null, "ts": "14:20:33"}
[14:20:35] t=1032 MOVE raid x3 -> (81,119); t=1032 AIR-EVADE assault x6 -> home (坦克打不到空中, 等AA猎杀)
[14:20:35] {"kind": "action", "what": "attack_move", "name": null, "qty": null, "tid": null, "ts": "14:20:35"}
[14:20:37] t=1035 MOVE raid x3 -> (83,113); t=1035 AIR-EVADE assault x6 -> home (坦克打不到空中, 等AA猎杀)
[14:20:37] {"kind": "action", "what": "attack_move", "name": null, "qty": null, "tid": null, "ts": "14:20:37"}
[14:20:37] t=1038 ALARM unit lost -> 攻势保持（塔阵守家, 前线 14 个单位继续进攻）
[14:20:39] t=1038 jev INF E2 (conf 0.39)
[14:20:39] t=1038 MOVE raid x2 -> (87,110); t=1038 SIEGE STAGING x5/8 (攒兵团, 齐冲再上)
[14:20:39] {"kind": "action", "what": "attack_move", "name": null, "qty": null, "tid": null, "ts": "14:20:39"}
[14:20:41] t=1040 jev INF E2 (conf 0.39)
[14:20:41] t=1040 MOVE raid x2 -> (88,108); t=1040 SIEGE STAGING x5/8 (攒兵团, 齐冲再上)
[14:20:41] {"kind": "action", "what": "attack_move", "name": null, "qty": null, "tid": null, "ts": "14:20:41"}
[14:20:43] t=1043 jev INF E2 (conf 0.40)
[14:20:43] t=1043 MOVE assault x5 -> (137,82); t=1043 SIEGE STAGING x5/8 (攒兵团, 齐冲再上)
[14:20:43] {"kind": "action", "what": "attack_move", "name": null, "qty": null, "tid": null, "ts": "14:20:43"}
[14:20:45] t=1046 jev INF E2 (conf 0.36)
[14:20:47] t=1048 jev INF E2 (conf 0.36)
[14:20:49] t=1051 jev INF E2 (conf 0.36)
[14:20:51] t=1053 jev INF E2 (conf 0.36)
[14:20:53] t=1056 jev INF E2 (conf 0.37)
[14:20:54] t=1058 jev INF E2 (conf 0.36)
[14:20:55] {"kind": "action", "what": "produce", "name": "NAWEAP", "qty": 1, "tid": null, "ts": "14:20:55"}
[14:20:55] t=1061 OPENING BUILD NAWEAP
[14:20:56] t=1061 jev INF E2 (conf 0.37)
[14:20:56] t=1061 MOVE raid x2 -> (78,121); assault x5 -> (137,82); t=1061 SIEGE STAGING x5/8 (攒兵团, 齐冲再上)
[14:20:56] {"kind": "action", "what": "attack_move", "name": null, "qty": null, "tid": null, "ts": "14:20:56"}
[14:20:57] {"kind": "action", "what": "attack_move", "name": null, "qty": null, "tid": null, "ts": "14:20:57"}
[14:20:57] t=1064 ESCORT 坦克#1730 -> 护航矿车@[127, 105]
[14:20:57] {"kind": "action", "what": "attack_move", "name": null, "qty": null, "tid": null, "ts": "14:20:57"}
[14:20:59] t=1064 jev INF E2 (conf 0.36)
[14:20:59] {"kind": "action", "what": "produce", "name": "E2", "qty": 1, "tid": null, "ts": "14:20:59"}
[14:20:59] t=1064 MOVE t=1064 SIEGE STAGING x5/8 (攒兵团, 齐冲再上); hold_a x5 -> (133,86); hold_b x5 -> (126,75)
[14:20:59] {"kind": "action", "what": "attack_move", "name": null, "qty": null, "tid": null, "ts": "14:20:59"}
[14:20:59] {"kind": "action", "what": "attack_move", "name": null, "qty": null, "tid": null, "ts": "14:20:59"}
[14:21:01] t=1067 MOVE raid x2 -> (78,119); t=1067 SIEGE STAGING x6/8 (攒兵团, 齐冲再上)
[14:21:01] {"kind": "action", "what": "attack_move", "name": null, "qty": null, "tid": null, "ts": "14:21:01"}
[14:21:03] t=1069 MOVE raid x2 -> (78,116); t=1069 SIEGE STAGING x6/8 (攒兵团, 齐冲再上)
[14:21:03] {"kind": "action", "what": "attack_move", "name": null, "qty": null, "tid": null, "ts": "14:21:03"}
[14:21:05] t=1072 jev INF E2 (conf 0.35)
[14:21:05] t=1072 MOVE raid x2 -> (78,113); t=1072 SIEGE STAGING x6/8 (攒兵团, 齐冲再上)
[14:21:05] {"kind": "action", "what": "attack_move", "name": null, "qty": null, "tid": null, "ts": "14:21:05"}
[14:21:07] t=1075 jev INF E2 (conf 0.34)
[14:21:07] t=1075 MOVE raid x2 -> (78,110); t=1075 SIEGE STAGING x6/8 (攒兵团, 齐冲再上)
[14:21:07] {"kind": "action", "what": "attack_move", "name": null, "qty": null, "tid": null, "ts": "14:21:07"}
[14:21:09] t=1077 jev INF E2 (conf 0.36)
[14:21:09] t=1077 MOVE raid x2 -> (78,107); assault x6 -> (137,82); t=1077 SIEGE STAGING x6/8 (攒兵团, 齐冲再上)
[14:21:09] {"kind": "action", "what": "attack_move", "name": null, "qty": null, "tid": null, "ts": "14:21:09"}
[14:21:09] {"kind": "action", "what": "attack_move", "name": null, "qty": null, "tid": null, "ts": "14:21:09"}
[14:21:09] t=1077 tick#475 credits=2486 stance=attack | jev 475 decisions p50=1506ms
[14:21:11] t=1080 jev INF E2 (conf 0.31)
[14:21:11] t=1080 MOVE raid x2 -> (78,117); t=1080 SIEGE STAGING x6/8 (攒兵团, 齐冲再上)
[14:21:11] {"kind": "action", "what": "attack_move", "name": null, "qty": null, "tid": null, "ts": "14:21:11"}
[14:21:13] t=1083 jev INF E2 (conf 0.32)
[14:21:13] t=1083 MOVE raid x2 -> (78,114); t=1083 AIR-EVADE assault x7 -> home (坦克打不到空中, 等AA猎杀)
[14:21:13] {"kind": "action", "what": "attack_move", "name": null, "qty": null, "tid": null, "ts": "14:21:13"}
[14:21:15] t=1085 jev INF E2 (conf 0.31)
[14:21:15] t=1085 MOVE raid x2 -> (78,111); t=1085 AIR-EVADE assault x7 -> home (坦克打不到空中, 等AA猎杀)
[14:21:15] {"kind": "action", "what": "attack_move", "name": null, "qty": null, "tid": null, "ts": "14:21:15"}
[14:21:15] t=1088 ALARM unit lost -> 攻势保持（塔阵守家, 前线 16 个单位继续进攻）
[14:21:17] t=1088 jev INF E2 (conf 0.33)
[14:21:17] t=1088 MOVE raid x1 -> (78,108); t=1088 AIR-EVADE assault x6 -> home (坦克打不到空中, 等AA猎杀)
[14:21:17] {"kind": "action", "what": "attack_move", "name": null, "qty": null, "tid": null, "ts": "14:21:17"}
[14:21:17] t=1091 ALARM unit lost -> 攻势保持（塔阵守家, 前线 15 个单位继续进攻）
[14:21:19] t=1091 jev INF E2 (conf 0.27)
[14:21:21] t=1093 jev INF E2 (conf 0.30)
[14:21:21] t=1093 MOVE assault x5 -> (137,82); t=1093 SIEGE STAGING x5/8 (攒兵团, 齐冲再上)
[14:21:21] {"kind": "action", "what": "attack_move", "name": null, "qty": null, "tid": null, "ts": "14:21:21"}
[14:21:23] t=1096 jev INF E2 (conf 0.29)
[14:21:25] t=1099 jev INF E2 (conf 0.27)
[14:21:25] {"kind": "action", "what": "produce", "name": "E2", "qty": 1, "tid": null, "ts": "14:21:25"}
[14:21:25] t=1101 AA HTK x2 (enemy air, alive 0)
[14:21:25] t=1101 DEBT-GATE HTK x2 (debt=0 eff=738 < 1000)
[14:21:26] t=1101 jev VEH HTK HOLD (预算保护 cash=738 aav帽=ok aav=0)
[14:21:27] t=1104 HARASS DRON x2 (have 0)
[14:21:27] t=1104 TANK HTNK x1
[14:21:27] {"kind": "action", "what": "produce", "name": "DRON", "qty": 2, "tid": null, "ts": "14:21:27"}
[14:21:27] {"kind": "action", "what": "produce", "name": "HTNK", "qty": 1, "tid": null, "ts": "14:21:27"}
[14:21:29] t=1106 ESCORT 坦克#1757 -> 护航矿车@[128, 105]
[14:21:29] {"kind": "action", "what": "attack_move", "name": null, "qty": null, "tid": null, "ts": "14:21:29"}
[14:21:30] t=1106 jev INF E2 (conf 0.28)
[14:21:32] t=1109 jev INF E2 (conf 0.27)
[14:21:34] t=1111 jev INF E2 (conf 0.28)
[14:21:34] t=1111 MOVE raid x1 -> (78,121); assault x7 -> (137,82); t=1111 SIEGE STAGING x7/8 (攒兵团, 齐冲再上)
[14:21:34] {"kind": "action", "what": "attack_move", "name": null, "qty": null, "tid": null, "ts": "14:21:34"}
[14:21:34] {"kind": "action", "what": "attack_move", "name": null, "qty": null, "tid": null, "ts": "14:21:34"}
[14:21:36] t=1114 jev INF E2 (conf 0.27)
[14:21:38] t=1117 jev INF E2 HOLD (预算保护 gate=False e2=12)
[14:21:38] t=1117 MOVE raid x1 -> (78,118); t=1117 SIEGE STAGING x7/8 (攒兵团, 齐冲再上)
[14:21:38] {"kind": "action", "what": "attack_move", "name": null, "qty": null, "tid": null, "ts": "14:21:38"}
[14:21:40] t=1120 jev INF E2 HOLD (预算保护 gate=False e2=12)
[14:21:40] t=1120 MOVE raid x2 -> (78,115); assault x8 -> 攻击目标#1693@(77,109); t=1120 SIEGE 拔防御壳 x8 -> #1693@(77,109)
[14:21:40] {"kind": "action", "what": "attack_move", "name": null, "qty": null, "tid": null, "ts": "14:21:40"}
[14:21:40] {"kind": "action", "what": "attack_obj", "name": null, "qty": null, "tid": 1693, "ts": "14:21:40"}
[14:21:42] t=1122 jev INF E2 HOLD (预算保护 gate=False e2=12)
[14:21:42] t=1122 MOVE raid x2 -> (78,112); t=1122 SIEGE 拔防御壳 x8 -> #1693@(77,109)
[14:21:42] {"kind": "action", "what": "attack_move", "name": null, "qty": null, "tid": null, "ts": "14:21:42"}
[14:21:44] t=1125 jev INF E2 HOLD (预算保护 gate=False e2=12)
[14:21:44] t=1125 MOVE raid x2 -> (78,109); t=1125 SIEGE 拔防御壳 x8 -> #1693@(77,109)
[14:21:44] {"kind": "action", "what": "attack_move", "name": null, "qty": null, "tid": null, "ts": "14:21:44"}
[14:21:46] t=1128 jev INF E2 HOLD (预算保护 gate=False e2=12)
[14:21:46] t=1128 MOVE raid x2 -> (78,106); t=1128 SIEGE 拔防御壳 x8 -> #1693@(77,109)
[14:21:46] {"kind": "action", "what": "attack_move", "name": null, "qty": null, "tid": null, "ts": "14:21:46"}
[14:21:48] t=1130 jev INF E2 HOLD (预算保护 gate=False e2=12)
[14:21:48] t=1130 MOVE raid x2 -> (78,111); t=1130 SIEGE 拔防御壳 x8 -> #1693@(77,109)
[14:21:48] {"kind": "action", "what": "attack_move", "name": null, "qty": null, "tid": null, "ts": "14:21:48"}
[14:21:50] t=1133 jev INF E2 HOLD (预算保护 gate=False e2=12)
[14:21:50] t=1133 MOVE raid x2 -> (78,108); t=1133 SIEGE 拔防御壳 x8 -> #1693@(77,109)
[14:21:50] {"kind": "action", "what": "attack_move", "name": null, "qty": null, "tid": null, "ts": "14:21:50"}
[14:21:52] t=1136 jev INF E2 HOLD (预算保护 gate=False e2=12)
[14:21:52] t=1136 MOVE raid x2 -> (78,105); assault x8 -> 攻击目标#1693@(77,109); t=1136 SIEGE 拔防御壳 x8 -> #1693@(77,109)
[14:21:52] {"kind": "action", "what": "attack_move", "name": null, "qty": null, "tid": null, "ts": "14:21:52"}
[14:21:52] {"kind": "action", "what": "attack_obj", "name": null, "qty": null, "tid": 1693, "ts": "14:21:52"}
[14:21:54] t=1138 jev INF E2 HOLD (预算保护 gate=False e2=12)
[14:21:54] t=1138 MOVE raid x2 -> (88,108); t=1138 SIEGE 拔防御壳 x8 -> #1693@(77,109)
[14:21:54] {"kind": "action", "what": "attack_move", "name": null, "qty": null, "tid": null, "ts": "14:21:54"}
[14:21:56] t=1141 jev INF E2 HOLD (预算保护 gate=False e2=12)
[14:21:58] t=1143 jev INF E2 HOLD (预算保护 gate=False e2=12)
[14:21:58] t=1143 tick#500 credits=0 stance=attack | jev 500 decisions p50=1564ms
[14:22:00] t=1146 jev INF E2 HOLD (预算保护 gate=False e2=12)
[14:22:00] t=1146 MOVE assault x8 -> (137,82); t=1146 AIR-EVADE assault x8 -> home (坦克打不到空中, 等AA猎杀); hold_a x6 -> (133,86); hold_b x6 -> (126,75)
[14:22:00] {"kind": "action", "what": "attack_move", "name": null, "qty": null, "tid": null, "ts": "14:22:00"}
[14:22:00] {"kind": "action", "what": "attack_move", "name": null, "qty": null, "tid": null, "ts": "14:22:00"}
[14:22:00] {"kind": "action", "what": "attack_move", "name": null, "qty": null, "tid": null, "ts": "14:22:00"}
[14:22:02] t=1149 jev INF E2 HOLD (预算保护 gate=False e2=12)
[14:22:02] t=1151 ALARM unit lost -> 攻势保持（塔阵守家, 前线 18 个单位继续进攻）
[14:22:04] t=1151 jev INF E2 HOLD (预算保护 gate=False e2=12)
[14:22:06] t=1154 jev INF E2 HOLD (预算保护 gate=False e2=12)
[14:22:08] t=1156 jev INF E2 HOLD (预算保护 gate=False e2=12)
[14:22:10] t=1159 jev INF E2 HOLD (预算保护 gate=False e2=12)
[14:22:12] t=1161 jev INF E2 HOLD (预算保护 gate=False e2=12)
[14:22:14] t=1164 jev INF E2 HOLD (预算保护 gate=False e2=12)
[14:22:14] t=1164 MOVE assault x7 -> (137,82); t=1164 SIEGE STAGING x7/8 (攒兵团, 齐冲再上)
[14:22:14] {"kind": "action", "what": "attack_move", "name": null, "qty": null, "tid": null, "ts": "14:22:14"}
[14:22:15] t=1166 jev INF E2 HOLD (预算保护 gate=False e2=12)
[14:22:15] t=1166 MOVE raid x1 -> (88,108); t=1166 SIEGE STAGING x7/8 (攒兵团, 齐冲再上)
[14:22:16] {"kind": "action", "what": "attack_move", "name": null, "qty": null, "tid": null, "ts": "14:22:16"}
[14:22:17] t=1169 jev INF E2 HOLD (预算保护 gate=False e2=12)
[14:22:19] t=1172 jev INF E2 HOLD (预算保护 gate=False e2=12)
[14:22:21] t=1174 jev INF E2 (conf 0.35)
[14:22:21] {"kind": "action", "what": "produce", "name": "E2", "qty": 1, "tid": null, "ts": "14:22:21"}
[14:22:27] t=1182 jev INF E2 HOLD (预算保护 gate=False e2=13)
[14:22:27] t=1182 MOVE assault x7 -> (137,82); t=1182 SIEGE STAGING x7/8 (攒兵团, 齐冲再上)
[14:22:27] {"kind": "action", "what": "attack_move", "name": null, "qty": null, "tid": null, "ts": "14:22:27"}
[14:22:29] t=1184 jev INF E2 HOLD (预算保护 gate=False e2=13)
[14:22:29] t=1184 jev VEH HARV HOLD (预算保护 cash=250 aav帽=ok aav=0)
[14:22:29] t=1184 MOVE assault x8 -> 攻击目标#1693@(77,109); t=1184 SIEGE 拔防御壳 x8 -> #1693@(77,109)
[14:22:29] {"kind": "action", "what": "attack_obj", "name": null, "qty": null, "tid": 1693, "ts": "14:22:29"}
[14:22:31] t=1187 jev INF E2 HOLD (预算保护 gate=False e2=13)
[14:22:31] t=1187 jev VEH HARV HOLD (预算保护 cash=185 aav帽=ok aav=0)
[14:22:33] t=1190 jev INF E2 HOLD (预算保护 gate=False e2=13)
[14:22:33] t=1190 jev VEH HARV HOLD (预算保护 cash=299 aav帽=ok aav=0)
[14:22:35] t=1192 jev INF E2 HOLD (预算保护 gate=False e2=13)
[14:22:35] t=1192 jev VEH HARV HOLD (预算保护 cash=280 aav帽=ok aav=0)
[14:22:37] t=1195 jev INF E2 HOLD (预算保护 gate=False e2=13)
[14:22:37] t=1195 jev VEH HARV HOLD (预算保护 cash=280 aav帽=ok aav=0)
[14:22:37] t=1195 MOVE raid x1 -> (88,108); t=1195 SIEGE 拔防御壳 x8 -> #1693@(77,109)
[14:22:37] {"kind": "action", "what": "attack_move", "name": null, "qty": null, "tid": null, "ts": "14:22:37"}
[14:22:39] t=1197 jev INF E2 HOLD (预算保护 gate=False e2=13)
[14:22:39] t=1197 jev VEH HARV HOLD (预算保护 cash=280 aav帽=ok aav=0)
[14:22:40] t=1200 jev INF E2 HOLD (预算保护 gate=False e2=13)
[14:22:40] t=1200 jev VEH HARV HOLD (预算保护 cash=280 aav帽=ok aav=0)
[14:22:41] t=1202 POWER plant (reserve 55)
[14:22:41] {"kind": "action", "what": "produce", "name": "NAPOWR", "qty": 1, "tid": null, "ts": "14:22:41"}
[14:22:42] t=1202 jev INF E2 HOLD (预算保护 gate=False e2=13)
[14:22:42] t=1202 jev VEH HTK HOLD (预算保护 cash=730 aav帽=ok aav=0)
[14:22:42] t=1202 MOVE raid x1 -> (78,121); assault x8 -> (137,82); t=1202 AIR-EVADE assault x8 -> home (坦克打不到空中, 等AA猎杀)
[14:22:43] {"kind": "action", "what": "attack_move", "name": null, "qty": null, "tid": null, "ts": "14:22:43"}
[14:22:43] {"kind": "action", "what": "attack_move", "name": null, "qty": null, "tid": null, "ts": "14:22:43"}
[14:22:43] t=1205 HARASS DRON x2 (have 1)
[14:22:43] t=1205 AA HTK x2 (enemy air, alive 0)
[14:22:43] {"kind": "action", "what": "produce", "name": "DRON", "qty": 2, "tid": null, "ts": "14:22:43"}
[14:22:43] t=1205 DEBT-GATE HTK x2 (debt=800 eff=680 < 1000)
[14:22:45] t=1205 jev INF E2 (conf 0.31)
[14:22:47] t=1208 jev INF E2 (conf 0.33)
[14:22:47] {"kind": "action", "what": "produce", "name": "E2", "qty": 1, "tid": null, "ts": "14:22:47"}
[14:22:47] t=1208 MOVE raid x1 -> (78,119); t=1208 AIR-EVADE assault x8 -> home (坦克打不到空中, 等AA猎杀)
[14:22:47] {"kind": "action", "what": "attack_move", "name": null, "qty": null, "tid": null, "ts": "14:22:47"}
[14:22:47] t=1208 tick#525 credits=1117 stance=attack | jev 525 decisions p50=1612ms
[14:22:47] t=1210 ALARM unit lost -> 攻势保持（塔阵守家, 前线 20 个单位继续进攻）
[14:22:49] t=1210 MOVE raid x1 -> (78,116); assault x8 -> 攻击目标#1693@(77,109); t=1210 SIEGE 拔防御壳 x8 -> #1693@(77,109)
[14:22:49] {"kind": "action", "what": "attack_move", "name": null, "qty": null, "tid": null, "ts": "14:22:49"}
[14:22:49] {"kind": "action", "what": "attack_obj", "name": null, "qty": null, "tid": 1693, "ts": "14:22:49"}
[14:22:49] t=1213 TANK HTNK x2
[14:22:49] t=1213 AA HTK x2 (enemy air, alive 0)
[14:22:49] {"kind": "action", "what": "produce", "name": "HTNK", "qty": 2, "tid": null, "ts": "14:22:49"}
[14:22:49] t=1213 DEBT-GATE HTK x2 (debt=1800 eff=551 < 1000)
[14:22:51] t=1213 MOVE raid x2 -> (78,113); t=1213 SIEGE 拔防御壳 x9 -> #1693@(77,109)
[14:22:51] {"kind": "action", "what": "attack_move", "name": null, "qty": null, "tid": null, "ts": "14:22:51"}
[14:22:53] t=1216 jev INF E2 (conf 0.27)
[14:22:53] t=1216 MOVE raid x2 -> (78,110); t=1216 SIEGE 拔防御壳 x9 -> #1693@(77,109)
[14:22:53] {"kind": "action", "what": "attack_move", "name": null, "qty": null, "tid": null, "ts": "14:22:53"}
[14:22:55] t=1219 jev INF E2 (conf 0.28)
[14:22:55] t=1219 MOVE raid x2 -> (78,107); t=1219 SIEGE 拔防御壳 x9 -> #1693@(77,109)
[14:22:55] {"kind": "action", "what": "attack_move", "name": null, "qty": null, "tid": null, "ts": "14:22:55"}
[14:22:57] t=1221 jev INF E2 (conf 0.26)
[14:22:57] t=1221 MOVE raid x2 -> (78,119); t=1221 SIEGE 拔防御壳 x10 -> #1693@(77,109)
[14:22:57] {"kind": "action", "what": "attack_move", "name": null, "qty": null, "tid": null, "ts": "14:22:57"}
[14:22:59] t=1224 jev INF E2 HOLD (预算保护 gate=False e2=14)
[14:22:59] t=1224 MOVE raid x2 -> (78,116); t=1224 SIEGE 拔防御壳 x10 -> #1693@(77,109)
[14:22:59] {"kind": "action", "what": "attack_move", "name": null, "qty": null, "tid": null, "ts": "14:22:59"}
[14:23:01] t=1226 jev INF E2 HOLD (预算保护 gate=False e2=14)
[14:23:01] t=1226 MOVE raid x2 -> (78,113); assault x10 -> 攻击目标#1693@(77,109); t=1226 SIEGE 拔防御壳 x10 -> #1693@(77,109); hold_a x7 -> (133,86); hold_b x7 -> (126,75)
[14:23:01] {"kind": "action", "what": "attack_move", "name": null, "qty": null, "tid": null, "ts": "14:23:01"}
[14:23:01] {"kind": "action", "what": "attack_obj", "name": null, "qty": null, "tid": 1693, "ts": "14:23:01"}
[14:23:01] {"kind": "action", "what": "attack_move", "name": null, "qty": null, "tid": null, "ts": "14:23:01"}
[14:23:01] {"kind": "action", "what": "attack_move", "name": null, "qty": null, "tid": null, "ts": "14:23:01"}
[14:23:03] t=1229 jev INF E2 HOLD (预算保护 gate=False e2=14)
[14:23:03] t=1229 jev VEH HTK HOLD (预算保护 cash=240 aav帽=ok aav=0)
[14:23:03] t=1229 MOVE raid x2 -> (78,110); t=1229 SIEGE 拔防御壳 x11 -> #1693@(77,109)
[14:23:03] {"kind": "action", "what": "attack_move", "name": null, "qty": null, "tid": null, "ts": "14:23:03"}
[14:23:05] t=1232 jev INF E2 HOLD (预算保护 gate=False e2=14)
[14:23:05] t=1232 jev VEH HTK HOLD (预算保护 cash=240 aav帽=ok aav=0)
[14:23:05] t=1232 MOVE raid x2 -> (78,107); t=1232 SIEGE 拔防御壳 x11 -> #1693@(77,109)
[14:23:05] {"kind": "action", "what": "attack_move", "name": null, "qty": null, "tid": null, "ts": "14:23:05"}
[14:23:05] t=1235 ESCORT 坦克#1112 -> 护航矿车@[126, 104]
[14:23:05] {"kind": "action", "what": "attack_move", "name": null, "qty": null, "tid": null, "ts": "14:23:05"}
[14:23:07] t=1235 jev BUILD NARADR HOLD (资金闸门: 坦克优先, cash=240)
[14:23:07] t=1235 jev INF E2 HOLD (预算保护 gate=False e2=14)
[14:23:07] t=1235 jev VEH HTK HOLD (预算保护 cash=240 aav帽=ok aav=0)
[14:23:07] t=1235 MOVE raid x2 -> (90,106); t=1235 SIEGE 拔防御壳 x11 -> #1693@(77,109)
[14:23:07] {"kind": "action", "what": "attack_move", "name": null, "qty": null, "tid": null, "ts": "14:23:07"}
[14:23:09] t=1237 jev BUILD NARADR HOLD (资金闸门: 坦克优先, cash=240)
[14:23:09] t=1237 jev INF E2 HOLD (预算保护 gate=False e2=14)
[14:23:09] t=1237 jev VEH HTK HOLD (预算保护 cash=240 aav帽=ok aav=0)
[14:23:11] t=1240 jev BUILD NARADR HOLD (资金闸门: 坦克优先, cash=240)
[14:23:11] t=1240 jev INF E2 HOLD (预算保护 gate=False e2=14)
[14:23:11] t=1240 jev VEH HTK HOLD (预算保护 cash=240 aav帽=ok aav=0)
[14:23:12] t=1242 jev BUILD NARADR HOLD (资金闸门: 坦克优先, cash=240)
[14:23:12] t=1242 jev INF E2 HOLD (预算保护 gate=False e2=14)
[14:23:12] t=1242 jev VEH HTK HOLD (预算保护 cash=240 aav帽=ok aav=0)
[14:23:14] t=1245 jev INF E2 HOLD (预算保护 gate=False e2=14)
[14:23:14] t=1245 jev VEH HTK HOLD (预算保护 cash=240 aav帽=ok aav=0)
[14:23:14] t=1245 MOVE assault x11 -> (137,82); t=1245 AIR-EVADE assault x11 -> home (坦克打不到空中, 等AA猎杀)
[14:23:14] {"kind": "action", "what": "attack_move", "name": null, "qty": null, "tid": null, "ts": "14:23:14"}
[14:23:16] t=1248 jev INF E2 HOLD (预算保护 gate=False e2=14)
[14:23:16] t=1248 jev VEH HTK HOLD (预算保护 cash=240 aav帽=ok aav=0)
[14:23:18] t=1250 jev INF E2 HOLD (预算保护 gate=False e2=14)
[14:23:18] t=1250 jev VEH HTK HOLD (预算保护 cash=240 aav帽=ok aav=0)
[14:23:20] t=1253 jev BUILD NARADR HOLD (资金闸门: 坦克优先, cash=240)
[14:23:20] t=1253 jev INF E2 HOLD (预算保护 gate=False e2=14)
[14:23:20] t=1253 jev VEH HTK HOLD (预算保护 cash=240 aav帽=ok aav=0)
[14:23:22] t=1255 jev INF E2 HOLD (预算保护 gate=False e2=14)
[14:23:22] t=1255 jev VEH HTK HOLD (预算保护 cash=240 aav帽=ok aav=0)
[14:23:22] t=1255 MOVE assault x11 -> 攻击目标#1693@(77,109); t=1255 SIEGE 拔防御壳 x11 -> #1693@(77,109)
[14:23:22] {"kind": "action", "what": "attack_obj", "name": null, "qty": null, "tid": 1693, "ts": "14:23:22"}
[14:23:24] t=1258 jev BUILD NARADR HOLD (资金闸门: 坦克优先, cash=240)
[14:23:24] t=1258 jev INF E2 HOLD (预算保护 gate=False e2=14)
[14:23:24] t=1258 jev VEH HTK HOLD (预算保护 cash=240 aav帽=ok aav=0)
[14:23:26] t=1260 jev BUILD NARADR HOLD (资金闸门: 坦克优先, cash=240)
[14:23:26] t=1260 jev INF E2 HOLD (预算保护 gate=False e2=14)
[14:23:26] t=1260 jev VEH HTK HOLD (预算保护 cash=240 aav帽=ok aav=0)
[14:23:28] t=1263 jev BUILD NARADR HOLD (资金闸门: 坦克优先, cash=240)
[14:23:28] t=1263 jev INF E2 HOLD (预算保护 gate=False e2=14)
[14:23:28] t=1263 jev VEH HTK HOLD (预算保护 cash=240 aav帽=ok aav=0)
[14:23:28] t=1263 MOVE raid x2 -> (90,106); assault x11 -> (137,82); t=1263 AIR-EVADE assault x11 -> home (坦克打不到空中, 等AA猎杀)
[14:23:28] {"kind": "action", "what": "attack_move", "name": null, "qty": null, "tid": null, "ts": "14:23:28"}
[14:23:28] {"kind": "action", "what": "attack_move", "name": null, "qty": null, "tid": null, "ts": "14:23:28"}
[14:23:30] t=1265 jev INF E2 HOLD (预算保护 gate=False e2=14)
[14:23:30] t=1265 jev VEH HTK HOLD (预算保护 cash=240 aav帽=ok aav=0)
[14:23:30] t=1268 RETREAT E2(19%)
[14:23:30] {"kind": "action", "what": "move", "name": null, "qty": null, "tid": null, "ts": "14:23:30"}
[14:23:32] t=1268 jev BUILD NARADR HOLD (资金闸门: 坦克优先, cash=240)
[14:23:32] t=1268 jev INF E2 HOLD (预算保护 gate=False e2=14)
[14:23:32] t=1268 jev VEH HTK HOLD (预算保护 cash=240 aav帽=ok aav=0)
[14:23:32] t=1270 ALARM unit lost -> 攻势保持（塔阵守家, 前线 23 个单位继续进攻）
[14:23:33] t=1270 jev INF E2 HOLD (预算保护 gate=False e2=14)
[14:23:33] t=1270 jev VEH HTK HOLD (预算保护 cash=240 aav帽=ok aav=0)
[14:23:33] t=1270 MOVE assault x10 -> 攻击目标#1693@(77,109); t=1270 SIEGE 拔防御壳 x10 -> #1693@(77,109)
[14:23:34] {"kind": "action", "what": "attack_obj", "name": null, "qty": null, "tid": 1693, "ts": "14:23:34"}
[14:23:35] t=1273 jev BUILD NARADR HOLD (资金闸门: 坦克优先, cash=240)
[14:23:35] t=1273 jev INF E2 HOLD (预算保护 gate=False e2=14)
[14:23:35] t=1273 jev VEH HTK HOLD (预算保护 cash=240 aav帽=ok aav=0)
[14:23:35] t=1273 MOVE t=1273 GHOST detected #1693@[77, 109] (集火150gs不倒, 拉黑); assault x10 -> 攻击目标#1510@(76,109); t=1273 SIEGE 拔防御壳 x10 -> #1510@(76,109)
[14:23:35] {"kind": "action", "what": "attack_obj", "name": null, "qty": null, "tid": 1510, "ts": "14:23:35"}
[14:23:35] t=1273 tick#550 credits=240 stance=attack | jev 550 decisions p50=1625ms
[14:23:37] t=1276 jev BUILD NARADR HOLD (资金闸门: 坦克优先, cash=315)
[14:23:37] t=1276 jev INF E2 HOLD (预算保护 gate=False e2=14)
[14:23:37] t=1276 jev VEH HTK HOLD (预算保护 cash=315 aav帽=ok aav=0)
[14:23:39] t=1278 jev BUILD NARADR HOLD (资金闸门: 坦克优先, cash=315)
[14:23:39] t=1278 jev INF E2 HOLD (预算保护 gate=False e2=14)
[14:23:39] t=1278 jev VEH HTK HOLD (预算保护 cash=315 aav帽=ok aav=0)
[14:23:41] t=1281 jev BUILD NARADR HOLD (资金闸门: 坦克优先, cash=315)
[14:23:41] t=1281 jev INF E2 HOLD (预算保护 gate=False e2=14)
[14:23:41] t=1281 jev VEH HTK HOLD (预算保护 cash=315 aav帽=ok aav=0)
[14:23:43] t=1283 jev BUILD NARADR HOLD (资金闸门: 坦克优先, cash=315)
[14:23:43] t=1283 jev INF E2 HOLD (预算保护 gate=False e2=14)
[14:23:43] t=1283 jev VEH HTK HOLD (预算保护 cash=315 aav帽=ok aav=0)
[14:23:43] t=1283 MOVE assault x10 -> (137,82); t=1283 AIR-EVADE assault x10 -> home (坦克打不到空中, 等AA猎杀)
[14:23:43] {"kind": "action", "what": "attack_move", "name": null, "qty": null, "tid": null, "ts": "14:23:43"}
[14:23:45] t=1286 jev BUILD NARADR HOLD (资金闸门: 坦克优先, cash=315)
[14:23:45] t=1286 jev INF E2 HOLD (预算保护 gate=False e2=14)
[14:23:45] t=1286 jev VEH HTK HOLD (预算保护 cash=315 aav帽=ok aav=0)
[14:23:47] t=1288 jev BUILD NARADR HOLD (资金闸门: 坦克优先, cash=315)
[14:23:47] t=1288 jev INF E2 HOLD (预算保护 gate=False e2=14)
[14:23:47] t=1288 jev VEH HTK HOLD (预算保护 cash=315 aav帽=ok aav=0)
[14:23:47] t=1291 RETREAT HTNK(18%)
[14:23:47] {"kind": "action", "what": "move", "name": null, "qty": null, "tid": null, "ts": "14:23:47"}
[14:23:49] t=1291 jev INF E2 HOLD (预算保护 gate=False e2=14)
[14:23:49] t=1291 jev VEH HTK HOLD (预算保护 cash=315 aav帽=ok aav=0)
[14:23:49] t=1291 MOVE raid x1 -> (90,106); t=1291 AIR-EVADE assault x10 -> home (坦克打不到空中, 等AA猎杀)
[14:23:49] {"kind": "action", "what": "attack_move", "name": null, "qty": null, "tid": null, "ts": "14:23:49"}
[14:23:51] t=1293 jev INF E2 HOLD (预算保护 gate=False e2=14)
[14:23:51] t=1293 jev VEH HTK HOLD (预算保护 cash=315 aav帽=ok aav=0)
[14:23:51] t=1293 MOVE raid x1 -> (78,121); t=1293 AIR-EVADE assault x10 -> home (坦克打不到空中, 等AA猎杀)
[14:23:51] {"kind": "action", "what": "attack_move", "name": null, "qty": null, "tid": null, "ts": "14:23:51"}
[14:23:51] t=1296 ESCORT 坦克#1762 -> 护航矿车@[96, 102]
[14:23:51] {"kind": "action", "what": "attack_move", "name": null, "qty": null, "tid": null, "ts": "14:23:51"}
[14:23:53] t=1296 jev INF E2 HOLD (预算保护 gate=False e2=14)
[14:23:53] t=1296 jev VEH HTK HOLD (预算保护 cash=315 aav帽=ok aav=0)
[14:23:55] t=1299 jev INF E2 HOLD (预算保护 gate=False e2=14)
[14:23:55] t=1299 jev VEH HTK HOLD (预算保护 cash=390 aav帽=ok aav=0)
[14:23:55] t=1299 MOVE raid x1 -> (78,118); t=1299 AIR-EVADE assault x10 -> home (坦克打不到空中, 等AA猎杀)
[14:23:55] {"kind": "action", "what": "attack_move", "name": null, "qty": null, "tid": null, "ts": "14:23:55"}
[14:23:57] t=1301 jev INF E2 HOLD (预算保护 gate=False e2=14)
[14:23:57] t=1301 jev VEH HTK HOLD (预算保护 cash=390 aav帽=ok aav=0)
[14:23:57] t=1301 MOVE raid x1 -> (78,115); assault x10 -> (137,82); t=1301 AIR-EVADE assault x10 -> home (坦克打不到空中, 等AA猎杀)
[14:23:57] {"kind": "action", "what": "attack_move", "name": null, "qty": null, "tid": null, "ts": "14:23:57"}
[14:23:57] {"kind": "action", "what": "attack_move", "name": null, "qty": null, "tid": null, "ts": "14:23:57"}
[14:23:59] t=1304 jev BUILD NARADR HOLD (资金闸门: 坦克优先, cash=390)
[14:23:59] t=1304 jev INF E2 HOLD (预算保护 gate=False e2=14)
[14:23:59] t=1304 jev VEH HTK HOLD (预算保护 cash=390 aav帽=ok aav=0)
[14:23:59] t=1304 MOVE raid x1 -> (78,112); t=1304 AIR-EVADE assault x10 -> home (坦克打不到空中, 等AA猎杀)
[14:23:59] {"kind": "action", "what": "attack_move", "name": null, "qty": null, "tid": null, "ts": "14:23:59"}
[14:24:01] t=1307 jev BUILD NARADR HOLD (资金闸门: 坦克优先, cash=390)
[14:24:01] t=1307 jev INF E2 HOLD (预算保护 gate=False e2=14)
[14:24:01] t=1307 jev VEH HTK HOLD (预算保护 cash=390 aav帽=ok aav=0)
[14:24:01] t=1307 MOVE raid x1 -> (78,109); t=1307 AIR-EVADE assault x10 -> home (坦克打不到空中, 等AA猎杀); hold_a x7 -> (133,86); hold_b x7 -> (126,75)
[14:24:01] {"kind": "action", "what": "attack_move", "name": null, "qty": null, "tid": null, "ts": "14:24:01"}
[14:24:01] {"kind": "action", "what": "attack_move", "name": null, "qty": null, "tid": null, "ts": "14:24:01"}
[14:24:01] {"kind": "action", "what": "attack_move", "name": null, "qty": null, "tid": null, "ts": "14:24:01"}
[14:24:03] t=1309 jev INF E2 HOLD (预算保护 gate=False e2=14)
[14:24:03] t=1309 jev VEH HTK HOLD (预算保护 cash=390 aav帽=ok aav=0)
[14:24:03] t=1309 MOVE raid x1 -> (78,106); t=1309 AIR-EVADE assault x10 -> home (坦克打不到空中, 等AA猎杀)
[14:24:03] {"kind": "action", "what": "attack_move", "name": null, "qty": null, "tid": null, "ts": "14:24:03"}
[14:24:05] t=1312 jev BUILD NARADR HOLD (资金闸门: 坦克优先, cash=390)
[14:24:05] t=1312 jev INF E2 HOLD (预算保护 gate=False e2=14)
[14:24:05] t=1312 jev VEH HTK HOLD (预算保护 cash=390 aav帽=ok aav=0)
[14:24:05] t=1312 MOVE raid x1 -> (78,121); t=1312 AIR-EVADE assault x10 -> home (坦克打不到空中, 等AA猎杀)
[14:24:05] {"kind": "action", "what": "attack_move", "name": null, "qty": null, "tid": null, "ts": "14:24:05"}
[14:24:05] t=1315 AA HTK x2 (enemy air, alive 0)
[14:24:05] t=1315 DEBT-GATE HTK x2 (debt=0 eff=540 < 1000)
[14:24:07] t=1315 jev INF E2 HOLD (预算保护 gate=False e2=14)
[14:24:07] t=1315 jev VEH HTK HOLD (预算保护 cash=540 aav帽=ok aav=0)
[14:24:07] t=1315 MOVE raid x1 -> (80,101); t=1315 AIR-EVADE assault x10 -> home (坦克打不到空中, 等AA猎杀)
[14:24:07] {"kind": "action", "what": "attack_move", "name": null, "qty": null, "tid": null, "ts": "14:24:07"}
[14:24:07] t=1317 AA HTK x2 (enemy air, alive 0)
[14:24:07] t=1317 DEBT-GATE HTK x2 (debt=0 eff=540 < 1000)
[14:24:09] t=1317 jev INF E2 HOLD (预算保护 gate=False e2=14)
[14:24:09] t=1317 jev VEH HTK HOLD (预算保护 cash=540 aav帽=ok aav=0)
[14:24:09] t=1317 MOVE raid x1 -> (80,98); assault x10 -> (137,82); t=1317 AIR-EVADE assault x10 -> home (坦克打不到空中, 等AA猎杀)
[14:24:09] {"kind": "action", "what": "attack_move", "name": null, "qty": null, "tid": null, "ts": "14:24:09"}
[14:24:09] {"kind": "action", "what": "attack_move", "name": null, "qty": null, "tid": null, "ts": "14:24:09"}
[14:24:09] t=1320 AA HTK x2 (enemy air, alive 0)
[14:24:09] t=1320 DEBT-GATE HTK x2 (debt=0 eff=540 < 1000)
[14:24:11] t=1320 jev INF E2 HOLD (预算保护 gate=False e2=14)
[14:24:11] t=1320 jev VEH HTK HOLD (预算保护 cash=540 aav帽=ok aav=0)
[14:24:11] t=1320 MOVE raid x1 -> (80,95); t=1320 AIR-EVADE assault x10 -> home (坦克打不到空中, 等AA猎杀)
[14:24:11] {"kind": "action", "what": "attack_move", "name": null, "qty": null, "tid": null, "ts": "14:24:11"}
[14:24:11] t=1323 AA HTK x2 (enemy air, alive 0)
[14:24:11] t=1323 DEBT-GATE HTK x2 (debt=0 eff=540 < 1000)
[14:24:13] t=1323 jev BUILD NARADR HOLD (资金闸门: 坦克优先, cash=540)
[14:24:13] t=1323 jev INF E2 HOLD (预算保护 gate=False e2=14)
[14:24:13] t=1323 jev VEH HTK HOLD (预算保护 cash=540 aav帽=ok aav=0)
[14:24:13] t=1323 MOVE raid x1 -> (80,92); t=1323 AIR-EVADE assault x10 -> home (坦克打不到空中, 等AA猎杀)
[14:24:13] {"kind": "action", "what": "attack_move", "name": null, "qty": null, "tid": null, "ts": "14:24:13"}
[14:24:13] t=1326 HARASS DRON x2 (have 1)
[14:24:13] {"kind": "action", "what": "produce", "name": "DRON", "qty": 2, "tid": null, "ts": "14:24:13"}
[14:24:15] t=1326 jev INF E2 (conf 0.33)
[14:24:15] t=1326 DEBT-GATE E2 x1 (debt=800 eff=40 < 90)
[14:24:15] t=1326 MOVE raid x1 -> (80,89); t=1326 AIR-EVADE assault x10 -> home (坦克打不到空中, 等AA猎杀)
[14:24:15] {"kind": "action", "what": "attack_move", "name": null, "qty": null, "tid": null, "ts": "14:24:15"}
[14:24:17] t=1328 jev INF E2 HOLD (预算保护 gate=False e2=14)
[14:24:17] t=1328 MOVE raid x1 -> (80,86); t=1328 AIR-EVADE assault x10 -> home (坦克打不到空中, 等AA猎杀)
[14:24:17] {"kind": "action", "what": "attack_move", "name": null, "qty": null, "tid": null, "ts": "14:24:17"}
[14:24:19] t=1331 jev BUILD NARADR HOLD (资金闸门: 坦克优先, cash=233)
[14:24:19] t=1331 jev INF E2 HOLD (预算保护 gate=False e2=14)
[14:24:19] t=1331 MOVE raid x2 -> (80,83); t=1331 AIR-EVADE assault x11 -> home (坦克打不到空中, 等AA猎杀)
[14:24:19] {"kind": "action", "what": "attack_move", "name": null, "qty": null, "tid": null, "ts": "14:24:19"}
[14:24:19] t=1334 RETREAT HTNK(36%)
[14:24:19] {"kind": "action", "what": "move", "name": null, "qty": null, "tid": null, "ts": "14:24:19"}
[14:24:21] t=1334 jev BUILD NARADR HOLD (资金闸门: 坦克优先, cash=40)
[14:24:21] t=1334 jev INF E2 HOLD (预算保护 gate=False e2=14)
[14:24:21] t=1334 jev VEH DRON HOLD (预算保护 cash=40 aav帽=ok aav=0)
[14:24:21] t=1334 MOVE raid x3 -> (79,80); assault x12 -> (137,82); t=1334 AIR-EVADE assault x12 -> home (坦克打不到空中, 等AA猎杀)
[14:24:21] {"kind": "action", "what": "attack_move", "name": null, "qty": null, "tid": null, "ts": "14:24:21"}
[14:24:21] {"kind": "action", "what": "attack_move", "name": null, "qty": null, "tid": null, "ts": "14:24:21"}
[14:24:21] t=1337 ESCORT 坦克#1762 -> 护航矿车@[83, 75]
[14:24:21] {"kind": "action", "what": "attack_move", "name": null, "qty": null, "tid": null, "ts": "14:24:21"}
[14:24:23] t=1337 jev BUILD NARADR HOLD (资金闸门: 坦克优先, cash=40)
[14:24:23] t=1337 jev INF E2 HOLD (预算保护 gate=False e2=14)
[14:24:23] t=1337 jev VEH DRON HOLD (预算保护 cash=40 aav帽=ok aav=0)
[14:24:23] t=1337 MOVE raid x3 -> (80,94); t=1337 AIR-EVADE assault x12 -> home (坦克打不到空中, 等AA猎杀)
[14:24:23] {"kind": "action", "what": "attack_move", "name": null, "qty": null, "tid": null, "ts": "14:24:23"}
[14:24:25] t=1339 jev BUILD NARADR HOLD (资金闸门: 坦克优先, cash=40)
[14:24:25] t=1339 jev INF E2 HOLD (预算保护 gate=False e2=14)
[14:24:25] t=1339 jev VEH HTK HOLD (预算保护 cash=40 aav帽=ok aav=0)
[14:24:25] t=1339 MOVE raid x3 -> (80,91); t=1339 AIR-EVADE assault x12 -> home (坦克打不到空中, 等AA猎杀)
[14:24:25] {"kind": "action", "what": "attack_move", "name": null, "qty": null, "tid": null, "ts": "14:24:25"}
[14:24:25] t=1339 tick#575 credits=40 stance=attack | jev 575 decisions p50=1632ms
[14:24:27] t=1342 jev BUILD NARADR HOLD (资金闸门: 坦克优先, cash=40)
[14:24:27] t=1342 jev INF E2 HOLD (预算保护 gate=False e2=14)
[14:24:27] t=1342 jev VEH DRON HOLD (预算保护 cash=40 aav帽=ok aav=0)
[14:24:27] t=1342 MOVE raid x3 -> (80,88); t=1342 AIR-EVADE assault x12 -> home (坦克打不到空中, 等AA猎杀)
[14:24:27] {"kind": "action", "what": "attack_move", "name": null, "qty": null, "tid": null, "ts": "14:24:27"}
[14:24:29] t=1345 jev BUILD NARADR HOLD (资金闸门: 坦克优先, cash=40)
[14:24:29] t=1345 jev INF E2 HOLD (预算保护 gate=False e2=14)
[14:24:29] t=1345 jev VEH DRON HOLD (预算保护 cash=40 aav帽=ok aav=0)
[14:24:29] t=1345 MOVE raid x3 -> (80,85); t=1345 AIR-EVADE assault x12 -> home (坦克打不到空中, 等AA猎杀)
[14:24:29] {"kind": "action", "what": "attack_move", "name": null, "qty": null, "tid": null, "ts": "14:24:29"}
[14:24:31] t=1347 jev BUILD NARADR HOLD (资金闸门: 坦克优先, cash=40)
[14:24:31] t=1347 jev INF E2 HOLD (预算保护 gate=False e2=14)
[14:24:31] t=1347 jev VEH DRON HOLD (预算保护 cash=40 aav帽=ok aav=0)
[14:24:31] t=1347 MOVE raid x3 -> (80,82); t=1347 AIR-EVADE assault x12 -> home (坦克打不到空中, 等AA猎杀)
[14:24:31] {"kind": "action", "what": "attack_move", "name": null, "qty": null, "tid": null, "ts": "14:24:31"}
[14:24:32] t=1350 ALARM unit lost -> 攻势保持（塔阵守家, 前线 24 个单位继续进攻）
[14:24:33] t=1350 jev BUILD NARADR HOLD (资金闸门: 坦克优先, cash=40)
[14:24:33] t=1350 jev INF E2 HOLD (预算保护 gate=False e2=14)
[14:24:33] t=1350 jev VEH HTNK HOLD (预算保护 cash=40 aav帽=ok aav=0)
[14:24:33] t=1350 MOVE raid x3 -> (79,80); assault x11 -> (137,82); t=1350 AIR-EVADE assault x11 -> home (坦克打不到空中, 等AA猎杀)
[14:24:33] {"kind": "action", "what": "attack_move", "name": null, "qty": null, "tid": null, "ts": "14:24:33"}
[14:24:34] {"kind": "action", "what": "attack_move", "name": null, "qty": null, "tid": null, "ts": "14:24:34"}
[14:24:34] t=1353 ALARM unit lost -> 攻势保持（塔阵守家, 前线 23 个单位继续进攻）
[14:24:35] t=1353 jev BUILD NARADR HOLD (资金闸门: 坦克优先, cash=40)
[14:24:35] t=1353 jev INF E2 HOLD (预算保护 gate=False e2=14)
[14:24:35] t=1353 jev VEH HARV HOLD (预算保护 cash=40 aav帽=ok aav=0)
[14:24:35] t=1353 MOVE raid x2 -> (88,69); assault x10 -> 攻击目标#1510@(76,109); t=1353 SIEGE 拔防御壳 x10 -> #1510@(76,109)
[14:24:36] {"kind": "action", "what": "attack_move", "name": null, "qty": null, "tid": null, "ts": "14:24:36"}
[14:24:36] {"kind": "action", "what": "attack_obj", "name": null, "qty": null, "tid": 1510, "ts": "14:24:36"}
[14:24:38] t=1356 jev BUILD NARADR HOLD (资金闸门: 坦克优先, cash=40)
[14:24:38] t=1356 jev INF E2 HOLD (预算保护 gate=False e2=14)
[14:24:38] t=1356 jev VEH HARV HOLD (预算保护 cash=40 aav帽=ok aav=0)
[14:24:38] t=1356 MOVE raid x2 -> (91,66); assault x10 -> (137,82); t=1356 AIR-EVADE assault x10 -> home (坦克打不到空中, 等AA猎杀)
[14:24:38] {"kind": "action", "what": "attack_move", "name": null, "qty": null, "tid": null, "ts": "14:24:38"}
[14:24:38] {"kind": "action", "what": "attack_move", "name": null, "qty": null, "tid": null, "ts": "14:24:38"}
[14:24:40] t=1359 jev BUILD NARADR HOLD (资金闸门: 坦克优先, cash=40)
[14:24:40] t=1359 jev INF E2 HOLD (预算保护 gate=False e2=14)
[14:24:40] t=1359 jev VEH HARV HOLD (预算保护 cash=40 aav帽=ok aav=0)
[14:24:40] t=1359 MOVE raid x2 -> (92,65); t=1359 AIR-EVADE assault x10 -> home (坦克打不到空中, 等AA猎杀)
[14:24:40] {"kind": "action", "what": "attack_move", "name": null, "qty": null, "tid": null, "ts": "14:24:40"}
[14:24:40] t=1362 ALARM unit lost -> 攻势保持（塔阵守家, 前线 22 个单位继续进攻）
[14:24:42] t=1362 jev INF E2 HOLD (预算保护 gate=False e2=14)
[14:24:42] t=1362 jev VEH HTK HOLD (预算保护 cash=265 aav帽=ok aav=0)
[14:24:42] t=1364 ALARM unit lost -> 攻势保持（塔阵守家, 前线 21 个单位继续进攻）
[14:24:44] t=1364 jev INF E2 HOLD (预算保护 gate=False e2=14)
[14:24:44] t=1364 jev VEH HTK HOLD (预算保护 cash=265 aav帽=ok aav=0)
[14:24:44] t=1364 MOVE assault x8 -> 攻击目标#1510@(76,109); t=1364 SIEGE 拔防御壳 x8 -> #1510@(76,109)
[14:24:44] {"kind": "action", "what": "attack_obj", "name": null, "qty": null, "tid": 1510, "ts": "14:24:44"}
[14:24:46] t=1367 jev INF E2 HOLD (预算保护 gate=False e2=14)
[14:24:46] t=1367 jev VEH HTK HOLD (预算保护 cash=265 aav帽=ok aav=0)
[14:24:48] t=1369 jev INF E2 HOLD (预算保护 gate=False e2=14)
[14:24:48] t=1369 jev VEH HTK HOLD (预算保护 cash=265 aav帽=ok aav=0)
[14:24:50] t=1372 jev INF E2 HOLD (预算保护 gate=False e2=14)
[14:24:50] t=1372 jev VEH HTK HOLD (预算保护 cash=265 aav帽=ok aav=0)
[14:24:50] t=1374 ALARM unit lost -> 攻势保持（塔阵守家, 前线 21 个单位继续进攻）
[14:24:51] t=1374 jev INF E2 HOLD (预算保护 gate=False e2=14)
[14:24:51] t=1374 jev VEH HTK HOLD (预算保护 cash=265 aav帽=ok aav=0)
[14:24:52] t=1377 ESCORT 坦克#1808 -> 护航矿车@[126, 103]
[14:24:52] {"kind": "action", "what": "attack_move", "name": null, "qty": null, "tid": null, "ts": "14:24:52"}
[14:24:53] t=1377 jev INF E2 HOLD (预算保护 gate=False e2=14)
[14:24:53] t=1377 jev VEH HTK HOLD (预算保护 cash=265 aav帽=ok aav=0)
[14:24:55] t=1380 jev BUILD NARADR HOLD (资金闸门: 坦克优先, cash=265)
[14:24:55] t=1380 jev INF E2 HOLD (预算保护 gate=False e2=14)
[14:24:55] t=1380 jev VEH HTK HOLD (预算保护 cash=265 aav帽=ok aav=0)
[14:24:57] t=1382 jev INF E2 HOLD (预算保护 gate=False e2=14)
[14:24:57] t=1382 jev VEH HTK HOLD (预算保护 cash=265 aav帽=ok aav=0)
[14:24:57] t=1382 MOVE assault x8 -> 攻击目标#1510@(76,109); t=1382 SIEGE 拔防御壳 x8 -> #1510@(76,109)
[14:24:57] {"kind": "action", "what": "attack_obj", "name": null, "qty": null, "tid": 1510, "ts": "14:24:57"}
[14:24:59] t=1385 jev INF E2 HOLD (预算保护 gate=False e2=14)
[14:24:59] t=1385 jev VEH HTK HOLD (预算保护 cash=265 aav帽=ok aav=0)
[14:25:01] t=1387 jev INF E2 HOLD (预算保护 gate=False e2=14)
[14:25:01] t=1387 jev VEH HTK HOLD (预算保护 cash=265 aav帽=ok aav=0)
[14:25:01] t=1387 MOVE t=1387 SIEGE 拔防御壳 x8 -> #1510@(76,109); hold_a x7 -> (133,86); hold_b x7 -> (126,75)
[14:25:01] {"kind": "action", "what": "attack_move", "name": null, "qty": null, "tid": null, "ts": "14:25:01"}
[14:25:01] {"kind": "action", "what": "attack_move", "name": null, "qty": null, "tid": null, "ts": "14:25:01"}
[14:25:03] t=1390 jev BUILD NARADR HOLD (资金闸门: 坦克优先, cash=265)
[14:25:03] t=1390 jev INF E2 HOLD (预算保护 gate=False e2=14)
[14:25:03] t=1390 jev VEH HTK HOLD (预算保护 cash=265 aav帽=ok aav=0)
[14:25:05] t=1393 jev BUILD NARADR HOLD (资金闸门: 坦克优先, cash=265)
[14:25:05] t=1393 jev INF E2 HOLD (预算保护 gate=False e2=14)
[14:25:05] t=1393 jev VEH HTK HOLD (预算保护 cash=265 aav帽=ok aav=0)
[14:25:05] t=1393 MOVE assault x8 -> (137,82); t=1393 AIR-EVADE assault x8 -> home (坦克打不到空中, 等AA猎杀)
[14:25:05] {"kind": "action", "what": "attack_move", "name": null, "qty": null, "tid": null, "ts": "14:25:05"}
[14:25:07] t=1395 jev BUILD NARADR HOLD (资金闸门: 坦克优先, cash=265)
[14:25:07] t=1395 jev INF E2 HOLD (预算保护 gate=False e2=14)
[14:25:07] t=1395 jev VEH HTK HOLD (预算保护 cash=265 aav帽=ok aav=0)
[14:25:09] t=1398 jev BUILD NARADR HOLD (资金闸门: 坦克优先, cash=265)
[14:25:09] t=1398 jev INF E2 HOLD (预算保护 gate=False e2=14)
[14:25:09] t=1398 jev VEH HTK HOLD (预算保护 cash=265 aav帽=ok aav=0)
[14:25:11] t=1400 jev BUILD NARADR HOLD (资金闸门: 坦克优先, cash=265)
[14:25:11] t=1400 jev INF E2 HOLD (预算保护 gate=False e2=14)
[14:25:11] t=1400 jev VEH HTK HOLD (预算保护 cash=265 aav帽=ok aav=0)
[14:25:13] t=1403 jev BUILD NARADR HOLD (资金闸门: 坦克优先, cash=265)
[14:25:13] t=1403 jev INF E2 HOLD (预算保护 gate=False e2=14)
[14:25:13] t=1403 jev VEH HTK HOLD (预算保护 cash=265 aav帽=ok aav=0)
[14:25:13] t=1403 MOVE assault x8 -> 攻击目标#1510@(76,109); t=1403 SIEGE 拔防御壳 x8 -> #1510@(76,109)
[14:25:13] {"kind": "action", "what": "attack_obj", "name": null, "qty": null, "tid": 1510, "ts": "14:25:13"}
[14:25:15] t=1405 jev INF E2 HOLD (预算保护 gate=False e2=14)
[14:25:15] t=1405 jev VEH DRON HOLD (预算保护 cash=340 aav帽=ok aav=0)
[14:25:15] t=1405 tick#600 credits=340 stance=attack | jev 600 decisions p50=1641ms
[14:25:17] t=1408 jev INF E2 HOLD (预算保护 gate=False e2=14)
[14:25:17] t=1408 jev VEH DRON HOLD (预算保护 cash=340 aav帽=ok aav=0)
[14:25:19] t=1411 jev INF E2 HOLD (预算保护 gate=False e2=14)
[14:25:19] t=1411 jev VEH HTK HOLD (预算保护 cash=340 aav帽=ok aav=0)
[14:25:21] t=1413 jev INF E2 HOLD (预算保护 gate=False e2=14)
[14:25:21] t=1413 jev VEH DRON HOLD (预算保护 cash=340 aav帽=ok aav=0)
[14:25:21] t=1416 AA HTK x2 (enemy air, alive 0)
[14:25:21] t=1416 DEBT-GATE HTK x2 (debt=0 eff=565 < 1000)
[14:25:22] t=1416 jev INF E2 HOLD (预算保护 gate=False e2=14)
[14:25:22] t=1416 jev VEH DRON HOLD (预算保护 cash=565 aav帽=ok aav=0)
[14:25:22] t=1416 MOVE assault x8 -> (137,82); t=1416 AIR-EVADE assault x8 -> home (坦克打不到空中, 等AA猎杀)
[14:25:22] {"kind": "action", "what": "attack_move", "name": null, "qty": null, "tid": null, "ts": "14:25:22"}
[14:25:23] t=1418 AA HTK x2 (enemy air, alive 0)
[14:25:23] t=1418 ESCORT 坦克#1776 -> 护航矿车@[85, 98]
[14:25:23] t=1418 DEBT-GATE HTK x2 (debt=0 eff=565 < 1000)
[14:25:23] {"kind": "action", "what": "attack_move", "name": null, "qty": null, "tid": null, "ts": "14:25:23"}
[14:25:24] t=1418 jev INF E2 HOLD (预算保护 gate=False e2=14)
[14:25:24] t=1418 jev VEH HTK HOLD (预算保护 cash=565 aav帽=ok aav=0)
[14:25:24] t=1418 MOVE assault x8 -> 攻击目标#1510@(76,109); t=1418 SIEGE 拔防御壳 x8 -> #1510@(76,109)
[14:25:24] {"kind": "action", "what": "attack_obj", "name": null, "qty": null, "tid": 1510, "ts": "14:25:24"}
[14:25:25] t=1421 AA HTK x2 (enemy air, alive 0)
[14:25:25] t=1421 DEBT-GATE HTK x2 (debt=0 eff=715 < 1000)
[14:25:26] t=1421 jev INF E2 HOLD (预算保护 gate=False e2=14)
[14:25:26] t=1421 jev VEH HTK HOLD (预算保护 cash=715 aav帽=ok aav=0)
[14:25:27] t=1424 AA HTK x2 (enemy air, alive 0)
[14:25:27] t=1424 DEBT-GATE HTK x2 (debt=0 eff=715 < 1000)
[14:25:28] t=1424 jev INF E2 HOLD (预算保护 gate=False e2=14)
[14:25:28] t=1424 jev VEH HTK HOLD (预算保护 cash=715 aav帽=ok aav=0)
[14:25:28] t=1424 MOVE assault x8 -> (137,82); t=1424 AIR-EVADE assault x8 -> home (坦克打不到空中, 等AA猎杀)
[14:25:28] {"kind": "action", "what": "attack_move", "name": null, "qty": null, "tid": null, "ts": "14:25:28"}
[14:25:29] t=1426 AA HTK x2 (enemy air, alive 0)
[14:25:29] t=1426 DEBT-GATE HTK x2 (debt=0 eff=715 < 1000)
[14:25:30] t=1426 jev INF E2 HOLD (预算保护 gate=False e2=14)
[14:25:30] t=1426 jev VEH HTK HOLD (预算保护 cash=715 aav帽=ok aav=0)
[14:25:31] t=1429 AA HTK x2 (enemy air, alive 0)
[14:25:31] t=1429 DEBT-GATE HTK x2 (debt=0 eff=715 < 1000)
[14:25:32] t=1429 jev INF E2 HOLD (预算保护 gate=False e2=14)
[14:25:32] t=1429 jev VEH HTK HOLD (预算保护 cash=715 aav帽=ok aav=0)
[14:25:32] t=1429 MOVE t=1429 GHOST detected #1510@[76, 109] (集火150gs不倒, 拉黑); assault x8 -> 攻击目标#2177@(75,109); t=1429 SIEGE 拔防御壳 x8 -> #2177@(75,109)
[14:25:32] {"kind": "action", "what": "attack_obj", "name": null, "qty": null, "tid": 2177, "ts": "14:25:32"}
[14:25:32] t=1431 AA HTK x2 (enemy air, alive 0)
[14:25:32] t=1431 DEBT-GATE HTK x2 (debt=0 eff=715 < 1000)
[14:25:34] t=1431 jev INF E2 HOLD (预算保护 gate=False e2=14)
[14:25:34] t=1431 jev VEH HTK HOLD (预算保护 cash=715 aav帽=ok aav=0)
[14:25:34] t=1434 AA HTK x2 (enemy air, alive 0)
[14:25:34] t=1434 DEBT-GATE HTK x2 (debt=0 eff=715 < 1000)
[14:25:36] t=1434 jev INF E2 HOLD (预算保护 gate=False e2=14)
[14:25:36] t=1434 jev VEH HTK HOLD (预算保护 cash=715 aav帽=ok aav=0)
[14:25:36] t=1436 AA HTK x2 (enemy air, alive 0)
[14:25:36] t=1436 DEBT-GATE HTK x2 (debt=0 eff=715 < 1000)
[14:25:38] t=1436 jev INF E2 HOLD (预算保护 gate=False e2=14)
[14:25:38] t=1436 jev VEH HTK HOLD (预算保护 cash=715 aav帽=ok aav=0)
[14:25:38] t=1439 AA HTK x2 (enemy air, alive 0)
[14:25:38] t=1439 DEBT-GATE HTK x2 (debt=0 eff=715 < 1000)
[14:25:40] t=1439 jev INF E2 HOLD (预算保护 gate=False e2=14)
[14:25:40] t=1439 jev VEH HTK HOLD (预算保护 cash=715 aav帽=ok aav=0)
[14:25:40] t=1442 AA HTK x2 (enemy air, alive 0)
[14:25:40] t=1442 DEBT-GATE HTK x2 (debt=0 eff=715 < 1000)
[14:25:42] t=1442 jev INF E2 HOLD (预算保护 gate=False e2=14)
[14:25:42] t=1442 jev VEH HTK HOLD (预算保护 cash=715 aav帽=ok aav=0)
[14:25:42] t=1444 AA HTK x2 (enemy air, alive 0)
[14:25:42] t=1444 DEBT-GATE HTK x2 (debt=0 eff=715 < 1000)
[14:25:44] t=1444 jev INF E2 HOLD (预算保护 gate=False e2=14)
[14:25:44] t=1444 jev VEH HTK HOLD (预算保护 cash=715 aav帽=ok aav=0)
[14:25:44] t=1447 AA HTK x2 (enemy air, alive 0)
[14:25:44] t=1447 DEBT-GATE HTK x2 (debt=0 eff=715 < 1000)
[14:25:46] t=1447 jev INF E2 HOLD (预算保护 gate=False e2=14)
[14:25:46] t=1447 jev VEH HTK HOLD (预算保护 cash=715 aav帽=ok aav=0)
[14:25:46] t=1447 MOVE assault x8 -> (137,82); t=1447 AIR-EVADE assault x8 -> home (坦克打不到空中, 等AA猎杀)
[14:25:46] {"kind": "action", "what": "attack_move", "name": null, "qty": null, "tid": null, "ts": "14:25:46"}
[14:25:46] t=1449 AA HTK x2 (enemy air, alive 0)
[14:25:46] t=1449 DEBT-GATE HTK x2 (debt=0 eff=715 < 1000)
[14:25:48] t=1449 jev INF E2 HOLD (预算保护 gate=False e2=14)
[14:25:48] t=1449 jev VEH HTK HOLD (预算保护 cash=715 aav帽=ok aav=0)
[14:25:48] t=1452 AA HTK x2 (enemy air, alive 0)
[14:25:48] t=1452 DEBT-GATE HTK x2 (debt=0 eff=715 < 1000)
[14:25:50] t=1452 jev INF E2 HOLD (预算保护 gate=False e2=14)
[14:25:50] t=1452 jev VEH HTK HOLD (预算保护 cash=715 aav帽=ok aav=0)
[14:25:50] t=1455 AA HTK x2 (enemy air, alive 0)
[14:25:50] t=1455 DEBT-GATE HTK x2 (debt=0 eff=715 < 1000)
[14:25:52] t=1455 jev INF E2 HOLD (预算保护 gate=False e2=14)
[14:25:52] t=1455 jev VEH HTK HOLD (预算保护 cash=715 aav帽=ok aav=0)
[14:25:52] t=1457 AA HTK x2 (enemy air, alive 0)
[14:25:52] t=1457 DEBT-GATE HTK x2 (debt=0 eff=715 < 1000)
[14:25:53] t=1457 jev INF E2 HOLD (预算保护 gate=False e2=14)
[14:25:53] t=1457 jev VEH HTK HOLD (预算保护 cash=715 aav帽=ok aav=0)
[14:25:54] t=1460 AA HTK x2 (enemy air, alive 0)
[14:25:54] t=1460 ESCORT 坦克#1112 -> 护航矿车@[127, 105]
[14:25:54] t=1460 DEBT-GATE HTK x2 (debt=0 eff=715 < 1000)
[14:25:54] {"kind": "action", "what": "attack_move", "name": null, "qty": null, "tid": null, "ts": "14:25:54"}
[14:25:55] t=1460 jev INF E2 HOLD (预算保护 gate=False e2=14)
[14:25:55] t=1460 jev VEH HTK HOLD (预算保护 cash=715 aav帽=ok aav=0)
[14:25:56] t=1462 AA HTK x2 (enemy air, alive 0)
[14:25:56] t=1462 DEBT-GATE HTK x2 (debt=0 eff=715 < 1000)
[14:25:57] t=1462 jev INF E2 HOLD (预算保护 gate=False e2=14)
[14:25:57] t=1462 jev VEH HTK HOLD (预算保护 cash=715 aav帽=ok aav=0)
[14:25:58] t=1465 AA HTK x2 (enemy air, alive 0)
[14:25:58] t=1465 DEBT-GATE HTK x2 (debt=0 eff=715 < 1000)
[14:25:59] t=1465 jev INF E2 HOLD (预算保护 gate=False e2=14)
[14:25:59] t=1465 jev VEH HTK HOLD (预算保护 cash=715 aav帽=ok aav=0)
[14:25:59] t=1465 MOVE assault x8 -> (137,82); t=1465 AIR-EVADE assault x8 -> home (坦克打不到空中, 等AA猎杀)
[14:25:59] {"kind": "action", "what": "attack_move", "name": null, "qty": null, "tid": null, "ts": "14:25:59"}
[14:25:59] t=1467 AA HTK x2 (enemy air, alive 0)
[14:25:59] t=1467 DEBT-GATE HTK x2 (debt=0 eff=715 < 1000)
[14:26:01] t=1467 jev INF E2 HOLD (预算保护 gate=False e2=14)
[14:26:01] t=1467 jev VEH HTK HOLD (预算保护 cash=715 aav帽=ok aav=0)
[14:26:01] t=1470 AA HTK x2 (enemy air, alive 0)
[14:26:01] t=1470 DEBT-GATE HTK x2 (debt=0 eff=715 < 1000)
[14:26:03] t=1470 jev INF E2 HOLD (预算保护 gate=False e2=14)
[14:26:03] t=1470 jev VEH HTK HOLD (预算保护 cash=715 aav帽=ok aav=0)
[14:26:03] t=1470 MOVE t=1470 AIR-EVADE assault x8 -> home (坦克打不到空中, 等AA猎杀); hold_a x7 -> (133,86); hold_b x7 -> (126,75)
[14:26:03] {"kind": "action", "what": "attack_move", "name": null, "qty": null, "tid": null, "ts": "14:26:03"}
[14:26:03] {"kind": "action", "what": "attack_move", "name": null, "qty": null, "tid": null, "ts": "14:26:03"}
[14:26:03] t=1470 tick#625 credits=715 stance=attack | jev 625 decisions p50=1645ms
[14:26:03] t=1472 AA HTK x2 (enemy air, alive 0)
[14:26:03] t=1472 DEBT-GATE HTK x2 (debt=0 eff=715 < 1000)
[14:26:05] t=1472 jev BUILD NARADR HOLD (资金闸门: 坦克优先, cash=715)
[14:26:05] t=1472 jev INF E2 HOLD (预算保护 gate=False e2=14)
[14:26:05] t=1472 jev VEH HTK HOLD (预算保护 cash=715 aav帽=ok aav=0)
[14:26:05] t=1475 AA HTK x2 (enemy air, alive 0)
[14:26:05] t=1475 DEBT-GATE HTK x2 (debt=0 eff=715 < 1000)
[14:26:07] t=1475 jev BUILD NARADR HOLD (资金闸门: 坦克优先, cash=715)
[14:26:07] t=1475 jev INF E2 HOLD (预算保护 gate=False e2=14)
[14:26:07] t=1475 jev VEH HTK HOLD (预算保护 cash=715 aav帽=ok aav=0)
[14:26:07] t=1477 AA HTK x2 (enemy air, alive 0)
[14:26:07] t=1477 DEBT-GATE HTK x2 (debt=0 eff=715 < 1000)
[14:26:09] t=1477 jev INF E2 HOLD (预算保护 gate=False e2=14)
[14:26:09] t=1477 jev VEH HTK HOLD (预算保护 cash=715 aav帽=ok aav=0)
[14:26:09] t=1480 AA HTK x2 (enemy air, alive 0)
[14:26:09] t=1480 DEBT-GATE HTK x2 (debt=0 eff=715 < 1000)
[14:26:10] t=1480 jev BUILD NARADR HOLD (资金闸门: 坦克优先, cash=715)
[14:26:10] t=1480 jev INF E2 HOLD (预算保护 gate=False e2=14)
[14:26:10] t=1480 jev VEH HARV HOLD (预算保护 cash=715 aav帽=ok aav=0)
[14:26:11] t=1482 AA HTK x2 (enemy air, alive 0)
[14:26:11] t=1482 DEBT-GATE HTK x2 (debt=0 eff=715 < 1000)
[14:26:12] t=1482 jev INF E2 HOLD (预算保护 gate=False e2=14)
[14:26:12] t=1482 jev VEH HARV HOLD (预算保护 cash=715 aav帽=ok aav=0)
[14:26:12] t=1482 MOVE assault x8 -> 攻击目标#2177@(75,109); t=1482 SIEGE 拔防御壳 x8 -> #2177@(75,109)
[14:26:12] {"kind": "action", "what": "attack_obj", "name": null, "qty": null, "tid": 2177, "ts": "14:26:12"}
[14:26:13] t=1485 AA HTK x2 (enemy air, alive 0)
[14:26:13] t=1485 DEBT-GATE HTK x2 (debt=0 eff=715 < 1000)
[14:26:14] t=1485 jev BUILD NARADR HOLD (资金闸门: 坦克优先, cash=715)
[14:26:14] t=1485 jev INF E2 HOLD (预算保护 gate=False e2=14)
[14:26:14] t=1485 jev VEH HTK HOLD (预算保护 cash=715 aav帽=ok aav=0)
[14:26:15] t=1487 AA HTK x2 (enemy air, alive 0)
[14:26:15] t=1487 DEBT-GATE HTK x2 (debt=0 eff=715 < 1000)
[14:26:16] t=1487 jev BUILD NARADR HOLD (资金闸门: 坦克优先, cash=715)
[14:26:16] t=1487 jev INF E2 HOLD (预算保护 gate=False e2=14)
[14:26:16] t=1487 jev VEH HARV HOLD (预算保护 cash=715 aav帽=ok aav=0)
[14:26:16] t=1490 AA HTK x2 (enemy air, alive 0)
[14:26:16] t=1490 DEBT-GATE HTK x2 (debt=0 eff=715 < 1000)
[14:26:18] t=1490 jev BUILD NARADR HOLD (资金闸门: 坦克优先, cash=715)
[14:26:18] t=1490 jev INF E2 HOLD (预算保护 gate=False e2=14)
[14:26:18] t=1490 jev VEH HARV HOLD (预算保护 cash=715 aav帽=ok aav=0)
[14:26:18] t=1492 AA HTK x2 (enemy air, alive 0)
[14:26:18] t=1492 DEBT-GATE HTK x2 (debt=0 eff=715 < 1000)
[14:26:20] t=1492 jev INF E2 HOLD (预算保护 gate=False e2=14)
[14:26:20] t=1492 jev VEH DRON HOLD (预算保护 cash=715 aav帽=ok aav=0)
[14:26:20] t=1495 AA HTK x2 (enemy air, alive 0)
[14:26:20] t=1495 DEBT-GATE HTK x2 (debt=0 eff=715 < 1000)
[14:26:22] t=1495 jev INF E2 HOLD (预算保护 gate=False e2=14)
[14:26:22] t=1495 jev VEH DRON HOLD (预算保护 cash=715 aav帽=ok aav=0)
[14:26:22] t=1498 AA HTK x2 (enemy air, alive 0)
[14:26:22] t=1498 DEBT-GATE HTK x2 (debt=0 eff=715 < 1000)
[14:26:24] t=1498 jev INF E2 HOLD (预算保护 gate=False e2=14)
[14:26:24] t=1498 jev VEH DRON HOLD (预算保护 cash=715 aav帽=ok aav=0)
[14:26:24] t=1500 AA HTK x2 (enemy air, alive 0)
[14:26:24] t=1500 ESCORT 坦克#1112 -> 护航矿车@[91, 58]
[14:26:24] t=1500 DEBT-GATE HTK x2 (debt=0 eff=715 < 1000)
[14:26:24] {"kind": "action", "what": "attack_move", "name": null, "qty": null, "tid": null, "ts": "14:26:24"}
[14:26:26] t=1500 jev INF E2 HOLD (预算保护 gate=False e2=14)
[14:26:26] t=1500 jev VEH DRON HOLD (预算保护 cash=715 aav帽=ok aav=0)
[14:26:26] t=1500 MOVE assault x8 -> 攻击目标#2177@(75,109); t=1500 SIEGE 拔防御壳 x8 -> #2177@(75,109)
[14:26:26] {"kind": "action", "what": "attack_obj", "name": null, "qty": null, "tid": 2177, "ts": "14:26:26"}
[14:26:26] t=1503 AA HTK x2 (enemy air, alive 0)
[14:26:26] t=1503 DEBT-GATE HTK x2 (debt=0 eff=715 < 1000)
[14:26:28] t=1503 jev INF E2 HOLD (预算保护 gate=False e2=14)
[14:26:28] t=1503 jev VEH DRON HOLD (预算保护 cash=715 aav帽=ok aav=0)
[14:26:28] t=1506 AA HTK x2 (enemy air, alive 0)
[14:26:28] t=1506 DEBT-GATE HTK x2 (debt=0 eff=715 < 1000)
[14:26:30] t=1506 jev INF E2 HOLD (预算保护 gate=False e2=14)
[14:26:30] t=1506 jev VEH DRON HOLD (预算保护 cash=715 aav帽=ok aav=0)
[14:26:30] t=1508 AA HTK x2 (enemy air, alive 0)
[14:26:30] t=1508 DEBT-GATE HTK x2 (debt=0 eff=790 < 1000)
[14:26:32] t=1508 jev INF E2 HOLD (预算保护 gate=False e2=14)
[14:26:32] t=1508 jev VEH DRON HOLD (预算保护 cash=790 aav帽=ok aav=0)
[14:26:32] t=1511 AA HTK x2 (enemy air, alive 0)
[14:26:32] t=1511 DEBT-GATE HTK x2 (debt=0 eff=790 < 1000)
[14:26:34] t=1511 jev INF E2 HOLD (预算保护 gate=False e2=14)
[14:26:34] t=1511 jev VEH DRON HOLD (预算保护 cash=790 aav帽=ok aav=0)
[14:26:34] t=1511 MOVE assault x8 -> (137,82); t=1511 AIR-EVADE assault x8 -> home (坦克打不到空中, 等AA猎杀)
[14:26:34] {"kind": "action", "what": "attack_move", "name": null, "qty": null, "tid": null, "ts": "14:26:34"}
[14:26:34] t=1514 AA HTK x2 (enemy air, alive 0)
[14:26:34] t=1514 RETREAT HTNK(34%)
[14:26:34] t=1514 DEBT-GATE HTK x2 (debt=0 eff=790 < 1000)
[14:26:35] {"kind": "action", "what": "move", "name": null, "qty": null, "tid": null, "ts": "14:26:35"}
[14:26:36] t=1514 jev INF E2 HOLD (预算保护 gate=False e2=14)
[14:26:36] t=1514 jev VEH DRON HOLD (预算保护 cash=790 aav帽=ok aav=0)
[14:26:37] t=1517 AA HTK x2 (enemy air, alive 0)
[14:26:37] t=1517 DEBT-GATE HTK x2 (debt=0 eff=790 < 1000)
[14:26:38] t=1517 jev INF E2 HOLD (预算保护 gate=False e2=14)
[14:26:38] t=1517 jev VEH DRON HOLD (预算保护 cash=790 aav帽=ok aav=0)
[14:26:39] t=1519 HARASS DRON x2 (have 0)
[14:26:39] {"kind": "action", "what": "produce", "name": "DRON", "qty": 2, "tid": null, "ts": "14:26:39"}
[14:26:40] t=1519 jev INF E2 (conf 0.32)
[14:26:40] {"kind": "action", "what": "produce", "name": "E2", "qty": 1, "tid": null, "ts": "14:26:40"}
[14:26:41] t=1522 RETREAT HTNK(13%)
[14:26:41] {"kind": "action", "what": "move", "name": null, "qty": null, "tid": null, "ts": "14:26:41"}
[14:26:44] t=1525 MOVE raid x1 -> (80,88); t=1525 AIR-EVADE assault x9 -> home (坦克打不到空中, 等AA猎杀)
[14:26:44] {"kind": "action", "what": "attack_move", "name": null, "qty": null, "tid": null, "ts": "14:26:44"}
[14:26:45] t=1528 ALARM unit lost -> 攻势保持（塔阵守家, 前线 22 个单位继续进攻）
[14:26:46] t=1528 jev BUILD NARADR HOLD (资金闸门: 坦克优先, cash=125)
[14:26:46] t=1528 jev INF E2 HOLD (预算保护 gate=False e2=15)
[14:26:46] t=1528 jev VEH HTK HOLD (预算保护 cash=125 aav帽=ok aav=0)
[14:26:46] t=1528 MOVE raid x2 -> (80,85); assault x8 -> (137,82); t=1528 AIR-EVADE assault x8 -> home (坦克打不到空中, 等AA猎杀)
[14:26:46] {"kind": "action", "what": "attack_move", "name": null, "qty": null, "tid": null, "ts": "14:26:46"}
[14:26:47] {"kind": "action", "what": "attack_move", "name": null, "qty": null, "tid": null, "ts": "14:26:47"}
[14:26:49] t=1530 jev BUILD NARADR HOLD (资金闸门: 坦克优先, cash=125)
[14:26:49] t=1530 jev INF E2 HOLD (预算保护 gate=False e2=15)
[14:26:49] t=1530 jev VEH HTK HOLD (预算保护 cash=125 aav帽=ok aav=0)
[14:26:49] t=1530 MOVE raid x2 -> (80,82); t=1530 AIR-EVADE assault x8 -> home (坦克打不到空中, 等AA猎杀)
[14:26:49] {"kind": "action", "what": "attack_move", "name": null, "qty": null, "tid": null, "ts": "14:26:49"}
[14:26:49] t=1533 AA HTK x2 (enemy air, alive 0)
[14:26:49] t=1533 DEBT-GATE HTK x2 (debt=0 eff=575 < 1000)
[14:26:50] t=1533 jev BUILD NARADR HOLD (资金闸门: 坦克优先, cash=575)
[14:26:50] t=1533 jev INF E2 HOLD (预算保护 gate=False e2=15)
[14:26:50] t=1533 jev VEH HTK HOLD (预算保护 cash=575 aav帽=ok aav=0)
[14:26:50] t=1533 MOVE raid x2 -> (79,80); t=1533 AIR-EVADE assault x8 -> home (坦克打不到空中, 等AA猎杀)
[14:26:50] {"kind": "action", "what": "attack_move", "name": null, "qty": null, "tid": null, "ts": "14:26:50"}
[14:26:51] t=1536 AA HTK x2 (enemy air, alive 0)
[14:26:51] t=1536 DEBT-GATE HTK x2 (debt=0 eff=575 < 1000)
[14:26:52] t=1536 jev BUILD NARADR HOLD (资金闸门: 坦克优先, cash=575)
[14:26:52] t=1536 jev INF E2 HOLD (预算保护 gate=False e2=15)
[14:26:52] t=1536 jev VEH HTK HOLD (预算保护 cash=575 aav帽=ok aav=0)
[14:26:52] t=1536 MOVE raid x2 -> (78,116); assault x8 -> 攻击目标#2177@(75,109); t=1536 SIEGE 拔防御壳 x8 -> #2177@(75,109)
[14:26:52] {"kind": "action", "what": "attack_move", "name": null, "qty": null, "tid": null, "ts": "14:26:52"}
[14:26:52] {"kind": "action", "what": "attack_obj", "name": null, "qty": null, "tid": 2177, "ts": "14:26:52"}
[14:26:52] t=1536 tick#650 credits=575 stance=attack | jev 650 decisions p50=1649ms
[14:26:53] t=1538 AA HTK x2 (enemy air, alive 0)
[14:26:53] t=1538 DEBT-GATE HTK x2 (debt=0 eff=575 < 1000)
[14:26:54] t=1538 jev BUILD NARADR HOLD (资金闸门: 坦克优先, cash=575)
[14:26:54] t=1538 jev INF E2 HOLD (预算保护 gate=False e2=15)
[14:26:54] t=1538 jev VEH HTK HOLD (预算保护 cash=575 aav帽=ok aav=0)
[14:26:54] t=1538 MOVE raid x2 -> (78,113); t=1538 SIEGE 拔防御壳 x8 -> #2177@(75,109)
[14:26:54] {"kind": "action", "what": "attack_move", "name": null, "qty": null, "tid": null, "ts": "14:26:54"}
[14:26:55] t=1541 AA HTK x2 (enemy air, alive 0)
[14:26:55] t=1541 ESCORT 坦克#1808 -> 护航矿车@[127, 105]
[14:26:55] t=1541 DEBT-GATE HTK x2 (debt=0 eff=575 < 1000)
[14:26:55] {"kind": "action", "what": "attack_move", "name": null, "qty": null, "tid": null, "ts": "14:26:55"}
[14:26:56] t=1541 jev BUILD NARADR HOLD (资金闸门: 坦克优先, cash=575)
[14:26:56] t=1541 jev INF E2 HOLD (预算保护 gate=False e2=15)
[14:26:56] t=1541 jev VEH HTK HOLD (预算保护 cash=575 aav帽=ok aav=0)
[14:26:56] t=1541 MOVE raid x2 -> (78,110); t=1541 SIEGE 拔防御壳 x8 -> #2177@(75,109)
[14:26:56] {"kind": "action", "what": "attack_move", "name": null, "qty": null, "tid": null, "ts": "14:26:56"}
[14:26:57] t=1544 AA HTK x2 (enemy air, alive 0)
[14:26:57] t=1544 DEBT-GATE HTK x2 (debt=0 eff=575 < 1000)
[14:26:58] t=1544 jev BUILD NARADR HOLD (资金闸门: 坦克优先, cash=575)
[14:26:58] t=1544 jev INF E2 HOLD (预算保护 gate=False e2=15)
[14:26:58] t=1544 jev VEH HTK HOLD (预算保护 cash=575 aav帽=ok aav=0)
[14:26:58] t=1544 MOVE raid x2 -> (78,107); assault x8 -> (137,82); t=1544 AIR-EVADE assault x8 -> home (坦克打不到空中, 等AA猎杀)
[14:26:58] {"kind": "action", "what": "attack_move", "name": null, "qty": null, "tid": null, "ts": "14:26:58"}
[14:26:58] {"kind": "action", "what": "attack_move", "name": null, "qty": null, "tid": null, "ts": "14:26:58"}
[14:26:59] t=1546 AA HTK x2 (enemy air, alive 0)
[14:26:59] t=1546 DEBT-GATE HTK x2 (debt=0 eff=575 < 1000)
[14:27:00] t=1546 jev BUILD NARADR HOLD (资金闸门: 坦克优先, cash=575)
[14:27:00] t=1546 jev INF E2 HOLD (预算保护 gate=False e2=15)
[14:27:00] t=1546 jev VEH HTK HOLD (预算保护 cash=575 aav帽=ok aav=0)
[14:27:00] t=1546 MOVE raid x2 -> (78,104); t=1546 AIR-EVADE assault x8 -> home (坦克打不到空中, 等AA猎杀)
[14:27:00] {"kind": "action", "what": "attack_move", "name": null, "qty": null, "tid": null, "ts": "14:27:00"}
[14:27:01] t=1549 AA HTK x2 (enemy air, alive 0)
[14:27:01] t=1549 DEBT-GATE HTK x2 (debt=0 eff=575 < 1000)
[14:27:02] t=1549 jev BUILD NARADR HOLD (资金闸门: 坦克优先, cash=575)
[14:27:02] t=1549 jev INF E2 HOLD (预算保护 gate=False e2=15)
[14:27:02] t=1549 jev VEH HTK HOLD (预算保护 cash=575 aav帽=ok aav=0)
[14:27:02] t=1549 MOVE raid x2 -> (79,102); t=1549 AIR-EVADE assault x8 -> home (坦克打不到空中, 等AA猎杀)
[14:27:02] {"kind": "action", "what": "attack_move", "name": null, "qty": null, "tid": null, "ts": "14:27:02"}
[14:27:03] t=1552 AA HTK x2 (enemy air, alive 0)
[14:27:03] t=1552 DEBT-GATE HTK x2 (debt=0 eff=575 < 1000)
[14:27:04] t=1552 jev BUILD NARADR HOLD (资金闸门: 坦克优先, cash=575)
[14:27:04] t=1552 jev INF E2 HOLD (预算保护 gate=False e2=15)
[14:27:04] t=1552 jev VEH HTK HOLD (预算保护 cash=575 aav帽=ok aav=0)
[14:27:04] t=1552 MOVE raid x2 -> (80,99); assault x8 -> 攻击目标#2177@(75,109); t=1552 SIEGE 拔防御壳 x8 -> #2177@(75,109); hold_a x8 -> (133,86); hold_b x7 -> (126,75)
[14:27:04] {"kind": "action", "what": "attack_move", "name": null, "qty": null, "tid": null, "ts": "14:27:04"}
[14:27:04] {"kind": "action", "what": "attack_obj", "name": null, "qty": null, "tid": 2177, "ts": "14:27:04"}
[14:27:04] {"kind": "action", "what": "attack_move", "name": null, "qty": null, "tid": null, "ts": "14:27:04"}
[14:27:05] {"kind": "action", "what": "attack_move", "name": null, "qty": null, "tid": null, "ts": "14:27:05"}
[14:27:05] t=1554 AA HTK x2 (enemy air, alive 0)
[14:27:05] t=1554 DEBT-GATE HTK x2 (debt=0 eff=575 < 1000)
[14:27:06] t=1554 jev BUILD NARADR HOLD (资金闸门: 坦克优先, cash=575)
[14:27:06] t=1554 jev INF E2 HOLD (预算保护 gate=False e2=15)
[14:27:06] t=1554 jev VEH HTK HOLD (预算保护 cash=575 aav帽=ok aav=0)
[14:27:06] t=1554 MOVE raid x2 -> (80,96); t=1554 SIEGE 拔防御壳 x8 -> #2177@(75,109)
[14:27:07] {"kind": "action", "what": "attack_move", "name": null, "qty": null, "tid": null, "ts": "14:27:07"}
[14:27:07] t=1557 AA HTK x2 (enemy air, alive 0)
[14:27:07] t=1557 DEBT-GATE HTK x2 (debt=0 eff=575 < 1000)
[14:27:08] t=1557 jev BUILD NARADR HOLD (资金闸门: 坦克优先, cash=575)
[14:27:08] t=1557 jev INF E2 HOLD (预算保护 gate=False e2=15)
[14:27:08] t=1557 jev VEH HTK HOLD (预算保护 cash=575 aav帽=ok aav=0)
[14:27:08] t=1557 MOVE raid x2 -> (80,93); t=1557 SIEGE 拔防御壳 x8 -> #2177@(75,109)
[14:27:09] {"kind": "action", "what": "attack_move", "name": null, "qty": null, "tid": null, "ts": "14:27:09"}
[14:27:09] t=1560 AA HTK x2 (enemy air, alive 0)
[14:27:09] t=1560 DEBT-GATE HTK x2 (debt=0 eff=575 < 1000)
[14:27:10] t=1560 jev BUILD NARADR HOLD (资金闸门: 坦克优先, cash=575)
[14:27:10] t=1560 jev INF E2 HOLD (预算保护 gate=False e2=15)
[14:27:10] t=1560 jev VEH HTK HOLD (预算保护 cash=575 aav帽=ok aav=0)
[14:27:10] t=1560 MOVE raid x2 -> (80,90); assault x8 -> (137,82); t=1560 AIR-EVADE assault x8 -> home (坦克打不到空中, 等AA猎杀)
[14:27:11] {"kind": "action", "what": "attack_move", "name": null, "qty": null, "tid": null, "ts": "14:27:11"}
[14:27:11] {"kind": "action", "what": "attack_move", "name": null, "qty": null, "tid": null, "ts": "14:27:11"}
[14:27:11] t=1562 AA HTK x2 (enemy air, alive 0)
[14:27:11] t=1562 DEBT-GATE HTK x2 (debt=0 eff=575 < 1000)
[14:27:12] t=1562 jev BUILD NARADR HOLD (资金闸门: 坦克优先, cash=575)
[14:27:12] t=1562 jev INF E2 HOLD (预算保护 gate=False e2=15)
[14:27:12] t=1562 jev VEH HTK HOLD (预算保护 cash=575 aav帽=ok aav=0)
[14:27:12] t=1562 MOVE raid x2 -> (80,87); t=1562 AIR-EVADE assault x8 -> home (坦克打不到空中, 等AA猎杀)
[14:27:13] {"kind": "action", "what": "attack_move", "name": null, "qty": null, "tid": null, "ts": "14:27:13"}
[14:27:13] t=1565 ALARM unit lost -> 攻势保持（塔阵守家, 前线 21 个单位继续进攻）
[14:27:13] t=1565 AA HTK x2 (enemy air, alive 0)
[14:27:13] t=1565 DEBT-GATE HTK x2 (debt=0 eff=575 < 1000)
[14:27:14] t=1565 jev BUILD NARADR HOLD (资金闸门: 坦克优先, cash=575)
[14:27:14] t=1565 jev INF E2 HOLD (预算保护 gate=False e2=15)
[14:27:14] t=1565 jev VEH HTK HOLD (预算保护 cash=575 aav帽=ok aav=0)
[14:27:14] t=1565 MOVE raid x1 -> (80,84); t=1565 AIR-EVADE assault x7 -> home (坦克打不到空中, 等AA猎杀)
[14:27:14] {"kind": "action", "what": "attack_move", "name": null, "qty": null, "tid": null, "ts": "14:27:14"}
[14:27:15] t=1568 AA HTK x2 (enemy air, alive 0)
[14:27:15] t=1568 DEBT-GATE HTK x2 (debt=0 eff=575 < 1000)
[14:27:16] t=1568 jev BUILD NARADR HOLD (资金闸门: 坦克优先, cash=575)
[14:27:16] t=1568 jev INF E2 HOLD (预算保护 gate=False e2=15)
[14:27:16] t=1568 jev VEH HTK HOLD (预算保护 cash=575 aav帽=ok aav=0)
[14:27:16] t=1568 MOVE raid x1 -> (80,81); t=1568 AIR-EVADE assault x7 -> home (坦克打不到空中, 等AA猎杀)
[14:27:16] {"kind": "action", "what": "attack_move", "name": null, "qty": null, "tid": null, "ts": "14:27:16"}
[14:27:17] t=1570 AA HTK x2 (enemy air, alive 0)
[14:27:17] t=1570 RETREAT E2(19%)
[14:27:17] t=1570 DEBT-GATE HTK x2 (debt=0 eff=575 < 1000)
[14:27:17] {"kind": "action", "what": "move", "name": null, "qty": null, "tid": null, "ts": "14:27:17"}
[14:27:18] t=1570 jev BUILD NARADR HOLD (资金闸门: 坦克优先, cash=575)
[14:27:18] t=1570 jev INF E2 HOLD (预算保护 gate=False e2=15)
[14:27:18] t=1570 jev VEH HTK HOLD (预算保护 cash=575 aav帽=ok aav=0)
[14:27:18] t=1570 MOVE raid x1 -> (80,78); t=1570 AIR-EVADE assault x7 -> home (坦克打不到空中, 等AA猎杀)
[14:27:18] {"kind": "action", "what": "attack_move", "name": null, "qty": null, "tid": null, "ts": "14:27:18"}
[14:27:19] t=1573 ALARM unit lost -> 攻势保持（塔阵守家, 前线 20 个单位继续进攻）
[14:27:19] t=1573 AA HTK x2 (enemy air, alive 0)
[14:27:19] t=1573 DEBT-GATE HTK x2 (debt=0 eff=575 < 1000)
[14:27:20] t=1573 jev INF E2 HOLD (预算保护 gate=False e2=15)
[14:27:20] t=1573 jev VEH HTK HOLD (预算保护 cash=575 aav帽=ok aav=0)
[14:27:21] t=1575 AA HTK x2 (enemy air, alive 0)
[14:27:21] t=1575 DEBT-GATE HTK x2 (debt=0 eff=575 < 1000)
[14:27:22] t=1575 jev BUILD NARADR HOLD (资金闸门: 坦克优先, cash=575)
[14:27:22] t=1575 jev INF E2 HOLD (预算保护 gate=False e2=15)
[14:27:22] t=1575 jev VEH HTK HOLD (预算保护 cash=575 aav帽=ok aav=0)
[14:27:22] t=1578 AA HTK x2 (enemy air, alive 0)
[14:27:22] t=1578 DEBT-GATE HTK x2 (debt=0 eff=575 < 1000)
[14:27:24] t=1578 jev INF E2 HOLD (预算保护 gate=False e2=15)
[14:27:24] t=1578 jev VEH HTK HOLD (预算保护 cash=575 aav帽=ok aav=0)
[14:27:24] t=1578 MOVE assault x6 -> (137,82); t=1578 SIEGE STAGING x6/8 (攒兵团, 齐冲再上)
[14:27:24] {"kind": "action", "what": "attack_move", "name": null, "qty": null, "tid": null, "ts": "14:27:24"}
[14:27:24] t=1581 AA HTK x2 (enemy air, alive 0)
[14:27:24] t=1581 DEBT-GATE HTK x2 (debt=0 eff=575 < 1000)
[14:27:26] t=1581 jev INF E2 HOLD (预算保护 gate=False e2=15)
[14:27:26] t=1581 jev VEH HTK HOLD (预算保护 cash=575 aav帽=ok aav=0)
[14:27:26] t=1583 AA HTK x2 (enemy air, alive 0)
[14:27:26] t=1583 ESCORT 坦克#1749 -> 护航矿车@[91, 102]
[14:27:26] t=1583 DEBT-GATE HTK x2 (debt=0 eff=575 < 1000)
[14:27:26] {"kind": "action", "what": "attack_move", "name": null, "qty": null, "tid": null, "ts": "14:27:26"}
[14:27:28] t=1583 jev INF E2 HOLD (预算保护 gate=False e2=15)
[14:27:28] t=1583 jev VEH HTK HOLD (预算保护 cash=575 aav帽=ok aav=0)
[14:27:28] t=1586 AA HTK x2 (enemy air, alive 0)
[14:27:28] t=1586 DEBT-GATE HTK x2 (debt=0 eff=575 < 1000)
[14:27:30] t=1586 jev INF E2 HOLD (预算保护 gate=False e2=15)
[14:27:30] t=1586 jev VEH HTK HOLD (预算保护 cash=575 aav帽=ok aav=0)
[14:27:30] t=1588 AA HTK x2 (enemy air, alive 0)
[14:27:30] t=1588 DEBT-GATE HTK x2 (debt=0 eff=575 < 1000)
[14:27:32] t=1588 jev INF E2 HOLD (预算保护 gate=False e2=15)
[14:27:32] t=1588 jev VEH HTK HOLD (预算保护 cash=575 aav帽=ok aav=0)
[14:27:32] t=1591 AA HTK x2 (enemy air, alive 0)
[14:27:32] t=1591 DEBT-GATE HTK x2 (debt=0 eff=575 < 1000)
[14:27:34] t=1591 jev INF E2 HOLD (预算保护 gate=False e2=15)
[14:27:34] t=1591 jev VEH HTK HOLD (预算保护 cash=575 aav帽=ok aav=0)
[14:27:34] t=1593 AA HTK x2 (enemy air, alive 0)
[14:27:34] t=1593 RETREAT HTNK(18%)
[14:27:34] t=1593 DEBT-GATE HTK x2 (debt=0 eff=575 < 1000)
[14:27:34] {"kind": "action", "what": "move", "name": null, "qty": null, "tid": null, "ts": "14:27:34"}
[14:27:36] t=1593 jev INF E2 HOLD (预算保护 gate=False e2=15)
[14:27:36] t=1593 jev VEH HTK HOLD (预算保护 cash=575 aav帽=ok aav=0)
[14:27:36] t=1596 AA HTK x2 (enemy air, alive 0)
[14:27:36] t=1596 DEBT-GATE HTK x2 (debt=0 eff=575 < 1000)
[14:27:38] t=1596 jev INF E2 HOLD (预算保护 gate=False e2=15)
[14:27:38] t=1596 jev VEH HTK HOLD (预算保护 cash=575 aav帽=ok aav=0)
[14:27:38] t=1596 MOVE assault x6 -> (137,82); t=1596 SIEGE STAGING x6/8 (攒兵团, 齐冲再上)
[14:27:38] {"kind": "action", "what": "attack_move", "name": null, "qty": null, "tid": null, "ts": "14:27:38"}
[14:27:38] t=1598 AA HTK x2 (enemy air, alive 0)
[14:27:38] t=1598 DEBT-GATE HTK x2 (debt=0 eff=575 < 1000)
[14:27:39] t=1598 jev INF E2 HOLD (预算保护 gate=False e2=15)
[14:27:39] t=1598 jev VEH HTK HOLD (预算保护 cash=575 aav帽=ok aav=0)
[14:27:40] t=1601 AA HTK x2 (enemy air, alive 0)
[14:27:40] t=1601 DEBT-GATE HTK x2 (debt=0 eff=575 < 1000)
[14:27:41] t=1601 jev INF E2 HOLD (预算保护 gate=False e2=15)
[14:27:41] t=1601 jev VEH HTK HOLD (预算保护 cash=575 aav帽=ok aav=0)
[14:27:41] t=1601 tick#675 credits=575 stance=attack | jev 675 decisions p50=1650ms
[14:27:42] t=1603 AA HTK x2 (enemy air, alive 0)
[14:27:42] t=1603 DEBT-GATE HTK x2 (debt=0 eff=575 < 1000)
[14:27:43] t=1603 jev INF E2 HOLD (预算保护 gate=False e2=15)
[14:27:43] t=1603 jev VEH HTK HOLD (预算保护 cash=575 aav帽=ok aav=0)
[14:27:43] t=1606 ALARM unit lost -> 攻势保持（塔阵守家, 前线 20 个单位继续进攻）
[14:27:43] t=1606 AA HTK x2 (enemy air, alive 0)
[14:27:43] t=1606 DEBT-GATE HTK x2 (debt=0 eff=575 < 1000)
[14:27:45] t=1606 jev INF E2 HOLD (预算保护 gate=False e2=15)
[14:27:45] t=1606 jev VEH HTK HOLD (预算保护 cash=575 aav帽=ok aav=0)
[14:27:45] t=1608 AA HTK x2 (enemy air, alive 0)
[14:27:45] t=1608 DEBT-GATE HTK x2 (debt=0 eff=725 < 1000)
[14:27:47] t=1608 jev INF E2 HOLD (预算保护 gate=False e2=15)
[14:27:47] t=1608 jev VEH HTK HOLD (预算保护 cash=725 aav帽=ok aav=0)
[14:27:47] t=1611 AA HTK x2 (enemy air, alive 0)
[14:27:47] t=1611 DEBT-GATE HTK x2 (debt=0 eff=725 < 1000)
[14:27:49] t=1611 jev INF E2 HOLD (预算保护 gate=False e2=15)
[14:27:49] t=1611 jev VEH HTK HOLD (预算保护 cash=725 aav帽=ok aav=0)
[14:27:49] t=1613 AA HTK x2 (enemy air, alive 0)
[14:27:49] t=1613 DEBT-GATE HTK x2 (debt=0 eff=725 < 1000)
[14:27:51] t=1613 jev INF E2 HOLD (预算保护 gate=False e2=15)
[14:27:51] t=1613 jev VEH HTK HOLD (预算保护 cash=725 aav帽=ok aav=0)
[14:27:51] t=1613 MOVE assault x6 -> (137,82); t=1613 SIEGE STAGING x6/8 (攒兵团, 齐冲再上)
[14:27:51] {"kind": "action", "what": "attack_move", "name": null, "qty": null, "tid": null, "ts": "14:27:51"}
[14:27:51] t=1616 AA HTK x2 (enemy air, alive 0)
[14:27:51] t=1616 DEBT-GATE HTK x2 (debt=0 eff=725 < 1000)
[14:27:53] t=1616 jev INF E2 HOLD (预算保护 gate=False e2=15)
[14:27:53] t=1616 jev VEH HTK HOLD (预算保护 cash=725 aav帽=ok aav=0)
[14:27:53] t=1619 AA HTK x2 (enemy air, alive 0)
[14:27:53] t=1619 DEBT-GATE HTK x2 (debt=0 eff=725 < 1000)
[14:27:55] t=1619 jev INF E2 HOLD (预算保护 gate=False e2=15)
[14:27:55] t=1619 jev VEH HTK HOLD (预算保护 cash=725 aav帽=ok aav=0)
[14:27:55] t=1621 AA HTK x2 (enemy air, alive 0)
[14:27:55] t=1621 DEBT-GATE HTK x2 (debt=0 eff=725 < 1000)
[14:27:57] t=1621 jev INF E2 HOLD (预算保护 gate=False e2=15)
[14:27:57] t=1621 jev VEH HTK HOLD (预算保护 cash=725 aav帽=ok aav=0)
[14:27:57] t=1624 AA HTK x2 (enemy air, alive 0)
[14:27:57] t=1624 ESCORT 坦克#1749 -> 护航矿车@[92, 103]
[14:27:57] t=1624 DEBT-GATE HTK x2 (debt=0 eff=725 < 1000)
[14:27:57] {"kind": "action", "what": "attack_move", "name": null, "qty": null, "tid": null, "ts": "14:27:57"}
[14:27:59] t=1624 jev INF E2 HOLD (预算保护 gate=False e2=15)
[14:27:59] t=1624 jev VEH HTK HOLD (预算保护 cash=725 aav帽=ok aav=0)
[14:27:59] t=1626 AA HTK x2 (enemy air, alive 0)
[14:27:59] t=1626 DEBT-GATE HTK x2 (debt=0 eff=725 < 1000)
[14:28:01] t=1626 jev INF E2 HOLD (预算保护 gate=False e2=15)
[14:28:01] t=1626 jev VEH DRON HOLD (预算保护 cash=725 aav帽=ok aav=0)
[14:28:01] t=1629 AA HTK x2 (enemy air, alive 0)
[14:28:01] t=1629 DEBT-GATE HTK x2 (debt=0 eff=725 < 1000)
[14:28:03] t=1629 jev INF E2 HOLD (预算保护 gate=False e2=15)
[14:28:03] t=1629 jev VEH HTK HOLD (预算保护 cash=725 aav帽=ok aav=0)
[14:28:03] t=1632 AA HTK x2 (enemy air, alive 0)
[14:28:03] t=1632 DEBT-GATE HTK x2 (debt=0 eff=725 < 1000)
[14:28:05] t=1632 jev INF E2 HOLD (预算保护 gate=False e2=15)
[14:28:05] t=1632 jev VEH HTK HOLD (预算保护 cash=725 aav帽=ok aav=0)
[14:28:05] t=1632 MOVE assault x6 -> (137,82); t=1632 SIEGE STAGING x6/8 (攒兵团, 齐冲再上); hold_a x8 -> (133,86); hold_b x7 -> (126,75)
[14:28:05] {"kind": "action", "what": "attack_move", "name": null, "qty": null, "tid": null, "ts": "14:28:05"}
[14:28:05] {"kind": "action", "what": "attack_move", "name": null, "qty": null, "tid": null, "ts": "14:28:05"}
[14:28:05] {"kind": "action", "what": "attack_move", "name": null, "qty": null, "tid": null, "ts": "14:28:05"}
[14:28:05] t=1634 AA HTK x2 (enemy air, alive 0)
[14:28:05] t=1634 DEBT-GATE HTK x2 (debt=0 eff=725 < 1000)
[14:28:07] t=1634 jev INF E2 HOLD (预算保护 gate=False e2=15)
[14:28:07] t=1634 jev VEH HTK HOLD (预算保护 cash=725 aav帽=ok aav=0)
[14:28:07] t=1637 AA HTK x2 (enemy air, alive 0)
[14:28:07] t=1637 DEBT-GATE HTK x2 (debt=0 eff=725 < 1000)
[14:28:09] t=1637 jev INF E2 HOLD (预算保护 gate=False e2=15)
[14:28:09] t=1637 jev VEH HTK HOLD (预算保护 cash=725 aav帽=ok aav=0)
[14:28:09] t=1640 AA HTK x2 (enemy air, alive 0)
[14:28:09] t=1640 DEBT-GATE HTK x2 (debt=0 eff=725 < 1000)
[14:28:10] t=1640 jev INF E2 HOLD (预算保护 gate=False e2=15)
[14:28:10] t=1640 jev VEH HTK HOLD (预算保护 cash=725 aav帽=ok aav=0)
[14:28:11] t=1642 AA HTK x2 (enemy air, alive 0)
[14:28:11] t=1642 DEBT-GATE HTK x2 (debt=0 eff=725 < 1000)
[14:28:12] t=1642 jev INF E2 HOLD (预算保护 gate=False e2=15)
[14:28:12] t=1642 jev VEH HTK HOLD (预算保护 cash=725 aav帽=ok aav=0)
[14:28:13] t=1645 AA HTK x2 (enemy air, alive 0)
[14:28:13] t=1645 DEBT-GATE HTK x2 (debt=0 eff=725 < 1000)
[14:28:14] t=1645 jev INF E2 HOLD (预算保护 gate=False e2=15)
[14:28:14] t=1645 jev VEH HTK HOLD (预算保护 cash=725 aav帽=ok aav=0)
[14:28:15] t=1647 HARASS DRON x2 (have 0)
[14:28:15] {"kind": "action", "what": "produce", "name": "DRON", "qty": 2, "tid": null, "ts": "14:28:15"}
[14:28:16] t=1647 jev INF E2 (conf 0.34)
[14:28:16] {"kind": "action", "what": "produce", "name": "E2", "qty": 1, "tid": null, "ts": "14:28:16"}
[14:28:18] t=1650 MOVE assault x6 -> (137,82); t=1650 SIEGE STAGING x6/8 (攒兵团, 齐冲再上)
[14:28:18] {"kind": "action", "what": "attack_move", "name": null, "qty": null, "tid": null, "ts": "14:28:18"}
[14:28:20] t=1653 MOVE raid x1 -> (80,86); t=1653 SIEGE STAGING x7/8 (攒兵团, 齐冲再上)
[14:28:20] {"kind": "action", "what": "attack_move", "name": null, "qty": null, "tid": null, "ts": "14:28:20"}
[14:28:22] t=1656 jev BUILD NARADR HOLD (资金闸门: 坦克优先, cash=60)
[14:28:22] t=1656 jev INF E2 HOLD (预算保护 gate=False e2=16)
[14:28:22] t=1656 jev VEH HTK HOLD (预算保护 cash=60 aav帽=ok aav=0)
[14:28:22] t=1656 MOVE raid x2 -> (80,83); assault x8 -> 攻击目标#1809@(74,109); t=1656 SIEGE 拔防御壳 x8 -> #1809@(74,109)
[14:28:22] {"kind": "action", "what": "attack_move", "name": null, "qty": null, "tid": null, "ts": "14:28:22"}
[14:28:22] {"kind": "action", "what": "attack_obj", "name": null, "qty": null, "tid": 1809, "ts": "14:28:22"}
[14:28:23] t=1658 ALARM enemy approaching -> RESCUE 预备队 3 人驰援远端 [107, 86]
[14:28:23] {"kind": "action", "what": "attack_move", "name": null, "qty": null, "tid": null, "ts": "14:28:23"}
[14:28:24] t=1658 jev BUILD NARADR HOLD (资金闸门: 坦克优先, cash=435)
[14:28:24] t=1658 jev INF E2 HOLD (预算保护 gate=False e2=16)
[14:28:24] t=1658 jev VEH HTK HOLD (预算保护 cash=435 aav帽=ok aav=0)
[14:28:26] t=1661 jev BUILD NARADR HOLD (资金闸门: 坦克优先, cash=435)
[14:28:26] t=1661 jev INF E2 HOLD (预算保护 gate=False e2=16)
[14:28:26] t=1661 jev VEH HTK HOLD (预算保护 cash=435 aav帽=ok aav=0)
[14:28:28] t=1663 jev BUILD NARADR HOLD (资金闸门: 坦克优先, cash=435)
[14:28:28] t=1663 jev INF E2 HOLD (预算保护 gate=False e2=16)
[14:28:28] t=1663 jev VEH HTK HOLD (预算保护 cash=435 aav帽=ok aav=0)
[14:28:30] t=1666 jev BUILD NARADR HOLD (资金闸门: 坦克优先, cash=435)
[14:28:30] t=1666 jev INF E2 HOLD (预算保护 gate=False e2=16)
[14:28:30] t=1666 jev VEH HTK HOLD (预算保护 cash=435 aav帽=ok aav=0)
[14:28:30] t=1666 tick#700 credits=435 stance=attack | jev 700 decisions p50=1649ms
[14:28:32] t=1669 jev BUILD NARADR HOLD (资金闸门: 坦克优先, cash=435)
[14:28:32] t=1669 jev INF E2 HOLD (预算保护 gate=False e2=16)
[14:28:32] t=1669 jev VEH HTK HOLD (预算保护 cash=435 aav帽=ok aav=0)
[14:28:32] t=1669 MOVE raid x2 -> (107,88); assault x8 -> (137,82); t=1669 AIR-EVADE assault x8 -> home (坦克打不到空中, 等AA猎杀)
[14:28:32] {"kind": "action", "what": "attack_move", "name": null, "qty": null, "tid": null, "ts": "14:28:32"}
[14:28:32] {"kind": "action", "what": "attack_move", "name": null, "qty": null, "tid": null, "ts": "14:28:32"}
[14:28:32] t=1671 ALARM unit lost -> 攻势保持（塔阵守家, 前线 22 个单位继续进攻）
[14:28:34] t=1671 jev BUILD NARADR HOLD (资金闸门: 坦克优先, cash=435)
[14:28:34] t=1671 jev INF E2 HOLD (预算保护 gate=False e2=16)
[14:28:34] t=1671 jev VEH HTK HOLD (预算保护 cash=435 aav帽=ok aav=0)
[14:28:34] t=1674 ALARM unit lost -> 攻势保持（塔阵守家, 前线 21 个单位继续进攻）
[14:28:36] t=1674 jev BUILD NARADR HOLD (资金闸门: 坦克优先, cash=435)
[14:28:36] t=1674 jev INF E2 HOLD (预算保护 gate=False e2=16)
[14:28:36] t=1674 jev VEH HTK HOLD (预算保护 cash=435 aav帽=ok aav=0)
[14:28:36] t=1676 ALARM enemy approaching -> RESCUE 预备队 3 人驰援远端 [107, 86]
[14:28:36] {"kind": "action", "what": "attack_move", "name": null, "qty": null, "tid": null, "ts": "14:28:36"}
[14:28:36] t=1676 ESCORT 坦克#1749 -> 护航矿车@[125, 103]
[14:28:36] {"kind": "action", "what": "attack_move", "name": null, "qty": null, "tid": null, "ts": "14:28:36"}
[14:28:38] t=1676 jev BUILD NARADR HOLD (资金闸门: 坦克优先, cash=435)
[14:28:38] t=1676 jev INF E2 HOLD (预算保护 gate=False e2=16)
[14:28:38] t=1676 jev VEH HTK HOLD (预算保护 cash=435 aav帽=ok aav=0)
[14:28:40] t=1679 jev BUILD NARADR HOLD (资金闸门: 坦克优先, cash=435)
[14:28:40] t=1679 jev INF E2 HOLD (预算保护 gate=False e2=16)
[14:28:40] t=1679 jev VEH HTK HOLD (预算保护 cash=435 aav帽=ok aav=0)
[14:28:42] t=1682 jev INF E2 HOLD (预算保护 gate=False e2=16)
[14:28:42] t=1682 jev VEH HTK HOLD (预算保护 cash=435 aav帽=ok aav=0)
[14:28:44] t=1684 jev BUILD NARADR HOLD (资金闸门: 坦克优先, cash=435)
[14:28:44] t=1684 jev INF E2 HOLD (预算保护 gate=False e2=16)
[14:28:44] t=1684 jev VEH HTK HOLD (预算保护 cash=435 aav帽=ok aav=0)
[14:28:46] t=1687 jev INF E2 HOLD (预算保护 gate=False e2=15)
[14:28:46] t=1687 jev VEH HTK HOLD (预算保护 cash=435 aav帽=ok aav=0)
[14:28:46] t=1687 MOVE assault x6 -> (137,82); t=1687 SIEGE STAGING x6/8 (攒兵团, 齐冲再上)
[14:28:46] {"kind": "action", "what": "attack_move", "name": null, "qty": null, "tid": null, "ts": "14:28:46"}
[14:28:46] t=1689 ALARM enemy approaching -> RESCUE 预备队 3 人驰援远端 [107, 86]
[14:28:46] {"kind": "action", "what": "attack_move", "name": null, "qty": null, "tid": null, "ts": "14:28:46"}
[14:28:46] t=1689 RETREAT E2(3%)
[14:28:46] {"kind": "action", "what": "move", "name": null, "qty": null, "tid": null, "ts": "14:28:46"}
[14:28:48] t=1689 jev BUILD NARADR HOLD (资金闸门: 坦克优先, cash=435)
[14:28:48] t=1689 jev INF E2 HOLD (预算保护 gate=False e2=15)
[14:28:48] t=1689 jev VEH HTK HOLD (预算保护 cash=435 aav帽=ok aav=0)
[14:28:48] t=1692 AA HTK x2 (enemy air, alive 0)
[14:28:48] t=1692 DEBT-GATE HTK x2 (debt=0 eff=660 < 1000)
[14:28:50] t=1692 jev BUILD NARADR HOLD (资金闸门: 坦克优先, cash=660)
[14:28:50] t=1692 jev INF E2 HOLD (预算保护 gate=False e2=14)
[14:28:50] t=1692 jev VEH HTK HOLD (预算保护 cash=660 aav帽=ok aav=0)
[14:28:50] t=1695 AA HTK x2 (enemy air, alive 0)
[14:28:50] t=1695 DEBT-GATE HTK x2 (debt=0 eff=660 < 1000)
[14:28:52] t=1695 jev BUILD NARADR HOLD (资金闸门: 坦克优先, cash=660)
[14:28:52] t=1695 jev INF E2 HOLD (预算保护 gate=False e2=12)
[14:28:52] t=1695 jev VEH HTK HOLD (预算保护 cash=660 aav帽=ok aav=0)
[14:28:52] t=1697 AA HTK x2 (enemy air, alive 0)
[14:28:52] t=1697 DEBT-GATE HTK x2 (debt=0 eff=660 < 1000)
[14:28:54] t=1697 jev BUILD NARADR HOLD (资金闸门: 坦克优先, cash=660)
[14:28:54] t=1697 jev INF E2 HOLD (预算保护 gate=False e2=11)
[14:28:54] t=1697 jev VEH HTK HOLD (预算保护 cash=660 aav帽=ok aav=0)
[14:28:54] t=1700 AA HTK x2 (enemy air, alive 0)
[14:28:54] t=1700 DEBT-GATE HTK x2 (debt=0 eff=660 < 1000)
[14:28:56] t=1700 jev INF E2 HOLD (预算保护 gate=False e2=10)
[14:28:56] t=1700 jev VEH HTK HOLD (预算保护 cash=660 aav帽=ok aav=0)
[14:28:56] t=1702 ALARM enemy approaching -> RESCUE 预备队 3 人驰援远端 [107, 86]
[14:28:56] {"kind": "action", "what": "attack_move", "name": null, "qty": null, "tid": null, "ts": "14:28:56"}
[14:28:56] t=1702 AA HTK x2 (enemy air, alive 0)
[14:28:56] t=1702 DEBT-GATE HTK x2 (debt=0 eff=660 < 1000)
[14:28:58] t=1702 jev INF E2 HOLD (预算保护 gate=False e2=10)
[14:28:58] t=1702 jev VEH HTK HOLD (预算保护 cash=660 aav帽=ok aav=0)
[14:28:58] t=1705 AA HTK x2 (enemy air, alive 0)
[14:28:58] t=1705 DEBT-GATE HTK x2 (debt=0 eff=660 < 1000)
[14:28:59] t=1705 jev INF E2 HOLD (预算保护 gate=False e2=10)
[14:28:59] t=1705 jev VEH HTK HOLD (预算保护 cash=660 aav帽=ok aav=0)
[14:29:00] t=1708 AA HTK x2 (enemy air, alive 0)
[14:29:00] t=1708 DEBT-GATE HTK x2 (debt=0 eff=660 < 1000)
[14:29:01] t=1708 jev INF E2 HOLD (预算保护 gate=False e2=10)
[14:29:01] t=1708 jev VEH HTK HOLD (预算保护 cash=660 aav帽=ok aav=0)
[14:29:02] t=1710 AA HTK x2 (enemy air, alive 0)
[14:29:02] t=1710 DEBT-GATE HTK x2 (debt=0 eff=660 < 1000)
[14:29:03] t=1710 jev INF E2 HOLD (预算保护 gate=False e2=10)
[14:29:03] t=1710 jev VEH HTK HOLD (预算保护 cash=660 aav帽=ok aav=0)
[14:29:04] t=1713 AA HTK x2 (enemy air, alive 0)
[14:29:04] t=1713 DEBT-GATE HTK x2 (debt=0 eff=660 < 1000)
[14:29:05] t=1713 jev INF E2 HOLD (预算保护 gate=False e2=10)
[14:29:05] t=1713 jev VEH HTK HOLD (预算保护 cash=660 aav帽=ok aav=0)
[14:29:05] t=1713 MOVE assault x6 -> (137,82); t=1713 SIEGE STAGING x6/8 (攒兵团, 齐冲再上); hold_a x5 -> (133,86); hold_b x5 -> (126,75)
[14:29:05] {"kind": "action", "what": "attack_move", "name": null, "qty": null, "tid": null, "ts": "14:29:05"}
[14:29:06] {"kind": "action", "what": "attack_move", "name": null, "qty": null, "tid": null, "ts": "14:29:06"}
[14:29:06] {"kind": "action", "what": "attack_move", "name": null, "qty": null, "tid": null, "ts": "14:29:06"}
[14:29:06] t=1716 ALARM enemy approaching -> RESCUE 预备队 3 人驰援远端 [107, 86]
[14:29:06] {"kind": "action", "what": "attack_move", "name": null, "qty": null, "tid": null, "ts": "14:29:06"}
[14:29:06] t=1716 AA HTK x2 (enemy air, alive 0)
[14:29:06] t=1716 DEBT-GATE HTK x2 (debt=0 eff=660 < 1000)
[14:29:08] t=1716 jev INF E2 HOLD (预算保护 gate=False e2=10)
[14:29:08] t=1716 jev VEH HTK HOLD (预算保护 cash=660 aav帽=ok aav=0)
[14:29:08] t=1718 AA HTK x2 (enemy air, alive 0)
[14:29:08] t=1718 ESCORT 坦克#1749 -> 护航矿车@[128, 105]
[14:29:08] t=1718 DEBT-GATE HTK x2 (debt=0 eff=660 < 1000)
[14:29:08] {"kind": "action", "what": "attack_move", "name": null, "qty": null, "tid": null, "ts": "14:29:08"}
[14:29:10] t=1718 jev INF E2 HOLD (预算保护 gate=False e2=10)
[14:29:10] t=1718 jev VEH HTK HOLD (预算保护 cash=660 aav帽=ok aav=0)
[14:29:10] t=1721 AA HTK x2 (enemy air, alive 0)
[14:29:10] t=1721 DEBT-GATE HTK x2 (debt=0 eff=660 < 1000)
[14:29:11] t=1721 jev INF E2 HOLD (预算保护 gate=False e2=10)
[14:29:11] t=1721 jev VEH HTNK HOLD (预算保护 cash=660 aav帽=ok aav=0)
[14:29:12] t=1724 AA HTK x2 (enemy air, alive 0)
[14:29:12] t=1724 DEBT-GATE HTK x2 (debt=0 eff=660 < 1000)
[14:29:13] t=1724 jev INF E2 HOLD (预算保护 gate=False e2=10)
[14:29:13] t=1724 jev VEH HTNK HOLD (预算保护 cash=660 aav帽=ok aav=0)
[14:29:14] t=1726 AA HTK x2 (enemy air, alive 0)
[14:29:14] t=1726 DEBT-GATE HTK x2 (debt=0 eff=660 < 1000)
[14:29:15] t=1726 jev INF E2 HOLD (预算保护 gate=False e2=10)
[14:29:15] t=1726 jev VEH HTNK HOLD (预算保护 cash=660 aav帽=ok aav=0)
[14:29:16] t=1729 ALARM enemy approaching -> RESCUE 预备队 3 人驰援远端 [108, 85]
[14:29:16] {"kind": "action", "what": "attack_move", "name": null, "qty": null, "tid": null, "ts": "14:29:16"}
[14:29:16] t=1729 AA HTK x2 (enemy air, alive 0)
[14:29:16] t=1729 DEBT-GATE HTK x2 (debt=0 eff=660 < 1000)
[14:29:17] t=1729 jev INF E2 HOLD (预算保护 gate=False e2=10)
[14:29:17] t=1729 jev VEH HTNK HOLD (预算保护 cash=660 aav帽=ok aav=0)
[14:29:18] t=1731 AA HTK x2 (enemy air, alive 0)
[14:29:18] t=1731 DEBT-GATE HTK x2 (debt=0 eff=660 < 1000)
[14:29:19] t=1731 jev INF E2 HOLD (预算保护 gate=False e2=10)
[14:29:19] t=1731 jev VEH HTNK HOLD (预算保护 cash=660 aav帽=ok aav=0)
[14:29:19] t=1731 tick#725 credits=660 stance=attack | jev 725 decisions p50=1651ms
[14:29:20] t=1734 AA HTK x2 (enemy air, alive 0)
[14:29:20] t=1734 DEBT-GATE HTK x2 (debt=0 eff=660 < 1000)
[14:29:21] t=1734 jev INF E2 HOLD (预算保护 gate=False e2=10)
[14:29:21] t=1734 jev VEH DRON HOLD (预算保护 cash=660 aav帽=ok aav=0)
[14:29:21] t=1737 HARASS DRON x2 (have 0)
[14:29:21] {"kind": "action", "what": "produce", "name": "DRON", "qty": 2, "tid": null, "ts": "14:29:21"}
[14:29:23] t=1737 jev INF E2 (conf 0.30)
[14:29:23] t=1737 DEBT-GATE E2 x1 (debt=800 eff=10 < 90)
[14:29:25] t=1739 jev BUILD NARADR HOLD (资金闸门: 坦克优先, cash=522)
[14:29:25] t=1739 jev INF E2 HOLD (预算保护 gate=False e2=10)
[14:29:25] t=1739 MOVE assault x6 -> (137,82); t=1739 AIR-EVADE assault x6 -> home (坦克打不到空中, 等AA猎杀)
[14:29:25] {"kind": "action", "what": "attack_move", "name": null, "qty": null, "tid": null, "ts": "14:29:25"}
[14:29:25] t=1742 ALARM enemy approaching -> RESCUE 预备队 3 人驰援远端 [119, 93]
[14:29:25] {"kind": "action", "what": "attack_move", "name": null, "qty": null, "tid": null, "ts": "14:29:25"}
[14:29:27] t=1742 jev BUILD NARADR HOLD (资金闸门: 坦克优先, cash=233)
[14:29:27] t=1742 jev INF E2 HOLD (预算保护 gate=False e2=10)
[14:29:27] t=1742 THREAT 0.55 -> force defend
[14:29:27] t=1742 ATTACK (tanks=8)
[14:29:29] t=1744 jev BUILD NARADR HOLD (资金闸门: 坦克优先, cash=10)
[14:29:29] t=1744 jev INF E2 HOLD (预算保护 gate=False e2=10)
[14:29:29] t=1744 jev VEH DRON HOLD (预算保护 cash=10 aav帽=ok aav=0)
[14:29:29] t=1744 THREAT 0.63 -> force defend
[14:29:29] t=1744 ATTACK (tanks=9)
[14:29:31] t=1747 jev BUILD NARADR HOLD (资金闸门: 坦克优先, cash=10)
[14:29:31] t=1747 jev INF E2 HOLD (预算保护 gate=False e2=9)
[14:29:31] t=1747 jev VEH DRON HOLD (预算保护 cash=10 aav帽=ok aav=0)
[14:29:31] t=1747 THREAT 0.66 -> force defend
[14:29:31] t=1747 ATTACK (tanks=9)
[14:29:33] t=1750 jev BUILD NARADR HOLD (资金闸门: 坦克优先, cash=10)
[14:29:33] t=1750 jev INF E2 HOLD (预算保护 gate=False e2=9)
[14:29:33] t=1750 jev VEH HTK HOLD (预算保护 cash=10 aav帽=ok aav=0)
[14:29:33] t=1750 THREAT 0.64 -> force defend
[14:29:33] t=1750 ATTACK (tanks=9)
[14:29:35] t=1752 jev BUILD NARADR HOLD (资金闸门: 坦克优先, cash=10)
[14:29:35] t=1752 jev INF E2 HOLD (预算保护 gate=False e2=8)
[14:29:35] t=1752 jev VEH HTK HOLD (预算保护 cash=10 aav帽=ok aav=0)
[14:29:35] t=1752 THREAT 0.67 -> force defend
[14:29:35] t=1752 ATTACK (tanks=9)
[14:29:35] t=1752 MOVE raid x2 -> (80,81); t=1752 AIR-EVADE assault x8 -> home (坦克打不到空中, 等AA猎杀)
[14:29:35] {"kind": "action", "what": "attack_move", "name": null, "qty": null, "tid": null, "ts": "14:29:35"}
[14:29:35] t=1755 ALARM unit lost -> 攻势保持（塔阵守家, 前线 15 个单位继续进攻）
[14:29:37] t=1755 jev BUILD NARADR HOLD (资金闸门: 坦克优先, cash=10)
[14:29:37] t=1755 jev INF E2 HOLD (预算保护 gate=False e2=7)
[14:29:37] t=1755 jev VEH HARV HOLD (预算保护 cash=10 aav帽=ok aav=0)
[14:29:37] t=1755 THREAT 0.61 -> force defend
[14:29:37] t=1755 ATTACK (tanks=9)
[14:29:37] t=1755 MOVE raid x2 -> (80,78); t=1755 AIR-EVADE assault x8 -> home (坦克打不到空中, 等AA猎杀)
[14:29:37] {"kind": "action", "what": "attack_move", "name": null, "qty": null, "tid": null, "ts": "14:29:37"}
[14:29:37] t=1758 ALARM unit lost -> 攻势保持（塔阵守家, 前线 14 个单位继续进攻）
[14:29:37] t=1758 SCOUT #1112->[14, 164] (敌影)
[14:29:37] {"kind": "action", "what": "attack_move", "name": null, "qty": null, "tid": null, "ts": "14:29:37"}
[14:29:39] t=1758 jev BUILD NARADR HOLD (资金闸门: 坦克优先, cash=10)
[14:29:39] t=1758 jev INF E2 HOLD (预算保护 gate=False e2=7)
[14:29:39] t=1758 jev VEH HTK HOLD (预算保护 cash=10 aav帽=ok aav=0)
[14:29:39] t=1758 THREAT 0.59 -> force defend
[14:29:39] t=1758 ATTACK (tanks=7)
[14:29:39] t=1758 MOVE raid x1 -> (79,76); assault x6 -> (137,82); t=1758 AIR-EVADE assault x6 -> home (坦克打不到空中, 等AA猎杀)
[14:29:39] {"kind": "action", "what": "attack_move", "name": null, "qty": null, "tid": null, "ts": "14:29:39"}
[14:29:39] {"kind": "action", "what": "attack_move", "name": null, "qty": null, "tid": null, "ts": "14:29:39"}
[14:29:39] t=1760 ALARM enemy approaching -> 攻势保持（塔阵守家, 前线 13 个单位继续进攻）
[14:29:39] t=1760 RUSH-DEFENSE ON (敌12压门 vs 守14) 动员兵爆产
[14:29:39] t=1760 ESCORT 坦克#1749 -> 护航矿车@[124, 105]
[14:29:39] {"kind": "action", "what": "attack_move", "name": null, "qty": null, "tid": null, "ts": "14:29:39"}
[14:29:41] t=1760 jev BUILD NARADR HOLD (资金闸门: 坦克优先, cash=10)
[14:29:41] t=1760 jev INF E2 (conf 0.39)
[14:29:41] t=1760 jev VEH HTK HOLD (预算保护 cash=10 aav帽=ok aav=0)
[14:29:41] t=1760 THREAT 0.65 -> force defend
[14:29:41] t=1760 DEBT-GATE E2 x1 (debt=0 eff=10 < 90)
[14:29:41] t=1760 ATTACK (tanks=7)
[14:29:41] t=1760 MOVE raid x1 -> (78,74); t=1760 AIR-EVADE assault x6 -> home (坦克打不到空中, 等AA猎杀)
[14:29:41] {"kind": "action", "what": "attack_move", "name": null, "qty": null, "tid": null, "ts": "14:29:41"}
[14:29:41] t=1763 ALARM unit lost -> 攻势保持（塔阵守家, 前线 11 个单位继续进攻）
[14:29:43] t=1763 jev BUILD NARADR HOLD (资金闸门: 坦克优先, cash=10)
[14:29:43] t=1763 jev INF E2 (conf 0.36)
[14:29:43] t=1763 jev VEH HTNK HOLD (预算保护 cash=10 aav帽=ok aav=0)
[14:29:43] t=1763 THREAT 0.59 -> force defend
[14:29:43] t=1763 DEBT-GATE E2 x1 (debt=0 eff=10 < 90)
[14:29:43] t=1763 ATTACK (tanks=6)
[14:29:43] t=1766 ALARM unit lost -> 攻势保持（塔阵守家, 前线 10 个单位继续进攻）
[14:29:45] t=1766 jev BUILD NARADR HOLD (资金闸门: 坦克优先, cash=10)
[14:29:45] t=1766 jev INF E2 (conf 0.35)
[14:29:45] t=1766 jev VEH DRON HOLD (预算保护 cash=10 aav帽=ok aav=0)
[14:29:45] t=1766 THREAT 0.59 -> force defend
[14:29:45] t=1766 DEBT-GATE E2 x1 (debt=0 eff=10 < 90)
[14:29:45] t=1766 ATTACK (tanks=6)
[14:29:45] t=1769 ALARM enemy approaching -> 攻势保持（塔阵守家, 前线 9 个单位继续进攻）
[14:29:45] t=1769 RETREAT E2(2%)
[14:29:46] {"kind": "action", "what": "move", "name": null, "qty": null, "tid": null, "ts": "14:29:46"}
[14:29:47] t=1769 jev BUILD NARADR HOLD (资金闸门: 坦克优先, cash=10)
[14:29:47] t=1769 jev INF E2 (conf 0.39)
[14:29:47] t=1769 jev VEH HTNK HOLD (预算保护 cash=10 aav帽=ok aav=0)
[14:29:47] t=1769 THREAT 0.59 -> force defend
[14:29:47] t=1769 DEBT-GATE E2 x1 (debt=0 eff=10 < 90)
[14:29:47] t=1769 ATTACK (tanks=6)
[14:29:48] t=1771 ALARM unit lost -> 攻势保持（塔阵守家, 前线 9 个单位继续进攻）
[14:29:49] t=1771 jev BUILD NARADR HOLD (资金闸门: 坦克优先, cash=10)
[14:29:49] t=1771 jev INF E2 (conf 0.39)
[14:29:49] t=1771 jev VEH DRON HOLD (预算保护 cash=10 aav帽=ok aav=0)
[14:29:49] t=1771 THREAT 0.63 -> force defend
[14:29:49] t=1771 DEBT-GATE E2 x1 (debt=0 eff=10 < 90)
[14:29:49] t=1771 ATTACK (tanks=6)
[14:29:49] t=1774 ALARM enemy approaching -> 攻势保持（塔阵守家, 前线 9 个单位继续进攻）
[14:29:51] t=1774 jev BUILD NARADR HOLD (资金闸门: 坦克优先, cash=10)
[14:29:51] t=1774 jev INF E2 (conf 0.39)
[14:29:51] t=1774 jev VEH DRON HOLD (预算保护 cash=10 aav帽=ok aav=0)
[14:29:51] t=1774 THREAT 0.66 -> force defend
[14:29:51] t=1774 DEBT-GATE E2 x1 (debt=0 eff=10 < 90)
[14:29:51] t=1774 ATTACK (tanks=6)
[14:29:51] t=1774 MOVE assault x5 -> (137,82); t=1774 AIR-EVADE assault x5 -> home (坦克打不到空中, 等AA猎杀)
[14:29:51] {"kind": "action", "what": "attack_move", "name": null, "qty": null, "tid": null, "ts": "14:29:51"}
[14:29:51] t=1777 ALARM enemy approaching -> 攻势保持（塔阵守家, 前线 9 个单位继续进攻）
[14:29:51] t=1777 RETREAT HTNK(22%)
[14:29:52] {"kind": "action", "what": "move", "name": null, "qty": null, "tid": null, "ts": "14:29:52"}
[14:29:53] t=1777 jev BUILD NARADR HOLD (资金闸门: 坦克优先, cash=10)
[14:29:53] t=1777 jev INF E2 (conf 0.40)
[14:29:53] t=1777 jev VEH DRON HOLD (预算保护 cash=10 aav帽=ok aav=0)
[14:29:53] t=1777 THREAT 0.67 -> force defend
[14:29:53] t=1777 DEBT-GATE E2 x1 (debt=0 eff=10 < 90)
[14:29:53] t=1777 ATTACK (tanks=6)
[14:29:53] t=1779 ALARM unit lost -> 攻势保持（塔阵守家, 前线 9 个单位继续进攻）
[14:29:53] t=1779 RUSH-DEFENSE E2 x1 (敌13压门 守9, 资金地板续兵)
[14:29:54] {"kind": "action", "what": "produce", "name": "E2", "qty": 1, "tid": null, "ts": "14:29:54"}
[14:29:54] t=1779 SCOUT #1740->[100, 100]
[14:29:54] {"kind": "action", "what": "attack_move", "name": null, "qty": null, "tid": null, "ts": "14:29:54"}
[14:29:55] t=1779 jev BUILD NARADR HOLD (资金闸门: 坦克优先, cash=160)
[14:29:55] t=1779 jev VEH HTK HOLD (预算保护 cash=160 aav帽=ok aav=0)
[14:29:55] t=1779 THREAT 0.57 -> force defend
[14:29:56] t=1782 ALARM unit lost -> TURTLE (6 v 30, 守塔阵不打野战)
[14:29:56] {"kind": "action", "what": "attack_move", "name": null, "qty": null, "tid": null, "ts": "14:29:56"}
[14:29:56] t=1782 RETREAT E2(32%)
[14:29:56] {"kind": "action", "what": "move", "name": null, "qty": null, "tid": null, "ts": "14:29:56"}
[14:29:57] t=1782 jev VEH DRON HOLD (预算保护 cash=94 aav帽=ok aav=0)
[14:29:59] t=1785 jev BUILD NARADR HOLD (资金闸门: 坦克优先, cash=70)
[14:29:59] t=1785 jev INF E2 (conf 0.30)
[14:29:59] t=1785 jev VEH HTK HOLD (预算保护 cash=70 aav帽=ok aav=0)
[14:30:01] t=1787 jev BUILD NARADR HOLD (资金闸门: 坦克优先, cash=70)
[14:30:01] t=1787 jev INF E2 (conf 0.31)
[14:30:01] t=1787 jev VEH HTK HOLD (预算保护 cash=70 aav帽=ok aav=0)
[14:30:03] t=1790 jev BUILD NARADR HOLD (资金闸门: 坦克优先, cash=70)
[14:30:03] t=1790 jev INF E2 (conf 0.31)
[14:30:03] t=1790 jev VEH HTK HOLD (预算保护 cash=70 aav帽=ok aav=0)
[14:30:03] t=1793 RETREAT HTNK(34%)
[14:30:04] {"kind": "action", "what": "move", "name": null, "qty": null, "tid": null, "ts": "14:30:04"}
[14:30:05] t=1793 jev INF E2 (conf 0.34)
[14:30:05] t=1793 jev VEH HTK HOLD (预算保护 cash=70 aav帽=ok aav=0)
[14:30:05] t=1793 MOVE assault x4 -> (137,82); t=1793 AIR-EVADE assault x4 -> home (坦克打不到空中, 等AA猎杀)
[14:30:05] {"kind": "action", "what": "attack_move", "name": null, "qty": null, "tid": null, "ts": "14:30:05"}
[14:30:06] t=1795 ALARM unit lost -> TURTLE (6 v 29, 守塔阵不打野战)
[14:30:06] {"kind": "action", "what": "attack_move", "name": null, "qty": null, "tid": null, "ts": "14:30:06"}
[14:30:06] t=1795 SCOUT #1749->[12, 100]
[14:30:06] {"kind": "action", "what": "attack_move", "name": null, "qty": null, "tid": null, "ts": "14:30:06"}
[14:30:07] t=1795 jev BUILD NARADR HOLD (资金闸门: 坦克优先, cash=70)
[14:30:07] t=1795 jev INF E2 (conf 0.37)
[14:30:07] t=1795 jev VEH HTK HOLD (预算保护 cash=70 aav帽=ok aav=0)
[14:30:09] t=1798 jev BUILD NARADR HOLD (资金闸门: 坦克优先, cash=70)
[14:30:09] t=1798 jev INF E2 (conf 0.27)
[14:30:09] t=1798 jev VEH HTK HOLD (预算保护 cash=70 aav帽=ok aav=0)
[14:30:09] t=1798 tick#750 credits=70 stance=defend | jev 750 decisions p50=1655ms
[14:30:10] t=1801 ESCORT 坦克#1808 -> 护航矿车@[121, 130]
[14:30:10] {"kind": "action", "what": "attack_move", "name": null, "qty": null, "tid": null, "ts": "14:30:10"}
[14:30:11] t=1801 jev INF E2 (conf 0.28)
[14:30:11] t=1801 jev VEH HTK HOLD (预算保护 cash=70 aav帽=ok aav=0)
[14:30:13] t=1803 jev INF E2 (conf 0.30)
[14:30:13] t=1803 jev VEH DRON HOLD (预算保护 cash=70 aav帽=ok aav=0)
[14:30:15] t=1806 jev INF E2 (conf 0.30)
[14:30:15] t=1806 jev VEH HTK HOLD (预算保护 cash=70 aav帽=ok aav=0)
[14:30:15] t=1806 MOVE t=1806 AIR-EVADE assault x3 -> home (坦克打不到空中, 等AA猎杀); hold_a x1 -> (133,86)
[14:30:15] {"kind": "action", "what": "attack_move", "name": null, "qty": null, "tid": null, "ts": "14:30:15"}
[14:30:16] t=1809 ALARM enemy approaching -> RESCUE 预备队 3 人驰援远端 [125, 97]
[14:30:16] {"kind": "action", "what": "attack_move", "name": null, "qty": null, "tid": null, "ts": "14:30:16"}
[14:30:17] t=1809 jev BUILD NARADR HOLD (资金闸门: 坦克优先, cash=70)
[14:30:17] t=1809 jev INF E2 (conf 0.31)
[14:30:17] t=1809 jev VEH DRON HOLD (预算保护 cash=70 aav帽=ok aav=0)
[14:30:19] t=1811 jev INF E2 (conf 0.31)
[14:30:19] t=1811 jev VEH DRON HOLD (预算保护 cash=70 aav帽=ok aav=0)
[14:30:19] t=1811 DEBT-GATE E2 x1 (debt=0 eff=70 < 90)
[14:30:21] t=1814 jev BUILD NARADR HOLD (资金闸门: 坦克优先, cash=70)
[14:30:21] t=1814 jev INF E2 (conf 0.31)
[14:30:21] t=1814 jev VEH DRON HOLD (预算保护 cash=70 aav帽=ok aav=0)
[14:30:21] t=1814 DEBT-GATE E2 x1 (debt=0 eff=70 < 90)
[14:30:22] t=1817 RETREAT HTNK(9%)
[14:30:22] {"kind": "action", "what": "move", "name": null, "qty": null, "tid": null, "ts": "14:30:22"}
[14:30:23] t=1817 jev INF E2 (conf 0.31)
[14:30:23] t=1817 jev VEH DRON HOLD (预算保护 cash=70 aav帽=ok aav=0)
[14:30:23] t=1817 DEBT-GATE E2 x1 (debt=0 eff=70 < 90)
[14:30:24] t=1819 ALARM unit lost -> TURTLE (3 v 28, 守塔阵不打野战)
[14:30:24] {"kind": "action", "what": "attack_move", "name": null, "qty": null, "tid": null, "ts": "14:30:24"}
[14:30:25] t=1819 jev INF E2 (conf 0.30)
[14:30:25] t=1819 jev VEH DRON HOLD (预算保护 cash=70 aav帽=ok aav=0)
[14:30:25] t=1819 DEBT-GATE E2 x1 (debt=0 eff=70 < 90)
[14:30:26] t=1822 RUSH-DEFENSE E2 x1 (敌10压门 守4, 资金地板续兵)
[14:30:26] t=1822 AA HTK x2 (enemy air, alive 0)
[14:30:26] {"kind": "action", "what": "produce", "name": "E2", "qty": 1, "tid": null, "ts": "14:30:26"}
[14:30:26] t=1822 DEBT-GATE HTK x2 (debt=90 eff=580 < 1000)
[14:30:27] t=1822 jev VEH HTK HOLD (预算保护 cash=670 aav帽=ok aav=0)
[14:30:28] t=1825 AA HTK x2 (enemy air, alive 0)
[14:30:28] t=1825 DEBT-GATE HTK x2 (debt=0 eff=605 < 1000)
[14:30:29] t=1825 jev VEH HARV HOLD (预算保护 cash=605 aav帽=ok aav=0)
[14:30:29] t=1827 RUSH-DEFENSE E2 x1 (敌9压门 守5, 资金地板续兵)
[14:30:29] t=1827 AA HTK x2 (enemy air, alive 0)
[14:30:29] t=1827 RETREAT HTNK(39%)
[14:30:29] t=1827 DEBT-GATE HTK x2 (debt=0 eff=580 < 1000)
[14:30:29] {"kind": "action", "what": "move", "name": null, "qty": null, "tid": null, "ts": "14:30:29"}
[14:30:31] t=1827 jev INF E2 (conf 0.37)
[14:30:31] t=1827 jev VEH HARV HOLD (预算保护 cash=580 aav帽=ok aav=0)
[14:30:31] t=1830 AA HTK x2 (enemy air, alive 0)
[14:30:31] t=1830 DEBT-GATE HTK x2 (debt=0 eff=580 < 1000)
[14:30:33] t=1830 jev INF E2 (conf 0.39)
[14:30:33] t=1830 jev VEH HARV HOLD (预算保护 cash=580 aav帽=ok aav=0)
[14:30:33] t=1830 MOVE assault x2 -> (137,82); t=1830 AIR-EVADE assault x2 -> home (坦克打不到空中, 等AA猎杀); hold_b x1 -> (126,75)
[14:30:33] {"kind": "action", "what": "attack_move", "name": null, "qty": null, "tid": null, "ts": "14:30:33"}
[14:30:33] {"kind": "action", "what": "attack_move", "name": null, "qty": null, "tid": null, "ts": "14:30:33"}
[14:30:33] t=1833 ALARM unit lost -> TURTLE (3 v 25, 守塔阵不打野战)
[14:30:34] {"kind": "action", "what": "attack_move", "name": null, "qty": null, "tid": null, "ts": "14:30:34"}
[14:30:34] t=1833 AA HTK x2 (enemy air, alive 0)
[14:30:34] t=1833 DEBT-GATE HTK x2 (debt=0 eff=580 < 1000)
[14:30:35] t=1833 jev INF E2 (conf 0.38)
[14:30:35] t=1833 jev VEH DRON HOLD (预算保护 cash=580 aav帽=ok aav=0)
[14:30:35] t=1835 AA HTK x2 (enemy air, alive 0)
[14:30:35] t=1835 RETREAT HTNK(39%)
[14:30:35] t=1835 DEBT-GATE HTK x2 (debt=0 eff=580 < 1000)
[14:30:36] {"kind": "action", "what": "move", "name": null, "qty": null, "tid": null, "ts": "14:30:36"}
[14:30:37] t=1835 jev BUILD NARADR HOLD (资金闸门: 坦克优先, cash=580)
[14:30:37] t=1835 jev INF E2 (conf 0.38)
[14:30:37] t=1835 jev VEH DRON HOLD (预算保护 cash=580 aav帽=ok aav=0)
[14:30:37] t=1838 AA HTK x2 (enemy air, alive 0)
[14:30:37] t=1838 DEBT-GATE HTK x2 (debt=0 eff=580 < 1000)
[14:30:39] t=1838 jev BUILD NARADR HOLD (资金闸门: 坦克优先, cash=580)
[14:30:39] t=1838 jev INF E2 (conf 0.37)
[14:30:39] t=1838 jev VEH DRON HOLD (预算保护 cash=580 aav帽=ok aav=0)
[14:30:39] t=1840 AA HTK x2 (enemy air, alive 0)
[14:30:39] t=1840 DEBT-GATE HTK x2 (debt=0 eff=580 < 1000)
[14:30:39] t=1840 SCOUT #1757->[12, 12]
[14:30:39] {"kind": "action", "what": "attack_move", "name": null, "qty": null, "tid": null, "ts": "14:30:39"}
[14:30:41] t=1840 jev INF E2 (conf 0.42)
[14:30:41] t=1840 jev VEH DRON HOLD (预算保护 cash=580 aav帽=ok aav=0)
[14:30:41] t=1843 AA HTK x2 (enemy air, alive 0)
[14:30:41] t=1843 DEBT-GATE HTK x2 (debt=0 eff=580 < 1000)
[14:30:43] t=1843 jev BUILD NARADR HOLD (资金闸门: 坦克优先, cash=580)
[14:30:43] t=1843 jev INF E2 (conf 0.39)
[14:30:43] t=1843 jev VEH DRON HOLD (预算保护 cash=580 aav帽=ok aav=0)
[14:30:43] t=1846 ALARM NAREFN under attack -> TURTLE (2 v 25, 守塔阵不打野战)
[14:30:43] {"kind": "action", "what": "attack_move", "name": null, "qty": null, "tid": null, "ts": "14:30:43"}
[14:30:43] t=1846 RUSH-DEFENSE ON (敌9压门 vs 守3) 动员兵爆产
[14:30:43] t=1846 AA HTK x2 (enemy air, alive 0)
[14:30:43] t=1846 DEBT-GATE HTK x2 (debt=0 eff=580 < 1000)
[14:30:45] t=1846 jev INF E2 (conf 0.42)
[14:30:45] t=1846 jev VEH HTK HOLD (预算保护 cash=580 aav帽=ok aav=0)
[14:30:45] t=1848 AA HTK x2 (enemy air, alive 0)
[14:30:45] t=1848 DEBT-GATE HTK x2 (debt=0 eff=580 < 1000)
[14:30:47] t=1848 jev INF E2 (conf 0.46)
[14:30:47] t=1848 jev VEH HTK HOLD (预算保护 cash=580 aav帽=ok aav=0)
[14:30:47] t=1851 AA HTK x2 (enemy air, alive 0)
[14:30:47] t=1851 DEBT-GATE HTK x2 (debt=0 eff=576 < 1000)
[14:30:49] t=1851 jev INF E2 (conf 0.48)
[14:30:49] t=1851 jev VEH HTK HOLD (预算保护 cash=576 aav帽=ok aav=0)
[14:30:49] t=1853 AA HTK x2 (enemy air, alive 0)
[14:30:49] t=1853 DEBT-GATE HTK x2 (debt=0 eff=572 < 1000)
[14:30:51] t=1853 jev INF E2 (conf 0.48)
[14:30:51] t=1853 jev VEH HTK HOLD (预算保护 cash=572 aav帽=ok aav=0)
[14:30:51] {"kind": "action", "what": "produce", "name": "E2", "qty": 1, "tid": null, "ts": "14:30:51"}
[14:30:51] t=1856 AA HTK x2 (enemy air, alive 0)
[14:30:51] t=1856 DEBT-GATE HTK x2 (debt=0 eff=560 < 1000)
[14:30:53] t=1856 jev VEH HTK HOLD (预算保护 cash=560 aav帽=ok aav=0)
[14:30:53] t=1859 ALARM NAREFN under attack -> TURTLE (2 v 21, 守塔阵不打野战)
[14:30:53] {"kind": "action", "what": "attack_move", "name": null, "qty": null, "tid": null, "ts": "14:30:53"}
[14:30:53] t=1859 RUSH-DEFENSE ON (敌5压门 vs 守3) 动员兵爆产
[14:30:55] t=1859 jev VEH DRON HOLD (预算保护 cash=487 aav帽=ok aav=0)
[14:30:55] t=1861 RUSH-DEFENSE E2 x1 (敌4压门 守4, 资金地板续兵)
[14:30:57] t=1861 jev INF E2 (conf 0.45)
[14:30:57] t=1861 jev VEH HTK HOLD (预算保护 cash=466 aav帽=ok aav=0)
[14:30:59] t=1865 jev INF E2 (conf 0.42)
[14:30:59] t=1865 jev VEH HTK HOLD (预算保护 cash=460 aav帽=ok aav=0)
[14:30:59] t=1865 tick#775 credits=460 stance=defend | jev 775 decisions p50=1657ms
[14:31:01] t=1867 jev INF E2 (conf 0.45)
[14:31:01] t=1867 jev VEH HTK HOLD (预算保护 cash=454 aav帽=ok aav=0)
[14:31:01] t=1870 ALARM enemy approaching -> RESCUE 预备队 3 人驰援远端 [108, 85]
[14:31:01] {"kind": "action", "what": "attack_move", "name": null, "qty": null, "tid": null, "ts": "14:31:01"}
[14:31:01] t=1870 RUSH-DEFENSE ON (敌4压门 vs 守4) 动员兵爆产
[14:31:03] t=1870 jev INF E2 (conf 0.47)
[14:31:03] t=1870 jev VEH HTK HOLD (预算保护 cash=450 aav帽=ok aav=0)
[14:31:05] t=1872 jev INF E2 (conf 0.48)
[14:31:05] t=1872 jev VEH HTK HOLD (预算保护 cash=444 aav帽=ok aav=0)
[14:31:07] t=1875 jev INF E2 (conf 0.47)
[14:31:07] t=1875 jev VEH HTK HOLD (预算保护 cash=440 aav帽=ok aav=0)
[14:31:09] t=1877 jev INF E2 (conf 0.46)
[14:31:09] t=1877 jev VEH HTK HOLD (预算保护 cash=434 aav帽=ok aav=0)
[14:31:10] t=1880 jev INF E2 (conf 0.47)
[14:31:10] t=1880 jev VEH HTK HOLD (预算保护 cash=430 aav帽=ok aav=0)
[14:31:11] t=1882 ALARM enemy approaching -> RESCUE 预备队 3 人驰援远端 [108, 85]
[14:31:11] {"kind": "action", "what": "attack_move", "name": null, "qty": null, "tid": null, "ts": "14:31:11"}
[14:31:11] t=1882 RUSH-DEFENSE ON (敌4压门 vs 守4) 动员兵爆产
[14:31:12] t=1882 jev INF E2 (conf 0.45)
[14:31:12] t=1882 jev VEH HTK HOLD (预算保护 cash=424 aav帽=ok aav=0)
[14:31:14] t=1885 jev INF E2 (conf 0.45)
[14:31:14] t=1885 jev VEH HTK HOLD (预算保护 cash=420 aav帽=ok aav=0)
[14:31:16] t=1887 jev INF E2 (conf 0.47)
[14:31:16] t=1887 jev VEH HTK HOLD (预算保护 cash=416 aav帽=ok aav=0)
[14:31:16] {"kind": "action", "what": "produce", "name": "E2", "qty": 1, "tid": null, "ts": "14:31:16"}
[14:31:18] t=1890 jev VEH HTK HOLD (预算保护 cash=402 aav帽=ok aav=0)
[14:31:20] t=1892 jev VEH HTK HOLD (预算保护 cash=336 aav帽=ok aav=0)
[14:31:20] t=1892 MOVE t=1892 SIEGE overrides RUSH-DEFENSE (总攻决心); hold_a x2 -> (133,86)
[14:31:20] {"kind": "action", "what": "attack_move", "name": null, "qty": null, "tid": null, "ts": "14:31:20"}
[14:31:20] t=1895 ALARM enemy approaching -> RESCUE 预备队 3 人驰援远端 [108, 85]
[14:31:20] {"kind": "action", "what": "attack_move", "name": null, "qty": null, "tid": null, "ts": "14:31:20"}
[14:31:22] t=1895 jev INF E2 HOLD (预算保护 gate=False e2=4)
[14:31:22] t=1895 jev VEH HTK HOLD (预算保护 cash=310 aav帽=ok aav=0)
[14:31:24] t=1897 jev INF E2 HOLD (预算保护 gate=False e2=4)
[14:31:24] t=1897 jev VEH HTK HOLD (预算保护 cash=306 aav帽=ok aav=0)
[14:31:25] t=1900 jev INF E2 HOLD (预算保护 gate=False e2=4)
[14:31:25] t=1900 jev VEH HTK HOLD (预算保护 cash=300 aav帽=ok aav=0)
[14:31:26] t=1902 RETREAT E2(23%)
[14:31:26] {"kind": "action", "what": "move", "name": null, "qty": null, "tid": null, "ts": "14:31:26"}
[14:31:27] t=1902 jev INF E2 HOLD (预算保护 gate=False e2=4)
[14:31:27] t=1902 jev VEH HTK HOLD (预算保护 cash=296 aav帽=ok aav=0)
[14:31:28] t=1905 RUSH-DEFENSE ON (敌4压门 vs 守4) 动员兵爆产
[14:31:28] t=1905 RUSH-DEFENSE E2 x1 (敌4压门 守4, 资金地板续兵)
[14:31:29] t=1905 jev INF E2 (conf 0.47)
[14:31:29] t=1905 jev VEH HTK HOLD (预算保护 cash=290 aav帽=ok aav=0)
[14:31:29] t=1907 ALARM enemy approaching -> RESCUE 预备队 3 人驰援远端 [108, 85]
[14:31:30] {"kind": "action", "what": "attack_move", "name": null, "qty": null, "tid": null, "ts": "14:31:30"}
[14:31:30] t=1907 RUSH-DEFENSE ON (敌4压门 vs 守4) 动员兵爆产
[14:31:31] t=1907 jev INF E2 (conf 0.48)
[14:31:31] t=1907 jev VEH HTK HOLD (预算保护 cash=286 aav帽=ok aav=0)
[14:31:33] t=1910 jev INF E2 (conf 0.44)
[14:31:33] t=1910 jev VEH HTK HOLD (预算保护 cash=282 aav帽=ok aav=0)
[14:31:33] t=1912 V3-RESPONSE HTK x1 (alive 0, seen t1000001912 fire t51)
[14:31:33] {"kind": "action", "what": "produce", "name": "HTK", "qty": 1, "tid": null, "ts": "14:31:33"}
[14:31:35] t=1912 jev INF E2 (conf 0.49)
[14:31:37] t=1915 jev INF E2 (conf 0.47)
[14:31:39] t=1917 jev INF E2 (conf 0.42)
[14:31:39] t=1917 jev VEH HTK HOLD (预算保护 cash=66 aav帽=ok aav=1)
[14:31:39] t=1917 MOVE t=1917 SIEGE overrides RUSH-DEFENSE (总攻决心); hold_b x1 -> (126,75); aahunt x1 -> 攻击目标#2481@(111,84)
[14:31:39] {"kind": "action", "what": "attack_move", "name": null, "qty": null, "tid": null, "ts": "14:31:39"}
[14:31:39] {"kind": "action", "what": "attack_obj", "name": null, "qty": null, "tid": 2481, "ts": "14:31:39"}
[14:31:39] t=1920 ALARM enemy approaching -> RESCUE 预备队 3 人驰援远端 [108, 85]
[14:31:39] {"kind": "action", "what": "attack_move", "name": null, "qty": null, "tid": null, "ts": "14:31:39"}
[14:31:41] t=1920 jev INF E2 HOLD (预算保护 gate=False e2=3)
[14:31:41] t=1920 jev VEH HTK HOLD (预算保护 cash=60 aav帽=ok aav=1)
[14:31:43] t=1923 jev INF E2 HOLD (预算保护 gate=False e2=3)
[14:31:43] t=1923 jev VEH HTK HOLD (预算保护 cash=56 aav帽=ok aav=1)
[14:31:45] t=1925 jev INF E2 HOLD (预算保护 gate=False e2=3)
[14:31:45] t=1925 jev VEH HTK HOLD (预算保护 cash=50 aav帽=ok aav=1)
[14:31:47] t=1928 jev INF E2 HOLD (预算保护 gate=False e2=3)
[14:31:47] t=1928 jev VEH HTK HOLD (预算保护 cash=50 aav帽=ok aav=1)
[14:31:47] t=1928 tick#800 credits=50 stance=defend | jev 800 decisions p50=1650ms
[14:31:49] t=1930 jev INF E2 HOLD (预算保护 gate=False e2=3)
[14:31:49] t=1930 jev VEH HTK HOLD (预算保护 cash=50 aav帽=ok aav=1)
[14:31:49] t=1933 ALARM enemy approaching -> RESCUE 预备队 3 人驰援远端 [108, 85]
[14:31:49] {"kind": "action", "what": "attack_move", "name": null, "qty": null, "tid": null, "ts": "14:31:49"}
[14:31:49] t=1933 RETREAT E2(3%)
[14:31:49] {"kind": "action", "what": "move", "name": null, "qty": null, "tid": null, "ts": "14:31:49"}
[14:31:50] t=1933 jev INF E2 HOLD (预算保护 gate=False e2=3)
[14:31:50] t=1933 jev VEH HTK HOLD (预算保护 cash=50 aav帽=ok aav=1)
[14:31:51] t=1936 RUSH-DEFENSE ON (敌4压门 vs 守4) 动员兵爆产
[14:31:52] t=1936 jev INF E2 (conf 0.40)
[14:31:52] t=1936 jev VEH HTK HOLD (预算保护 cash=50 aav帽=ok aav=1)
[14:31:52] t=1936 DEBT-GATE E2 x1 (debt=0 eff=50 < 90)
[14:31:53] t=1938 ECON harv#3
[14:31:53] {"kind": "action", "what": "produce", "name": "HARV", "qty": 1, "tid": null, "ts": "14:31:53"}
[14:31:54] t=1938 jev INF E2 (conf 0.39)
[14:31:54] t=1938 DEBT-GATE E2 x1 (debt=1400 eff=-225 < 90)
[14:31:54] t=1941 RUSH-DEFENSE E2 x4 (敌4压门 守4)
[14:31:55] {"kind": "action", "what": "produce", "name": "E2", "qty": 4, "tid": null, "ts": "14:31:55"}
[14:31:58] t=1943 MOVE t=1943 SIEGE overrides RUSH-DEFENSE (总攻决心); aahunt x1 -> 攻击目标#2481@(111,84)
[14:31:58] {"kind": "action", "what": "attack_obj", "name": null, "qty": null, "tid": 2481, "ts": "14:31:58"}
[14:31:58] t=1946 ALARM enemy approaching -> RESCUE 预备队 3 人驰援远端 [108, 85]
[14:31:58] {"kind": "action", "what": "attack_move", "name": null, "qty": null, "tid": null, "ts": "14:31:58"}
[14:32:08] t=1959 ALARM enemy approaching -> RESCUE 预备队 3 人驰援远端 [108, 85]
[14:32:08] {"kind": "action", "what": "attack_move", "name": null, "qty": null, "tid": null, "ts": "14:32:08"}
[14:32:10] t=1961 RETREAT E2(23%)
[14:32:10] {"kind": "action", "what": "move", "name": null, "qty": null, "tid": null, "ts": "14:32:10"}
[14:32:17] t=1969 MOVE aahunt x1 -> 攻击目标#2176@(108,85)
[14:32:17] {"kind": "action", "what": "attack_obj", "name": null, "qty": null, "tid": 2176, "ts": "14:32:17"}
[14:32:18] t=1972 ALARM enemy approaching -> RESCUE 预备队 3 人驰援远端 [108, 85]
[14:32:18] {"kind": "action", "what": "attack_move", "name": null, "qty": null, "tid": null, "ts": "14:32:18"}
[14:32:27] t=1982 MOVE hold_a x2 -> (133,86); aahunt x1 -> 攻击目标#2203@(108,88)
[14:32:27] {"kind": "action", "what": "attack_move", "name": null, "qty": null, "tid": null, "ts": "14:32:27"}
[14:32:27] {"kind": "action", "what": "attack_obj", "name": null, "qty": null, "tid": 2203, "ts": "14:32:27"}
[14:32:27] t=1984 ALARM enemy approaching -> RESCUE 预备队 3 人驰援远端 [108, 88]
[14:32:27] {"kind": "action", "what": "attack_move", "name": null, "qty": null, "tid": null, "ts": "14:32:27"}
[14:32:35] t=1992 tick#825 credits=0 stance=defend | jev 825 decisions p50=1649ms
[14:32:37] t=1995 MOVE aahunt x1 -> 攻击目标#1782@(107,87)
[14:32:37] {"kind": "action", "what": "attack_obj", "name": null, "qty": null, "tid": 1782, "ts": "14:32:37"}
[14:32:39] t=1997 MOVE aahunt x1 -> 攻击目标#1761@(107,88)
[14:32:39] {"kind": "action", "what": "attack_obj", "name": null, "qty": null, "tid": 1761, "ts": "14:32:39"}
[14:32:41] t=2000 MOVE hold_b x1 -> (126,75)
[14:32:41] {"kind": "action", "what": "attack_move", "name": null, "qty": null, "tid": null, "ts": "14:32:41"}
[14:32:43] t=2005 RETREAT HTK(23%)
[14:32:43] {"kind": "action", "what": "move", "name": null, "qty": null, "tid": null, "ts": "14:32:43"}
[14:32:44] t=2005 MOVE aahunt x1 -> 攻击目标#1890@(106,86)
[14:32:44] {"kind": "action", "what": "attack_obj", "name": null, "qty": null, "tid": 1890, "ts": "14:32:44"}
[14:32:48] t=2010 MOVE aahunt x1 -> (125,84)
[14:32:48] {"kind": "action", "what": "attack_move", "name": null, "qty": null, "tid": null, "ts": "14:32:48"}
[14:33:16] t=2047 MOVE aahunt x1 -> 攻击目标#3264@(72,115)
[14:33:16] {"kind": "action", "what": "attack_obj", "name": null, "qty": null, "tid": 3264, "ts": "14:33:16"}
[14:33:17] t=2049 MOVE aahunt x1 -> (125,84)
[14:33:18] {"kind": "action", "what": "attack_move", "name": null, "qty": null, "tid": null, "ts": "14:33:18"}
[14:33:21] t=2054 tick#850 credits=0 stance=defend | jev 850 decisions p50=1646ms
[14:33:28] t=2064 MOVE hold_a x2 -> (133,86)
[14:33:28] {"kind": "action", "what": "attack_move", "name": null, "qty": null, "tid": null, "ts": "14:33:28"}
[14:33:41] t=2081 MOVE hold_b x1 -> (126,75)
[14:33:41] {"kind": "action", "what": "attack_move", "name": null, "qty": null, "tid": null, "ts": "14:33:41"}
[14:33:49] t=2090 MOVE aahunt x1 -> (125,84)
[14:33:49] {"kind": "action", "what": "attack_move", "name": null, "qty": null, "tid": null, "ts": "14:33:49"}
[14:34:07] t=2115 jev VEH DRON HOLD (预算保护 cash=150 aav帽=ok aav=1)
[14:34:07] t=2115 tick#875 credits=150 stance=defend | jev 875 decisions p50=1641ms
[14:34:09] t=2118 jev VEH DRON HOLD (预算保护 cash=90 aav帽=ok aav=1)
[14:34:11] t=2120 jev VEH DRON HOLD (预算保护 cash=90 aav帽=ok aav=1)
[14:34:12] t=2122 jev VEH DRON HOLD (预算保护 cash=90 aav帽=ok aav=1)
[14:34:14] t=2125 jev VEH DRON HOLD (预算保护 cash=90 aav帽=ok aav=1)
[14:34:16] t=2127 jev VEH DRON HOLD (预算保护 cash=90 aav帽=ok aav=1)
[14:34:18] t=2130 jev VEH DRON HOLD (预算保护 cash=90 aav帽=ok aav=1)
[14:34:18] t=2132 ALARM enemy approaching -> RESCUE 预备队 3 人驰援远端 [107, 86]
[14:34:18] {"kind": "action", "what": "attack_move", "name": null, "qty": null, "tid": null, "ts": "14:34:18"}
[14:34:20] t=2132 jev BUILD NARADR HOLD (资金闸门: 坦克优先, cash=90)
[14:34:20] t=2132 jev VEH DRON HOLD (预算保护 cash=90 aav帽=ok aav=1)
[14:34:20] t=2135 ECON harv#4
[14:34:20] {"kind": "action", "what": "produce", "name": "HARV", "qty": 1, "tid": null, "ts": "14:34:20"}
[14:34:23] t=2137 jev INF E2 (conf 0.38)
[14:34:23] {"kind": "action", "what": "produce", "name": "E2", "qty": 1, "tid": null, "ts": "14:34:23"}
[14:34:27] t=2142 MOVE aahunt x1 -> (125,84)
[14:34:27] {"kind": "action", "what": "attack_move", "name": null, "qty": null, "tid": null, "ts": "14:34:27"}
[14:34:28] t=2145 ALARM enemy approaching -> RESCUE 预备队 3 人驰援远端 [116, 88]
[14:34:28] {"kind": "action", "what": "attack_move", "name": null, "qty": null, "tid": null, "ts": "14:34:28"}
[14:34:29] t=2145 jev BUILD NARADR HOLD (资金闸门: 坦克优先, cash=153)
[14:34:31] t=2147 jev INF E2 HOLD (预算保护 gate=False e2=6)
[14:34:33] t=2150 jev INF E2 HOLD (预算保护 gate=False e2=6)
[14:34:35] t=2152 jev INF E2 HOLD (预算保护 gate=False e2=6)
[14:34:37] t=2155 jev INF E2 HOLD (预算保护 gate=False e2=6)
[14:34:37] t=2155 MOVE hold_a x3 -> (133,86)
[14:34:37] {"kind": "action", "what": "attack_move", "name": null, "qty": null, "tid": null, "ts": "14:34:37"}
[14:34:37] t=2157 ALARM enemy approaching -> RESCUE 预备队 3 人驰援远端 [120, 99]
[14:34:37] {"kind": "action", "what": "attack_move", "name": null, "qty": null, "tid": null, "ts": "14:34:37"}
[14:34:39] t=2157 jev INF E2 HOLD (预算保护 gate=False e2=6)
[14:34:41] t=2160 jev INF E2 HOLD (预算保护 gate=False e2=6)
[14:34:43] t=2163 jev INF E2 HOLD (预算保护 gate=False e2=6)
[14:34:44] t=2165 jev INF E2 HOLD (预算保护 gate=False e2=6)
[14:34:46] t=2168 jev INF E2 HOLD (预算保护 gate=False e2=6)
[14:34:46] t=2168 MOVE hold_b x3 -> (126,75); aahunt x1 -> 攻击目标#3294@(74,117)
[14:34:46] {"kind": "action", "what": "attack_move", "name": null, "qty": null, "tid": null, "ts": "14:34:46"}
[14:34:46] {"kind": "action", "what": "attack_obj", "name": null, "qty": null, "tid": 3294, "ts": "14:34:46"}
[14:34:48] t=2170 jev INF E2 HOLD (预算保护 gate=False e2=6)
[14:34:50] t=2173 jev INF E2 HOLD (预算保护 gate=False e2=6)
[14:34:52] t=2175 jev INF E2 HOLD (预算保护 gate=False e2=6)
[14:34:54] t=2178 jev INF E2 HOLD (预算保护 gate=False e2=6)
[14:34:54] t=2178 tick#900 credits=0 stance=defend | jev 900 decisions p50=1635ms
[14:34:56] t=2180 jev INF E2 HOLD (预算保护 gate=False e2=6)
[14:34:58] t=2183 jev INF E2 HOLD (预算保护 gate=False e2=6)
[14:35:00] t=2185 jev INF E2 HOLD (预算保护 gate=False e2=6)
[14:35:00] t=2185 MOVE aahunt x1 -> 攻击目标#3294@(74,117)
[14:35:00] {"kind": "action", "what": "attack_obj", "name": null, "qty": null, "tid": 3294, "ts": "14:35:00"}
[14:35:01] t=2188 jev INF E2 HOLD (预算保护 gate=False e2=6)
[14:35:03] t=2190 jev INF E2 HOLD (预算保护 gate=False e2=6)
[14:35:05] t=2193 jev INF E2 HOLD (预算保护 gate=False e2=6)
[14:35:07] t=2195 jev INF E2 HOLD (预算保护 gate=False e2=6)
[14:35:09] t=2198 jev INF E2 HOLD (预算保护 gate=False e2=6)
[14:35:11] t=2200 jev INF E2 HOLD (预算保护 gate=False e2=6)
[14:35:13] t=2203 jev INF E2 HOLD (预算保护 gate=False e2=6)
[14:35:13] t=2203 MOVE aahunt x1 -> 攻击目标#3294@(74,117)
[14:35:13] {"kind": "action", "what": "attack_obj", "name": null, "qty": null, "tid": 3294, "ts": "14:35:13"}
[14:35:15] t=2205 jev INF E2 HOLD (预算保护 gate=False e2=6)
[14:35:17] t=2208 jev INF E2 HOLD (预算保护 gate=False e2=6)
[14:35:17] t=2208 MOVE aahunt x1 -> (125,84)
[14:35:17] {"kind": "action", "what": "attack_move", "name": null, "qty": null, "tid": null, "ts": "14:35:17"}
[14:35:19] t=2211 jev INF E2 HOLD (预算保护 gate=False e2=6)
[14:35:19] t=2211 MOVE aahunt x1 -> 攻击目标#3294@(74,117)
[14:35:19] {"kind": "action", "what": "attack_obj", "name": null, "qty": null, "tid": 3294, "ts": "14:35:19"}
[14:35:21] t=2213 jev INF E2 HOLD (预算保护 gate=False e2=6)
[14:35:23] t=2216 jev INF E2 HOLD (预算保护 gate=False e2=6)
[14:35:23] t=2216 MOVE aahunt x1 -> (125,84)
[14:35:23] {"kind": "action", "what": "attack_move", "name": null, "qty": null, "tid": null, "ts": "14:35:23"}
[14:35:25] t=2219 jev INF E2 HOLD (预算保护 gate=False e2=6)
[14:35:25] t=2219 MOVE aahunt x1 -> 攻击目标#3294@(76,116)
[14:35:25] {"kind": "action", "what": "attack_obj", "name": null, "qty": null, "tid": 3294, "ts": "14:35:25"}
[14:35:27] t=2221 jev INF E2 HOLD (预算保护 gate=False e2=6)
[14:35:27] t=2221 MOVE aahunt x1 -> (125,84)
[14:35:27] {"kind": "action", "what": "attack_move", "name": null, "qty": null, "tid": null, "ts": "14:35:27"}
[14:35:29] t=2224 jev INF E2 HOLD (预算保护 gate=False e2=6)
[14:35:29] t=2224 MOVE aahunt x1 -> 攻击目标#3264@(77,114)
[14:35:29] {"kind": "action", "what": "attack_obj", "name": null, "qty": null, "tid": 3264, "ts": "14:35:29"}
[14:35:31] t=2227 jev INF E2 HOLD (预算保护 gate=False e2=6)
[14:35:33] t=2229 jev INF E2 HOLD (预算保护 gate=False e2=6)
[14:35:35] t=2232 jev INF E2 HOLD (预算保护 gate=False e2=6)
[14:35:35] t=2235 ALARM unit lost -> TURTLE (6 v 17, 守塔阵不打野战)
[14:35:35] {"kind": "action", "what": "attack_move", "name": null, "qty": null, "tid": null, "ts": "14:35:35"}
[14:35:37] t=2235 jev INF E2 HOLD (预算保护 gate=False e2=6)
[14:35:39] t=2237 jev INF E2 HOLD (预算保护 gate=False e2=6)
[14:35:40] t=2240 jev INF E2 HOLD (预算保护 gate=False e2=6)
[14:35:42] t=2242 jev INF E2 HOLD (预算保护 gate=False e2=6)
[14:35:42] t=2242 tick#925 credits=0 stance=defend | jev 925 decisions p50=1633ms
[14:35:44] t=2245 jev INF E2 HOLD (预算保护 gate=False e2=6)
[14:35:44] t=2245 MOVE hold_a x3 -> (133,86)
[14:35:44] {"kind": "action", "what": "attack_move", "name": null, "qty": null, "tid": null, "ts": "14:35:44"}
[14:35:46] t=2247 jev INF E2 HOLD (预算保护 gate=False e2=6)
[14:35:48] t=2250 jev INF E2 HOLD (预算保护 gate=False e2=6)
[14:35:48] t=2250 MOVE hold_b x3 -> (126,75)
[14:35:48] {"kind": "action", "what": "attack_move", "name": null, "qty": null, "tid": null, "ts": "14:35:48"}
[14:35:50] t=2252 jev INF E2 HOLD (预算保护 gate=False e2=6)
[14:35:52] t=2255 jev INF E2 HOLD (预算保护 gate=False e2=6)
[14:35:54] t=2257 jev INF E2 HOLD (预算保护 gate=False e2=6)
[14:35:56] t=2260 jev INF E2 HOLD (预算保护 gate=False e2=6)
[14:35:57] t=2262 jev INF E2 HOLD (预算保护 gate=False e2=6)
[14:35:59] t=2265 jev INF E2 HOLD (预算保护 gate=False e2=6)
[14:36:01] t=2267 jev INF E2 HOLD (预算保护 gate=False e2=6)
[14:36:03] t=2270 jev INF E2 HOLD (预算保护 gate=False e2=6)
[14:36:05] t=2272 jev INF E2 HOLD (预算保护 gate=False e2=6)
[14:36:07] t=2275 jev INF E2 HOLD (预算保护 gate=False e2=6)
[14:36:09] t=2277 jev INF E2 HOLD (预算保护 gate=False e2=6)
[14:36:11] t=2280 jev INF E2 HOLD (预算保护 gate=False e2=6)
[14:36:13] t=2283 jev INF E2 HOLD (预算保护 gate=False e2=6)
[14:36:15] t=2285 jev INF E2 HOLD (预算保护 gate=False e2=6)
[14:36:16] t=2288 jev INF E2 HOLD (预算保护 gate=False e2=6)
[14:36:18] t=2290 jev INF E2 HOLD (预算保护 gate=False e2=6)
[14:36:18] t=2290 jev VEH DRON HOLD (预算保护 cash=250 aav帽=ok aav=0)
[14:36:20] t=2293 jev INF E2 HOLD (预算保护 gate=False e2=6)
[14:36:20] t=2293 jev VEH DRON HOLD (预算保护 cash=250 aav帽=ok aav=0)
[14:36:22] t=2295 jev INF E2 HOLD (预算保护 gate=False e2=6)
[14:36:22] t=2295 jev VEH DRON HOLD (预算保护 cash=250 aav帽=ok aav=0)
[14:36:24] t=2298 jev INF E2 HOLD (预算保护 gate=False e2=6)
[14:36:24] t=2298 jev VEH DRON HOLD (预算保护 cash=250 aav帽=ok aav=0)
[14:36:26] t=2300 jev INF E2 HOLD (预算保护 gate=False e2=6)
[14:36:26] t=2300 jev VEH DRON HOLD (预算保护 cash=250 aav帽=ok aav=0)
[14:36:28] t=2303 jev INF E2 HOLD (预算保护 gate=False e2=6)
[14:36:28] t=2303 jev VEH DRON HOLD (预算保护 cash=250 aav帽=ok aav=0)
[14:36:30] t=2305 jev INF E2 HOLD (预算保护 gate=False e2=6)
[14:36:30] t=2305 jev VEH DRON HOLD (预算保护 cash=250 aav帽=ok aav=0)
[14:36:30] t=2305 tick#950 credits=250 stance=defend | jev 950 decisions p50=1629ms
[14:36:32] t=2308 jev INF E2 HOLD (预算保护 gate=False e2=6)
[14:36:32] t=2308 jev VEH DRON HOLD (预算保护 cash=250 aav帽=ok aav=0)
[14:36:34] t=2311 jev INF E2 HOLD (预算保护 gate=False e2=6)
[14:36:34] t=2311 jev VEH DRON HOLD (预算保护 cash=250 aav帽=ok aav=0)
[14:36:35] t=2313 jev INF E2 HOLD (预算保护 gate=False e2=6)
[14:36:35] t=2313 jev VEH DRON HOLD (预算保护 cash=250 aav帽=ok aav=0)
[14:36:37] t=2316 jev INF E2 HOLD (预算保护 gate=False e2=6)
[14:36:37] t=2316 jev VEH DRON HOLD (预算保护 cash=250 aav帽=ok aav=0)
[14:36:39] t=2318 jev INF E2 HOLD (预算保护 gate=False e2=6)
[14:36:39] t=2318 jev VEH DRON HOLD (预算保护 cash=250 aav帽=ok aav=0)
[14:36:39] t=2321 ECON harv#5
[14:36:39] {"kind": "action", "what": "produce", "name": "HARV", "qty": 1, "tid": null, "ts": "14:36:39"}
[14:36:41] t=2321 jev INF E2 (conf 0.34)
[14:36:41] t=2321 DEBT-GATE E2 x1 (debt=1400 eff=-25 < 90)
[14:36:43] t=2323 jev INF E2 (conf 0.35)
[14:36:43] {"kind": "action", "what": "produce", "name": "E2", "qty": 1, "tid": null, "ts": "14:36:43"}
[14:36:45] t=2326 MOVE hold_a x3 -> (133,86)
[14:36:45] {"kind": "action", "what": "attack_move", "name": null, "qty": null, "tid": null, "ts": "14:36:45"}
[14:36:49] t=2331 jev INF E2 HOLD (预算保护 gate=False e2=7)
[14:36:49] t=2331 MOVE hold_b x3 -> (126,75)
[14:36:49] {"kind": "action", "what": "attack_move", "name": null, "qty": null, "tid": null, "ts": "14:36:49"}
[14:36:51] t=2333 jev INF E2 HOLD (预算保护 gate=False e2=7)
[14:36:53] t=2336 jev INF E2 HOLD (预算保护 gate=False e2=7)
[14:36:55] t=2338 jev INF E2 HOLD (预算保护 gate=False e2=7)
[14:36:56] t=2341 jev INF E2 HOLD (预算保护 gate=False e2=7)
[14:36:58] t=2343 jev INF E2 HOLD (预算保护 gate=False e2=7)
[14:37:00] t=2346 jev INF E2 HOLD (预算保护 gate=False e2=7)
[14:37:02] t=2349 jev INF E2 HOLD (预算保护 gate=False e2=7)
[14:37:04] t=2351 jev INF E2 HOLD (预算保护 gate=False e2=7)
[14:37:06] t=2353 jev INF E2 HOLD (预算保护 gate=False e2=7)
[14:37:08] t=2356 jev INF E2 HOLD (预算保护 gate=False e2=7)
[14:37:10] t=2358 jev INF E2 HOLD (预算保护 gate=False e2=7)
[14:37:11] t=2361 jev INF E2 HOLD (预算保护 gate=False e2=7)
[14:37:13] t=2364 jev INF E2 HOLD (预算保护 gate=False e2=7)
[14:37:15] t=2366 jev INF E2 HOLD (预算保护 gate=False e2=7)
[14:37:17] t=2368 jev INF E2 HOLD (预算保护 gate=False e2=7)
[14:37:17] t=2368 tick#975 credits=0 stance=defend | jev 975 decisions p50=1627ms
[14:37:19] t=2371 jev INF E2 HOLD (预算保护 gate=False e2=7)
[14:37:21] t=2373 jev INF E2 HOLD (预算保护 gate=False e2=7)
[14:37:22] t=2376 jev INF E2 HOLD (预算保护 gate=False e2=7)
[14:37:24] t=2378 jev INF E2 HOLD (预算保护 gate=False e2=7)
[14:37:26] t=2381 jev INF E2 HOLD (预算保护 gate=False e2=7)
[14:37:28] t=2383 jev INF E2 HOLD (预算保护 gate=False e2=7)
[14:37:30] t=2386 jev INF E2 HOLD (预算保护 gate=False e2=7)
[14:37:32] t=2388 jev INF E2 HOLD (预算保护 gate=False e2=7)
[14:37:34] t=2391 jev INF E2 HOLD (预算保护 gate=False e2=7)
[14:37:35] t=2393 jev INF E2 HOLD (预算保护 gate=False e2=7)
[14:37:37] t=2396 jev INF E2 HOLD (预算保护 gate=False e2=7)
[14:37:39] t=2398 jev INF E2 HOLD (预算保护 gate=False e2=7)
[14:37:41] t=2401 jev INF E2 HOLD (预算保护 gate=False e2=7)
[14:37:43] t=2403 jev INF E2 HOLD (预算保护 gate=False e2=7)
[14:37:45] t=2406 jev INF E2 HOLD (预算保护 gate=False e2=7)
[14:37:47] t=2408 jev INF E2 HOLD (预算保护 gate=False e2=7)
[14:37:47] t=2408 MOVE hold_a x4 -> (133,86)
[14:37:47] {"kind": "action", "what": "attack_move", "name": null, "qty": null, "tid": null, "ts": "14:37:47"}
[14:37:49] t=2411 jev INF E2 HOLD (预算保护 gate=False e2=7)
[14:37:51] t=2413 jev INF E2 HOLD (预算保护 gate=False e2=7)
[14:37:51] t=2413 MOVE hold_b x3 -> (126,75)
[14:37:51] {"kind": "action", "what": "attack_move", "name": null, "qty": null, "tid": null, "ts": "14:37:51"}
[14:37:53] t=2416 jev INF E2 HOLD (预算保护 gate=False e2=7)
[14:37:54] t=2418 jev INF E2 HOLD (预算保护 gate=False e2=7)
[14:37:56] t=2421 jev INF E2 HOLD (预算保护 gate=False e2=7)
[14:37:58] t=2423 jev INF E2 HOLD (预算保护 gate=False e2=7)
[14:38:00] t=2426 jev INF E2 HOLD (预算保护 gate=False e2=7)
[14:38:02] t=2429 jev INF E2 HOLD (预算保护 gate=False e2=7)
[14:38:04] t=2431 jev INF E2 HOLD (预算保护 gate=False e2=7)
[14:38:04] t=2431 tick#1000 credits=0 stance=defend | jev 1000 decisions p50=1623ms
[14:38:06] t=2434 jev INF E2 HOLD (预算保护 gate=False e2=7)
[14:38:08] t=2436 jev INF E2 HOLD (预算保护 gate=False e2=7)
[14:38:10] t=2439 jev INF E2 HOLD (预算保护 gate=False e2=7)
[14:38:12] t=2441 jev INF E2 HOLD (预算保护 gate=False e2=7)
[14:38:13] t=2444 jev INF E2 HOLD (预算保护 gate=False e2=7)
[14:38:15] t=2446 jev INF E2 HOLD (预算保护 gate=False e2=7)
[14:38:17] t=2449 jev INF E2 HOLD (预算保护 gate=False e2=7)
[14:38:19] t=2451 jev INF E2 HOLD (预算保护 gate=False e2=7)
[14:38:21] t=2454 jev INF E2 HOLD (预算保护 gate=False e2=7)
[14:38:23] t=2456 jev INF E2 HOLD (预算保护 gate=False e2=7)
[14:38:25] t=2459 jev INF E2 HOLD (预算保护 gate=False e2=7)
[14:38:27] t=2461 jev INF E2 HOLD (预算保护 gate=False e2=7)
[14:38:29] t=2464 jev INF E2 HOLD (预算保护 gate=False e2=7)
[14:38:30] t=2466 jev INF E2 HOLD (预算保护 gate=False e2=7)
[14:38:32] t=2469 jev INF E2 HOLD (预算保护 gate=False e2=7)
[14:38:34] t=2471 jev INF E2 HOLD (预算保护 gate=False e2=7)
[14:38:34] t=2471 jev VEH DRON HOLD (预算保护 cash=260 aav帽=ok aav=0)
[14:38:36] t=2474 jev INF E2 HOLD (预算保护 gate=False e2=7)
[14:38:36] t=2474 jev VEH DRON HOLD (预算保护 cash=260 aav帽=ok aav=0)
[14:38:38] t=2476 jev INF E2 HOLD (预算保护 gate=False e2=7)
[14:38:38] t=2476 jev VEH DRON HOLD (预算保护 cash=260 aav帽=ok aav=0)
[14:38:40] t=2479 jev INF E2 HOLD (预算保护 gate=False e2=7)
[14:38:40] t=2479 jev VEH DRON HOLD (预算保护 cash=260 aav帽=ok aav=0)
[14:38:42] t=2481 jev INF E2 HOLD (预算保护 gate=False e2=7)
[14:38:42] t=2481 jev VEH DRON HOLD (预算保护 cash=260 aav帽=ok aav=0)
[14:38:44] t=2484 jev INF E2 HOLD (预算保护 gate=False e2=7)
[14:38:44] t=2484 jev VEH DRON HOLD (预算保护 cash=260 aav帽=ok aav=0)
[14:38:45] t=2486 jev INF E2 HOLD (预算保护 gate=False e2=7)
[14:38:45] t=2486 jev VEH DRON HOLD (预算保护 cash=260 aav帽=ok aav=0)
[14:38:47] t=2489 jev INF E2 HOLD (预算保护 gate=False e2=7)
[14:38:47] t=2489 jev VEH DRON HOLD (预算保护 cash=260 aav帽=ok aav=0)
[14:38:47] t=2489 MOVE hold_a x4 -> (133,86)
[14:38:47] {"kind": "action", "what": "attack_move", "name": null, "qty": null, "tid": null, "ts": "14:38:47"}
[14:38:49] t=2491 jev INF E2 HOLD (预算保护 gate=False e2=7)
[14:38:49] t=2491 jev VEH DRON HOLD (预算保护 cash=260 aav帽=ok aav=0)
[14:38:51] t=2494 jev INF E2 HOLD (预算保护 gate=False e2=7)
[14:38:51] t=2494 jev VEH DRON HOLD (预算保护 cash=260 aav帽=ok aav=0)
[14:38:51] t=2494 MOVE hold_b x3 -> (126,75)
[14:38:51] {"kind": "action", "what": "attack_move", "name": null, "qty": null, "tid": null, "ts": "14:38:51"}
[14:38:51] t=2494 tick#1025 credits=260 stance=defend | jev 1025 decisions p50=1617ms
[14:38:53] t=2496 jev INF E2 HOLD (预算保护 gate=False e2=7)
[14:38:53] t=2496 jev VEH DRON HOLD (预算保护 cash=260 aav帽=ok aav=0)
[14:38:55] t=2499 jev INF E2 HOLD (预算保护 gate=False e2=7)
[14:38:55] t=2499 jev VEH DRON HOLD (预算保护 cash=260 aav帽=ok aav=0)
[14:38:57] t=2501 jev INF E2 HOLD (预算保护 gate=False e2=7)
[14:38:57] t=2501 jev VEH DRON HOLD (预算保护 cash=260 aav帽=ok aav=0)
[14:38:59] t=2504 jev INF E2 HOLD (预算保护 gate=False e2=7)
[14:38:59] t=2504 jev VEH DRON HOLD (预算保护 cash=260 aav帽=ok aav=0)
[14:39:01] t=2506 jev INF E2 HOLD (预算保护 gate=False e2=7)
[14:39:01] t=2506 jev VEH DRON HOLD (预算保护 cash=260 aav帽=ok aav=0)
[14:39:02] t=2509 jev INF E2 HOLD (预算保护 gate=False e2=7)
[14:39:02] t=2509 jev VEH DRON HOLD (预算保护 cash=260 aav帽=ok aav=0)
[14:39:03] t=2511 ECON harv#6
[14:39:03] {"kind": "action", "what": "produce", "name": "HARV", "qty": 1, "tid": null, "ts": "14:39:03"}
[14:39:04] t=2511 jev INF E2 (conf 0.28)
[14:39:04] t=2511 DEBT-GATE E2 x1 (debt=1400 eff=-15 < 90)
[14:39:06] t=2514 jev INF E2 (conf 0.30)
[14:39:06] {"kind": "action", "what": "produce", "name": "E2", "qty": 1, "tid": null, "ts": "14:39:06"}
[14:39:12] t=2522 jev INF E2 HOLD (预算保护 gate=False e2=8)
[14:39:14] t=2524 jev INF E2 HOLD (预算保护 gate=False e2=8)
[14:39:16] t=2527 jev INF E2 HOLD (预算保护 gate=False e2=8)
[14:39:18] t=2529 jev INF E2 HOLD (预算保护 gate=False e2=8)
[14:39:19] t=2532 jev INF E2 HOLD (预算保护 gate=False e2=8)
[14:39:21] t=2534 jev INF E2 HOLD (预算保护 gate=False e2=8)
[14:39:23] t=2537 jev INF E2 HOLD (预算保护 gate=False e2=8)
[14:39:25] t=2539 jev INF E2 HOLD (预算保护 gate=False e2=8)
[14:39:27] t=2542 jev INF E2 HOLD (预算保护 gate=False e2=8)
[14:39:29] t=2544 jev INF E2 HOLD (预算保护 gate=False e2=8)
[14:39:31] t=2547 jev INF E2 HOLD (预算保护 gate=False e2=8)
[14:39:33] t=2549 jev INF E2 HOLD (预算保护 gate=False e2=8)
[14:39:35] t=2552 jev INF E2 HOLD (预算保护 gate=False e2=8)
[14:39:35] t=2552 jev VEH DRON HOLD (预算保护 cash=195 aav帽=ok aav=0)
[14:39:36] t=2554 jev INF E2 HOLD (预算保护 gate=False e2=8)
[14:39:36] t=2554 jev VEH DRON HOLD (预算保护 cash=195 aav帽=ok aav=0)
[14:39:38] t=2557 jev INF E2 HOLD (预算保护 gate=False e2=8)
[14:39:38] t=2557 jev VEH DRON HOLD (预算保护 cash=195 aav帽=ok aav=0)
[14:39:38] t=2557 tick#1050 credits=195 stance=defend | jev 1050 decisions p50=1610ms
[14:39:40] t=2559 jev INF E2 HOLD (预算保护 gate=False e2=8)
[14:39:40] t=2559 jev VEH DRON HOLD (预算保护 cash=195 aav帽=ok aav=0)
[14:39:42] t=2562 jev INF E2 HOLD (预算保护 gate=False e2=8)
[14:39:42] t=2562 jev VEH DRON HOLD (预算保护 cash=195 aav帽=ok aav=0)
[14:39:44] t=2564 jev INF E2 HOLD (预算保护 gate=False e2=8)
[14:39:44] t=2564 jev VEH DRON HOLD (预算保护 cash=195 aav帽=ok aav=0)
[14:39:46] t=2567 jev INF E2 HOLD (预算保护 gate=False e2=8)
[14:39:46] t=2567 jev VEH DRON HOLD (预算保护 cash=195 aav帽=ok aav=0)
[14:39:48] t=2569 jev INF E2 HOLD (预算保护 gate=False e2=8)
[14:39:48] t=2569 jev VEH DRON HOLD (预算保护 cash=195 aav帽=ok aav=0)
[14:39:48] t=2569 MOVE hold_a x4 -> (133,86)
[14:39:48] {"kind": "action", "what": "attack_move", "name": null, "qty": null, "tid": null, "ts": "14:39:48"}
[14:39:50] t=2572 jev INF E2 HOLD (预算保护 gate=False e2=8)
[14:39:50] t=2572 jev VEH DRON HOLD (预算保护 cash=195 aav帽=ok aav=0)
[14:39:52] t=2575 jev INF E2 HOLD (预算保护 gate=False e2=8)
[14:39:52] t=2575 jev VEH DRON HOLD (预算保护 cash=195 aav帽=ok aav=0)
[14:39:52] t=2575 MOVE hold_b x4 -> (126,75)
[14:39:52] {"kind": "action", "what": "attack_move", "name": null, "qty": null, "tid": null, "ts": "14:39:52"}
[14:39:54] t=2577 jev INF E2 HOLD (预算保护 gate=False e2=8)
[14:39:54] t=2577 jev VEH DRON HOLD (预算保护 cash=195 aav帽=ok aav=0)
[14:39:56] t=2580 jev INF E2 HOLD (预算保护 gate=False e2=8)
[14:39:56] t=2580 jev VEH DRON HOLD (预算保护 cash=195 aav帽=ok aav=0)
[14:39:57] t=2582 jev INF E2 HOLD (预算保护 gate=False e2=8)
[14:39:57] t=2582 jev VEH DRON HOLD (预算保护 cash=195 aav帽=ok aav=0)
[14:39:59] t=2585 jev INF E2 HOLD (预算保护 gate=False e2=8)
[14:39:59] t=2585 jev VEH DRON HOLD (预算保护 cash=195 aav帽=ok aav=0)
[14:40:01] t=2587 jev INF E2 HOLD (预算保护 gate=False e2=8)
[14:40:01] t=2587 jev VEH DRON HOLD (预算保护 cash=195 aav帽=ok aav=0)
[14:40:03] t=2590 jev INF E2 HOLD (预算保护 gate=False e2=8)
[14:40:03] t=2590 jev VEH DRON HOLD (预算保护 cash=195 aav帽=ok aav=0)
[14:40:05] t=2592 jev INF E2 HOLD (预算保护 gate=False e2=8)
[14:40:05] t=2592 jev VEH DRON HOLD (预算保护 cash=195 aav帽=ok aav=0)
[14:40:07] t=2595 jev INF E2 HOLD (预算保护 gate=False e2=8)
[14:40:07] t=2595 jev VEH DRON HOLD (预算保护 cash=195 aav帽=ok aav=0)
[14:40:09] t=2598 jev INF E2 HOLD (预算保护 gate=False e2=8)
[14:40:09] t=2598 jev VEH DRON HOLD (预算保护 cash=195 aav帽=ok aav=0)
[14:40:11] t=2600 jev INF E2 HOLD (预算保护 gate=False e2=8)
[14:40:11] t=2600 jev VEH DRON HOLD (预算保护 cash=195 aav帽=ok aav=0)
[14:40:13] t=2603 jev INF E2 HOLD (预算保护 gate=False e2=8)
[14:40:13] t=2603 jev VEH DRON HOLD (预算保护 cash=195 aav帽=ok aav=0)
[14:40:14] t=2605 jev INF E2 HOLD (预算保护 gate=False e2=8)
[14:40:14] t=2605 jev VEH DRON HOLD (预算保护 cash=195 aav帽=ok aav=0)
[14:40:16] t=2608 jev INF E2 HOLD (预算保护 gate=False e2=8)
[14:40:16] t=2608 jev VEH DRON HOLD (预算保护 cash=195 aav帽=ok aav=0)
[14:40:18] t=2610 jev INF E2 HOLD (预算保护 gate=False e2=8)
[14:40:18] t=2610 jev VEH DRON HOLD (预算保护 cash=195 aav帽=ok aav=0)
[14:40:20] t=2613 jev INF E2 HOLD (预算保护 gate=False e2=8)
[14:40:20] t=2613 jev VEH DRON HOLD (预算保护 cash=195 aav帽=ok aav=0)
[14:40:22] t=2615 jev VEH DRON HOLD (预算保护 cash=195 aav帽=ok aav=0)
[14:40:24] t=2618 jev VEH DRON HOLD (预算保护 cash=195 aav帽=ok aav=0)
[14:40:26] t=2620 jev INF E2 HOLD (预算保护 gate=False e2=8)
[14:40:26] t=2620 jev VEH DRON HOLD (预算保护 cash=195 aav帽=ok aav=0)
[14:40:26] t=2620 tick#1075 credits=195 stance=defend | jev 1075 decisions p50=1609ms
[14:40:28] t=2623 jev INF E2 HOLD (预算保护 gate=False e2=8)
[14:40:28] t=2623 jev VEH DRON HOLD (预算保护 cash=195 aav帽=ok aav=0)
[14:40:30] t=2625 jev INF E2 HOLD (预算保护 gate=False e2=8)
[14:40:30] t=2625 jev VEH DRON HOLD (预算保护 cash=195 aav帽=ok aav=0)
[14:40:32] t=2628 jev INF E2 HOLD (预算保护 gate=False e2=8)
[14:40:32] t=2628 jev VEH DRON HOLD (预算保护 cash=345 aav帽=ok aav=0)
[14:40:33] t=2630 jev INF E2 HOLD (预算保护 gate=False e2=8)
[14:40:33] t=2630 jev VEH DRON HOLD (预算保护 cash=345 aav帽=ok aav=0)
[14:40:35] t=2633 jev INF E2 HOLD (预算保护 gate=False e2=8)
[14:40:35] t=2633 jev VEH DRON HOLD (预算保护 cash=345 aav帽=ok aav=0)
[14:40:37] t=2635 jev INF E2 HOLD (预算保护 gate=False e2=8)
[14:40:37] t=2635 jev VEH DRON HOLD (预算保护 cash=345 aav帽=ok aav=0)
[14:40:39] t=2638 jev INF E2 HOLD (预算保护 gate=False e2=8)
[14:40:39] t=2638 jev VEH DRON HOLD (预算保护 cash=345 aav帽=ok aav=0)
[14:40:41] t=2640 jev INF E2 HOLD (预算保护 gate=False e2=8)
[14:40:41] t=2640 jev VEH DRON HOLD (预算保护 cash=345 aav帽=ok aav=0)
[14:40:43] t=2643 jev INF E2 HOLD (预算保护 gate=False e2=8)
[14:40:43] t=2643 jev VEH DRON HOLD (预算保护 cash=345 aav帽=ok aav=0)
[14:40:45] t=2646 jev INF E2 HOLD (预算保护 gate=False e2=8)
[14:40:45] t=2646 jev VEH DRON HOLD (预算保护 cash=345 aav帽=ok aav=0)
[14:40:47] t=2648 jev INF E2 HOLD (预算保护 gate=False e2=8)
[14:40:47] t=2648 jev VEH DRON HOLD (预算保护 cash=345 aav帽=ok aav=0)
[14:40:49] t=2651 jev INF E2 HOLD (预算保护 gate=False e2=8)
[14:40:49] t=2651 jev VEH DRON HOLD (预算保护 cash=345 aav帽=ok aav=0)
[14:40:49] t=2651 MOVE hold_a x4 -> (133,86)
[14:40:49] {"kind": "action", "what": "attack_move", "name": null, "qty": null, "tid": null, "ts": "14:40:49"}
[14:40:51] t=2653 jev INF E2 HOLD (预算保护 gate=False e2=8)
[14:40:51] t=2653 jev VEH DRON HOLD (预算保护 cash=345 aav帽=ok aav=0)
[14:40:52] t=2656 jev INF E2 HOLD (预算保护 gate=False e2=8)
[14:40:52] t=2656 jev VEH DRON HOLD (预算保护 cash=345 aav帽=ok aav=0)
[14:40:52] t=2656 MOVE hold_b x4 -> (126,75)
[14:40:52] {"kind": "action", "what": "attack_move", "name": null, "qty": null, "tid": null, "ts": "14:40:52"}
[14:40:54] t=2658 jev INF E2 HOLD (预算保护 gate=False e2=8)
[14:40:54] t=2658 jev VEH DRON HOLD (预算保护 cash=345 aav帽=ok aav=0)
[14:40:56] t=2661 jev INF E2 HOLD (预算保护 gate=False e2=8)
[14:40:56] t=2661 jev VEH DRON HOLD (预算保护 cash=345 aav帽=ok aav=0)
[14:40:58] t=2663 jev INF E2 HOLD (预算保护 gate=False e2=8)
[14:40:58] t=2663 jev VEH DRON HOLD (预算保护 cash=345 aav帽=ok aav=0)
[14:41:00] t=2666 jev INF E2 HOLD (预算保护 gate=False e2=8)
[14:41:00] t=2666 jev VEH DRON HOLD (预算保护 cash=345 aav帽=ok aav=0)
[14:41:02] t=2668 jev INF E2 HOLD (预算保护 gate=False e2=8)
[14:41:02] t=2668 jev VEH DRON HOLD (预算保护 cash=345 aav帽=ok aav=0)
[14:41:04] t=2671 jev INF E2 HOLD (预算保护 gate=False e2=8)
[14:41:04] t=2671 jev VEH DRON HOLD (预算保护 cash=345 aav帽=ok aav=0)
[14:41:06] t=2674 jev INF E2 HOLD (预算保护 gate=False e2=8)
[14:41:06] t=2674 jev VEH DRON HOLD (预算保护 cash=345 aav帽=ok aav=0)
[14:41:08] t=2676 jev INF E2 HOLD (预算保护 gate=False e2=8)
[14:41:08] t=2676 jev VEH DRON HOLD (预算保护 cash=345 aav帽=ok aav=0)
[14:41:10] t=2679 jev INF E2 HOLD (预算保护 gate=False e2=8)
[14:41:10] t=2679 jev VEH DRON HOLD (预算保护 cash=345 aav帽=ok aav=0)
[14:41:12] t=2681 jev INF E2 HOLD (预算保护 gate=False e2=8)
[14:41:12] t=2681 jev VEH DRON HOLD (预算保护 cash=345 aav帽=ok aav=0)
[14:41:14] t=2684 jev INF E2 HOLD (预算保护 gate=False e2=8)
[14:41:14] t=2684 jev VEH DRON HOLD (预算保护 cash=345 aav帽=ok aav=0)
[14:41:14] t=2684 tick#1100 credits=345 stance=defend | jev 1100 decisions p50=1610ms
[14:41:15] t=2686 jev INF E2 HOLD (预算保护 gate=False e2=8)
[14:41:15] t=2686 jev VEH DRON HOLD (预算保护 cash=345 aav帽=ok aav=0)
[14:41:17] t=2689 jev INF E2 HOLD (预算保护 gate=False e2=8)
[14:41:17] t=2689 jev VEH DRON HOLD (预算保护 cash=345 aav帽=ok aav=0)
[14:41:19] t=2691 jev INF E2 HOLD (预算保护 gate=False e2=8)
[14:41:19] t=2691 jev VEH DRON HOLD (预算保护 cash=345 aav帽=ok aav=0)
[14:41:20] t=2694 HARASS DRON x2 (have 0)
[14:41:20] t=2694 AA HTK x2 (enemy air, alive 0)
[14:41:20] {"kind": "action", "what": "produce", "name": "DRON", "qty": 2, "tid": null, "ts": "14:41:20"}
[14:41:20] t=2694 DEBT-GATE HTK x2 (debt=800 eff=670 < 1000)
[14:41:21] t=2694 jev INF E2 (conf 0.25)
[14:41:21] {"kind": "action", "what": "produce", "name": "E2", "qty": 1, "tid": null, "ts": "14:41:21"}
[14:41:25] t=2699 MOVE raid x1 -> (90,56); assault x1 -> (137,82); t=2699 SIEGE STAGING x1/8 (攒兵团, 齐冲再上)
[14:41:25] {"kind": "action", "what": "attack_move", "name": null, "qty": null, "tid": null, "ts": "14:41:25"}
[14:41:25] {"kind": "action", "what": "attack_move", "name": null, "qty": null, "tid": null, "ts": "14:41:25"}
[14:41:25] t=2702 AA HTK x2 (enemy air, alive 0)
[14:41:25] t=2702 DEBT-GATE HTK x2 (debt=0 eff=580 < 1000)
[14:41:27] t=2702 jev INF E2 HOLD (预算保护 gate=False e2=9)
[14:41:27] t=2702 MOVE raid x2 -> (89,56); t=2702 SIEGE STAGING x2/8 (攒兵团, 齐冲再上)
[14:41:27] {"kind": "action", "what": "attack_move", "name": null, "qty": null, "tid": null, "ts": "14:41:27"}
[14:41:27] t=2704 AA HTK x2 (enemy air, alive 0)
[14:41:27] t=2704 DEBT-GATE HTK x2 (debt=0 eff=580 < 1000)
[14:41:29] t=2704 jev INF E2 HOLD (预算保护 gate=False e2=9)
[14:41:29] t=2707 AA HTK x2 (enemy air, alive 0)
[14:41:29] t=2707 DEBT-GATE HTK x2 (debt=0 eff=580 < 1000)
[14:41:31] t=2707 MOVE raid x2 -> (88,57); t=2707 SIEGE STAGING x2/8 (攒兵团, 齐冲再上)
[14:41:31] {"kind": "action", "what": "attack_move", "name": null, "qty": null, "tid": null, "ts": "14:41:31"}
[14:41:31] t=2709 AA HTK x2 (enemy air, alive 0)
[14:41:31] t=2709 DEBT-GATE HTK x2 (debt=0 eff=580 < 1000)
[14:41:33] t=2709 MOVE raid x2 -> (88,58); t=2709 SIEGE STAGING x2/8 (攒兵团, 齐冲再上)
[14:41:33] {"kind": "action", "what": "attack_move", "name": null, "qty": null, "tid": null, "ts": "14:41:33"}
[14:41:33] t=2712 ALARM unit lost -> TURTLE (11 v 21, 守塔阵不打野战)
[14:41:33] {"kind": "action", "what": "attack_move", "name": null, "qty": null, "tid": null, "ts": "14:41:33"}
[14:41:33] t=2712 AA HTK x2 (enemy air, alive 0)
[14:41:33] t=2712 DEBT-GATE HTK x2 (debt=0 eff=580 < 1000)
[14:41:35] t=2712 jev INF E2 HOLD (预算保护 gate=False e2=9)
[14:41:35] t=2714 AA HTK x2 (enemy air, alive 0)
[14:41:35] t=2714 DEBT-GATE HTK x2 (debt=0 eff=580 < 1000)
[14:41:36] t=2714 jev INF E2 HOLD (预算保护 gate=False e2=9)
[14:41:37] t=2717 AA HTK x2 (enemy air, alive 0)
[14:41:37] t=2717 DEBT-GATE HTK x2 (debt=0 eff=580 < 1000)
[14:41:38] t=2717 jev INF E2 HOLD (预算保护 gate=False e2=9)
[14:41:39] t=2719 AA HTK x2 (enemy air, alive 0)
[14:41:39] t=2719 DEBT-GATE HTK x2 (debt=0 eff=580 < 1000)
[14:41:40] t=2719 jev INF E2 HOLD (预算保护 gate=False e2=9)
[14:41:40] t=2722 AA HTK x2 (enemy air, alive 0)
[14:41:40] t=2722 DEBT-GATE HTK x2 (debt=0 eff=580 < 1000)
[14:41:42] t=2722 jev INF E2 HOLD (预算保护 gate=False e2=9)
[14:41:42] t=2722 MOVE raid x2 -> (86,71); assault x2 -> (137,82); t=2722 SIEGE STAGING x2/8 (攒兵团, 齐冲再上)
[14:41:42] {"kind": "action", "what": "attack_move", "name": null, "qty": null, "tid": null, "ts": "14:41:42"}
[14:41:42] {"kind": "action", "what": "attack_move", "name": null, "qty": null, "tid": null, "ts": "14:41:42"}
[14:41:42] t=2725 ECON harv#6
[14:41:42] {"kind": "action", "what": "produce", "name": "HARV", "qty": 1, "tid": null, "ts": "14:41:42"}
[14:41:44] t=2725 jev INF E2 (conf 0.30)
[14:41:44] t=2725 MOVE raid x2 -> (89,61); t=2725 SIEGE STAGING x2/8 (攒兵团, 齐冲再上)
[14:41:44] {"kind": "action", "what": "attack_move", "name": null, "qty": null, "tid": null, "ts": "14:41:44"}
[14:41:46] t=2727 jev INF E2 (conf 0.31)
[14:41:46] t=2727 MOVE raid x2 -> (89,59); t=2727 SIEGE STAGING x2/8 (攒兵团, 齐冲再上)
[14:41:46] {"kind": "action", "what": "attack_move", "name": null, "qty": null, "tid": null, "ts": "14:41:46"}
[14:41:48] t=2730 jev INF E2 (conf 0.30)
[14:41:48] {"kind": "action", "what": "produce", "name": "E2", "qty": 1, "tid": null, "ts": "14:41:48"}
[14:41:48] t=2730 MOVE raid x2 -> (90,58); t=2730 SIEGE STAGING x2/8 (攒兵团, 齐冲再上)
[14:41:48] {"kind": "action", "what": "attack_move", "name": null, "qty": null, "tid": null, "ts": "14:41:48"}
[14:41:50] t=2732 MOVE t=2732 SIEGE STAGING x2/8 (攒兵团, 齐冲再上); hold_a x5 -> (133,86)
[14:41:50] {"kind": "action", "what": "attack_move", "name": null, "qty": null, "tid": null, "ts": "14:41:50"}
[14:41:54] t=2737 MOVE t=2737 SIEGE STAGING x2/8 (攒兵团, 齐冲再上); hold_b x4 -> (126,75)
[14:41:54] {"kind": "action", "what": "attack_move", "name": null, "qty": null, "tid": null, "ts": "14:41:54"}
[14:41:54] t=2740 AA HTK x2 (enemy air, alive 0)
[14:41:54] t=2740 DEBT-GATE HTK x2 (debt=0 eff=590 < 1000)
[14:41:56] t=2740 MOVE raid x2 -> (90,59); assault x2 -> (137,82); t=2740 AIR-EVADE assault x2 -> home (坦克打不到空中, 等AA猎杀)
[14:41:56] {"kind": "action", "what": "attack_move", "name": null, "qty": null, "tid": null, "ts": "14:41:56"}
[14:41:56] {"kind": "action", "what": "attack_move", "name": null, "qty": null, "tid": null, "ts": "14:41:56"}
[14:41:56] t=2743 AA HTK x2 (enemy air, alive 0)
[14:41:56] t=2743 DEBT-GATE HTK x2 (debt=0 eff=590 < 1000)
[14:41:58] t=2743 MOVE raid x2 -> (91,60); t=2743 AIR-EVADE assault x2 -> home (坦克打不到空中, 等AA猎杀)
[14:41:58] {"kind": "action", "what": "attack_move", "name": null, "qty": null, "tid": null, "ts": "14:41:58"}
[14:41:58] t=2745 AA HTK x2 (enemy air, alive 0)
[14:41:58] t=2745 DEBT-GATE HTK x2 (debt=0 eff=590 < 1000)
[14:42:00] t=2745 jev INF E2 HOLD (预算保护 gate=False e2=10)
[14:42:00] t=2745 MOVE raid x2 -> (91,61); t=2745 AIR-EVADE assault x2 -> home (坦克打不到空中, 等AA猎杀)
[14:42:00] {"kind": "action", "what": "attack_move", "name": null, "qty": null, "tid": null, "ts": "14:42:00"}
[14:42:00] t=2748 AA HTK x2 (enemy air, alive 0)
[14:42:00] t=2748 DEBT-GATE HTK x2 (debt=0 eff=590 < 1000)
[14:42:02] t=2748 jev INF E2 HOLD (预算保护 gate=False e2=10)
[14:42:02] t=2748 MOVE raid x2 -> (91,64); t=2748 AIR-EVADE assault x2 -> home (坦克打不到空中, 等AA猎杀)
[14:42:02] {"kind": "action", "what": "attack_move", "name": null, "qty": null, "tid": null, "ts": "14:42:02"}
[14:42:02] t=2748 tick#1125 credits=590 stance=defend | jev 1125 decisions p50=1608ms
[14:42:02] t=2750 ALARM unit lost -> TURTLE (11 v 21, 守塔阵不打野战)
[14:42:02] {"kind": "action", "what": "attack_move", "name": null, "qty": null, "tid": null, "ts": "14:42:02"}
[14:42:02] t=2750 AA HTK x2 (enemy air, alive 0)
[14:42:02] t=2750 DEBT-GATE HTK x2 (debt=0 eff=590 < 1000)
[14:42:04] t=2750 jev INF E2 HOLD (预算保护 gate=False e2=10)
[14:42:04] t=2750 jev VEH HARV HOLD (预算保护 cash=590 aav帽=ok aav=0)
[14:42:04] t=2753 AA HTK x2 (enemy air, alive 0)
[14:42:04] t=2753 DEBT-GATE HTK x2 (debt=0 eff=590 < 1000)
[14:42:05] t=2753 jev INF E2 HOLD (预算保护 gate=False e2=10)
[14:42:05] t=2753 jev VEH HARV HOLD (预算保护 cash=590 aav帽=ok aav=0)
[14:42:06] t=2756 AA HTK x2 (enemy air, alive 0)
[14:42:06] t=2756 DEBT-GATE HTK x2 (debt=0 eff=590 < 1000)
[14:42:07] t=2756 jev INF E2 HOLD (预算保护 gate=False e2=10)
[14:42:07] t=2756 jev VEH HARV HOLD (预算保护 cash=590 aav帽=ok aav=0)
[14:42:08] t=2758 AA HTK x2 (enemy air, alive 0)
[14:42:08] t=2758 DEBT-GATE HTK x2 (debt=0 eff=590 < 1000)
[14:42:09] t=2758 jev INF E2 HOLD (预算保护 gate=False e2=10)
[14:42:09] t=2761 AA HTK x2 (enemy air, alive 0)
[14:42:09] t=2761 DEBT-GATE HTK x2 (debt=0 eff=590 < 1000)
[14:42:11] t=2761 jev INF E2 HOLD (预算保护 gate=False e2=10)
[14:42:11] t=2761 MOVE raid x1 -> (91,63); assault x1 -> (137,82); t=2761 AIR-EVADE assault x1 -> home (坦克打不到空中, 等AA猎杀)
[14:42:11] {"kind": "action", "what": "attack_move", "name": null, "qty": null, "tid": null, "ts": "14:42:11"}
[14:42:11] {"kind": "action", "what": "attack_move", "name": null, "qty": null, "tid": null, "ts": "14:42:11"}
[14:42:12] t=2763 AA HTK x2 (enemy air, alive 0)
[14:42:12] t=2763 DEBT-GATE HTK x2 (debt=0 eff=590 < 1000)
[14:42:13] t=2763 jev INF E2 HOLD (预算保护 gate=False e2=10)
[14:42:13] t=2763 jev VEH HARV HOLD (预算保护 cash=590 aav帽=ok aav=0)
[14:42:13] t=2763 MOVE raid x1 -> (91,61); t=2763 AIR-EVADE assault x1 -> home (坦克打不到空中, 等AA猎杀)
[14:42:13] {"kind": "action", "what": "attack_move", "name": null, "qty": null, "tid": null, "ts": "14:42:13"}
[14:42:13] t=2766 AA HTK x2 (enemy air, alive 0)
[14:42:13] t=2766 DEBT-GATE HTK x2 (debt=0 eff=590 < 1000)
[14:42:15] t=2766 jev INF E2 HOLD (预算保护 gate=False e2=10)
[14:42:15] t=2766 jev VEH HARV HOLD (预算保护 cash=590 aav帽=ok aav=0)
[14:42:15] t=2766 MOVE raid x1 -> (91,59); t=2766 AIR-EVADE assault x1 -> home (坦克打不到空中, 等AA猎杀)
[14:42:15] {"kind": "action", "what": "attack_move", "name": null, "qty": null, "tid": null, "ts": "14:42:15"}
[14:42:15] t=2769 AA HTK x2 (enemy air, alive 0)
[14:42:15] t=2769 DEBT-GATE HTK x2 (debt=0 eff=590 < 1000)
[14:42:17] t=2769 jev INF E2 HOLD (预算保护 gate=False e2=10)
[14:42:17] t=2769 jev VEH HARV HOLD (预算保护 cash=590 aav帽=ok aav=0)
[14:42:17] t=2771 AA HTK x2 (enemy air, alive 0)
[14:42:17] t=2771 DEBT-GATE HTK x2 (debt=0 eff=590 < 1000)
[14:42:19] t=2771 jev INF E2 HOLD (预算保护 gate=False e2=10)
[14:42:19] t=2771 jev VEH HARV HOLD (预算保护 cash=590 aav帽=ok aav=0)
[14:42:19] t=2774 AA HTK x2 (enemy air, alive 0)
[14:42:19] t=2774 DEBT-GATE HTK x2 (debt=0 eff=590 < 1000)
[14:42:21] t=2774 jev INF E2 HOLD (预算保护 gate=False e2=10)
[14:42:21] t=2774 jev VEH HARV HOLD (预算保护 cash=590 aav帽=ok aav=0)
[14:42:21] t=2774 MOVE raid x1 -> (90,61); t=2774 AIR-EVADE assault x1 -> home (坦克打不到空中, 等AA猎杀)
[14:42:21] {"kind": "action", "what": "attack_move", "name": null, "qty": null, "tid": null, "ts": "14:42:21"}
[14:42:21] t=2776 AA HTK x2 (enemy air, alive 0)
[14:42:21] t=2776 DEBT-GATE HTK x2 (debt=0 eff=590 < 1000)
[14:42:23] t=2776 jev INF E2 HOLD (预算保护 gate=False e2=10)
[14:42:23] t=2776 jev VEH HARV HOLD (预算保护 cash=590 aav帽=ok aav=0)
[14:42:23] t=2776 MOVE raid x1 -> (91,62); t=2776 AIR-EVADE assault x1 -> home (坦克打不到空中, 等AA猎杀)
[14:42:23] {"kind": "action", "what": "attack_move", "name": null, "qty": null, "tid": null, "ts": "14:42:23"}
[14:42:23] t=2779 AA HTK x2 (enemy air, alive 0)
[14:42:23] t=2779 DEBT-GATE HTK x2 (debt=0 eff=590 < 1000)
[14:42:25] t=2779 jev INF E2 HOLD (预算保护 gate=False e2=10)
[14:42:25] t=2779 MOVE raid x1 -> (91,64); assault x1 -> (137,82); t=2779 AIR-EVADE assault x1 -> home (坦克打不到空中, 等AA猎杀)
[14:42:25] {"kind": "action", "what": "attack_move", "name": null, "qty": null, "tid": null, "ts": "14:42:25"}
[14:42:25] {"kind": "action", "what": "attack_move", "name": null, "qty": null, "tid": null, "ts": "14:42:25"}
[14:42:25] t=2782 AA HTK x2 (enemy air, alive 0)
[14:42:25] t=2782 DEBT-GATE HTK x2 (debt=0 eff=590 < 1000)
[14:42:27] t=2782 jev INF E2 HOLD (预算保护 gate=False e2=10)
[14:42:27] t=2782 MOVE raid x1 -> (91,66); t=2782 AIR-EVADE assault x1 -> home (坦克打不到空中, 等AA猎杀)
[14:42:27] {"kind": "action", "what": "attack_move", "name": null, "qty": null, "tid": null, "ts": "14:42:27"}
[14:42:27] t=2784 ALARM unit lost -> TURTLE (10 v 20, 守塔阵不打野战)
[14:42:27] {"kind": "action", "what": "attack_move", "name": null, "qty": null, "tid": null, "ts": "14:42:27"}
[14:42:27] t=2784 AA HTK x2 (enemy air, alive 0)
[14:42:27] t=2784 DEBT-GATE HTK x2 (debt=0 eff=590 < 1000)
[14:42:29] t=2784 jev INF E2 HOLD (预算保护 gate=False e2=10)
[14:42:29] t=2784 jev VEH DRON HOLD (预算保护 cash=590 aav帽=ok aav=0)
[14:42:29] t=2787 AA HTK x2 (enemy air, alive 0)
[14:42:29] t=2787 DEBT-GATE HTK x2 (debt=0 eff=590 < 1000)
[14:42:31] t=2787 jev INF E2 HOLD (预算保护 gate=False e2=10)
[14:42:31] t=2787 jev VEH DRON HOLD (预算保护 cash=590 aav帽=ok aav=0)
[14:42:31] t=2789 AA HTK x2 (enemy air, alive 0)
[14:42:31] t=2789 DEBT-GATE HTK x2 (debt=0 eff=590 < 1000)
[14:42:33] t=2789 jev INF E2 HOLD (预算保护 gate=False e2=10)
[14:42:33] t=2789 jev VEH DRON HOLD (预算保护 cash=590 aav帽=ok aav=0)
[14:42:33] t=2792 AA HTK x2 (enemy air, alive 0)
[14:42:33] t=2792 DEBT-GATE HTK x2 (debt=0 eff=590 < 1000)
[14:42:35] t=2792 jev INF E2 HOLD (预算保护 gate=False e2=10)
[14:42:35] t=2792 jev VEH DRON HOLD (预算保护 cash=590 aav帽=ok aav=0)
[14:42:35] t=2794 AA HTK x2 (enemy air, alive 0)
[14:42:35] t=2794 DEBT-GATE HTK x2 (debt=0 eff=590 < 1000)
[14:42:37] t=2794 jev INF E2 HOLD (预算保护 gate=False e2=10)
[14:42:37] t=2794 jev VEH DRON HOLD (预算保护 cash=590 aav帽=ok aav=0)
[14:42:37] t=2797 AA HTK x2 (enemy air, alive 0)
[14:42:37] t=2797 DEBT-GATE HTK x2 (debt=0 eff=590 < 1000)
[14:42:38] t=2797 jev INF E2 HOLD (预算保护 gate=False e2=10)
[14:42:39] t=2800 AA HTK x2 (enemy air, alive 0)
[14:42:39] t=2800 DEBT-GATE HTK x2 (debt=0 eff=590 < 1000)
[14:42:40] t=2800 jev INF E2 HOLD (预算保护 gate=False e2=10)
[14:42:40] t=2800 jev VEH HARV HOLD (预算保护 cash=590 aav帽=ok aav=0)
[14:42:41] t=2802 AA HTK x2 (enemy air, alive 0)
[14:42:41] t=2802 DEBT-GATE HTK x2 (debt=0 eff=590 < 1000)
[14:42:42] t=2802 jev INF E2 HOLD (预算保护 gate=False e2=10)
[14:42:42] t=2802 jev VEH DRON HOLD (预算保护 cash=590 aav帽=ok aav=0)
[14:42:42] t=2805 AA HTK x2 (enemy air, alive 0)
[14:42:42] t=2805 DEBT-GATE HTK x2 (debt=0 eff=590 < 1000)
[14:42:44] t=2805 jev INF E2 HOLD (预算保护 gate=False e2=10)
[14:42:44] t=2805 jev VEH DRON HOLD (预算保护 cash=590 aav帽=ok aav=0)
[14:42:44] t=2807 AA HTK x2 (enemy air, alive 0)
[14:42:44] t=2807 DEBT-GATE HTK x2 (debt=0 eff=590 < 1000)
[14:42:46] t=2807 jev INF E2 HOLD (预算保护 gate=False e2=10)
[14:42:46] t=2807 jev VEH DRON HOLD (预算保护 cash=590 aav帽=ok aav=0)
[14:42:46] t=2810 AA HTK x2 (enemy air, alive 0)
[14:42:46] t=2810 DEBT-GATE HTK x2 (debt=0 eff=590 < 1000)
[14:42:48] t=2810 jev INF E2 HOLD (预算保护 gate=False e2=10)
[14:42:48] t=2810 jev VEH DRON HOLD (预算保护 cash=590 aav帽=ok aav=0)
[14:42:48] t=2812 AA HTK x2 (enemy air, alive 0)
[14:42:48] t=2812 DEBT-GATE HTK x2 (debt=0 eff=590 < 1000)
[14:42:50] t=2812 jev INF E2 HOLD (预算保护 gate=False e2=10)
[14:42:50] t=2812 jev VEH DRON HOLD (预算保护 cash=590 aav帽=ok aav=0)
[14:42:50] t=2812 tick#1150 credits=590 stance=defend | jev 1150 decisions p50=1613ms
[14:42:50] t=2815 AA HTK x2 (enemy air, alive 0)
[14:42:50] t=2815 DEBT-GATE HTK x2 (debt=0 eff=590 < 1000)
[14:42:52] t=2815 jev INF E2 HOLD (预算保护 gate=False e2=10)
[14:42:52] t=2815 jev VEH DRON HOLD (预算保护 cash=590 aav帽=ok aav=0)
[14:42:52] t=2815 MOVE hold_a x5 -> (133,86)
[14:42:52] {"kind": "action", "what": "attack_move", "name": null, "qty": null, "tid": null, "ts": "14:42:52"}
[14:42:52] t=2817 ALARM unit lost -> TURTLE (10 v 21, 守塔阵不打野战)
[14:42:52] {"kind": "action", "what": "attack_move", "name": null, "qty": null, "tid": null, "ts": "14:42:52"}
[14:42:52] t=2817 AA HTK x2 (enemy air, alive 0)
[14:42:52] t=2817 DEBT-GATE HTK x2 (debt=0 eff=590 < 1000)
[14:42:54] t=2817 jev INF E2 HOLD (预算保护 gate=False e2=10)
[14:42:54] t=2817 jev VEH HTK HOLD (预算保护 cash=590 aav帽=ok aav=0)
[14:42:54] t=2820 AA HTK x2 (enemy air, alive 0)
[14:42:54] t=2820 DEBT-GATE HTK x2 (debt=0 eff=590 < 1000)
[14:42:56] t=2820 jev INF E2 HOLD (预算保护 gate=False e2=10)
[14:42:56] t=2820 jev VEH DRON HOLD (预算保护 cash=590 aav帽=ok aav=0)
[14:42:56] t=2822 AA HTK x2 (enemy air, alive 0)
[14:42:56] t=2822 DEBT-GATE HTK x2 (debt=0 eff=665 < 1000)
[14:42:57] t=2822 jev INF E2 HOLD (预算保护 gate=False e2=10)
[14:42:57] t=2822 jev VEH DRON HOLD (预算保护 cash=665 aav帽=ok aav=0)
[14:42:58] t=2825 AA HTK x2 (enemy air, alive 0)
[14:42:58] t=2825 DEBT-GATE HTK x2 (debt=0 eff=665 < 1000)
[14:42:59] t=2825 jev INF E2 HOLD (预算保护 gate=False e2=10)
[14:42:59] t=2825 jev VEH HTK HOLD (预算保护 cash=665 aav帽=ok aav=0)
[14:43:00] t=2827 HARASS DRON x2 (have 0)
[14:43:00] {"kind": "action", "what": "produce", "name": "DRON", "qty": 2, "tid": null, "ts": "14:43:00"}
[14:43:01] t=2827 jev INF E2 (conf 0.31)
[14:43:01] {"kind": "action", "what": "produce", "name": "E2", "qty": 1, "tid": null, "ts": "14:43:01"}
[14:43:01] t=2827 MOVE hold_b x5 -> (126,75)
[14:43:01] {"kind": "action", "what": "attack_move", "name": null, "qty": null, "tid": null, "ts": "14:43:01"}
[14:43:05] t=2833 MOVE raid x1 -> (84,73); assault x1 -> (137,82); t=2833 SIEGE STAGING x1/8 (攒兵团, 齐冲再上)
[14:43:05] {"kind": "action", "what": "attack_move", "name": null, "qty": null, "tid": null, "ts": "14:43:05"}
[14:43:05] {"kind": "action", "what": "attack_move", "name": null, "qty": null, "tid": null, "ts": "14:43:05"}
[14:43:05] t=2835 ESCORT 坦克#4162 -> 护航矿车@[119, 132]
[14:43:05] {"kind": "action", "what": "attack_move", "name": null, "qty": null, "tid": null, "ts": "14:43:05"}
[14:43:07] t=2835 jev BUILD NARADR HOLD (资金闸门: 坦克优先, cash=0)
[14:43:07] t=2835 jev INF E2 HOLD (预算保护 gate=False e2=11)
[14:43:07] t=2835 jev VEH HTK HOLD (预算保护 cash=0 aav帽=ok aav=0)
[14:43:07] t=2835 MOVE raid x3 -> (82,90); t=2835 AIR-EVADE assault x3 -> home (坦克打不到空中, 等AA猎杀)
[14:43:07] {"kind": "action", "what": "attack_move", "name": null, "qty": null, "tid": null, "ts": "14:43:07"}
[14:43:09] t=2838 jev INF E2 HOLD (预算保护 gate=False e2=11)
[14:43:09] t=2838 jev VEH HTK HOLD (预算保护 cash=0 aav帽=ok aav=0)
[14:43:09] t=2838 MOVE raid x3 -> (82,87); t=2838 AIR-EVADE assault x3 -> home (坦克打不到空中, 等AA猎杀)
[14:43:09] {"kind": "action", "what": "attack_move", "name": null, "qty": null, "tid": null, "ts": "14:43:09"}
[14:43:11] t=2840 jev BUILD NARADR HOLD (资金闸门: 坦克优先, cash=0)
[14:43:11] t=2840 jev INF E2 HOLD (预算保护 gate=False e2=11)
[14:43:11] t=2840 jev VEH HTK HOLD (预算保护 cash=0 aav帽=ok aav=0)
[14:43:11] t=2840 MOVE raid x3 -> (83,86); t=2840 AIR-EVADE assault x3 -> home (坦克打不到空中, 等AA猎杀)
[14:43:11] {"kind": "action", "what": "attack_move", "name": null, "qty": null, "tid": null, "ts": "14:43:11"}
[14:43:13] t=2843 jev BUILD NARADR HOLD (资金闸门: 坦克优先, cash=0)
[14:43:13] t=2843 jev INF E2 HOLD (预算保护 gate=False e2=11)
[14:43:13] t=2843 jev VEH HTK HOLD (预算保护 cash=0 aav帽=ok aav=0)
[14:43:13] t=2843 MOVE raid x3 -> (83,84); t=2843 AIR-EVADE assault x3 -> home (坦克打不到空中, 等AA猎杀)
[14:43:13] {"kind": "action", "what": "attack_move", "name": null, "qty": null, "tid": null, "ts": "14:43:13"}
[14:43:15] t=2846 jev BUILD NARADR HOLD (资金闸门: 坦克优先, cash=0)
[14:43:15] t=2846 jev INF E2 HOLD (预算保护 gate=False e2=11)
[14:43:15] t=2846 jev VEH HTK HOLD (预算保护 cash=0 aav帽=ok aav=0)
[14:43:15] t=2846 MOVE raid x3 -> (83,82); t=2846 SIEGE STAGING x3/8 (攒兵团, 齐冲再上)
[14:43:15] {"kind": "action", "what": "attack_move", "name": null, "qty": null, "tid": null, "ts": "14:43:15"}
[14:43:15] t=2848 ALARM unit lost -> TURTLE (13 v 21, 守塔阵不打野战)
[14:43:15] {"kind": "action", "what": "attack_move", "name": null, "qty": null, "tid": null, "ts": "14:43:15"}
[14:43:17] t=2848 jev INF E2 HOLD (预算保护 gate=False e2=11)
[14:43:17] t=2848 jev VEH HTK HOLD (预算保护 cash=0 aav帽=ok aav=0)
[14:43:19] t=2851 jev INF E2 HOLD (预算保护 gate=False e2=11)
[14:43:19] t=2851 jev VEH HTK HOLD (预算保护 cash=0 aav帽=ok aav=0)
[14:43:21] t=2853 jev INF E2 HOLD (预算保护 gate=False e2=11)
[14:43:21] t=2853 jev VEH HTK HOLD (预算保护 cash=0 aav帽=ok aav=0)
[14:43:22] t=2856 jev INF E2 HOLD (预算保护 gate=False e2=11)
[14:43:22] t=2856 jev VEH HTK HOLD (预算保护 cash=0 aav帽=ok aav=0)
[14:43:24] t=2858 jev INF E2 HOLD (预算保护 gate=False e2=11)
[14:43:24] t=2858 jev VEH HTK HOLD (预算保护 cash=0 aav帽=ok aav=0)
[14:43:24] t=2858 MOVE raid x2 -> (83,72); assault x2 -> (137,82); t=2858 SIEGE STAGING x2/8 (攒兵团, 齐冲再上)
[14:43:24] {"kind": "action", "what": "attack_move", "name": null, "qty": null, "tid": null, "ts": "14:43:24"}
[14:43:24] {"kind": "action", "what": "attack_move", "name": null, "qty": null, "tid": null, "ts": "14:43:24"}
[14:43:26] t=2861 jev INF E2 HOLD (预算保护 gate=False e2=11)
[14:43:26] t=2861 jev VEH HTK HOLD (预算保护 cash=0 aav帽=ok aav=0)
[14:43:26] t=2861 MOVE raid x3 -> (79,103); t=2861 SIEGE STAGING x3/8 (攒兵团, 齐冲再上)
[14:43:26] {"kind": "action", "what": "attack_move", "name": null, "qty": null, "tid": null, "ts": "14:43:26"}
[14:43:28] t=2863 jev INF E2 HOLD (预算保护 gate=False e2=11)
[14:43:28] t=2863 jev VEH HTK HOLD (预算保护 cash=0 aav帽=ok aav=0)
[14:43:28] t=2863 MOVE raid x3 -> (81,101); t=2863 SIEGE STAGING x3/8 (攒兵团, 齐冲再上)
[14:43:28] {"kind": "action", "what": "attack_move", "name": null, "qty": null, "tid": null, "ts": "14:43:28"}
[14:43:30] t=2866 jev INF E2 HOLD (预算保护 gate=False e2=11)
[14:43:30] t=2866 jev VEH HTK HOLD (预算保护 cash=0 aav帽=ok aav=0)
[14:43:30] t=2866 MOVE raid x3 -> (82,100); t=2866 SIEGE STAGING x3/8 (攒兵团, 齐冲再上)
[14:43:30] {"kind": "action", "what": "attack_move", "name": null, "qty": null, "tid": null, "ts": "14:43:30"}
[14:43:30] t=2869 ALARM unit lost -> TURTLE (14 v 20, 守塔阵不打野战)
[14:43:30] {"kind": "action", "what": "attack_move", "name": null, "qty": null, "tid": null, "ts": "14:43:30"}
[14:43:32] t=2869 jev INF E2 HOLD (预算保护 gate=False e2=11)
[14:43:32] t=2869 jev VEH HTK HOLD (预算保护 cash=0 aav帽=ok aav=0)
[14:43:34] t=2871 jev INF E2 HOLD (预算保护 gate=False e2=11)
[14:43:34] t=2871 jev VEH HTK HOLD (预算保护 cash=0 aav帽=ok aav=0)
[14:43:36] t=2874 jev INF E2 HOLD (预算保护 gate=False e2=11)
[14:43:36] t=2874 jev VEH HTK HOLD (预算保护 cash=0 aav帽=ok aav=0)
[14:43:38] t=2876 jev BUILD NARADR HOLD (资金闸门: 坦克优先, cash=0)
[14:43:38] t=2876 jev INF E2 HOLD (预算保护 gate=False e2=11)
[14:43:38] t=2876 tick#1175 credits=0 stance=defend | jev 1175 decisions p50=1614ms
[14:43:40] t=2879 jev INF E2 HOLD (预算保护 gate=False e2=11)
[14:43:40] t=2879 MOVE raid x3 -> (76,123); assault x3 -> (137,82); t=2879 SIEGE STAGING x3/8 (攒兵团, 齐冲再上)
[14:43:40] {"kind": "action", "what": "attack_move", "name": null, "qty": null, "tid": null, "ts": "14:43:40"}
[14:43:40] {"kind": "action", "what": "attack_move", "name": null, "qty": null, "tid": null, "ts": "14:43:40"}
[14:43:41] t=2881 jev INF E2 HOLD (预算保护 gate=False e2=11)
[14:43:41] t=2881 jev VEH HTK HOLD (预算保护 cash=0 aav帽=ok aav=0)
[14:43:42] t=2884 ALARM unit lost -> TURTLE (11 v 19, 守塔阵不打野战)
[14:43:42] {"kind": "action", "what": "attack_move", "name": null, "qty": null, "tid": null, "ts": "14:43:42"}
[14:43:43] t=2884 jev INF E2 HOLD (预算保护 gate=False e2=11)
[14:43:43] t=2884 jev VEH HTK HOLD (预算保护 cash=0 aav帽=ok aav=0)
[14:43:45] t=2886 jev INF E2 HOLD (预算保护 gate=False e2=11)
[14:43:45] t=2886 jev VEH HTK HOLD (预算保护 cash=0 aav帽=ok aav=0)
[14:43:45] t=2888 AA HTK x2 (enemy air, alive 0)
[14:43:45] t=2888 DEBT-GATE HTK x2 (debt=0 eff=575 < 1000)
[14:43:47] t=2888 jev INF E2 HOLD (预算保护 gate=False e2=11)
[14:43:47] t=2888 jev VEH HTK HOLD (预算保护 cash=575 aav帽=ok aav=0)
[14:43:47] t=2891 AA HTK x2 (enemy air, alive 0)
[14:43:47] t=2891 DEBT-GATE HTK x2 (debt=0 eff=575 < 1000)
[14:43:49] t=2891 jev INF E2 HOLD (预算保护 gate=False e2=11)
[14:43:49] t=2891 jev VEH HTK HOLD (预算保护 cash=575 aav帽=ok aav=0)
[14:43:49] t=2893 AA HTK x2 (enemy air, alive 0)
[14:43:49] t=2893 DEBT-GATE HTK x2 (debt=0 eff=575 < 1000)
[14:43:51] t=2893 jev INF E2 HOLD (预算保护 gate=False e2=11)
[14:43:51] t=2893 jev VEH HTK HOLD (预算保护 cash=575 aav帽=ok aav=0)
[14:43:51] t=2896 ECON harv#5
[14:43:51] {"kind": "action", "what": "produce", "name": "HARV", "qty": 1, "tid": null, "ts": "14:43:51"}
[14:43:53] t=2896 jev INF E2 (conf 0.26)
[14:43:53] {"kind": "action", "what": "produce", "name": "E2", "qty": 1, "tid": null, "ts": "14:43:53"}
[14:43:53] t=2896 MOVE hold_a x6 -> (133,86)
[14:43:53] {"kind": "action", "what": "attack_move", "name": null, "qty": null, "tid": null, "ts": "14:43:53"}
[14:44:02] t=2908 MOVE hold_b x5 -> (126,75)
[14:44:02] {"kind": "action", "what": "attack_move", "name": null, "qty": null, "tid": null, "ts": "14:44:02"}
[14:44:04] t=2911 jev VEH HTK HOLD (预算保护 cash=360 aav帽=ok aav=0)
[14:44:04] t=2913 AA HTK x2 (enemy air, alive 0)
[14:44:04] t=2913 DEBT-GATE HTK x2 (debt=0 eff=510 < 1000)
[14:44:06] t=2913 jev VEH HTK HOLD (预算保护 cash=510 aav帽=ok aav=0)
[14:44:06] t=2916 AA HTK x2 (enemy air, alive 0)
[14:44:06] t=2916 DEBT-GATE HTK x2 (debt=0 eff=510 < 1000)
[14:44:07] t=2916 jev INF E2 HOLD (预算保护 gate=False e2=12)
[14:44:07] t=2916 jev VEH HTK HOLD (预算保护 cash=510 aav帽=ok aav=0)
[14:44:08] t=2918 AA HTK x2 (enemy air, alive 0)
[14:44:08] t=2918 DEBT-GATE HTK x2 (debt=0 eff=510 < 1000)
[14:44:09] t=2918 jev INF E2 HOLD (预算保护 gate=False e2=12)
[14:44:09] t=2918 jev VEH HTK HOLD (预算保护 cash=510 aav帽=ok aav=0)
[14:44:09] t=2921 AA HTK x2 (enemy air, alive 0)
[14:44:09] t=2921 DEBT-GATE HTK x2 (debt=0 eff=510 < 1000)
[14:44:11] t=2921 jev INF E2 HOLD (预算保护 gate=False e2=12)
[14:44:11] t=2921 jev VEH HTK HOLD (预算保护 cash=510 aav帽=ok aav=0)
[14:44:11] t=2923 AA HTK x2 (enemy air, alive 0)
[14:44:11] t=2923 DEBT-GATE HTK x2 (debt=0 eff=510 < 1000)
[14:44:13] t=2923 jev INF E2 HOLD (预算保护 gate=False e2=12)
[14:44:13] t=2923 jev VEH HTK HOLD (预算保护 cash=510 aav帽=ok aav=0)
[14:44:13] t=2925 AA HTK x2 (enemy air, alive 0)
[14:44:13] t=2925 DEBT-GATE HTK x2 (debt=0 eff=510 < 1000)
[14:44:15] t=2925 jev INF E2 HOLD (预算保护 gate=False e2=12)
[14:44:15] t=2925 jev VEH HTK HOLD (预算保护 cash=510 aav帽=ok aav=0)
[14:44:15] t=2928 AA HTK x2 (enemy air, alive 0)
[14:44:15] t=2928 DEBT-GATE HTK x2 (debt=0 eff=510 < 1000)
[14:44:17] t=2928 jev INF E2 HOLD (预算保护 gate=False e2=12)
[14:44:17] t=2928 jev VEH HTK HOLD (预算保护 cash=510 aav帽=ok aav=0)
[14:44:17] t=2930 AA HTK x2 (enemy air, alive 0)
[14:44:17] t=2930 DEBT-GATE HTK x2 (debt=0 eff=510 < 1000)
[14:44:18] t=2930 jev INF E2 HOLD (预算保护 gate=False e2=12)
[14:44:18] t=2930 jev VEH HTK HOLD (预算保护 cash=510 aav帽=ok aav=0)
[14:44:19] t=2933 AA HTK x2 (enemy air, alive 0)
[14:44:19] t=2933 DEBT-GATE HTK x2 (debt=0 eff=510 < 1000)
[14:44:20] t=2933 jev INF E2 HOLD (预算保护 gate=False e2=12)
[14:44:20] t=2933 jev VEH HTK HOLD (预算保护 cash=510 aav帽=ok aav=0)
[14:44:20] t=2935 AA HTK x2 (enemy air, alive 0)
[14:44:20] t=2935 DEBT-GATE HTK x2 (debt=0 eff=510 < 1000)
[14:44:22] t=2935 jev INF E2 HOLD (预算保护 gate=False e2=12)
[14:44:22] t=2935 jev VEH HTK HOLD (预算保护 cash=510 aav帽=ok aav=0)
[14:44:22] t=2938 AA HTK x2 (enemy air, alive 0)
[14:44:22] t=2938 DEBT-GATE HTK x2 (debt=0 eff=510 < 1000)
[14:44:24] t=2938 jev INF E2 HOLD (预算保护 gate=False e2=12)
[14:44:24] t=2938 jev VEH HTK HOLD (预算保护 cash=510 aav帽=ok aav=0)
[14:44:24] t=2938 tick#1200 credits=510 stance=defend | jev 1200 decisions p50=1613ms
[14:44:24] t=2940 AA HTK x2 (enemy air, alive 0)
[14:44:24] t=2940 DEBT-GATE HTK x2 (debt=0 eff=510 < 1000)
[14:44:26] t=2940 jev INF E2 HOLD (预算保护 gate=False e2=12)
[14:44:26] t=2940 jev VEH HTK HOLD (预算保护 cash=510 aav帽=ok aav=0)
[14:44:26] t=2943 AA HTK x2 (enemy air, alive 0)
[14:44:26] t=2943 DEBT-GATE HTK x2 (debt=0 eff=510 < 1000)
[14:44:28] t=2943 jev INF E2 HOLD (预算保护 gate=False e2=12)
[14:44:28] t=2943 jev VEH HTK HOLD (预算保护 cash=510 aav帽=ok aav=0)
[14:44:28] t=2945 AA HTK x2 (enemy air, alive 0)
[14:44:28] t=2945 DEBT-GATE HTK x2 (debt=0 eff=510 < 1000)
[14:44:29] t=2945 jev INF E2 HOLD (预算保护 gate=False e2=12)
[14:44:29] t=2945 jev VEH HTK HOLD (预算保护 cash=510 aav帽=ok aav=0)
[14:44:30] t=2948 AA HTK x2 (enemy air, alive 0)
[14:44:30] t=2948 DEBT-GATE HTK x2 (debt=0 eff=510 < 1000)
[14:44:31] t=2948 jev INF E2 HOLD (预算保护 gate=False e2=12)
[14:44:31] t=2948 jev VEH HTK HOLD (预算保护 cash=510 aav帽=ok aav=0)
[14:44:32] t=2950 AA HTK x2 (enemy air, alive 0)
[14:44:32] t=2950 DEBT-GATE HTK x2 (debt=0 eff=510 < 1000)
[14:44:33] t=2950 jev INF E2 HOLD (预算保护 gate=False e2=12)
[14:44:33] t=2950 jev VEH HTK HOLD (预算保护 cash=510 aav帽=ok aav=0)
[14:44:33] t=2952 AA HTK x2 (enemy air, alive 0)
[14:44:33] t=2952 DEBT-GATE HTK x2 (debt=0 eff=510 < 1000)
[14:44:35] t=2952 jev INF E2 HOLD (预算保护 gate=False e2=12)
[14:44:35] t=2952 jev VEH HTK HOLD (预算保护 cash=510 aav帽=ok aav=0)
[14:44:35] t=2955 AA HTK x2 (enemy air, alive 0)
[14:44:35] t=2955 DEBT-GATE HTK x2 (debt=0 eff=510 < 1000)
[14:44:37] t=2955 jev INF E2 HOLD (预算保护 gate=False e2=12)
[14:44:37] t=2955 jev VEH HTK HOLD (预算保护 cash=510 aav帽=ok aav=0)
[14:44:37] t=2957 AA HTK x2 (enemy air, alive 0)
[14:44:37] t=2957 DEBT-GATE HTK x2 (debt=0 eff=510 < 1000)
[14:44:39] t=2957 jev INF E2 HOLD (预算保护 gate=False e2=12)
[14:44:39] t=2957 jev VEH HTK HOLD (预算保护 cash=510 aav帽=ok aav=0)
[14:44:39] t=2960 AA HTK x2 (enemy air, alive 0)
[14:44:39] t=2960 DEBT-GATE HTK x2 (debt=0 eff=510 < 1000)
[14:44:41] t=2960 jev INF E2 HOLD (预算保护 gate=False e2=12)
[14:44:41] t=2960 jev VEH HTK HOLD (预算保护 cash=510 aav帽=ok aav=0)
[14:44:41] t=2962 AA HTK x2 (enemy air, alive 0)
[14:44:41] t=2962 DEBT-GATE HTK x2 (debt=0 eff=510 < 1000)
[14:44:42] t=2962 jev INF E2 HOLD (预算保护 gate=False e2=12)
[14:44:42] t=2962 jev VEH HTK HOLD (预算保护 cash=510 aav帽=ok aav=0)
[14:44:43] t=2965 AA HTK x2 (enemy air, alive 0)
[14:44:43] t=2965 DEBT-GATE HTK x2 (debt=0 eff=510 < 1000)
[14:44:44] t=2965 jev INF E2 HOLD (预算保护 gate=False e2=12)
[14:44:44] t=2965 jev VEH HTK HOLD (预算保护 cash=510 aav帽=ok aav=0)
[14:44:45] t=2967 AA HTK x2 (enemy air, alive 0)
[14:44:45] t=2967 DEBT-GATE HTK x2 (debt=0 eff=510 < 1000)
[14:44:46] t=2967 jev INF E2 HOLD (预算保护 gate=False e2=12)
[14:44:46] t=2967 jev VEH HTK HOLD (预算保护 cash=510 aav帽=ok aav=0)
[14:44:46] t=2970 AA HTK x2 (enemy air, alive 0)
[14:44:46] t=2970 DEBT-GATE HTK x2 (debt=0 eff=510 < 1000)
[14:44:48] t=2970 jev INF E2 HOLD (预算保护 gate=False e2=12)
[14:44:48] t=2970 jev VEH HTK HOLD (预算保护 cash=510 aav帽=ok aav=0)
[14:44:48] t=2972 AA HTK x2 (enemy air, alive 0)
[14:44:48] t=2972 DEBT-GATE HTK x2 (debt=0 eff=510 < 1000)
[14:44:50] t=2972 jev INF E2 HOLD (预算保护 gate=False e2=12)
[14:44:50] t=2972 jev VEH HTK HOLD (预算保护 cash=510 aav帽=ok aav=0)
[14:44:50] t=2975 AA HTK x2 (enemy air, alive 0)
[14:44:50] t=2975 DEBT-GATE HTK x2 (debt=0 eff=510 < 1000)
[14:44:52] t=2975 jev INF E2 HOLD (预算保护 gate=False e2=12)
[14:44:52] t=2975 jev VEH HTK HOLD (预算保护 cash=510 aav帽=ok aav=0)
[14:44:52] t=2977 AA HTK x2 (enemy air, alive 0)
[14:44:52] t=2977 DEBT-GATE HTK x2 (debt=0 eff=510 < 1000)
[14:44:53] t=2977 jev INF E2 HOLD (预算保护 gate=False e2=12)
[14:44:53] t=2977 jev VEH HTK HOLD (预算保护 cash=510 aav帽=ok aav=0)
[14:44:53] t=2977 MOVE hold_a x6 -> (133,86)
[14:44:53] {"kind": "action", "what": "attack_move", "name": null, "qty": null, "tid": null, "ts": "14:44:53"}
[14:44:54] t=2980 AA HTK x2 (enemy air, alive 0)
[14:44:54] t=2980 DEBT-GATE HTK x2 (debt=0 eff=510 < 1000)
[14:44:55] t=2980 jev INF E2 HOLD (预算保护 gate=False e2=12)
[14:44:55] t=2980 jev VEH HTK HOLD (预算保护 cash=510 aav帽=ok aav=0)
[14:44:56] t=2982 AA HTK x2 (enemy air, alive 0)
[14:44:56] t=2982 DEBT-GATE HTK x2 (debt=0 eff=510 < 1000)
[14:44:57] t=2982 jev INF E2 HOLD (预算保护 gate=False e2=12)
[14:44:57] t=2982 jev VEH HTK HOLD (预算保护 cash=510 aav帽=ok aav=0)
[14:44:57] t=2984 AA HTK x2 (enemy air, alive 0)
[14:44:57] t=2984 DEBT-GATE HTK x2 (debt=0 eff=510 < 1000)
[14:44:59] t=2984 jev INF E2 HOLD (预算保护 gate=False e2=12)
[14:44:59] t=2984 jev VEH HTK HOLD (预算保护 cash=510 aav帽=ok aav=0)
[14:44:59] t=2987 AA HTK x2 (enemy air, alive 0)
[14:44:59] t=2987 DEBT-GATE HTK x2 (debt=0 eff=510 < 1000)
[14:45:01] t=2987 jev INF E2 HOLD (预算保护 gate=False e2=12)
[14:45:01] t=2987 jev VEH HTK HOLD (预算保护 cash=510 aav帽=ok aav=0)
[14:45:01] t=2989 AA HTK x2 (enemy air, alive 0)
[14:45:01] t=2989 DEBT-GATE HTK x2 (debt=0 eff=510 < 1000)
[14:45:03] t=2989 jev INF E2 HOLD (预算保护 gate=False e2=12)
[14:45:03] t=2989 jev VEH HTK HOLD (预算保护 cash=510 aav帽=ok aav=0)
[14:45:03] t=2989 MOVE hold_b x6 -> (126,75)
[14:45:03] {"kind": "action", "what": "attack_move", "name": null, "qty": null, "tid": null, "ts": "14:45:03"}
[14:45:03] t=2992 AA HTK x2 (enemy air, alive 0)
[14:45:03] t=2992 DEBT-GATE HTK x2 (debt=0 eff=510 < 1000)
[14:45:05] t=2992 jev INF E2 HOLD (预算保护 gate=False e2=12)
[14:45:05] t=2992 jev VEH HTK HOLD (预算保护 cash=510 aav帽=ok aav=0)
[14:45:05] t=2994 AA HTK x2 (enemy air, alive 0)
[14:45:05] t=2994 DEBT-GATE HTK x2 (debt=0 eff=510 < 1000)
[14:45:06] t=2994 jev INF E2 HOLD (预算保护 gate=False e2=12)
[14:45:06] t=2994 jev VEH HTK HOLD (预算保护 cash=510 aav帽=ok aav=0)
[14:45:07] t=2997 AA HTK x2 (enemy air, alive 0)
[14:45:07] t=2997 DEBT-GATE HTK x2 (debt=0 eff=510 < 1000)
[14:45:08] t=2997 jev INF E2 HOLD (预算保护 gate=False e2=12)
[14:45:08] t=2997 jev VEH HTK HOLD (预算保护 cash=510 aav帽=ok aav=0)
[14:45:09] t=2999 ALARM unit lost -> TURTLE (12 v 20, 守塔阵不打野战)
[14:45:09] {"kind": "action", "what": "attack_move", "name": null, "qty": null, "tid": null, "ts": "14:45:09"}
[14:45:09] t=2999 AA HTK x2 (enemy air, alive 0)
[14:45:09] t=2999 DEBT-GATE HTK x2 (debt=0 eff=510 < 1000)
[14:45:10] t=2999 jev INF E2 HOLD (预算保护 gate=False e2=12)
[14:45:10] t=2999 jev VEH HTK HOLD (预算保护 cash=510 aav帽=ok aav=0)
[14:45:10] t=2999 tick#1225 credits=510 stance=defend | jev 1225 decisions p50=1610ms
[14:45:11] t=3002 AA HTK x2 (enemy air, alive 0)
[14:45:11] t=3002 DEBT-GATE HTK x2 (debt=0 eff=510 < 1000)
[14:45:12] t=3002 jev INF E2 HOLD (预算保护 gate=False e2=12)
[14:45:12] t=3002 jev VEH HTK HOLD (预算保护 cash=510 aav帽=ok aav=0)
[14:45:12] t=3004 AA HTK x2 (enemy air, alive 0)
[14:45:12] t=3004 DEBT-GATE HTK x2 (debt=0 eff=585 < 1000)
[14:45:14] t=3004 jev BUILD NARADR HOLD (资金闸门: 坦克优先, cash=585)
[14:45:14] t=3004 jev INF E2 HOLD (预算保护 gate=False e2=12)
[14:45:14] t=3004 jev VEH HTK HOLD (预算保护 cash=585 aav帽=ok aav=0)
[14:45:14] t=3007 AA HTK x2 (enemy air, alive 0)
[14:45:14] t=3007 DEBT-GATE HTK x2 (debt=0 eff=585 < 1000)
[14:45:16] t=3007 jev BUILD NARADR HOLD (资金闸门: 坦克优先, cash=585)
[14:45:16] t=3007 jev INF E2 HOLD (预算保护 gate=False e2=12)
[14:45:16] t=3007 jev VEH HTK HOLD (预算保护 cash=585 aav帽=ok aav=0)
[14:45:16] t=3009 AA HTK x2 (enemy air, alive 0)
[14:45:16] t=3009 DEBT-GATE HTK x2 (debt=0 eff=585 < 1000)
[14:45:18] t=3009 jev INF E2 HOLD (预算保护 gate=False e2=12)
[14:45:18] t=3009 jev VEH HTK HOLD (预算保护 cash=585 aav帽=ok aav=0)
[14:45:18] t=3012 AA HTK x2 (enemy air, alive 0)
[14:45:18] t=3012 DEBT-GATE HTK x2 (debt=0 eff=585 < 1000)
[14:45:19] t=3012 jev BUILD NARADR HOLD (资金闸门: 坦克优先, cash=585)
[14:45:19] t=3012 jev INF E2 HOLD (预算保护 gate=False e2=12)
[14:45:19] t=3012 jev VEH HTK HOLD (预算保护 cash=585 aav帽=ok aav=0)
[14:45:20] t=3014 AA HTK x2 (enemy air, alive 0)
[14:45:20] t=3014 DEBT-GATE HTK x2 (debt=0 eff=585 < 1000)
[14:45:21] t=3014 jev INF E2 HOLD (预算保护 gate=False e2=12)
[14:45:21] t=3014 jev VEH HTK HOLD (预算保护 cash=585 aav帽=ok aav=0)
[14:45:22] t=3017 AA HTK x2 (enemy air, alive 0)
[14:45:22] t=3017 DEBT-GATE HTK x2 (debt=0 eff=585 < 1000)
[14:45:23] t=3017 jev INF E2 HOLD (预算保护 gate=False e2=12)
[14:45:23] t=3017 jev VEH HTK HOLD (预算保护 cash=585 aav帽=ok aav=0)
[14:45:23] t=3019 AA HTK x2 (enemy air, alive 0)
[14:45:23] t=3019 DEBT-GATE HTK x2 (debt=0 eff=585 < 1000)
[14:45:25] t=3019 jev INF E2 HOLD (预算保护 gate=False e2=12)
[14:45:25] t=3019 jev VEH HTK HOLD (预算保护 cash=585 aav帽=ok aav=0)
[14:45:25] t=3022 AA HTK x2 (enemy air, alive 0)
[14:45:25] t=3022 DEBT-GATE HTK x2 (debt=0 eff=585 < 1000)
[14:45:27] t=3022 jev INF E2 HOLD (预算保护 gate=False e2=12)
[14:45:27] t=3022 jev VEH HTK HOLD (预算保护 cash=585 aav帽=ok aav=0)
[14:45:27] t=3024 AA HTK x2 (enemy air, alive 0)
[14:45:27] t=3024 DEBT-GATE HTK x2 (debt=0 eff=585 < 1000)
[14:45:29] t=3024 jev INF E2 HOLD (预算保护 gate=False e2=12)
[14:45:29] t=3024 jev VEH HTK HOLD (预算保护 cash=585 aav帽=ok aav=0)
[14:45:29] t=3027 AA HTK x2 (enemy air, alive 0)
[14:45:29] t=3027 DEBT-GATE HTK x2 (debt=0 eff=585 < 1000)
[14:45:31] t=3027 jev INF E2 HOLD (预算保护 gate=False e2=12)
[14:45:31] t=3027 jev VEH HTK HOLD (预算保护 cash=585 aav帽=ok aav=0)
[14:45:31] t=3029 HARASS DRON x2 (have 0)
[14:45:31] {"kind": "action", "what": "produce", "name": "DRON", "qty": 2, "tid": null, "ts": "14:45:31"}
[14:45:33] t=3029 jev INF E2 (conf 0.25)
[14:45:33] t=3029 DEBT-GATE E2 x1 (debt=800 eff=85 < 90)
[14:45:35] t=3032 jev INF E2 HOLD (预算保护 gate=False e2=12)
[14:45:36] t=3034 jev INF E2 HOLD (预算保护 gate=False e2=12)
[14:45:36] t=3034 MOVE raid x1 -> (76,123); assault x1 -> (137,82); t=3034 SIEGE STAGING x1/8 (攒兵团, 齐冲再上)
[14:45:36] {"kind": "action", "what": "attack_move", "name": null, "qty": null, "tid": null, "ts": "14:45:36"}
[14:45:37] {"kind": "action", "what": "attack_move", "name": null, "qty": null, "tid": null, "ts": "14:45:37"}
[14:45:38] t=3037 jev BUILD NARADR HOLD (资金闸门: 坦克优先, cash=85)
[14:45:38] t=3037 jev INF E2 HOLD (预算保护 gate=False e2=12)
[14:45:38] t=3037 jev VEH HTK HOLD (预算保护 cash=85 aav帽=ok aav=0)
[14:45:40] t=3040 jev BUILD NARADR HOLD (资金闸门: 坦克优先, cash=85)
[14:45:40] t=3040 jev INF E2 HOLD (预算保护 gate=False e2=12)
[14:45:40] t=3040 jev VEH HTK HOLD (预算保护 cash=85 aav帽=ok aav=0)
[14:45:42] t=3042 jev BUILD NARADR HOLD (资金闸门: 坦克优先, cash=85)
[14:45:42] t=3042 jev INF E2 HOLD (预算保护 gate=False e2=12)
[14:45:42] t=3042 jev VEH HTK HOLD (预算保护 cash=85 aav帽=ok aav=0)
[14:45:44] t=3045 jev BUILD NARADR HOLD (资金闸门: 坦克优先, cash=85)
[14:45:44] t=3045 jev INF E2 HOLD (预算保护 gate=False e2=12)
[14:45:44] t=3045 jev VEH HTK HOLD (预算保护 cash=85 aav帽=ok aav=0)
[14:45:46] t=3047 jev BUILD NARADR HOLD (资金闸门: 坦克优先, cash=85)
[14:45:46] t=3047 jev INF E2 HOLD (预算保护 gate=False e2=12)
[14:45:46] t=3047 jev VEH HTK HOLD (预算保护 cash=85 aav帽=ok aav=0)
[14:45:48] t=3050 jev BUILD NARADR HOLD (资金闸门: 坦克优先, cash=85)
[14:45:48] t=3050 jev INF E2 HOLD (预算保护 gate=False e2=12)
[14:45:48] t=3050 jev VEH HTK HOLD (预算保护 cash=85 aav帽=ok aav=0)
[14:45:50] t=3052 jev BUILD NARADR HOLD (资金闸门: 坦克优先, cash=85)
[14:45:50] t=3052 jev INF E2 HOLD (预算保护 gate=False e2=12)
[14:45:50] t=3052 jev VEH HTK HOLD (预算保护 cash=85 aav帽=ok aav=0)
[14:45:50] t=3052 MOVE assault x2 -> (137,82); t=3052 SIEGE STAGING x2/8 (攒兵团, 齐冲再上)
[14:45:50] {"kind": "action", "what": "attack_move", "name": null, "qty": null, "tid": null, "ts": "14:45:50"}
[14:45:52] t=3055 jev BUILD NARADR HOLD (资金闸门: 坦克优先, cash=85)
[14:45:52] t=3055 jev INF E2 HOLD (预算保护 gate=False e2=12)
[14:45:52] t=3055 jev VEH HTK HOLD (预算保护 cash=85 aav帽=ok aav=0)
[14:45:54] t=3057 jev BUILD NARADR HOLD (资金闸门: 坦克优先, cash=85)
[14:45:54] t=3057 jev INF E2 HOLD (预算保护 gate=False e2=12)
[14:45:54] t=3057 jev VEH HTK HOLD (预算保护 cash=85 aav帽=ok aav=0)
[14:45:54] t=3057 MOVE t=3057 SIEGE STAGING x2/8 (攒兵团, 齐冲再上); hold_a x6 -> (133,86)
[14:45:54] {"kind": "action", "what": "attack_move", "name": null, "qty": null, "tid": null, "ts": "14:45:54"}
[14:45:56] t=3060 jev BUILD NARADR HOLD (资金闸门: 坦克优先, cash=85)
[14:45:56] t=3060 jev INF E2 HOLD (预算保护 gate=False e2=12)
[14:45:56] t=3060 jev VEH HTK HOLD (预算保护 cash=85 aav帽=ok aav=0)
[14:45:57] t=3062 jev BUILD NARADR HOLD (资金闸门: 坦克优先, cash=85)
[14:45:57] t=3062 jev INF E2 HOLD (预算保护 gate=False e2=12)
[14:45:57] t=3062 jev VEH HTK HOLD (预算保护 cash=85 aav帽=ok aav=0)
[14:45:57] t=3062 MOVE raid x2 -> (76,123); t=3062 SIEGE STAGING x2/8 (攒兵团, 齐冲再上)
[14:45:57] {"kind": "action", "what": "attack_move", "name": null, "qty": null, "tid": null, "ts": "14:45:57"}
[14:45:57] t=3062 tick#1250 credits=85 stance=defend | jev 1250 decisions p50=1609ms
[14:45:59] t=3065 jev BUILD NARADR HOLD (资金闸门: 坦克优先, cash=85)
[14:45:59] t=3065 jev INF E2 HOLD (预算保护 gate=False e2=12)
[14:45:59] t=3065 jev VEH HTK HOLD (预算保护 cash=85 aav帽=ok aav=0)
[14:46:01] t=3067 jev BUILD NARADR HOLD (资金闸门: 坦克优先, cash=85)
[14:46:01] t=3067 jev INF E2 HOLD (预算保护 gate=False e2=12)
[14:46:01] t=3067 jev VEH HTK HOLD (预算保护 cash=85 aav帽=ok aav=0)
[14:46:03] t=3070 jev BUILD NARADR HOLD (资金闸门: 坦克优先, cash=85)
[14:46:03] t=3070 jev INF E2 HOLD (预算保护 gate=False e2=12)
[14:46:03] t=3070 jev VEH HTK HOLD (预算保护 cash=85 aav帽=ok aav=0)
[14:46:03] t=3070 MOVE assault x2 -> (137,82); t=3070 SIEGE STAGING x2/8 (攒兵团, 齐冲再上); hold_b x6 -> (126,75)
[14:46:03] {"kind": "action", "what": "attack_move", "name": null, "qty": null, "tid": null, "ts": "14:46:03"}
[14:46:03] {"kind": "action", "what": "attack_move", "name": null, "qty": null, "tid": null, "ts": "14:46:03"}
[14:46:05] t=3072 jev BUILD NARADR HOLD (资金闸门: 坦克优先, cash=85)
[14:46:05] t=3072 jev INF E2 HOLD (预算保护 gate=False e2=12)
[14:46:05] t=3072 jev VEH HTK HOLD (预算保护 cash=85 aav帽=ok aav=0)
[14:46:07] t=3075 jev BUILD NARADR HOLD (资金闸门: 坦克优先, cash=85)
[14:46:07] t=3075 jev INF E2 HOLD (预算保护 gate=False e2=12)
[14:46:07] t=3075 jev VEH HTK HOLD (预算保护 cash=85 aav帽=ok aav=0)
[14:46:09] t=3077 jev BUILD NARADR HOLD (资金闸门: 坦克优先, cash=85)
[14:46:09] t=3077 jev INF E2 HOLD (预算保护 gate=False e2=12)
[14:46:09] t=3077 jev VEH HTK HOLD (预算保护 cash=85 aav帽=ok aav=0)
[14:46:11] t=3080 jev INF E2 HOLD (预算保护 gate=False e2=12)
[14:46:11] t=3080 jev VEH HTK HOLD (预算保护 cash=85 aav帽=ok aav=0)
[14:46:13] t=3083 jev BUILD NARADR HOLD (资金闸门: 坦克优先, cash=85)
[14:46:13] t=3083 jev INF E2 HOLD (预算保护 gate=False e2=12)
[14:46:13] t=3083 jev VEH HTK HOLD (预算保护 cash=85 aav帽=ok aav=0)
[14:46:14] t=3085 jev BUILD NARADR HOLD (资金闸门: 坦克优先, cash=85)
[14:46:14] t=3085 jev INF E2 HOLD (预算保护 gate=False e2=12)
[14:46:14] t=3085 jev VEH HTK HOLD (预算保护 cash=85 aav帽=ok aav=0)
[14:46:16] t=3088 jev BUILD NARADR HOLD (资金闸门: 坦克优先, cash=85)
[14:46:16] t=3088 jev INF E2 HOLD (预算保护 gate=False e2=12)
[14:46:16] t=3088 jev VEH HTK HOLD (预算保护 cash=85 aav帽=ok aav=0)
[14:46:16] t=3088 MOVE assault x2 -> (137,82); t=3088 SIEGE STAGING x2/8 (攒兵团, 齐冲再上)
[14:46:16] {"kind": "action", "what": "attack_move", "name": null, "qty": null, "tid": null, "ts": "14:46:16"}
[14:46:18] t=3090 jev BUILD NARADR HOLD (资金闸门: 坦克优先, cash=85)
[14:46:18] t=3090 jev INF E2 HOLD (预算保护 gate=False e2=12)
[14:46:18] t=3090 jev VEH HTK HOLD (预算保护 cash=85 aav帽=ok aav=0)
[14:46:18] t=3090 MOVE raid x2 -> (76,123); t=3090 SIEGE STAGING x2/8 (攒兵团, 齐冲再上)
[14:46:18] {"kind": "action", "what": "attack_move", "name": null, "qty": null, "tid": null, "ts": "14:46:18"}
[14:46:20] t=3093 jev BUILD NARADR HOLD (资金闸门: 坦克优先, cash=85)
[14:46:20] t=3093 jev INF E2 HOLD (预算保护 gate=False e2=12)
[14:46:20] t=3093 jev VEH HTK HOLD (预算保护 cash=85 aav帽=ok aav=0)
[14:46:20] t=3095 ECON harv#5
[14:46:20] {"kind": "action", "what": "produce", "name": "HARV", "qty": 1, "tid": null, "ts": "14:46:20"}
[14:46:22] t=3095 jev INF E2 (conf 0.32)
[14:46:22] t=3095 DEBT-GATE E2 x1 (debt=1400 eff=-190 < 90)
[14:46:24] t=3098 jev INF E2 (conf 0.32)
[14:46:24] {"kind": "action", "what": "produce", "name": "E2", "qty": 1, "tid": null, "ts": "14:46:24"}
[14:46:28] t=3103 jev BUILD NARADR HOLD (资金闸门: 坦克优先, cash=402)
[14:46:30] t=3105 jev BUILD NARADR HOLD (资金闸门: 坦克优先, cash=135)
[14:46:30] t=3105 jev INF E2 HOLD (预算保护 gate=False e2=13)
[14:46:30] t=3105 MOVE assault x2 -> (137,82); t=3105 SIEGE STAGING x2/8 (攒兵团, 齐冲再上)
[14:46:30] {"kind": "action", "what": "attack_move", "name": null, "qty": null, "tid": null, "ts": "14:46:30"}
[14:46:32] t=3108 jev INF E2 HOLD (预算保护 gate=False e2=13)
[14:46:33] t=3110 jev INF E2 HOLD (预算保护 gate=False e2=13)
[14:46:35] t=3113 jev INF E2 HOLD (预算保护 gate=False e2=13)
[14:46:37] t=3115 jev INF E2 HOLD (预算保护 gate=False e2=13)
[14:46:39] t=3118 jev INF E2 HOLD (预算保护 gate=False e2=13)
[14:46:39] t=3118 MOVE raid x2 -> (76,123); t=3118 SIEGE STAGING x2/8 (攒兵团, 齐冲再上)
[14:46:39] {"kind": "action", "what": "attack_move", "name": null, "qty": null, "tid": null, "ts": "14:46:39"}
[14:46:41] t=3120 jev INF E2 HOLD (预算保护 gate=False e2=13)
[14:46:43] t=3123 jev INF E2 HOLD (预算保护 gate=False e2=13)
[14:46:43] t=3123 MOVE assault x2 -> (137,82); t=3123 SIEGE STAGING x2/8 (攒兵团, 齐冲再上)
[14:46:43] {"kind": "action", "what": "attack_move", "name": null, "qty": null, "tid": null, "ts": "14:46:43"}
[14:46:45] t=3126 jev INF E2 HOLD (预算保护 gate=False e2=13)
[14:46:45] t=3126 tick#1275 credits=0 stance=defend | jev 1275 decisions p50=1609ms
[14:46:47] t=3128 jev INF E2 HOLD (预算保护 gate=False e2=13)
[14:46:49] t=3131 jev INF E2 HOLD (预算保护 gate=False e2=13)
[14:46:50] t=3133 jev INF E2 HOLD (预算保护 gate=False e2=13)
[14:46:52] t=3135 jev INF E2 HOLD (预算保护 gate=False e2=13)
[14:46:54] t=3138 jev INF E2 HOLD (预算保护 gate=False e2=13)
[14:46:54] t=3138 MOVE t=3138 SIEGE STAGING x2/8 (攒兵团, 齐冲再上); hold_a x7 -> (133,86)
[14:46:54] {"kind": "action", "what": "attack_move", "name": null, "qty": null, "tid": null, "ts": "14:46:54"}
[14:46:56] t=3140 jev INF E2 HOLD (预算保护 gate=False e2=13)
[14:46:56] t=3140 MOVE assault x2 -> (137,82); t=3140 SIEGE STAGING x2/8 (攒兵团, 齐冲再上)
[14:46:56] {"kind": "action", "what": "attack_move", "name": null, "qty": null, "tid": null, "ts": "14:46:56"}
[14:46:58] t=3143 jev INF E2 HOLD (预算保护 gate=False e2=13)
[14:47:00] t=3146 jev INF E2 HOLD (预算保护 gate=False e2=13)
[14:47:00] t=3146 MOVE raid x2 -> (76,123); t=3146 SIEGE STAGING x2/8 (攒兵团, 齐冲再上)
[14:47:00] {"kind": "action", "what": "attack_move", "name": null, "qty": null, "tid": null, "ts": "14:47:00"}
[14:47:02] t=3148 jev INF E2 HOLD (预算保护 gate=False e2=13)
[14:47:04] t=3151 jev BUILD NARADR HOLD (资金闸门: 坦克优先, cash=0)
[14:47:04] t=3151 jev INF E2 HOLD (预算保护 gate=False e2=13)
[14:47:04] t=3151 MOVE t=3151 SIEGE STAGING x2/8 (攒兵团, 齐冲再上); hold_b x6 -> (126,75)
[14:47:04] {"kind": "action", "what": "attack_move", "name": null, "qty": null, "tid": null, "ts": "14:47:04"}
[14:47:05] t=3153 jev INF E2 HOLD (预算保护 gate=False e2=13)
[14:47:07] t=3156 jev INF E2 HOLD (预算保护 gate=False e2=13)
[14:47:09] t=3158 jev INF E2 HOLD (预算保护 gate=False e2=13)
[14:47:09] t=3158 MOVE assault x2 -> (137,82); t=3158 SIEGE STAGING x2/8 (攒兵团, 齐冲再上)
[14:47:09] {"kind": "action", "what": "attack_move", "name": null, "qty": null, "tid": null, "ts": "14:47:09"}
[14:47:09] t=3161 ALARM unit lost -> TURTLE (15 v 20, 守塔阵不打野战)
[14:47:09] {"kind": "action", "what": "attack_move", "name": null, "qty": null, "tid": null, "ts": "14:47:09"}
[14:47:11] t=3161 jev BUILD NARADR HOLD (资金闸门: 坦克优先, cash=0)
[14:47:11] t=3161 jev INF E2 HOLD (预算保护 gate=False e2=13)
[14:47:13] t=3163 jev BUILD NARADR HOLD (资金闸门: 坦克优先, cash=0)
[14:47:13] t=3163 jev INF E2 HOLD (预算保护 gate=False e2=13)
[14:47:15] t=3166 jev BUILD NARADR HOLD (资金闸门: 坦克优先, cash=0)
[14:47:15] t=3166 jev INF E2 HOLD (预算保护 gate=False e2=13)
[14:47:17] t=3168 jev BUILD NARADR HOLD (资金闸门: 坦克优先, cash=0)
[14:47:17] t=3168 jev INF E2 HOLD (预算保护 gate=False e2=13)
[14:47:18] t=3170 jev BUILD NARADR HOLD (资金闸门: 坦克优先, cash=0)
[14:47:18] t=3170 jev INF E2 HOLD (预算保护 gate=False e2=13)
[14:47:20] t=3173 jev BUILD NARADR HOLD (资金闸门: 坦克优先, cash=0)
[14:47:20] t=3173 jev INF E2 HOLD (预算保护 gate=False e2=13)
[14:47:20] t=3173 MOVE raid x2 -> (76,123); t=3173 SIEGE STAGING x2/8 (攒兵团, 齐冲再上)
[14:47:20] {"kind": "action", "what": "attack_move", "name": null, "qty": null, "tid": null, "ts": "14:47:20"}
[14:47:22] t=3175 jev BUILD NARADR HOLD (资金闸门: 坦克优先, cash=0)
[14:47:22] t=3175 jev INF E2 HOLD (预算保护 gate=False e2=13)
[14:47:22] t=3175 MOVE assault x2 -> (137,82); t=3175 SIEGE STAGING x2/8 (攒兵团, 齐冲再上)
[14:47:22] {"kind": "action", "what": "attack_move", "name": null, "qty": null, "tid": null, "ts": "14:47:22"}
[14:47:24] t=3178 jev BUILD NARADR HOLD (资金闸门: 坦克优先, cash=0)
[14:47:24] t=3178 jev INF E2 HOLD (预算保护 gate=False e2=13)
[14:47:26] t=3180 jev BUILD NARADR HOLD (资金闸门: 坦克优先, cash=0)
[14:47:26] t=3180 jev INF E2 HOLD (预算保护 gate=False e2=13)
[14:47:28] t=3183 jev BUILD NARADR HOLD (资金闸门: 坦克优先, cash=0)
[14:47:28] t=3183 jev INF E2 HOLD (预算保护 gate=False e2=13)
[14:47:30] t=3185 jev BUILD NARADR HOLD (资金闸门: 坦克优先, cash=0)
[14:47:30] t=3185 jev INF E2 HOLD (预算保护 gate=False e2=13)
[14:47:32] t=3188 jev BUILD NARADR HOLD (资金闸门: 坦克优先, cash=0)
[14:47:32] t=3188 jev INF E2 HOLD (预算保护 gate=False e2=13)
[14:47:32] t=3188 tick#1300 credits=0 stance=defend | jev 1300 decisions p50=1605ms
[14:47:33] t=3190 jev BUILD NARADR HOLD (资金闸门: 坦克优先, cash=0)
[14:47:33] t=3190 jev INF E2 HOLD (预算保护 gate=False e2=13)
[14:47:35] t=3193 jev BUILD NARADR HOLD (资金闸门: 坦克优先, cash=0)
[14:47:35] t=3193 jev INF E2 HOLD (预算保护 gate=False e2=13)
[14:47:35] t=3193 MOVE assault x2 -> (137,82); t=3193 SIEGE STAGING x2/8 (攒兵团, 齐冲再上)
[14:47:35] {"kind": "action", "what": "attack_move", "name": null, "qty": null, "tid": null, "ts": "14:47:35"}
[14:47:37] t=3195 jev BUILD NARADR HOLD (资金闸门: 坦克优先, cash=0)
[14:47:37] t=3195 jev INF E2 HOLD (预算保护 gate=False e2=13)
[14:47:39] t=3198 jev BUILD NARADR HOLD (资金闸门: 坦克优先, cash=0)
[14:47:39] t=3198 jev INF E2 HOLD (预算保护 gate=False e2=13)
[14:47:41] t=3200 jev BUILD NARADR HOLD (资金闸门: 坦克优先, cash=0)
[14:47:41] t=3200 jev INF E2 HOLD (预算保护 gate=False e2=13)
[14:47:41] t=3200 MOVE raid x2 -> (76,123); t=3200 SIEGE STAGING x2/8 (攒兵团, 齐冲再上)
[14:47:41] {"kind": "action", "what": "attack_move", "name": null, "qty": null, "tid": null, "ts": "14:47:41"}
[14:47:43] t=3203 jev BUILD NARADR HOLD (资金闸门: 坦克优先, cash=0)
[14:47:43] t=3203 jev INF E2 HOLD (预算保护 gate=False e2=13)
[14:47:45] t=3205 jev BUILD NARADR HOLD (资金闸门: 坦克优先, cash=0)
[14:47:45] t=3205 jev INF E2 HOLD (预算保护 gate=False e2=13)
[14:47:46] t=3208 jev BUILD NARADR HOLD (资金闸门: 坦克优先, cash=0)
[14:47:46] t=3208 jev INF E2 HOLD (预算保护 gate=False e2=13)
[14:47:48] t=3210 jev BUILD NARADR HOLD (资金闸门: 坦克优先, cash=0)
[14:47:48] t=3210 jev INF E2 HOLD (预算保护 gate=False e2=13)
[14:47:48] t=3210 MOVE assault x2 -> (137,82); t=3210 SIEGE STAGING x2/8 (攒兵团, 齐冲再上)
[14:47:48] {"kind": "action", "what": "attack_move", "name": null, "qty": null, "tid": null, "ts": "14:47:48"}
[14:47:50] t=3213 jev BUILD NARADR HOLD (资金闸门: 坦克优先, cash=0)
[14:47:50] t=3213 jev INF E2 HOLD (预算保护 gate=False e2=13)
[14:47:52] t=3215 jev BUILD NARADR HOLD (资金闸门: 坦克优先, cash=0)
[14:47:52] t=3215 jev INF E2 HOLD (预算保护 gate=False e2=13)
[14:47:54] t=3218 jev BUILD NARADR HOLD (资金闸门: 坦克优先, cash=0)
[14:47:54] t=3218 jev INF E2 HOLD (预算保护 gate=False e2=13)
[14:47:56] t=3220 jev BUILD NARADR HOLD (资金闸门: 坦克优先, cash=0)
[14:47:56] t=3220 jev INF E2 HOLD (预算保护 gate=False e2=13)
[14:47:56] t=3220 MOVE t=3220 SIEGE STAGING x2/8 (攒兵团, 齐冲再上); hold_a x7 -> (133,86)
[14:47:56] {"kind": "action", "what": "attack_move", "name": null, "qty": null, "tid": null, "ts": "14:47:56"}
[14:47:58] t=3223 jev BUILD NARADR HOLD (资金闸门: 坦克优先, cash=0)
[14:47:58] t=3223 jev INF E2 HOLD (预算保护 gate=False e2=13)
[14:47:59] t=3225 jev BUILD NARADR HOLD (资金闸门: 坦克优先, cash=0)
[14:47:59] t=3225 jev INF E2 HOLD (预算保护 gate=False e2=13)
[14:48:01] t=3228 jev BUILD NARADR HOLD (资金闸门: 坦克优先, cash=0)
[14:48:01] t=3228 jev INF E2 HOLD (预算保护 gate=False e2=13)
[14:48:01] t=3228 MOVE raid x2 -> (76,123); assault x2 -> (137,82); t=3228 SIEGE STAGING x2/8 (攒兵团, 齐冲再上)
[14:48:01] {"kind": "action", "what": "attack_move", "name": null, "qty": null, "tid": null, "ts": "14:48:01"}
[14:48:01] {"kind": "action", "what": "attack_move", "name": null, "qty": null, "tid": null, "ts": "14:48:01"}
[14:48:03] t=3230 jev BUILD NARADR HOLD (资金闸门: 坦克优先, cash=0)
[14:48:03] t=3230 jev INF E2 HOLD (预算保护 gate=False e2=13)
[14:48:04] t=3233 AA HTK x2 (enemy air, alive 0)
[14:48:04] t=3233 DEBT-GATE HTK x2 (debt=0 eff=620 < 1000)
[14:48:05] t=3233 jev BUILD NARADR HOLD (资金闸门: 坦克优先, cash=620)
[14:48:05] t=3233 jev INF E2 HOLD (预算保护 gate=False e2=13)
[14:48:05] t=3233 jev VEH HTK HOLD (预算保护 cash=620 aav帽=ok aav=0)
[14:48:05] t=3233 MOVE t=3233 SIEGE STAGING x2/8 (攒兵团, 齐冲再上); hold_b x6 -> (126,75)
[14:48:05] {"kind": "action", "what": "attack_move", "name": null, "qty": null, "tid": null, "ts": "14:48:05"}
[14:48:05] t=3235 AA HTK x2 (enemy air, alive 0)
[14:48:05] t=3235 DEBT-GATE HTK x2 (debt=0 eff=620 < 1000)
[14:48:07] t=3235 jev BUILD NARADR HOLD (资金闸门: 坦克优先, cash=620)
[14:48:07] t=3235 jev INF E2 HOLD (预算保护 gate=False e2=13)
[14:48:07] t=3235 jev VEH HTK HOLD (预算保护 cash=620 aav帽=ok aav=0)
[14:48:07] t=3238 AA HTK x2 (enemy air, alive 0)
[14:48:07] t=3238 DEBT-GATE HTK x2 (debt=0 eff=620 < 1000)
[14:48:09] t=3238 jev BUILD NARADR HOLD (资金闸门: 坦克优先, cash=620)
[14:48:09] t=3238 jev INF E2 HOLD (预算保护 gate=False e2=13)
[14:48:09] t=3238 jev VEH HTK HOLD (预算保护 cash=620 aav帽=ok aav=0)
[14:48:09] t=3240 AA HTK x2 (enemy air, alive 0)
[14:48:09] t=3240 DEBT-GATE HTK x2 (debt=0 eff=620 < 1000)
[14:48:11] t=3240 jev BUILD NARADR HOLD (资金闸门: 坦克优先, cash=620)
[14:48:11] t=3240 jev INF E2 HOLD (预算保护 gate=False e2=13)
[14:48:11] t=3240 jev VEH HTK HOLD (预算保护 cash=620 aav帽=ok aav=0)
[14:48:11] t=3243 TANK HTNK x1
[14:48:11] {"kind": "action", "what": "produce", "name": "HTNK", "qty": 1, "tid": null, "ts": "14:48:11"}
[14:48:13] t=3243 jev BUILD NARADR HOLD (资金闸门: 坦克优先, cash=1145)
[14:48:13] t=3243 jev INF E2 (conf 0.32)
[14:48:13] {"kind": "action", "what": "produce", "name": "E2", "qty": 1, "tid": null, "ts": "14:48:13"}
[14:48:15] t=3245 jev BUILD NARADR HOLD (资金闸门: 坦克优先, cash=821)
[14:48:15] t=3245 MOVE assault x2 -> (137,82); t=3245 SIEGE STAGING x2/8 (攒兵团, 齐冲再上)
[14:48:15] {"kind": "action", "what": "attack_move", "name": null, "qty": null, "tid": null, "ts": "14:48:15"}
[14:48:17] t=3248 jev BUILD NARADR HOLD (资金闸门: 坦克优先, cash=420)
[14:48:17] t=3250 ESCORT 坦克#4377 -> 护航矿车@[113, 136]
[14:48:17] {"kind": "action", "what": "attack_move", "name": null, "qty": null, "tid": null, "ts": "14:48:17"}
[14:48:19] t=3250 jev BUILD NARADR HOLD (资金闸门: 坦克优先, cash=155)
[14:48:19] t=3250 jev INF E2 HOLD (预算保护 gate=False e2=14)
[14:48:19] t=3250 jev VEH HTK HOLD (预算保护 cash=155 aav帽=ok aav=0)
[14:48:19] t=3250 tick#1325 credits=155 stance=defend | jev 1325 decisions p50=1603ms
[14:48:21] t=3253 jev BUILD NARADR HOLD (资金闸门: 坦克优先, cash=155)
[14:48:21] t=3253 jev INF E2 HOLD (预算保护 gate=False e2=14)
[14:48:21] t=3253 jev VEH HTK HOLD (预算保护 cash=155 aav帽=ok aav=0)
[14:48:22] t=3256 jev BUILD NARADR HOLD (资金闸门: 坦克优先, cash=155)
[14:48:22] t=3256 jev INF E2 HOLD (预算保护 gate=False e2=14)
[14:48:22] t=3256 jev VEH HARV HOLD (预算保护 cash=155 aav帽=ok aav=0)
[14:48:22] t=3256 MOVE raid x2 -> (76,123); t=3256 SIEGE STAGING x3/8 (攒兵团, 齐冲再上)
[14:48:22] {"kind": "action", "what": "attack_move", "name": null, "qty": null, "tid": null, "ts": "14:48:22"}
[14:48:24] t=3258 jev BUILD NARADR HOLD (资金闸门: 坦克优先, cash=155)
[14:48:24] t=3258 jev INF E2 HOLD (预算保护 gate=False e2=14)
[14:48:24] t=3258 jev VEH HARV HOLD (预算保护 cash=155 aav帽=ok aav=0)
[14:48:26] t=3261 jev BUILD NARADR HOLD (资金闸门: 坦克优先, cash=155)
[14:48:26] t=3261 jev INF E2 HOLD (预算保护 gate=False e2=14)
[14:48:26] t=3261 jev VEH HTK HOLD (预算保护 cash=155 aav帽=ok aav=0)
[14:48:28] t=3263 jev BUILD NARADR HOLD (资金闸门: 坦克优先, cash=155)
[14:48:28] t=3263 jev INF E2 HOLD (预算保护 gate=False e2=14)
[14:48:28] t=3263 jev VEH HARV HOLD (预算保护 cash=155 aav帽=ok aav=0)
[14:48:28] t=3263 MOVE assault x3 -> (137,82); t=3263 SIEGE STAGING x3/8 (攒兵团, 齐冲再上)
[14:48:28] {"kind": "action", "what": "attack_move", "name": null, "qty": null, "tid": null, "ts": "14:48:28"}
[14:48:30] t=3266 jev BUILD NARADR HOLD (资金闸门: 坦克优先, cash=155)
[14:48:30] t=3266 jev INF E2 HOLD (预算保护 gate=False e2=14)
[14:48:30] t=3266 jev VEH HTK HOLD (预算保护 cash=155 aav帽=ok aav=0)
[14:48:32] t=3268 jev BUILD NARADR HOLD (资金闸门: 坦克优先, cash=155)
[14:48:32] t=3268 jev INF E2 HOLD (预算保护 gate=False e2=14)
[14:48:32] t=3268 jev VEH HARV HOLD (预算保护 cash=155 aav帽=ok aav=0)
[14:48:34] t=3271 jev BUILD NARADR HOLD (资金闸门: 坦克优先, cash=155)
[14:48:34] t=3271 jev INF E2 HOLD (预算保护 gate=False e2=14)
[14:48:34] t=3271 jev VEH HTK HOLD (预算保护 cash=155 aav帽=ok aav=0)
[14:48:35] t=3273 jev BUILD NARADR HOLD (资金闸门: 坦克优先, cash=155)
[14:48:35] t=3273 jev INF E2 HOLD (预算保护 gate=False e2=14)
[14:48:35] t=3273 jev VEH HARV HOLD (预算保护 cash=155 aav帽=ok aav=0)
[14:48:37] t=3276 jev BUILD NARADR HOLD (资金闸门: 坦克优先, cash=155)
[14:48:37] t=3276 jev INF E2 HOLD (预算保护 gate=False e2=14)
[14:48:37] t=3276 jev VEH HARV HOLD (预算保护 cash=155 aav帽=ok aav=0)
[14:48:39] t=3278 jev BUILD NARADR HOLD (资金闸门: 坦克优先, cash=155)
[14:48:39] t=3278 jev INF E2 HOLD (预算保护 gate=False e2=14)
[14:48:39] t=3278 jev VEH HARV HOLD (预算保护 cash=155 aav帽=ok aav=0)
[14:48:41] t=3280 jev BUILD NARADR HOLD (资金闸门: 坦克优先, cash=155)
[14:48:41] t=3280 jev INF E2 HOLD (预算保护 gate=False e2=14)
[14:48:41] t=3280 jev VEH HTK HOLD (预算保护 cash=155 aav帽=ok aav=0)
[14:48:41] t=3280 MOVE assault x3 -> (137,82); t=3280 SIEGE STAGING x3/8 (攒兵团, 齐冲再上)
[14:48:41] {"kind": "action", "what": "attack_move", "name": null, "qty": null, "tid": null, "ts": "14:48:41"}
[14:48:43] t=3283 jev BUILD NARADR HOLD (资金闸门: 坦克优先, cash=155)
[14:48:43] t=3283 jev INF E2 HOLD (预算保护 gate=False e2=14)
[14:48:43] t=3283 jev VEH HARV HOLD (预算保护 cash=155 aav帽=ok aav=0)
[14:48:43] t=3283 MOVE raid x2 -> (76,123); t=3283 SIEGE STAGING x3/8 (攒兵团, 齐冲再上)
[14:48:43] {"kind": "action", "what": "attack_move", "name": null, "qty": null, "tid": null, "ts": "14:48:43"}
[14:48:45] t=3285 jev BUILD NARADR HOLD (资金闸门: 坦克优先, cash=155)
[14:48:45] t=3285 jev INF E2 HOLD (预算保护 gate=False e2=14)
[14:48:45] t=3285 jev VEH HARV HOLD (预算保护 cash=155 aav帽=ok aav=0)
[14:48:47] t=3288 jev BUILD NARADR HOLD (资金闸门: 坦克优先, cash=155)
[14:48:47] t=3288 jev INF E2 HOLD (预算保护 gate=False e2=14)
[14:48:47] t=3288 jev VEH HARV HOLD (预算保护 cash=155 aav帽=ok aav=0)
[14:48:48] t=3290 jev BUILD NARADR HOLD (资金闸门: 坦克优先, cash=155)
[14:48:48] t=3290 jev INF E2 HOLD (预算保护 gate=False e2=14)
[14:48:48] t=3290 jev VEH HARV HOLD (预算保护 cash=155 aav帽=ok aav=0)
[14:48:49] t=3293 ESCORT 坦克#4378 -> 护航矿车@[83, 98]
[14:48:49] {"kind": "action", "what": "attack_move", "name": null, "qty": null, "tid": null, "ts": "14:48:49"}
[14:48:50] t=3293 jev BUILD NARADR HOLD (资金闸门: 坦克优先, cash=155)
[14:48:50] t=3293 jev INF E2 HOLD (预算保护 gate=False e2=14)
[14:48:50] t=3293 jev VEH HTK HOLD (预算保护 cash=155 aav帽=ok aav=0)
[14:48:52] t=3295 jev BUILD NARADR HOLD (资金闸门: 坦克优先, cash=155)
[14:48:52] t=3295 jev INF E2 HOLD (预算保护 gate=False e2=14)
[14:48:52] t=3295 jev VEH HTK HOLD (预算保护 cash=155 aav帽=ok aav=0)
[14:48:54] t=3298 jev BUILD NARADR HOLD (资金闸门: 坦克优先, cash=155)
[14:48:54] t=3298 jev INF E2 HOLD (预算保护 gate=False e2=14)
[14:48:54] t=3298 jev VEH HTK HOLD (预算保护 cash=155 aav帽=ok aav=0)
[14:48:54] t=3298 MOVE assault x3 -> (137,82); t=3298 SIEGE STAGING x3/8 (攒兵团, 齐冲再上)
[14:48:54] {"kind": "action", "what": "attack_move", "name": null, "qty": null, "tid": null, "ts": "14:48:54"}
[14:48:56] t=3300 jev BUILD NARADR HOLD (资金闸门: 坦克优先, cash=155)
[14:48:56] t=3300 jev INF E2 HOLD (预算保护 gate=False e2=14)
[14:48:56] t=3300 jev VEH HTK HOLD (预算保护 cash=155 aav帽=ok aav=0)
[14:48:56] t=3300 MOVE t=3300 SIEGE STAGING x3/8 (攒兵团, 齐冲再上); hold_a x7 -> (133,86)
[14:48:56] {"kind": "action", "what": "attack_move", "name": null, "qty": null, "tid": null, "ts": "14:48:56"}
[14:48:58] t=3303 jev BUILD NARADR HOLD (资金闸门: 坦克优先, cash=155)
[14:48:58] t=3303 jev INF E2 HOLD (预算保护 gate=False e2=14)
[14:48:58] t=3303 jev VEH HTK HOLD (预算保护 cash=155 aav帽=ok aav=0)
[14:49:00] t=3305 jev BUILD NARADR HOLD (资金闸门: 坦克优先, cash=155)
[14:49:00] t=3305 jev INF E2 HOLD (预算保护 gate=False e2=14)
[14:49:00] t=3305 jev VEH HARV HOLD (预算保护 cash=155 aav帽=ok aav=0)
[14:49:02] t=3308 jev BUILD NARADR HOLD (资金闸门: 坦克优先, cash=155)
[14:49:02] t=3308 jev INF E2 HOLD (预算保护 gate=False e2=14)
[14:49:02] t=3308 jev VEH HARV HOLD (预算保护 cash=155 aav帽=ok aav=0)
[14:49:03] t=3310 jev BUILD NARADR HOLD (资金闸门: 坦克优先, cash=155)
[14:49:03] t=3310 jev INF E2 HOLD (预算保护 gate=False e2=14)
[14:49:03] t=3310 jev VEH HARV HOLD (预算保护 cash=155 aav帽=ok aav=0)
[14:49:03] t=3310 MOVE raid x2 -> (76,123); t=3310 SIEGE STAGING x3/8 (攒兵团, 齐冲再上)
[14:49:03] {"kind": "action", "what": "attack_move", "name": null, "qty": null, "tid": null, "ts": "14:49:03"}
[14:49:05] t=3313 jev BUILD NARADR HOLD (资金闸门: 坦克优先, cash=155)
[14:49:05] t=3313 jev INF E2 HOLD (预算保护 gate=False e2=14)
[14:49:05] t=3313 jev VEH HARV HOLD (预算保护 cash=155 aav帽=ok aav=0)
[14:49:05] t=3313 MOVE t=3313 SIEGE STAGING x3/8 (攒兵团, 齐冲再上); hold_b x7 -> (126,75)
[14:49:05] {"kind": "action", "what": "attack_move", "name": null, "qty": null, "tid": null, "ts": "14:49:05"}
[14:49:05] t=3313 tick#1350 credits=155 stance=defend | jev 1350 decisions p50=1598ms
[14:49:07] t=3315 jev BUILD NARADR HOLD (资金闸门: 坦克优先, cash=155)
[14:49:07] t=3315 jev INF E2 HOLD (预算保护 gate=False e2=14)
[14:49:07] t=3315 jev VEH HARV HOLD (预算保护 cash=155 aav帽=ok aav=0)
[14:49:07] t=3315 MOVE assault x3 -> (137,82); t=3315 SIEGE STAGING x3/8 (攒兵团, 齐冲再上)
[14:49:07] {"kind": "action", "what": "attack_move", "name": null, "qty": null, "tid": null, "ts": "14:49:07"}
[14:49:07] t=3318 ECON harv#5
[14:49:07] {"kind": "action", "what": "produce", "name": "HARV", "qty": 1, "tid": null, "ts": "14:49:07"}
[14:49:09] t=3318 jev BUILD NARADR HOLD (资金闸门: 坦克优先, cash=1280)
[14:49:09] t=3318 jev INF E2 (conf 0.28)
[14:49:09] t=3318 DEBT-GATE E2 x1 (debt=1400 eff=-120 < 90)
[14:49:11] t=3320 jev BUILD NARADR HOLD (资金闸门: 坦克优先, cash=1041)
[14:49:11] t=3320 jev INF E2 (conf 0.28)
[14:49:11] {"kind": "action", "what": "produce", "name": "E2", "qty": 1, "tid": null, "ts": "14:49:11"}
[14:49:13] t=3323 jev BUILD NARADR HOLD (资金闸门: 坦克优先, cash=795)
[14:49:15] t=3325 jev BUILD NARADR HOLD (资金闸门: 坦克优先, cash=485)
[14:49:17] t=3328 jev BUILD NARADR HOLD (资金闸门: 坦克优先, cash=218)
[14:49:17] t=3328 jev INF E2 HOLD (预算保护 gate=False e2=15)
[14:49:18] t=3330 jev BUILD NARADR HOLD (资金闸门: 坦克优先, cash=0)
[14:49:18] t=3330 jev INF E2 HOLD (预算保护 gate=False e2=15)
[14:49:20] t=3333 jev BUILD NARADR HOLD (资金闸门: 坦克优先, cash=0)
[14:49:20] t=3333 jev INF E2 HOLD (预算保护 gate=False e2=15)
[14:49:20] t=3333 MOVE assault x3 -> (137,82); t=3333 SIEGE STAGING x3/8 (攒兵团, 齐冲再上)
[14:49:20] {"kind": "action", "what": "attack_move", "name": null, "qty": null, "tid": null, "ts": "14:49:20"}
[14:49:21] t=3335 ESCORT 坦克#4531 -> 护航矿车@[90, 58]
[14:49:21] {"kind": "action", "what": "attack_move", "name": null, "qty": null, "tid": null, "ts": "14:49:21"}
[14:49:22] t=3335 jev BUILD NARADR HOLD (资金闸门: 坦克优先, cash=177)
[14:49:22] t=3335 jev INF E2 HOLD (预算保护 gate=False e2=15)
[14:49:24] t=3338 jev BUILD NARADR HOLD (资金闸门: 坦克优先, cash=90)
[14:49:24] t=3338 jev INF E2 HOLD (预算保护 gate=False e2=15)
[14:49:24] t=3338 jev VEH HARV HOLD (预算保护 cash=90 aav帽=ok aav=0)
[14:49:24] t=3338 MOVE raid x2 -> (76,123); t=3338 SIEGE STAGING x3/8 (攒兵团, 齐冲再上)
[14:49:24] {"kind": "action", "what": "attack_move", "name": null, "qty": null, "tid": null, "ts": "14:49:24"}
[14:49:26] t=3341 jev BUILD NARADR HOLD (资金闸门: 坦克优先, cash=90)
[14:49:26] t=3341 jev INF E2 HOLD (预算保护 gate=False e2=15)
[14:49:26] t=3341 jev VEH HARV HOLD (预算保护 cash=90 aav帽=ok aav=0)
[14:49:28] t=3343 jev BUILD NARADR HOLD (资金闸门: 坦克优先, cash=90)
[14:49:28] t=3343 jev INF E2 HOLD (预算保护 gate=False e2=15)
[14:49:28] t=3343 jev VEH HARV HOLD (预算保护 cash=90 aav帽=ok aav=0)
[14:49:30] t=3346 jev BUILD NARADR HOLD (资金闸门: 坦克优先, cash=90)
[14:49:30] t=3346 jev INF E2 HOLD (预算保护 gate=False e2=15)
[14:49:30] t=3346 jev VEH HARV HOLD (预算保护 cash=90 aav帽=ok aav=0)
[14:49:32] t=3348 jev BUILD NARADR HOLD (资金闸门: 坦克优先, cash=90)
[14:49:32] t=3348 jev INF E2 HOLD (预算保护 gate=False e2=15)
[14:49:32] t=3348 jev VEH HARV HOLD (预算保护 cash=90 aav帽=ok aav=0)
[14:49:34] t=3351 jev BUILD NARADR HOLD (资金闸门: 坦克优先, cash=90)
[14:49:34] t=3351 jev INF E2 HOLD (预算保护 gate=False e2=15)
[14:49:34] t=3351 jev VEH HARV HOLD (预算保护 cash=90 aav帽=ok aav=0)
[14:49:34] t=3351 MOVE assault x3 -> (137,82); t=3351 SIEGE STAGING x3/8 (攒兵团, 齐冲再上)
[14:49:34] {"kind": "action", "what": "attack_move", "name": null, "qty": null, "tid": null, "ts": "14:49:34"}
[14:49:34] t=3353 ALARM unit lost -> TURTLE (18 v 20, 守塔阵不打野战)
[14:49:34] {"kind": "action", "what": "attack_move", "name": null, "qty": null, "tid": null, "ts": "14:49:34"}
[14:49:36] t=3353 jev BUILD NARADR HOLD (资金闸门: 坦克优先, cash=90)
[14:49:36] t=3353 jev INF E2 HOLD (预算保护 gate=False e2=15)
[14:49:36] t=3353 jev VEH HARV HOLD (预算保护 cash=90 aav帽=ok aav=0)
[14:49:38] t=3356 jev BUILD NARADR HOLD (资金闸门: 坦克优先, cash=90)
[14:49:38] t=3356 jev INF E2 HOLD (预算保护 gate=False e2=15)
[14:49:38] t=3356 jev VEH HARV HOLD (预算保护 cash=90 aav帽=ok aav=0)
[14:49:39] t=3358 jev BUILD NARADR HOLD (资金闸门: 坦克优先, cash=90)
[14:49:39] t=3358 jev INF E2 HOLD (预算保护 gate=False e2=15)
[14:49:39] t=3358 jev VEH HARV HOLD (预算保护 cash=90 aav帽=ok aav=0)
[14:49:41] t=3361 jev BUILD NARADR HOLD (资金闸门: 坦克优先, cash=90)
[14:49:41] t=3361 jev INF E2 HOLD (预算保护 gate=False e2=15)
[14:49:41] t=3361 jev VEH HARV HOLD (预算保护 cash=90 aav帽=ok aav=0)
[14:49:43] t=3363 jev BUILD NARADR HOLD (资金闸门: 坦克优先, cash=90)
[14:49:43] t=3363 jev INF E2 HOLD (预算保护 gate=False e2=15)
[14:49:43] t=3363 jev VEH HARV HOLD (预算保护 cash=90 aav帽=ok aav=0)
[14:49:45] t=3366 jev BUILD NARADR HOLD (资金闸门: 坦克优先, cash=90)
[14:49:45] t=3366 jev INF E2 HOLD (预算保护 gate=False e2=15)
[14:49:45] t=3366 jev VEH HARV HOLD (预算保护 cash=90 aav帽=ok aav=0)
[14:49:45] t=3366 MOVE raid x2 -> (76,123); t=3366 SIEGE STAGING x3/8 (攒兵团, 齐冲再上)
[14:49:45] {"kind": "action", "what": "attack_move", "name": null, "qty": null, "tid": null, "ts": "14:49:45"}
[14:49:47] t=3368 jev BUILD NARADR HOLD (资金闸门: 坦克优先, cash=90)
[14:49:47] t=3368 jev INF E2 HOLD (预算保护 gate=False e2=15)
[14:49:47] t=3368 jev VEH HARV HOLD (预算保护 cash=90 aav帽=ok aav=0)
[14:49:47] t=3368 MOVE assault x3 -> (137,82); t=3368 SIEGE STAGING x3/8 (攒兵团, 齐冲再上)
[14:49:47] {"kind": "action", "what": "attack_move", "name": null, "qty": null, "tid": null, "ts": "14:49:47"}
[14:49:49] t=3371 jev BUILD NARADR HOLD (资金闸门: 坦克优先, cash=90)
[14:49:49] t=3371 jev INF E2 HOLD (预算保护 gate=False e2=15)
[14:49:49] t=3371 jev VEH HARV HOLD (预算保护 cash=90 aav帽=ok aav=0)
[14:49:51] t=3373 jev BUILD NARADR HOLD (资金闸门: 坦克优先, cash=90)
[14:49:51] t=3373 jev INF E2 HOLD (预算保护 gate=False e2=15)
[14:49:51] t=3373 jev VEH HARV HOLD (预算保护 cash=90 aav帽=ok aav=0)
[14:49:51] t=3376 ESCORT 坦克#4378 -> 护航矿车@[113, 136]
[14:49:51] {"kind": "action", "what": "attack_move", "name": null, "qty": null, "tid": null, "ts": "14:49:51"}
[14:49:53] t=3376 jev BUILD NARADR HOLD (资金闸门: 坦克优先, cash=90)
[14:49:53] t=3376 jev INF E2 HOLD (预算保护 gate=False e2=15)
[14:49:53] t=3376 jev VEH HARV HOLD (预算保护 cash=90 aav帽=ok aav=0)
[14:49:53] t=3376 tick#1375 credits=90 stance=defend | jev 1375 decisions p50=1595ms
[14:49:55] t=3379 jev BUILD NARADR HOLD (资金闸门: 坦克优先, cash=90)
[14:49:55] t=3379 jev INF E2 HOLD (预算保护 gate=False e2=15)
[14:49:55] t=3379 jev VEH HTK HOLD (预算保护 cash=90 aav帽=ok aav=0)
[14:49:56] t=3381 jev BUILD NARADR HOLD (资金闸门: 坦克优先, cash=90)
[14:49:56] t=3381 jev INF E2 HOLD (预算保护 gate=False e2=15)
[14:49:56] t=3381 jev VEH HTK HOLD (预算保护 cash=90 aav帽=ok aav=0)
[14:49:56] t=3381 MOVE t=3381 SIEGE STAGING x3/8 (攒兵团, 齐冲再上); hold_a x8 -> (133,86)
[14:49:57] {"kind": "action", "what": "attack_move", "name": null, "qty": null, "tid": null, "ts": "14:49:57"}
[14:49:58] t=3384 jev BUILD NARADR HOLD (资金闸门: 坦克优先, cash=90)
[14:49:58] t=3384 jev INF E2 HOLD (预算保护 gate=False e2=15)
[14:49:58] t=3384 jev VEH HTK HOLD (预算保护 cash=90 aav帽=ok aav=0)
[14:50:00] t=3386 jev BUILD NARADR HOLD (资金闸门: 坦克优先, cash=90)
[14:50:00] t=3386 jev INF E2 HOLD (预算保护 gate=False e2=15)
[14:50:00] t=3386 jev VEH HARV HOLD (预算保护 cash=90 aav帽=ok aav=0)
[14:50:00] t=3386 MOVE assault x3 -> (137,82); t=3386 SIEGE STAGING x3/8 (攒兵团, 齐冲再上)
[14:50:00] {"kind": "action", "what": "attack_move", "name": null, "qty": null, "tid": null, "ts": "14:50:00"}
[14:50:02] t=3389 jev BUILD NARADR HOLD (资金闸门: 坦克优先, cash=90)
[14:50:02] t=3389 jev INF E2 HOLD (预算保护 gate=False e2=15)
[14:50:02] t=3389 jev VEH HARV HOLD (预算保护 cash=90 aav帽=ok aav=0)
[14:50:02] t=3391 ALARM unit lost -> TURTLE (18 v 20, 守塔阵不打野战)
[14:50:02] {"kind": "action", "what": "attack_move", "name": null, "qty": null, "tid": null, "ts": "14:50:02"}
[14:50:04] t=3391 jev BUILD NARADR HOLD (资金闸门: 坦克优先, cash=90)
[14:50:04] t=3391 jev INF E2 HOLD (预算保护 gate=False e2=15)
[14:50:04] t=3391 jev VEH HTK HOLD (预算保护 cash=90 aav帽=ok aav=0)
[14:50:06] t=3394 jev BUILD NARADR HOLD (资金闸门: 坦克优先, cash=90)
[14:50:06] t=3394 jev INF E2 HOLD (预算保护 gate=False e2=15)
[14:50:06] t=3394 jev VEH HTK HOLD (预算保护 cash=90 aav帽=ok aav=0)
[14:50:08] t=3396 jev BUILD NARADR HOLD (资金闸门: 坦克优先, cash=90)
[14:50:08] t=3396 jev INF E2 HOLD (预算保护 gate=False e2=15)
[14:50:08] t=3396 jev VEH HTK HOLD (预算保护 cash=90 aav帽=ok aav=0)
[14:50:10] t=3399 jev BUILD NARADR HOLD (资金闸门: 坦克优先, cash=90)
[14:50:10] t=3399 jev INF E2 HOLD (预算保护 gate=False e2=15)
[14:50:10] t=3399 jev VEH HTK HOLD (预算保护 cash=90 aav帽=ok aav=0)
[14:50:12] t=3401 jev BUILD NARADR HOLD (资金闸门: 坦克优先, cash=90)
[14:50:12] t=3401 jev INF E2 HOLD (预算保护 gate=False e2=15)
[14:50:12] t=3401 jev VEH HTK HOLD (预算保护 cash=90 aav帽=ok aav=0)
[14:50:12] t=3401 MOVE raid x2 -> (76,123); t=3401 SIEGE STAGING x3/8 (攒兵团, 齐冲再上); hold_b x7 -> (126,75)
[14:50:12] {"kind": "action", "what": "attack_move", "name": null, "qty": null, "tid": null, "ts": "14:50:12"}
[14:50:12] {"kind": "action", "what": "attack_move", "name": null, "qty": null, "tid": null, "ts": "14:50:12"}
[14:50:14] t=3404 jev BUILD NARADR HOLD (资金闸门: 坦克优先, cash=90)
[14:50:14] t=3404 jev INF E2 HOLD (预算保护 gate=False e2=15)
[14:50:14] t=3404 jev VEH HTK HOLD (预算保护 cash=90 aav帽=ok aav=0)
[14:50:14] t=3404 MOVE assault x3 -> (137,82); t=3404 SIEGE STAGING x3/8 (攒兵团, 齐冲再上)
[14:50:14] {"kind": "action", "what": "attack_move", "name": null, "qty": null, "tid": null, "ts": "14:50:14"}
[14:50:15] t=3406 jev BUILD NARADR HOLD (资金闸门: 坦克优先, cash=90)
[14:50:15] t=3406 jev INF E2 HOLD (预算保护 gate=False e2=15)
[14:50:15] t=3406 jev VEH HTK HOLD (预算保护 cash=90 aav帽=ok aav=0)
[14:50:17] t=3409 jev BUILD NARADR HOLD (资金闸门: 坦克优先, cash=90)
[14:50:17] t=3409 jev INF E2 HOLD (预算保护 gate=False e2=15)
[14:50:17] t=3409 jev VEH HTK HOLD (预算保护 cash=90 aav帽=ok aav=0)
[14:50:19] t=3411 jev BUILD NARADR HOLD (资金闸门: 坦克优先, cash=90)
[14:50:19] t=3411 jev INF E2 HOLD (预算保护 gate=False e2=15)
[14:50:19] t=3411 jev VEH HTK HOLD (预算保护 cash=90 aav帽=ok aav=0)
[14:50:21] t=3414 jev BUILD NARADR HOLD (资金闸门: 坦克优先, cash=90)
[14:50:21] t=3414 jev INF E2 HOLD (预算保护 gate=False e2=15)
[14:50:21] t=3414 jev VEH HTK HOLD (预算保护 cash=90 aav帽=ok aav=0)
[14:50:21] t=3416 ESCORT 坦克#4378 -> 护航矿车@[116, 133]
[14:50:21] {"kind": "action", "what": "attack_move", "name": null, "qty": null, "tid": null, "ts": "14:50:21"}
[14:50:23] t=3416 jev BUILD NARADR HOLD (资金闸门: 坦克优先, cash=90)
[14:50:23] t=3416 jev INF E2 HOLD (预算保护 gate=False e2=15)
[14:50:23] t=3416 jev VEH HTK HOLD (预算保护 cash=90 aav帽=ok aav=0)
[14:50:25] t=3419 jev BUILD NARADR HOLD (资金闸门: 坦克优先, cash=90)
[14:50:25] t=3419 jev INF E2 HOLD (预算保护 gate=False e2=15)
[14:50:25] t=3419 jev VEH HTK HOLD (预算保护 cash=90 aav帽=ok aav=0)
[14:50:27] t=3421 jev BUILD NARADR HOLD (资金闸门: 坦克优先, cash=90)
[14:50:27] t=3421 jev INF E2 HOLD (预算保护 gate=False e2=15)
[14:50:27] t=3421 jev VEH HTK HOLD (预算保护 cash=90 aav帽=ok aav=0)
[14:50:27] t=3421 MOVE assault x3 -> (137,82); t=3421 SIEGE STAGING x3/8 (攒兵团, 齐冲再上)
[14:50:27] {"kind": "action", "what": "attack_move", "name": null, "qty": null, "tid": null, "ts": "14:50:27"}
[14:50:29] t=3424 jev BUILD NARADR HOLD (资金闸门: 坦克优先, cash=90)
[14:50:29] t=3424 jev INF E2 HOLD (预算保护 gate=False e2=15)
[14:50:29] t=3424 jev VEH HTK HOLD (预算保护 cash=90 aav帽=ok aav=0)
[14:50:31] t=3427 jev BUILD NARADR HOLD (资金闸门: 坦克优先, cash=90)
[14:50:31] t=3427 jev INF E2 HOLD (预算保护 gate=False e2=15)
[14:50:31] t=3427 jev VEH HTK HOLD (预算保护 cash=90 aav帽=ok aav=0)
[14:50:33] t=3429 jev BUILD NARADR HOLD (资金闸门: 坦克优先, cash=90)
[14:50:33] t=3429 jev INF E2 HOLD (预算保护 gate=False e2=15)
[14:50:33] t=3429 jev VEH HTK HOLD (预算保护 cash=90 aav帽=ok aav=0)
[14:50:33] t=3429 MOVE raid x2 -> (76,123); t=3429 SIEGE STAGING x3/8 (攒兵团, 齐冲再上)
[14:50:33] {"kind": "action", "what": "attack_move", "name": null, "qty": null, "tid": null, "ts": "14:50:33"}
[14:50:34] t=3432 jev BUILD NARADR HOLD (资金闸门: 坦克优先, cash=90)
[14:50:34] t=3432 jev INF E2 HOLD (预算保护 gate=False e2=15)
[14:50:34] t=3432 jev VEH HTK HOLD (预算保护 cash=90 aav帽=ok aav=0)
[14:50:36] t=3434 jev BUILD NARADR HOLD (资金闸门: 坦克优先, cash=90)
[14:50:36] t=3434 jev INF E2 HOLD (预算保护 gate=False e2=15)
[14:50:36] t=3434 jev VEH HTK HOLD (预算保护 cash=90 aav帽=ok aav=0)
[14:50:38] t=3437 jev BUILD NARADR HOLD (资金闸门: 坦克优先, cash=315)
[14:50:38] t=3437 jev INF E2 HOLD (预算保护 gate=False e2=15)
[14:50:38] t=3437 jev VEH HTK HOLD (预算保护 cash=315 aav帽=ok aav=0)
[14:50:40] t=3439 jev BUILD NARADR HOLD (资金闸门: 坦克优先, cash=315)
[14:50:40] t=3439 jev INF E2 HOLD (预算保护 gate=False e2=15)
[14:50:40] t=3439 jev VEH HTK HOLD (预算保护 cash=315 aav帽=ok aav=0)
[14:50:40] t=3439 MOVE assault x3 -> (137,82); t=3439 SIEGE STAGING x3/8 (攒兵团, 齐冲再上)
[14:50:40] {"kind": "action", "what": "attack_move", "name": null, "qty": null, "tid": null, "ts": "14:50:40"}
[14:50:40] t=3439 tick#1400 credits=315 stance=defend | jev 1400 decisions p50=1594ms
[14:50:42] t=3442 jev BUILD NARADR HOLD (资金闸门: 坦克优先, cash=315)
[14:50:42] t=3442 jev INF E2 HOLD (预算保护 gate=False e2=15)
[14:50:42] t=3442 jev VEH HTK HOLD (预算保护 cash=315 aav帽=ok aav=0)
[14:50:44] t=3444 jev BUILD NARADR HOLD (资金闸门: 坦克优先, cash=315)
[14:50:44] t=3444 jev INF E2 HOLD (预算保护 gate=False e2=15)
[14:50:44] t=3444 jev VEH HTK HOLD (预算保护 cash=315 aav帽=ok aav=0)
[14:50:46] t=3447 jev BUILD NARADR HOLD (资金闸门: 坦克优先, cash=315)
[14:50:46] t=3447 jev INF E2 HOLD (预算保护 gate=False e2=15)
[14:50:46] t=3447 jev VEH HTK HOLD (预算保护 cash=315 aav帽=ok aav=0)
[14:50:48] t=3449 jev BUILD NARADR HOLD (资金闸门: 坦克优先, cash=315)
[14:50:48] t=3449 jev INF E2 HOLD (预算保护 gate=False e2=15)
[14:50:48] t=3449 jev VEH HTK HOLD (预算保护 cash=315 aav帽=ok aav=0)
[14:50:50] t=3452 jev BUILD NARADR HOLD (资金闸门: 坦克优先, cash=315)
[14:50:50] t=3452 jev INF E2 HOLD (预算保护 gate=False e2=15)
[14:50:50] t=3452 jev VEH HTK HOLD (预算保护 cash=315 aav帽=ok aav=0)
[14:50:51] t=3454 jev BUILD NARADR HOLD (资金闸门: 坦克优先, cash=315)
[14:50:51] t=3454 jev INF E2 HOLD (预算保护 gate=False e2=15)
[14:50:51] t=3454 jev VEH HTK HOLD (预算保护 cash=315 aav帽=ok aav=0)
[14:50:52] t=3457 ESCORT 坦克#4378 -> 护航矿车@[117, 135]
[14:50:52] {"kind": "action", "what": "attack_move", "name": null, "qty": null, "tid": null, "ts": "14:50:52"}
[14:50:53] t=3457 jev BUILD NARADR HOLD (资金闸门: 坦克优先, cash=315)
[14:50:53] t=3457 jev INF E2 HOLD (预算保护 gate=False e2=15)
[14:50:53] t=3457 jev VEH HTK HOLD (预算保护 cash=315 aav帽=ok aav=0)
[14:50:53] t=3457 MOVE raid x2 -> (76,123); assault x3 -> (137,82); t=3457 SIEGE STAGING x3/8 (攒兵团, 齐冲再上)
[14:50:53] {"kind": "action", "what": "attack_move", "name": null, "qty": null, "tid": null, "ts": "14:50:53"}
[14:50:53] {"kind": "action", "what": "attack_move", "name": null, "qty": null, "tid": null, "ts": "14:50:53"}
[14:50:55] t=3459 jev BUILD NARADR HOLD (资金闸门: 坦克优先, cash=315)
[14:50:55] t=3459 jev INF E2 HOLD (预算保护 gate=False e2=15)
[14:50:55] t=3459 jev VEH HTK HOLD (预算保护 cash=315 aav帽=ok aav=0)
[14:50:57] t=3462 jev BUILD NARADR HOLD (资金闸门: 坦克优先, cash=315)
[14:50:57] t=3462 jev INF E2 HOLD (预算保护 gate=False e2=15)
[14:50:57] t=3462 jev VEH HTK HOLD (预算保护 cash=315 aav帽=ok aav=0)
[14:50:57] t=3462 MOVE t=3462 SIEGE STAGING x3/8 (攒兵团, 齐冲再上); hold_a x8 -> (133,86)
[14:50:57] {"kind": "action", "what": "attack_move", "name": null, "qty": null, "tid": null, "ts": "14:50:57"}
[14:50:59] t=3465 jev BUILD NARADR HOLD (资金闸门: 坦克优先, cash=315)
[14:50:59] t=3465 jev INF E2 HOLD (预算保护 gate=False e2=15)
[14:50:59] t=3465 jev VEH HTK HOLD (预算保护 cash=315 aav帽=ok aav=0)
[14:51:01] t=3467 jev BUILD NARADR HOLD (资金闸门: 坦克优先, cash=315)
[14:51:01] t=3467 jev INF E2 HOLD (预算保护 gate=False e2=15)
[14:51:01] t=3467 jev VEH HTK HOLD (预算保护 cash=315 aav帽=ok aav=0)
[14:51:03] t=3470 jev BUILD NARADR HOLD (资金闸门: 坦克优先, cash=315)
[14:51:03] t=3470 jev INF E2 HOLD (预算保护 gate=False e2=15)
[14:51:03] t=3470 jev VEH HTK HOLD (预算保护 cash=315 aav帽=ok aav=0)
[14:51:05] t=3472 jev BUILD NARADR HOLD (资金闸门: 坦克优先, cash=315)
[14:51:05] t=3472 jev INF E2 HOLD (预算保护 gate=False e2=15)
[14:51:05] t=3472 jev VEH HTK HOLD (预算保护 cash=315 aav帽=ok aav=0)
[14:51:07] t=3475 jev BUILD NARADR HOLD (资金闸门: 坦克优先, cash=315)
[14:51:07] t=3475 jev INF E2 HOLD (预算保护 gate=False e2=15)
[14:51:07] t=3475 jev VEH HTK HOLD (预算保护 cash=315 aav帽=ok aav=0)
[14:51:07] t=3475 MOVE assault x3 -> (137,82); t=3475 SIEGE STAGING x3/8 (攒兵团, 齐冲再上)
[14:51:07] {"kind": "action", "what": "attack_move", "name": null, "qty": null, "tid": null, "ts": "14:51:07"}
[14:51:08] t=3477 jev BUILD NARADR HOLD (资金闸门: 坦克优先, cash=315)
[14:51:08] t=3477 jev INF E2 HOLD (预算保护 gate=False e2=15)
[14:51:08] t=3477 jev VEH HTK HOLD (预算保护 cash=315 aav帽=ok aav=0)
[14:51:10] t=3480 jev BUILD NARADR HOLD (资金闸门: 坦克优先, cash=315)
[14:51:10] t=3480 jev INF E2 HOLD (预算保护 gate=False e2=15)
[14:51:10] t=3480 jev VEH HTK HOLD (预算保护 cash=315 aav帽=ok aav=0)
[14:51:12] t=3482 jev BUILD NARADR HOLD (资金闸门: 坦克优先, cash=315)
[14:51:12] t=3482 jev INF E2 HOLD (预算保护 gate=False e2=15)
[14:51:12] t=3482 jev VEH HTK HOLD (预算保护 cash=315 aav帽=ok aav=0)
[14:51:12] t=3482 MOVE t=3482 SIEGE STAGING x3/8 (攒兵团, 齐冲再上); hold_b x7 -> (126,75)
[14:51:12] {"kind": "action", "what": "attack_move", "name": null, "qty": null, "tid": null, "ts": "14:51:12"}
[14:51:14] t=3485 jev BUILD NARADR HOLD (资金闸门: 坦克优先, cash=315)
[14:51:14] t=3485 jev INF E2 HOLD (预算保护 gate=False e2=15)
[14:51:14] t=3485 jev VEH HTK HOLD (预算保护 cash=315 aav帽=ok aav=0)
[14:51:14] t=3485 MOVE raid x2 -> (76,123); t=3485 SIEGE STAGING x3/8 (攒兵团, 齐冲再上)
[14:51:14] {"kind": "action", "what": "attack_move", "name": null, "qty": null, "tid": null, "ts": "14:51:14"}
[14:51:16] t=3487 jev BUILD NARADR HOLD (资金闸门: 坦克优先, cash=315)
[14:51:16] t=3487 jev INF E2 HOLD (预算保护 gate=False e2=15)
[14:51:16] t=3487 jev VEH HTK HOLD (预算保护 cash=315 aav帽=ok aav=0)
[14:51:18] t=3490 jev BUILD NARADR HOLD (资金闸门: 坦克优先, cash=315)
[14:51:18] t=3490 jev INF E2 HOLD (预算保护 gate=False e2=15)
[14:51:18] t=3490 jev VEH HTK HOLD (预算保护 cash=315 aav帽=ok aav=0)
[14:51:20] t=3492 jev BUILD NARADR HOLD (资金闸门: 坦克优先, cash=315)
[14:51:20] t=3492 jev INF E2 HOLD (预算保护 gate=False e2=15)
[14:51:20] t=3492 jev VEH HTK HOLD (预算保护 cash=315 aav帽=ok aav=0)
[14:51:20] t=3492 MOVE assault x3 -> (137,82); t=3492 SIEGE STAGING x3/8 (攒兵团, 齐冲再上)
[14:51:20] {"kind": "action", "what": "attack_move", "name": null, "qty": null, "tid": null, "ts": "14:51:20"}
[14:51:22] t=3495 jev BUILD NARADR HOLD (资金闸门: 坦克优先, cash=315)
[14:51:22] t=3495 jev INF E2 HOLD (预算保护 gate=False e2=15)
[14:51:22] t=3495 jev VEH HTK HOLD (预算保护 cash=315 aav帽=ok aav=0)
[14:51:22] t=3497 ESCORT 坦克#4378 -> 护航矿车@[117, 135]
[14:51:22] {"kind": "action", "what": "attack_move", "name": null, "qty": null, "tid": null, "ts": "14:51:22"}
[14:51:24] t=3497 jev BUILD NARADR HOLD (资金闸门: 坦克优先, cash=315)
[14:51:24] t=3497 jev INF E2 HOLD (预算保护 gate=False e2=15)
[14:51:24] t=3497 jev VEH HTK HOLD (预算保护 cash=315 aav帽=ok aav=0)
[14:51:25] t=3500 jev BUILD NARADR HOLD (资金闸门: 坦克优先, cash=315)
[14:51:25] t=3500 jev INF E2 HOLD (预算保护 gate=False e2=15)
[14:51:25] t=3500 jev VEH HTK HOLD (预算保护 cash=315 aav帽=ok aav=0)
[14:51:27] t=3502 jev BUILD NARADR HOLD (资金闸门: 坦克优先, cash=315)
[14:51:27] t=3502 jev INF E2 HOLD (预算保护 gate=False e2=15)
[14:51:27] t=3502 jev VEH HTK HOLD (预算保护 cash=315 aav帽=ok aav=0)
[14:51:27] t=3502 tick#1425 credits=315 stance=defend | jev 1425 decisions p50=1593ms
[14:51:29] t=3505 jev BUILD NARADR HOLD (资金闸门: 坦克优先, cash=315)
[14:51:29] t=3505 jev INF E2 HOLD (预算保护 gate=False e2=15)
[14:51:29] t=3505 jev VEH HTK HOLD (预算保护 cash=315 aav帽=ok aav=0)
[14:51:31] t=3507 jev BUILD NARADR HOLD (资金闸门: 坦克优先, cash=315)
[14:51:31] t=3507 jev INF E2 HOLD (预算保护 gate=False e2=15)
[14:51:31] t=3507 jev VEH HTK HOLD (预算保护 cash=315 aav帽=ok aav=0)
[14:51:33] t=3510 jev BUILD NARADR HOLD (资金闸门: 坦克优先, cash=315)
[14:51:33] t=3510 jev INF E2 HOLD (预算保护 gate=False e2=15)
[14:51:33] t=3510 jev VEH HTK HOLD (预算保护 cash=315 aav帽=ok aav=0)
[14:51:33] t=3510 MOVE assault x3 -> (137,82); t=3510 SIEGE STAGING x3/8 (攒兵团, 齐冲再上)
[14:51:33] {"kind": "action", "what": "attack_move", "name": null, "qty": null, "tid": null, "ts": "14:51:33"}
[14:51:35] t=3512 jev BUILD NARADR HOLD (资金闸门: 坦克优先, cash=315)
[14:51:35] t=3512 jev INF E2 HOLD (预算保护 gate=False e2=15)
[14:51:35] t=3512 jev VEH HTK HOLD (预算保护 cash=315 aav帽=ok aav=0)
[14:51:35] t=3512 MOVE raid x2 -> (76,123); t=3512 SIEGE STAGING x3/8 (攒兵团, 齐冲再上)
[14:51:35] {"kind": "action", "what": "attack_move", "name": null, "qty": null, "tid": null, "ts": "14:51:35"}
[14:51:37] t=3515 jev BUILD NARADR HOLD (资金闸门: 坦克优先, cash=315)
[14:51:37] t=3515 jev INF E2 HOLD (预算保护 gate=False e2=15)
[14:51:37] t=3515 jev VEH HTK HOLD (预算保护 cash=315 aav帽=ok aav=0)
[14:51:38] t=3517 jev BUILD NARADR HOLD (资金闸门: 坦克优先, cash=315)
[14:51:38] t=3517 jev INF E2 HOLD (预算保护 gate=False e2=15)
[14:51:38] t=3517 jev VEH HTK HOLD (预算保护 cash=315 aav帽=ok aav=0)
[14:51:40] t=3520 jev BUILD NARADR HOLD (资金闸门: 坦克优先, cash=315)
[14:51:40] t=3520 jev INF E2 HOLD (预算保护 gate=False e2=15)
[14:51:40] t=3520 jev VEH HTK HOLD (预算保护 cash=315 aav帽=ok aav=0)
[14:51:42] t=3522 jev BUILD NARADR HOLD (资金闸门: 坦克优先, cash=315)
[14:51:42] t=3522 jev INF E2 HOLD (预算保护 gate=False e2=15)
[14:51:42] t=3522 jev VEH HTK HOLD (预算保护 cash=315 aav帽=ok aav=0)
[14:51:44] t=3524 jev BUILD NARADR HOLD (资金闸门: 坦克优先, cash=315)
[14:51:44] t=3524 jev INF E2 HOLD (预算保护 gate=False e2=15)
[14:51:44] t=3524 jev VEH HTK HOLD (预算保护 cash=315 aav帽=ok aav=0)
[14:51:46] t=3527 jev BUILD NARADR HOLD (资金闸门: 坦克优先, cash=315)
[14:51:46] t=3527 jev INF E2 HOLD (预算保护 gate=False e2=15)
[14:51:46] t=3527 jev VEH HTK HOLD (预算保护 cash=315 aav帽=ok aav=0)
[14:51:46] t=3527 MOVE assault x3 -> (137,82); t=3527 SIEGE STAGING x3/8 (攒兵团, 齐冲再上)
[14:51:46] {"kind": "action", "what": "attack_move", "name": null, "qty": null, "tid": null, "ts": "14:51:46"}
[14:51:48] t=3529 jev BUILD NARADR HOLD (资金闸门: 坦克优先, cash=315)
[14:51:48] t=3529 jev INF E2 HOLD (预算保护 gate=False e2=15)
[14:51:48] t=3529 jev VEH HTK HOLD (预算保护 cash=315 aav帽=ok aav=0)
[14:51:50] t=3532 jev BUILD NARADR HOLD (资金闸门: 坦克优先, cash=315)
[14:51:50] t=3532 jev INF E2 HOLD (预算保护 gate=False e2=15)
[14:51:50] t=3532 jev VEH HTK HOLD (预算保护 cash=315 aav帽=ok aav=0)
[14:51:52] t=3534 jev BUILD NARADR HOLD (资金闸门: 坦克优先, cash=315)
[14:51:52] t=3534 jev INF E2 HOLD (预算保护 gate=False e2=15)
[14:51:52] t=3534 jev VEH HTK HOLD (预算保护 cash=315 aav帽=ok aav=0)
[14:51:53] t=3537 jev BUILD NARADR HOLD (资金闸门: 坦克优先, cash=315)
[14:51:53] t=3537 jev INF E2 HOLD (预算保护 gate=False e2=15)
[14:51:53] t=3537 jev VEH HTK HOLD (预算保护 cash=315 aav帽=ok aav=0)
[14:51:54] t=3539 ESCORT 坦克#4378 -> 护航矿车@[116, 135]
[14:51:54] {"kind": "action", "what": "attack_move", "name": null, "qty": null, "tid": null, "ts": "14:51:54"}
[14:51:55] t=3539 jev BUILD NARADR HOLD (资金闸门: 坦克优先, cash=315)
[14:51:55] t=3539 jev INF E2 HOLD (预算保护 gate=False e2=15)
[14:51:55] t=3539 jev VEH HTK HOLD (预算保护 cash=315 aav帽=ok aav=0)
[14:51:55] t=3539 MOVE raid x2 -> (76,123); t=3539 SIEGE STAGING x3/8 (攒兵团, 齐冲再上)
[14:51:55] {"kind": "action", "what": "attack_move", "name": null, "qty": null, "tid": null, "ts": "14:51:55"}
[14:51:57] t=3542 jev BUILD NARADR HOLD (资金闸门: 坦克优先, cash=315)
[14:51:57] t=3542 jev INF E2 HOLD (预算保护 gate=False e2=15)
[14:51:57] t=3542 jev VEH HTK HOLD (预算保护 cash=315 aav帽=ok aav=0)
[14:51:59] t=3544 jev BUILD NARADR HOLD (资金闸门: 坦克优先, cash=315)
[14:51:59] t=3544 jev INF E2 HOLD (预算保护 gate=False e2=15)
[14:51:59] t=3544 jev VEH HTK HOLD (预算保护 cash=315 aav帽=ok aav=0)
[14:51:59] t=3544 MOVE assault x3 -> (137,82); t=3544 SIEGE STAGING x3/8 (攒兵团, 齐冲再上); hold_a x8 -> (133,86)
[14:51:59] {"kind": "action", "what": "attack_move", "name": null, "qty": null, "tid": null, "ts": "14:51:59"}
[14:51:59] {"kind": "action", "what": "attack_move", "name": null, "qty": null, "tid": null, "ts": "14:51:59"}
[14:52:01] t=3547 jev BUILD NARADR HOLD (资金闸门: 坦克优先, cash=315)
[14:52:01] t=3547 jev INF E2 HOLD (预算保护 gate=False e2=15)
[14:52:01] t=3547 jev VEH HTK HOLD (预算保护 cash=315 aav帽=ok aav=0)
[14:52:03] t=3550 jev BUILD NARADR HOLD (资金闸门: 坦克优先, cash=315)
[14:52:03] t=3550 jev INF E2 HOLD (预算保护 gate=False e2=15)
[14:52:03] t=3550 jev VEH HTK HOLD (预算保护 cash=315 aav帽=ok aav=0)
[14:52:05] t=3552 jev BUILD NARADR HOLD (资金闸门: 坦克优先, cash=315)
[14:52:05] t=3552 jev INF E2 HOLD (预算保护 gate=False e2=15)
[14:52:05] t=3552 jev VEH HTK HOLD (预算保护 cash=315 aav帽=ok aav=0)
[14:52:06] t=3554 jev BUILD NARADR HOLD (资金闸门: 坦克优先, cash=315)
[14:52:06] t=3554 jev INF E2 HOLD (预算保护 gate=False e2=15)
[14:52:06] t=3554 jev VEH HTK HOLD (预算保护 cash=315 aav帽=ok aav=0)
[14:52:08] t=3557 jev BUILD NARADR HOLD (资金闸门: 坦克优先, cash=315)
[14:52:08] t=3557 jev INF E2 HOLD (预算保护 gate=False e2=15)
[14:52:08] t=3557 jev VEH HTK HOLD (预算保护 cash=315 aav帽=ok aav=0)
[14:52:10] t=3559 jev BUILD NARADR HOLD (资金闸门: 坦克优先, cash=315)
[14:52:10] t=3559 jev INF E2 HOLD (预算保护 gate=False e2=15)
[14:52:10] t=3559 jev VEH HTK HOLD (预算保护 cash=315 aav帽=ok aav=0)
[14:52:10] t=3562 AA HTK x2 (enemy air, alive 0)
[14:52:10] t=3562 DEBT-GATE HTK x2 (debt=0 eff=765 < 1000)
[14:52:12] t=3562 jev BUILD NARADR HOLD (资金闸门: 坦克优先, cash=765)
[14:52:12] t=3562 jev INF E2 HOLD (预算保护 gate=False e2=15)
[14:52:12] t=3562 jev VEH HTK HOLD (预算保护 cash=765 aav帽=ok aav=0)
[14:52:12] t=3562 MOVE assault x3 -> (137,82); t=3562 SIEGE STAGING x3/8 (攒兵团, 齐冲再上)
[14:52:12] {"kind": "action", "what": "attack_move", "name": null, "qty": null, "tid": null, "ts": "14:52:12"}
[14:52:12] t=3564 AA HTK x2 (enemy air, alive 0)
[14:52:12] t=3564 DEBT-GATE HTK x2 (debt=0 eff=765 < 1000)
[14:52:14] t=3564 jev BUILD NARADR HOLD (资金闸门: 坦克优先, cash=765)
[14:52:14] t=3564 jev INF E2 HOLD (预算保护 gate=False e2=15)
[14:52:14] t=3564 jev VEH HTK HOLD (预算保护 cash=765 aav帽=ok aav=0)
[14:52:14] t=3564 MOVE t=3564 SIEGE STAGING x3/8 (攒兵团, 齐冲再上); hold_b x7 -> (126,75)
[14:52:14] {"kind": "action", "what": "attack_move", "name": null, "qty": null, "tid": null, "ts": "14:52:14"}
[14:52:14] t=3564 tick#1450 credits=765 stance=defend | jev 1450 decisions p50=1589ms
[14:52:14] t=3567 AA HTK x2 (enemy air, alive 0)
[14:52:14] t=3567 DEBT-GATE HTK x2 (debt=0 eff=765 < 1000)
[14:52:16] t=3567 jev BUILD NARADR HOLD (资金闸门: 坦克优先, cash=765)
[14:52:16] t=3567 jev INF E2 HOLD (预算保护 gate=False e2=15)
[14:52:16] t=3567 jev VEH HTK HOLD (预算保护 cash=765 aav帽=ok aav=0)
[14:52:16] t=3567 MOVE raid x2 -> (76,123); t=3567 SIEGE STAGING x3/8 (攒兵团, 齐冲再上)
[14:52:16] {"kind": "action", "what": "attack_move", "name": null, "qty": null, "tid": null, "ts": "14:52:16"}
[14:52:16] t=3569 AA HTK x2 (enemy air, alive 0)
[14:52:16] t=3569 DEBT-GATE HTK x2 (debt=0 eff=765 < 1000)
[14:52:18] t=3569 jev BUILD NARADR HOLD (资金闸门: 坦克优先, cash=765)
[14:52:18] t=3569 jev INF E2 HOLD (预算保护 gate=False e2=15)
[14:52:18] t=3569 jev VEH HTK HOLD (预算保护 cash=765 aav帽=ok aav=0)
[14:52:18] t=3572 AA HTK x2 (enemy air, alive 0)
[14:52:18] t=3572 DEBT-GATE HTK x2 (debt=0 eff=765 < 1000)
[14:52:19] t=3572 jev BUILD NARADR HOLD (资金闸门: 坦克优先, cash=765)
[14:52:19] t=3572 jev INF E2 HOLD (预算保护 gate=False e2=15)
[14:52:19] t=3572 jev VEH HTK HOLD (预算保护 cash=765 aav帽=ok aav=0)
[14:52:20] t=3574 AA HTK x2 (enemy air, alive 0)
[14:52:20] t=3574 DEBT-GATE HTK x2 (debt=0 eff=765 < 1000)
[14:52:21] t=3574 jev BUILD NARADR HOLD (资金闸门: 坦克优先, cash=765)
[14:52:21] t=3574 jev INF E2 HOLD (预算保护 gate=False e2=15)
[14:52:21] t=3574 jev VEH HTK HOLD (预算保护 cash=765 aav帽=ok aav=0)
[14:52:22] t=3577 AA HTK x2 (enemy air, alive 0)
[14:52:22] t=3577 DEBT-GATE HTK x2 (debt=0 eff=765 < 1000)
[14:52:23] t=3577 jev BUILD NARADR HOLD (资金闸门: 坦克优先, cash=765)
[14:52:23] t=3577 jev INF E2 HOLD (预算保护 gate=False e2=15)
[14:52:23] t=3577 jev VEH HTK HOLD (预算保护 cash=765 aav帽=ok aav=0)
[14:52:23] t=3579 AA HTK x2 (enemy air, alive 0)
[14:52:23] t=3579 DEBT-GATE HTK x2 (debt=0 eff=765 < 1000)
[14:52:25] t=3579 jev BUILD NARADR HOLD (资金闸门: 坦克优先, cash=765)
[14:52:25] t=3579 jev INF E2 HOLD (预算保护 gate=False e2=15)
[14:52:25] t=3579 jev VEH HTK HOLD (预算保护 cash=765 aav帽=ok aav=0)
[14:52:25] t=3579 MOVE assault x3 -> (137,82); t=3579 SIEGE STAGING x3/8 (攒兵团, 齐冲再上)
[14:52:25] {"kind": "action", "what": "attack_move", "name": null, "qty": null, "tid": null, "ts": "14:52:25"}
[14:52:25] t=3582 AA HTK x2 (enemy air, alive 0)
[14:52:25] t=3582 ESCORT 坦克#4377 -> 护航矿车@[83, 77]
[14:52:25] t=3582 DEBT-GATE HTK x2 (debt=0 eff=765 < 1000)
[14:52:25] {"kind": "action", "what": "attack_move", "name": null, "qty": null, "tid": null, "ts": "14:52:25"}
[14:52:27] t=3582 jev BUILD NARADR HOLD (资金闸门: 坦克优先, cash=765)
[14:52:27] t=3582 jev INF E2 HOLD (预算保护 gate=False e2=15)
[14:52:27] t=3582 jev VEH HTK HOLD (预算保护 cash=765 aav帽=ok aav=0)
[14:52:27] t=3584 AA HTK x2 (enemy air, alive 0)
[14:52:27] t=3584 DEBT-GATE HTK x2 (debt=0 eff=765 < 1000)
[14:52:29] t=3584 jev BUILD NARADR HOLD (资金闸门: 坦克优先, cash=765)
[14:52:29] t=3584 jev INF E2 HOLD (预算保护 gate=False e2=15)
[14:52:29] t=3584 jev VEH HTK HOLD (预算保护 cash=765 aav帽=ok aav=0)
[14:52:29] t=3587 AA HTK x2 (enemy air, alive 0)
[14:52:29] t=3587 DEBT-GATE HTK x2 (debt=0 eff=765 < 1000)
[14:52:31] t=3587 jev BUILD NARADR HOLD (资金闸门: 坦克优先, cash=765)
[14:52:31] t=3587 jev INF E2 HOLD (预算保护 gate=False e2=15)
[14:52:31] t=3587 jev VEH HTK HOLD (预算保护 cash=765 aav帽=ok aav=0)
[14:52:31] t=3589 AA HTK x2 (enemy air, alive 0)
[14:52:31] t=3589 DEBT-GATE HTK x2 (debt=0 eff=765 < 1000)
[14:52:32] t=3589 jev BUILD NARADR HOLD (资金闸门: 坦克优先, cash=765)
[14:52:32] t=3589 jev INF E2 HOLD (预算保护 gate=False e2=15)
[14:52:32] t=3589 jev VEH HTK HOLD (预算保护 cash=765 aav帽=ok aav=0)
[14:52:33] t=3592 AA HTK x2 (enemy air, alive 0)
[14:52:33] t=3592 DEBT-GATE HTK x2 (debt=0 eff=765 < 1000)
[14:52:34] t=3592 jev BUILD NARADR HOLD (资金闸门: 坦克优先, cash=765)
[14:52:34] t=3592 jev INF E2 HOLD (预算保护 gate=False e2=15)
[14:52:34] t=3592 jev VEH HTK HOLD (预算保护 cash=765 aav帽=ok aav=0)
[14:52:35] t=3594 AA HTK x2 (enemy air, alive 0)
[14:52:35] t=3594 DEBT-GATE HTK x2 (debt=0 eff=765 < 1000)
[14:52:36] t=3594 jev BUILD NARADR HOLD (资金闸门: 坦克优先, cash=765)
[14:52:36] t=3594 jev INF E2 HOLD (预算保护 gate=False e2=15)
[14:52:36] t=3594 jev VEH HTK HOLD (预算保护 cash=765 aav帽=ok aav=0)
[14:52:36] t=3594 MOVE raid x2 -> (76,123); t=3594 SIEGE STAGING x3/8 (攒兵团, 齐冲再上)
[14:52:36] {"kind": "action", "what": "attack_move", "name": null, "qty": null, "tid": null, "ts": "14:52:36"}
[14:52:36] t=3597 AA HTK x2 (enemy air, alive 0)
[14:52:36] t=3597 DEBT-GATE HTK x2 (debt=0 eff=765 < 1000)
[14:52:38] t=3597 jev BUILD NARADR HOLD (资金闸门: 坦克优先, cash=765)
[14:52:38] t=3597 jev INF E2 HOLD (预算保护 gate=False e2=15)
[14:52:38] t=3597 jev VEH HTK HOLD (预算保护 cash=765 aav帽=ok aav=0)
[14:52:38] t=3597 MOVE assault x3 -> (137,82); t=3597 SIEGE STAGING x3/8 (攒兵团, 齐冲再上)
[14:52:38] {"kind": "action", "what": "attack_move", "name": null, "qty": null, "tid": null, "ts": "14:52:38"}
[14:52:38] t=3599 AA HTK x2 (enemy air, alive 0)
[14:52:38] t=3599 DEBT-GATE HTK x2 (debt=0 eff=765 < 1000)
[14:52:40] t=3599 jev BUILD NARADR HOLD (资金闸门: 坦克优先, cash=765)
[14:52:40] t=3599 jev INF E2 HOLD (预算保护 gate=False e2=15)
[14:52:40] t=3599 jev VEH HTK HOLD (预算保护 cash=765 aav帽=ok aav=0)
[14:52:40] t=3602 AA HTK x2 (enemy air, alive 0)
[14:52:40] t=3602 DEBT-GATE HTK x2 (debt=0 eff=765 < 1000)
[14:52:42] t=3602 jev BUILD NARADR HOLD (资金闸门: 坦克优先, cash=765)
[14:52:42] t=3602 jev INF E2 HOLD (预算保护 gate=False e2=15)
[14:52:42] t=3602 jev VEH HTK HOLD (预算保护 cash=765 aav帽=ok aav=0)
[14:52:42] t=3604 ECON harv#4
[14:52:42] {"kind": "action", "what": "produce", "name": "HARV", "qty": 1, "tid": null, "ts": "14:52:42"}
[14:52:44] t=3604 jev BUILD NARADR (conf 0.18)
[14:52:44] t=3604 jev INF E2 (conf 0.27)
[14:52:44] t=3604 DEBT-GATE NARADR x1 (debt=1400 eff=490 < 800)
[14:52:44] {"kind": "action", "what": "produce", "name": "E2", "qty": 1, "tid": null, "ts": "14:52:44"}
[14:52:46] t=3607 jev BUILD NARADR (conf 0.18)
[14:52:46] {"kind": "action", "what": "produce", "name": "NARADR", "qty": 1, "tid": null, "ts": "14:52:46"}
[14:52:50] t=3612 jev INF E2 (conf 0.27)
[14:52:51] t=3614 jev INF E2 HOLD (预算保护 gate=False e2=16)
[14:52:51] t=3614 MOVE assault x3 -> (137,82); t=3614 SIEGE STAGING x3/8 (攒兵团, 齐冲再上)
[14:52:51] {"kind": "action", "what": "attack_move", "name": null, "qty": null, "tid": null, "ts": "14:52:51"}
[14:52:53] t=3617 jev INF E2 HOLD (预算保护 gate=False e2=16)
[14:52:55] t=3619 jev INF E2 HOLD (预算保护 gate=False e2=16)
[14:52:55] t=3619 jev VEH HTK HOLD (预算保护 cash=140 aav帽=ok aav=0)
[14:52:55] t=3622 ESCORT 坦克#4378 -> 护航矿车@[104, 97]
[14:52:56] {"kind": "action", "what": "attack_move", "name": null, "qty": null, "tid": null, "ts": "14:52:56"}
[14:52:57] t=3622 jev INF E2 HOLD (预算保护 gate=False e2=16)
[14:52:57] t=3622 jev VEH HTK HOLD (预算保护 cash=78 aav帽=ok aav=0)
[14:52:57] t=3622 MOVE raid x2 -> (76,123); t=3622 SIEGE STAGING x3/8 (攒兵团, 齐冲再上)
[14:52:57] {"kind": "action", "what": "attack_move", "name": null, "qty": null, "tid": null, "ts": "14:52:57"}
[14:52:59] t=3625 jev INF E2 HOLD (预算保护 gate=False e2=16)
[14:52:59] t=3625 jev VEH HTK HOLD (预算保护 cash=14 aav帽=ok aav=0)
[14:52:59] t=3625 MOVE t=3625 SIEGE STAGING x3/8 (攒兵团, 齐冲再上); hold_a x8 -> (133,86)
[14:52:59] {"kind": "action", "what": "attack_move", "name": null, "qty": null, "tid": null, "ts": "14:52:59"}
[14:53:01] t=3627 jev INF E2 HOLD (预算保护 gate=False e2=16)
[14:53:01] t=3627 jev VEH HTK HOLD (预算保护 cash=0 aav帽=ok aav=0)
[14:53:01] t=3627 tick#1475 credits=0 stance=defend | jev 1475 decisions p50=1586ms
[14:53:03] t=3630 jev INF E2 HOLD (预算保护 gate=False e2=16)
[14:53:03] t=3630 jev VEH HTK HOLD (预算保护 cash=0 aav帽=ok aav=0)
[14:53:05] t=3632 jev INF E2 HOLD (预算保护 gate=False e2=16)
[14:53:05] t=3632 jev VEH HTK HOLD (预算保护 cash=0 aav帽=ok aav=0)
[14:53:05] t=3632 MOVE assault x3 -> (137,82); t=3632 SIEGE STAGING x3/8 (攒兵团, 齐冲再上)
[14:53:05] {"kind": "action", "what": "attack_move", "name": null, "qty": null, "tid": null, "ts": "14:53:05"}
[14:53:07] t=3635 jev INF E2 HOLD (预算保护 gate=False e2=16)
[14:53:07] t=3635 jev VEH HTK HOLD (预算保护 cash=0 aav帽=ok aav=0)
[14:53:08] t=3637 jev INF E2 HOLD (预算保护 gate=False e2=16)
[14:53:08] t=3637 jev VEH HTK HOLD (预算保护 cash=0 aav帽=ok aav=0)
[14:53:09] t=3640 ALARM enemy approaching -> RESCUE 预备队 3 人驰援远端 [108, 88]
[14:53:09] {"kind": "action", "what": "attack_move", "name": null, "qty": null, "tid": null, "ts": "14:53:09"}
[14:53:10] t=3640 jev INF E2 HOLD (预算保护 gate=False e2=16)
[14:53:10] t=3640 jev VEH HTK HOLD (预算保护 cash=0 aav帽=ok aav=0)
[14:53:12] t=3642 jev INF E2 HOLD (预算保护 gate=False e2=16)
[14:53:12] t=3642 jev VEH HTK HOLD (预算保护 cash=0 aav帽=ok aav=0)
[14:53:14] t=3645 jev INF E2 HOLD (预算保护 gate=False e2=16)
[14:53:14] t=3645 jev VEH HTK HOLD (预算保护 cash=0 aav帽=ok aav=0)
[14:53:16] t=3647 jev INF E2 HOLD (预算保护 gate=False e2=16)
[14:53:16] t=3647 jev VEH HTK HOLD (预算保护 cash=0 aav帽=ok aav=0)
[14:53:18] t=3650 jev INF E2 HOLD (预算保护 gate=False e2=16)
[14:53:18] t=3650 jev VEH HTK HOLD (预算保护 cash=0 aav帽=ok aav=0)
[14:53:18] t=3650 MOVE raid x2 -> (76,123); assault x3 -> (137,82); t=3650 AIR-EVADE assault x3 -> home (坦克打不到空中, 等AA猎杀); hold_b x8 -> (126,75)
[14:53:18] {"kind": "action", "what": "attack_move", "name": null, "qty": null, "tid": null, "ts": "14:53:18"}
[14:53:18] {"kind": "action", "what": "attack_move", "name": null, "qty": null, "tid": null, "ts": "14:53:18"}
[14:53:18] {"kind": "action", "what": "attack_move", "name": null, "qty": null, "tid": null, "ts": "14:53:18"}
[14:53:18] t=3652 ALARM enemy approaching -> TURTLE (19 v 20, 守塔阵不打野战)
[14:53:18] {"kind": "action", "what": "attack_move", "name": null, "qty": null, "tid": null, "ts": "14:53:18"}
[14:53:20] t=3652 jev INF E2 HOLD (预算保护 gate=False e2=16)
[14:53:20] t=3652 jev VEH HTK HOLD (预算保护 cash=0 aav帽=ok aav=0)
[14:53:22] t=3655 jev INF E2 HOLD (预算保护 gate=False e2=16)
[14:53:22] t=3655 jev VEH HTK HOLD (预算保护 cash=0 aav帽=ok aav=0)
[14:53:24] t=3657 jev INF E2 HOLD (预算保护 gate=False e2=16)
[14:53:24] t=3657 jev VEH HTK HOLD (预算保护 cash=0 aav帽=ok aav=0)
[14:53:26] t=3660 jev INF E2 HOLD (预算保护 gate=False e2=16)
[14:53:26] t=3660 jev VEH HTK HOLD (预算保护 cash=0 aav帽=ok aav=0)
[14:53:26] t=3663 ESCORT 坦克#4378 -> 护航矿车@[116, 135]
[14:53:26] {"kind": "action", "what": "attack_move", "name": null, "qty": null, "tid": null, "ts": "14:53:26"}
[14:53:28] t=3663 jev INF E2 HOLD (预算保护 gate=False e2=16)
[14:53:28] t=3663 jev VEH HTK HOLD (预算保护 cash=0 aav帽=ok aav=0)
[14:53:28] t=3665 ALARM enemy approaching -> TURTLE (19 v 16, 守塔阵不打野战)
[14:53:28] {"kind": "action", "what": "attack_move", "name": null, "qty": null, "tid": null, "ts": "14:53:28"}
[14:53:30] t=3665 jev INF E2 HOLD (预算保护 gate=False e2=16)
[14:53:30] t=3665 jev VEH HTK HOLD (预算保护 cash=0 aav帽=ok aav=0)
[14:53:32] t=3668 jev INF E2 HOLD (预算保护 gate=False e2=16)
[14:53:32] t=3668 jev VEH HTK HOLD (预算保护 cash=0 aav帽=ok aav=0)
[14:53:34] t=3670 jev INF E2 HOLD (预算保护 gate=False e2=16)
[14:53:34] t=3670 jev VEH HTK HOLD (预算保护 cash=333 aav帽=ok aav=0)
[14:53:35] t=3673 jev INF E2 HOLD (预算保护 gate=False e2=16)
[14:53:35] t=3673 jev VEH HTK HOLD (预算保护 cash=270 aav帽=ok aav=0)
[14:53:37] t=3676 jev INF E2 HOLD (预算保护 gate=False e2=16)
[14:53:37] t=3676 jev VEH HARV HOLD (预算保护 cash=206 aav帽=ok aav=0)
[14:53:37] t=3676 MOVE assault x3 -> (137,82); t=3676 AIR-EVADE assault x3 -> home (坦克打不到空中, 等AA猎杀)
[14:53:37] {"kind": "action", "what": "attack_move", "name": null, "qty": null, "tid": null, "ts": "14:53:37"}
[14:53:38] t=3678 ALARM long-range fire (likely V3) -> counter 19 vs 12 -> [131, 84]
[14:53:38] {"kind": "action", "what": "attack_move", "name": null, "qty": null, "tid": null, "ts": "14:53:38"}
[14:53:39] t=3678 jev INF E2 HOLD (预算保护 gate=False e2=16)
[14:53:41] t=3681 jev INF E2 HOLD (预算保护 gate=False e2=16)
[14:53:43] t=3683 jev INF E2 HOLD (预算保护 gate=False e2=16)
[14:53:45] t=3686 jev INF E2 HOLD (预算保护 gate=False e2=16)
[14:53:45] t=3688 V3-RESPONSE HTK x1 (alive 0, seen t1000003688 fire t10)
[14:53:45] {"kind": "action", "what": "produce", "name": "HTK", "qty": 1, "tid": null, "ts": "14:53:45"}
[14:53:47] t=3688 jev INF E2 (conf 0.36)
[14:53:47] {"kind": "action", "what": "produce", "name": "E2", "qty": 1, "tid": null, "ts": "14:53:47"}
[14:53:47] t=3688 MOVE raid x2 -> (76,123); t=3688 SIEGE STAGING x3/8 (攒兵团, 齐冲再上)
[14:53:47] {"kind": "action", "what": "attack_move", "name": null, "qty": null, "tid": null, "ts": "14:53:47"}
[14:53:50] t=3691 MOVE assault x3 -> (137,82); t=3691 SIEGE STAGING x3/8 (攒兵团, 齐冲再上)
[14:53:50] {"kind": "action", "what": "attack_move", "name": null, "qty": null, "tid": null, "ts": "14:53:50"}
[14:53:50] t=3691 tick#1500 credits=520 stance=defend | jev 1500 decisions p50=1591ms
[14:53:53] t=3695 jev INF FLAKT HOLD (预算保护 gate=False e2=17)
[14:53:53] t=3695 jev VEH HARV HOLD (预算保护 cash=310 aav帽=ok aav=1)
[14:53:53] t=3695 MOVE t=3695 SIEGE STAGING x3/8 (攒兵团, 齐冲再上); aahunt x1 -> (125,84)
[14:53:53] {"kind": "action", "what": "attack_move", "name": null, "qty": null, "tid": null, "ts": "14:53:53"}
[14:53:55] t=3699 jev INF FLAKT HOLD (预算保护 gate=False e2=17)
[14:53:55] t=3699 jev VEH HARV HOLD (预算保护 cash=310 aav帽=ok aav=1)
[14:53:57] t=3702 jev INF FLAKT HOLD (预算保护 gate=False e2=17)
[14:53:57] t=3702 jev VEH HARV HOLD (预算保护 cash=310 aav帽=ok aav=1)
[14:53:58] t=3704 ESCORT 坦克#4377 -> 护航矿车@[117, 135]
[14:53:58] {"kind": "action", "what": "attack_move", "name": null, "qty": null, "tid": null, "ts": "14:53:58"}
[14:53:59] t=3704 jev INF FLAKT HOLD (预算保护 gate=False e2=17)
[14:53:59] t=3704 jev VEH HARV HOLD (预算保护 cash=310 aav帽=ok aav=1)
[14:53:59] t=3704 MOVE t=3704 SIEGE STAGING x3/8 (攒兵团, 齐冲再上); hold_a x9 -> (133,86)
[14:53:59] {"kind": "action", "what": "attack_move", "name": null, "qty": null, "tid": null, "ts": "14:53:59"}
[14:54:01] t=3707 jev INF FLAKT HOLD (预算保护 gate=False e2=17)
[14:54:01] t=3707 jev VEH HARV HOLD (预算保护 cash=310 aav帽=ok aav=1)
[14:54:03] t=3710 jev INF FLAKT HOLD (预算保护 gate=False e2=17)
[14:54:03] t=3710 jev VEH HARV HOLD (预算保护 cash=310 aav帽=ok aav=1)
[14:54:03] t=3710 MOVE assault x3 -> (137,82); t=3710 SIEGE STAGING x3/8 (攒兵团, 齐冲再上)
[14:54:03] {"kind": "action", "what": "attack_move", "name": null, "qty": null, "tid": null, "ts": "14:54:03"}
[14:54:05] t=3713 jev INF FLAKT HOLD (预算保护 gate=False e2=17)
[14:54:05] t=3713 jev VEH HARV HOLD (预算保护 cash=310 aav帽=ok aav=1)
[14:54:07] t=3715 jev INF FLAKT HOLD (预算保护 gate=False e2=17)
[14:54:07] t=3715 jev VEH HARV HOLD (预算保护 cash=310 aav帽=ok aav=1)
[14:54:07] t=3715 MOVE raid x2 -> (76,123); t=3715 SIEGE STAGING x3/8 (攒兵团, 齐冲再上)
[14:54:07] {"kind": "action", "what": "attack_move", "name": null, "qty": null, "tid": null, "ts": "14:54:07"}
[14:54:09] t=3718 jev INF FLAKT HOLD (预算保护 gate=False e2=17)
[14:54:09] t=3718 jev VEH HARV HOLD (预算保护 cash=310 aav帽=ok aav=1)
[14:54:11] t=3721 jev INF FLAKT HOLD (预算保护 gate=False e2=17)
[14:54:11] t=3721 jev VEH HARV HOLD (预算保护 cash=310 aav帽=ok aav=1)
[14:54:14] t=3723 jev INF FLAKT HOLD (预算保护 gate=False e2=17)
[14:54:14] t=3723 jev VEH HARV HOLD (预算保护 cash=310 aav帽=ok aav=1)
[14:54:16] t=3726 jev INF FLAKT HOLD (预算保护 gate=False e2=17)
[14:54:16] t=3726 jev VEH HARV HOLD (预算保护 cash=310 aav帽=ok aav=1)
[14:54:16] t=3726 MOVE assault x3 -> (137,82); t=3726 SIEGE STAGING x3/8 (攒兵团, 齐冲再上)
[14:54:16] {"kind": "action", "what": "attack_move", "name": null, "qty": null, "tid": null, "ts": "14:54:16"}
[14:54:18] t=3729 jev INF FLAKT HOLD (预算保护 gate=False e2=17)
[14:54:18] t=3729 jev VEH HARV HOLD (预算保护 cash=310 aav帽=ok aav=1)
[14:54:20] t=3731 jev INF FLAKT HOLD (预算保护 gate=False e2=17)
[14:54:20] t=3731 jev VEH HARV HOLD (预算保护 cash=310 aav帽=ok aav=1)
[14:54:20] t=3731 MOVE t=3731 SIEGE STAGING x3/8 (攒兵团, 齐冲再上); hold_b x8 -> (126,75)
[14:54:20] {"kind": "action", "what": "attack_move", "name": null, "qty": null, "tid": null, "ts": "14:54:20"}
[14:54:22] t=3734 jev INF FLAKT HOLD (预算保护 gate=False e2=17)
[14:54:22] t=3734 jev VEH HARV HOLD (预算保护 cash=310 aav帽=ok aav=1)
[14:54:24] t=3737 jev INF FLAKT HOLD (预算保护 gate=False e2=17)
[14:54:24] t=3737 jev VEH HARV HOLD (预算保护 cash=310 aav帽=ok aav=1)
[14:54:24] t=3737 MOVE t=3737 SIEGE STAGING x3/8 (攒兵团, 齐冲再上); aahunt x1 -> (125,84)
[14:54:24] {"kind": "action", "what": "attack_move", "name": null, "qty": null, "tid": null, "ts": "14:54:24"}
[14:54:26] t=3740 jev INF FLAKT HOLD (预算保护 gate=False e2=17)
[14:54:26] t=3740 jev VEH HARV HOLD (预算保护 cash=310 aav帽=ok aav=1)
[14:54:28] t=3742 jev INF FLAKT HOLD (预算保护 gate=False e2=17)
[14:54:28] t=3742 jev VEH HARV HOLD (预算保护 cash=310 aav帽=ok aav=1)
[14:54:28] t=3742 MOVE raid x2 -> (76,123); assault x3 -> (137,82); t=3742 SIEGE STAGING x3/8 (攒兵团, 齐冲再上)
[14:54:28] {"kind": "action", "what": "attack_move", "name": null, "qty": null, "tid": null, "ts": "14:54:28"}
[14:54:28] {"kind": "action", "what": "attack_move", "name": null, "qty": null, "tid": null, "ts": "14:54:28"}
[14:54:28] t=3745 ESCORT 坦克#4378 -> 护航矿车@[117, 135]
[14:54:28] {"kind": "action", "what": "attack_move", "name": null, "qty": null, "tid": null, "ts": "14:54:28"}
[14:54:30] t=3745 jev INF FLAKT HOLD (预算保护 gate=False e2=17)
[14:54:30] t=3745 jev VEH HARV HOLD (预算保护 cash=310 aav帽=ok aav=1)
[14:54:32] t=3748 jev INF FLAKT HOLD (预算保护 gate=False e2=17)
[14:54:32] t=3748 jev VEH HARV HOLD (预算保护 cash=310 aav帽=ok aav=1)
[14:54:34] t=3751 jev INF FLAKT HOLD (预算保护 gate=False e2=17)
[14:54:34] t=3751 jev VEH HARV HOLD (预算保护 cash=310 aav帽=ok aav=1)
[14:54:36] t=3753 jev INF FLAKT HOLD (预算保护 gate=False e2=17)
[14:54:36] t=3753 jev VEH HARV HOLD (预算保护 cash=310 aav帽=ok aav=1)
[14:54:38] t=3756 jev INF FLAKT HOLD (预算保护 gate=False e2=17)
[14:54:38] t=3756 jev VEH HARV HOLD (预算保护 cash=310 aav帽=ok aav=1)
[14:54:40] t=3759 jev INF FLAKT HOLD (预算保护 gate=False e2=17)
[14:54:40] t=3759 jev VEH HARV HOLD (预算保护 cash=310 aav帽=ok aav=1)
[14:54:40] t=3759 MOVE assault x3 -> (137,82); t=3759 SIEGE STAGING x3/8 (攒兵团, 齐冲再上)
[14:54:40] {"kind": "action", "what": "attack_move", "name": null, "qty": null, "tid": null, "ts": "14:54:40"}
[14:54:42] t=3761 jev INF FLAKT HOLD (预算保护 gate=False e2=17)
[14:54:42] t=3761 jev VEH HARV HOLD (预算保护 cash=310 aav帽=ok aav=1)
[14:54:42] t=3761 tick#1525 credits=310 stance=defend | jev 1525 decisions p50=1595ms
[14:54:44] t=3764 jev INF FLAKT HOLD (预算保护 gate=False e2=17)
[14:54:44] t=3764 jev VEH HARV HOLD (预算保护 cash=310 aav帽=ok aav=1)
[14:54:46] t=3767 jev INF FLAKT HOLD (预算保护 gate=False e2=17)
[14:54:46] t=3767 jev VEH HARV HOLD (预算保护 cash=310 aav帽=ok aav=1)
[14:54:48] t=3769 jev INF FLAKT HOLD (预算保护 gate=False e2=17)
[14:54:48] t=3769 jev VEH HARV HOLD (预算保护 cash=310 aav帽=ok aav=1)
[14:54:48] t=3769 MOVE raid x2 -> (76,123); t=3769 SIEGE STAGING x3/8 (攒兵团, 齐冲再上)
[14:54:48] {"kind": "action", "what": "attack_move", "name": null, "qty": null, "tid": null, "ts": "14:54:48"}
[14:54:50] t=3772 jev INF FLAKT HOLD (预算保护 gate=False e2=17)
[14:54:50] t=3772 jev VEH HARV HOLD (预算保护 cash=310 aav帽=ok aav=1)
[14:54:52] t=3775 jev INF FLAKT HOLD (预算保护 gate=False e2=17)
[14:54:52] t=3775 jev VEH HARV HOLD (预算保护 cash=310 aav帽=ok aav=1)
[14:54:52] t=3775 MOVE assault x3 -> (137,82); t=3775 SIEGE STAGING x3/8 (攒兵团, 齐冲再上)
[14:54:52] {"kind": "action", "what": "attack_move", "name": null, "qty": null, "tid": null, "ts": "14:54:52"}
[14:54:53] t=3778 ECON harv#5
[14:54:53] {"kind": "action", "what": "produce", "name": "HARV", "qty": 1, "tid": null, "ts": "14:54:53"}
[14:54:54] t=3778 jev INF FLAKT (conf 0.56)
[14:54:54] t=3778 DEBT-GATE FLAKT x1 (debt=1400 eff=35 < 250)
[14:54:54] t=3778 MOVE t=3778 SIEGE STAGING x3/8 (攒兵团, 齐冲再上); aahunt x1 -> (125,84)
[14:54:54] {"kind": "action", "what": "attack_move", "name": null, "qty": null, "tid": null, "ts": "14:54:54"}
[14:54:57] t=3780 jev INF FLAKT (conf 0.55)
[14:54:57] {"kind": "action", "what": "produce", "name": "FLAKT", "qty": 1, "tid": null, "ts": "14:54:57"}
[14:55:00] t=3784 MOVE t=3784 SIEGE STAGING x3/8 (攒兵团, 齐冲再上); hold_a x9 -> (133,86)
[14:55:00] {"kind": "action", "what": "attack_move", "name": null, "qty": null, "tid": null, "ts": "14:55:00"}
[14:55:00] t=3788 ESCORT 坦克#4378 -> 护航矿车@[121, 103]
[14:55:00] {"kind": "action", "what": "attack_move", "name": null, "qty": null, "tid": null, "ts": "14:55:00"}
[14:55:03] t=3788 jev INF FLAKT HOLD (预算保护 gate=False e2=17)
[14:55:05] t=3792 jev INF FLAKT HOLD (预算保护 gate=False e2=17)
[14:55:05] t=3792 MOVE assault x3 -> (137,82); t=3792 SIEGE STAGING x3/8 (攒兵团, 齐冲再上)
[14:55:05] {"kind": "action", "what": "attack_move", "name": null, "qty": null, "tid": null, "ts": "14:55:05"}
[14:55:07] t=3794 jev INF FLAKT HOLD (预算保护 gate=False e2=17)
[14:55:09] t=3797 jev INF FLAKT HOLD (预算保护 gate=False e2=17)
[14:55:09] t=3797 MOVE raid x2 -> (76,123); t=3797 SIEGE STAGING x3/8 (攒兵团, 齐冲再上)
[14:55:09] {"kind": "action", "what": "attack_move", "name": null, "qty": null, "tid": null, "ts": "14:55:09"}
[14:55:11] t=3800 jev INF FLAKT HOLD (预算保护 gate=False e2=17)
[14:55:13] t=3802 jev INF FLAKT HOLD (预算保护 gate=False e2=17)
[14:55:15] t=3805 jev INF FLAKT HOLD (预算保护 gate=False e2=17)
[14:55:17] t=3808 jev INF FLAKT HOLD (预算保护 gate=False e2=17)
[14:55:17] t=3808 MOVE assault x3 -> (137,82); t=3808 SIEGE STAGING x3/8 (攒兵团, 齐冲再上)
[14:55:17] {"kind": "action", "what": "attack_move", "name": null, "qty": null, "tid": null, "ts": "14:55:17"}
[14:55:19] t=3810 jev INF FLAKT HOLD (预算保护 gate=False e2=17)
[14:55:21] t=3813 jev INF FLAKT HOLD (预算保护 gate=False e2=17)
[14:55:21] t=3813 MOVE t=3813 SIEGE STAGING x3/8 (攒兵团, 齐冲再上); hold_b x9 -> (126,75)
[14:55:21] {"kind": "action", "what": "attack_move", "name": null, "qty": null, "tid": null, "ts": "14:55:21"}
[14:55:23] t=3816 jev INF FLAKT HOLD (预算保护 gate=False e2=17)
[14:55:25] t=3819 jev INF FLAKT HOLD (预算保护 gate=False e2=17)
[14:55:25] t=3819 MOVE t=3819 SIEGE STAGING x3/8 (攒兵团, 齐冲再上); aahunt x1 -> (125,84)
[14:55:25] {"kind": "action", "what": "attack_move", "name": null, "qty": null, "tid": null, "ts": "14:55:25"}
[14:55:27] t=3821 jev INF FLAKT HOLD (预算保护 gate=False e2=17)
[14:55:29] t=3824 jev INF FLAKT HOLD (预算保护 gate=False e2=17)
[14:55:29] t=3824 MOVE raid x2 -> (76,123); assault x3 -> (137,82); t=3824 SIEGE STAGING x3/8 (攒兵团, 齐冲再上)
[14:55:29] {"kind": "action", "what": "attack_move", "name": null, "qty": null, "tid": null, "ts": "14:55:29"}
[14:55:29] {"kind": "action", "what": "attack_move", "name": null, "qty": null, "tid": null, "ts": "14:55:29"}
[14:55:31] t=3827 jev INF FLAKT HOLD (预算保护 gate=False e2=17)
[14:55:32] t=3829 ESCORT 坦克#4378 -> 护航矿车@[89, 56]
[14:55:32] {"kind": "action", "what": "attack_move", "name": null, "qty": null, "tid": null, "ts": "14:55:32"}
[14:55:33] t=3829 jev INF FLAKT HOLD (预算保护 gate=False e2=17)
[14:55:34] t=3832 TANK HTNK x1
[14:55:34] {"kind": "action", "what": "produce", "name": "HTNK", "qty": 1, "tid": null, "ts": "14:55:34"}
[14:55:35] t=3832 jev INF FLAKT (conf 0.41)
[14:55:35] t=3832 DEBT-GATE FLAKT x1 (debt=900 eff=35 < 250)
[14:55:35] t=3832 tick#1550 credits=935 stance=defend | jev 1550 decisions p50=1598ms
[14:55:37] t=3835 jev INF FLAKT HOLD (预算保护 gate=False e2=17)
[14:55:39] t=3837 jev INF FLAKT HOLD (预算保护 gate=False e2=17)
[14:55:41] t=3840 jev INF FLAKT HOLD (预算保护 gate=False e2=17)
[14:55:41] t=3840 jev VEH HARV HOLD (预算保护 cash=35 aav帽=ok aav=1)
[14:55:41] t=3840 ATTACK (tanks=6)
[14:55:41] t=3840 MOVE assault x4 -> (137,82); t=3840 SIEGE STAGING x4/8 (攒兵团, 齐冲再上)
[14:55:41] {"kind": "action", "what": "attack_move", "name": null, "qty": null, "tid": null, "ts": "14:55:41"}
[14:55:43] t=3843 jev INF FLAKT HOLD (预算保护 gate=False e2=17)
[14:55:43] t=3843 jev VEH HARV HOLD (预算保护 cash=35 aav帽=ok aav=1)
[14:55:43] t=3843 THREAT 0.61 -> force defend
[14:55:43] t=3843 ATTACK (tanks=6)
[14:55:45] t=3845 jev INF FLAKT HOLD (预算保护 gate=False e2=17)
[14:55:45] t=3845 jev VEH HARV HOLD (预算保护 cash=35 aav帽=ok aav=1)
[14:55:45] t=3845 THREAT 0.61 -> force defend
[14:55:45] t=3845 ATTACK (tanks=6)
[14:55:47] t=3848 jev INF FLAKT HOLD (预算保护 gate=False e2=17)
[14:55:47] t=3848 jev VEH HARV HOLD (预算保护 cash=35 aav帽=ok aav=1)
[14:55:47] t=3848 THREAT 0.60 -> force defend
[14:55:47] t=3848 ATTACK (tanks=6)
[14:55:49] t=3851 jev INF FLAKT HOLD (预算保护 gate=False e2=17)
[14:55:49] t=3851 jev VEH HARV HOLD (预算保护 cash=35 aav帽=ok aav=1)
[14:55:49] t=3851 THREAT 0.59 -> force defend
[14:55:49] t=3851 ATTACK (tanks=6)
[14:55:49] t=3851 MOVE raid x2 -> (76,123); t=3851 SIEGE STAGING x4/8 (攒兵团, 齐冲再上)
[14:55:49] {"kind": "action", "what": "attack_move", "name": null, "qty": null, "tid": null, "ts": "14:55:49"}
[14:55:51] t=3853 jev INF FLAKT HOLD (预算保护 gate=False e2=17)
[14:55:51] t=3853 jev VEH HARV HOLD (预算保护 cash=35 aav帽=ok aav=1)
[14:55:51] t=3853 THREAT 0.59 -> force defend
[14:55:51] t=3853 ATTACK (tanks=6)
[14:55:53] t=3856 jev INF FLAKT HOLD (预算保护 gate=False e2=17)
[14:55:53] t=3856 THREAT 0.59 -> force defend
[14:55:53] t=3856 ATTACK (tanks=6)
[14:55:53] t=3856 MOVE assault x4 -> (137,82); t=3856 SIEGE STAGING x4/8 (攒兵团, 齐冲再上)
[14:55:53] {"kind": "action", "what": "attack_move", "name": null, "qty": null, "tid": null, "ts": "14:55:53"}
[14:55:55] t=3859 jev INF FLAKT HOLD (预算保护 gate=False e2=17)
[14:55:55] t=3859 jev VEH HARV HOLD (预算保护 cash=35 aav帽=ok aav=1)
[14:55:55] t=3859 THREAT 0.58 -> force defend
[14:55:55] t=3859 ATTACK (tanks=6)
[14:55:55] t=3859 MOVE t=3859 SIEGE STAGING x4/8 (攒兵团, 齐冲再上); aahunt x1 -> (125,84)
[14:55:56] {"kind": "action", "what": "attack_move", "name": null, "qty": null, "tid": null, "ts": "14:55:56"}
[14:55:58] t=3862 jev INF FLAKT HOLD (预算保护 gate=False e2=17)
[14:55:58] t=3862 jev VEH HARV HOLD (预算保护 cash=35 aav帽=ok aav=1)
[14:55:58] t=3862 THREAT 0.59 -> force defend
[14:55:58] t=3862 ATTACK (tanks=6)
[14:55:59] t=3864 jev INF FLAKT HOLD (预算保护 gate=False e2=17)
[14:55:59] t=3864 jev VEH HARV HOLD (预算保护 cash=35 aav帽=ok aav=1)
[14:55:59] t=3864 THREAT 0.59 -> force defend
[14:55:59] t=3864 ATTACK (tanks=6)
[14:56:02] t=3867 jev INF FLAKT HOLD (预算保护 gate=False e2=17)
[14:56:02] t=3867 jev VEH HARV HOLD (预算保护 cash=35 aav帽=ok aav=1)
[14:56:02] t=3867 THREAT 0.60 -> force defend
[14:56:02] t=3867 ATTACK (tanks=6)
[14:56:02] t=3867 MOVE t=3867 SIEGE STAGING x4/8 (攒兵团, 齐冲再上); hold_a x9 -> (133,86)
[14:56:02] {"kind": "action", "what": "attack_move", "name": null, "qty": null, "tid": null, "ts": "14:56:02"}
[14:56:02] t=3870 ESCORT 坦克#4378 -> 护航矿车@[118, 126]
[14:56:02] {"kind": "action", "what": "attack_move", "name": null, "qty": null, "tid": null, "ts": "14:56:02"}
[14:56:04] t=3870 jev INF FLAKT HOLD (预算保护 gate=False e2=17)
[14:56:04] t=3870 jev VEH HARV HOLD (预算保护 cash=35 aav帽=ok aav=1)
[14:56:04] t=3870 THREAT 0.60 -> force defend
[14:56:04] t=3870 ATTACK (tanks=6)
[14:56:06] t=3872 jev INF FLAKT HOLD (预算保护 gate=False e2=17)
[14:56:06] t=3872 jev VEH HARV HOLD (预算保护 cash=35 aav帽=ok aav=1)
[14:56:06] t=3872 THREAT 0.59 -> force defend
[14:56:06] t=3872 ATTACK (tanks=6)
[14:56:06] t=3872 MOVE assault x4 -> (137,82); t=3872 SIEGE STAGING x4/8 (攒兵团, 齐冲再上)
[14:56:06] {"kind": "action", "what": "attack_move", "name": null, "qty": null, "tid": null, "ts": "14:56:06"}
[14:56:08] t=3875 jev INF FLAKT HOLD (预算保护 gate=False e2=17)
[14:56:08] t=3875 jev VEH HARV HOLD (预算保护 cash=35 aav帽=ok aav=1)
[14:56:08] t=3875 THREAT 0.59 -> force defend
[14:56:08] t=3875 ATTACK (tanks=6)
[14:56:10] t=3878 jev INF FLAKT HOLD (预算保护 gate=False e2=17)
[14:56:10] t=3878 jev VEH HARV HOLD (预算保护 cash=35 aav帽=ok aav=1)
[14:56:10] t=3878 THREAT 0.59 -> force defend
[14:56:10] t=3878 ATTACK (tanks=6)
[14:56:10] t=3878 MOVE raid x2 -> (76,123); t=3878 SIEGE STAGING x4/8 (攒兵团, 齐冲再上)
[14:56:10] {"kind": "action", "what": "attack_move", "name": null, "qty": null, "tid": null, "ts": "14:56:10"}
[14:56:12] t=3880 jev INF FLAKT HOLD (预算保护 gate=False e2=17)
[14:56:12] t=3880 jev VEH HARV HOLD (预算保护 cash=35 aav帽=ok aav=1)
[14:56:12] t=3880 THREAT 0.58 -> force defend
[14:56:12] t=3880 ATTACK (tanks=6)
[14:56:14] t=3883 jev INF FLAKT HOLD (预算保护 gate=False e2=17)
[14:56:14] t=3883 jev VEH HARV HOLD (预算保护 cash=35 aav帽=ok aav=1)
[14:56:14] t=3883 THREAT 0.59 -> force defend
[14:56:14] t=3883 ATTACK (tanks=6)
[14:56:16] t=3886 jev INF FLAKT HOLD (预算保护 gate=False e2=17)
[14:56:16] t=3886 jev VEH HARV HOLD (预算保护 cash=35 aav帽=ok aav=1)
[14:56:16] t=3886 THREAT 0.58 -> force defend
[14:56:16] t=3886 ATTACK (tanks=6)
[14:56:18] t=3888 jev INF FLAKT HOLD (预算保护 gate=False e2=17)
[14:56:18] t=3888 jev VEH HARV HOLD (预算保护 cash=35 aav帽=ok aav=1)
[14:56:18] t=3888 THREAT 0.59 -> force defend
[14:56:18] t=3888 ATTACK (tanks=6)
[14:56:18] t=3888 MOVE assault x4 -> (137,82); t=3888 SIEGE STAGING x4/8 (攒兵团, 齐冲再上)
[14:56:18] {"kind": "action", "what": "attack_move", "name": null, "qty": null, "tid": null, "ts": "14:56:18"}
[14:56:20] t=3891 jev INF FLAKT HOLD (预算保护 gate=False e2=17)
[14:56:20] t=3891 THREAT 0.58 -> force defend
[14:56:20] t=3891 ATTACK (tanks=6)
[14:56:22] t=3894 jev INF FLAKT HOLD (预算保护 gate=False e2=17)
[14:56:22] t=3894 jev VEH HARV HOLD (预算保护 cash=35 aav帽=ok aav=1)
[14:56:22] t=3894 THREAT 0.58 -> force defend
[14:56:22] t=3894 ATTACK (tanks=6)
[14:56:22] t=3894 MOVE t=3894 SIEGE STAGING x4/8 (攒兵团, 齐冲再上); hold_b x9 -> (126,75)
[14:56:22] {"kind": "action", "what": "attack_move", "name": null, "qty": null, "tid": null, "ts": "14:56:22"}
[14:56:24] t=3897 jev INF FLAKT HOLD (预算保护 gate=False e2=17)
[14:56:24] t=3897 jev VEH HARV HOLD (预算保护 cash=35 aav帽=ok aav=1)
[14:56:24] t=3897 THREAT 0.58 -> force defend
[14:56:24] t=3897 ATTACK (tanks=6)
[14:56:26] t=3899 jev INF FLAKT HOLD (预算保护 gate=False e2=17)
[14:56:26] t=3899 THREAT 0.59 -> force defend
[14:56:26] t=3899 ATTACK (tanks=6)
[14:56:26] t=3899 MOVE t=3899 SIEGE STAGING x4/8 (攒兵团, 齐冲再上); aahunt x1 -> (125,84)
[14:56:26] {"kind": "action", "what": "attack_move", "name": null, "qty": null, "tid": null, "ts": "14:56:26"}
[14:56:26] t=3899 tick#1575 credits=185 stance=attack | jev 1575 decisions p50=1600ms
[14:56:28] t=3902 jev INF FLAKT HOLD (预算保护 gate=False e2=17)
[14:56:28] t=3902 jev VEH HARV HOLD (预算保护 cash=185 aav帽=ok aav=1)
[14:56:28] t=3902 THREAT 0.59 -> force defend
[14:56:28] t=3902 ATTACK (tanks=6)
[14:56:30] t=3905 jev INF FLAKT HOLD (预算保护 gate=False e2=17)
[14:56:30] t=3905 THREAT 0.58 -> force defend
[14:56:30] t=3905 ATTACK (tanks=6)
[14:56:30] t=3905 MOVE raid x2 -> (76,123); assault x4 -> (137,82); t=3905 SIEGE STAGING x4/8 (攒兵团, 齐冲再上)
[14:56:30] {"kind": "action", "what": "attack_move", "name": null, "qty": null, "tid": null, "ts": "14:56:30"}
[14:56:30] {"kind": "action", "what": "attack_move", "name": null, "qty": null, "tid": null, "ts": "14:56:30"}
[14:56:32] t=3907 jev INF FLAKT HOLD (预算保护 gate=False e2=17)
[14:56:32] t=3907 jev VEH HARV HOLD (预算保护 cash=185 aav帽=ok aav=1)
[14:56:32] t=3907 THREAT 0.58 -> force defend
[14:56:32] t=3907 ATTACK (tanks=6)
[14:56:32] t=3910 ESCORT 坦克#4377 -> 护航矿车@[115, 135]
[14:56:32] {"kind": "action", "what": "attack_move", "name": null, "qty": null, "tid": null, "ts": "14:56:32"}
[14:56:34] t=3910 jev INF FLAKT HOLD (预算保护 gate=False e2=17)
[14:56:34] t=3910 THREAT 0.59 -> force defend
[14:56:34] t=3910 ATTACK (tanks=6)
[14:56:36] t=3913 jev INF FLAKT HOLD (预算保护 gate=False e2=17)
[14:56:36] t=3913 jev VEH HARV HOLD (预算保护 cash=410 aav帽=ok aav=1)
[14:56:36] t=3913 THREAT 0.60 -> force defend
[14:56:36] t=3913 ATTACK (tanks=6)
[14:56:38] t=3916 jev INF FLAKT HOLD (预算保护 gate=False e2=17)
[14:56:38] t=3916 jev VEH HARV HOLD (预算保护 cash=410 aav帽=ok aav=1)
[14:56:38] t=3916 THREAT 0.59 -> force defend
[14:56:38] t=3916 ATTACK (tanks=6)
[14:56:40] t=3918 jev INF FLAKT HOLD (预算保护 gate=False e2=17)
[14:56:40] t=3918 jev VEH HARV HOLD (预算保护 cash=410 aav帽=ok aav=1)
[14:56:40] t=3918 THREAT 0.58 -> force defend
[14:56:40] t=3918 ATTACK (tanks=6)
[14:56:42] t=3921 jev INF FLAKT HOLD (预算保护 gate=False e2=17)
[14:56:42] t=3921 jev VEH HARV HOLD (预算保护 cash=410 aav帽=ok aav=1)
[14:56:42] t=3921 THREAT 0.58 -> force defend
[14:56:42] t=3921 ATTACK (tanks=6)
[14:56:42] t=3921 MOVE assault x4 -> (137,82); t=3921 SIEGE STAGING x4/8 (攒兵团, 齐冲再上)
[14:56:42] {"kind": "action", "what": "attack_move", "name": null, "qty": null, "tid": null, "ts": "14:56:42"}
[14:56:44] t=3924 jev INF FLAKT HOLD (预算保护 gate=False e2=17)
[14:56:44] t=3924 jev VEH HARV HOLD (预算保护 cash=410 aav帽=ok aav=1)
[14:56:44] t=3924 THREAT 0.59 -> force defend
[14:56:44] t=3924 ATTACK (tanks=6)
[14:56:46] t=3926 jev INF FLAKT HOLD (预算保护 gate=False e2=17)
[14:56:46] t=3926 jev VEH HARV HOLD (预算保护 cash=410 aav帽=ok aav=1)
[14:56:46] t=3926 THREAT 0.58 -> force defend
[14:56:46] t=3926 ATTACK (tanks=6)
[14:56:48] t=3929 jev INF FLAKT HOLD (预算保护 gate=False e2=17)
[14:56:48] t=3929 jev VEH HARV HOLD (预算保护 cash=410 aav帽=ok aav=1)
[14:56:48] t=3929 THREAT 0.59 -> force defend
[14:56:48] t=3929 ATTACK (tanks=6)
[14:56:50] t=3932 jev INF FLAKT HOLD (预算保护 gate=False e2=17)
[14:56:50] t=3932 jev VEH HARV HOLD (预算保护 cash=410 aav帽=ok aav=1)
[14:56:50] t=3932 THREAT 0.59 -> force defend
[14:56:50] t=3932 ATTACK (tanks=6)
[14:56:50] t=3932 MOVE raid x2 -> (76,123); t=3932 SIEGE STAGING x4/8 (攒兵团, 齐冲再上)
[14:56:50] {"kind": "action", "what": "attack_move", "name": null, "qty": null, "tid": null, "ts": "14:56:50"}
[14:56:52] t=3934 jev INF FLAKT HOLD (预算保护 gate=False e2=17)
[14:56:52] t=3934 jev VEH HARV HOLD (预算保护 cash=410 aav帽=ok aav=1)
[14:56:52] t=3934 THREAT 0.58 -> force defend
[14:56:52] t=3934 ATTACK (tanks=6)
[14:56:54] t=3937 jev INF FLAKT HOLD (预算保护 gate=False e2=17)
[14:56:54] t=3937 jev VEH HARV HOLD (预算保护 cash=410 aav帽=ok aav=1)
[14:56:54] t=3937 THREAT 0.59 -> force defend
[14:56:54] t=3937 ATTACK (tanks=6)
[14:56:56] t=3940 jev INF FLAKT HOLD (预算保护 gate=False e2=17)
[14:56:56] t=3940 jev VEH HARV HOLD (预算保护 cash=410 aav帽=ok aav=1)
[14:56:56] t=3940 THREAT 0.58 -> force defend
[14:56:56] t=3940 ATTACK (tanks=6)
[14:56:56] t=3940 MOVE assault x4 -> (137,82); t=3940 SIEGE STAGING x4/8 (攒兵团, 齐冲再上); aahunt x1 -> (125,84)
[14:56:56] {"kind": "action", "what": "attack_move", "name": null, "qty": null, "tid": null, "ts": "14:56:56"}
[14:56:56] {"kind": "action", "what": "attack_move", "name": null, "qty": null, "tid": null, "ts": "14:56:56"}
[14:56:58] t=3942 jev INF FLAKT HOLD (预算保护 gate=False e2=17)
[14:56:58] t=3942 jev VEH HARV HOLD (预算保护 cash=410 aav帽=ok aav=1)
[14:56:58] t=3942 THREAT 0.59 -> force defend
[14:56:58] t=3942 ATTACK (tanks=6)
[14:57:00] t=3945 jev INF FLAKT HOLD (预算保护 gate=False e2=17)
[14:57:00] t=3945 jev VEH HARV HOLD (预算保护 cash=410 aav帽=ok aav=1)
[14:57:00] t=3945 THREAT 0.59 -> force defend
[14:57:00] t=3945 ATTACK (tanks=6)
[14:57:00] t=3948 ECON harv#6
[14:57:00] {"kind": "action", "what": "produce", "name": "HARV", "qty": 1, "tid": null, "ts": "14:57:00"}
[14:57:02] t=3948 jev INF FLAKT (conf 0.50)
[14:57:02] t=3948 THREAT 0.59 -> force defend
[14:57:02] t=3948 DEBT-GATE FLAKT x1 (debt=1400 eff=135 < 250)
[14:57:02] t=3948 ATTACK (tanks=6)
[14:57:02] t=3948 MOVE t=3948 SIEGE STAGING x4/8 (攒兵团, 齐冲再上); hold_a x9 -> (133,86)
[14:57:02] {"kind": "action", "what": "attack_move", "name": null, "qty": null, "tid": null, "ts": "14:57:02"}
[14:57:03] t=3951 ESCORT 坦克#4377 -> 护航矿车@[117, 135]
[14:57:03] {"kind": "action", "what": "attack_move", "name": null, "qty": null, "tid": null, "ts": "14:57:03"}
[14:57:04] t=3951 jev INF FLAKT (conf 0.50)
[14:57:04] t=3951 THREAT 0.58 -> force defend
[14:57:04] {"kind": "action", "what": "produce", "name": "FLAKT", "qty": 1, "tid": null, "ts": "14:57:04"}
[14:57:04] t=3951 ATTACK (tanks=6)
[14:57:06] t=3953 THREAT 0.57 -> force defend
[14:57:06] t=3953 ATTACK (tanks=6)
[14:57:08] t=3956 THREAT 0.59 -> force defend
[14:57:08] t=3956 ATTACK (tanks=6)
[14:57:08] t=3956 MOVE assault x4 -> (137,82); t=3956 SIEGE STAGING x4/8 (攒兵团, 齐冲再上)
[14:57:08] {"kind": "action", "what": "attack_move", "name": null, "qty": null, "tid": null, "ts": "14:57:08"}
[14:57:10] t=3959 jev INF FLAKT HOLD (预算保护 gate=False e2=17)
[14:57:10] t=3959 THREAT 0.58 -> force defend
[14:57:10] t=3959 ATTACK (tanks=6)
[14:57:10] t=3959 MOVE raid x2 -> (76,123); t=3959 SIEGE STAGING x4/8 (攒兵团, 齐冲再上)
[14:57:10] {"kind": "action", "what": "attack_move", "name": null, "qty": null, "tid": null, "ts": "14:57:10"}
[14:57:12] t=3962 jev INF FLAKT HOLD (预算保护 gate=False e2=17)
[14:57:12] t=3962 THREAT 0.57 -> force defend
[14:57:12] t=3962 ATTACK (tanks=6)
[14:57:14] t=3964 jev INF FLAKT HOLD (预算保护 gate=False e2=17)
[14:57:14] t=3964 THREAT 0.58 -> force defend
[14:57:14] t=3964 ATTACK (tanks=6)
[14:57:16] t=3967 jev INF FLAKT HOLD (预算保护 gate=False e2=17)
[14:57:16] t=3967 THREAT 0.57 -> force defend
[14:57:16] t=3967 ATTACK (tanks=6)
[14:57:16] t=3967 tick#1600 credits=0 stance=attack | jev 1600 decisions p50=1613ms
[14:57:18] t=3970 jev INF FLAKT HOLD (预算保护 gate=False e2=17)
[14:57:18] t=3970 THREAT 0.55 -> force defend
[14:57:18] t=3970 ATTACK (tanks=6)
[14:57:20] t=3972 jev INF FLAKT HOLD (预算保护 gate=False e2=17)
[14:57:20] t=3972 THREAT 0.55 -> force defend
[14:57:20] t=3972 ATTACK (tanks=6)
[14:57:20] t=3972 MOVE assault x4 -> (137,82); t=3972 SIEGE STAGING x4/8 (攒兵团, 齐冲再上)
[14:57:21] {"kind": "action", "what": "attack_move", "name": null, "qty": null, "tid": null, "ts": "14:57:21"}
[14:57:23] t=3975 jev INF FLAKT HOLD (预算保护 gate=False e2=17)
[14:57:23] t=3975 THREAT 0.56 -> force defend
[14:57:23] t=3975 ATTACK (tanks=6)
[14:57:23] t=3975 MOVE t=3975 SIEGE STAGING x4/8 (攒兵团, 齐冲再上); hold_b x9 -> (126,75)
[14:57:23] {"kind": "action", "what": "attack_move", "name": null, "qty": null, "tid": null, "ts": "14:57:23"}
[14:57:25] t=3978 jev INF FLAKT HOLD (预算保护 gate=False e2=17)
[14:57:25] t=3978 THREAT 0.55 -> force defend
[14:57:25] t=3978 ATTACK (tanks=6)
[14:57:27] t=3980 jev INF FLAKT HOLD (预算保护 gate=False e2=17)
[14:57:27] t=3980 MOVE t=3980 SIEGE STAGING x4/8 (攒兵团, 齐冲再上); aahunt x1 -> (125,84)
[14:57:27] {"kind": "action", "what": "attack_move", "name": null, "qty": null, "tid": null, "ts": "14:57:27"}
[14:57:29] t=3983 jev INF FLAKT HOLD (预算保护 gate=False e2=17)
[14:57:29] t=3983 THREAT 0.56 -> force defend
[14:57:29] t=3983 ATTACK (tanks=6)
[14:57:31] t=3986 jev INF FLAKT HOLD (预算保护 gate=False e2=17)
[14:57:31] t=3986 THREAT 0.55 -> force defend
[14:57:31] t=3986 ATTACK (tanks=6)
[14:57:31] t=3986 MOVE raid x2 -> (76,123); t=3986 SIEGE STAGING x4/8 (攒兵团, 齐冲再上)
[14:57:31] {"kind": "action", "what": "attack_move", "name": null, "qty": null, "tid": null, "ts": "14:57:31"}
[14:57:33] t=3988 jev INF FLAKT HOLD (预算保护 gate=False e2=17)
[14:57:33] t=3988 THREAT 0.55 -> force defend
[14:57:33] t=3988 ATTACK (tanks=6)
[14:57:33] t=3988 MOVE assault x4 -> (137,82); t=3988 SIEGE STAGING x4/8 (攒兵团, 齐冲再上)
[14:57:33] {"kind": "action", "what": "attack_move", "name": null, "qty": null, "tid": null, "ts": "14:57:33"}
[14:57:33] t=3991 ESCORT 坦克#4377 -> 护航矿车@[117, 129]
[14:57:33] {"kind": "action", "what": "attack_move", "name": null, "qty": null, "tid": null, "ts": "14:57:33"}
[14:57:35] t=3991 jev INF FLAKT HOLD (预算保护 gate=False e2=17)
[14:57:35] t=3991 jev VEH HARV HOLD (预算保护 cash=185 aav帽=ok aav=1)
[14:57:35] t=3991 THREAT 0.55 -> force defend
[14:57:35] t=3991 ATTACK (tanks=6)
[14:57:37] t=3994 jev INF FLAKT HOLD (预算保护 gate=False e2=17)
[14:57:37] t=3994 jev VEH HARV HOLD (预算保护 cash=185 aav帽=ok aav=1)
[14:57:39] t=3996 jev INF FLAKT HOLD (预算保护 gate=False e2=17)
[14:57:39] t=3996 jev VEH HARV HOLD (预算保护 cash=185 aav帽=ok aav=1)
[14:57:41] t=3999 jev INF FLAKT HOLD (预算保护 gate=False e2=17)
[14:57:41] t=3999 jev VEH HARV HOLD (预算保护 cash=185 aav帽=ok aav=1)
[14:57:43] t=4002 jev INF FLAKT HOLD (预算保护 gate=False e2=17)
[14:57:43] t=4002 jev VEH HARV HOLD (预算保护 cash=185 aav帽=ok aav=1)
[14:57:45] t=4005 jev INF FLAKT HOLD (预算保护 gate=False e2=17)
[14:57:45] t=4005 jev VEH HARV HOLD (预算保护 cash=185 aav帽=ok aav=1)
[14:57:45] t=4005 THREAT 0.56 -> force defend
[14:57:45] t=4005 ATTACK (tanks=6)
[14:57:45] t=4005 MOVE assault x4 -> (137,82); t=4005 SIEGE STAGING x4/8 (攒兵团, 齐冲再上)
[14:57:45] {"kind": "action", "what": "attack_move", "name": null, "qty": null, "tid": null, "ts": "14:57:45"}
[14:57:47] t=4007 jev INF FLAKT HOLD (预算保护 gate=False e2=17)
[14:57:47] t=4007 jev VEH HARV HOLD (预算保护 cash=185 aav帽=ok aav=1)
[14:57:47] t=4007 THREAT 0.55 -> force defend
[14:57:47] t=4007 ATTACK (tanks=6)
[14:57:49] t=4010 jev INF FLAKT HOLD (预算保护 gate=False e2=17)
[14:57:49] t=4010 jev VEH HARV HOLD (预算保护 cash=185 aav帽=ok aav=1)
[14:57:49] t=4010 THREAT 0.56 -> force defend
[14:57:49] t=4010 ATTACK (tanks=6)
[14:57:51] t=4013 jev INF FLAKT HOLD (预算保护 gate=False e2=17)
[14:57:51] t=4013 jev VEH HARV HOLD (预算保护 cash=185 aav帽=ok aav=1)
[14:57:51] t=4013 THREAT 0.56 -> force defend
[14:57:51] t=4013 ATTACK (tanks=6)
[14:57:51] t=4013 MOVE raid x2 -> (76,123); t=4013 SIEGE STAGING x4/8 (攒兵团, 齐冲再上)
[14:57:51] {"kind": "action", "what": "attack_move", "name": null, "qty": null, "tid": null, "ts": "14:57:51"}
[14:57:53] t=4015 jev INF FLAKT HOLD (预算保护 gate=False e2=17)
[14:57:53] t=4015 jev VEH HARV HOLD (预算保护 cash=185 aav帽=ok aav=1)
[14:57:53] t=4015 THREAT 0.55 -> force defend
[14:57:53] t=4015 ATTACK (tanks=6)
[14:57:55] t=4018 jev INF FLAKT HOLD (预算保护 gate=False e2=17)
[14:57:55] t=4018 jev VEH HARV HOLD (预算保护 cash=185 aav帽=ok aav=1)
[14:57:55] t=4018 THREAT 0.56 -> force defend
[14:57:55] t=4018 ATTACK (tanks=6)
[14:57:57] t=4021 jev INF FLAKT HOLD (预算保护 gate=False e2=17)
[14:57:57] t=4021 jev VEH HARV HOLD (预算保护 cash=185 aav帽=ok aav=1)
[14:57:57] t=4021 THREAT 0.56 -> force defend
[14:57:57] t=4021 ATTACK (tanks=6)
[14:57:57] t=4021 MOVE assault x4 -> (137,82); t=4021 SIEGE STAGING x4/8 (攒兵团, 齐冲再上); aahunt x1 -> (125,84)
[14:57:57] {"kind": "action", "what": "attack_move", "name": null, "qty": null, "tid": null, "ts": "14:57:57"}
[14:57:57] {"kind": "action", "what": "attack_move", "name": null, "qty": null, "tid": null, "ts": "14:57:57"}
[14:57:59] t=4024 jev INF FLAKT HOLD (预算保护 gate=False e2=17)
[14:57:59] t=4024 jev VEH HARV HOLD (预算保护 cash=185 aav帽=ok aav=1)
[14:57:59] t=4024 THREAT 0.56 -> force defend
[14:57:59] t=4024 ATTACK (tanks=6)
[14:58:01] t=4026 jev INF FLAKT HOLD (预算保护 gate=False e2=17)
[14:58:01] t=4026 jev VEH HARV HOLD (预算保护 cash=185 aav帽=ok aav=1)
[14:58:01] t=4026 THREAT 0.56 -> force defend
[14:58:01] t=4026 ATTACK (tanks=6)
[14:58:03] t=4029 jev INF FLAKT HOLD (预算保护 gate=False e2=17)
[14:58:03] t=4029 jev VEH HARV HOLD (预算保护 cash=185 aav帽=ok aav=1)
[14:58:03] t=4029 THREAT 0.56 -> force defend
[14:58:03] t=4029 ATTACK (tanks=6)
[14:58:03] t=4029 MOVE t=4029 SIEGE STAGING x4/8 (攒兵团, 齐冲再上); hold_a x10 -> (133,86)
[14:58:03] {"kind": "action", "what": "attack_move", "name": null, "qty": null, "tid": null, "ts": "14:58:03"}
[14:58:03] t=4032 ESCORT 坦克#4378 -> 护航矿车@[99, 101]
[14:58:04] {"kind": "action", "what": "attack_move", "name": null, "qty": null, "tid": null, "ts": "14:58:04"}
[14:58:05] t=4032 jev INF FLAKT HOLD (预算保护 gate=False e2=17)
[14:58:05] t=4032 jev VEH HARV HOLD (预算保护 cash=185 aav帽=ok aav=1)
[14:58:07] t=4035 jev INF FLAKT HOLD (预算保护 gate=False e2=17)
[14:58:07] t=4035 jev VEH HARV HOLD (预算保护 cash=185 aav帽=ok aav=1)
[14:58:07] t=4035 THREAT 0.56 -> force defend
[14:58:07] t=4035 ATTACK (tanks=6)
[14:58:07] t=4035 tick#1625 credits=185 stance=attack | jev 1625 decisions p50=1623ms
[14:58:09] t=4037 jev INF FLAKT HOLD (预算保护 gate=False e2=17)
[14:58:09] t=4037 jev VEH HARV HOLD (预算保护 cash=185 aav帽=ok aav=1)
[14:58:09] t=4037 THREAT 0.56 -> force defend
[14:58:09] t=4037 ATTACK (tanks=6)
[14:58:09] t=4037 MOVE assault x4 -> (137,82); t=4037 SIEGE STAGING x4/8 (攒兵团, 齐冲再上)
[14:58:09] {"kind": "action", "what": "attack_move", "name": null, "qty": null, "tid": null, "ts": "14:58:09"}
[14:58:11] t=4040 jev INF FLAKT HOLD (预算保护 gate=False e2=17)
[14:58:11] t=4040 jev VEH HARV HOLD (预算保护 cash=185 aav帽=ok aav=1)
[14:58:11] t=4040 THREAT 0.56 -> force defend
[14:58:11] t=4040 ATTACK (tanks=6)
[14:58:11] t=4040 MOVE raid x2 -> (76,123); t=4040 SIEGE STAGING x4/8 (攒兵团, 齐冲再上)
[14:58:11] {"kind": "action", "what": "attack_move", "name": null, "qty": null, "tid": null, "ts": "14:58:11"}
[14:58:13] t=4043 jev INF FLAKT HOLD (预算保护 gate=False e2=17)
[14:58:13] t=4043 jev VEH HARV HOLD (预算保护 cash=185 aav帽=ok aav=1)
[14:58:13] t=4043 THREAT 0.57 -> force defend
[14:58:13] t=4043 ATTACK (tanks=6)
[14:58:15] t=4046 jev INF FLAKT HOLD (预算保护 gate=False e2=17)
[14:58:15] t=4046 jev VEH HARV HOLD (预算保护 cash=185 aav帽=ok aav=1)
[14:58:15] t=4046 THREAT 0.56 -> force defend
[14:58:15] t=4046 ATTACK (tanks=6)
[14:58:18] t=4048 jev INF FLAKT HOLD (预算保护 gate=False e2=17)
[14:58:18] t=4048 jev VEH HARV HOLD (预算保护 cash=185 aav帽=ok aav=1)
[14:58:18] t=4048 THREAT 0.56 -> force defend
[14:58:18] t=4048 ATTACK (tanks=6)
[14:58:20] t=4051 jev INF FLAKT HOLD (预算保护 gate=False e2=17)
[14:58:20] t=4051 jev VEH HARV HOLD (预算保护 cash=185 aav帽=ok aav=1)
[14:58:20] t=4051 THREAT 0.56 -> force defend
[14:58:20] t=4051 ATTACK (tanks=6)
[14:58:22] t=4054 jev INF FLAKT HOLD (预算保护 gate=False e2=17)
[14:58:22] t=4054 jev VEH HARV HOLD (预算保护 cash=185 aav帽=ok aav=1)
[14:58:22] t=4054 THREAT 0.56 -> force defend
[14:58:22] t=4054 ATTACK (tanks=6)
[14:58:22] t=4054 MOVE assault x4 -> (137,82); t=4054 SIEGE STAGING x4/8 (攒兵团, 齐冲再上)
[14:58:22] {"kind": "action", "what": "attack_move", "name": null, "qty": null, "tid": null, "ts": "14:58:22"}
[14:58:24] t=4056 jev INF FLAKT HOLD (预算保护 gate=False e2=17)
[14:58:24] t=4056 jev VEH HARV HOLD (预算保护 cash=185 aav帽=ok aav=1)
[14:58:24] t=4056 THREAT 0.56 -> force defend
[14:58:24] t=4056 ATTACK (tanks=6)
[14:58:24] t=4056 MOVE t=4056 SIEGE STAGING x4/8 (攒兵团, 齐冲再上); hold_b x9 -> (126,75)
[14:58:24] {"kind": "action", "what": "attack_move", "name": null, "qty": null, "tid": null, "ts": "14:58:24"}
[14:58:24] t=4059 TANK HTNK x1
[14:58:24] {"kind": "action", "what": "produce", "name": "HTNK", "qty": 1, "tid": null, "ts": "14:58:24"}
[14:58:26] t=4059 jev INF FLAKT (conf 0.49)
[14:58:26] t=4059 THREAT 0.55 -> force defend
[14:58:26] t=4059 DEBT-GATE FLAKT x1 (debt=900 eff=35 < 250)
[14:58:26] t=4059 ATTACK (tanks=6)
[14:58:28] t=4062 jev INF FLAKT HOLD (预算保护 gate=False e2=17)
[14:58:28] t=4062 THREAT 0.56 -> force defend
[14:58:28] t=4062 ATTACK (tanks=6)
[14:58:28] t=4062 MOVE t=4062 SIEGE STAGING x4/8 (攒兵团, 齐冲再上); aahunt x1 -> (125,84)
[14:58:28] {"kind": "action", "what": "attack_move", "name": null, "qty": null, "tid": null, "ts": "14:58:28"}
[14:58:30] t=4065 jev INF FLAKT HOLD (预算保护 gate=False e2=17)
[14:58:30] t=4065 THREAT 0.56 -> force defend
[14:58:30] t=4065 ATTACK (tanks=6)
[14:58:32] t=4067 jev INF FLAKT HOLD (预算保护 gate=False e2=17)
[14:58:32] t=4067 jev VEH HARV HOLD (预算保护 cash=35 aav帽=ok aav=1)
[14:58:32] t=4067 MOVE raid x2 -> (76,123); t=4067 SIEGE STAGING x5/8 (攒兵团, 齐冲再上)
[14:58:32] {"kind": "action", "what": "attack_move", "name": null, "qty": null, "tid": null, "ts": "14:58:32"}
[14:58:34] t=4070 jev INF FLAKT HOLD (预算保护 gate=False e2=17)
[14:58:34] t=4070 jev VEH HARV HOLD (预算保护 cash=35 aav帽=ok aav=1)
[14:58:34] t=4070 THREAT 0.56 -> force defend
[14:58:34] t=4070 ATTACK (tanks=7)
[14:58:34] t=4070 MOVE assault x5 -> (137,82); t=4070 SIEGE STAGING x5/8 (攒兵团, 齐冲再上)
[14:58:34] {"kind": "action", "what": "attack_move", "name": null, "qty": null, "tid": null, "ts": "14:58:34"}
[14:58:34] t=4073 ESCORT 坦克#4377 -> 护航矿车@[126, 106]
[14:58:34] {"kind": "action", "what": "attack_move", "name": null, "qty": null, "tid": null, "ts": "14:58:34"}
[14:58:36] t=4073 jev INF FLAKT HOLD (预算保护 gate=False e2=17)
[14:58:36] t=4073 jev VEH HARV HOLD (预算保护 cash=35 aav帽=ok aav=1)
[14:58:38] t=4075 jev INF FLAKT HOLD (预算保护 gate=False e2=17)
[14:58:38] t=4075 jev VEH HARV HOLD (预算保护 cash=35 aav帽=ok aav=1)
[14:58:38] t=4075 THREAT 0.55 -> force defend
[14:58:38] t=4075 ATTACK (tanks=7)
[14:58:40] t=4078 jev INF FLAKT HOLD (预算保护 gate=False e2=17)
[14:58:40] t=4078 jev VEH HARV HOLD (预算保护 cash=35 aav帽=ok aav=1)
[14:58:42] t=4081 jev INF FLAKT HOLD (预算保护 gate=False e2=17)
[14:58:42] t=4081 jev VEH HARV HOLD (预算保护 cash=185 aav帽=ok aav=1)
[14:58:44] t=4083 jev INF FLAKT HOLD (预算保护 gate=False e2=17)
[14:58:44] t=4083 jev VEH HARV HOLD (预算保护 cash=185 aav帽=ok aav=1)
[14:58:46] t=4086 jev INF FLAKT HOLD (预算保护 gate=False e2=17)
[14:58:46] t=4086 jev VEH HARV HOLD (预算保护 cash=185 aav帽=ok aav=1)
[14:58:46] t=4086 MOVE assault x5 -> (137,82); t=4086 SIEGE STAGING x5/8 (攒兵团, 齐冲再上)
[14:58:46] {"kind": "action", "what": "attack_move", "name": null, "qty": null, "tid": null, "ts": "14:58:46"}
[14:58:48] t=4089 jev INF FLAKT HOLD (预算保护 gate=False e2=17)
[14:58:48] t=4089 jev VEH HARV HOLD (预算保护 cash=185 aav帽=ok aav=1)
[14:58:50] t=4092 jev INF FLAKT HOLD (预算保护 gate=False e2=17)
[14:58:50] t=4092 jev VEH HARV HOLD (预算保护 cash=185 aav帽=ok aav=1)
[14:58:52] t=4094 jev INF FLAKT HOLD (预算保护 gate=False e2=17)
[14:58:52] t=4094 jev VEH HARV HOLD (预算保护 cash=185 aav帽=ok aav=1)
[14:58:52] t=4094 MOVE raid x2 -> (76,123); t=4094 SIEGE STAGING x5/8 (攒兵团, 齐冲再上)
[14:58:52] {"kind": "action", "what": "attack_move", "name": null, "qty": null, "tid": null, "ts": "14:58:52"}
[14:58:54] t=4097 jev INF FLAKT HOLD (预算保护 gate=False e2=17)
[14:58:54] t=4097 jev VEH HARV HOLD (预算保护 cash=185 aav帽=ok aav=1)
[14:58:56] t=4100 jev INF FLAKT HOLD (预算保护 gate=False e2=17)
[14:58:56] t=4100 jev VEH HARV HOLD (预算保护 cash=335 aav帽=ok aav=1)
[14:58:58] t=4102 jev INF FLAKT HOLD (预算保护 gate=False e2=17)
[14:58:58] t=4102 jev VEH HARV HOLD (预算保护 cash=335 aav帽=ok aav=1)
[14:58:58] t=4102 THREAT 0.55 -> force defend
[14:58:58] t=4102 ATTACK (tanks=7)
[14:58:58] t=4102 MOVE assault x5 -> (137,82); t=4102 SIEGE STAGING x5/8 (攒兵团, 齐冲再上); aahunt x1 -> (125,84)
[14:58:58] {"kind": "action", "what": "attack_move", "name": null, "qty": null, "tid": null, "ts": "14:58:58"}
[14:58:58] {"kind": "action", "what": "attack_move", "name": null, "qty": null, "tid": null, "ts": "14:58:58"}
[14:58:58] t=4102 tick#1650 credits=335 stance=attack | jev 1650 decisions p50=1699ms
[14:59:00] t=4105 jev INF FLAKT HOLD (预算保护 gate=False e2=17)
[14:59:00] t=4105 jev VEH HARV HOLD (预算保护 cash=335 aav帽=ok aav=1)
[14:59:00] t=4105 THREAT 0.56 -> force defend
[14:59:00] t=4105 ATTACK (tanks=7)
[14:59:00] t=4108 TANK HTNK x2
[14:59:00] t=4108 DEBT-GATE HTNK x2 (debt=0 eff=1460 < 1800)
[14:59:02] t=4108 jev INF FLAKT (conf 0.48)
[14:59:02] t=4108 jev VEH HARV HOLD (预算保护 cash=1460 aav帽=ok aav=1)
[14:59:02] t=4108 THREAT 0.55 -> force defend
[14:59:02] {"kind": "action", "what": "produce", "name": "FLAKT", "qty": 1, "tid": null, "ts": "14:59:02"}
[14:59:02] t=4108 ATTACK (tanks=7)
[14:59:03] t=4111 TANK HTNK x2
[14:59:03] t=4111 DEBT-GATE HTNK x2 (debt=0 eff=1437 < 1800)
[14:59:04] t=4111 jev VEH HARV HOLD (预算保护 cash=1437 aav帽=ok aav=1)
[14:59:04] t=4111 THREAT 0.56 -> force defend
[14:59:04] t=4111 ATTACK (tanks=7)
[14:59:04] t=4111 MOVE t=4111 SIEGE STAGING x5/8 (攒兵团, 齐冲再上); hold_a x10 -> (133,86)
[14:59:04] {"kind": "action", "what": "attack_move", "name": null, "qty": null, "tid": null, "ts": "14:59:04"}
[14:59:05] t=4113 TANK HTNK x2
[14:59:05] t=4113 ESCORT 坦克#4378 -> 护航矿车@[116, 132]
[14:59:05] t=4113 DEBT-GATE HTNK x2 (debt=0 eff=1248 < 1800)
[14:59:05] {"kind": "action", "what": "attack_move", "name": null, "qty": null, "tid": null, "ts": "14:59:05"}
[14:59:06] t=4113 jev VEH HARV HOLD (预算保护 cash=1248 aav帽=ok aav=1)
[14:59:06] t=4113 THREAT 0.55 -> force defend
[14:59:06] t=4113 ATTACK (tanks=7)
[14:59:07] t=4116 TANK HTNK x2
[14:59:07] t=4116 DEBT-GATE HTNK x2 (debt=0 eff=1210 < 1800)
[14:59:08] t=4116 jev INF FLAKT (conf 0.49)
[14:59:08] t=4116 jev VEH HARV HOLD (预算保护 cash=1210 aav帽=ok aav=1)
[14:59:08] t=4116 THREAT 0.55 -> force defend
[14:59:08] t=4116 ATTACK (tanks=7)
[14:59:09] t=4119 TANK HTNK x2
[14:59:09] t=4119 DEBT-GATE HTNK x2 (debt=0 eff=1210 < 1800)
[14:59:10] t=4119 jev INF FLAKT (conf 0.47)
[14:59:10] t=4119 jev VEH HARV HOLD (预算保护 cash=1210 aav帽=ok aav=1)
[14:59:10] t=4119 THREAT 0.56 -> force defend
[14:59:10] t=4119 ATTACK (tanks=7)
[14:59:10] t=4119 MOVE assault x5 -> (137,82); t=4119 SIEGE STAGING x5/8 (攒兵团, 齐冲再上)
[14:59:11] {"kind": "action", "what": "attack_move", "name": null, "qty": null, "tid": null, "ts": "14:59:11"}
[14:59:11] t=4122 TESLA coil (have 0)
[14:59:11] t=4122 TANK HTNK x1
[14:59:11] {"kind": "action", "what": "produce", "name": "TESLA", "qty": 1, "tid": null, "ts": "14:59:11"}
[14:59:11] t=4122 DEBT-GATE HTNK x1 (debt=1500 eff=835 < 900)
[14:59:13] t=4122 jev INF FLAKT (conf 0.51)
[14:59:13] t=4122 jev VEH HARV (conf 0.14)
[14:59:13] t=4122 THREAT 0.55 -> force defend
[14:59:13] {"kind": "action", "what": "produce", "name": "HARV", "qty": 1, "tid": null, "ts": "14:59:13"}
[14:59:13] t=4122 ATTACK (tanks=7)
[14:59:13] t=4122 MOVE raid x2 -> (76,123); t=4122 SIEGE STAGING x5/8 (攒兵团, 齐冲再上)
[14:59:13] {"kind": "action", "what": "attack_move", "name": null, "qty": null, "tid": null, "ts": "14:59:13"}
[14:59:15] t=4124 jev INF FLAKT (conf 0.53)
[14:59:17] t=4127 jev INF FLAKT (conf 0.52)
[14:59:19] t=4130 jev INF FLAKT (conf 0.50)
[14:59:21] t=4133 jev INF FLAKT (conf 0.48)
[14:59:23] t=4136 jev INF FLAKT (conf 0.49)
[14:59:23] t=4136 THREAT 0.55 -> force defend
[14:59:23] t=4136 ATTACK (tanks=7)
[14:59:23] t=4136 MOVE assault x5 -> (137,82); t=4136 SIEGE STAGING x5/8 (攒兵团, 齐冲再上)
[14:59:23] {"kind": "action", "what": "attack_move", "name": null, "qty": null, "tid": null, "ts": "14:59:23"}
[14:59:25] t=4138 jev INF FLAKT HOLD (预算保护 gate=False e2=17)
[14:59:25] t=4138 THREAT 0.55 -> force defend
[14:59:25] t=4138 ATTACK (tanks=7)
[14:59:25] t=4138 MOVE t=4138 SIEGE STAGING x5/8 (攒兵团, 齐冲再上); hold_b x10 -> (126,75)
[14:59:25] {"kind": "action", "what": "attack_move", "name": null, "qty": null, "tid": null, "ts": "14:59:25"}
[14:59:27] t=4141 jev INF FLAKT HOLD (预算保护 gate=False e2=17)
[14:59:27] t=4141 jev VEH HARV HOLD (预算保护 cash=460 aav帽=ok aav=1)
[14:59:27] t=4141 THREAT 0.55 -> force defend
[14:59:27] t=4141 ATTACK (tanks=7)
[14:59:29] t=4144 jev INF FLAKT HOLD (预算保护 gate=False e2=17)
[14:59:29] t=4144 jev VEH HARV HOLD (预算保护 cash=393 aav帽=ok aav=1)
[14:59:29] t=4144 MOVE t=4144 SIEGE STAGING x5/8 (攒兵团, 齐冲再上); aahunt x1 -> (125,84)
[14:59:29] {"kind": "action", "what": "attack_move", "name": null, "qty": null, "tid": null, "ts": "14:59:29"}
[14:59:31] t=4147 jev INF FLAKT HOLD (预算保护 gate=False e2=17)
[14:59:31] t=4147 jev VEH HARV HOLD (预算保护 cash=326 aav帽=ok aav=1)
[14:59:33] t=4149 jev INF FLAKT HOLD (预算保护 gate=False e2=17)
[14:59:33] t=4149 jev VEH HARV HOLD (预算保护 cash=261 aav帽=ok aav=1)
[14:59:33] t=4149 MOVE raid x2 -> (76,123); t=4149 SIEGE STAGING x5/8 (攒兵团, 齐冲再上)
[14:59:33] {"kind": "action", "what": "attack_move", "name": null, "qty": null, "tid": null, "ts": "14:59:33"}
[14:59:35] t=4152 jev INF FLAKT HOLD (预算保护 gate=False e2=17)
[14:59:35] t=4152 jev VEH HARV HOLD (预算保护 cash=192 aav帽=ok aav=1)
[14:59:35] t=4152 MOVE assault x5 -> (137,82); t=4152 SIEGE STAGING x5/8 (攒兵团, 齐冲再上)
[14:59:35] {"kind": "action", "what": "attack_move", "name": null, "qty": null, "tid": null, "ts": "14:59:35"}
[14:59:36] t=4155 ESCORT 坦克#4378 -> 护航矿车@[115, 135]
[14:59:36] {"kind": "action", "what": "attack_move", "name": null, "qty": null, "tid": null, "ts": "14:59:36"}
[14:59:37] t=4155 jev INF FLAKT HOLD (预算保护 gate=False e2=17)
[14:59:37] t=4155 jev VEH HARV HOLD (预算保护 cash=125 aav帽=ok aav=1)
[14:59:39] t=4158 jev INF FLAKT HOLD (预算保护 gate=False e2=17)
[14:59:39] t=4158 jev VEH HARV HOLD (预算保护 cash=56 aav帽=ok aav=1)
[14:59:42] t=4160 jev INF FLAKT HOLD (预算保护 gate=False e2=17)
[14:59:42] t=4160 jev VEH HARV HOLD (预算保护 cash=0 aav帽=ok aav=1)
[14:59:44] t=4163 jev INF FLAKT HOLD (预算保护 gate=False e2=17)
[14:59:44] t=4163 jev VEH HARV HOLD (预算保护 cash=0 aav帽=ok aav=1)
[14:59:46] t=4166 jev INF FLAKT HOLD (预算保护 gate=False e2=17)
[14:59:46] t=4166 jev VEH HARV HOLD (预算保护 cash=0 aav帽=ok aav=1)
[14:59:46] t=4166 THREAT 0.56 -> force defend
[14:59:46] t=4166 ATTACK (tanks=7)
[14:59:48] t=4168 jev INF FLAKT HOLD (预算保护 gate=False e2=17)
[14:59:48] t=4168 jev VEH HARV HOLD (预算保护 cash=0 aav帽=ok aav=1)
[14:59:48] t=4168 THREAT 0.55 -> force defend
[14:59:48] t=4168 ATTACK (tanks=7)
[14:59:48] t=4168 MOVE assault x5 -> (137,82); t=4168 SIEGE STAGING x5/8 (攒兵团, 齐冲再上)
[14:59:48] {"kind": "action", "what": "attack_move", "name": null, "qty": null, "tid": null, "ts": "14:59:48"}
[14:59:50] t=4171 jev INF FLAKT HOLD (预算保护 gate=False e2=17)
[14:59:50] t=4171 jev VEH HARV HOLD (预算保护 cash=0 aav帽=ok aav=1)
[14:59:50] t=4171 tick#1675 credits=0 stance=attack | jev 1675 decisions p50=1719ms
[14:59:52] t=4174 jev INF FLAKT HOLD (预算保护 gate=False e2=17)
[14:59:52] t=4174 jev VEH HARV HOLD (预算保护 cash=0 aav帽=ok aav=1)
[14:59:52] t=4174 THREAT 0.56 -> force defend
[14:59:52] t=4174 ATTACK (tanks=7)
[14:59:54] t=4176 jev INF FLAKT HOLD (预算保护 gate=False e2=17)
[14:59:54] t=4176 jev VEH HARV HOLD (预算保护 cash=0 aav帽=ok aav=1)
[14:59:54] t=4176 THREAT 0.57 -> force defend
[14:59:54] t=4176 ATTACK (tanks=7)
[14:59:54] t=4176 MOVE raid x2 -> (76,123); t=4176 SIEGE STAGING x5/8 (攒兵团, 齐冲再上)
[14:59:54] {"kind": "action", "what": "attack_move", "name": null, "qty": null, "tid": null, "ts": "14:59:54"}
[14:59:56] t=4179 jev INF FLAKT HOLD (预算保护 gate=False e2=17)
[14:59:56] t=4179 jev VEH HARV HOLD (预算保护 cash=0 aav帽=ok aav=1)
[14:59:56] t=4179 THREAT 0.55 -> force defend
[14:59:56] t=4179 ATTACK (tanks=7)
[14:59:58] t=4182 jev INF FLAKT HOLD (预算保护 gate=False e2=17)
[14:59:58] t=4182 jev VEH HARV HOLD (预算保护 cash=0 aav帽=ok aav=1)
[14:59:58] t=4182 THREAT 0.55 -> force defend
[14:59:58] t=4182 ATTACK (tanks=7)
[15:00:00] t=4185 jev INF FLAKT HOLD (预算保护 gate=False e2=17)
[15:00:00] t=4185 jev VEH HARV HOLD (预算保护 cash=30 aav帽=ok aav=1)
[15:00:00] t=4185 THREAT 0.56 -> force defend
[15:00:00] t=4185 ATTACK (tanks=7)
[15:00:00] t=4185 MOVE assault x5 -> (137,82); t=4185 SIEGE STAGING x5/8 (攒兵团, 齐冲再上); aahunt x1 -> (125,84)
[15:00:00] {"kind": "action", "what": "attack_move", "name": null, "qty": null, "tid": null, "ts": "15:00:00"}
[15:00:00] {"kind": "action", "what": "attack_move", "name": null, "qty": null, "tid": null, "ts": "15:00:00"}
[15:00:02] t=4187 jev INF FLAKT HOLD (预算保护 gate=False e2=17)
[15:00:02] t=4187 jev VEH HARV HOLD (预算保护 cash=0 aav帽=ok aav=1)
[15:00:02] t=4187 THREAT 0.56 -> force defend
[15:00:02] t=4187 ATTACK (tanks=7)
[15:00:04] t=4190 jev INF FLAKT HOLD (预算保护 gate=False e2=17)
[15:00:04] t=4190 jev VEH HARV HOLD (预算保护 cash=255 aav帽=ok aav=1)
[15:00:06] t=4193 jev INF FLAKT HOLD (预算保护 gate=False e2=17)
[15:00:06] t=4193 jev VEH HARV HOLD (预算保护 cash=188 aav帽=ok aav=1)
[15:00:06] t=4193 THREAT 0.55 -> force defend
[15:00:06] t=4193 ATTACK (tanks=7)
[15:00:06] t=4193 MOVE t=4193 SIEGE STAGING x5/8 (攒兵团, 齐冲再上); hold_a x10 -> (133,86)
[15:00:06] {"kind": "action", "what": "attack_move", "name": null, "qty": null, "tid": null, "ts": "15:00:06"}
[15:00:06] t=4196 ESCORT 坦克#4377 -> 护航矿车@[117, 135]
[15:00:06] {"kind": "action", "what": "attack_move", "name": null, "qty": null, "tid": null, "ts": "15:00:06"}
[15:00:08] t=4196 jev INF FLAKT HOLD (预算保护 gate=False e2=17)
[15:00:08] t=4196 jev VEH HARV HOLD (预算保护 cash=121 aav帽=ok aav=1)
[15:00:08] t=4196 THREAT 0.55 -> force defend
[15:00:08] t=4196 ATTACK (tanks=7)
[15:00:10] t=4198 jev INF FLAKT HOLD (预算保护 gate=False e2=17)
[15:00:10] t=4198 jev VEH HARV HOLD (预算保护 cash=52 aav帽=ok aav=1)
[15:00:10] t=4198 THREAT 0.55 -> force defend
[15:00:10] t=4198 ATTACK (tanks=7)
[15:00:12] t=4201 jev INF FLAKT HOLD (预算保护 gate=False e2=17)
[15:00:12] t=4201 jev VEH HARV HOLD (预算保护 cash=0 aav帽=ok aav=1)
[15:00:12] t=4201 THREAT 0.56 -> force defend
[15:00:12] t=4201 ATTACK (tanks=7)
[15:00:12] t=4201 MOVE assault x5 -> (137,82); t=4201 SIEGE STAGING x5/8 (攒兵团, 齐冲再上)
[15:00:12] {"kind": "action", "what": "attack_move", "name": null, "qty": null, "tid": null, "ts": "15:00:12"}
[15:00:14] t=4204 jev INF FLAKT HOLD (预算保护 gate=False e2=17)
[15:00:14] t=4204 jev VEH HARV HOLD (预算保护 cash=0 aav帽=ok aav=1)
[15:00:14] t=4204 THREAT 0.56 -> force defend
[15:00:14] t=4204 ATTACK (tanks=7)
[15:00:14] t=4204 MOVE raid x2 -> (76,123); t=4204 SIEGE STAGING x5/8 (攒兵团, 齐冲再上)
[15:00:14] {"kind": "action", "what": "attack_move", "name": null, "qty": null, "tid": null, "ts": "15:00:14"}
[15:00:16] t=4207 jev INF FLAKT HOLD (预算保护 gate=False e2=17)
[15:00:16] t=4207 jev VEH HARV HOLD (预算保护 cash=0 aav帽=ok aav=1)
[15:00:16] t=4207 THREAT 0.56 -> force defend
[15:00:16] t=4207 ATTACK (tanks=7)
[15:00:18] t=4209 jev INF FLAKT HOLD (预算保护 gate=False e2=17)
[15:00:18] t=4209 jev VEH HARV HOLD (预算保护 cash=0 aav帽=ok aav=1)
[15:00:18] t=4209 THREAT 0.56 -> force defend
[15:00:18] t=4209 ATTACK (tanks=7)
[15:00:20] t=4212 jev INF FLAKT HOLD (预算保护 gate=False e2=17)
[15:00:20] t=4212 jev VEH HARV HOLD (预算保护 cash=0 aav帽=ok aav=1)
[15:00:20] t=4212 THREAT 0.56 -> force defend
[15:00:20] t=4212 ATTACK (tanks=7)
[15:00:22] t=4215 jev INF FLAKT HOLD (预算保护 gate=False e2=17)
[15:00:22] t=4215 jev VEH HARV HOLD (预算保护 cash=0 aav帽=ok aav=1)
[15:00:22] t=4215 THREAT 0.57 -> force defend
[15:00:22] t=4215 ATTACK (tanks=7)
[15:00:24] t=4217 jev INF FLAKT HOLD (预算保护 gate=False e2=17)
[15:00:24] t=4217 jev VEH HARV HOLD (预算保护 cash=0 aav帽=ok aav=1)
[15:00:24] t=4217 THREAT 0.56 -> force defend
[15:00:24] t=4217 ATTACK (tanks=7)
[15:00:24] t=4217 MOVE assault x5 -> (137,82); t=4217 SIEGE STAGING x5/8 (攒兵团, 齐冲再上)
[15:00:24] {"kind": "action", "what": "attack_move", "name": null, "qty": null, "tid": null, "ts": "15:00:24"}
[15:00:26] t=4220 jev INF FLAKT HOLD (预算保护 gate=False e2=17)
[15:00:26] t=4220 jev VEH HARV HOLD (预算保护 cash=0 aav帽=ok aav=1)
[15:00:26] t=4220 THREAT 0.56 -> force defend
[15:00:26] t=4220 ATTACK (tanks=7)
[15:00:26] t=4220 MOVE t=4220 SIEGE STAGING x5/8 (攒兵团, 齐冲再上); hold_b x10 -> (126,75)
[15:00:26] {"kind": "action", "what": "attack_move", "name": null, "qty": null, "tid": null, "ts": "15:00:26"}
[15:00:28] t=4223 jev INF FLAKT HOLD (预算保护 gate=False e2=17)
[15:00:28] t=4223 jev VEH HARV HOLD (预算保护 cash=0 aav帽=ok aav=1)
[15:00:28] t=4223 THREAT 0.56 -> force defend
[15:00:28] t=4223 ATTACK (tanks=7)
[15:00:30] t=4225 jev INF FLAKT HOLD (预算保护 gate=False e2=17)
[15:00:30] t=4225 jev VEH HARV HOLD (预算保护 cash=0 aav帽=ok aav=1)
[15:00:30] t=4225 THREAT 0.56 -> force defend
[15:00:30] t=4225 ATTACK (tanks=7)
[15:00:30] t=4225 MOVE t=4225 SIEGE STAGING x5/8 (攒兵团, 齐冲再上); aahunt x1 -> (125,84)
[15:00:30] {"kind": "action", "what": "attack_move", "name": null, "qty": null, "tid": null, "ts": "15:00:30"}
[15:00:32] t=4228 jev INF FLAKT HOLD (预算保护 gate=False e2=17)
[15:00:32] t=4228 jev VEH HARV HOLD (预算保护 cash=0 aav帽=ok aav=1)
[15:00:32] t=4228 THREAT 0.56 -> force defend
[15:00:32] t=4228 ATTACK (tanks=7)
[15:00:35] t=4231 jev INF FLAKT HOLD (预算保护 gate=False e2=17)
[15:00:35] t=4231 jev VEH HARV HOLD (预算保护 cash=110 aav帽=ok aav=1)
[15:00:35] t=4231 THREAT 0.55 -> force defend
[15:00:35] t=4231 ATTACK (tanks=7)
[15:00:35] t=4231 MOVE raid x2 -> (76,123); t=4231 SIEGE STAGING x5/8 (攒兵团, 齐冲再上)
[15:00:35] {"kind": "action", "what": "attack_move", "name": null, "qty": null, "tid": null, "ts": "15:00:35"}
[15:00:37] t=4234 jev INF FLAKT HOLD (预算保护 gate=False e2=17)
[15:00:37] t=4234 jev VEH HARV HOLD (预算保护 cash=43 aav帽=ok aav=1)
[15:00:37] t=4234 THREAT 0.56 -> force defend
[15:00:37] t=4234 ATTACK (tanks=7)
[15:00:37] t=4234 MOVE assault x5 -> (137,82); t=4234 SIEGE STAGING x5/8 (攒兵团, 齐冲再上)
[15:00:37] {"kind": "action", "what": "attack_move", "name": null, "qty": null, "tid": null, "ts": "15:00:37"}
[15:00:37] t=4236 ESCORT 坦克#4377 -> 护航矿车@[101, 100]
[15:00:37] {"kind": "action", "what": "attack_move", "name": null, "qty": null, "tid": null, "ts": "15:00:37"}
[15:00:39] t=4236 jev INF FLAKT HOLD (预算保护 gate=False e2=17)
[15:00:39] t=4236 jev VEH HARV HOLD (预算保护 cash=0 aav帽=ok aav=1)
[15:00:39] t=4236 THREAT 0.56 -> force defend
[15:00:39] t=4236 ATTACK (tanks=7)
[15:00:41] t=4239 jev INF FLAKT HOLD (预算保护 gate=False e2=17)
[15:00:41] t=4239 jev VEH HARV HOLD (预算保护 cash=0 aav帽=ok aav=1)
[15:00:41] t=4239 THREAT 0.56 -> force defend
[15:00:41] t=4239 ATTACK (tanks=7)
[15:00:41] t=4239 tick#1700 credits=0 stance=attack | jev 1700 decisions p50=1724ms
[15:00:43] t=4242 jev INF FLAKT HOLD (预算保护 gate=False e2=17)
[15:00:43] t=4242 jev VEH HARV HOLD (预算保护 cash=0 aav帽=ok aav=1)
[15:00:45] t=4244 jev INF FLAKT HOLD (预算保护 gate=False e2=17)
[15:00:45] t=4244 jev VEH HARV HOLD (预算保护 cash=0 aav帽=ok aav=1)
[15:00:47] t=4247 jev INF FLAKT HOLD (预算保护 gate=False e2=17)
[15:00:47] t=4247 jev VEH HARV HOLD (预算保护 cash=0 aav帽=ok aav=1)
[15:00:49] t=4250 jev INF FLAKT HOLD (预算保护 gate=False e2=17)
[15:00:49] t=4250 jev VEH HARV HOLD (预算保护 cash=0 aav帽=ok aav=1)
[15:00:49] t=4250 MOVE assault x5 -> (137,82); t=4250 SIEGE STAGING x5/8 (攒兵团, 齐冲再上)
[15:00:49] {"kind": "action", "what": "attack_move", "name": null, "qty": null, "tid": null, "ts": "15:00:49"}
[15:00:51] t=4252 jev INF FLAKT HOLD (预算保护 gate=False e2=17)
[15:00:51] t=4252 jev VEH HARV HOLD (预算保护 cash=0 aav帽=ok aav=1)
[15:00:53] t=4255 jev INF FLAKT HOLD (预算保护 gate=False e2=17)
[15:00:53] t=4255 jev VEH HARV HOLD (预算保护 cash=0 aav帽=ok aav=1)
[15:00:55] t=4258 jev INF FLAKT HOLD (预算保护 gate=False e2=17)
[15:00:55] t=4258 MOVE raid x2 -> (76,123); t=4258 SIEGE STAGING x5/8 (攒兵团, 齐冲再上)
[15:00:55] {"kind": "action", "what": "attack_move", "name": null, "qty": null, "tid": null, "ts": "15:00:55"}
[15:00:57] t=4261 jev INF FLAKT HOLD (预算保护 gate=False e2=17)
[15:00:57] t=4261 jev VEH HARV HOLD (预算保护 cash=0 aav帽=ok aav=1)
[15:00:59] t=4263 jev INF FLAKT HOLD (预算保护 gate=False e2=17)
[15:01:01] t=4266 jev INF FLAKT HOLD (预算保护 gate=False e2=17)
[15:01:01] t=4266 MOVE assault x5 -> (137,82); t=4266 SIEGE STAGING x5/8 (攒兵团, 齐冲再上); aahunt x1 -> (125,84)
[15:01:01] {"kind": "action", "what": "attack_move", "name": null, "qty": null, "tid": null, "ts": "15:01:01"}
[15:01:01] {"kind": "action", "what": "attack_move", "name": null, "qty": null, "tid": null, "ts": "15:01:01"}
[15:01:03] t=4269 jev INF FLAKT HOLD (预算保护 gate=False e2=17)
[15:01:03] t=4269 jev VEH HARV HOLD (预算保护 cash=635 aav帽=ok aav=1)
[15:01:05] t=4271 jev INF FLAKT HOLD (预算保护 gate=False e2=17)
[15:01:05] t=4271 jev VEH HARV HOLD (预算保护 cash=635 aav帽=ok aav=1)
[15:01:07] t=4274 jev INF FLAKT HOLD (预算保护 gate=False e2=17)
[15:01:07] t=4274 jev VEH HARV HOLD (预算保护 cash=635 aav帽=ok aav=1)
[15:01:07] t=4274 MOVE t=4274 SIEGE STAGING x5/8 (攒兵团, 齐冲再上); hold_a x10 -> (133,86)
[15:01:07] {"kind": "action", "what": "attack_move", "name": null, "qty": null, "tid": null, "ts": "15:01:07"}
[15:01:07] t=4277 ESCORT 坦克#5044 -> 护航矿车@[82, 89]
[15:01:07] {"kind": "action", "what": "attack_move", "name": null, "qty": null, "tid": null, "ts": "15:01:07"}
[15:01:09] t=4277 jev INF FLAKT HOLD (预算保护 gate=False e2=17)
[15:01:09] t=4277 jev VEH HARV HOLD (预算保护 cash=635 aav帽=ok aav=1)
[15:01:09] t=4277 THREAT 0.55 -> force defend
[15:01:09] t=4277 ATTACK (tanks=7)
[15:01:11] t=4280 jev INF FLAKT HOLD (预算保护 gate=False e2=17)
[15:01:11] t=4280 jev VEH HARV HOLD (预算保护 cash=635 aav帽=ok aav=1)
[15:01:13] t=4282 jev INF FLAKT HOLD (预算保护 gate=False e2=17)
[15:01:13] t=4282 jev VEH HARV HOLD (预算保护 cash=635 aav帽=ok aav=1)
[15:01:13] t=4282 THREAT 0.55 -> force defend
[15:01:13] t=4282 ATTACK (tanks=7)
[15:01:13] t=4282 MOVE assault x5 -> (137,82); t=4282 SIEGE STAGING x5/8 (攒兵团, 齐冲再上)
[15:01:13] {"kind": "action", "what": "attack_move", "name": null, "qty": null, "tid": null, "ts": "15:01:13"}
[15:01:15] t=4285 jev INF FLAKT HOLD (预算保护 gate=False e2=17)
[15:01:15] t=4285 jev VEH HARV HOLD (预算保护 cash=635 aav帽=ok aav=1)
[15:01:15] t=4285 MOVE raid x2 -> (76,123); t=4285 SIEGE STAGING x5/8 (攒兵团, 齐冲再上)
[15:01:15] {"kind": "action", "what": "attack_move", "name": null, "qty": null, "tid": null, "ts": "15:01:15"}
[15:01:17] t=4288 jev INF FLAKT HOLD (预算保护 gate=False e2=17)
[15:01:17] t=4288 jev VEH HARV HOLD (预算保护 cash=710 aav帽=ok aav=1)
[15:01:17] t=4288 THREAT 0.55 -> force defend
[15:01:17] t=4288 ATTACK (tanks=7)
[15:01:19] t=4290 jev INF FLAKT HOLD (预算保护 gate=False e2=17)
[15:01:19] t=4290 jev VEH HARV HOLD (预算保护 cash=710 aav帽=ok aav=1)
[15:01:21] t=4293 jev INF FLAKT HOLD (预算保护 gate=False e2=17)
[15:01:21] t=4293 jev VEH HARV HOLD (预算保护 cash=710 aav帽=ok aav=1)
[15:01:23] t=4296 jev INF FLAKT HOLD (预算保护 gate=False e2=17)
[15:01:23] t=4296 jev VEH HARV HOLD (预算保护 cash=710 aav帽=ok aav=1)
[15:01:25] t=4299 jev INF FLAKT HOLD (预算保护 gate=False e2=17)
[15:01:25] t=4299 jev VEH HARV HOLD (预算保护 cash=710 aav帽=ok aav=1)
[15:01:25] t=4299 MOVE assault x5 -> (137,82); t=4299 SIEGE STAGING x5/8 (攒兵团, 齐冲再上)
[15:01:25] {"kind": "action", "what": "attack_move", "name": null, "qty": null, "tid": null, "ts": "15:01:25"}
[15:01:27] t=4301 jev INF FLAKT HOLD (预算保护 gate=False e2=17)
[15:01:27] t=4301 jev VEH HARV HOLD (预算保护 cash=710 aav帽=ok aav=1)
[15:01:27] t=4301 MOVE t=4301 SIEGE STAGING x5/8 (攒兵团, 齐冲再上); hold_b x10 -> (126,75)
[15:01:27] {"kind": "action", "what": "attack_move", "name": null, "qty": null, "tid": null, "ts": "15:01:27"}
[15:01:29] t=4304 jev INF FLAKT HOLD (预算保护 gate=False e2=17)
[15:01:29] t=4304 jev VEH HARV HOLD (预算保护 cash=710 aav帽=ok aav=1)
[15:01:31] t=4307 jev INF FLAKT HOLD (预算保护 gate=False e2=17)
[15:01:31] t=4307 jev VEH HARV HOLD (预算保护 cash=710 aav帽=ok aav=1)
[15:01:31] t=4307 MOVE t=4307 SIEGE STAGING x5/8 (攒兵团, 齐冲再上); aahunt x1 -> (125,84)
[15:01:31] {"kind": "action", "what": "attack_move", "name": null, "qty": null, "tid": null, "ts": "15:01:31"}
[15:01:31] t=4307 tick#1725 credits=710 stance=attack | jev 1725 decisions p50=1729ms
[15:01:33] t=4309 jev INF FLAKT HOLD (预算保护 gate=False e2=17)
[15:01:33] t=4309 jev VEH HARV HOLD (预算保护 cash=710 aav帽=ok aav=1)
[15:01:33] t=4309 THREAT 0.59 -> force defend
[15:01:33] t=4309 ATTACK (tanks=7)
[15:01:35] t=4312 jev INF FLAKT HOLD (预算保护 gate=False e2=17)
[15:01:35] t=4312 jev VEH HARV HOLD (预算保护 cash=710 aav帽=ok aav=1)
[15:01:35] t=4312 THREAT 0.58 -> force defend
[15:01:35] t=4312 ATTACK (tanks=7)
[15:01:35] t=4312 MOVE raid x2 -> (76,123); t=4312 SIEGE STAGING x5/8 (攒兵团, 齐冲再上)
[15:01:35] {"kind": "action", "what": "attack_move", "name": null, "qty": null, "tid": null, "ts": "15:01:35"}
[15:01:36] t=4315 TESLA coil (have 1)
[15:01:36] {"kind": "action", "what": "produce", "name": "TESLA", "qty": 1, "tid": null, "ts": "15:01:36"}
[15:01:38] t=4315 jev INF FLAKT (conf 0.52)
[15:01:38] t=4315 jev VEH HARV HOLD (预算保护 cash=1835 aav帽=ok aav=1)
[15:01:38] t=4315 THREAT 0.58 -> force defend
[15:01:38] {"kind": "action", "what": "produce", "name": "FLAKT", "qty": 1, "tid": null, "ts": "15:01:38"}
[15:01:38] t=4315 ATTACK (tanks=7)
[15:01:38] t=4315 MOVE assault x5 -> (137,82); t=4315 SIEGE STAGING x5/8 (攒兵团, 齐冲再上)
[15:01:38] {"kind": "action", "what": "attack_move", "name": null, "qty": null, "tid": null, "ts": "15:01:38"}
[15:01:38] t=4318 TANK HTNK x2
[15:01:38] t=4318 ESCORT 坦克#4377 -> 护航矿车@[117, 135]
[15:01:38] t=4318 DEBT-GATE HTNK x2 (debt=0 eff=1738 < 1800)
[15:01:38] {"kind": "action", "what": "attack_move", "name": null, "qty": null, "tid": null, "ts": "15:01:38"}
[15:01:40] t=4318 jev VEH HARV HOLD (预算保护 cash=1738 aav帽=ok aav=1)
[15:01:40] t=4318 THREAT 0.58 -> force defend
[15:01:40] t=4318 ATTACK (tanks=7)
[15:01:40] t=4321 TANK HTNK x2
[15:01:40] t=4321 DEBT-GATE HTNK x2 (debt=0 eff=1475 < 1800)
[15:01:42] t=4321 jev VEH HARV HOLD (预算保护 cash=1475 aav帽=ok aav=1)
[15:01:42] t=4321 THREAT 0.58 -> force defend
[15:01:42] t=4321 ATTACK (tanks=7)
[15:01:42] t=4323 TANK HTNK x2
[15:01:42] t=4323 DEBT-GATE HTNK x2 (debt=0 eff=1380 < 1800)
[15:01:44] t=4323 jev INF FLAKT (conf 0.44)
[15:01:44] t=4323 jev VEH HARV HOLD (预算保护 cash=1380 aav帽=ok aav=1)
[15:01:44] t=4323 THREAT 0.57 -> force defend
[15:01:44] t=4323 ATTACK (tanks=7)
[15:01:44] t=4326 TANK HTNK x2
[15:01:44] t=4326 DEBT-GATE HTNK x2 (debt=0 eff=1314 < 1800)
[15:01:46] t=4326 jev INF FLAKT (conf 0.45)
[15:01:46] t=4326 jev VEH HARV HOLD (预算保护 cash=1314 aav帽=ok aav=1)
[15:01:46] t=4326 THREAT 0.57 -> force defend
[15:01:46] t=4326 ATTACK (tanks=7)
[15:01:46] t=4329 TANK HTNK x2
[15:01:46] t=4329 DEBT-GATE HTNK x2 (debt=0 eff=1247 < 1800)
[15:01:48] t=4329 jev INF FLAKT (conf 0.43)
[15:01:48] t=4329 jev VEH HARV HOLD (预算保护 cash=1247 aav帽=ok aav=1)
[15:01:48] t=4329 THREAT 0.56 -> force defend
[15:01:48] t=4329 ATTACK (tanks=7)
[15:01:48] t=4331 TANK HTNK x2
[15:01:48] t=4331 DEBT-GATE HTNK x2 (debt=0 eff=1405 < 1800)
[15:01:50] t=4331 jev INF FLAKT (conf 0.43)
[15:01:50] t=4331 jev VEH HARV HOLD (预算保护 cash=1405 aav帽=ok aav=1)
[15:01:50] t=4331 THREAT 0.57 -> force defend
[15:01:50] t=4331 ATTACK (tanks=7)
[15:01:50] t=4331 MOVE assault x5 -> (137,82); t=4331 SIEGE STAGING x5/8 (攒兵团, 齐冲再上)
[15:01:50] {"kind": "action", "what": "attack_move", "name": null, "qty": null, "tid": null, "ts": "15:01:50"}
[15:01:50] t=4334 TANK HTNK x2
[15:01:50] t=4334 DEBT-GATE HTNK x2 (debt=0 eff=1337 < 1800)
[15:01:52] t=4334 jev INF FLAKT (conf 0.43)
[15:01:52] t=4334 jev VEH HARV HOLD (预算保护 cash=1337 aav帽=ok aav=1)
[15:01:52] t=4334 THREAT 0.58 -> force defend
[15:01:52] t=4334 ATTACK (tanks=7)
[15:01:52] t=4337 TANK HTNK x2
[15:01:52] t=4337 DEBT-GATE HTNK x2 (debt=0 eff=1271 < 1800)
[15:01:54] t=4337 jev INF FLAKT (conf 0.45)
[15:01:54] t=4337 jev VEH HARV HOLD (预算保护 cash=1271 aav帽=ok aav=1)
[15:01:54] t=4337 THREAT 0.57 -> force defend
[15:01:54] t=4337 ATTACK (tanks=7)
[15:01:54] t=4340 TANK HTNK x2
[15:01:54] t=4340 DEBT-GATE HTNK x2 (debt=0 eff=1206 < 1800)
[15:01:56] t=4340 jev INF FLAKT (conf 0.43)
[15:01:56] t=4340 jev VEH HARV HOLD (预算保护 cash=1206 aav帽=ok aav=1)
[15:01:56] t=4340 THREAT 0.57 -> force defend
[15:01:56] t=4340 ATTACK (tanks=7)
[15:01:56] t=4340 MOVE raid x2 -> (76,123); t=4340 SIEGE STAGING x5/8 (攒兵团, 齐冲再上)
[15:01:56] {"kind": "action", "what": "attack_move", "name": null, "qty": null, "tid": null, "ts": "15:01:56"}
[15:01:56] t=4342 TANK HTNK x1
[15:01:56] {"kind": "action", "what": "produce", "name": "HTNK", "qty": 1, "tid": null, "ts": "15:01:56"}
[15:01:58] t=4342 jev INF FLAKT (conf 0.44)
[15:01:58] t=4342 THREAT 0.56 -> force defend
[15:01:58] t=4342 ATTACK (tanks=7)
[15:02:00] t=4345 jev INF FLAKT HOLD (预算保护 gate=False e2=17)
[15:02:00] t=4345 THREAT 0.57 -> force defend
[15:02:00] t=4345 ATTACK (tanks=7)
[15:02:02] t=4348 jev INF FLAKT HOLD (预算保护 gate=False e2=17)
[15:02:02] t=4348 THREAT 0.58 -> force defend
[15:02:02] t=4348 ATTACK (tanks=7)
[15:02:02] t=4348 MOVE assault x5 -> (137,82); t=4348 SIEGE STAGING x5/8 (攒兵团, 齐冲再上); aahunt x1 -> (125,84)
[15:02:02] {"kind": "action", "what": "attack_move", "name": null, "qty": null, "tid": null, "ts": "15:02:02"}
[15:02:02] {"kind": "action", "what": "attack_move", "name": null, "qty": null, "tid": null, "ts": "15:02:02"}
[15:02:04] t=4351 jev INF FLAKT HOLD (预算保护 gate=False e2=17)
[15:02:04] t=4351 jev VEH HARV HOLD (预算保护 cash=35 aav帽=ok aav=1)
[15:02:04] t=4351 THREAT 0.57 -> force defend
[15:02:04] t=4351 ATTACK (tanks=8)
[15:02:06] t=4353 jev INF FLAKT HOLD (预算保护 gate=False e2=17)
[15:02:06] t=4353 jev VEH HARV HOLD (预算保护 cash=0 aav帽=ok aav=1)
[15:02:06] t=4353 THREAT 0.57 -> force defend
[15:02:06] t=4353 ATTACK (tanks=8)
[15:02:08] t=4356 jev INF FLAKT HOLD (预算保护 gate=False e2=17)
[15:02:08] t=4356 jev VEH HARV HOLD (预算保护 cash=0 aav帽=ok aav=1)
[15:02:08] t=4356 THREAT 0.58 -> force defend
[15:02:08] t=4356 ATTACK (tanks=8)
[15:02:08] t=4356 MOVE t=4356 SIEGE STAGING x6/8 (攒兵团, 齐冲再上); hold_a x11 -> (133,86)
[15:02:08] {"kind": "action", "what": "attack_move", "name": null, "qty": null, "tid": null, "ts": "15:02:08"}
[15:02:09] t=4359 ESCORT 坦克#4378 -> 护航矿车@[116, 135]
[15:02:09] {"kind": "action", "what": "attack_move", "name": null, "qty": null, "tid": null, "ts": "15:02:09"}
[15:02:10] t=4359 jev INF FLAKT HOLD (预算保护 gate=False e2=17)
[15:02:10] t=4359 jev VEH HARV HOLD (预算保护 cash=0 aav帽=ok aav=1)
[15:02:10] t=4359 THREAT 0.58 -> force defend
[15:02:10] t=4359 ATTACK (tanks=8)
[15:02:12] t=4362 jev INF FLAKT HOLD (预算保护 gate=False e2=17)
[15:02:12] t=4362 jev VEH HARV HOLD (预算保护 cash=0 aav帽=ok aav=1)
[15:02:12] t=4362 THREAT 0.57 -> force defend
[15:02:12] t=4362 ATTACK (tanks=8)
[15:02:15] t=4364 jev INF FLAKT HOLD (预算保护 gate=False e2=17)
[15:02:15] t=4364 jev VEH HARV HOLD (预算保护 cash=0 aav帽=ok aav=1)
[15:02:15] t=4364 THREAT 0.58 -> force defend
[15:02:15] t=4364 ATTACK (tanks=8)
[15:02:15] t=4364 MOVE assault x6 -> (137,82); t=4364 SIEGE STAGING x6/8 (攒兵团, 齐冲再上)
[15:02:15] {"kind": "action", "what": "attack_move", "name": null, "qty": null, "tid": null, "ts": "15:02:15"}
[15:02:17] t=4367 jev INF FLAKT HOLD (预算保护 gate=False e2=17)
[15:02:17] t=4367 jev VEH HARV HOLD (预算保护 cash=0 aav帽=ok aav=1)
[15:02:17] t=4367 THREAT 0.57 -> force defend
[15:02:17] t=4367 ATTACK (tanks=8)
[15:02:17] t=4367 MOVE raid x2 -> (76,123); t=4367 SIEGE STAGING x6/8 (攒兵团, 齐冲再上)
[15:02:17] {"kind": "action", "what": "attack_move", "name": null, "qty": null, "tid": null, "ts": "15:02:17"}
[15:02:19] t=4370 jev INF FLAKT HOLD (预算保护 gate=False e2=17)
[15:02:19] t=4370 jev VEH HARV HOLD (预算保护 cash=0 aav帽=ok aav=1)
[15:02:19] t=4370 THREAT 0.57 -> force defend
[15:02:19] t=4370 ATTACK (tanks=8)
[15:02:21] t=4372 jev INF FLAKT HOLD (预算保护 gate=False e2=17)
[15:02:21] t=4372 jev VEH HARV HOLD (预算保护 cash=0 aav帽=ok aav=1)
[15:02:21] t=4372 THREAT 0.57 -> force defend
[15:02:21] t=4372 ATTACK (tanks=8)
[15:02:23] t=4375 jev INF FLAKT HOLD (预算保护 gate=False e2=17)
[15:02:23] t=4375 jev VEH HARV HOLD (预算保护 cash=0 aav帽=ok aav=1)
[15:02:23] t=4375 THREAT 0.57 -> force defend
[15:02:23] t=4375 ATTACK (tanks=8)
[15:02:23] t=4375 tick#1750 credits=0 stance=attack | jev 1750 decisions p50=1735ms
[15:02:25] t=4378 jev INF FLAKT HOLD (预算保护 gate=False e2=17)
[15:02:25] t=4378 jev VEH HARV HOLD (预算保护 cash=0 aav帽=ok aav=1)
[15:02:25] t=4378 THREAT 0.60 -> force defend
[15:02:25] t=4378 ATTACK (tanks=8)
[15:02:27] t=4381 jev INF FLAKT HOLD (预算保护 gate=False e2=17)
[15:02:27] t=4381 jev VEH HARV HOLD (预算保护 cash=0 aav帽=ok aav=1)
[15:02:27] t=4381 THREAT 0.60 -> force defend
[15:02:27] t=4381 ATTACK (tanks=8)
[15:02:27] t=4381 MOVE assault x6 -> (137,82); t=4381 SIEGE STAGING x6/8 (攒兵团, 齐冲再上)
[15:02:27] {"kind": "action", "what": "attack_move", "name": null, "qty": null, "tid": null, "ts": "15:02:27"}
[15:02:29] t=4383 jev INF FLAKT HOLD (预算保护 gate=False e2=17)
[15:02:29] t=4383 jev VEH HARV HOLD (预算保护 cash=0 aav帽=ok aav=1)
[15:02:29] t=4383 THREAT 0.61 -> force defend
[15:02:29] t=4383 ATTACK (tanks=8)
[15:02:29] t=4383 MOVE t=4383 SIEGE STAGING x6/8 (攒兵团, 齐冲再上); hold_b x10 -> (126,75)
[15:02:29] {"kind": "action", "what": "attack_move", "name": null, "qty": null, "tid": null, "ts": "15:02:29"}
[15:02:31] t=4386 jev INF FLAKT HOLD (预算保护 gate=False e2=17)
[15:02:31] t=4386 jev VEH HARV HOLD (预算保护 cash=0 aav帽=ok aav=1)
[15:02:31] t=4386 THREAT 0.60 -> force defend
[15:02:31] t=4386 ATTACK (tanks=8)
[15:02:33] t=4389 jev INF FLAKT HOLD (预算保护 gate=False e2=17)
[15:02:33] t=4389 jev VEH HARV HOLD (预算保护 cash=0 aav帽=ok aav=1)
[15:02:33] t=4389 THREAT 0.60 -> force defend
[15:02:33] t=4389 ATTACK (tanks=8)
[15:02:33] t=4389 MOVE t=4389 SIEGE STAGING x6/8 (攒兵团, 齐冲再上); aahunt x1 -> (125,84)
[15:02:33] {"kind": "action", "what": "attack_move", "name": null, "qty": null, "tid": null, "ts": "15:02:33"}
[15:02:35] t=4391 jev INF FLAKT HOLD (预算保护 gate=False e2=17)
[15:02:35] t=4391 jev VEH HARV HOLD (预算保护 cash=0 aav帽=ok aav=1)
[15:02:35] t=4391 THREAT 0.60 -> force defend
[15:02:35] t=4391 ATTACK (tanks=8)
[15:02:37] t=4394 jev INF FLAKT HOLD (预算保护 gate=False e2=17)
[15:02:37] t=4394 jev VEH HARV HOLD (预算保护 cash=0 aav帽=ok aav=1)
[15:02:37] t=4394 THREAT 0.60 -> force defend
[15:02:37] t=4394 ATTACK (tanks=8)
[15:02:37] t=4394 MOVE raid x2 -> (76,123); t=4394 SIEGE STAGING x6/8 (攒兵团, 齐冲再上)
[15:02:37] {"kind": "action", "what": "attack_move", "name": null, "qty": null, "tid": null, "ts": "15:02:37"}
[15:02:39] t=4397 jev INF FLAKT HOLD (预算保护 gate=False e2=17)
[15:02:39] t=4397 jev VEH HARV HOLD (预算保护 cash=519 aav帽=ok aav=1)
[15:02:39] t=4397 THREAT 0.60 -> force defend
[15:02:39] t=4397 ATTACK (tanks=8)
[15:02:39] t=4397 MOVE assault x6 -> (137,82); t=4397 SIEGE STAGING x6/8 (攒兵团, 齐冲再上)
[15:02:39] {"kind": "action", "what": "attack_move", "name": null, "qty": null, "tid": null, "ts": "15:02:39"}
[15:02:39] t=4400 ESCORT 坦克#4377 -> 护航矿车@[117, 133]
[15:02:39] {"kind": "action", "what": "attack_move", "name": null, "qty": null, "tid": null, "ts": "15:02:39"}
[15:02:41] t=4400 jev INF FLAKT HOLD (预算保护 gate=False e2=17)
[15:02:41] t=4400 jev VEH HARV HOLD (预算保护 cash=452 aav帽=ok aav=1)
[15:02:41] t=4400 THREAT 0.60 -> force defend
[15:02:41] t=4400 ATTACK (tanks=8)
[15:02:43] t=4402 jev INF FLAKT HOLD (预算保护 gate=False e2=17)
[15:02:43] t=4402 jev VEH HARV HOLD (预算保护 cash=383 aav帽=ok aav=1)
[15:02:43] t=4402 THREAT 0.60 -> force defend
[15:02:43] t=4402 ATTACK (tanks=8)
[15:02:45] t=4405 jev INF FLAKT HOLD (预算保护 gate=False e2=17)
[15:02:45] t=4405 jev VEH HARV HOLD (预算保护 cash=316 aav帽=ok aav=1)
[15:02:45] t=4405 THREAT 0.60 -> force defend
[15:02:45] t=4405 ATTACK (tanks=8)
[15:02:47] t=4408 jev INF FLAKT HOLD (预算保护 gate=False e2=17)
[15:02:47] t=4408 jev VEH HARV HOLD (预算保护 cash=249 aav帽=ok aav=1)
[15:02:47] t=4408 THREAT 0.60 -> force defend
[15:02:47] t=4408 ATTACK (tanks=8)
[15:02:49] t=4411 jev INF FLAKT HOLD (预算保护 gate=False e2=17)
[15:02:49] t=4411 jev VEH HARV HOLD (预算保护 cash=182 aav帽=ok aav=1)
[15:02:49] t=4411 THREAT 0.59 -> force defend
[15:02:49] t=4411 ATTACK (tanks=8)
[15:02:51] t=4413 jev INF FLAKT HOLD (预算保护 gate=False e2=17)
[15:02:51] t=4413 jev VEH HARV HOLD (预算保护 cash=115 aav帽=ok aav=1)
[15:02:51] t=4413 THREAT 0.60 -> force defend
[15:02:51] t=4413 ATTACK (tanks=8)
[15:02:51] t=4413 MOVE assault x6 -> (137,82); t=4413 SIEGE STAGING x6/8 (攒兵团, 齐冲再上)
[15:02:51] {"kind": "action", "what": "attack_move", "name": null, "qty": null, "tid": null, "ts": "15:02:51"}
[15:02:53] t=4416 jev INF FLAKT HOLD (预算保护 gate=False e2=17)
[15:02:53] t=4416 jev VEH HARV HOLD (预算保护 cash=48 aav帽=ok aav=1)
[15:02:53] t=4416 THREAT 0.61 -> force defend
[15:02:53] t=4416 ATTACK (tanks=8)
[15:02:55] t=4419 jev INF FLAKT HOLD (预算保护 gate=False e2=17)
[15:02:55] t=4419 jev VEH HARV HOLD (预算保护 cash=0 aav帽=ok aav=1)
[15:02:55] t=4419 THREAT 0.60 -> force defend
[15:02:55] t=4419 ATTACK (tanks=8)
[15:02:57] t=4421 jev INF FLAKT HOLD (预算保护 gate=False e2=17)
[15:02:57] t=4421 jev VEH HARV HOLD (预算保护 cash=0 aav帽=ok aav=1)
[15:02:57] t=4421 THREAT 0.60 -> force defend
[15:02:57] t=4421 ATTACK (tanks=8)
[15:02:57] t=4421 MOVE raid x2 -> (76,123); t=4421 SIEGE STAGING x6/8 (攒兵团, 齐冲再上)
[15:02:58] {"kind": "action", "what": "attack_move", "name": null, "qty": null, "tid": null, "ts": "15:02:58"}
[15:03:00] t=4424 jev INF FLAKT HOLD (预算保护 gate=False e2=17)
[15:03:00] t=4424 jev VEH HARV HOLD (预算保护 cash=0 aav帽=ok aav=1)
[15:03:00] t=4424 THREAT 0.60 -> force defend
[15:03:00] t=4424 ATTACK (tanks=8)
[15:03:02] t=4427 jev INF FLAKT HOLD (预算保护 gate=False e2=17)
[15:03:02] t=4427 jev VEH HARV HOLD (预算保护 cash=0 aav帽=ok aav=1)
[15:03:02] t=4427 THREAT 0.60 -> force defend
[15:03:02] t=4427 ATTACK (tanks=8)
[15:03:04] t=4430 jev INF FLAKT HOLD (预算保护 gate=False e2=17)
[15:03:04] t=4430 jev VEH HARV HOLD (预算保护 cash=0 aav帽=ok aav=1)
[15:03:04] t=4430 THREAT 0.60 -> force defend
[15:03:04] t=4430 ATTACK (tanks=8)
[15:03:04] t=4430 MOVE assault x6 -> (137,82); t=4430 SIEGE STAGING x6/8 (攒兵团, 齐冲再上); aahunt x1 -> (125,84)
[15:03:04] {"kind": "action", "what": "attack_move", "name": null, "qty": null, "tid": null, "ts": "15:03:04"}
[15:03:04] {"kind": "action", "what": "attack_move", "name": null, "qty": null, "tid": null, "ts": "15:03:04"}
[15:03:06] t=4432 jev INF FLAKT HOLD (预算保护 gate=False e2=17)
[15:03:06] t=4432 jev VEH HARV HOLD (预算保护 cash=0 aav帽=ok aav=1)
[15:03:06] t=4432 THREAT 0.60 -> force defend
[15:03:06] t=4432 ATTACK (tanks=8)
[15:03:08] t=4435 jev INF FLAKT HOLD (预算保护 gate=False e2=17)
[15:03:08] t=4435 jev VEH HARV HOLD (预算保护 cash=0 aav帽=ok aav=1)
[15:03:08] t=4435 THREAT 0.60 -> force defend
[15:03:08] t=4435 ATTACK (tanks=8)
[15:03:10] t=4438 jev INF FLAKT HOLD (预算保护 gate=False e2=17)
[15:03:10] t=4438 jev VEH HARV HOLD (预算保护 cash=0 aav帽=ok aav=1)
[15:03:10] t=4438 THREAT 0.60 -> force defend
[15:03:10] t=4438 ATTACK (tanks=8)
[15:03:10] t=4438 MOVE t=4438 SIEGE STAGING x6/8 (攒兵团, 齐冲再上); hold_a x11 -> (133,86)
[15:03:10] {"kind": "action", "what": "attack_move", "name": null, "qty": null, "tid": null, "ts": "15:03:10"}
[15:03:10] t=4441 ESCORT 坦克#4377 -> 护航矿车@[120, 111]
[15:03:10] {"kind": "action", "what": "attack_move", "name": null, "qty": null, "tid": null, "ts": "15:03:10"}
[15:03:12] t=4441 jev INF FLAKT HOLD (预算保护 gate=False e2=17)
[15:03:12] t=4441 jev VEH HARV HOLD (预算保护 cash=0 aav帽=ok aav=1)
[15:03:12] t=4441 THREAT 0.61 -> force defend
[15:03:12] t=4441 ATTACK (tanks=8)
[15:03:14] t=4443 jev INF FLAKT HOLD (预算保护 gate=False e2=17)
[15:03:14] t=4443 jev VEH HARV HOLD (预算保护 cash=392 aav帽=ok aav=1)
[15:03:14] t=4443 THREAT 0.61 -> force defend
[15:03:14] t=4443 ATTACK (tanks=8)
[15:03:14] t=4443 tick#1775 credits=392 stance=attack | jev 1775 decisions p50=1740ms
[15:03:16] t=4446 jev INF FLAKT HOLD (预算保护 gate=False e2=17)
[15:03:16] t=4446 jev VEH HARV HOLD (预算保护 cash=385 aav帽=ok aav=1)
[15:03:16] t=4446 THREAT 0.59 -> force defend
[15:03:16] t=4446 ATTACK (tanks=8)
[15:03:16] t=4446 MOVE assault x6 -> (137,82); t=4446 SIEGE STAGING x6/8 (攒兵团, 齐冲再上)
[15:03:16] {"kind": "action", "what": "attack_move", "name": null, "qty": null, "tid": null, "ts": "15:03:16"}
[15:03:18] t=4449 jev INF FLAKT HOLD (预算保护 gate=False e2=17)
[15:03:18] t=4449 jev VEH HARV HOLD (预算保护 cash=385 aav帽=ok aav=1)
[15:03:18] t=4449 THREAT 0.59 -> force defend
[15:03:18] t=4449 ATTACK (tanks=8)
[15:03:18] t=4449 MOVE raid x2 -> (76,123); t=4449 SIEGE STAGING x6/8 (攒兵团, 齐冲再上)
[15:03:18] {"kind": "action", "what": "attack_move", "name": null, "qty": null, "tid": null, "ts": "15:03:18"}
[15:03:20] t=4452 jev INF FLAKT HOLD (预算保护 gate=False e2=17)
[15:03:20] t=4452 jev VEH HARV HOLD (预算保护 cash=385 aav帽=ok aav=1)
[15:03:20] t=4452 THREAT 0.61 -> force defend
[15:03:20] t=4452 ATTACK (tanks=8)
[15:03:22] t=4454 jev INF FLAKT HOLD (预算保护 gate=False e2=17)
[15:03:22] t=4454 jev VEH HARV HOLD (预算保护 cash=385 aav帽=ok aav=1)
[15:03:22] t=4454 THREAT 0.60 -> force defend
[15:03:22] t=4454 ATTACK (tanks=8)
[15:03:24] t=4457 jev INF FLAKT HOLD (预算保护 gate=False e2=17)
[15:03:24] t=4457 jev VEH HARV HOLD (预算保护 cash=385 aav帽=ok aav=1)
[15:03:24] t=4457 THREAT 0.60 -> force defend
[15:03:24] t=4457 ATTACK (tanks=8)
[15:03:26] t=4460 jev INF FLAKT HOLD (预算保护 gate=False e2=17)
[15:03:26] t=4460 jev VEH HARV HOLD (预算保护 cash=385 aav帽=ok aav=1)
[15:03:26] t=4460 THREAT 0.60 -> force defend
[15:03:26] t=4460 ATTACK (tanks=8)
[15:03:28] t=4462 jev INF FLAKT HOLD (预算保护 gate=False e2=17)
[15:03:28] t=4462 jev VEH HARV HOLD (预算保护 cash=385 aav帽=ok aav=1)
[15:03:28] t=4462 THREAT 0.60 -> force defend
[15:03:28] t=4462 ATTACK (tanks=8)
[15:03:28] t=4462 MOVE assault x6 -> (137,82); t=4462 SIEGE STAGING x6/8 (攒兵团, 齐冲再上)
[15:03:28] {"kind": "action", "what": "attack_move", "name": null, "qty": null, "tid": null, "ts": "15:03:28"}
[15:03:30] t=4465 jev INF FLAKT HOLD (预算保护 gate=False e2=17)
[15:03:30] t=4465 jev VEH HARV HOLD (预算保护 cash=385 aav帽=ok aav=1)
[15:03:30] t=4465 THREAT 0.60 -> force defend
[15:03:30] t=4465 ATTACK (tanks=8)
[15:03:30] t=4465 MOVE t=4465 SIEGE STAGING x6/8 (攒兵团, 齐冲再上); hold_b x10 -> (126,75)
[15:03:30] {"kind": "action", "what": "attack_move", "name": null, "qty": null, "tid": null, "ts": "15:03:30"}
[15:03:32] t=4468 jev INF FLAKT HOLD (预算保护 gate=False e2=17)
[15:03:32] t=4468 jev VEH HARV HOLD (预算保护 cash=385 aav帽=ok aav=1)
[15:03:32] t=4468 THREAT 0.60 -> force defend
[15:03:32] t=4468 ATTACK (tanks=8)
[15:03:34] t=4471 jev INF FLAKT HOLD (预算保护 gate=False e2=17)
[15:03:34] t=4471 jev VEH HARV HOLD (预算保护 cash=385 aav帽=ok aav=1)
[15:03:34] t=4471 THREAT 0.60 -> force defend
[15:03:34] t=4471 ATTACK (tanks=8)
[15:03:34] t=4471 MOVE t=4471 SIEGE STAGING x6/8 (攒兵团, 齐冲再上); aahunt x1 -> (125,84)
[15:03:34] {"kind": "action", "what": "attack_move", "name": null, "qty": null, "tid": null, "ts": "15:03:34"}
[15:03:36] t=4473 jev INF FLAKT HOLD (预算保护 gate=False e2=17)
[15:03:36] t=4473 jev VEH HARV HOLD (预算保护 cash=385 aav帽=ok aav=1)
[15:03:36] t=4473 THREAT 0.60 -> force defend
[15:03:36] t=4473 ATTACK (tanks=8)
[15:03:38] t=4476 jev INF FLAKT HOLD (预算保护 gate=False e2=17)
[15:03:38] t=4476 jev VEH HARV HOLD (预算保护 cash=385 aav帽=ok aav=1)
[15:03:38] t=4476 THREAT 0.61 -> force defend
[15:03:38] t=4476 ATTACK (tanks=8)
[15:03:38] t=4476 MOVE raid x2 -> (76,123); t=4476 SIEGE STAGING x6/8 (攒兵团, 齐冲再上)
[15:03:39] {"kind": "action", "what": "attack_move", "name": null, "qty": null, "tid": null, "ts": "15:03:39"}
[15:03:41] t=4479 jev INF FLAKT HOLD (预算保护 gate=False e2=17)
[15:03:41] t=4479 jev VEH HARV HOLD (预算保护 cash=385 aav帽=ok aav=1)
[15:03:41] t=4479 THREAT 0.60 -> force defend
[15:03:41] t=4479 ATTACK (tanks=8)
[15:03:41] t=4479 MOVE assault x6 -> (137,82); t=4479 SIEGE STAGING x6/8 (攒兵团, 齐冲再上)
[15:03:41] {"kind": "action", "what": "attack_move", "name": null, "qty": null, "tid": null, "ts": "15:03:41"}
[15:03:41] t=4482 POWER plant (reserve 5)
[15:03:41] t=4482 TANK HTNK x1
[15:03:41] t=4482 ESCORT 坦克#4377 -> 护航矿车@[90, 94]
[15:03:41] {"kind": "action", "what": "produce", "name": "NAPOWR", "qty": 1, "tid": null, "ts": "15:03:41"}
[15:03:41] {"kind": "action", "what": "produce", "name": "HTNK", "qty": 1, "tid": null, "ts": "15:03:41"}
[15:03:41] {"kind": "action", "what": "attack_move", "name": null, "qty": null, "tid": null, "ts": "15:03:41"}
[15:03:43] t=4482 jev INF FLAKT (conf 0.50)
[15:03:43] t=4482 THREAT 0.59 -> force defend
[15:03:43] t=4482 DEBT-GATE FLAKT x1 (debt=1500 eff=10 < 250)
[15:03:43] t=4482 ATTACK (tanks=8)
[15:03:45] t=4484 jev INF FLAKT (conf 0.46)
[15:03:45] t=4484 THREAT 0.60 -> force defend
[15:03:45] {"kind": "action", "what": "produce", "name": "FLAKT", "qty": 1, "tid": null, "ts": "15:03:45"}
[15:03:45] t=4484 ATTACK (tanks=8)
[15:03:47] t=4487 THREAT 0.59 -> force defend
[15:03:47] t=4487 ATTACK (tanks=8)
[15:03:49] t=4490 jev VEH HARV HOLD (预算保护 cash=175 aav帽=ok aav=1)
[15:03:49] t=4490 THREAT 0.60 -> force defend
[15:03:49] t=4490 ATTACK (tanks=9)
[15:03:51] t=4493 jev INF FLAKT HOLD (预算保护 gate=False e2=17)
[15:03:51] t=4493 jev VEH HARV HOLD (预算保护 cash=57 aav帽=ok aav=1)
[15:03:51] t=4493 THREAT 0.60 -> force defend
[15:03:51] t=4493 ATTACK (tanks=9)
[15:03:53] t=4495 jev INF FLAKT HOLD (预算保护 gate=False e2=17)
[15:03:53] t=4495 jev VEH HARV HOLD (预算保护 cash=0 aav帽=ok aav=1)
[15:03:53] t=4495 THREAT 0.59 -> force defend
[15:03:53] t=4495 ATTACK (tanks=9)
[15:03:53] t=4495 MOVE assault x7 -> (137,82); t=4495 SIEGE STAGING x7/8 (攒兵团, 齐冲再上)
[15:03:53] {"kind": "action", "what": "attack_move", "name": null, "qty": null, "tid": null, "ts": "15:03:53"}
[15:03:55] t=4498 jev INF FLAKT HOLD (预算保护 gate=False e2=17)
[15:03:55] t=4498 jev VEH HARV HOLD (预算保护 cash=712 aav帽=ok aav=1)
[15:03:55] t=4498 THREAT 0.59 -> force defend
[15:03:55] t=4498 ATTACK (tanks=9)
[15:03:57] t=4501 jev INF FLAKT HOLD (预算保护 gate=False e2=17)
[15:03:57] t=4501 jev VEH HARV HOLD (预算保护 cash=638 aav帽=ok aav=1)
[15:03:57] t=4501 THREAT 0.59 -> force defend
[15:03:57] t=4501 ATTACK (tanks=9)
[15:03:59] t=4503 jev INF FLAKT HOLD (预算保护 gate=False e2=17)
[15:03:59] t=4503 jev VEH HARV HOLD (预算保护 cash=562 aav帽=ok aav=1)
[15:03:59] t=4503 THREAT 0.58 -> force defend
[15:03:59] t=4503 ATTACK (tanks=9)
[15:03:59] t=4503 MOVE raid x2 -> (76,123); t=4503 SIEGE STAGING x7/8 (攒兵团, 齐冲再上)
[15:03:59] {"kind": "action", "what": "attack_move", "name": null, "qty": null, "tid": null, "ts": "15:03:59"}
[15:04:01] t=4506 jev INF FLAKT HOLD (预算保护 gate=False e2=17)
[15:04:01] t=4506 jev VEH HARV HOLD (预算保护 cash=510 aav帽=ok aav=1)
[15:04:01] t=4506 THREAT 0.60 -> force defend
[15:04:01] t=4506 ATTACK (tanks=9)
[15:04:03] t=4509 jev INF FLAKT HOLD (预算保护 gate=False e2=17)
[15:04:03] t=4509 jev VEH HARV HOLD (预算保护 cash=510 aav帽=ok aav=1)
[15:04:03] t=4509 THREAT 0.59 -> force defend
[15:04:03] t=4509 ATTACK (tanks=9)
[15:04:05] t=4512 jev INF FLAKT HOLD (预算保护 gate=False e2=17)
[15:04:05] t=4512 jev VEH HARV HOLD (预算保护 cash=510 aav帽=ok aav=1)
[15:04:05] t=4512 THREAT 0.60 -> force defend
[15:04:05] t=4512 ATTACK (tanks=9)
[15:04:05] t=4512 MOVE assault x7 -> (137,82); t=4512 SIEGE STAGING x7/8 (攒兵团, 齐冲再上); aahunt x1 -> (125,84)
[15:04:05] {"kind": "action", "what": "attack_move", "name": null, "qty": null, "tid": null, "ts": "15:04:05"}
[15:04:05] {"kind": "action", "what": "attack_move", "name": null, "qty": null, "tid": null, "ts": "15:04:05"}
[15:04:05] t=4512 tick#1800 credits=510 stance=attack | jev 1800 decisions p50=1741ms
[15:04:07] t=4514 jev INF FLAKT HOLD (预算保护 gate=False e2=17)
[15:04:07] t=4514 jev VEH HARV HOLD (预算保护 cash=510 aav帽=ok aav=1)
[15:04:07] t=4514 THREAT 0.56 -> force defend
[15:04:07] t=4514 ATTACK (tanks=9)
[15:04:09] t=4517 jev INF FLAKT HOLD (预算保护 gate=False e2=17)
[15:04:09] t=4517 jev VEH HARV HOLD (预算保护 cash=510 aav帽=ok aav=1)
[15:04:09] t=4517 THREAT 0.56 -> force defend
[15:04:09] t=4517 ATTACK (tanks=9)
[15:04:11] t=4520 jev INF FLAKT HOLD (预算保护 gate=False e2=17)
[15:04:11] t=4520 jev VEH HARV HOLD (预算保护 cash=510 aav帽=ok aav=1)
[15:04:11] t=4520 THREAT 0.56 -> force defend
[15:04:11] t=4520 ATTACK (tanks=9)
[15:04:11] t=4520 MOVE t=4520 SIEGE STAGING x7/8 (攒兵团, 齐冲再上); hold_a x11 -> (133,86)
[15:04:11] {"kind": "action", "what": "attack_move", "name": null, "qty": null, "tid": null, "ts": "15:04:11"}
[15:04:12] t=4523 ESCORT 坦克#4378 -> 护航矿车@[86, 98]
[15:04:12] {"kind": "action", "what": "attack_move", "name": null, "qty": null, "tid": null, "ts": "15:04:12"}
[15:04:13] t=4523 jev INF FLAKT HOLD (预算保护 gate=False e2=17)
[15:04:13] t=4523 jev VEH HARV HOLD (预算保护 cash=510 aav帽=ok aav=1)
[15:04:13] t=4523 THREAT 0.56 -> force defend
[15:04:13] t=4523 ATTACK (tanks=9)
[15:04:15] t=4525 jev INF FLAKT HOLD (预算保护 gate=False e2=17)
[15:04:15] t=4525 jev VEH HARV HOLD (预算保护 cash=510 aav帽=ok aav=1)
[15:04:15] t=4525 THREAT 0.55 -> force defend
[15:04:15] t=4525 ATTACK (tanks=9)
[15:04:17] t=4528 jev INF FLAKT HOLD (预算保护 gate=False e2=17)
[15:04:17] t=4528 jev VEH HARV HOLD (预算保护 cash=510 aav帽=ok aav=1)
[15:04:17] t=4528 THREAT 0.55 -> force defend
[15:04:17] t=4528 ATTACK (tanks=9)
[15:04:17] t=4528 MOVE assault x7 -> (137,82); t=4528 SIEGE STAGING x7/8 (攒兵团, 齐冲再上)
[15:04:18] {"kind": "action", "what": "attack_move", "name": null, "qty": null, "tid": null, "ts": "15:04:18"}
[15:04:20] t=4531 jev INF FLAKT HOLD (预算保护 gate=False e2=17)
[15:04:20] t=4531 jev VEH HARV HOLD (预算保护 cash=660 aav帽=ok aav=1)
[15:04:20] t=4531 MOVE raid x2 -> (76,123); t=4531 SIEGE STAGING x7/8 (攒兵团, 齐冲再上)
[15:04:20] {"kind": "action", "what": "attack_move", "name": null, "qty": null, "tid": null, "ts": "15:04:20"}
[15:04:22] t=4534 jev INF FLAKT HOLD (预算保护 gate=False e2=17)
[15:04:22] t=4534 jev VEH HARV HOLD (预算保护 cash=660 aav帽=ok aav=1)
[15:04:22] t=4534 THREAT 0.56 -> force defend
[15:04:22] t=4534 ATTACK (tanks=9)
[15:04:24] t=4536 jev INF FLAKT HOLD (预算保护 gate=False e2=17)
[15:04:24] t=4536 jev VEH HARV HOLD (预算保护 cash=660 aav帽=ok aav=1)
[15:04:24] t=4536 THREAT 0.56 -> force defend
[15:04:24] t=4536 ATTACK (tanks=9)
[15:04:26] t=4539 jev INF FLAKT HOLD (预算保护 gate=False e2=17)
[15:04:26] t=4539 jev VEH HARV HOLD (预算保护 cash=660 aav帽=ok aav=1)
[15:04:26] t=4539 THREAT 0.56 -> force defend
[15:04:26] t=4539 ATTACK (tanks=9)
[15:04:28] t=4542 jev INF FLAKT HOLD (预算保护 gate=False e2=17)
[15:04:28] t=4542 jev VEH HARV HOLD (预算保护 cash=660 aav帽=ok aav=1)
[15:04:28] t=4542 THREAT 0.56 -> force defend
[15:04:28] t=4542 ATTACK (tanks=9)
[15:04:30] t=4544 jev INF FLAKT HOLD (预算保护 gate=False e2=17)
[15:04:30] t=4544 jev VEH HARV HOLD (预算保护 cash=660 aav帽=ok aav=1)
[15:04:30] t=4544 THREAT 0.55 -> force defend
[15:04:30] t=4544 ATTACK (tanks=9)
[15:04:30] t=4544 MOVE assault x7 -> (137,82); t=4544 SIEGE STAGING x7/8 (攒兵团, 齐冲再上)
[15:04:30] {"kind": "action", "what": "attack_move", "name": null, "qty": null, "tid": null, "ts": "15:04:30"}
[15:04:32] t=4547 jev INF FLAKT HOLD (预算保护 gate=False e2=17)
[15:04:32] t=4547 jev VEH HARV HOLD (预算保护 cash=660 aav帽=ok aav=1)
[15:04:32] t=4547 THREAT 0.55 -> force defend
[15:04:32] t=4547 ATTACK (tanks=9)
[15:04:32] t=4547 MOVE t=4547 SIEGE STAGING x7/8 (攒兵团, 齐冲再上); hold_b x11 -> (126,75)
[15:04:32] {"kind": "action", "what": "attack_move", "name": null, "qty": null, "tid": null, "ts": "15:04:32"}
[15:04:34] t=4550 jev INF FLAKT HOLD (预算保护 gate=False e2=17)
[15:04:34] t=4550 jev VEH HARV HOLD (预算保护 cash=660 aav帽=ok aav=1)
[15:04:34] t=4550 THREAT 0.56 -> force defend
[15:04:34] t=4550 ATTACK (tanks=9)
[15:04:34] t=4552 TANK HTNK x2
[15:04:34] t=4552 DEBT-GATE HTNK x2 (debt=0 eff=1785 < 1800)
[15:04:36] t=4552 jev INF FLAKT (conf 0.51)
[15:04:36] t=4552 jev VEH HARV HOLD (预算保护 cash=1785 aav帽=ok aav=1)
[15:04:36] t=4552 THREAT 0.56 -> force defend
[15:04:36] {"kind": "action", "what": "produce", "name": "FLAKT", "qty": 1, "tid": null, "ts": "15:04:36"}
[15:04:36] t=4552 ATTACK (tanks=9)
[15:04:36] t=4552 MOVE t=4552 SIEGE STAGING x7/8 (攒兵团, 齐冲再上); aahunt x1 -> (125,84)
[15:04:36] {"kind": "action", "what": "attack_move", "name": null, "qty": null, "tid": null, "ts": "15:04:36"}
[15:04:36] t=4555 TANK HTNK x2
[15:04:36] t=4555 DEBT-GATE HTNK x2 (debt=0 eff=1758 < 1800)
[15:04:38] t=4555 jev VEH HARV HOLD (预算保护 cash=1758 aav帽=ok aav=1)
[15:04:38] t=4555 THREAT 0.56 -> force defend
[15:04:38] t=4555 ATTACK (tanks=9)
[15:04:38] t=4558 TANK HTNK x2
[15:04:38] t=4558 DEBT-GATE HTNK x2 (debt=0 eff=1573 < 1800)
[15:04:40] t=4558 jev VEH HARV HOLD (预算保护 cash=1573 aav帽=ok aav=1)
[15:04:40] t=4558 THREAT 0.56 -> force defend
[15:04:40] t=4558 ATTACK (tanks=9)
[15:04:40] t=4558 MOVE raid x2 -> (76,123); t=4558 SIEGE STAGING x7/8 (攒兵团, 齐冲再上)
[15:04:40] {"kind": "action", "what": "attack_move", "name": null, "qty": null, "tid": null, "ts": "15:04:40"}
[15:04:40] t=4561 TANK HTNK x2
[15:04:40] {"kind": "action", "what": "produce", "name": "HTNK", "qty": 2, "tid": null, "ts": "15:04:40"}
[15:04:42] t=4561 MOVE assault x7 -> (137,82); t=4561 SIEGE STAGING x7/8 (攒兵团, 齐冲再上)
[15:04:42] {"kind": "action", "what": "attack_move", "name": null, "qty": null, "tid": null, "ts": "15:04:42"}
[15:04:42] t=4563 ESCORT 坦克#4378 -> 护航矿车@[117, 135]
[15:04:42] {"kind": "action", "what": "attack_move", "name": null, "qty": null, "tid": null, "ts": "15:04:42"}
[15:04:48] t=4569 MOVE assault x8 -> 攻击目标#1956@(74,111); t=4569 SIEGE 拔防御壳 x8 -> #1956@(74,111)
[15:04:48] {"kind": "action", "what": "attack_obj", "name": null, "qty": null, "tid": 1956, "ts": "15:04:48"}
[15:04:54] t=4577 jev VEH HARV HOLD (预算保护 cash=35 aav帽=ok aav=1)
[15:04:56] t=4580 jev VEH HARV HOLD (预算保护 cash=35 aav帽=ok aav=1)
[15:04:56] t=4580 tick#1825 credits=35 stance=attack | jev 1825 decisions p50=1742ms
[15:04:58] t=4582 jev VEH HARV HOLD (预算保护 cash=35 aav帽=ok aav=1)
[15:05:00] t=4585 jev VEH HARV HOLD (预算保护 cash=35 aav帽=ok aav=1)
[15:05:00] t=4585 MOVE raid x2 -> (76,123); assault x9 -> 攻击目标#1956@(74,111); t=4585 SIEGE 拔防御壳 x9 -> #1956@(74,111)
[15:05:00] {"kind": "action", "what": "attack_move", "name": null, "qty": null, "tid": null, "ts": "15:05:00"}
[15:05:00] {"kind": "action", "what": "attack_obj", "name": null, "qty": null, "tid": 1956, "ts": "15:05:00"}
[15:05:02] t=4588 jev VEH HARV HOLD (预算保护 cash=35 aav帽=ok aav=1)
[15:05:04] t=4591 jev VEH HARV HOLD (预算保护 cash=35 aav帽=ok aav=1)
[15:05:06] t=4593 jev VEH HARV HOLD (预算保护 cash=35 aav帽=ok aav=1)
[15:05:06] t=4593 MOVE t=4593 SIEGE 拔防御壳 x9 -> #1956@(74,111); aahunt x1 -> (125,84)
[15:05:06] {"kind": "action", "what": "attack_move", "name": null, "qty": null, "tid": null, "ts": "15:05:06"}
[15:05:08] t=4596 jev VEH HARV HOLD (预算保护 cash=35 aav帽=ok aav=1)
[15:05:10] t=4599 jev VEH HARV HOLD (预算保护 cash=35 aav帽=ok aav=1)
[15:05:13] t=4601 jev VEH HARV HOLD (预算保护 cash=35 aav帽=ok aav=1)
[15:05:13] t=4601 MOVE assault x9 -> 攻击目标#1956@(74,111); t=4601 SIEGE 拔防御壳 x9 -> #1956@(74,111); hold_a x11 -> (133,86)
[15:05:13] {"kind": "action", "what": "attack_obj", "name": null, "qty": null, "tid": 1956, "ts": "15:05:13"}
[15:05:13] {"kind": "action", "what": "attack_move", "name": null, "qty": null, "tid": null, "ts": "15:05:13"}
[15:05:13] t=4604 ALARM unit lost -> 攻势保持（塔阵守家, 前线 30 个单位继续进攻）
[15:05:13] t=4604 ESCORT 坦克#4378 -> 护航矿车@[117, 135]
[15:05:13] {"kind": "action", "what": "attack_move", "name": null, "qty": null, "tid": null, "ts": "15:05:13"}
[15:05:16] t=4604 jev VEH HARV HOLD (预算保护 cash=35 aav帽=ok aav=1)
[15:05:16] t=4608 ALARM unit lost -> 攻势保持（塔阵守家, 前线 30 个单位继续进攻）
[15:05:18] t=4608 jev VEH HARV HOLD (预算保护 cash=35 aav帽=ok aav=1)
[15:05:18] t=4608 MOVE assault x7 -> (137,82); t=4608 SIEGE STAGING x7/8 (攒兵团, 齐冲再上)
[15:05:18] {"kind": "action", "what": "attack_move", "name": null, "qty": null, "tid": null, "ts": "15:05:18"}
[15:05:20] t=4611 jev VEH HARV HOLD (预算保护 cash=35 aav帽=ok aav=1)
[15:05:22] t=4614 jev VEH HARV HOLD (预算保护 cash=35 aav帽=ok aav=1)
[15:05:24] t=4617 jev VEH HARV HOLD (预算保护 cash=35 aav帽=ok aav=1)
[15:05:26] t=4619 jev VEH HARV HOLD (预算保护 cash=35 aav帽=ok aav=1)
[15:05:28] t=4622 jev VEH HARV HOLD (预算保护 cash=35 aav帽=ok aav=1)
[15:05:30] t=4625 jev VEH HARV HOLD (预算保护 cash=35 aav帽=ok aav=1)
[15:05:30] t=4625 MOVE assault x7 -> (137,82); t=4625 SIEGE STAGING x7/8 (攒兵团, 齐冲再上)
[15:05:30] {"kind": "action", "what": "attack_move", "name": null, "qty": null, "tid": null, "ts": "15:05:30"}
[15:05:32] t=4628 jev VEH HARV HOLD (预算保护 cash=35 aav帽=ok aav=1)
[15:05:32] t=4628 MOVE t=4628 SIEGE STAGING x7/8 (攒兵团, 齐冲再上); hold_b x11 -> (126,75)
[15:05:32] {"kind": "action", "what": "attack_move", "name": null, "qty": null, "tid": null, "ts": "15:05:32"}
[15:05:34] t=4630 jev VEH HARV HOLD (预算保护 cash=35 aav帽=ok aav=1)
[15:05:36] t=4633 jev VEH HARV HOLD (预算保护 cash=35 aav帽=ok aav=1)
[15:05:36] t=4633 MOVE t=4633 SIEGE STAGING x7/8 (攒兵团, 齐冲再上); aahunt x1 -> (125,84)
[15:05:36] {"kind": "action", "what": "attack_move", "name": null, "qty": null, "tid": null, "ts": "15:05:36"}
[15:05:38] t=4636 jev VEH HARV HOLD (预算保护 cash=35 aav帽=ok aav=1)
[15:05:41] t=4639 jev VEH HARV HOLD (预算保护 cash=35 aav帽=ok aav=1)
[15:05:43] t=4641 jev VEH HARV HOLD (预算保护 cash=35 aav帽=ok aav=1)
[15:05:43] t=4641 MOVE assault x7 -> (137,82); t=4641 SIEGE STAGING x7/8 (攒兵团, 齐冲再上)
[15:05:43] {"kind": "action", "what": "attack_move", "name": null, "qty": null, "tid": null, "ts": "15:05:43"}
[15:05:45] t=4644 jev VEH HARV HOLD (预算保护 cash=35 aav帽=ok aav=1)
[15:05:45] t=4647 ESCORT 坦克#5044 -> 护航矿车@[116, 135]
[15:05:45] {"kind": "action", "what": "attack_move", "name": null, "qty": null, "tid": null, "ts": "15:05:45"}
[15:05:47] t=4647 jev VEH HARV HOLD (预算保护 cash=35 aav帽=ok aav=1)
[15:05:49] t=4650 jev VEH HARV HOLD (预算保护 cash=35 aav帽=ok aav=1)
[15:05:49] t=4650 tick#1850 credits=35 stance=attack | jev 1850 decisions p50=1743ms
[15:05:51] t=4652 jev VEH HARV HOLD (预算保护 cash=35 aav帽=ok aav=1)
[15:05:53] t=4655 jev VEH HARV HOLD (预算保护 cash=35 aav帽=ok aav=1)
[15:05:55] t=4658 jev VEH HARV HOLD (预算保护 cash=35 aav帽=ok aav=1)
[15:05:55] t=4658 MOVE assault x7 -> (137,82); t=4658 SIEGE STAGING x7/8 (攒兵团, 齐冲再上)
[15:05:55] {"kind": "action", "what": "attack_move", "name": null, "qty": null, "tid": null, "ts": "15:05:55"}
[15:05:57] t=4661 jev VEH HARV HOLD (预算保护 cash=410 aav帽=ok aav=1)
[15:05:59] t=4663 jev VEH HARV HOLD (预算保护 cash=410 aav帽=ok aav=1)
[15:06:01] t=4666 jev VEH HARV HOLD (预算保护 cash=410 aav帽=ok aav=1)
[15:06:03] t=4669 jev VEH HARV HOLD (预算保护 cash=410 aav帽=ok aav=1)
[15:06:05] t=4672 jev VEH HARV HOLD (预算保护 cash=410 aav帽=ok aav=1)
[15:06:07] t=4674 jev VEH HARV HOLD (预算保护 cash=410 aav帽=ok aav=1)
[15:06:07] t=4674 MOVE assault x7 -> (137,82); t=4674 SIEGE STAGING x7/8 (攒兵团, 齐冲再上); aahunt x1 -> (125,84)
[15:06:07] {"kind": "action", "what": "attack_move", "name": null, "qty": null, "tid": null, "ts": "15:06:07"}
[15:06:07] {"kind": "action", "what": "attack_move", "name": null, "qty": null, "tid": null, "ts": "15:06:07"}
[15:06:09] t=4677 jev VEH HARV HOLD (预算保护 cash=410 aav帽=ok aav=1)
[15:06:11] t=4680 jev VEH HARV HOLD (预算保护 cash=410 aav帽=ok aav=1)
[15:06:13] t=4683 jev VEH HARV HOLD (预算保护 cash=410 aav帽=ok aav=1)
[15:06:13] t=4683 MOVE t=4683 SIEGE STAGING x7/8 (攒兵团, 齐冲再上); hold_a x11 -> (133,86)
[15:06:13] {"kind": "action", "what": "attack_move", "name": null, "qty": null, "tid": null, "ts": "15:06:13"}
[15:06:16] t=4685 jev VEH HARV HOLD (预算保护 cash=410 aav帽=ok aav=1)
[15:06:16] t=4688 ESCORT 坦克#5190 -> 护航矿车@[73, 72]
[15:06:16] {"kind": "action", "what": "attack_move", "name": null, "qty": null, "tid": null, "ts": "15:06:16"}
[15:06:18] t=4688 jev VEH HARV HOLD (预算保护 cash=410 aav帽=ok aav=1)
[15:06:20] t=4691 jev VEH HARV HOLD (预算保护 cash=410 aav帽=ok aav=1)
[15:06:20] t=4691 MOVE assault x7 -> (137,82); t=4691 SIEGE STAGING x7/8 (攒兵团, 齐冲再上)
[15:06:20] {"kind": "action", "what": "attack_move", "name": null, "qty": null, "tid": null, "ts": "15:06:20"}
[15:06:22] t=4694 jev VEH HARV HOLD (预算保护 cash=410 aav帽=ok aav=1)
[15:06:24] t=4696 jev VEH HARV HOLD (预算保护 cash=410 aav帽=ok aav=1)
[15:06:26] t=4699 jev VEH HARV HOLD (预算保护 cash=410 aav帽=ok aav=1)
[15:06:26] t=4702 HARASS DRON x2 (have 0)
[15:06:26] {"kind": "action", "what": "produce", "name": "DRON", "qty": 2, "tid": null, "ts": "15:06:26"}
[15:06:34] t=4708 MOVE raid x1 -> (76,123); assault x8 -> 攻击目标#1956@(74,111); t=4708 SIEGE 拔防御壳 x8 -> #1956@(74,111); hold_b x11 -> (126,75)
[15:06:34] {"kind": "action", "what": "attack_move", "name": null, "qty": null, "tid": null, "ts": "15:06:34"}
[15:06:34] {"kind": "action", "what": "attack_obj", "name": null, "qty": null, "tid": 1956, "ts": "15:06:34"}
[15:06:34] {"kind": "action", "what": "attack_move", "name": null, "qty": null, "tid": null, "ts": "15:06:34"}
[15:06:36] t=4712 jev VEH HARV HOLD (预算保护 cash=410 aav帽=ok aav=1)
[15:06:38] t=4715 jev VEH HARV HOLD (预算保护 cash=410 aav帽=ok aav=1)
[15:06:38] t=4715 MOVE t=4715 SIEGE 拔防御壳 x9 -> #1956@(74,111); aahunt x1 -> (125,84)
[15:06:38] {"kind": "action", "what": "attack_move", "name": null, "qty": null, "tid": null, "ts": "15:06:38"}
[15:06:40] t=4718 jev VEH HARV HOLD (预算保护 cash=410 aav帽=ok aav=1)
[15:06:42] t=4721 jev VEH HARV HOLD (预算保护 cash=410 aav帽=ok aav=1)
[15:06:42] t=4721 MOVE t=4721 GHOST detected #1956@[74, 111] (集火150gs不倒, 拉黑); assault x9 -> 攻击目标#1748@(75,114); t=4721 SIEGE 清建筑 x9 -> #1748@(75,114)
[15:06:42] {"kind": "action", "what": "attack_obj", "name": null, "qty": null, "tid": 1748, "ts": "15:06:42"}
[15:06:42] t=4721 tick#1875 credits=410 stance=attack | jev 1875 decisions p50=1749ms
[15:06:44] t=4723 jev VEH HARV HOLD (预算保护 cash=410 aav帽=ok aav=1)
[15:06:46] t=4726 jev VEH HARV HOLD (预算保护 cash=410 aav帽=ok aav=1)
[15:06:47] t=4729 TANK HTNK x1
[15:06:47] {"kind": "action", "what": "produce", "name": "HTNK", "qty": 1, "tid": null, "ts": "15:06:47"}
[15:06:53] t=4737 TANK HTNK x1
[15:06:54] t=4737 jev VEH HARV HOLD (预算保护 cash=860 aav帽=ok aav=1)
[15:06:54] t=4737 MOVE raid x2 -> (76,123); assault x10 -> 攻击目标#1748@(75,114); t=4737 SIEGE 清建筑 x10 -> #1748@(75,114)
[15:06:55] {"kind": "action", "what": "attack_move", "name": null, "qty": null, "tid": null, "ts": "15:06:55"}
[15:06:55] {"kind": "action", "what": "attack_obj", "name": null, "qty": null, "tid": 1748, "ts": "15:06:55"}
[15:06:55] t=4740 TANK HTNK x1
[15:06:57] t=4740 jev VEH HARV HOLD (预算保护 cash=860 aav帽=ok aav=1)
[15:06:57] t=4743 TANK HTNK x1
[15:06:57] t=4743 ESCORT 坦克#5221 -> 护航矿车@[101, 100]
[15:06:57] {"kind": "action", "what": "attack_move", "name": null, "qty": null, "tid": null, "ts": "15:06:57"}
[15:06:59] t=4743 jev VEH HARV HOLD (预算保护 cash=860 aav帽=ok aav=1)
[15:06:59] t=4745 TANK HTNK x1
[15:07:01] t=4745 jev VEH HARV HOLD (预算保护 cash=860 aav帽=ok aav=1)
[15:07:01] t=4748 TANK HTNK x1
[15:07:03] t=4748 jev VEH HARV HOLD (预算保护 cash=860 aav帽=ok aav=1)
[15:07:03] t=4751 TANK HTNK x1
[15:07:05] t=4751 jev VEH HARV HOLD (预算保护 cash=860 aav帽=ok aav=1)
[15:07:05] t=4754 TANK HTNK x1
[15:07:07] t=4754 jev VEH HARV HOLD (预算保护 cash=860 aav帽=ok aav=1)
[15:07:07] t=4754 MOVE assault x10 -> 攻击目标#1748@(75,114); t=4754 SIEGE 清建筑 x10 -> #1748@(75,114)
[15:07:07] {"kind": "action", "what": "attack_obj", "name": null, "qty": null, "tid": 1748, "ts": "15:07:07"}
[15:07:07] t=4756 TANK HTNK x1
[15:07:09] t=4756 jev VEH HARV HOLD (预算保护 cash=860 aav帽=ok aav=1)
[15:07:09] t=4756 MOVE t=4756 SIEGE 清建筑 x10 -> #1748@(75,114); aahunt x1 -> (125,84)
[15:07:09] {"kind": "action", "what": "attack_move", "name": null, "qty": null, "tid": null, "ts": "15:07:09"}
[15:07:09] t=4759 TANK HTNK x1
[15:07:11] t=4759 jev VEH HARV HOLD (预算保护 cash=860 aav帽=ok aav=1)
[15:07:11] t=4762 TANK HTNK x1
[15:07:13] t=4762 jev VEH HARV HOLD (预算保护 cash=860 aav帽=ok aav=1)
[15:07:13] t=4765 TANK HTNK x2
[15:07:13] t=4765 DEBT-GATE HTNK x2 (debt=0 eff=1235 < 1800)
[15:07:15] t=4765 jev VEH HARV HOLD (预算保护 cash=1235 aav帽=ok aav=1)
[15:07:15] t=4765 MOVE raid x2 -> (76,123); t=4765 SIEGE 清建筑 x10 -> #1748@(75,114); hold_a x11 -> (133,86)
[15:07:15] {"kind": "action", "what": "attack_move", "name": null, "qty": null, "tid": null, "ts": "15:07:15"}
[15:07:15] {"kind": "action", "what": "attack_move", "name": null, "qty": null, "tid": null, "ts": "15:07:15"}
[15:07:15] t=4767 ALARM unit lost -> 攻势保持（塔阵守家, 前线 31 个单位继续进攻）
[15:07:15] t=4767 HARASS DRON x2 (have 0)
[15:07:15] {"kind": "action", "what": "produce", "name": "DRON", "qty": 2, "tid": null, "ts": "15:07:15"}
[15:07:19] t=4770 MOVE assault x8 -> 攻击目标#1748@(75,114); t=4770 SIEGE 清建筑 x8 -> #1748@(75,114)
[15:07:19] {"kind": "action", "what": "attack_obj", "name": null, "qty": null, "tid": 1748, "ts": "15:07:19"}
[15:07:23] t=4776 jev VEH HARV HOLD (预算保护 cash=435 aav帽=ok aav=1)
[15:07:25] t=4778 jev VEH HARV HOLD (预算保护 cash=435 aav帽=ok aav=1)
[15:07:28] t=4781 jev VEH HARV HOLD (预算保护 cash=435 aav帽=ok aav=1)
[15:07:28] t=4784 ESCORT 坦克#5090 -> 护航矿车@[117, 130]
[15:07:28] {"kind": "action", "what": "attack_move", "name": null, "qty": null, "tid": null, "ts": "15:07:28"}
[15:07:30] t=4784 jev VEH HARV HOLD (预算保护 cash=435 aav帽=ok aav=1)
[15:07:30] t=4787 TANK HTNK x1
[15:07:30] {"kind": "action", "what": "produce", "name": "HTNK", "qty": 1, "tid": null, "ts": "15:07:30"}
[15:07:32] t=4787 MOVE assault x10 -> 攻击目标#1748@(75,114); t=4787 SIEGE 清建筑 x10 -> #1748@(75,114)
[15:07:32] {"kind": "action", "what": "attack_obj", "name": null, "qty": null, "tid": 1748, "ts": "15:07:32"}
[15:07:34] t=4789 tick#1900 credits=644 stance=attack | jev 1900 decisions p50=1753ms
[15:07:36] t=4792 MOVE raid x2 -> (76,123); t=4792 SIEGE 清建筑 x10 -> #1748@(75,114); hold_b x11 -> (126,75)
[15:07:36] {"kind": "action", "what": "attack_move", "name": null, "qty": null, "tid": null, "ts": "15:07:36"}
[15:07:36] {"kind": "action", "what": "attack_move", "name": null, "qty": null, "tid": null, "ts": "15:07:36"}
[15:07:38] t=4795 jev VEH HARV HOLD (预算保护 cash=85 aav帽=ok aav=1)
[15:07:41] t=4798 jev VEH HARV HOLD (预算保护 cash=85 aav帽=ok aav=1)
[15:07:41] t=4798 MOVE assault x11 -> 攻击目标#1100@(80,124); t=4798 SIEGE 清建筑 x11 -> #1100@(80,124); aahunt x1 -> (125,84)
[15:07:41] {"kind": "action", "what": "attack_obj", "name": null, "qty": null, "tid": 1100, "ts": "15:07:41"}
[15:07:41] {"kind": "action", "what": "attack_move", "name": null, "qty": null, "tid": null, "ts": "15:07:41"}
[15:07:41] t=4802 RETREAT HTNK(36%)
[15:07:41] {"kind": "action", "what": "move", "name": null, "qty": null, "tid": null, "ts": "15:07:41"}
[15:07:44] t=4802 jev VEH HARV HOLD (预算保护 cash=85 aav帽=ok aav=1)
[15:07:44] t=4806 RETREAT HTNK(31%)
[15:07:45] {"kind": "action", "what": "move", "name": null, "qty": null, "tid": null, "ts": "15:07:45"}
[15:07:47] t=4806 jev VEH HARV HOLD (预算保护 cash=310 aav帽=ok aav=1)
[15:07:49] t=4810 jev VEH HARV HOLD (预算保护 cash=310 aav帽=ok aav=1)
[15:07:50] t=4813 ALARM unit lost -> 攻势保持（塔阵守家, 前线 28 个单位继续进攻）
[15:07:50] t=4813 RETREAT HTNK(18%)
[15:07:50] {"kind": "action", "what": "move", "name": null, "qty": null, "tid": null, "ts": "15:07:50"}
[15:07:52] t=4813 jev VEH HARV HOLD (预算保护 cash=310 aav帽=ok aav=1)
[15:07:52] t=4816 ALARM unit lost -> 攻势保持（塔阵守家, 前线 28 个单位继续进攻）
[15:07:54] t=4816 jev VEH HARV HOLD (预算保护 cash=310 aav帽=ok aav=1)
[15:07:54] t=4816 MOVE assault x9 -> 攻击目标#1047@(71,114); t=4816 SIEGE 清建筑 x9 -> #1047@(71,114)
[15:07:54] {"kind": "action", "what": "attack_obj", "name": null, "qty": null, "tid": 1047, "ts": "15:07:54"}
[15:07:56] t=4819 jev VEH HARV HOLD (预算保护 cash=310 aav帽=ok aav=1)
[15:07:56] t=4819 MOVE raid x2 -> (76,123); assault x9 -> 攻击目标#1100@(80,124); t=4819 SIEGE 清建筑 x9 -> #1100@(80,124)
[15:07:56] {"kind": "action", "what": "attack_move", "name": null, "qty": null, "tid": null, "ts": "15:07:56"}
[15:07:56] {"kind": "action", "what": "attack_obj", "name": null, "qty": null, "tid": 1100, "ts": "15:07:56"}
[15:07:58] t=4822 jev VEH HARV HOLD (预算保护 cash=310 aav帽=ok aav=1)
[15:07:58] t=4822 MOVE assault x9 -> 攻击目标#1053@(75,120); t=4822 SIEGE 清建筑 x9 -> #1053@(75,120)
[15:07:58] {"kind": "action", "what": "attack_obj", "name": null, "qty": null, "tid": 1053, "ts": "15:07:58"}
[15:07:58] t=4824 ALARM unit lost -> 攻势保持（塔阵守家, 前线 25 个单位继续进攻）
[15:07:58] t=4824 ESCORT 坦克#5232 -> 护航矿车@[115, 135]
[15:07:58] {"kind": "action", "what": "attack_move", "name": null, "qty": null, "tid": null, "ts": "15:07:58"}
[15:08:00] t=4824 jev VEH HARV HOLD (预算保护 cash=310 aav帽=ok aav=1)
[15:08:00] t=4824 MOVE assault x8 -> 攻击目标#1100@(80,124); t=4824 SIEGE 清建筑 x8 -> #1100@(80,124)
[15:08:00] {"kind": "action", "what": "attack_obj", "name": null, "qty": null, "tid": 1100, "ts": "15:08:00"}
[15:08:01] t=4827 ALARM unit lost -> 攻势保持（塔阵守家, 前线 24 个单位继续进攻）
[15:08:01] t=4827 RETREAT HTNK(39%)
[15:08:01] {"kind": "action", "what": "move", "name": null, "qty": null, "tid": null, "ts": "15:08:01"}
[15:08:03] t=4827 jev VEH HARV HOLD (预算保护 cash=310 aav帽=ok aav=1)
[15:08:05] t=4830 jev VEH HARV HOLD (预算保护 cash=310 aav帽=ok aav=1)
[15:08:07] t=4833 jev VEH HARV HOLD (预算保护 cash=310 aav帽=ok aav=1)
[15:08:07] t=4836 ALARM unit lost -> 攻势保持（塔阵守家, 前线 24 个单位继续进攻）
[15:08:09] t=4836 jev VEH HARV HOLD (预算保护 cash=310 aav帽=ok aav=1)
[15:08:09] t=4839 ALARM unit lost -> 攻势保持（塔阵守家, 前线 24 个单位继续进攻）
[15:08:11] t=4839 jev VEH HARV HOLD (预算保护 cash=310 aav帽=ok aav=1)
[15:08:13] t=4841 jev VEH HARV HOLD (预算保护 cash=310 aav帽=ok aav=1)
[15:08:13] t=4841 MOVE assault x5 -> 攻击目标#1100@(80,124); t=4841 SIEGE 清建筑 x5 -> #1100@(80,124); aahunt x1 -> (125,84)
[15:08:13] {"kind": "action", "what": "attack_obj", "name": null, "qty": null, "tid": 1100, "ts": "15:08:13"}
[15:08:13] {"kind": "action", "what": "attack_move", "name": null, "qty": null, "tid": null, "ts": "15:08:13"}
[15:08:13] t=4844 ALARM unit lost -> 攻势保持（塔阵守家, 前线 24 个单位继续进攻）
[15:08:15] t=4844 jev VEH HARV HOLD (预算保护 cash=310 aav帽=ok aav=1)
[15:08:17] t=4847 jev VEH HARV HOLD (预算保护 cash=310 aav帽=ok aav=1)
[15:08:17] t=4847 MOVE t=4847 SIEGE 清建筑 x4 -> #1100@(80,124); hold_a x11 -> (133,86)
[15:08:17] {"kind": "action", "what": "attack_move", "name": null, "qty": null, "tid": null, "ts": "15:08:17"}
[15:08:19] t=4850 jev VEH HARV HOLD (预算保护 cash=310 aav帽=ok aav=1)
[15:08:21] t=4852 jev VEH HARV HOLD (预算保护 cash=310 aav帽=ok aav=1)
[15:08:22] t=4855 ALARM unit lost -> 攻势保持（塔阵守家, 前线 24 个单位继续进攻）
[15:08:22] t=4855 RETREAT HTNK(32%)
[15:08:22] {"kind": "action", "what": "move", "name": null, "qty": null, "tid": null, "ts": "15:08:22"}
[15:08:23] t=4855 jev VEH HARV HOLD (预算保护 cash=310 aav帽=ok aav=1)
[15:08:24] t=4858 ALARM unit lost -> 攻势保持（塔阵守家, 前线 24 个单位继续进攻）
[15:08:25] t=4858 jev VEH HARV HOLD (预算保护 cash=310 aav帽=ok aav=1)
[15:08:25] t=4858 MOVE assault x2 -> 攻击目标#1100@(80,124); t=4858 SIEGE 清建筑 x2 -> #1100@(80,124)
[15:08:26] {"kind": "action", "what": "attack_obj", "name": null, "qty": null, "tid": 1100, "ts": "15:08:26"}
[15:08:28] t=4861 jev VEH HARV HOLD (预算保护 cash=310 aav帽=ok aav=1)
[15:08:28] t=4861 MOVE assault x2 -> 攻击目标#1053@(75,120); t=4861 SIEGE 清建筑 x2 -> #1053@(75,120)
[15:08:28] {"kind": "action", "what": "attack_obj", "name": null, "qty": null, "tid": 1053, "ts": "15:08:28"}
[15:08:28] t=4864 RETREAT HTNK(38%)
[15:08:28] {"kind": "action", "what": "move", "name": null, "qty": null, "tid": null, "ts": "15:08:28"}
[15:08:30] t=4864 jev VEH HARV HOLD (预算保护 cash=310 aav帽=ok aav=1)
[15:08:30] t=4864 tick#1925 credits=310 stance=attack | jev 1925 decisions p50=1756ms
[15:08:30] t=4867 ESCORT 坦克#5232 -> 护航矿车@[117, 135]
[15:08:30] {"kind": "action", "what": "attack_move", "name": null, "qty": null, "tid": null, "ts": "15:08:30"}
[15:08:32] t=4867 jev VEH HARV HOLD (预算保护 cash=310 aav帽=ok aav=1)
[15:08:32] t=4869 ALARM unit lost -> 攻势保持（塔阵守家, 前线 23 个单位继续进攻）
[15:08:32] t=4869 HARASS DRON x2 (have 0)
[15:08:32] {"kind": "action", "what": "produce", "name": "DRON", "qty": 2, "tid": null, "ts": "15:08:32"}
[15:08:36] t=4872 MOVE t=4872 SIEGE 清建筑 x1 -> #1053@(75,120); hold_b x11 -> (126,75)
[15:08:36] {"kind": "action", "what": "attack_move", "name": null, "qty": null, "tid": null, "ts": "15:08:36"}
[15:08:38] t=4875 MOVE raid x1 -> (76,123); t=4875 SIEGE 清建筑 x2 -> #1053@(75,120)
[15:08:38] {"kind": "action", "what": "attack_move", "name": null, "qty": null, "tid": null, "ts": "15:08:38"}
[15:08:40] t=4878 jev VEH HARV HOLD (预算保护 cash=35 aav帽=ok aav=1)
[15:08:40] t=4878 MOVE assault x3 -> 攻击目标#1119@(82,128); t=4878 SIEGE 清建筑 x3 -> #1119@(82,128)
[15:08:40] {"kind": "action", "what": "attack_obj", "name": null, "qty": null, "tid": 1119, "ts": "15:08:40"}
[15:08:41] t=4881 RETREAT HTNK(26%)
[15:08:41] {"kind": "action", "what": "move", "name": null, "qty": null, "tid": null, "ts": "15:08:41"}
[15:08:42] t=4881 jev VEH HARV HOLD (预算保护 cash=35 aav帽=ok aav=1)
[15:08:42] t=4881 MOVE assault x3 -> 攻击目标#1053@(75,120); t=4881 SIEGE 清建筑 x3 -> #1053@(75,120)
[15:08:43] {"kind": "action", "what": "attack_obj", "name": null, "qty": null, "tid": 1053, "ts": "15:08:43"}
[15:08:45] t=4884 jev VEH HARV HOLD (预算保护 cash=35 aav帽=ok aav=1)
[15:08:45] t=4884 MOVE assault x3 -> 攻击目标#1047@(71,114); t=4884 SIEGE 清建筑 x3 -> #1047@(71,114); aahunt x1 -> (125,84)
[15:08:45] {"kind": "action", "what": "attack_obj", "name": null, "qty": null, "tid": 1047, "ts": "15:08:45"}
[15:08:45] {"kind": "action", "what": "attack_move", "name": null, "qty": null, "tid": null, "ts": "15:08:45"}
[15:08:45] t=4886 ALARM unit lost -> 攻势保持（塔阵守家, 前线 25 个单位继续进攻）
[15:08:47] t=4886 jev VEH HARV HOLD (预算保护 cash=410 aav帽=ok aav=1)
[15:08:49] t=4889 jev VEH HARV HOLD (预算保护 cash=410 aav帽=ok aav=1)
[15:08:51] t=4892 jev VEH HARV HOLD (预算保护 cash=410 aav帽=ok aav=1)
[15:08:53] t=4895 jev VEH HARV HOLD (预算保护 cash=410 aav帽=ok aav=1)
[15:08:55] t=4897 jev VEH HARV HOLD (预算保护 cash=410 aav帽=ok aav=1)
[15:08:57] t=4900 jev VEH HARV HOLD (预算保护 cash=410 aav帽=ok aav=1)
[15:08:57] t=4900 MOVE assault x2 -> 攻击目标#1047@(71,114); t=4900 SIEGE 清建筑 x2 -> #1047@(71,114)
[15:08:57] {"kind": "action", "what": "attack_obj", "name": null, "qty": null, "tid": 1047, "ts": "15:08:57"}
[15:08:59] t=4903 jev VEH HARV HOLD (预算保护 cash=410 aav帽=ok aav=1)
[15:08:59] t=4903 MOVE raid x2 -> (76,123); t=4903 SIEGE 清建筑 x2 -> #1047@(71,114)
[15:08:59] {"kind": "action", "what": "attack_move", "name": null, "qty": null, "tid": null, "ts": "15:08:59"}
[15:09:01] t=4906 jev VEH HARV HOLD (预算保护 cash=410 aav帽=ok aav=1)
[15:09:02] t=4909 ESCORT 坦克#5650 -> 护航矿车@[123, 102]
[15:09:02] {"kind": "action", "what": "attack_move", "name": null, "qty": null, "tid": null, "ts": "15:09:02"}
[15:09:03] t=4909 jev VEH HARV HOLD (预算保护 cash=410 aav帽=ok aav=1)
[15:09:03] t=4909 MOVE assault x2 -> 攻击目标#1053@(75,120); t=4909 SIEGE 清建筑 x2 -> #1053@(75,120)
[15:09:03] {"kind": "action", "what": "attack_obj", "name": null, "qty": null, "tid": 1053, "ts": "15:09:03"}
[15:09:04] t=4911 ALARM unit lost -> 攻势保持（塔阵守家, 前线 24 个单位继续进攻）
[15:09:05] t=4911 jev VEH HARV HOLD (预算保护 cash=410 aav帽=ok aav=1)
[15:09:08] t=4914 jev VEH HARV HOLD (预算保护 cash=410 aav帽=ok aav=1)
[15:09:10] t=4917 jev VEH HARV HOLD (预算保护 cash=410 aav帽=ok aav=1)
[15:09:10] t=4917 MOVE assault x1 -> 攻击目标#1047@(71,114); t=4917 SIEGE 清建筑 x1 -> #1047@(71,114)
[15:09:10] {"kind": "action", "what": "attack_obj", "name": null, "qty": null, "tid": 1047, "ts": "15:09:10"}
[15:09:12] t=4920 jev VEH HARV HOLD (预算保护 cash=410 aav帽=ok aav=1)
[15:09:12] t=4920 MOVE assault x1 -> 攻击目标#1053@(75,120); t=4920 SIEGE 清建筑 x1 -> #1053@(75,120)
[15:09:12] {"kind": "action", "what": "attack_obj", "name": null, "qty": null, "tid": 1053, "ts": "15:09:12"}
[15:09:12] t=4923 ALARM unit lost -> 攻势保持（塔阵守家, 前线 23 个单位继续进攻）
[15:09:14] t=4923 jev VEH HARV HOLD (预算保护 cash=410 aav帽=ok aav=1)
[15:09:14] t=4923 RECOVER (only 2 tanks)
[15:09:16] t=4925 jev VEH HARV HOLD (预算保护 cash=410 aav帽=ok aav=1)
[15:09:16] t=4925 MOVE aahunt x1 -> (125,84)
[15:09:16] {"kind": "action", "what": "attack_move", "name": null, "qty": null, "tid": null, "ts": "15:09:16"}
[15:09:18] t=4928 jev VEH HARV HOLD (预算保护 cash=410 aav帽=ok aav=1)
[15:09:18] t=4928 MOVE hold_a x11 -> (133,86)
[15:09:18] {"kind": "action", "what": "attack_move", "name": null, "qty": null, "tid": null, "ts": "15:09:18"}
[15:09:20] t=4931 jev VEH HARV HOLD (预算保护 cash=410 aav帽=ok aav=1)
[15:09:22] t=4934 jev VEH HARV HOLD (预算保护 cash=410 aav帽=ok aav=1)
[15:09:22] t=4934 tick#1950 credits=410 stance=recover | jev 1950 decisions p50=1761ms
[15:09:24] t=4937 jev VEH HARV HOLD (预算保护 cash=410 aav帽=ok aav=1)
[15:09:26] t=4939 jev VEH HARV HOLD (预算保护 cash=410 aav帽=ok aav=1)
[15:09:28] t=4942 jev VEH HARV HOLD (预算保护 cash=410 aav帽=ok aav=1)
[15:09:31] t=4945 jev VEH HARV HOLD (预算保护 cash=410 aav帽=ok aav=1)
[15:09:33] t=4948 jev VEH HARV HOLD (预算保护 cash=410 aav帽=ok aav=1)
[15:09:33] t=4950 HARASS DRON x2 (have 0)
[15:09:33] {"kind": "action", "what": "produce", "name": "DRON", "qty": 2, "tid": null, "ts": "15:09:33"}
[15:09:37] t=4953 MOVE hold_b x11 -> (126,75)
[15:09:37] {"kind": "action", "what": "attack_move", "name": null, "qty": null, "tid": null, "ts": "15:09:37"}
[15:09:39] t=4956 MOVE raid x1 -> (76,123); assault x1 -> 攻击目标#1119@(82,128); t=4956 SIEGE 清建筑 x1 -> #1119@(82,128)
[15:09:39] {"kind": "action", "what": "attack_move", "name": null, "qty": null, "tid": null, "ts": "15:09:39"}
[15:09:39] {"kind": "action", "what": "attack_obj", "name": null, "qty": null, "tid": 1119, "ts": "15:09:39"}
[15:09:39] t=4959 TANK HTNK x2
[15:09:39] t=4959 ESCORT 坦克#5711 -> 护航矿车@[108, 85]
[15:09:39] t=4959 DEBT-GATE HTNK x2 (debt=0 eff=1560 < 1800)
[15:09:39] {"kind": "action", "what": "attack_move", "name": null, "qty": null, "tid": null, "ts": "15:09:39"}
[15:09:41] t=4959 jev VEH HARV HOLD (预算保护 cash=1560 aav帽=ok aav=1)
[15:09:41] t=4961 TANK HTNK x2
[15:09:41] t=4961 DEBT-GATE HTNK x2 (debt=0 eff=1560 < 1800)
[15:09:43] t=4961 jev VEH HARV HOLD (预算保护 cash=1560 aav帽=ok aav=1)
[15:09:43] t=4964 TANK HTNK x2
[15:09:43] t=4964 DEBT-GATE HTNK x2 (debt=0 eff=1560 < 1800)
[15:09:45] t=4964 jev VEH HARV HOLD (预算保护 cash=1560 aav帽=ok aav=1)
[15:09:45] t=4964 MOVE assault x2 -> 攻击目标#1047@(71,114); t=4964 SIEGE 清建筑 x2 -> #1047@(71,114)
[15:09:45] {"kind": "action", "what": "attack_obj", "name": null, "qty": null, "tid": 1047, "ts": "15:09:45"}
[15:09:45] t=4967 TANK HTNK x2
[15:09:45] t=4967 DEBT-GATE HTNK x2 (debt=0 eff=1560 < 1800)
[15:09:47] t=4967 jev VEH HARV HOLD (预算保护 cash=1560 aav帽=ok aav=1)
[15:09:47] t=4967 MOVE t=4967 GHOST detected #1047@[71, 114] (集火150gs不倒, 拉黑); assault x2 -> 攻击目标#1053@(75,120); t=4967 SIEGE 清建筑 x2 -> #1053@(75,120); aahunt x1 -> (125,84)
[15:09:47] {"kind": "action", "what": "attack_obj", "name": null, "qty": null, "tid": 1053, "ts": "15:09:47"}
[15:09:47] {"kind": "action", "what": "attack_move", "name": null, "qty": null, "tid": null, "ts": "15:09:47"}
[15:09:48] t=4970 TANK HTNK x2
[15:09:48] t=4970 DEBT-GATE HTNK x2 (debt=0 eff=1560 < 1800)
[15:09:49] t=4970 jev VEH HARV HOLD (预算保护 cash=1560 aav帽=ok aav=1)
[15:09:50] t=4973 TANK HTNK x2
[15:09:50] t=4973 DEBT-GATE HTNK x2 (debt=0 eff=1560 < 1800)
[15:09:51] t=4973 jev VEH HARV HOLD (预算保护 cash=1560 aav帽=ok aav=1)
[15:09:51] t=4973 MOVE t=4973 GHOST detected #1053@[75, 120] (集火150gs不倒, 拉黑); assault x2 -> 攻击目标#1119@(82,128); t=4973 SIEGE 清建筑 x2 -> #1119@(82,128)
[15:09:51] {"kind": "action", "what": "attack_obj", "name": null, "qty": null, "tid": 1119, "ts": "15:09:51"}
[15:09:52] t=4975 TANK HTNK x2
[15:09:52] t=4975 DEBT-GATE HTNK x2 (debt=0 eff=1560 < 1800)
[15:09:53] t=4975 jev VEH HARV HOLD (预算保护 cash=1560 aav帽=ok aav=1)
[15:09:54] t=4978 TANK HTNK x2
[15:09:54] t=4978 DEBT-GATE HTNK x2 (debt=0 eff=1560 < 1800)
[15:09:55] t=4978 jev VEH HARV HOLD (预算保护 cash=1560 aav帽=ok aav=1)
[15:09:55] t=4978 MOVE assault x2 -> 攻击目标#1044@(70,117); t=4978 SIEGE 清建筑 x2 -> #1044@(70,117)
[15:09:56] {"kind": "action", "what": "attack_obj", "name": null, "qty": null, "tid": 1044, "ts": "15:09:56"}
[15:09:56] t=4981 TANK HTNK x2
[15:09:56] t=4981 DEBT-GATE HTNK x2 (debt=0 eff=1560 < 1800)
[15:09:58] t=4981 jev VEH HARV HOLD (预算保护 cash=1560 aav帽=ok aav=1)
[15:09:58] t=4981 MOVE assault x2 -> 攻击目标#1119@(82,128); t=4981 SIEGE 清建筑 x2 -> #1119@(82,128)
[15:09:58] {"kind": "action", "what": "attack_obj", "name": null, "qty": null, "tid": 1119, "ts": "15:09:58"}
[15:09:58] t=4984 TANK HTNK x2
[15:09:58] t=4984 DEBT-GATE HTNK x2 (debt=0 eff=1560 < 1800)
[15:10:00] t=4984 jev VEH HARV HOLD (预算保护 cash=1560 aav帽=ok aav=1)
[15:10:00] t=4984 MOVE raid x2 -> (76,123); t=4984 SIEGE 清建筑 x2 -> #1119@(82,128)
[15:10:00] {"kind": "action", "what": "attack_move", "name": null, "qty": null, "tid": null, "ts": "15:10:00"}
[15:10:00] t=4986 TANK HTNK x2
[15:10:00] t=4986 DEBT-GATE HTNK x2 (debt=0 eff=1560 < 1800)
[15:10:02] t=4986 jev VEH HARV HOLD (预算保护 cash=1560 aav帽=ok aav=1)
[15:10:02] t=4989 ALARM unit lost -> counter 24 vs 16 -> [134, 79]
[15:10:02] {"kind": "action", "what": "attack_move", "name": null, "qty": null, "tid": null, "ts": "15:10:02"}
[15:10:02] t=4989 HARASS DRON x2 (have 1)
[15:10:02] {"kind": "action", "what": "produce", "name": "DRON", "qty": 2, "tid": null, "ts": "15:10:02"}
[15:10:10] t=4998 jev VEH HARV HOLD (预算保护 cash=760 aav帽=ok aav=1)
[15:10:10] t=4998 MOVE assault x2 -> 攻击目标#1119@(82,128); t=4998 SIEGE 清建筑 x2 -> #1119@(82,128)
[15:10:10] {"kind": "action", "what": "attack_obj", "name": null, "qty": null, "tid": 1119, "ts": "15:10:10"}
[15:10:10] t=5000 TANK HTNK x1
[15:10:10] t=5000 ESCORT 坦克#5793 -> 护航矿车@[115, 134]
[15:10:10] {"kind": "action", "what": "produce", "name": "HTNK", "qty": 1, "tid": null, "ts": "15:10:10"}
[15:10:10] {"kind": "action", "what": "attack_move", "name": null, "qty": null, "tid": null, "ts": "15:10:10"}
[15:10:14] t=5003 tick#1975 credits=1235 stance=defend | jev 1975 decisions p50=1764ms
[15:10:18] t=5009 jev VEH HARV HOLD (预算保护 cash=685 aav帽=ok aav=1)
[15:10:18] t=5009 MOVE t=5009 SIEGE 清建筑 x3 -> #1119@(82,128); hold_a x11 -> (133,86); aahunt x1 -> (125,84)
[15:10:18] {"kind": "action", "what": "attack_move", "name": null, "qty": null, "tid": null, "ts": "15:10:18"}
[15:10:18] {"kind": "action", "what": "attack_move", "name": null, "qty": null, "tid": null, "ts": "15:10:18"}
[15:10:21] t=5011 jev VEH HARV HOLD (预算保护 cash=685 aav帽=ok aav=1)
[15:10:21] t=5011 MOVE raid x2 -> (76,123); t=5011 SIEGE 清建筑 x3 -> #1119@(82,128)
[15:10:21] {"kind": "action", "what": "attack_move", "name": null, "qty": null, "tid": null, "ts": "15:10:21"}
[15:10:21] t=5014 TANK HTNK x2
[15:10:23] t=5014 jev VEH HARV HOLD (预算保护 cash=1435 aav帽=ok aav=1)
[15:10:23] t=5014 MOVE assault x3 -> 攻击目标#1119@(82,128); t=5014 SIEGE 清建筑 x3 -> #1119@(82,128)
[15:10:23] {"kind": "action", "what": "attack_obj", "name": null, "qty": null, "tid": 1119, "ts": "15:10:23"}
[15:10:23] t=5017 TANK HTNK x2
[15:10:25] t=5017 jev VEH HARV HOLD (预算保护 cash=1435 aav帽=ok aav=1)
[15:10:25] t=5020 TANK HTNK x2
[15:10:27] t=5020 jev VEH HARV HOLD (预算保护 cash=1435 aav帽=ok aav=1)
[15:10:27] t=5022 TANK HTNK x2
[15:10:29] t=5022 jev VEH HARV HOLD (预算保护 cash=1435 aav帽=ok aav=1)
[15:10:29] t=5025 TANK HTNK x2
[15:10:31] t=5025 jev VEH HARV HOLD (预算保护 cash=1435 aav帽=ok aav=1)
[15:10:31] t=5028 TANK HTNK x2
[15:10:33] t=5028 jev VEH HARV HOLD (预算保护 cash=1435 aav帽=ok aav=1)
[15:10:33] t=5031 TANK HTNK x2
[15:10:35] t=5031 jev VEH HARV HOLD (预算保护 cash=1585 aav帽=ok aav=1)
[15:10:35] t=5031 MOVE t=5031 GHOST detected #1119@[82, 128] (集火150gs不倒, 拉黑); assault x3 -> 攻击目标#1807@(75,124); t=5031 SIEGE 清建筑 x3 -> #1807@(75,124)
[15:10:35] {"kind": "action", "what": "attack_obj", "name": null, "qty": null, "tid": 1807, "ts": "15:10:35"}
[15:10:35] t=5033 TANK HTNK x2
[15:10:37] t=5033 jev VEH HARV HOLD (预算保护 cash=1585 aav帽=ok aav=1)
[15:10:37] t=5033 MOVE t=5033 SIEGE 清建筑 x3 -> #1807@(75,124); hold_b x11 -> (126,75)
[15:10:37] {"kind": "action", "what": "attack_move", "name": null, "qty": null, "tid": null, "ts": "15:10:37"}
[15:10:37] t=5036 TANK HTNK x2
[15:10:37] t=5036 DEBT-GATE HTNK x2 (debt=0 eff=1585 < 1800)
[15:10:39] t=5036 jev VEH HARV HOLD (预算保护 cash=1585 aav帽=ok aav=1)
[15:10:39] t=5039 ALARM unit lost -> counter 24 vs 14 -> [134, 79]
[15:10:39] {"kind": "action", "what": "attack_move", "name": null, "qty": null, "tid": null, "ts": "15:10:39"}
[15:10:39] t=5039 HARASS DRON x2 (have 1)
[15:10:39] {"kind": "action", "what": "produce", "name": "DRON", "qty": 2, "tid": null, "ts": "15:10:39"}
[15:10:43] t=5044 ESCORT 坦克#5820 -> 护航矿车@[117, 135]
[15:10:43] {"kind": "action", "what": "attack_move", "name": null, "qty": null, "tid": null, "ts": "15:10:43"}
[15:10:47] t=5047 jev VEH HARV HOLD (预算保护 cash=785 aav帽=ok aav=1)
[15:10:47] t=5047 MOVE raid x2 -> (76,123); assault x3 -> 攻击目标#1807@(75,124); t=5047 SIEGE 清建筑 x3 -> #1807@(75,124)
[15:10:47] {"kind": "action", "what": "attack_move", "name": null, "qty": null, "tid": null, "ts": "15:10:47"}
[15:10:47] {"kind": "action", "what": "attack_obj", "name": null, "qty": null, "tid": 1807, "ts": "15:10:47"}
[15:10:49] t=5050 jev VEH HARV HOLD (预算保护 cash=785 aav帽=ok aav=1)
[15:10:49] t=5050 MOVE t=5050 SIEGE 清建筑 x3 -> #1807@(75,124); aahunt x1 -> (125,84)
[15:10:49] {"kind": "action", "what": "attack_move", "name": null, "qty": null, "tid": null, "ts": "15:10:49"}
[15:10:52] t=5053 jev VEH HARV HOLD (预算保护 cash=785 aav帽=ok aav=1)
[15:10:52] t=5053 MOVE assault x3 -> 攻击目标#1044@(70,117); t=5053 SIEGE 清建筑 x3 -> #1044@(70,117)
[15:10:52] {"kind": "action", "what": "attack_obj", "name": null, "qty": null, "tid": 1044, "ts": "15:10:52"}
[15:10:54] t=5056 jev VEH HARV HOLD (预算保护 cash=785 aav帽=ok aav=1)
[15:10:56] t=5058 jev VEH HARV HOLD (预算保护 cash=785 aav帽=ok aav=1)
[15:10:58] t=5061 jev VEH HARV HOLD (预算保护 cash=785 aav帽=ok aav=1)
[15:11:00] t=5064 jev VEH HARV HOLD (预算保护 cash=785 aav帽=ok aav=1)
[15:11:02] t=5066 jev VEH HARV HOLD (预算保护 cash=785 aav帽=ok aav=1)
[15:11:04] t=5069 jev VEH HARV HOLD (预算保护 cash=785 aav帽=ok aav=1)
[15:11:04] t=5069 MOVE assault x3 -> 攻击目标#1044@(70,117); t=5069 SIEGE 清建筑 x3 -> #1044@(70,117)
[15:11:04] {"kind": "action", "what": "attack_obj", "name": null, "qty": null, "tid": 1044, "ts": "15:11:04"}
[15:11:06] t=5072 jev VEH HARV HOLD (预算保护 cash=785 aav帽=ok aav=1)
[15:11:06] t=5072 tick#2000 credits=785 stance=defend | jev 2000 decisions p50=1766ms
[15:11:08] t=5075 jev VEH HARV HOLD (预算保护 cash=785 aav帽=ok aav=1)
[15:11:08] t=5075 MOVE raid x2 -> (76,123); t=5075 SIEGE 清建筑 x3 -> #1044@(70,117)
[15:11:08] {"kind": "action", "what": "attack_move", "name": null, "qty": null, "tid": null, "ts": "15:11:08"}
[15:11:10] t=5077 jev VEH HARV HOLD (预算保护 cash=785 aav帽=ok aav=1)
[15:11:12] t=5080 jev VEH HARV HOLD (预算保护 cash=785 aav帽=ok aav=1)
[15:11:12] t=5083 TANK HTNK x2
[15:11:12] {"kind": "action", "what": "produce", "name": "HTNK", "qty": 2, "tid": null, "ts": "15:11:12"}
[15:11:14] t=5083 MOVE assault x3 -> 攻击目标#1807@(75,124); t=5083 SIEGE 清建筑 x3 -> #1807@(75,124)
[15:11:14] {"kind": "action", "what": "attack_obj", "name": null, "qty": null, "tid": 1807, "ts": "15:11:14"}
[15:11:14] t=5086 ESCORT 坦克#5848 -> 护航矿车@[116, 135]
[15:11:14] {"kind": "action", "what": "attack_move", "name": null, "qty": null, "tid": null, "ts": "15:11:14"}
[15:11:16] t=5088 ALARM unit lost -> counter 24 vs 14 -> [134, 79]
[15:11:16] {"kind": "action", "what": "attack_move", "name": null, "qty": null, "tid": null, "ts": "15:11:16"}
[15:11:26] t=5099 jev VEH HARV HOLD (预算保护 cash=110 aav帽=ok aav=1)
[15:11:26] t=5099 MOVE assault x3 -> 攻击目标#1807@(75,124); t=5099 SIEGE 清建筑 x3 -> #1807@(75,124); hold_a x11 -> (133,86); aahunt x1 -> (125,84)
[15:11:26] {"kind": "action", "what": "attack_obj", "name": null, "qty": null, "tid": 1807, "ts": "15:11:26"}
[15:11:26] {"kind": "action", "what": "attack_move", "name": null, "qty": null, "tid": null, "ts": "15:11:26"}
[15:11:26] {"kind": "action", "what": "attack_move", "name": null, "qty": null, "tid": null, "ts": "15:11:26"}
[15:11:28] t=5102 jev VEH HARV HOLD (预算保护 cash=110 aav帽=ok aav=1)
[15:11:31] t=5105 jev VEH HARV HOLD (预算保护 cash=485 aav帽=ok aav=1)
[15:11:33] t=5108 jev VEH HARV HOLD (预算保护 cash=485 aav帽=ok aav=1)
[15:11:35] t=5110 jev VEH HARV HOLD (预算保护 cash=485 aav帽=ok aav=1)
[15:11:35] t=5110 MOVE assault x3 -> 攻击目标#1044@(70,117); t=5110 SIEGE 清建筑 x3 -> #1044@(70,117)
[15:11:35] {"kind": "action", "what": "attack_obj", "name": null, "qty": null, "tid": 1044, "ts": "15:11:35"}
[15:11:37] t=5113 jev VEH HARV HOLD (预算保护 cash=485 aav帽=ok aav=1)
[15:11:37] t=5116 HARASS DRON x2 (have 0)
[15:11:37] {"kind": "action", "what": "produce", "name": "DRON", "qty": 2, "tid": null, "ts": "15:11:37"}
[15:11:39] t=5116 MOVE t=5116 SIEGE 清建筑 x3 -> #1044@(70,117); hold_b x11 -> (126,75)
[15:11:39] {"kind": "action", "what": "attack_move", "name": null, "qty": null, "tid": null, "ts": "15:11:39"}
[15:11:43] t=5121 ATTACK (tanks=6)
[15:11:43] t=5121 MOVE raid x1 -> (76,123); t=5121 SIEGE 清建筑 x4 -> #1044@(70,117)
[15:11:43] {"kind": "action", "what": "attack_move", "name": null, "qty": null, "tid": null, "ts": "15:11:43"}
[15:11:45] t=5124 jev VEH HARV HOLD (预算保护 cash=60 aav帽=ok aav=1)
[15:11:45] t=5127 ESCORT 坦克#5863 -> 护航矿车@[120, 118]
[15:11:45] {"kind": "action", "what": "attack_move", "name": null, "qty": null, "tid": null, "ts": "15:11:45"}
[15:11:47] t=5127 jev VEH HARV HOLD (预算保护 cash=60 aav帽=ok aav=1)
[15:11:47] t=5127 MOVE assault x5 -> 攻击目标#1044@(70,117); t=5127 SIEGE 清建筑 x5 -> #1044@(70,117)
[15:11:47] {"kind": "action", "what": "attack_obj", "name": null, "qty": null, "tid": 1044, "ts": "15:11:47"}
[15:11:49] t=5130 jev VEH HARV HOLD (预算保护 cash=60 aav帽=ok aav=1)
[15:11:49] t=5130 MOVE t=5130 GHOST detected #1044@[70, 117] (集火150gs不倒, 拉黑); assault x5 -> 攻击目标#1807@(75,124); t=5130 SIEGE 清建筑 x5 -> #1807@(75,124)
[15:11:49] {"kind": "action", "what": "attack_obj", "name": null, "qty": null, "tid": 1807, "ts": "15:11:49"}
[15:11:51] t=5132 jev VEH HARV HOLD (预算保护 cash=60 aav帽=ok aav=1)
[15:11:53] t=5135 jev VEH HARV HOLD (预算保护 cash=60 aav帽=ok aav=1)
[15:11:55] t=5138 jev VEH HARV HOLD (预算保护 cash=60 aav帽=ok aav=1)
[15:11:57] t=5141 jev VEH HARV HOLD (预算保护 cash=60 aav帽=ok aav=1)
[15:11:57] t=5141 MOVE t=5141 SIEGE 清建筑 x5 -> #1807@(75,124); aahunt x1 -> (125,84)
[15:11:57] {"kind": "action", "what": "attack_move", "name": null, "qty": null, "tid": null, "ts": "15:11:57"}
[15:11:57] t=5141 tick#2025 credits=60 stance=attack | jev 2025 decisions p50=1767ms
[15:11:58] t=5143 ALARM unit lost -> 攻势保持（塔阵守家, 前线 27 个单位继续进攻）
[15:11:59] t=5143 jev VEH HARV HOLD (预算保护 cash=60 aav帽=ok aav=1)
[15:12:02] t=5146 jev VEH HARV HOLD (预算保护 cash=60 aav帽=ok aav=1)
[15:12:02] t=5146 MOVE assault x4 -> 攻击目标#1807@(75,124); t=5146 SIEGE 清建筑 x4 -> #1807@(75,124)
[15:12:02] {"kind": "action", "what": "attack_obj", "name": null, "qty": null, "tid": 1807, "ts": "15:12:02"}
[15:12:04] t=5149 jev VEH HARV HOLD (预算保护 cash=60 aav帽=ok aav=1)
[15:12:04] t=5149 MOVE raid x2 -> (76,123); t=5149 SIEGE 清建筑 x4 -> #1807@(75,124)
[15:12:04] {"kind": "action", "what": "attack_move", "name": null, "qty": null, "tid": null, "ts": "15:12:04"}
[15:12:06] t=5152 jev VEH HARV HOLD (预算保护 cash=60 aav帽=ok aav=1)
[15:12:08] t=5154 jev VEH HARV HOLD (预算保护 cash=60 aav帽=ok aav=1)
[15:12:10] t=5157 jev VEH HARV HOLD (预算保护 cash=60 aav帽=ok aav=1)
[15:12:12] t=5160 jev VEH HARV HOLD (预算保护 cash=60 aav帽=ok aav=1)
[15:12:14] t=5163 jev VEH HARV HOLD (预算保护 cash=60 aav帽=ok aav=1)
[15:12:14] t=5163 MOVE assault x4 -> 攻击目标#1807@(75,124); t=5163 SIEGE 清建筑 x4 -> #1807@(75,124)
[15:12:14] {"kind": "action", "what": "attack_obj", "name": null, "qty": null, "tid": 1807, "ts": "15:12:14"}
[15:12:16] t=5165 jev VEH HARV HOLD (预算保护 cash=60 aav帽=ok aav=1)
[15:12:16] t=5168 ESCORT 坦克#5876 -> 护航矿车@[90, 58]
[15:12:16] {"kind": "action", "what": "attack_move", "name": null, "qty": null, "tid": null, "ts": "15:12:16"}
[15:12:18] t=5168 jev VEH HARV HOLD (预算保护 cash=60 aav帽=ok aav=1)
[15:12:20] t=5171 jev VEH HARV HOLD (预算保护 cash=60 aav帽=ok aav=1)
[15:12:22] t=5174 jev VEH HARV HOLD (预算保护 cash=60 aav帽=ok aav=1)
[15:12:22] t=5176 TANK HTNK x1
[15:12:22] t=5176 DEBT-GATE HTNK x1 (debt=0 eff=810 < 900)
[15:12:24] t=5176 jev VEH HARV HOLD (预算保护 cash=810 aav帽=ok aav=1)
[15:12:24] t=5176 MOVE raid x2 -> (76,123); t=5176 SIEGE 清建筑 x4 -> #1807@(75,124)
[15:12:24] {"kind": "action", "what": "attack_move", "name": null, "qty": null, "tid": null, "ts": "15:12:24"}
[15:12:24] t=5179 TANK HTNK x1
[15:12:24] t=5179 DEBT-GATE HTNK x1 (debt=0 eff=810 < 900)
[15:12:26] t=5179 jev VEH HARV HOLD (预算保护 cash=810 aav帽=ok aav=1)
[15:12:26] t=5179 MOVE assault x4 -> 攻击目标#1807@(75,124); t=5179 SIEGE 清建筑 x4 -> #1807@(75,124)
[15:12:26] {"kind": "action", "what": "attack_obj", "name": null, "qty": null, "tid": 1807, "ts": "15:12:26"}
[15:12:26] t=5182 TANK HTNK x1
[15:12:26] t=5182 DEBT-GATE HTNK x1 (debt=0 eff=810 < 900)
[15:12:28] t=5182 jev VEH HARV HOLD (预算保护 cash=810 aav帽=ok aav=1)
[15:12:28] t=5182 MOVE t=5182 GHOST detected #1807@[75, 124] (集火150gs不倒, 拉黑); assault x4 -> 攻击目标#1062@(69,122); t=5182 SIEGE 清建筑 x4 -> #1062@(69,122); hold_a x11 -> (133,86); aahunt x1 -> (125,84)
[15:12:28] {"kind": "action", "what": "attack_obj", "name": null, "qty": null, "tid": 1062, "ts": "15:12:28"}
[15:12:28] {"kind": "action", "what": "attack_move", "name": null, "qty": null, "tid": null, "ts": "15:12:28"}
[15:12:28] {"kind": "action", "what": "attack_move", "name": null, "qty": null, "tid": null, "ts": "15:12:28"}
[15:12:29] t=5185 TANK HTNK x1
[15:12:29] t=5185 RETREAT HTNK(20%)
[15:12:29] t=5185 DEBT-GATE HTNK x1 (debt=0 eff=810 < 900)
[15:12:29] {"kind": "action", "what": "move", "name": null, "qty": null, "tid": null, "ts": "15:12:29"}
[15:12:30] t=5185 jev VEH HARV HOLD (预算保护 cash=810 aav帽=ok aav=1)
[15:12:31] t=5187 ALARM unit lost -> 攻势保持（塔阵守家, 前线 24 个单位继续进攻）
[15:12:31] t=5187 TANK HTNK x1
[15:12:31] t=5187 DEBT-GATE HTNK x1 (debt=0 eff=810 < 900)
[15:12:32] t=5187 jev VEH HARV HOLD (预算保护 cash=810 aav帽=ok aav=1)
[15:12:33] t=5190 ALARM unit lost -> 攻势保持（塔阵守家, 前线 24 个单位继续进攻）
[15:12:33] t=5190 HARASS DRON x2 (have 1)
[15:12:33] {"kind": "action", "what": "produce", "name": "DRON", "qty": 2, "tid": null, "ts": "15:12:33"}
[15:12:35] t=5193 ALARM unit lost -> 攻势保持（塔阵守家, 前线 24 个单位继续进攻）
[15:12:41] t=5198 jev VEH HARV HOLD (预算保护 cash=10 aav帽=ok aav=1)
[15:12:41] t=5198 MOVE assault x3 -> 攻击目标#1062@(69,122); t=5198 SIEGE 清建筑 x3 -> #1062@(69,122); hold_b x11 -> (126,75)
[15:12:41] {"kind": "action", "what": "attack_obj", "name": null, "qty": null, "tid": 1062, "ts": "15:12:41"}
[15:12:41] {"kind": "action", "what": "attack_move", "name": null, "qty": null, "tid": null, "ts": "15:12:41"}
[15:12:43] t=5201 jev VEH HARV HOLD (预算保护 cash=10 aav帽=ok aav=1)
[15:12:45] t=5204 jev VEH HARV HOLD (预算保护 cash=10 aav帽=ok aav=1)
[15:12:45] t=5204 MOVE raid x2 -> (76,123); t=5204 SIEGE 清建筑 x3 -> #1062@(69,122)
[15:12:45] {"kind": "action", "what": "attack_move", "name": null, "qty": null, "tid": null, "ts": "15:12:45"}
[15:12:47] t=5207 jev VEH HARV HOLD (预算保护 cash=10 aav帽=ok aav=1)
[15:12:47] t=5209 ESCORT 坦克#5913 -> 护航矿车@[120, 117]
[15:12:47] {"kind": "action", "what": "attack_move", "name": null, "qty": null, "tid": null, "ts": "15:12:47"}
[15:12:49] t=5209 jev VEH HARV HOLD (预算保护 cash=10 aav帽=ok aav=1)
[15:12:49] t=5209 tick#2050 credits=10 stance=attack | jev 2050 decisions p50=1767ms
[15:12:51] t=5212 jev VEH HARV HOLD (预算保护 cash=10 aav帽=ok aav=1)
[15:12:53] t=5215 jev VEH HARV HOLD (预算保护 cash=385 aav帽=ok aav=1)
[15:12:53] t=5215 MOVE assault x3 -> 攻击目标#1062@(69,122); t=5215 SIEGE 清建筑 x3 -> #1062@(69,122)
[15:12:53] {"kind": "action", "what": "attack_obj", "name": null, "qty": null, "tid": 1062, "ts": "15:12:53"}
[15:12:53] t=5218 RETREAT HTNK(17%)
[15:12:53] {"kind": "action", "what": "move", "name": null, "qty": null, "tid": null, "ts": "15:12:53"}
[15:12:55] t=5218 jev VEH HARV HOLD (预算保护 cash=385 aav帽=ok aav=1)
[15:12:56] t=5221 ALARM unit lost -> 攻势保持（塔阵守家, 前线 25 个单位继续进攻）
[15:12:57] t=5221 jev VEH HARV HOLD (预算保护 cash=385 aav帽=ok aav=1)
[15:12:59] t=5223 jev VEH HARV HOLD (预算保护 cash=385 aav帽=ok aav=1)
[15:12:59] t=5223 MOVE t=5223 SIEGE 清建筑 x2 -> #1062@(69,122); aahunt x1 -> (125,84)
[15:12:59] {"kind": "action", "what": "attack_move", "name": null, "qty": null, "tid": null, "ts": "15:12:59"}
[15:13:01] t=5226 jev VEH HARV HOLD (预算保护 cash=385 aav帽=ok aav=1)
[15:13:03] t=5229 jev VEH HARV HOLD (预算保护 cash=385 aav帽=ok aav=1)
[15:13:06] t=5231 jev VEH HARV HOLD (预算保护 cash=385 aav帽=ok aav=1)
[15:13:06] t=5231 MOVE raid x2 -> (76,123); assault x2 -> 攻击目标#1062@(69,122); t=5231 SIEGE 清建筑 x2 -> #1062@(69,122)
[15:13:06] {"kind": "action", "what": "attack_move", "name": null, "qty": null, "tid": null, "ts": "15:13:06"}
[15:13:06] {"kind": "action", "what": "attack_obj", "name": null, "qty": null, "tid": 1062, "ts": "15:13:06"}
[15:13:08] t=5234 jev VEH HARV HOLD (预算保护 cash=385 aav帽=ok aav=1)
[15:13:08] t=5237 ALARM unit lost -> 攻势保持（塔阵守家, 前线 24 个单位继续进攻）
[15:13:10] t=5237 jev VEH HARV HOLD (预算保护 cash=385 aav帽=ok aav=1)
[15:13:12] t=5240 jev VEH HARV HOLD (预算保护 cash=385 aav帽=ok aav=1)
[15:13:12] t=5242 HARASS DRON x2 (have 1)
[15:13:12] {"kind": "action", "what": "produce", "name": "DRON", "qty": 2, "tid": null, "ts": "15:13:12"}
[15:13:14] t=5245 ALARM unit lost -> 攻势保持（塔阵守家, 前线 23 个单位继续进攻）
[15:13:16] t=5245 RECOVER (only 2 tanks)
[15:13:18] t=5248 MOVE assault x1 -> 攻击目标#1062@(69,122); t=5248 SIEGE 清建筑 x1 -> #1062@(69,122)
[15:13:18] {"kind": "action", "what": "attack_obj", "name": null, "qty": null, "tid": 1062, "ts": "15:13:18"}
[15:13:18] t=5251 ESCORT 坦克#5935 -> 护航矿车@[116, 135]
[15:13:18] {"kind": "action", "what": "attack_move", "name": null, "qty": null, "tid": null, "ts": "15:13:18"}
[15:13:20] t=5251 jev VEH HARV HOLD (预算保护 cash=35 aav帽=ok aav=1)
[15:13:22] t=5253 jev VEH HARV HOLD (预算保护 cash=35 aav帽=ok aav=1)
[15:13:24] t=5256 jev VEH HARV HOLD (预算保护 cash=35 aav帽=ok aav=1)
[15:13:26] t=5259 jev VEH HARV HOLD (预算保护 cash=35 aav帽=ok aav=1)
[15:13:26] t=5259 MOVE raid x2 -> (76,123); t=5259 SIEGE 清建筑 x2 -> #1062@(69,122)
[15:13:26] {"kind": "action", "what": "attack_move", "name": null, "qty": null, "tid": null, "ts": "15:13:26"}
[15:13:28] t=5261 jev VEH HARV HOLD (预算保护 cash=35 aav帽=ok aav=1)
[15:13:30] t=5264 jev VEH HARV HOLD (预算保护 cash=35 aav帽=ok aav=1)
[15:13:30] t=5264 MOVE assault x2 -> 攻击目标#1062@(69,122); t=5264 SIEGE 清建筑 x2 -> #1062@(69,122); hold_a x11 -> (133,86); aahunt x1 -> (125,84)
[15:13:30] {"kind": "action", "what": "attack_obj", "name": null, "qty": null, "tid": 1062, "ts": "15:13:30"}
[15:13:30] {"kind": "action", "what": "attack_move", "name": null, "qty": null, "tid": null, "ts": "15:13:30"}
[15:13:30] {"kind": "action", "what": "attack_move", "name": null, "qty": null, "tid": null, "ts": "15:13:30"}
[15:13:32] t=5267 jev VEH HARV HOLD (预算保护 cash=35 aav帽=ok aav=1)
[15:13:34] t=5270 jev VEH HARV HOLD (预算保护 cash=35 aav帽=ok aav=1)
[15:13:36] t=5272 jev VEH HARV HOLD (预算保护 cash=35 aav帽=ok aav=1)
[15:13:38] t=5275 jev VEH HARV HOLD (预算保护 cash=35 aav帽=ok aav=1)
[15:13:40] t=5278 jev VEH HARV HOLD (预算保护 cash=35 aav帽=ok aav=1)
[15:13:40] t=5278 tick#2075 credits=35 stance=recover | jev 2075 decisions p50=1769ms
[15:13:42] t=5281 jev VEH HARV HOLD (预算保护 cash=35 aav帽=ok aav=1)
[15:13:42] t=5281 MOVE assault x2 -> 攻击目标#1062@(69,122); t=5281 SIEGE 清建筑 x2 -> #1062@(69,122); hold_b x11 -> (126,75)
[15:13:42] {"kind": "action", "what": "attack_obj", "name": null, "qty": null, "tid": 1062, "ts": "15:13:42"}
[15:13:42] {"kind": "action", "what": "attack_move", "name": null, "qty": null, "tid": null, "ts": "15:13:42"}
[15:13:44] t=5283 jev VEH HARV HOLD (预算保护 cash=35 aav帽=ok aav=1)
[15:13:45] t=5286 ALARM unit lost -> counter 24 vs 14 -> [134, 79]
[15:13:45] {"kind": "action", "what": "attack_move", "name": null, "qty": null, "tid": null, "ts": "15:13:45"}
[15:13:47] t=5286 jev VEH HARV HOLD (预算保护 cash=35 aav帽=ok aav=1)
[15:13:49] t=5289 jev VEH HARV HOLD (预算保护 cash=35 aav帽=ok aav=1)
[15:13:51] t=5292 jev VEH HARV HOLD (预算保护 cash=35 aav帽=ok aav=1)
[15:13:53] t=5294 jev VEH HARV HOLD (预算保护 cash=35 aav帽=ok aav=1)
[15:13:55] t=5297 jev VEH HARV HOLD (预算保护 cash=35 aav帽=ok aav=1)
[15:13:55] t=5297 MOVE raid x1 -> (76,123); assault x1 -> 攻击目标#1062@(69,122); t=5297 SIEGE 清建筑 x1 -> #1062@(69,122)
[15:13:55] {"kind": "action", "what": "attack_move", "name": null, "qty": null, "tid": null, "ts": "15:13:55"}
[15:13:55] {"kind": "action", "what": "attack_obj", "name": null, "qty": null, "tid": 1062, "ts": "15:13:55"}
[15:13:57] t=5300 jev VEH HARV HOLD (预算保护 cash=35 aav帽=ok aav=1)
[15:13:59] t=5302 jev VEH HARV HOLD (预算保护 cash=35 aav帽=ok aav=1)
[15:14:01] t=5305 jev VEH HARV HOLD (预算保护 cash=35 aav帽=ok aav=1)
[15:14:01] t=5305 MOVE t=5305 SIEGE 清建筑 x1 -> #1062@(69,122); aahunt x1 -> (125,84)
[15:14:01] {"kind": "action", "what": "attack_move", "name": null, "qty": null, "tid": null, "ts": "15:14:01"}
[15:14:03] t=5308 jev VEH HARV HOLD (预算保护 cash=35 aav帽=ok aav=1)
[15:14:05] t=5311 jev VEH HARV HOLD (预算保护 cash=35 aav帽=ok aav=1)
[15:14:07] t=5313 jev VEH HARV HOLD (预算保护 cash=35 aav帽=ok aav=1)
[15:14:07] t=5313 MOVE assault x1 -> 攻击目标#1062@(69,122); t=5313 SIEGE 清建筑 x1 -> #1062@(69,122)
[15:14:07] {"kind": "action", "what": "attack_obj", "name": null, "qty": null, "tid": 1062, "ts": "15:14:07"}
[15:14:09] t=5316 jev VEH HARV HOLD (预算保护 cash=35 aav帽=ok aav=1)
[15:14:11] t=5319 jev VEH HARV HOLD (预算保护 cash=35 aav帽=ok aav=1)
[15:14:11] t=5321 HARASS DRON x2 (have 1)
[15:14:11] {"kind": "action", "what": "produce", "name": "DRON", "qty": 2, "tid": null, "ts": "15:14:11"}
[15:14:15] t=5324 MOVE raid x1 -> (76,123); t=5324 SIEGE 清建筑 x1 -> #1062@(69,122)
[15:14:15] {"kind": "action", "what": "attack_move", "name": null, "qty": null, "tid": null, "ts": "15:14:15"}
[15:14:15] t=5327 ESCORT 坦克#5941 -> 护航矿车@[120, 124]
[15:14:15] {"kind": "action", "what": "attack_move", "name": null, "qty": null, "tid": null, "ts": "15:14:15"}
[15:14:19] t=5330 jev VEH HARV HOLD (预算保护 cash=735 aav帽=ok aav=1)
[15:14:19] t=5330 MOVE assault x3 -> 攻击目标#1062@(69,122); t=5330 SIEGE 清建筑 x3 -> #1062@(69,122)
[15:14:19] {"kind": "action", "what": "attack_obj", "name": null, "qty": null, "tid": 1062, "ts": "15:14:19"}
[15:14:20] t=5333 TANK HTNK x2
[15:14:20] t=5333 DEBT-GATE HTNK x2 (debt=0 eff=1660 < 1800)
[15:14:21] t=5333 jev VEH HARV HOLD (预算保护 cash=1660 aav帽=ok aav=1)
[15:14:21] t=5333 MOVE t=5333 GHOST detected #1062@[69, 122] (集火150gs不倒, 拉黑); assault x3 -> (70,117)
[15:14:21] {"kind": "action", "what": "attack_move", "name": null, "qty": null, "tid": null, "ts": "15:14:21"}
[15:14:22] t=5335 TANK HTNK x2
[15:14:22] t=5335 DEBT-GATE HTNK x2 (debt=0 eff=1660 < 1800)
[15:14:23] t=5335 jev VEH HARV HOLD (预算保护 cash=1660 aav帽=ok aav=1)
[15:14:24] t=5338 TANK HTNK x2
[15:14:24] t=5338 DEBT-GATE HTNK x2 (debt=0 eff=1660 < 1800)
[15:14:25] t=5338 jev VEH HARV HOLD (预算保护 cash=1660 aav帽=ok aav=1)
[15:14:26] t=5341 ALARM unit lost -> counter 25 vs 14 -> [134, 79]
[15:14:26] {"kind": "action", "what": "attack_move", "name": null, "qty": null, "tid": null, "ts": "15:14:26"}
[15:14:26] t=5341 TANK HTNK x2
[15:14:26] t=5341 DEBT-GATE HTNK x2 (debt=0 eff=1660 < 1800)
[15:14:27] t=5341 jev VEH HARV HOLD (预算保护 cash=1660 aav帽=ok aav=1)
[15:14:28] t=5343 TANK HTNK x2
[15:14:28] t=5343 DEBT-GATE HTNK x2 (debt=0 eff=1660 < 1800)
[15:14:30] t=5343 jev VEH HARV HOLD (预算保护 cash=1660 aav帽=ok aav=1)
[15:14:30] t=5346 TANK HTNK x2
[15:14:30] t=5346 DEBT-GATE HTNK x2 (debt=0 eff=1660 < 1800)
[15:14:32] t=5346 jev VEH HARV HOLD (预算保护 cash=1660 aav帽=ok aav=1)
[15:14:32] t=5346 tick#2100 credits=1660 stance=defend | jev 2100 decisions p50=1767ms
[15:14:32] t=5349 TANK HTNK x2
[15:14:32] t=5349 DEBT-GATE HTNK x2 (debt=0 eff=1660 < 1800)
[15:14:34] t=5349 jev VEH HARV HOLD (预算保护 cash=1660 aav帽=ok aav=1)
[15:14:34] t=5352 TANK HTNK x2
[15:14:34] t=5352 DEBT-GATE HTNK x2 (debt=0 eff=1660 < 1800)
[15:14:36] t=5352 jev VEH HARV HOLD (预算保护 cash=1660 aav帽=ok aav=1)
[15:14:36] t=5352 MOVE raid x2 -> (76,123); assault x2 -> (70,117); hold_a x11 -> (133,86); aahunt x1 -> (125,84)
[15:14:36] {"kind": "action", "what": "attack_move", "name": null, "qty": null, "tid": null, "ts": "15:14:36"}
[15:14:36] {"kind": "action", "what": "attack_move", "name": null, "qty": null, "tid": null, "ts": "15:14:36"}
[15:14:36] {"kind": "action", "what": "attack_move", "name": null, "qty": null, "tid": null, "ts": "15:14:36"}
[15:14:36] {"kind": "action", "what": "attack_move", "name": null, "qty": null, "tid": null, "ts": "15:14:36"}
[15:14:36] t=5354 TANK HTNK x2
[15:14:36] t=5354 DEBT-GATE HTNK x2 (debt=0 eff=1735 < 1800)
[15:14:38] t=5354 jev VEH HARV HOLD (预算保护 cash=1735 aav帽=ok aav=1)
[15:14:38] t=5357 TANK HTNK x2
[15:14:38] t=5357 DEBT-GATE HTNK x2 (debt=0 eff=1735 < 1800)
[15:14:40] t=5357 jev VEH HARV HOLD (预算保护 cash=1735 aav帽=ok aav=1)
[15:14:40] t=5360 TANK HTNK x2
[15:14:40] t=5360 DEBT-GATE HTNK x2 (debt=0 eff=1735 < 1800)
[15:14:42] t=5360 jev VEH HARV HOLD (预算保护 cash=1735 aav帽=ok aav=1)
[15:14:42] t=5363 TANK HTNK x2
[15:14:42] {"kind": "action", "what": "produce", "name": "HTNK", "qty": 2, "tid": null, "ts": "15:14:42"}
[15:14:44] t=5363 MOVE hold_b x11 -> (126,75)
[15:14:44] {"kind": "action", "what": "attack_move", "name": null, "qty": null, "tid": null, "ts": "15:14:44"}
[15:14:46] t=5368 ESCORT 坦克#5961 -> 护航矿车@[101, 100]
[15:14:46] {"kind": "action", "what": "attack_move", "name": null, "qty": null, "tid": null, "ts": "15:14:46"}
[15:14:48] t=5368 MOVE assault x2 -> (70,117)
[15:14:48] {"kind": "action", "what": "attack_move", "name": null, "qty": null, "tid": null, "ts": "15:14:48"}
[15:14:56] t=5379 jev VEH HARV HOLD (预算保护 cash=385 aav帽=ok aav=1)
[15:14:56] t=5379 ATTACK (tanks=6)
[15:14:56] t=5379 MOVE raid x2 -> (76,123)
[15:14:56] {"kind": "action", "what": "attack_move", "name": null, "qty": null, "tid": null, "ts": "15:14:56"}
[15:14:58] t=5382 jev VEH HARV HOLD (预算保护 cash=385 aav帽=ok aav=1)
[15:15:00] t=5384 jev VEH HARV HOLD (预算保护 cash=385 aav帽=ok aav=1)
[15:15:00] t=5384 MOVE assault x4 -> (70,117)
[15:15:00] {"kind": "action", "what": "attack_move", "name": null, "qty": null, "tid": null, "ts": "15:15:00"}
[15:15:02] t=5387 jev VEH HARV HOLD (预算保护 cash=385 aav帽=ok aav=1)
[15:15:03] t=5390 ALARM unit lost -> 攻势保持（塔阵守家, 前线 26 个单位继续进攻）
[15:15:04] t=5390 jev VEH HARV HOLD (预算保护 cash=385 aav帽=ok aav=1)
[15:15:06] t=5393 jev VEH HARV HOLD (预算保护 cash=385 aav帽=ok aav=1)
[15:15:06] t=5393 MOVE aahunt x1 -> (125,84)
[15:15:06] {"kind": "action", "what": "attack_move", "name": null, "qty": null, "tid": null, "ts": "15:15:06"}
[15:15:07] t=5395 ALARM unit lost -> 攻势保持（塔阵守家, 前线 25 个单位继续进攻）
[15:15:08] t=5395 jev VEH HARV HOLD (预算保护 cash=385 aav帽=ok aav=1)
[15:15:10] t=5398 jev VEH HARV HOLD (预算保护 cash=385 aav帽=ok aav=1)
[15:15:13] t=5401 jev VEH HARV HOLD (预算保护 cash=385 aav帽=ok aav=1)
[15:15:13] t=5401 MOVE assault x2 -> (70,117)
[15:15:13] {"kind": "action", "what": "attack_move", "name": null, "qty": null, "tid": null, "ts": "15:15:13"}
[15:15:13] t=5404 HARASS DRON x2 (have 0)
[15:15:13] {"kind": "action", "what": "produce", "name": "DRON", "qty": 2, "tid": null, "ts": "15:15:13"}
[15:15:17] t=5409 ESCORT 坦克#5975 -> 护航矿车@[83, 74]
[15:15:17] {"kind": "action", "what": "attack_move", "name": null, "qty": null, "tid": null, "ts": "15:15:17"}
[15:15:19] t=5409 MOVE raid x1 -> (76,123)
[15:15:19] {"kind": "action", "what": "attack_move", "name": null, "qty": null, "tid": null, "ts": "15:15:19"}
[15:15:21] t=5412 jev VEH HARV HOLD (预算保护 cash=260 aav帽=ok aav=1)
[15:15:23] t=5415 jev VEH HARV HOLD (预算保护 cash=260 aav帽=ok aav=1)
[15:15:23] t=5415 tick#2125 credits=260 stance=attack | jev 2125 decisions p50=1767ms
[15:15:25] t=5417 jev VEH HARV HOLD (预算保护 cash=260 aav帽=ok aav=1)
[15:15:25] t=5417 MOVE assault x4 -> (70,117)
[15:15:25] {"kind": "action", "what": "attack_move", "name": null, "qty": null, "tid": null, "ts": "15:15:25"}
[15:15:27] t=5420 jev VEH HARV HOLD (预算保护 cash=260 aav帽=ok aav=1)
[15:15:29] t=5423 jev VEH HARV HOLD (预算保护 cash=260 aav帽=ok aav=1)
[15:15:31] t=5425 jev VEH HARV HOLD (预算保护 cash=260 aav帽=ok aav=1)
[15:15:33] t=5428 jev VEH HARV HOLD (预算保护 cash=260 aav帽=ok aav=1)
[15:15:35] t=5431 jev VEH HARV HOLD (预算保护 cash=260 aav帽=ok aav=1)
[15:15:37] t=5434 jev VEH HARV HOLD (预算保护 cash=635 aav帽=ok aav=1)
[15:15:37] t=5434 MOVE assault x4 -> (70,117); hold_a x11 -> (133,86); aahunt x1 -> (125,84)
[15:15:37] {"kind": "action", "what": "attack_move", "name": null, "qty": null, "tid": null, "ts": "15:15:37"}
[15:15:37] {"kind": "action", "what": "attack_move", "name": null, "qty": null, "tid": null, "ts": "15:15:37"}
[15:15:37] {"kind": "action", "what": "attack_move", "name": null, "qty": null, "tid": null, "ts": "15:15:37"}
[15:15:39] t=5436 jev VEH HARV HOLD (预算保护 cash=635 aav帽=ok aav=1)
[15:15:39] t=5436 MOVE raid x2 -> (76,123)
[15:15:39] {"kind": "action", "what": "attack_move", "name": null, "qty": null, "tid": null, "ts": "15:15:39"}
[15:15:41] t=5439 jev VEH HARV HOLD (预算保护 cash=635 aav帽=ok aav=1)
[15:15:43] t=5442 jev VEH HARV HOLD (预算保护 cash=635 aav帽=ok aav=1)
[15:15:45] t=5445 jev VEH HARV HOLD (预算保护 cash=635 aav帽=ok aav=1)
[15:15:45] t=5445 MOVE hold_b x11 -> (126,75)
[15:15:45] {"kind": "action", "what": "attack_move", "name": null, "qty": null, "tid": null, "ts": "15:15:45"}
[15:15:47] t=5447 jev VEH HARV HOLD (预算保护 cash=635 aav帽=ok aav=1)
[15:15:48] t=5450 ESCORT 坦克#5976 -> 护航矿车@[117, 128]
[15:15:48] {"kind": "action", "what": "attack_move", "name": null, "qty": null, "tid": null, "ts": "15:15:48"}
[15:15:49] t=5450 jev VEH HARV HOLD (预算保护 cash=635 aav帽=ok aav=1)
[15:15:49] t=5450 MOVE assault x4 -> (70,117)
[15:15:49] {"kind": "action", "what": "attack_move", "name": null, "qty": null, "tid": null, "ts": "15:15:49"}
[15:15:50] t=5453 ALARM unit lost -> 攻势保持（塔阵守家, 前线 26 个单位继续进攻）
[15:15:51] t=5453 jev VEH HARV HOLD (预算保护 cash=635 aav帽=ok aav=1)
[15:15:54] t=5455 jev VEH HARV HOLD (预算保护 cash=635 aav帽=ok aav=1)
[15:15:56] t=5458 jev VEH HARV HOLD (预算保护 cash=635 aav帽=ok aav=1)
[15:15:56] t=5461 ALARM unit lost -> 攻势保持（塔阵守家, 前线 24 个单位继续进攻）
[15:15:58] t=5461 jev VEH HARV HOLD (预算保护 cash=635 aav帽=ok aav=1)
[15:16:00] t=5464 jev VEH HARV HOLD (预算保护 cash=635 aav帽=ok aav=1)
[15:16:02] t=5466 jev VEH HARV HOLD (预算保护 cash=635 aav帽=ok aav=1)
[15:16:02] t=5466 MOVE assault x2 -> (70,117)
[15:16:02] {"kind": "action", "what": "attack_move", "name": null, "qty": null, "tid": null, "ts": "15:16:02"}
[15:16:04] t=5469 jev VEH HARV HOLD (预算保护 cash=635 aav帽=ok aav=1)
[15:16:06] t=5472 jev VEH HARV HOLD (预算保护 cash=635 aav帽=ok aav=1)
[15:16:06] t=5475 HARASS DRON x2 (have 0)
[15:16:06] {"kind": "action", "what": "produce", "name": "DRON", "qty": 2, "tid": null, "ts": "15:16:06"}
[15:16:08] t=5475 MOVE assault x2 -> 攻击目标#1079@(67,115); t=5475 SIEGE 清建筑 x2 -> #1079@(67,115); aahunt x1 -> (125,84)
[15:16:08] {"kind": "action", "what": "attack_obj", "name": null, "qty": null, "tid": 1079, "ts": "15:16:08"}
[15:16:08] {"kind": "action", "what": "attack_move", "name": null, "qty": null, "tid": null, "ts": "15:16:08"}
[15:16:08] t=5477 RETREAT HTNK(37%)
[15:16:08] {"kind": "action", "what": "move", "name": null, "qty": null, "tid": null, "ts": "15:16:08"}
[15:16:12] t=5480 MOVE raid x1 -> (76,123); t=5480 SIEGE 清建筑 x3 -> #1079@(67,115)
[15:16:12] {"kind": "action", "what": "attack_move", "name": null, "qty": null, "tid": null, "ts": "15:16:12"}
[15:16:14] t=5483 jev VEH HARV HOLD (预算保护 cash=135 aav帽=ok aav=1)
[15:16:14] t=5483 tick#2150 credits=135 stance=attack | jev 2150 decisions p50=1765ms
[15:16:15] t=5486 RETREAT HTNK(12%)
[15:16:15] {"kind": "action", "what": "move", "name": null, "qty": null, "tid": null, "ts": "15:16:15"}
[15:16:16] t=5486 jev VEH HARV HOLD (预算保护 cash=135 aav帽=ok aav=1)
[15:16:17] t=5489 ALARM unit lost -> 攻势保持（塔阵守家, 前线 25 个单位继续进攻）
[15:16:18] t=5489 jev VEH HARV HOLD (预算保护 cash=135 aav帽=ok aav=1)
[15:16:19] t=5491 TANK HTNK x2
[15:16:19] t=5491 ESCORT 坦克#5975 -> 护航矿车@[116, 135]
[15:16:19] t=5491 DEBT-GATE HTNK x2 (debt=0 eff=1260 < 1800)
[15:16:19] {"kind": "action", "what": "attack_move", "name": null, "qty": null, "tid": null, "ts": "15:16:19"}
[15:16:21] t=5491 jev VEH HARV HOLD (预算保护 cash=1260 aav帽=ok aav=1)
[15:16:21] t=5491 MOVE assault x3 -> 攻击目标#1079@(67,115); t=5491 SIEGE 清建筑 x3 -> #1079@(67,115)
[15:16:21] {"kind": "action", "what": "attack_obj", "name": null, "qty": null, "tid": 1079, "ts": "15:16:21"}
[15:16:21] t=5494 TANK HTNK x2
[15:16:21] t=5494 DEBT-GATE HTNK x2 (debt=0 eff=1260 < 1800)
[15:16:23] t=5494 jev VEH HARV HOLD (预算保护 cash=1260 aav帽=ok aav=1)
[15:16:23] t=5497 TANK HTNK x2
[15:16:23] t=5497 DEBT-GATE HTNK x2 (debt=0 eff=1260 < 1800)
[15:16:25] t=5497 jev VEH HARV HOLD (预算保护 cash=1260 aav帽=ok aav=1)
[15:16:25] t=5500 ALARM unit lost -> 攻势保持（塔阵守家, 前线 25 个单位继续进攻）
[15:16:25] t=5500 TANK HTNK x2
[15:16:25] t=5500 DEBT-GATE HTNK x2 (debt=0 eff=1260 < 1800)
[15:16:27] t=5500 jev VEH HARV HOLD (预算保护 cash=1260 aav帽=ok aav=1)
[15:16:27] t=5503 TANK HTNK x2
[15:16:27] t=5503 DEBT-GATE HTNK x2 (debt=0 eff=1260 < 1800)
[15:16:29] t=5503 jev VEH HARV HOLD (预算保护 cash=1260 aav帽=ok aav=1)
[15:16:29] t=5503 SIM STALL (time frozen) - skip actions
[15:16:30] t=5505 TANK HTNK x2
[15:16:30] t=5505 DEBT-GATE HTNK x2 (debt=0 eff=1260 < 1800)
[15:16:32] t=5505 jev VEH HARV HOLD (预算保护 cash=1260 aav帽=ok aav=1)
[15:16:32] t=5507 TANK HTNK x2
[15:16:32] t=5507 DEBT-GATE HTNK x2 (debt=0 eff=1260 < 1800)
[15:16:34] t=5507 jev VEH HARV HOLD (预算保护 cash=1260 aav帽=ok aav=1)
[15:16:34] t=5507 MOVE raid x2 -> (76,123); assault x2 -> 攻击目标#1079@(67,115); t=5507 SIEGE 清建筑 x2 -> #1079@(67,115)
[15:16:34] {"kind": "action", "what": "attack_move", "name": null, "qty": null, "tid": null, "ts": "15:16:34"}
[15:16:34] {"kind": "action", "what": "attack_obj", "name": null, "qty": null, "tid": 1079, "ts": "15:16:34"}
[15:16:34] t=5510 TANK HTNK x2
[15:16:34] t=5510 DEBT-GATE HTNK x2 (debt=0 eff=1260 < 1800)
[15:16:36] t=5510 jev VEH HARV HOLD (预算保护 cash=1260 aav帽=ok aav=1)
[15:16:36] t=5513 TANK HTNK x2
[15:16:36] t=5513 DEBT-GATE HTNK x2 (debt=0 eff=1260 < 1800)
[15:16:38] t=5513 jev VEH HARV HOLD (预算保护 cash=1260 aav帽=ok aav=1)
[15:16:38] t=5513 MOVE t=5513 SIEGE 清建筑 x2 -> #1079@(67,115); hold_a x11 -> (133,86); aahunt x1 -> (125,84)
[15:16:38] {"kind": "action", "what": "attack_move", "name": null, "qty": null, "tid": null, "ts": "15:16:38"}
[15:16:38] {"kind": "action", "what": "attack_move", "name": null, "qty": null, "tid": null, "ts": "15:16:38"}
[15:16:39] t=5516 TANK HTNK x2
[15:16:39] t=5516 DEBT-GATE HTNK x2 (debt=0 eff=1260 < 1800)
[15:16:40] t=5516 jev VEH HARV HOLD (预算保护 cash=1260 aav帽=ok aav=1)
[15:16:41] t=5518 TANK HTNK x2
[15:16:41] t=5518 DEBT-GATE HTNK x2 (debt=0 eff=1260 < 1800)
[15:16:42] t=5518 jev VEH HARV HOLD (预算保护 cash=1260 aav帽=ok aav=1)
[15:16:43] t=5521 TANK HTNK x2
[15:16:43] t=5521 DEBT-GATE HTNK x2 (debt=0 eff=1260 < 1800)
[15:16:44] t=5521 jev VEH HARV HOLD (预算保护 cash=1260 aav帽=ok aav=1)
[15:16:45] t=5524 ALARM unit lost -> 攻势保持（塔阵守家, 前线 23 个单位继续进攻）
[15:16:45] t=5524 HARASS DRON x2 (have 1)
[15:16:45] {"kind": "action", "what": "produce", "name": "DRON", "qty": 2, "tid": null, "ts": "15:16:45"}
[15:16:47] t=5524 MOVE assault x1 -> 攻击目标#1079@(67,115); t=5524 SIEGE 清建筑 x1 -> #1079@(67,115); hold_b x11 -> (126,75)
[15:16:47] {"kind": "action", "what": "attack_obj", "name": null, "qty": null, "tid": 1079, "ts": "15:16:47"}
[15:16:47] {"kind": "action", "what": "attack_move", "name": null, "qty": null, "tid": null, "ts": "15:16:47"}
[15:16:49] t=5530 ESCORT 坦克#6042 -> 护航矿车@[116, 135]
[15:16:49] {"kind": "action", "what": "attack_move", "name": null, "qty": null, "tid": null, "ts": "15:16:49"}
[15:16:51] t=5532 ALARM unit lost -> 攻势保持（塔阵守家, 前线 25 个单位继续进攻）
[15:16:53] t=5532 jev VEH HARV HOLD (预算保护 cash=460 aav帽=ok aav=1)
[15:16:55] t=5535 jev VEH HARV HOLD (预算保护 cash=460 aav帽=ok aav=1)
[15:16:55] t=5535 MOVE raid x2 -> (76,123); t=5535 SIEGE 清建筑 x2 -> #1079@(67,115)
[15:16:55] {"kind": "action", "what": "attack_move", "name": null, "qty": null, "tid": null, "ts": "15:16:55"}
[15:16:57] t=5538 jev VEH HARV HOLD (预算保护 cash=460 aav帽=ok aav=1)
[15:16:59] t=5541 jev VEH HARV HOLD (预算保护 cash=460 aav帽=ok aav=1)
[15:16:59] t=5541 MOVE assault x2 -> 攻击目标#1079@(67,115); t=5541 SIEGE 清建筑 x2 -> #1079@(67,115)
[15:16:59] {"kind": "action", "what": "attack_obj", "name": null, "qty": null, "tid": 1079, "ts": "15:16:59"}
[15:17:01] t=5543 jev VEH HARV HOLD (预算保护 cash=460 aav帽=ok aav=1)
[15:17:01] t=5546 TANK HTNK x1
[15:17:01] t=5546 DEBT-GATE HTNK x1 (debt=0 eff=835 < 900)
[15:17:03] t=5546 jev VEH HARV HOLD (预算保护 cash=835 aav帽=ok aav=1)
[15:17:03] t=5549 TANK HTNK x1
[15:17:03] t=5549 DEBT-GATE HTNK x1 (debt=0 eff=835 < 900)
[15:17:05] t=5549 jev VEH HARV HOLD (预算保护 cash=835 aav帽=ok aav=1)
[15:17:05] t=5549 tick#2175 credits=835 stance=attack | jev 2174 decisions p50=1765ms
[15:17:05] t=5552 TANK HTNK x1
[15:17:05] t=5552 DEBT-GATE HTNK x1 (debt=0 eff=835 < 900)
[15:17:07] t=5552 jev VEH HARV HOLD (预算保护 cash=835 aav帽=ok aav=1)
[15:17:07] t=5554 TANK HTNK x1
[15:17:07] t=5554 DEBT-GATE HTNK x1 (debt=0 eff=835 < 900)
[15:17:09] t=5554 jev VEH HARV HOLD (预算保护 cash=835 aav帽=ok aav=1)
[15:17:09] t=5554 MOVE t=5554 SIEGE 清建筑 x2 -> #1079@(67,115); aahunt x1 -> (125,84)
[15:17:09] {"kind": "action", "what": "attack_move", "name": null, "qty": null, "tid": null, "ts": "15:17:09"}
[15:17:10] t=5557 TANK HTNK x1
[15:17:10] t=5557 DEBT-GATE HTNK x1 (debt=0 eff=835 < 900)
[15:17:11] t=5557 jev VEH HARV HOLD (预算保护 cash=835 aav帽=ok aav=1)
[15:17:11] t=5557 MOVE assault x2 -> 攻击目标#1079@(67,115); t=5557 SIEGE 清建筑 x2 -> #1079@(67,115)
[15:17:11] {"kind": "action", "what": "attack_obj", "name": null, "qty": null, "tid": 1079, "ts": "15:17:11"}
[15:17:12] t=5560 TANK HTNK x1
[15:17:12] t=5560 DEBT-GATE HTNK x1 (debt=0 eff=835 < 900)
[15:17:13] t=5560 jev VEH HARV HOLD (预算保护 cash=835 aav帽=ok aav=1)
[15:17:14] t=5562 TANK HTNK x1
[15:17:14] t=5562 DEBT-GATE HTNK x1 (debt=0 eff=835 < 900)
[15:17:15] t=5562 jev VEH HARV HOLD (预算保护 cash=835 aav帽=ok aav=1)
[15:17:15] t=5562 MOVE raid x2 -> (76,123); t=5562 SIEGE 清建筑 x2 -> #1079@(67,115)
[15:17:15] {"kind": "action", "what": "attack_move", "name": null, "qty": null, "tid": null, "ts": "15:17:15"}
[15:17:16] t=5565 TANK HTNK x1
[15:17:16] t=5565 DEBT-GATE HTNK x1 (debt=0 eff=835 < 900)
[15:17:17] t=5565 jev VEH HARV HOLD (预算保护 cash=835 aav帽=ok aav=1)
[15:17:18] t=5568 TANK HTNK x1
[15:17:18] t=5568 DEBT-GATE HTNK x1 (debt=0 eff=835 < 900)
[15:17:19] t=5568 jev VEH HARV HOLD (预算保护 cash=835 aav帽=ok aav=1)
[15:17:20] t=5571 TANK HTNK x1
[15:17:20] t=5571 ESCORT 坦克#6084 -> 护航矿车@[84, 98]
[15:17:20] t=5571 DEBT-GATE HTNK x1 (debt=0 eff=835 < 900)
[15:17:20] {"kind": "action", "what": "attack_move", "name": null, "qty": null, "tid": null, "ts": "15:17:20"}
[15:17:21] t=5571 jev VEH HARV HOLD (预算保护 cash=835 aav帽=ok aav=1)
[15:17:22] t=5573 TANK HTNK x1
[15:17:22] t=5573 DEBT-GATE HTNK x1 (debt=0 eff=835 < 900)
[15:17:23] t=5573 jev VEH HARV HOLD (预算保护 cash=835 aav帽=ok aav=1)
[15:17:23] t=5573 MOVE assault x2 -> 攻击目标#1079@(67,115); t=5573 SIEGE 清建筑 x2 -> #1079@(67,115)
[15:17:24] {"kind": "action", "what": "attack_obj", "name": null, "qty": null, "tid": 1079, "ts": "15:17:24"}
[15:17:24] t=5576 TANK HTNK x1
[15:17:24] t=5576 DEBT-GATE HTNK x1 (debt=0 eff=835 < 900)
[15:17:26] t=5576 jev VEH HARV HOLD (预算保护 cash=835 aav帽=ok aav=1)
[15:17:26] t=5579 TANK HTNK x1
[15:17:26] t=5579 DEBT-GATE HTNK x1 (debt=0 eff=835 < 900)
[15:17:28] t=5579 jev VEH HARV HOLD (预算保护 cash=835 aav帽=ok aav=1)
[15:17:28] t=5581 TANK HTNK x1
[15:17:28] t=5581 DEBT-GATE HTNK x1 (debt=0 eff=835 < 900)
[15:17:30] t=5581 jev VEH HARV HOLD (预算保护 cash=835 aav帽=ok aav=1)
[15:17:30] t=5584 TANK HTNK x1
[15:17:30] t=5584 DEBT-GATE HTNK x1 (debt=0 eff=835 < 900)
[15:17:32] t=5584 jev VEH HARV HOLD (预算保护 cash=835 aav帽=ok aav=1)
[15:17:32] t=5587 TANK HTNK x1
[15:17:32] t=5587 DEBT-GATE HTNK x1 (debt=0 eff=835 < 900)
[15:17:34] t=5587 jev VEH HARV HOLD (预算保护 cash=835 aav帽=ok aav=1)
[15:17:34] t=5590 TANK HTNK x1
[15:17:34] t=5590 DEBT-GATE HTNK x1 (debt=0 eff=835 < 900)
[15:17:36] t=5590 jev VEH HARV HOLD (预算保护 cash=835 aav帽=ok aav=1)
[15:17:36] t=5590 MOVE raid x2 -> (76,123); assault x2 -> 攻击目标#1079@(67,115); t=5590 SIEGE 清建筑 x2 -> #1079@(67,115)
[15:17:36] {"kind": "action", "what": "attack_move", "name": null, "qty": null, "tid": null, "ts": "15:17:36"}
[15:17:36] {"kind": "action", "what": "attack_obj", "name": null, "qty": null, "tid": 1079, "ts": "15:17:36"}
[15:17:36] t=5592 TANK HTNK x1
[15:17:36] t=5592 DEBT-GATE HTNK x1 (debt=0 eff=835 < 900)
[15:17:38] t=5592 jev VEH HARV HOLD (预算保护 cash=835 aav帽=ok aav=1)
[15:17:38] t=5595 TANK HTNK x1
[15:17:38] t=5595 DEBT-GATE HTNK x1 (debt=0 eff=835 < 900)
[15:17:40] t=5595 jev VEH HARV HOLD (预算保护 cash=835 aav帽=ok aav=1)
[15:17:40] t=5595 MOVE t=5595 SIEGE 清建筑 x2 -> #1079@(67,115); hold_a x11 -> (133,86); aahunt x1 -> (125,84)
[15:17:40] {"kind": "action", "what": "attack_move", "name": null, "qty": null, "tid": null, "ts": "15:17:40"}
[15:17:40] {"kind": "action", "what": "attack_move", "name": null, "qty": null, "tid": null, "ts": "15:17:40"}
[15:17:40] t=5598 TANK HTNK x2
[15:17:40] t=5598 DEBT-GATE HTNK x2 (debt=0 eff=1585 < 1800)
[15:17:42] t=5598 jev VEH HARV HOLD (预算保护 cash=1585 aav帽=ok aav=1)
[15:17:42] t=5601 TANK HTNK x2
[15:17:42] t=5601 DEBT-GATE HTNK x2 (debt=0 eff=1585 < 1800)
[15:17:44] t=5601 jev VEH HARV HOLD (预算保护 cash=1585 aav帽=ok aav=1)
[15:17:44] t=5603 TANK HTNK x2
[15:17:44] t=5603 DEBT-GATE HTNK x2 (debt=0 eff=1585 < 1800)
[15:17:46] t=5603 jev VEH HARV HOLD (预算保护 cash=1585 aav帽=ok aav=1)
[15:17:46] t=5603 MOVE assault x2 -> 攻击目标#1046@(67,118); t=5603 SIEGE 清建筑 x2 -> #1046@(67,118)
[15:17:46] {"kind": "action", "what": "attack_obj", "name": null, "qty": null, "tid": 1046, "ts": "15:17:46"}
[15:17:46] t=5606 ALARM unit lost -> 攻势保持（塔阵守家, 前线 23 个单位继续进攻）
[15:17:46] t=5606 HARASS DRON x2 (have 1)
[15:17:46] {"kind": "action", "what": "produce", "name": "DRON", "qty": 2, "tid": null, "ts": "15:17:46"}
[15:17:48] t=5606 MOVE t=5606 SIEGE 清建筑 x1 -> #1046@(67,118); hold_b x11 -> (126,75)
[15:17:48] {"kind": "action", "what": "attack_move", "name": null, "qty": null, "tid": null, "ts": "15:17:48"}
[15:17:48] t=5609 ALARM unit lost -> 攻势保持（塔阵守家, 前线 23 个单位继续进攻）
[15:17:50] t=5609 RECOVER (only 2 tanks)
[15:17:52] t=5612 MOVE assault x1 -> 攻击目标#1079@(67,115); t=5612 SIEGE 清建筑 x1 -> #1079@(67,115)
[15:17:52] {"kind": "action", "what": "attack_obj", "name": null, "qty": null, "tid": 1079, "ts": "15:17:52"}
[15:17:52] t=5614 TANK HTNK x2
[15:17:52] t=5614 ESCORT 坦克#6111 -> 护航矿车@[87, 94]
[15:17:52] t=5614 DEBT-GATE HTNK x2 (debt=0 eff=1235 < 1800)
[15:17:52] {"kind": "action", "what": "attack_move", "name": null, "qty": null, "tid": null, "ts": "15:17:52"}
[15:17:54] t=5614 jev VEH HARV HOLD (预算保护 cash=1235 aav帽=ok aav=1)
[15:17:55] t=5617 TANK HTNK x2
[15:17:55] t=5617 DEBT-GATE HTNK x2 (debt=0 eff=1235 < 1800)
[15:17:56] t=5617 jev VEH HARV HOLD (预算保护 cash=1235 aav帽=ok aav=1)
[15:17:56] t=5617 MOVE raid x2 -> (76,123); t=5617 SIEGE 清建筑 x2 -> #1079@(67,115)
[15:17:56] {"kind": "action", "what": "attack_move", "name": null, "qty": null, "tid": null, "ts": "15:17:56"}
[15:17:56] t=5617 tick#2200 credits=1235 stance=recover | jev 2199 decisions p50=1764ms
[15:17:57] t=5620 TANK HTNK x2
[15:17:57] t=5620 DEBT-GATE HTNK x2 (debt=0 eff=1235 < 1800)
[15:17:58] t=5620 jev VEH HARV HOLD (预算保护 cash=1235 aav帽=ok aav=1)
[15:17:59] t=5623 TANK HTNK x2
[15:17:59] t=5623 DEBT-GATE HTNK x2 (debt=0 eff=1235 < 1800)
[15:18:00] t=5623 jev VEH HARV HOLD (预算保护 cash=1235 aav帽=ok aav=1)
[15:18:01] t=5625 TANK HTNK x2
[15:18:01] t=5625 DEBT-GATE HTNK x2 (debt=0 eff=1235 < 1800)
[15:18:02] t=5625 jev VEH HARV HOLD (预算保护 cash=1235 aav帽=ok aav=1)
[15:18:03] t=5628 TANK HTNK x2
[15:18:03] t=5628 DEBT-GATE HTNK x2 (debt=0 eff=1235 < 1800)
[15:18:04] t=5628 jev VEH HARV HOLD (预算保护 cash=1235 aav帽=ok aav=1)
[15:18:04] t=5628 MOVE t=5628 GHOST detected #1079@[67, 115] (集火150gs不倒, 拉黑); assault x2 -> 攻击目标#1046@(67,118); t=5628 SIEGE 清建筑 x2 -> #1046@(67,118)
[15:18:04] {"kind": "action", "what": "attack_obj", "name": null, "qty": null, "tid": 1046, "ts": "15:18:04"}
[15:18:05] t=5631 TANK HTNK x2
[15:18:05] t=5631 DEBT-GATE HTNK x2 (debt=0 eff=1235 < 1800)
[15:18:06] t=5631 jev VEH HARV HOLD (预算保护 cash=1235 aav帽=ok aav=1)
[15:18:07] t=5633 TANK HTNK x2
[15:18:07] t=5633 DEBT-GATE HTNK x2 (debt=0 eff=1235 < 1800)
[15:18:09] t=5633 jev VEH HARV HOLD (预算保护 cash=1235 aav帽=ok aav=1)
[15:18:09] t=5636 TANK HTNK x2
[15:18:09] t=5636 DEBT-GATE HTNK x2 (debt=0 eff=1235 < 1800)
[15:18:11] t=5636 jev VEH HARV HOLD (预算保护 cash=1235 aav帽=ok aav=1)
[15:18:11] t=5636 MOVE t=5636 SIEGE 清建筑 x2 -> #1046@(67,118); aahunt x1 -> (125,84)
[15:18:11] {"kind": "action", "what": "attack_move", "name": null, "qty": null, "tid": null, "ts": "15:18:11"}
[15:18:11] t=5639 TANK HTNK x2
[15:18:11] t=5639 DEBT-GATE HTNK x2 (debt=0 eff=1235 < 1800)
[15:18:13] t=5639 jev VEH HARV HOLD (预算保护 cash=1235 aav帽=ok aav=1)
[15:18:13] t=5642 TANK HTNK x2
[15:18:13] t=5642 DEBT-GATE HTNK x2 (debt=0 eff=1235 < 1800)
[15:18:15] t=5642 jev VEH HARV HOLD (预算保护 cash=1235 aav帽=ok aav=1)
[15:18:15] t=5644 TANK HTNK x2
[15:18:15] t=5644 DEBT-GATE HTNK x2 (debt=0 eff=1235 < 1800)
[15:18:17] t=5644 jev VEH HARV HOLD (预算保护 cash=1235 aav帽=ok aav=1)
[15:18:17] t=5644 MOVE raid x2 -> (76,123); assault x2 -> 攻击目标#1046@(67,118); t=5644 SIEGE 清建筑 x2 -> #1046@(67,118)
[15:18:17] {"kind": "action", "what": "attack_move", "name": null, "qty": null, "tid": null, "ts": "15:18:17"}
[15:18:17] {"kind": "action", "what": "attack_obj", "name": null, "qty": null, "tid": 1046, "ts": "15:18:17"}
[15:18:17] t=5647 TANK HTNK x2
[15:18:17] t=5647 DEBT-GATE HTNK x2 (debt=0 eff=1235 < 1800)
[15:18:19] t=5647 jev VEH HARV HOLD (预算保护 cash=1235 aav帽=ok aav=1)
[15:18:19] t=5650 TANK HTNK x2
[15:18:19] t=5650 DEBT-GATE HTNK x2 (debt=0 eff=1235 < 1800)
[15:18:21] t=5650 jev VEH HARV HOLD (预算保护 cash=1235 aav帽=ok aav=1)
[15:18:21] t=5652 TANK HTNK x2
[15:18:21] t=5652 DEBT-GATE HTNK x2 (debt=0 eff=1235 < 1800)
[15:18:23] t=5652 jev VEH HARV HOLD (预算保护 cash=1235 aav帽=ok aav=1)
[15:18:23] t=5655 ALARM unit lost -> counter 23 vs 17 -> [134, 79]
[15:18:23] {"kind": "action", "what": "attack_move", "name": null, "qty": null, "tid": null, "ts": "15:18:23"}
[15:18:23] t=5655 HARASS DRON x2 (have 1)
[15:18:23] {"kind": "action", "what": "produce", "name": "DRON", "qty": 2, "tid": null, "ts": "15:18:23"}
[15:18:29] t=5663 ESCORT 坦克#6128 -> 护航矿车@[117, 134]
[15:18:29] {"kind": "action", "what": "attack_move", "name": null, "qty": null, "tid": null, "ts": "15:18:29"}
[15:18:31] t=5663 jev VEH HARV HOLD (预算保护 cash=435 aav帽=ok aav=1)
[15:18:31] t=5663 MOVE assault x2 -> 攻击目标#1046@(67,118); t=5663 SIEGE 清建筑 x2 -> #1046@(67,118)
[15:18:31] {"kind": "action", "what": "attack_obj", "name": null, "qty": null, "tid": 1046, "ts": "15:18:31"}
[15:18:33] t=5666 jev VEH HARV HOLD (预算保护 cash=435 aav帽=ok aav=1)
[15:18:35] t=5669 jev VEH HARV HOLD (预算保护 cash=435 aav帽=ok aav=1)
[15:18:37] t=5672 jev VEH HARV HOLD (预算保护 cash=435 aav帽=ok aav=1)
[15:18:37] t=5672 MOVE raid x2 -> (76,123); t=5672 SIEGE 清建筑 x2 -> #1046@(67,118)
[15:18:37] {"kind": "action", "what": "attack_move", "name": null, "qty": null, "tid": null, "ts": "15:18:37"}
[15:18:39] t=5674 jev VEH HARV HOLD (预算保护 cash=435 aav帽=ok aav=1)
[15:18:40] t=5677 TANK HTNK x1
[15:18:40] t=5677 DEBT-GATE HTNK x1 (debt=0 eff=810 < 900)
[15:18:41] t=5677 jev VEH HARV HOLD (预算保护 cash=810 aav帽=ok aav=1)
[15:18:41] t=5677 MOVE t=5677 SIEGE 清建筑 x2 -> #1046@(67,118); hold_a x11 -> (133,86); aahunt x1 -> (125,84)
[15:18:41] {"kind": "action", "what": "attack_move", "name": null, "qty": null, "tid": null, "ts": "15:18:41"}
[15:18:41] {"kind": "action", "what": "attack_move", "name": null, "qty": null, "tid": null, "ts": "15:18:41"}
[15:18:42] t=5680 TANK HTNK x1
[15:18:42] t=5680 DEBT-GATE HTNK x1 (debt=0 eff=810 < 900)
[15:18:43] t=5680 jev VEH HARV HOLD (预算保护 cash=810 aav帽=ok aav=1)
[15:18:43] t=5680 MOVE assault x2 -> 攻击目标#1046@(67,118); t=5680 SIEGE 清建筑 x2 -> #1046@(67,118)
[15:18:43] {"kind": "action", "what": "attack_obj", "name": null, "qty": null, "tid": 1046, "ts": "15:18:43"}
[15:18:44] t=5683 TANK HTNK x1
[15:18:44] t=5683 DEBT-GATE HTNK x1 (debt=0 eff=810 < 900)
[15:18:46] t=5683 jev VEH HARV HOLD (预算保护 cash=810 aav帽=ok aav=1)
[15:18:46] t=5685 TANK HTNK x1
[15:18:46] t=5685 DEBT-GATE HTNK x1 (debt=0 eff=810 < 900)
[15:18:48] t=5685 jev VEH HARV HOLD (预算保护 cash=810 aav帽=ok aav=1)
[15:18:48] t=5685 tick#2225 credits=810 stance=defend | jev 2224 decisions p50=1761ms
[15:18:48] t=5688 TANK HTNK x1
[15:18:48] t=5688 DEBT-GATE HTNK x1 (debt=0 eff=810 < 900)
[15:18:50] t=5688 jev VEH HARV HOLD (预算保护 cash=810 aav帽=ok aav=1)
[15:18:50] t=5688 MOVE t=5688 SIEGE 清建筑 x2 -> #1046@(67,118); hold_b x11 -> (126,75)
[15:18:50] {"kind": "action", "what": "attack_move", "name": null, "qty": null, "tid": null, "ts": "15:18:50"}
[15:18:50] t=5691 TANK HTNK x1
[15:18:50] t=5691 DEBT-GATE HTNK x1 (debt=0 eff=810 < 900)
[15:18:52] t=5691 jev VEH HARV HOLD (预算保护 cash=810 aav帽=ok aav=1)
[15:18:52] t=5694 TANK HTNK x1
[15:18:52] t=5694 DEBT-GATE HTNK x1 (debt=0 eff=810 < 900)
[15:18:54] t=5694 jev VEH HARV HOLD (预算保护 cash=810 aav帽=ok aav=1)
[15:18:54] t=5696 TANK HTNK x1
[15:18:54] {"kind": "action", "what": "produce", "name": "HTNK", "qty": 1, "tid": null, "ts": "15:18:54"}
[15:18:56] t=5696 MOVE assault x2 -> 攻击目标#1046@(67,118); t=5696 SIEGE 清建筑 x2 -> #1046@(67,118)
[15:18:56] {"kind": "action", "what": "attack_obj", "name": null, "qty": null, "tid": 1046, "ts": "15:18:56"}
[15:18:58] t=5699 MOVE raid x2 -> (76,123); t=5699 SIEGE 清建筑 x2 -> #1046@(67,118)
[15:18:58] {"kind": "action", "what": "attack_move", "name": null, "qty": null, "tid": null, "ts": "15:18:58"}
[15:18:58] t=5702 ALARM unit lost -> counter 23 vs 17 -> [134, 79]
[15:18:58] {"kind": "action", "what": "attack_move", "name": null, "qty": null, "tid": null, "ts": "15:18:58"}
[15:19:02] t=5705 jev VEH HARV HOLD (预算保护 cash=60 aav帽=ok aav=1)
[15:19:02] t=5707 HARASS DRON x2 (have 0)
[15:19:02] {"kind": "action", "what": "produce", "name": "DRON", "qty": 2, "tid": null, "ts": "15:19:02"}
[15:19:06] t=5713 ESCORT 坦克#6146 -> 护航矿车@[115, 133]
[15:19:06] {"kind": "action", "what": "attack_move", "name": null, "qty": null, "tid": null, "ts": "15:19:06"}
[15:19:08] t=5713 MOVE assault x2 -> 攻击目标#1046@(67,118); t=5713 SIEGE 清建筑 x2 -> #1046@(67,118)
[15:19:08] {"kind": "action", "what": "attack_obj", "name": null, "qty": null, "tid": 1046, "ts": "15:19:08"}
[15:19:10] t=5716 jev VEH HARV HOLD (预算保护 cash=110 aav帽=ok aav=1)
[15:19:12] t=5718 jev VEH HARV HOLD (预算保护 cash=110 aav帽=ok aav=1)
[15:19:12] t=5718 MOVE t=5718 SIEGE 清建筑 x3 -> #1046@(67,118); aahunt x1 -> (125,84)
[15:19:12] {"kind": "action", "what": "attack_move", "name": null, "qty": null, "tid": null, "ts": "15:19:12"}
[15:19:14] t=5721 jev VEH HARV HOLD (预算保护 cash=110 aav帽=ok aav=1)
[15:19:16] t=5724 jev VEH HARV HOLD (预算保护 cash=110 aav帽=ok aav=1)
[15:19:18] t=5726 jev VEH HARV HOLD (预算保护 cash=110 aav帽=ok aav=1)
[15:19:18] t=5726 MOVE raid x2 -> (76,123); t=5726 SIEGE 清建筑 x3 -> #1046@(67,118)
[15:19:18] {"kind": "action", "what": "attack_move", "name": null, "qty": null, "tid": null, "ts": "15:19:18"}
[15:19:20] t=5729 jev VEH HARV HOLD (预算保护 cash=335 aav帽=ok aav=1)
[15:19:20] t=5729 MOVE assault x3 -> 攻击目标#1046@(67,118); t=5729 SIEGE 清建筑 x3 -> #1046@(67,118)
[15:19:20] {"kind": "action", "what": "attack_obj", "name": null, "qty": null, "tid": 1046, "ts": "15:19:20"}
[15:19:23] t=5732 jev VEH HARV HOLD (预算保护 cash=335 aav帽=ok aav=1)
[15:19:25] t=5735 jev VEH HARV HOLD (预算保护 cash=335 aav帽=ok aav=1)
[15:19:27] t=5737 jev VEH HARV HOLD (预算保护 cash=335 aav帽=ok aav=1)
[15:19:27] t=5740 TANK HTNK x2
[15:19:27] t=5740 DEBT-GATE HTNK x2 (debt=0 eff=1260 < 1800)
[15:19:29] t=5740 jev VEH HARV HOLD (预算保护 cash=1260 aav帽=ok aav=1)
[15:19:29] t=5743 TANK HTNK x2
[15:19:29] t=5743 DEBT-GATE HTNK x2 (debt=0 eff=1260 < 1800)
[15:19:31] t=5743 jev VEH HARV HOLD (预算保护 cash=1260 aav帽=ok aav=1)
[15:19:31] t=5746 TANK HTNK x2
[15:19:31] t=5746 DEBT-GATE HTNK x2 (debt=0 eff=1260 < 1800)
[15:19:33] t=5746 jev VEH HARV HOLD (预算保护 cash=1260 aav帽=ok aav=1)
[15:19:33] t=5746 MOVE assault x3 -> 攻击目标#1046@(67,118); t=5746 SIEGE 清建筑 x3 -> #1046@(67,118)
[15:19:33] {"kind": "action", "what": "attack_obj", "name": null, "qty": null, "tid": 1046, "ts": "15:19:33"}
[15:19:33] t=5748 TANK HTNK x2
[15:19:33] t=5748 DEBT-GATE HTNK x2 (debt=0 eff=1260 < 1800)
[15:19:35] t=5748 jev VEH HARV HOLD (预算保护 cash=1260 aav帽=ok aav=1)
[15:19:35] t=5751 TANK HTNK x2
[15:19:35] t=5751 DEBT-GATE HTNK x2 (debt=0 eff=1260 < 1800)
[15:19:37] t=5751 jev VEH HARV HOLD (预算保护 cash=1260 aav帽=ok aav=1)
[15:19:37] t=5754 TANK HTNK x2
[15:19:37] t=5754 ESCORT 坦克#6147 -> 护航矿车@[120, 121]
[15:19:37] t=5754 DEBT-GATE HTNK x2 (debt=0 eff=1260 < 1800)
[15:19:37] {"kind": "action", "what": "attack_move", "name": null, "qty": null, "tid": null, "ts": "15:19:37"}
[15:19:39] t=5754 jev VEH HARV HOLD (预算保护 cash=1260 aav帽=ok aav=1)
[15:19:39] t=5754 MOVE raid x2 -> (76,123); t=5754 GHOST detected #1046@[67, 118] (集火150gs不倒, 拉黑); assault x3 -> 攻击目标#1773@(66,121); t=5754 SIEGE 清建筑 x3 -> #1773@(66,121)
[15:19:39] {"kind": "action", "what": "attack_move", "name": null, "qty": null, "tid": null, "ts": "15:19:39"}
[15:19:39] {"kind": "action", "what": "attack_obj", "name": null, "qty": null, "tid": 1773, "ts": "15:19:39"}
[15:19:39] t=5754 tick#2250 credits=1260 stance=defend | jev 2249 decisions p50=1759ms
[15:19:39] t=5757 ALARM unit lost -> counter 25 vs 17 -> [134, 79]
[15:19:39] {"kind": "action", "what": "attack_move", "name": null, "qty": null, "tid": null, "ts": "15:19:39"}
[15:19:39] t=5757 HARASS DRON x2 (have 1)
[15:19:39] {"kind": "action", "what": "produce", "name": "DRON", "qty": 2, "tid": null, "ts": "15:19:39"}
[15:19:45] t=5765 TANK HTNK x1
[15:19:45] {"kind": "action", "what": "produce", "name": "HTNK", "qty": 1, "tid": null, "ts": "15:19:45"}
[15:19:47] t=5765 ATTACK (tanks=6)
[15:19:49] t=5768 MOVE t=5768 SIEGE 清建筑 x4 -> #1773@(66,121); hold_a x11 -> (133,86); aahunt x1 -> (125,84)
[15:19:49] {"kind": "action", "what": "attack_move", "name": null, "qty": null, "tid": null, "ts": "15:19:49"}
[15:19:49] {"kind": "action", "what": "attack_move", "name": null, "qty": null, "tid": null, "ts": "15:19:49"}
[15:19:49] t=5770 ALARM unit lost -> 攻势保持（塔阵守家, 前线 26 个单位继续进攻）
[15:19:51] t=5770 MOVE assault x3 -> 攻击目标#1773@(66,121); t=5770 SIEGE 清建筑 x3 -> #1773@(66,121); hold_b x11 -> (126,75)
[15:19:51] {"kind": "action", "what": "attack_obj", "name": null, "qty": null, "tid": 1773, "ts": "15:19:51"}
[15:19:51] {"kind": "action", "what": "attack_move", "name": null, "qty": null, "tid": null, "ts": "15:19:51"}
[15:19:53] t=5773 jev VEH HARV HOLD (预算保护 cash=10 aav帽=ok aav=1)
[15:19:56] t=5776 jev VEH HARV HOLD (预算保护 cash=10 aav帽=ok aav=1)
[15:19:58] t=5779 jev VEH HARV HOLD (预算保护 cash=10 aav帽=ok aav=1)
[15:20:00] t=5782 jev VEH HARV HOLD (预算保护 cash=10 aav帽=ok aav=1)
[15:20:00] t=5782 MOVE raid x2 -> (76,123); t=5782 SIEGE 清建筑 x4 -> #1773@(66,121)
[15:20:00] {"kind": "action", "what": "attack_move", "name": null, "qty": null, "tid": null, "ts": "15:20:00"}
[15:20:02] t=5784 jev VEH HARV HOLD (预算保护 cash=10 aav帽=ok aav=1)
[15:20:04] t=5787 jev VEH HARV HOLD (预算保护 cash=10 aav帽=ok aav=1)
[15:20:04] t=5787 MOVE assault x4 -> 攻击目标#1773@(66,121); t=5787 SIEGE 清建筑 x4 -> #1773@(66,121)
[15:20:04] {"kind": "action", "what": "attack_obj", "name": null, "qty": null, "tid": 1773, "ts": "15:20:04"}
[15:20:06] t=5790 jev VEH HARV HOLD (预算保护 cash=10 aav帽=ok aav=1)
[15:20:08] t=5793 jev VEH HARV HOLD (预算保护 cash=460 aav帽=ok aav=1)
[15:20:08] t=5795 ESCORT 坦克#6166 -> 护航矿车@[84, 98]
[15:20:08] {"kind": "action", "what": "attack_move", "name": null, "qty": null, "tid": null, "ts": "15:20:08"}
[15:20:10] t=5795 jev VEH HARV HOLD (预算保护 cash=460 aav帽=ok aav=1)
[15:20:10] t=5798 ALARM unit lost -> 攻势保持（塔阵守家, 前线 26 个单位继续进攻）
[15:20:12] t=5798 jev VEH HARV HOLD (预算保护 cash=460 aav帽=ok aav=1)
[15:20:14] t=5801 jev VEH HARV HOLD (预算保护 cash=460 aav帽=ok aav=1)
[15:20:16] t=5804 jev VEH HARV HOLD (预算保护 cash=460 aav帽=ok aav=1)
[15:20:16] t=5804 MOVE assault x3 -> 攻击目标#1773@(66,121); t=5804 SIEGE 清建筑 x3 -> #1773@(66,121)
[15:20:16] {"kind": "action", "what": "attack_obj", "name": null, "qty": null, "tid": 1773, "ts": "15:20:16"}
[15:20:18] t=5807 jev VEH HARV HOLD (预算保护 cash=460 aav帽=ok aav=1)
[15:20:19] t=5809 ALARM unit lost -> 攻势保持（塔阵守家, 前线 24 个单位继续进攻）
[15:20:19] t=5809 HARASS DRON x2 (have 0)
[15:20:19] {"kind": "action", "what": "produce", "name": "DRON", "qty": 2, "tid": null, "ts": "15:20:19"}
[15:20:21] t=5809 MOVE t=5809 SIEGE 清建筑 x1 -> #1773@(66,121); aahunt x1 -> (125,84)
[15:20:21] {"kind": "action", "what": "attack_move", "name": null, "qty": null, "tid": null, "ts": "15:20:21"}
[15:20:25] t=5815 MOVE raid x1 -> (76,123); t=5815 SIEGE 清建筑 x2 -> #1773@(66,121)
[15:20:25] {"kind": "action", "what": "attack_move", "name": null, "qty": null, "tid": null, "ts": "15:20:25"}
[15:20:27] t=5818 jev VEH HARV HOLD (预算保护 cash=335 aav帽=ok aav=1)
[15:20:29] t=5820 jev VEH HARV HOLD (预算保护 cash=335 aav帽=ok aav=1)
[15:20:29] t=5820 MOVE assault x3 -> 攻击目标#1773@(66,121); t=5820 SIEGE 清建筑 x3 -> #1773@(66,121)
[15:20:29] {"kind": "action", "what": "attack_obj", "name": null, "qty": null, "tid": 1773, "ts": "15:20:29"}
[15:20:31] t=5823 jev VEH HARV HOLD (预算保护 cash=335 aav帽=ok aav=1)
[15:20:31] t=5823 tick#2275 credits=335 stance=attack | jev 2274 decisions p50=1759ms
[15:20:33] t=5826 jev VEH HARV HOLD (预算保护 cash=335 aav帽=ok aav=1)
[15:20:35] t=5829 jev VEH HARV HOLD (预算保护 cash=335 aav帽=ok aav=1)
[15:20:37] t=5831 jev VEH HARV HOLD (预算保护 cash=335 aav帽=ok aav=1)
[15:20:39] t=5834 jev VEH HARV HOLD (预算保护 cash=335 aav帽=ok aav=1)
[15:20:39] t=5837 ESCORT 坦克#6182 -> 护航矿车@[120, 108]
[15:20:39] {"kind": "action", "what": "attack_move", "name": null, "qty": null, "tid": null, "ts": "15:20:39"}
[15:20:41] t=5837 jev VEH HARV HOLD (预算保护 cash=335 aav帽=ok aav=1)
[15:20:41] t=5837 MOVE assault x3 -> 攻击目标#1773@(66,121); t=5837 SIEGE 清建筑 x3 -> #1773@(66,121)
[15:20:41] {"kind": "action", "what": "attack_obj", "name": null, "qty": null, "tid": 1773, "ts": "15:20:41"}
[15:20:43] t=5839 jev VEH HARV HOLD (预算保护 cash=335 aav帽=ok aav=1)
[15:20:45] t=5842 jev VEH HARV HOLD (预算保护 cash=335 aav帽=ok aav=1)
[15:20:45] t=5842 MOVE raid x2 -> (76,123); t=5842 SIEGE 清建筑 x3 -> #1773@(66,121)
[15:20:45] {"kind": "action", "what": "attack_move", "name": null, "qty": null, "tid": null, "ts": "15:20:45"}
[15:20:47] t=5845 jev VEH HARV HOLD (预算保护 cash=335 aav帽=ok aav=1)
[15:20:49] t=5848 jev VEH HARV HOLD (预算保护 cash=335 aav帽=ok aav=1)
[15:20:49] t=5848 MOVE t=5848 SIEGE 清建筑 x3 -> #1773@(66,121); hold_a x11 -> (133,86)
[15:20:49] {"kind": "action", "what": "attack_move", "name": null, "qty": null, "tid": null, "ts": "15:20:49"}
[15:20:51] t=5850 jev VEH HARV HOLD (预算保护 cash=335 aav帽=ok aav=1)
[15:20:51] t=5850 MOVE t=5850 SIEGE 清建筑 x3 -> #1773@(66,121); aahunt x1 -> (125,84)
[15:20:51] {"kind": "action", "what": "attack_move", "name": null, "qty": null, "tid": null, "ts": "15:20:51"}
[15:20:53] t=5853 jev VEH HARV HOLD (预算保护 cash=335 aav帽=ok aav=1)
[15:20:53] t=5853 MOVE assault x3 -> 攻击目标#1773@(66,121); t=5853 SIEGE 清建筑 x3 -> #1773@(66,121); hold_b x11 -> (126,75)
[15:20:53] {"kind": "action", "what": "attack_obj", "name": null, "qty": null, "tid": 1773, "ts": "15:20:53"}
[15:20:53] {"kind": "action", "what": "attack_move", "name": null, "qty": null, "tid": null, "ts": "15:20:53"}
[15:20:55] t=5856 jev VEH HARV HOLD (预算保护 cash=335 aav帽=ok aav=1)
[15:20:56] t=5859 ALARM unit lost -> 攻势保持（塔阵守家, 前线 24 个单位继续进攻）
[15:20:57] t=5859 jev VEH HARV HOLD (预算保护 cash=335 aav帽=ok aav=1)
[15:20:57] t=5859 MOVE raid x1 -> (74,123); t=5859 SIEGE 清建筑 x2 -> #1773@(66,121)
[15:20:58] {"kind": "action", "what": "attack_move", "name": null, "qty": null, "tid": null, "ts": "15:20:58"}
[15:20:58] t=5861 ALARM unit lost -> 攻势保持（塔阵守家, 前线 24 个单位继续进攻）
[15:21:00] t=5861 jev VEH HARV HOLD (预算保护 cash=335 aav帽=ok aav=1)
[15:21:02] t=5864 jev VEH HARV HOLD (预算保护 cash=335 aav帽=ok aav=1)
[15:21:04] t=5867 jev VEH HARV HOLD (预算保护 cash=335 aav帽=ok aav=1)
[15:21:06] t=5870 jev VEH HARV HOLD (预算保护 cash=335 aav帽=ok aav=1)
[15:21:06] t=5870 MOVE assault x1 -> 攻击目标#1773@(66,121); t=5870 SIEGE 清建筑 x1 -> #1773@(66,121)
[15:21:06] {"kind": "action", "what": "attack_obj", "name": null, "qty": null, "tid": 1773, "ts": "15:21:06"}
[15:21:08] t=5872 jev VEH HARV HOLD (预算保护 cash=335 aav帽=ok aav=1)
[15:21:10] t=5875 jev VEH HARV HOLD (预算保护 cash=335 aav帽=ok aav=1)
[15:21:12] t=5878 jev VEH HARV HOLD (预算保护 cash=335 aav帽=ok aav=1)
[15:21:12] t=5881 ALARM unit lost -> 攻势保持（塔阵守家, 前线 23 个单位继续进攻）
[15:21:14] t=5881 jev VEH HARV HOLD (预算保护 cash=335 aav帽=ok aav=1)
[15:21:14] t=5881 RECOVER (only 2 tanks)
[15:21:16] t=5883 jev VEH HARV HOLD (预算保护 cash=335 aav帽=ok aav=1)
[15:21:18] t=5886 jev VEH HARV HOLD (预算保护 cash=335 aav帽=ok aav=1)
[15:21:20] t=5889 jev VEH HARV HOLD (预算保护 cash=335 aav帽=ok aav=1)
[15:21:22] t=5892 jev VEH HARV HOLD (预算保护 cash=335 aav帽=ok aav=1)
[15:21:22] t=5892 MOVE aahunt x1 -> (125,84)
[15:21:22] {"kind": "action", "what": "attack_move", "name": null, "qty": null, "tid": null, "ts": "15:21:22"}
[15:21:22] t=5892 tick#2300 credits=335 stance=recover | jev 2299 decisions p50=1759ms
[15:21:24] t=5894 jev VEH HARV HOLD (预算保护 cash=335 aav帽=ok aav=1)
[15:21:26] t=5897 jev VEH HARV HOLD (预算保护 cash=335 aav帽=ok aav=1)
[15:21:28] t=5900 jev VEH HARV HOLD (预算保护 cash=335 aav帽=ok aav=1)
[15:21:30] t=5902 jev VEH HARV HOLD (预算保护 cash=335 aav帽=ok aav=1)
[15:21:32] t=5905 jev VEH HARV HOLD (预算保护 cash=335 aav帽=ok aav=1)
[15:21:34] t=5908 jev VEH HARV HOLD (预算保护 cash=335 aav帽=ok aav=1)
[15:21:36] t=5910 jev VEH HARV HOLD (预算保护 cash=335 aav帽=ok aav=1)
[15:21:38] t=5913 jev VEH HARV HOLD (预算保护 cash=335 aav帽=ok aav=1)
[15:21:40] t=5916 jev VEH HARV HOLD (预算保护 cash=335 aav帽=ok aav=1)
[15:21:42] t=5919 jev VEH HARV HOLD (预算保护 cash=710 aav帽=ok aav=1)
[15:21:44] t=5921 jev VEH HARV HOLD (预算保护 cash=710 aav帽=ok aav=1)
[15:21:46] t=5924 jev VEH HARV HOLD (预算保护 cash=710 aav帽=ok aav=1)
[15:21:48] t=5927 jev VEH HARV HOLD (预算保护 cash=710 aav帽=ok aav=1)
[15:21:51] t=5929 jev VEH HARV HOLD (预算保护 cash=710 aav帽=ok aav=1)
[15:21:51] t=5929 MOVE hold_a x11 -> (133,86)
[15:21:51] {"kind": "action", "what": "attack_move", "name": null, "qty": null, "tid": null, "ts": "15:21:51"}
[15:21:53] t=5932 jev VEH HARV HOLD (预算保护 cash=710 aav帽=ok aav=1)
[15:21:53] t=5932 MOVE aahunt x1 -> (125,84)
[15:21:53] {"kind": "action", "what": "attack_move", "name": null, "qty": null, "tid": null, "ts": "15:21:53"}
[15:21:55] t=5935 jev VEH HARV HOLD (预算保护 cash=710 aav帽=ok aav=1)
[15:21:55] t=5935 MOVE hold_b x11 -> (126,75)
[15:21:55] {"kind": "action", "what": "attack_move", "name": null, "qty": null, "tid": null, "ts": "15:21:55"}
[15:21:57] t=5938 jev VEH HARV HOLD (预算保护 cash=710 aav帽=ok aav=1)
[15:21:57] t=5940 HARASS DRON x2 (have 0)
[15:21:57] {"kind": "action", "what": "produce", "name": "DRON", "qty": 2, "tid": null, "ts": "15:21:57"}
[15:22:03] t=5946 MOVE raid x1 -> (76,123); assault x1 -> (70,117)
[15:22:03] {"kind": "action", "what": "attack_move", "name": null, "qty": null, "tid": null, "ts": "15:22:03"}
[15:22:03] {"kind": "action", "what": "attack_move", "name": null, "qty": null, "tid": null, "ts": "15:22:03"}
[15:22:03] t=5949 TANK HTNK x1
[15:22:03] t=5949 ESCORT 坦克#6264 -> 护航矿车@[117, 133]
[15:22:03] t=5949 DEBT-GATE HTNK x1 (debt=0 eff=885 < 900)
[15:22:03] {"kind": "action", "what": "attack_move", "name": null, "qty": null, "tid": null, "ts": "15:22:03"}
[15:22:05] t=5949 jev VEH HARV HOLD (预算保护 cash=885 aav帽=ok aav=1)
[15:22:05] t=5952 TANK HTNK x1
[15:22:05] t=5952 DEBT-GATE HTNK x1 (debt=0 eff=885 < 900)
[15:22:07] t=5952 jev VEH HARV HOLD (预算保护 cash=885 aav帽=ok aav=1)
[15:22:07] t=5954 TANK HTNK x1
[15:22:07] t=5954 DEBT-GATE HTNK x1 (debt=0 eff=885 < 900)
[15:22:09] t=5954 jev VEH HARV HOLD (预算保护 cash=885 aav帽=ok aav=1)
[15:22:09] t=5957 TANK HTNK x1
[15:22:09] t=5957 DEBT-GATE HTNK x1 (debt=0 eff=885 < 900)
[15:22:11] t=5957 jev VEH HARV HOLD (预算保护 cash=885 aav帽=ok aav=1)
[15:22:12] t=5960 TANK HTNK x2
[15:22:12] t=5960 DEBT-GATE HTNK x2 (debt=0 eff=1360 < 1800)
[15:22:13] t=5960 jev VEH HARV HOLD (预算保护 cash=1360 aav帽=ok aav=1)
[15:22:13] t=5960 tick#2325 credits=1360 stance=recover | jev 2324 decisions p50=1758ms
[15:22:14] t=5962 TANK HTNK x2
[15:22:14] t=5962 DEBT-GATE HTNK x2 (debt=0 eff=1360 < 1800)
[15:22:15] t=5962 jev VEH HARV HOLD (预算保护 cash=1360 aav帽=ok aav=1)
[15:22:15] t=5962 MOVE assault x2 -> (70,117)
[15:22:15] {"kind": "action", "what": "attack_move", "name": null, "qty": null, "tid": null, "ts": "15:22:15"}
[15:22:16] t=5965 TANK HTNK x2
[15:22:16] t=5965 DEBT-GATE HTNK x2 (debt=0 eff=1360 < 1800)
[15:22:17] t=5965 jev VEH HARV HOLD (预算保护 cash=1360 aav帽=ok aav=1)
[15:22:18] t=5968 TANK HTNK x2
[15:22:18] t=5968 DEBT-GATE HTNK x2 (debt=0 eff=1360 < 1800)
[15:22:19] t=5968 jev VEH HARV HOLD (预算保护 cash=1360 aav帽=ok aav=1)
[15:22:20] t=5971 TANK HTNK x2
[15:22:20] t=5971 DEBT-GATE HTNK x2 (debt=0 eff=1360 < 1800)
[15:22:22] t=5971 jev VEH HARV HOLD (预算保护 cash=1360 aav帽=ok aav=1)
[15:22:22] t=5973 TANK HTNK x2
[15:22:22] t=5973 DEBT-GATE HTNK x2 (debt=0 eff=1360 < 1800)
[15:22:24] t=5973 jev VEH HARV HOLD (预算保护 cash=1360 aav帽=ok aav=1)
[15:22:24] t=5973 MOVE raid x2 -> (76,123); aahunt x1 -> (125,84)
[15:22:24] {"kind": "action", "what": "attack_move", "name": null, "qty": null, "tid": null, "ts": "15:22:24"}
[15:22:24] {"kind": "action", "what": "attack_move", "name": null, "qty": null, "tid": null, "ts": "15:22:24"}
[15:22:24] t=5976 TANK HTNK x2
[15:22:24] t=5976 DEBT-GATE HTNK x2 (debt=0 eff=1360 < 1800)
[15:22:26] t=5976 jev VEH HARV HOLD (预算保护 cash=1360 aav帽=ok aav=1)
[15:22:26] t=5979 TANK HTNK x2
[15:22:26] t=5979 DEBT-GATE HTNK x2 (debt=0 eff=1360 < 1800)
[15:22:28] t=5979 jev VEH HARV HOLD (预算保护 cash=1360 aav帽=ok aav=1)
[15:22:28] t=5979 MOVE assault x2 -> (70,117)
[15:22:28] {"kind": "action", "what": "attack_move", "name": null, "qty": null, "tid": null, "ts": "15:22:28"}
[15:22:28] t=5982 TANK HTNK x2
[15:22:28] {"kind": "action", "what": "produce", "name": "HTNK", "qty": 2, "tid": null, "ts": "15:22:28"}
[15:22:30] t=5984 ALARM unit lost -> counter 24 vs 16 -> [134, 79]
[15:22:30] {"kind": "action", "what": "attack_move", "name": null, "qty": null, "tid": null, "ts": "15:22:30"}
[15:22:34] t=5990 ESCORT 坦克#6265 -> 护航矿车@[119, 123]
[15:22:34] {"kind": "action", "what": "attack_move", "name": null, "qty": null, "tid": null, "ts": "15:22:34"}
[15:22:40] t=5995 MOVE assault x2 -> (70,117)
[15:22:40] {"kind": "action", "what": "attack_move", "name": null, "qty": null, "tid": null, "ts": "15:22:40"}
[15:22:42] t=5998 jev VEH HARV HOLD (预算保护 cash=435 aav帽=ok aav=1)
[15:22:44] t=6001 jev VEH HARV HOLD (预算保护 cash=435 aav帽=ok aav=1)
[15:22:44] t=6001 MOVE raid x1 -> (76,123)
[15:22:44] {"kind": "action", "what": "attack_move", "name": null, "qty": null, "tid": null, "ts": "15:22:44"}
[15:22:46] t=6003 jev VEH HARV HOLD (预算保护 cash=435 aav帽=ok aav=1)
[15:22:48] t=6006 jev VEH HARV HOLD (预算保护 cash=435 aav帽=ok aav=1)
[15:22:50] t=6009 jev VEH HARV HOLD (预算保护 cash=435 aav帽=ok aav=1)
[15:22:52] t=6012 jev VEH HARV HOLD (预算保护 cash=435 aav帽=ok aav=1)
[15:22:52] t=6012 MOVE assault x3 -> (70,117); hold_a x11 -> (133,86)
[15:22:52] {"kind": "action", "what": "attack_move", "name": null, "qty": null, "tid": null, "ts": "15:22:52"}
[15:22:52] {"kind": "action", "what": "attack_move", "name": null, "qty": null, "tid": null, "ts": "15:22:52"}
[15:22:54] t=6014 jev VEH HARV HOLD (预算保护 cash=435 aav帽=ok aav=1)
[15:22:54] t=6014 MOVE aahunt x1 -> (125,84)
[15:22:54] {"kind": "action", "what": "attack_move", "name": null, "qty": null, "tid": null, "ts": "15:22:54"}
[15:22:56] t=6017 jev VEH HARV HOLD (预算保护 cash=435 aav帽=ok aav=1)
[15:22:56] t=6017 MOVE hold_b x11 -> (126,75)
[15:22:56] {"kind": "action", "what": "attack_move", "name": null, "qty": null, "tid": null, "ts": "15:22:56"}
[15:22:58] t=6020 jev VEH HARV HOLD (预算保护 cash=435 aav帽=ok aav=1)
[15:22:59] t=6022 ALARM unit lost -> counter 25 vs 16 -> [134, 79]
[15:22:59] {"kind": "action", "what": "attack_move", "name": null, "qty": null, "tid": null, "ts": "15:22:59"}
[15:23:00] t=6022 jev VEH HARV HOLD (预算保护 cash=435 aav帽=ok aav=1)
[15:23:02] t=6025 jev VEH HARV HOLD (预算保护 cash=435 aav帽=ok aav=1)
[15:23:04] t=6028 jev VEH HARV HOLD (预算保护 cash=435 aav帽=ok aav=1)
[15:23:04] t=6028 tick#2350 credits=435 stance=defend | jev 2349 decisions p50=1755ms
[15:23:05] t=6031 ESCORT 坦克#6278 -> 护航矿车@[104, 90]
[15:23:05] {"kind": "action", "what": "attack_move", "name": null, "qty": null, "tid": null, "ts": "15:23:05"}
[15:23:06] t=6031 jev VEH HARV HOLD (预算保护 cash=435 aav帽=ok aav=1)
[15:23:08] t=6033 jev VEH HARV HOLD (预算保护 cash=435 aav帽=ok aav=1)
[15:23:08] t=6033 MOVE assault x2 -> (70,117)
[15:23:09] {"kind": "action", "what": "attack_move", "name": null, "qty": null, "tid": null, "ts": "15:23:09"}
[15:23:11] t=6036 jev VEH HARV HOLD (预算保护 cash=435 aav帽=ok aav=1)
[15:23:13] t=6039 jev VEH HARV HOLD (预算保护 cash=435 aav帽=ok aav=1)
[15:23:13] t=6042 HARASS DRON x2 (have 0)
[15:23:13] {"kind": "action", "what": "produce", "name": "DRON", "qty": 2, "tid": null, "ts": "15:23:13"}
[15:23:19] t=6047 MOVE raid x1 -> (76,123)
[15:23:19] {"kind": "action", "what": "attack_move", "name": null, "qty": null, "tid": null, "ts": "15:23:19"}
[15:23:19] t=6050 TANK HTNK x1
[15:23:19] {"kind": "action", "what": "produce", "name": "HTNK", "qty": 1, "tid": null, "ts": "15:23:19"}
[15:23:21] t=6050 ATTACK (tanks=6)
[15:23:21] t=6050 MOVE assault x4 -> (70,117)
[15:23:21] {"kind": "action", "what": "attack_move", "name": null, "qty": null, "tid": null, "ts": "15:23:21"}
[15:23:25] t=6055 MOVE aahunt x1 -> (125,84)
[15:23:25] {"kind": "action", "what": "attack_move", "name": null, "qty": null, "tid": null, "ts": "15:23:25"}
[15:23:27] t=6058 jev VEH HARV HOLD (预算保护 cash=10 aav帽=ok aav=1)
[15:23:29] t=6061 jev VEH HARV HOLD (预算保护 cash=10 aav帽=ok aav=1)
[15:23:31] t=6064 jev VEH HARV HOLD (预算保护 cash=10 aav帽=ok aav=1)
[15:23:33] t=6066 jev VEH HARV HOLD (预算保护 cash=10 aav帽=ok aav=1)
[15:23:33] t=6066 MOVE assault x5 -> (70,117)
[15:23:33] {"kind": "action", "what": "attack_move", "name": null, "qty": null, "tid": null, "ts": "15:23:33"}
[15:23:35] t=6069 jev VEH HARV HOLD (预算保护 cash=460 aav帽=ok aav=1)
[15:23:36] t=6072 ESCORT 坦克#6279 -> 护航矿车@[121, 102]
[15:23:36] {"kind": "action", "what": "attack_move", "name": null, "qty": null, "tid": null, "ts": "15:23:36"}
[15:23:37] t=6072 jev VEH HARV HOLD (预算保护 cash=460 aav帽=ok aav=1)
[15:23:39] t=6075 jev VEH HARV HOLD (预算保护 cash=460 aav帽=ok aav=1)
[15:23:39] t=6075 MOVE raid x2 -> (76,123)
[15:23:39] {"kind": "action", "what": "attack_move", "name": null, "qty": null, "tid": null, "ts": "15:23:39"}
[15:23:41] t=6077 jev VEH HARV HOLD (预算保护 cash=460 aav帽=ok aav=1)
[15:23:44] t=6080 jev VEH HARV HOLD (预算保护 cash=460 aav帽=ok aav=1)
[15:23:46] t=6083 jev VEH HARV HOLD (预算保护 cash=460 aav帽=ok aav=1)
[15:23:46] t=6083 MOVE assault x5 -> (70,117)
[15:23:46] {"kind": "action", "what": "attack_move", "name": null, "qty": null, "tid": null, "ts": "15:23:46"}
[15:23:48] t=6086 jev VEH HARV HOLD (预算保护 cash=460 aav帽=ok aav=1)
[15:23:50] t=6088 jev VEH HARV HOLD (预算保护 cash=460 aav帽=ok aav=1)
[15:23:52] t=6091 jev VEH HARV HOLD (预算保护 cash=460 aav帽=ok aav=1)
[15:23:52] t=6091 MOVE raid x2 -> (74,123)
[15:23:52] {"kind": "action", "what": "attack_move", "name": null, "qty": null, "tid": null, "ts": "15:23:52"}
[15:23:54] t=6094 jev VEH HARV HOLD (预算保护 cash=460 aav帽=ok aav=1)
[15:23:54] t=6094 MOVE hold_a x11 -> (133,86)
[15:23:54] {"kind": "action", "what": "attack_move", "name": null, "qty": null, "tid": null, "ts": "15:23:54"}
[15:23:54] t=6096 ALARM unit lost -> 攻势保持（塔阵守家, 前线 25 个单位继续进攻）
[15:23:54] t=6096 RETREAT HTNK(25%)
[15:23:54] {"kind": "action", "what": "move", "name": null, "qty": null, "tid": null, "ts": "15:23:54"}
[15:23:56] t=6096 jev VEH HARV HOLD (预算保护 cash=460 aav帽=ok aav=1)
[15:23:56] t=6096 MOVE aahunt x1 -> (125,84)
[15:23:56] {"kind": "action", "what": "attack_move", "name": null, "qty": null, "tid": null, "ts": "15:23:56"}
[15:23:56] t=6096 tick#2375 credits=460 stance=attack | jev 2374 decisions p50=1757ms
[15:23:56] t=6099 ALARM unit lost -> 攻势保持（塔阵守家, 前线 25 个单位继续进攻）
[15:23:58] t=6099 jev VEH HARV HOLD (预算保护 cash=460 aav帽=ok aav=1)
[15:23:58] t=6099 MOVE assault x3 -> (70,117); hold_b x11 -> (126,75)
[15:23:58] {"kind": "action", "what": "attack_move", "name": null, "qty": null, "tid": null, "ts": "15:23:58"}
[15:23:58] {"kind": "action", "what": "attack_move", "name": null, "qty": null, "tid": null, "ts": "15:23:58"}
[15:23:58] t=6102 ALARM unit lost -> 攻势保持（塔阵守家, 前线 25 个单位继续进攻）
[15:24:00] t=6102 jev VEH HARV HOLD (预算保护 cash=460 aav帽=ok aav=1)
[15:24:02] t=6105 jev VEH HARV HOLD (预算保护 cash=460 aav帽=ok aav=1)
[15:24:04] t=6108 jev VEH HARV HOLD (预算保护 cash=460 aav帽=ok aav=1)
[15:24:06] t=6110 jev VEH HARV HOLD (预算保护 cash=460 aav帽=ok aav=1)
[15:24:06] t=6110 MOVE raid x1 -> (75,123)
[15:24:06] {"kind": "action", "what": "attack_move", "name": null, "qty": null, "tid": null, "ts": "15:24:06"}
[15:24:07] t=6113 ALARM unit lost -> 攻势保持（塔阵守家, 前线 25 个单位继续进攻）
[15:24:07] t=6113 ESCORT 坦克#6297 -> 护航矿车@[117, 134]
[15:24:07] {"kind": "action", "what": "attack_move", "name": null, "qty": null, "tid": null, "ts": "15:24:07"}
[15:24:09] t=6113 jev VEH HARV HOLD (预算保护 cash=460 aav帽=ok aav=1)
[15:24:11] t=6116 jev VEH HARV HOLD (预算保护 cash=460 aav帽=ok aav=1)
[15:24:11] t=6116 MOVE assault x2 -> (70,117)
[15:24:11] {"kind": "action", "what": "attack_move", "name": null, "qty": null, "tid": null, "ts": "15:24:11"}
[15:24:13] t=6119 jev VEH HARV HOLD (预算保护 cash=460 aav帽=ok aav=1)
[15:24:15] t=6122 jev VEH HARV HOLD (预算保护 cash=460 aav帽=ok aav=1)
[15:24:17] t=6124 jev VEH HARV HOLD (预算保护 cash=460 aav帽=ok aav=1)
[15:24:19] t=6127 jev VEH HARV HOLD (预算保护 cash=460 aav帽=ok aav=1)
[15:24:21] t=6130 jev VEH HARV HOLD (预算保护 cash=460 aav帽=ok aav=1)
[15:24:23] t=6132 jev VEH HARV HOLD (预算保护 cash=460 aav帽=ok aav=1)
[15:24:23] t=6132 MOVE assault x2 -> (70,117)
[15:24:23] {"kind": "action", "what": "attack_move", "name": null, "qty": null, "tid": null, "ts": "15:24:23"}
[15:24:25] t=6135 jev VEH HARV HOLD (预算保护 cash=460 aav帽=ok aav=1)
[15:24:25] t=6138 RETREAT HTNK(37%)
[15:24:25] {"kind": "action", "what": "move", "name": null, "qty": null, "tid": null, "ts": "15:24:25"}
[15:24:27] t=6138 jev VEH HARV HOLD (预算保护 cash=460 aav帽=ok aav=1)
[15:24:27] t=6138 MOVE aahunt x1 -> (125,84)
[15:24:27] {"kind": "action", "what": "attack_move", "name": null, "qty": null, "tid": null, "ts": "15:24:27"}
[15:24:29] t=6141 jev VEH HARV HOLD (预算保护 cash=460 aav帽=ok aav=1)
[15:24:31] t=6143 jev VEH HARV HOLD (预算保护 cash=760 aav帽=ok aav=1)
[15:24:33] t=6146 jev VEH HARV HOLD (预算保护 cash=760 aav帽=ok aav=1)
[15:24:35] t=6149 jev VEH HARV HOLD (预算保护 cash=760 aav帽=ok aav=1)
[15:24:35] t=6149 MOVE assault x2 -> (70,117)
[15:24:35] {"kind": "action", "what": "attack_move", "name": null, "qty": null, "tid": null, "ts": "15:24:35"}
[15:24:35] t=6152 ALARM unit lost -> 攻势保持（塔阵守家, 前线 23 个单位继续进攻）
[15:24:37] t=6152 jev VEH HARV HOLD (预算保护 cash=760 aav帽=ok aav=1)
[15:24:39] t=6154 jev VEH HARV HOLD (预算保护 cash=760 aav帽=ok aav=1)
[15:24:41] t=6157 jev VEH HARV HOLD (预算保护 cash=760 aav帽=ok aav=1)
[15:24:43] t=6160 jev VEH HARV HOLD (预算保护 cash=760 aav帽=ok aav=1)
[15:24:45] t=6162 jev VEH HARV HOLD (预算保护 cash=760 aav帽=ok aav=1)
[15:24:47] t=6165 jev VEH HARV HOLD (预算保护 cash=760 aav帽=ok aav=1)
[15:24:47] t=6165 MOVE assault x1 -> (70,117)
[15:24:47] {"kind": "action", "what": "attack_move", "name": null, "qty": null, "tid": null, "ts": "15:24:47"}
[15:24:47] t=6165 tick#2400 credits=760 stance=attack | jev 2399 decisions p50=1759ms
[15:24:49] t=6168 jev VEH HARV HOLD (预算保护 cash=760 aav帽=ok aav=1)
[15:24:51] t=6170 jev VEH HARV HOLD (预算保护 cash=760 aav帽=ok aav=1)
[15:24:53] t=6173 jev VEH HARV HOLD (预算保护 cash=760 aav帽=ok aav=1)
[15:24:55] t=6176 jev VEH HARV HOLD (预算保护 cash=760 aav帽=ok aav=1)
[15:24:55] t=6176 MOVE hold_a x11 -> (133,86)
[15:24:55] {"kind": "action", "what": "attack_move", "name": null, "qty": null, "tid": null, "ts": "15:24:55"}
[15:24:57] t=6179 jev VEH HARV HOLD (预算保护 cash=760 aav帽=ok aav=1)
[15:24:57] t=6179 MOVE aahunt x1 -> (125,84)
[15:24:58] {"kind": "action", "what": "attack_move", "name": null, "qty": null, "tid": null, "ts": "15:24:58"}
[15:25:00] t=6181 jev VEH HARV HOLD (预算保护 cash=760 aav帽=ok aav=1)
[15:25:00] t=6181 MOVE assault x1 -> (70,117); hold_b x11 -> (126,75)
[15:25:00] {"kind": "action", "what": "attack_move", "name": null, "qty": null, "tid": null, "ts": "15:25:00"}
[15:25:00] {"kind": "action", "what": "attack_move", "name": null, "qty": null, "tid": null, "ts": "15:25:00"}
[15:25:00] t=6184 HARASS DRON x2 (have 0)
[15:25:00] {"kind": "action", "what": "produce", "name": "DRON", "qty": 2, "tid": null, "ts": "15:25:00"}
[15:25:04] t=6190 ESCORT 坦克#6297 -> 护航矿车@[117, 133]
[15:25:04] {"kind": "action", "what": "attack_move", "name": null, "qty": null, "tid": null, "ts": "15:25:04"}
[15:25:06] t=6190 MOVE raid x1 -> (76,123)
[15:25:06] {"kind": "action", "what": "attack_move", "name": null, "qty": null, "tid": null, "ts": "15:25:06"}
[15:25:08] t=6193 jev VEH HARV HOLD (预算保护 cash=710 aav帽=ok aav=1)
[15:25:10] t=6195 jev VEH HARV HOLD (预算保护 cash=710 aav帽=ok aav=1)
[15:25:12] t=6198 jev VEH HARV HOLD (预算保护 cash=710 aav帽=ok aav=1)
[15:25:12] t=6198 MOVE assault x3 -> (70,117)
[15:25:12] {"kind": "action", "what": "attack_move", "name": null, "qty": null, "tid": null, "ts": "15:25:12"}
[15:25:14] t=6201 jev VEH HARV HOLD (预算保护 cash=710 aav帽=ok aav=1)
[15:25:16] t=6204 jev VEH HARV HOLD (预算保护 cash=710 aav帽=ok aav=1)
[15:25:16] t=6206 TANK HTNK x1
[15:25:16] {"kind": "action", "what": "produce", "name": "HTNK", "qty": 1, "tid": null, "ts": "15:25:16"}
[15:25:24] t=6214 jev VEH HARV HOLD (预算保护 cash=210 aav帽=ok aav=1)
[15:25:24] t=6214 MOVE assault x4 -> (70,117)
[15:25:24] {"kind": "action", "what": "attack_move", "name": null, "qty": null, "tid": null, "ts": "15:25:24"}
[15:25:26] t=6217 jev VEH HARV HOLD (预算保护 cash=210 aav帽=ok aav=1)
[15:25:26] t=6217 MOVE raid x2 -> (76,123)
[15:25:26] {"kind": "action", "what": "attack_move", "name": null, "qty": null, "tid": null, "ts": "15:25:26"}
[15:25:28] t=6220 jev VEH HARV HOLD (预算保护 cash=210 aav帽=ok aav=1)
[15:25:28] t=6220 MOVE aahunt x1 -> (125,84)
[15:25:28] {"kind": "action", "what": "attack_move", "name": null, "qty": null, "tid": null, "ts": "15:25:28"}
[15:25:30] t=6223 jev VEH HARV HOLD (预算保护 cash=210 aav帽=ok aav=1)
[15:25:32] t=6225 jev VEH HARV HOLD (预算保护 cash=210 aav帽=ok aav=1)
[15:25:34] t=6228 jev VEH HARV HOLD (预算保护 cash=210 aav帽=ok aav=1)
[15:25:35] t=6231 ESCORT 坦克#6466 -> 护航矿车@[120, 106]
[15:25:35] {"kind": "action", "what": "attack_move", "name": null, "qty": null, "tid": null, "ts": "15:25:35"}
[15:25:37] t=6231 jev VEH HARV HOLD (预算保护 cash=210 aav帽=ok aav=1)
[15:25:37] t=6231 MOVE assault x4 -> (70,117)
[15:25:37] {"kind": "action", "what": "attack_move", "name": null, "qty": null, "tid": null, "ts": "15:25:37"}
[15:25:37] t=6233 ALARM unit lost -> 攻势保持（塔阵守家, 前线 24 个单位继续进攻）
[15:25:39] t=6233 jev VEH HARV HOLD (预算保护 cash=210 aav帽=ok aav=1)
[15:25:39] t=6233 tick#2425 credits=210 stance=attack | jev 2424 decisions p50=1759ms
[15:25:41] t=6236 jev VEH HARV HOLD (预算保护 cash=210 aav帽=ok aav=1)
[15:25:41] t=6236 MOVE raid x1 -> (75,123)
[15:25:41] {"kind": "action", "what": "attack_move", "name": null, "qty": null, "tid": null, "ts": "15:25:41"}
[15:25:41] t=6239 ALARM unit lost -> 攻势保持（塔阵守家, 前线 24 个单位继续进攻）
[15:25:43] t=6239 jev VEH HARV HOLD (预算保护 cash=210 aav帽=ok aav=1)
[15:25:45] t=6242 jev VEH HARV HOLD (预算保护 cash=210 aav帽=ok aav=1)
[15:25:47] t=6244 jev VEH HARV HOLD (预算保护 cash=510 aav帽=ok aav=1)
[15:25:49] t=6247 jev VEH HARV HOLD (预算保护 cash=510 aav帽=ok aav=1)
[15:25:49] t=6247 MOVE assault x2 -> (70,117)
[15:25:49] {"kind": "action", "what": "attack_move", "name": null, "qty": null, "tid": null, "ts": "15:25:49"}
[15:25:51] t=6250 jev VEH HARV HOLD (预算保护 cash=510 aav帽=ok aav=1)
[15:25:53] t=6253 jev VEH HARV HOLD (预算保护 cash=510 aav帽=ok aav=1)
[15:25:53] t=6255 HARASS DRON x2 (have 0)
[15:25:53] {"kind": "action", "what": "produce", "name": "DRON", "qty": 2, "tid": null, "ts": "15:25:53"}
[15:25:57] t=6258 MOVE hold_a x11 -> (133,86)
[15:25:57] {"kind": "action", "what": "attack_move", "name": null, "qty": null, "tid": null, "ts": "15:25:57"}
[15:25:59] t=6261 MOVE raid x1 -> (76,123); aahunt x1 -> (125,84)
[15:25:59] {"kind": "action", "what": "attack_move", "name": null, "qty": null, "tid": null, "ts": "15:25:59"}
[15:25:59] {"kind": "action", "what": "attack_move", "name": null, "qty": null, "tid": null, "ts": "15:25:59"}
[15:26:01] t=6263 jev VEH HARV HOLD (预算保护 cash=660 aav帽=ok aav=1)
[15:26:01] t=6263 MOVE assault x4 -> (70,117); hold_b x11 -> (126,75)
[15:26:01] {"kind": "action", "what": "attack_move", "name": null, "qty": null, "tid": null, "ts": "15:26:01"}
[15:26:01] {"kind": "action", "what": "attack_move", "name": null, "qty": null, "tid": null, "ts": "15:26:01"}
[15:26:03] t=6266 jev VEH HARV HOLD (预算保护 cash=660 aav帽=ok aav=1)
[15:26:05] t=6269 jev VEH HARV HOLD (预算保护 cash=660 aav帽=ok aav=1)
[15:26:05] t=6269 MOVE assault x4 -> (67,118)
[15:26:05] {"kind": "action", "what": "attack_move", "name": null, "qty": null, "tid": null, "ts": "15:26:05"}
[15:26:06] t=6272 ESCORT 坦克#6466 -> 护航矿车@[88, 100]
[15:26:06] {"kind": "action", "what": "attack_move", "name": null, "qty": null, "tid": null, "ts": "15:26:06"}
[15:26:07] t=6272 jev VEH HARV HOLD (预算保护 cash=660 aav帽=ok aav=1)
[15:26:10] t=6275 jev VEH HARV HOLD (预算保护 cash=660 aav帽=ok aav=1)
[15:26:12] t=6277 jev VEH HARV HOLD (预算保护 cash=660 aav帽=ok aav=1)
[15:26:12] t=6280 TANK HTNK x2
[15:26:12] t=6280 DEBT-GATE HTNK x2 (debt=0 eff=1410 < 1800)
[15:26:14] t=6280 jev VEH HARV HOLD (预算保护 cash=1410 aav帽=ok aav=1)
[15:26:14] t=6283 TANK HTNK x2
[15:26:14] t=6283 DEBT-GATE HTNK x2 (debt=0 eff=1410 < 1800)
[15:26:16] t=6283 jev VEH HARV HOLD (预算保护 cash=1410 aav帽=ok aav=1)
[15:26:16] t=6286 TANK HTNK x2
[15:26:16] t=6286 DEBT-GATE HTNK x2 (debt=0 eff=1410 < 1800)
[15:26:18] t=6286 jev VEH HARV HOLD (预算保护 cash=1410 aav帽=ok aav=1)
[15:26:18] t=6286 MOVE assault x4 -> (67,118)
[15:26:18] {"kind": "action", "what": "attack_move", "name": null, "qty": null, "tid": null, "ts": "15:26:18"}
[15:26:18] t=6289 TANK HTNK x2
[15:26:18] t=6289 DEBT-GATE HTNK x2 (debt=0 eff=1410 < 1800)
[15:26:20] t=6289 jev VEH HARV HOLD (预算保护 cash=1410 aav帽=ok aav=1)
[15:26:20] t=6289 MOVE raid x2 -> (76,123)
[15:26:20] {"kind": "action", "what": "attack_move", "name": null, "qty": null, "tid": null, "ts": "15:26:20"}
[15:26:20] t=6291 TANK HTNK x2
[15:26:20] t=6291 DEBT-GATE HTNK x2 (debt=0 eff=1410 < 1800)
[15:26:22] t=6291 jev VEH HARV HOLD (预算保护 cash=1410 aav帽=ok aav=1)
[15:26:22] t=6294 TANK HTNK x2
[15:26:22] t=6294 DEBT-GATE HTNK x2 (debt=0 eff=1410 < 1800)
[15:26:24] t=6294 jev VEH HARV HOLD (预算保护 cash=1410 aav帽=ok aav=1)
[15:26:24] t=6297 TANK HTNK x2
[15:26:24] t=6297 RETREAT HTNK(33%)
[15:26:24] t=6297 DEBT-GATE HTNK x2 (debt=0 eff=1410 < 1800)
[15:26:24] {"kind": "action", "what": "move", "name": null, "qty": null, "tid": null, "ts": "15:26:24"}
[15:26:26] t=6297 jev VEH HARV HOLD (预算保护 cash=1410 aav帽=ok aav=1)
[15:26:26] t=6300 TANK HTNK x2
[15:26:26] t=6300 DEBT-GATE HTNK x2 (debt=0 eff=1410 < 1800)
[15:26:28] t=6300 jev VEH HARV HOLD (预算保护 cash=1410 aav帽=ok aav=1)
[15:26:29] t=6302 TANK HTNK x2
[15:26:29] t=6302 DEBT-GATE HTNK x2 (debt=0 eff=1410 < 1800)
[15:26:30] t=6302 jev VEH HARV HOLD (预算保护 cash=1410 aav帽=ok aav=1)
[15:26:30] t=6302 MOVE assault x4 -> (67,118); aahunt x1 -> (125,84)
[15:26:30] {"kind": "action", "what": "attack_move", "name": null, "qty": null, "tid": null, "ts": "15:26:30"}
[15:26:30] {"kind": "action", "what": "attack_move", "name": null, "qty": null, "tid": null, "ts": "15:26:30"}
[15:26:30] t=6302 tick#2450 credits=1410 stance=attack | jev 2449 decisions p50=1760ms
[15:26:31] t=6305 TANK HTNK x2
[15:26:31] t=6305 DEBT-GATE HTNK x2 (debt=0 eff=1410 < 1800)
[15:26:32] t=6305 jev VEH HARV HOLD (预算保护 cash=1410 aav帽=ok aav=1)
[15:26:33] t=6308 ALARM unit lost -> 攻势保持（塔阵守家, 前线 23 个单位继续进攻）
[15:26:33] t=6308 HARASS DRON x2 (have 1)
[15:26:33] {"kind": "action", "what": "produce", "name": "DRON", "qty": 2, "tid": null, "ts": "15:26:33"}
[15:26:35] t=6311 ALARM unit lost -> 攻势保持（塔阵守家, 前线 23 个单位继续进攻）
[15:26:37] t=6314 ESCORT 坦克#6702 -> 护航矿车@[120, 115]
[15:26:37] t=6314 RETREAT HTNK(39%)
[15:26:37] {"kind": "action", "what": "attack_move", "name": null, "qty": null, "tid": null, "ts": "15:26:37"}
[15:26:37] {"kind": "action", "what": "move", "name": null, "qty": null, "tid": null, "ts": "15:26:37"}
[15:26:39] t=6317 TANK HTNK x1
[15:26:39] {"kind": "action", "what": "produce", "name": "HTNK", "qty": 1, "tid": null, "ts": "15:26:39"}
[15:26:41] t=6317 MOVE raid x2 -> (76,123)
[15:26:41] {"kind": "action", "what": "attack_move", "name": null, "qty": null, "tid": null, "ts": "15:26:41"}
[15:26:41] t=6319 ALARM unit lost -> 攻势保持（塔阵守家, 前线 25 个单位继续进攻）
[15:26:43] t=6319 MOVE assault x2 -> (67,118)
[15:26:43] {"kind": "action", "what": "attack_move", "name": null, "qty": null, "tid": null, "ts": "15:26:43"}
[15:26:47] t=6325 jev VEH HARV HOLD (预算保护 cash=160 aav帽=ok aav=1)
[15:26:50] t=6328 jev VEH HARV HOLD (预算保护 cash=160 aav帽=ok aav=1)
[15:26:52] t=6331 jev VEH HARV HOLD (预算保护 cash=160 aav帽=ok aav=1)
[15:26:54] t=6334 jev VEH HARV HOLD (预算保护 cash=160 aav帽=ok aav=1)
[15:26:56] t=6336 jev VEH HARV HOLD (预算保护 cash=160 aav帽=ok aav=1)
[15:26:56] t=6336 MOVE assault x3 -> (67,118)
[15:26:56] {"kind": "action", "what": "attack_move", "name": null, "qty": null, "tid": null, "ts": "15:26:56"}
[15:26:58] t=6339 jev VEH HARV HOLD (预算保护 cash=160 aav帽=ok aav=1)
[15:26:58] t=6339 MOVE hold_a x11 -> (133,86)
[15:26:58] {"kind": "action", "what": "attack_move", "name": null, "qty": null, "tid": null, "ts": "15:26:58"}
[15:27:00] t=6342 jev VEH HARV HOLD (预算保护 cash=160 aav帽=ok aav=1)
[15:27:02] t=6345 jev VEH HARV HOLD (预算保护 cash=160 aav帽=ok aav=1)
[15:27:02] t=6345 MOVE raid x2 -> (76,123); hold_b x11 -> (126,75); aahunt x1 -> (125,84)
[15:27:02] {"kind": "action", "what": "attack_move", "name": null, "qty": null, "tid": null, "ts": "15:27:02"}
[15:27:02] {"kind": "action", "what": "attack_move", "name": null, "qty": null, "tid": null, "ts": "15:27:02"}
[15:27:02] {"kind": "action", "what": "attack_move", "name": null, "qty": null, "tid": null, "ts": "15:27:02"}
[15:27:04] t=6348 jev VEH HARV HOLD (预算保护 cash=160 aav帽=ok aav=1)
[15:27:05] t=6351 ALARM unit lost -> 攻势保持（塔阵守家, 前线 24 个单位继续进攻）
[15:27:06] t=6351 jev VEH HARV HOLD (预算保护 cash=160 aav帽=ok aav=1)
[15:27:09] t=6353 jev VEH HARV HOLD (预算保护 cash=160 aav帽=ok aav=1)
[15:27:09] t=6353 MOVE assault x1 -> (67,118)
[15:27:09] {"kind": "action", "what": "attack_move", "name": null, "qty": null, "tid": null, "ts": "15:27:09"}
[15:27:11] t=6356 jev VEH HARV HOLD (预算保护 cash=160 aav帽=ok aav=1)
[15:27:13] t=6359 jev VEH HARV HOLD (预算保护 cash=160 aav帽=ok aav=1)
[15:27:15] t=6361 jev VEH HARV HOLD (预算保护 cash=160 aav帽=ok aav=1)
[15:27:17] t=6364 jev VEH HARV HOLD (预算保护 cash=160 aav帽=ok aav=1)
[15:27:19] t=6367 jev VEH HARV HOLD (预算保护 cash=160 aav帽=ok aav=1)
[15:27:21] t=6370 jev VEH HARV HOLD (预算保护 cash=160 aav帽=ok aav=1)
[15:27:21] t=6370 MOVE assault x1 -> (67,118)
[15:27:21] {"kind": "action", "what": "attack_move", "name": null, "qty": null, "tid": null, "ts": "15:27:21"}
[15:27:23] t=6372 jev VEH HARV HOLD (预算保护 cash=160 aav帽=ok aav=1)
[15:27:23] t=6372 tick#2475 credits=160 stance=attack | jev 2474 decisions p50=1759ms
[15:27:25] t=6375 jev VEH HARV HOLD (预算保护 cash=160 aav帽=ok aav=1)
[15:27:27] t=6378 jev VEH HARV HOLD (预算保护 cash=160 aav帽=ok aav=1)
[15:27:29] t=6380 jev VEH HARV HOLD (预算保护 cash=160 aav帽=ok aav=1)
[15:27:31] t=6383 jev VEH HARV HOLD (预算保护 cash=160 aav帽=ok aav=1)
[15:27:33] t=6386 jev VEH HARV HOLD (预算保护 cash=535 aav帽=ok aav=1)
[15:27:33] t=6386 MOVE assault x1 -> (67,118); aahunt x1 -> (125,84)
[15:27:33] {"kind": "action", "what": "attack_move", "name": null, "qty": null, "tid": null, "ts": "15:27:33"}
[15:27:33] {"kind": "action", "what": "attack_move", "name": null, "qty": null, "tid": null, "ts": "15:27:33"}
[15:27:35] t=6389 jev VEH HARV HOLD (预算保护 cash=535 aav帽=ok aav=1)
[15:27:37] t=6391 jev VEH HARV HOLD (预算保护 cash=535 aav帽=ok aav=1)
[15:27:39] t=6394 jev VEH HARV HOLD (预算保护 cash=535 aav帽=ok aav=1)
[15:27:41] t=6397 jev VEH HARV HOLD (预算保护 cash=535 aav帽=ok aav=1)
[15:27:43] t=6399 jev VEH HARV HOLD (预算保护 cash=535 aav帽=ok aav=1)
[15:27:45] t=6402 jev VEH HARV HOLD (预算保护 cash=535 aav帽=ok aav=1)
[15:27:45] t=6402 MOVE assault x1 -> (67,118)
[15:27:45] {"kind": "action", "what": "attack_move", "name": null, "qty": null, "tid": null, "ts": "15:27:45"}
[15:27:47] t=6405 jev VEH HARV HOLD (预算保护 cash=535 aav帽=ok aav=1)
[15:27:49] t=6408 jev VEH HARV HOLD (预算保护 cash=535 aav帽=ok aav=1)
[15:27:50] t=6411 ALARM enemy approaching -> RESCUE 预备队 3 人驰援远端 [108, 88]
[15:27:50] {"kind": "action", "what": "attack_move", "name": null, "qty": null, "tid": null, "ts": "15:27:50"}
[15:27:52] t=6411 jev VEH HARV HOLD (预算保护 cash=535 aav帽=ok aav=1)
[15:27:54] t=6413 jev VEH HARV HOLD (预算保护 cash=535 aav帽=ok aav=1)
[15:27:56] t=6416 jev VEH HARV HOLD (预算保护 cash=535 aav帽=ok aav=1)
[15:27:58] t=6419 jev VEH HARV HOLD (预算保护 cash=535 aav帽=ok aav=1)
[15:27:58] t=6419 MOVE assault x1 -> (67,118)
[15:27:58] {"kind": "action", "what": "attack_move", "name": null, "qty": null, "tid": null, "ts": "15:27:58"}
[15:27:58] t=6422 ALARM enemy approaching -> RESCUE 预备队 3 人驰援远端 [115, 87]
[15:27:58] {"kind": "action", "what": "attack_move", "name": null, "qty": null, "tid": null, "ts": "15:27:58"}
[15:28:00] t=6422 jev VEH HARV HOLD (预算保护 cash=535 aav帽=ok aav=1)
[15:28:02] t=6425 jev VEH HARV HOLD (预算保护 cash=535 aav帽=ok aav=1)
[15:28:02] t=6428 HARASS DRON x2 (have 0)
[15:28:02] t=6428 RETREAT E2(37%)
[15:28:02] {"kind": "action", "what": "produce", "name": "DRON", "qty": 2, "tid": null, "ts": "15:28:02"}
[15:28:02] {"kind": "action", "what": "move", "name": null, "qty": null, "tid": null, "ts": "15:28:02"}
[15:28:07] t=6431 MOVE hold_a x11 -> (133,86); hold_b x10 -> (126,75); aahunt x1 -> (125,84)
[15:28:07] {"kind": "action", "what": "attack_move", "name": null, "qty": null, "tid": null, "ts": "15:28:07"}
[15:28:07] {"kind": "action", "what": "attack_move", "name": null, "qty": null, "tid": null, "ts": "15:28:07"}
[15:28:07] {"kind": "action", "what": "attack_move", "name": null, "qty": null, "tid": null, "ts": "15:28:07"}
[15:28:07] t=6434 ALARM enemy approaching -> RESCUE 预备队 3 人驰援远端 [109, 87]
[15:28:07] {"kind": "action", "what": "attack_move", "name": null, "qty": null, "tid": null, "ts": "15:28:07"}
[15:28:07] t=6434 ESCORT 坦克#6736 -> 护航矿车@[117, 135]
[15:28:07] t=6434 RETREAT HTK(5%)
[15:28:07] t=6434 RETREAT E2(27%)
[15:28:07] {"kind": "action", "what": "attack_move", "name": null, "qty": null, "tid": null, "ts": "15:28:07"}
[15:28:07] {"kind": "action", "what": "move", "name": null, "qty": null, "tid": null, "ts": "15:28:07"}
[15:28:07] {"kind": "action", "what": "move", "name": null, "qty": null, "tid": null, "ts": "15:28:07"}
[15:28:09] t=6437 RETREAT FLAKT(13%)
[15:28:09] {"kind": "action", "what": "move", "name": null, "qty": null, "tid": null, "ts": "15:28:09"}
[15:28:11] t=6437 jev VEH HARV HOLD (预算保护 cash=110 aav帽=ok aav=0)
[15:28:13] t=6440 jev VEH HARV HOLD (预算保护 cash=110 aav帽=ok aav=0)
[15:28:15] t=6442 jev VEH HARV HOLD (预算保护 cash=110 aav帽=ok aav=0)
[15:28:15] t=6442 MOVE raid x2 -> (76,123); assault x3 -> (67,118)
[15:28:15] {"kind": "action", "what": "attack_move", "name": null, "qty": null, "tid": null, "ts": "15:28:15"}
[15:28:15] {"kind": "action", "what": "attack_move", "name": null, "qty": null, "tid": null, "ts": "15:28:15"}
[15:28:15] t=6442 tick#2500 credits=110 stance=attack | jev 2499 decisions p50=1762ms
[15:28:16] t=6445 ALARM enemy approaching -> 攻势保持（塔阵守家, 前线 19 个单位继续进攻）
[15:28:18] t=6445 jev VEH HARV HOLD (预算保护 cash=410 aav帽=ok aav=0)
[15:28:18] t=6448 ALARM enemy approaching -> 攻势保持（塔阵守家, 前线 19 个单位继续进攻）
[15:28:20] t=6448 jev VEH HARV HOLD (预算保护 cash=410 aav帽=ok aav=0)
[15:28:20] t=6451 ALARM enemy approaching -> 攻势保持（塔阵守家, 前线 19 个单位继续进攻）
[15:28:22] t=6451 jev VEH HARV HOLD (预算保护 cash=410 aav帽=ok aav=0)
[15:28:22] t=6454 ALARM enemy approaching -> 攻势保持（塔阵守家, 前线 19 个单位继续进攻）
[15:28:24] t=6454 jev VEH HARV HOLD (预算保护 cash=410 aav帽=ok aav=0)
[15:28:24] t=6456 ALARM unit lost -> 攻势保持（塔阵守家, 前线 18 个单位继续进攻）
[15:28:26] t=6456 jev VEH HARV HOLD (预算保护 cash=410 aav帽=ok aav=0)
[15:28:26] t=6459 ALARM unit lost -> 攻势保持（塔阵守家, 前线 17 个单位继续进攻）
[15:28:28] t=6459 jev VEH HARV HOLD (预算保护 cash=410 aav帽=ok aav=0)
[15:28:28] t=6459 RECOVER (only 2 tanks)
[15:28:28] t=6459 MOVE assault x1 -> (67,118)
[15:28:28] {"kind": "action", "what": "attack_move", "name": null, "qty": null, "tid": null, "ts": "15:28:28"}
[15:28:28] t=6462 ALARM enemy approaching -> counter 17 vs 12 -> [117, 87]
[15:28:28] {"kind": "action", "what": "attack_move", "name": null, "qty": null, "tid": null, "ts": "15:28:28"}
[15:28:28] t=6462 HARASS DRON x2 (have 0)
[15:28:29] {"kind": "action", "what": "produce", "name": "DRON", "qty": 2, "tid": null, "ts": "15:28:29"}
[15:28:37] t=6471 jev VEH HARV HOLD (预算保护 cash=85 aav帽=ok aav=0)
[15:28:37] t=6471 MOVE raid x2 -> (76,123)
[15:28:37] {"kind": "action", "what": "attack_move", "name": null, "qty": null, "tid": null, "ts": "15:28:37"}
[15:28:39] t=6473 jev VEH HARV HOLD (预算保护 cash=85 aav帽=ok aav=0)
[15:28:41] t=6476 jev VEH HARV HOLD (预算保护 cash=85 aav帽=ok aav=0)
[15:28:41] t=6476 MOVE assault x3 -> (67,118)
[15:28:41] {"kind": "action", "what": "attack_move", "name": null, "qty": null, "tid": null, "ts": "15:28:41"}
[15:28:43] t=6479 jev VEH HARV HOLD (预算保护 cash=85 aav帽=ok aav=0)
[15:28:45] t=6482 jev VEH HARV HOLD (预算保护 cash=85 aav帽=ok aav=0)
[15:28:47] t=6485 jev VEH HARV HOLD (预算保护 cash=85 aav帽=ok aav=0)
[15:28:49] t=6487 jev VEH HARV HOLD (预算保护 cash=85 aav帽=ok aav=0)
[15:28:51] t=6490 jev VEH HARV HOLD (预算保护 cash=85 aav帽=ok aav=0)
[15:28:53] t=6493 jev VEH HARV HOLD (预算保护 cash=85 aav帽=ok aav=0)
[15:28:53] t=6493 MOVE assault x3 -> (67,118)
[15:28:53] {"kind": "action", "what": "attack_move", "name": null, "qty": null, "tid": null, "ts": "15:28:53"}
[15:28:55] t=6495 jev VEH HARV HOLD (预算保护 cash=85 aav帽=ok aav=0)
[15:28:57] t=6498 jev VEH HARV HOLD (预算保护 cash=85 aav帽=ok aav=0)
[15:28:57] t=6498 MOVE raid x2 -> (76,123)
[15:28:57] {"kind": "action", "what": "attack_move", "name": null, "qty": null, "tid": null, "ts": "15:28:57"}
[15:28:57] t=6501 ESCORT 坦克#6924 -> 护航矿车@[107, 86]
[15:28:57] {"kind": "action", "what": "attack_move", "name": null, "qty": null, "tid": null, "ts": "15:28:57"}
[15:28:59] t=6501 jev VEH HARV HOLD (预算保护 cash=85 aav帽=ok aav=0)
[15:29:01] t=6504 jev VEH HARV HOLD (预算保护 cash=435 aav帽=ok aav=0)
[15:29:03] t=6506 jev VEH HARV HOLD (预算保护 cash=435 aav帽=ok aav=0)
[15:29:04] t=6509 ALARM unit lost -> counter 14 vs 11 -> [134, 79]
[15:29:04] {"kind": "action", "what": "attack_move", "name": null, "qty": null, "tid": null, "ts": "15:29:04"}
[15:29:04] t=6509 HARASS DRON x2 (have 1)
[15:29:04] {"kind": "action", "what": "produce", "name": "DRON", "qty": 2, "tid": null, "ts": "15:29:04"}
[15:29:07] t=6512 tick#2525 credits=1414 stance=defend | jev 2524 decisions p50=1765ms
[15:29:10] t=6517 TANK HTNK x2
[15:29:10] t=6517 DEBT-GATE HTNK x2 (debt=0 eff=1360 < 1800)
[15:29:11] t=6517 jev VEH HARV HOLD (预算保护 cash=1360 aav帽=ok aav=0)
[15:29:12] t=6520 TANK HTNK x2
[15:29:12] t=6520 DEBT-GATE HTNK x2 (debt=0 eff=1360 < 1800)
[15:29:13] t=6520 jev VEH HARV HOLD (预算保护 cash=1360 aav帽=ok aav=0)
[15:29:13] t=6520 MOVE assault x3 -> (67,118); hold_a x7 -> (133,86); hold_b x7 -> (126,75)
[15:29:13] {"kind": "action", "what": "attack_move", "name": null, "qty": null, "tid": null, "ts": "15:29:13"}
[15:29:14] {"kind": "action", "what": "attack_move", "name": null, "qty": null, "tid": null, "ts": "15:29:14"}
[15:29:14] {"kind": "action", "what": "attack_move", "name": null, "qty": null, "tid": null, "ts": "15:29:14"}
[15:29:14] t=6523 TANK HTNK x2
[15:29:14] t=6523 DEBT-GATE HTNK x2 (debt=0 eff=1360 < 1800)
[15:29:16] t=6523 jev VEH HARV HOLD (预算保护 cash=1360 aav帽=ok aav=0)
[15:29:16] t=6525 TANK HTNK x2
[15:29:16] t=6525 DEBT-GATE HTNK x2 (debt=0 eff=1360 < 1800)
[15:29:18] t=6525 jev VEH HARV HOLD (预算保护 cash=1360 aav帽=ok aav=0)
[15:29:18] t=6525 MOVE raid x2 -> (76,123)
[15:29:18] {"kind": "action", "what": "attack_move", "name": null, "qty": null, "tid": null, "ts": "15:29:18"}
[15:29:18] t=6528 TANK HTNK x2
[15:29:18] t=6528 DEBT-GATE HTNK x2 (debt=0 eff=1360 < 1800)
[15:29:20] t=6528 jev VEH HARV HOLD (预算保护 cash=1360 aav帽=ok aav=0)
[15:29:20] t=6531 TANK HTNK x2
[15:29:20] t=6531 DEBT-GATE HTNK x2 (debt=0 eff=1360 < 1800)
[15:29:22] t=6531 jev VEH HARV HOLD (预算保护 cash=1360 aav帽=ok aav=0)
[15:29:22] t=6534 TANK HTNK x2
[15:29:22] t=6534 DEBT-GATE HTNK x2 (debt=0 eff=1360 < 1800)
[15:29:24] t=6534 jev VEH HARV HOLD (预算保护 cash=1360 aav帽=ok aav=0)
[15:29:24] t=6536 TANK HTNK x2
[15:29:24] t=6536 DEBT-GATE HTNK x2 (debt=0 eff=1735 < 1800)
[15:29:26] t=6536 jev VEH HARV HOLD (预算保护 cash=1735 aav帽=ok aav=0)
[15:29:26] t=6536 MOVE assault x3 -> (67,118)
[15:29:26] {"kind": "action", "what": "attack_move", "name": null, "qty": null, "tid": null, "ts": "15:29:26"}
[15:29:26] t=6539 TANK HTNK x2
[15:29:26] t=6539 DEBT-GATE HTNK x2 (debt=0 eff=1735 < 1800)
[15:29:28] t=6539 jev VEH HARV HOLD (预算保护 cash=1735 aav帽=ok aav=0)
[15:29:28] t=6542 TANK HTNK x2
[15:29:28] t=6542 ESCORT 坦克#6964 -> 护航矿车@[120, 106]
[15:29:28] t=6542 DEBT-GATE HTNK x2 (debt=0 eff=1735 < 1800)
[15:29:28] {"kind": "action", "what": "attack_move", "name": null, "qty": null, "tid": null, "ts": "15:29:28"}
[15:29:30] t=6542 jev VEH HARV HOLD (预算保护 cash=1735 aav帽=ok aav=0)
[15:29:30] t=6545 TANK HTNK x2
[15:29:30] t=6545 DEBT-GATE HTNK x2 (debt=0 eff=1735 < 1800)
[15:29:32] t=6545 jev VEH HARV HOLD (预算保护 cash=1735 aav帽=ok aav=0)
[15:29:32] t=6547 TANK HTNK x2
[15:29:32] t=6547 DEBT-GATE HTNK x2 (debt=0 eff=1735 < 1800)
[15:29:34] t=6547 jev VEH HARV HOLD (预算保护 cash=1735 aav帽=ok aav=0)
[15:29:34] t=6550 TANK HTNK x2
[15:29:34] t=6550 DEBT-GATE HTNK x2 (debt=0 eff=1735 < 1800)
[15:29:36] t=6550 jev VEH HARV HOLD (预算保护 cash=1735 aav帽=ok aav=0)
[15:29:36] t=6553 TANK HTNK x2
[15:29:36] t=6553 DEBT-GATE HTNK x2 (debt=0 eff=1735 < 1800)
[15:29:38] t=6553 jev VEH HARV HOLD (预算保护 cash=1735 aav帽=ok aav=0)
[15:29:38] t=6553 MOVE raid x2 -> (76,123); assault x3 -> (67,118)
[15:29:38] {"kind": "action", "what": "attack_move", "name": null, "qty": null, "tid": null, "ts": "15:29:38"}
[15:29:38] {"kind": "action", "what": "attack_move", "name": null, "qty": null, "tid": null, "ts": "15:29:38"}
[15:29:38] t=6555 TANK HTNK x2
[15:29:38] t=6555 DEBT-GATE HTNK x2 (debt=0 eff=1735 < 1800)
[15:29:40] t=6555 jev VEH HARV HOLD (预算保护 cash=1735 aav帽=ok aav=0)
[15:29:40] t=6558 TANK HTNK x2
[15:29:40] t=6558 DEBT-GATE HTNK x2 (debt=0 eff=1735 < 1800)
[15:29:42] t=6558 jev VEH HARV HOLD (预算保护 cash=1735 aav帽=ok aav=0)
[15:29:42] t=6561 TANK HTNK x2
[15:29:42] t=6561 DEBT-GATE HTNK x2 (debt=0 eff=1735 < 1800)
[15:29:44] t=6561 jev VEH HARV HOLD (预算保护 cash=1735 aav帽=ok aav=0)
[15:29:44] t=6564 ALARM unit lost -> counter 15 vs 11 -> [134, 79]
[15:29:44] {"kind": "action", "what": "attack_move", "name": null, "qty": null, "tid": null, "ts": "15:29:44"}
[15:29:44] t=6564 HARASS DRON x2 (have 1)
[15:29:44] t=6564 TANK HTNK x1
[15:29:44] {"kind": "action", "what": "produce", "name": "DRON", "qty": 2, "tid": null, "ts": "15:29:44"}
[15:29:44] {"kind": "action", "what": "produce", "name": "HTNK", "qty": 1, "tid": null, "ts": "15:29:44"}
[15:29:54] t=6575 MOVE assault x4 -> (67,118)
[15:29:54] {"kind": "action", "what": "attack_move", "name": null, "qty": null, "tid": null, "ts": "15:29:54"}
[15:29:59] t=6580 jev VEH HARV HOLD (预算保护 cash=35 aav帽=ok aav=0)
[15:29:59] t=6580 ATTACK (tanks=6)
[15:29:59] t=6580 MOVE raid x3 -> (76,123)
[15:29:59] {"kind": "action", "what": "attack_move", "name": null, "qty": null, "tid": null, "ts": "15:29:59"}
[15:29:59] t=6580 tick#2550 credits=35 stance=attack | jev 2549 decisions p50=1763ms
[15:29:59] t=6583 ESCORT 坦克#6964 -> 护航矿车@[117, 134]
[15:29:59] {"kind": "action", "what": "attack_move", "name": null, "qty": null, "tid": null, "ts": "15:29:59"}
[15:30:01] t=6583 jev VEH HARV HOLD (预算保护 cash=35 aav帽=ok aav=0)
[15:30:01] t=6583 MOVE assault x5 -> (71,114)
[15:30:01] {"kind": "action", "what": "attack_move", "name": null, "qty": null, "tid": null, "ts": "15:30:01"}
[15:30:03] t=6586 jev VEH HARV HOLD (预算保护 cash=35 aav帽=ok aav=0)
[15:30:05] t=6588 jev VEH HARV HOLD (预算保护 cash=35 aav帽=ok aav=0)
[15:30:07] t=6591 jev VEH HARV HOLD (预算保护 cash=35 aav帽=ok aav=0)
[15:30:09] t=6594 jev VEH HARV HOLD (预算保护 cash=35 aav帽=ok aav=0)
[15:30:09] t=6597 RETREAT HTNK(38%)
[15:30:09] {"kind": "action", "what": "move", "name": null, "qty": null, "tid": null, "ts": "15:30:09"}
[15:30:11] t=6597 jev VEH HARV HOLD (预算保护 cash=35 aav帽=ok aav=0)
[15:30:13] t=6599 jev VEH HARV HOLD (预算保护 cash=35 aav帽=ok aav=0)
[15:30:13] t=6599 MOVE assault x5 -> (71,114)
[15:30:13] {"kind": "action", "what": "attack_move", "name": null, "qty": null, "tid": null, "ts": "15:30:13"}
[15:30:15] t=6602 jev VEH HARV HOLD (预算保护 cash=35 aav帽=ok aav=0)
[15:30:15] t=6602 MOVE hold_a x7 -> (133,86); hold_b x7 -> (126,75)
[15:30:15] {"kind": "action", "what": "attack_move", "name": null, "qty": null, "tid": null, "ts": "15:30:15"}
[15:30:15] {"kind": "action", "what": "attack_move", "name": null, "qty": null, "tid": null, "ts": "15:30:15"}
[15:30:17] t=6605 jev VEH HARV HOLD (预算保护 cash=35 aav帽=ok aav=0)
[15:30:19] t=6608 jev VEH HARV HOLD (预算保护 cash=335 aav帽=ok aav=0)
[15:30:19] t=6608 MOVE raid x3 -> (76,123)
[15:30:19] {"kind": "action", "what": "attack_move", "name": null, "qty": null, "tid": null, "ts": "15:30:19"}
[15:30:20] t=6611 ALARM unit lost -> 攻势保持（塔阵守家, 前线 15 个单位继续进攻）
[15:30:21] t=6611 jev VEH HARV HOLD (预算保护 cash=335 aav帽=ok aav=0)
[15:30:21] t=6611 MOVE raid x1 -> (75,123)
[15:30:22] {"kind": "action", "what": "attack_move", "name": null, "qty": null, "tid": null, "ts": "15:30:22"}
[15:30:24] t=6613 jev VEH HARV HOLD (预算保护 cash=335 aav帽=ok aav=0)
[15:30:24] t=6616 ALARM unit lost -> 攻势保持（塔阵守家, 前线 15 个单位继续进攻）
[15:30:26] t=6616 jev VEH HARV HOLD (预算保护 cash=335 aav帽=ok aav=0)
[15:30:26] t=6616 MOVE assault x2 -> (71,114)
[15:30:26] {"kind": "action", "what": "attack_move", "name": null, "qty": null, "tid": null, "ts": "15:30:26"}
[15:30:28] t=6619 jev VEH HARV HOLD (预算保护 cash=335 aav帽=ok aav=0)
[15:30:30] t=6622 jev VEH HARV HOLD (预算保护 cash=335 aav帽=ok aav=0)
[15:30:32] t=6624 jev VEH HARV HOLD (预算保护 cash=335 aav帽=ok aav=0)
[15:30:34] t=6627 jev VEH HARV HOLD (预算保护 cash=335 aav帽=ok aav=0)
[15:30:36] t=6630 jev VEH HARV HOLD (预算保护 cash=335 aav帽=ok aav=0)
[15:30:38] t=6633 jev VEH HARV HOLD (预算保护 cash=335 aav帽=ok aav=0)
[15:30:38] t=6633 MOVE assault x2 -> (71,114)
[15:30:38] {"kind": "action", "what": "attack_move", "name": null, "qty": null, "tid": null, "ts": "15:30:38"}
[15:30:38] t=6635 ALARM unit lost -> 攻势保持（塔阵守家, 前线 15 个单位继续进攻）
[15:30:40] t=6635 jev VEH HARV HOLD (预算保护 cash=335 aav帽=ok aav=0)
[15:30:40] t=6635 RECOVER (only 2 tanks)
[15:30:42] t=6638 jev VEH HARV HOLD (预算保护 cash=335 aav帽=ok aav=0)
[15:30:44] t=6641 jev VEH HARV HOLD (预算保护 cash=335 aav帽=ok aav=0)
[15:30:46] t=6644 jev VEH HARV HOLD (预算保护 cash=335 aav帽=ok aav=0)
[15:30:48] t=6646 jev VEH HARV HOLD (预算保护 cash=335 aav帽=ok aav=0)
[15:30:50] t=6649 jev VEH HARV HOLD (预算保护 cash=710 aav帽=ok aav=0)
[15:30:50] t=6649 MOVE assault x1 -> (71,114)
[15:30:50] {"kind": "action", "what": "attack_move", "name": null, "qty": null, "tid": null, "ts": "15:30:50"}
[15:30:50] t=6649 tick#2575 credits=710 stance=recover | jev 2574 decisions p50=1763ms
[15:30:52] t=6652 jev VEH HARV HOLD (预算保护 cash=710 aav帽=ok aav=0)
[15:30:54] t=6655 jev VEH HARV HOLD (预算保护 cash=710 aav帽=ok aav=0)
[15:30:57] t=6657 jev VEH HARV HOLD (预算保护 cash=710 aav帽=ok aav=0)
[15:30:59] t=6660 jev VEH HARV HOLD (预算保护 cash=710 aav帽=ok aav=0)
[15:31:01] t=6663 jev VEH HARV HOLD (预算保护 cash=710 aav帽=ok aav=0)
[15:31:03] t=6665 jev VEH HARV HOLD (预算保护 cash=710 aav帽=ok aav=0)
[15:31:03] t=6665 MOVE assault x1 -> (71,114)
[15:31:03] {"kind": "action", "what": "attack_move", "name": null, "qty": null, "tid": null, "ts": "15:31:03"}
[15:31:05] t=6668 jev VEH HARV HOLD (预算保护 cash=710 aav帽=ok aav=0)
[15:31:07] t=6671 jev VEH HARV HOLD (预算保护 cash=710 aav帽=ok aav=0)
[15:31:08] t=6673 jev VEH HARV HOLD (预算保护 cash=710 aav帽=ok aav=0)
[15:31:11] t=6676 jev VEH HARV HOLD (预算保护 cash=710 aav帽=ok aav=0)
[15:31:13] t=6679 jev VEH HARV HOLD (预算保护 cash=710 aav帽=ok aav=0)
[15:31:15] t=6682 jev VEH HARV HOLD (预算保护 cash=710 aav帽=ok aav=0)
[15:31:15] t=6682 MOVE assault x1 -> (71,114)
[15:31:15] {"kind": "action", "what": "attack_move", "name": null, "qty": null, "tid": null, "ts": "15:31:15"}
[15:31:17] t=6684 jev VEH HARV HOLD (预算保护 cash=710 aav帽=ok aav=0)
[15:31:17] t=6684 MOVE hold_a x7 -> (133,86); hold_b x7 -> (126,75)
[15:31:17] {"kind": "action", "what": "attack_move", "name": null, "qty": null, "tid": null, "ts": "15:31:17"}
[15:31:17] {"kind": "action", "what": "attack_move", "name": null, "qty": null, "tid": null, "ts": "15:31:17"}
[15:31:19] t=6687 jev VEH HARV HOLD (预算保护 cash=710 aav帽=ok aav=0)
[15:31:21] t=6690 jev VEH HARV HOLD (预算保护 cash=710 aav帽=ok aav=0)
[15:31:23] t=6693 jev VEH HARV HOLD (预算保护 cash=710 aav帽=ok aav=0)
[15:31:25] t=6695 jev VEH HARV HOLD (预算保护 cash=710 aav帽=ok aav=0)
[15:31:27] t=6698 jev VEH HARV HOLD (预算保护 cash=710 aav帽=ok aav=0)
[15:31:27] t=6698 MOVE assault x1 -> (71,114)
[15:31:27] {"kind": "action", "what": "attack_move", "name": null, "qty": null, "tid": null, "ts": "15:31:27"}
[15:31:29] t=6701 jev VEH HARV HOLD (预算保护 cash=710 aav帽=ok aav=0)
[15:31:31] t=6704 jev VEH HARV HOLD (预算保护 cash=710 aav帽=ok aav=0)
[15:31:33] t=6706 jev VEH HARV HOLD (预算保护 cash=710 aav帽=ok aav=0)
[15:31:35] t=6709 jev VEH HARV HOLD (预算保护 cash=710 aav帽=ok aav=0)
[15:31:37] t=6712 jev VEH HARV HOLD (预算保护 cash=710 aav帽=ok aav=0)
[15:31:39] t=6714 jev VEH HARV HOLD (预算保护 cash=710 aav帽=ok aav=0)
[15:31:39] t=6714 MOVE assault x1 -> (71,114)
[15:31:39] {"kind": "action", "what": "attack_move", "name": null, "qty": null, "tid": null, "ts": "15:31:39"}
[15:31:40] t=6717 HARASS DRON x2 (have 0)
[15:31:40] {"kind": "action", "what": "produce", "name": "DRON", "qty": 2, "tid": null, "ts": "15:31:40"}
[15:31:41] t=6717 tick#2600 credits=1085 stance=recover | jev 2599 decisions p50=1763ms
[15:31:45] t=6723 MOVE raid x1 -> (76,123)
[15:31:45] {"kind": "action", "what": "attack_move", "name": null, "qty": null, "tid": null, "ts": "15:31:45"}
[15:31:46] t=6725 ESCORT 坦克#6995 -> 护航矿车@[87, 94]
[15:31:46] {"kind": "action", "what": "attack_move", "name": null, "qty": null, "tid": null, "ts": "15:31:46"}
[15:31:48] t=6725 jev VEH HARV HOLD (预算保护 cash=285 aav帽=ok aav=0)
[15:31:48] t=6728 RETREAT HTNK(37%)
[15:31:48] {"kind": "action", "what": "move", "name": null, "qty": null, "tid": null, "ts": "15:31:48"}
[15:31:50] t=6728 jev VEH HARV HOLD (预算保护 cash=285 aav帽=ok aav=0)
[15:31:50] t=6731 TANK HTNK x1
[15:31:50] {"kind": "action", "what": "produce", "name": "HTNK", "qty": 1, "tid": null, "ts": "15:31:50"}
[15:31:52] t=6731 MOVE assault x3 -> (71,114)
[15:31:52] {"kind": "action", "what": "attack_move", "name": null, "qty": null, "tid": null, "ts": "15:31:52"}
[15:31:58] t=6739 jev VEH HARV HOLD (预算保护 cash=485 aav帽=ok aav=0)
[15:32:00] t=6742 jev VEH HARV HOLD (预算保护 cash=485 aav帽=ok aav=0)
[15:32:02] t=6745 jev VEH HARV HOLD (预算保护 cash=485 aav帽=ok aav=0)
[15:32:04] t=6747 jev VEH HARV HOLD (预算保护 cash=485 aav帽=ok aav=0)
[15:32:04] t=6747 MOVE assault x18 -> (71,114)
[15:32:04] {"kind": "action", "what": "attack_move", "name": null, "qty": null, "tid": null, "ts": "15:32:04"}
[15:32:06] t=6750 jev VEH HARV HOLD (预算保护 cash=485 aav帽=ok aav=0)
[15:32:06] t=6750 MOVE raid x2 -> (76,123)
[15:32:06] {"kind": "action", "what": "attack_move", "name": null, "qty": null, "tid": null, "ts": "15:32:06"}
[15:32:08] t=6753 jev VEH HARV HOLD (预算保护 cash=485 aav帽=ok aav=0)
[15:32:10] t=6756 jev VEH HARV HOLD (预算保护 cash=485 aav帽=ok aav=0)
[15:32:11] t=6758 TANK HTNK x1
[15:32:12] t=6758 jev VEH HARV HOLD (预算保护 cash=960 aav帽=ok aav=0)
[15:32:13] t=6761 TANK HTNK x2
[15:32:14] t=6761 jev VEH HARV HOLD (预算保护 cash=1335 aav帽=ok aav=0)
[15:32:15] t=6764 ALARM unit lost -> counter 17 vs 10 -> [134, 79]
[15:32:15] {"kind": "action", "what": "attack_move", "name": null, "qty": null, "tid": null, "ts": "15:32:15"}
[15:32:15] t=6764 TANK HTNK x2
[15:32:16] t=6764 jev VEH HARV HOLD (预算保护 cash=1335 aav帽=ok aav=0)
[15:32:17] t=6767 TANK HTNK x2
[15:32:17] t=6767 ESCORT 坦克#7123 -> 护航矿车@[120, 116]
[15:32:17] t=6767 DEBT-GATE HTNK x2 (debt=0 eff=1635 < 1800)
[15:32:17] {"kind": "action", "what": "attack_move", "name": null, "qty": null, "tid": null, "ts": "15:32:17"}
[15:32:18] t=6767 jev VEH HARV HOLD (预算保护 cash=1635 aav帽=ok aav=0)
[15:32:19] t=6769 TANK HTNK x2
[15:32:19] t=6769 DEBT-GATE HTNK x2 (debt=0 eff=1635 < 1800)
[15:32:20] t=6769 jev VEH HARV HOLD (预算保护 cash=1635 aav帽=ok aav=0)
[15:32:21] t=6772 TANK HTNK x2
[15:32:21] t=6772 DEBT-GATE HTNK x2 (debt=0 eff=1635 < 1800)
[15:32:22] t=6772 jev VEH HARV HOLD (预算保护 cash=1635 aav帽=ok aav=0)
[15:32:23] t=6775 TANK HTNK x2
[15:32:23] t=6775 DEBT-GATE HTNK x2 (debt=0 eff=1635 < 1800)
[15:32:25] t=6775 jev VEH HARV HOLD (预算保护 cash=1635 aav帽=ok aav=0)
[15:32:25] t=6775 MOVE assault x17 -> (71,114)
[15:32:25] {"kind": "action", "what": "attack_move", "name": null, "qty": null, "tid": null, "ts": "15:32:25"}
[15:32:25] t=6777 TANK HTNK x2
[15:32:25] t=6777 DEBT-GATE HTNK x2 (debt=0 eff=1635 < 1800)
[15:32:27] t=6777 jev VEH HARV HOLD (预算保护 cash=1635 aav帽=ok aav=0)
[15:32:27] t=6777 MOVE raid x2 -> (76,123)
[15:32:27] {"kind": "action", "what": "attack_move", "name": null, "qty": null, "tid": null, "ts": "15:32:27"}
[15:32:27] t=6780 TANK HTNK x2
[15:32:27] t=6780 DEBT-GATE HTNK x2 (debt=0 eff=1635 < 1800)
[15:32:29] t=6780 jev VEH HARV HOLD (预算保护 cash=1635 aav帽=ok aav=0)
[15:32:29] t=6783 TANK HTNK x2
[15:32:29] t=6783 DEBT-GATE HTNK x2 (debt=0 eff=1635 < 1800)
[15:32:31] t=6783 jev VEH HARV HOLD (预算保护 cash=1635 aav帽=ok aav=0)
[15:32:31] t=6786 TANK HTNK x2
[15:32:31] t=6786 DEBT-GATE HTNK x2 (debt=0 eff=1635 < 1800)
[15:32:33] t=6786 jev VEH HARV HOLD (预算保护 cash=1635 aav帽=ok aav=0)
[15:32:33] t=6786 tick#2625 credits=1635 stance=defend | jev 2624 decisions p50=1763ms
[15:32:33] t=6788 TANK HTNK x2
[15:32:33] t=6788 DEBT-GATE HTNK x2 (debt=0 eff=1635 < 1800)
[15:32:35] t=6788 jev VEH HARV HOLD (预算保护 cash=1635 aav帽=ok aav=0)
[15:32:35] t=6791 TANK HTNK x2
[15:32:35] t=6791 DEBT-GATE HTNK x2 (debt=0 eff=1635 < 1800)
[15:32:37] t=6791 jev VEH HARV HOLD (预算保护 cash=1635 aav帽=ok aav=0)
[15:32:37] t=6791 MOVE assault x17 -> (71,114)
[15:32:37] {"kind": "action", "what": "attack_move", "name": null, "qty": null, "tid": null, "ts": "15:32:37"}
[15:32:37] t=6794 TANK HTNK x2
[15:32:37] t=6794 DEBT-GATE HTNK x2 (debt=0 eff=1635 < 1800)
[15:32:39] t=6794 jev VEH HARV HOLD (预算保护 cash=1635 aav帽=ok aav=0)
[15:32:39] t=6796 TANK HTNK x2
[15:32:39] t=6796 DEBT-GATE HTNK x2 (debt=0 eff=1635 < 1800)
[15:32:41] t=6796 jev VEH HARV HOLD (预算保护 cash=1635 aav帽=ok aav=0)
[15:32:41] t=6799 ALARM unit lost -> counter 15 vs 10 -> [134, 79]
[15:32:41] {"kind": "action", "what": "attack_move", "name": null, "qty": null, "tid": null, "ts": "15:32:41"}
[15:32:41] t=6799 HARASS DRON x2 (have 1)
[15:32:41] t=6799 TANK HTNK x1
[15:32:41] {"kind": "action", "what": "produce", "name": "DRON", "qty": 2, "tid": null, "ts": "15:32:41"}
[15:32:41] t=6799 DEBT-GATE HTNK x1 (debt=800 eff=835 < 900)
[15:32:43] t=6802 RETREAT DRON(8%)
[15:32:43] {"kind": "action", "what": "move", "name": null, "qty": null, "tid": null, "ts": "15:32:43"}
[15:32:47] t=6808 TANK HTNK x1
[15:32:47] t=6808 ESCORT 坦克#7158 -> 护航矿车@[117, 134]
[15:32:47] t=6808 DEBT-GATE HTNK x1 (debt=0 eff=835 < 900)
[15:32:47] {"kind": "action", "what": "attack_move", "name": null, "qty": null, "tid": null, "ts": "15:32:47"}
[15:32:49] t=6808 jev VEH HARV HOLD (预算保护 cash=835 aav帽=ok aav=0)
[15:32:49] t=6808 MOVE raid x3 -> (76,123); assault x18 -> (71,114)
[15:32:49] {"kind": "action", "what": "attack_move", "name": null, "qty": null, "tid": null, "ts": "15:32:49"}
[15:32:49] {"kind": "action", "what": "attack_move", "name": null, "qty": null, "tid": null, "ts": "15:32:49"}
[15:32:50] t=6810 TANK HTNK x1
[15:32:50] t=6810 DEBT-GATE HTNK x1 (debt=0 eff=835 < 900)
[15:32:51] t=6810 jev VEH HARV HOLD (预算保护 cash=835 aav帽=ok aav=0)
[15:32:52] t=6813 ALARM unit lost -> counter 17 vs 9 -> [134, 79]
[15:32:52] {"kind": "action", "what": "attack_move", "name": null, "qty": null, "tid": null, "ts": "15:32:52"}
[15:32:52] t=6813 TANK HTNK x1
[15:32:52] t=6813 DEBT-GATE HTNK x1 (debt=0 eff=835 < 900)
[15:32:53] t=6813 jev VEH HARV HOLD (预算保护 cash=835 aav帽=ok aav=0)
[15:32:54] t=6816 TANK HTNK x1
[15:32:54] t=6816 DEBT-GATE HTNK x1 (debt=0 eff=835 < 900)
[15:32:55] t=6816 jev VEH HARV HOLD (预算保护 cash=835 aav帽=ok aav=0)
[15:32:56] t=6819 TANK HTNK x1
[15:32:56] t=6819 DEBT-GATE HTNK x1 (debt=0 eff=835 < 900)
[15:32:58] t=6819 jev VEH HARV HOLD (预算保护 cash=835 aav帽=ok aav=0)
[15:32:58] t=6821 TANK HTNK x1
[15:32:58] t=6821 DEBT-GATE HTNK x1 (debt=0 eff=835 < 900)
[15:33:00] t=6821 jev VEH HARV HOLD (预算保护 cash=835 aav帽=ok aav=0)
[15:33:00] t=6824 TANK HTNK x1
[15:33:00] t=6824 DEBT-GATE HTNK x1 (debt=0 eff=835 < 900)
[15:33:02] t=6824 jev VEH HARV HOLD (预算保护 cash=835 aav帽=ok aav=0)
[15:33:02] t=6824 MOVE assault x17 -> (71,114)
[15:33:02] {"kind": "action", "what": "attack_move", "name": null, "qty": null, "tid": null, "ts": "15:33:02"}
[15:33:02] t=6827 TANK HTNK x1
[15:33:02] t=6827 DEBT-GATE HTNK x1 (debt=0 eff=835 < 900)
[15:33:04] t=6827 jev VEH HARV HOLD (预算保护 cash=835 aav帽=ok aav=0)
[15:33:04] t=6829 TANK HTNK x1
[15:33:04] t=6829 DEBT-GATE HTNK x1 (debt=0 eff=835 < 900)
[15:33:06] t=6829 jev VEH HARV HOLD (预算保护 cash=835 aav帽=ok aav=0)
[15:33:06] t=6832 TANK HTNK x1
[15:33:06] t=6832 DEBT-GATE HTNK x1 (debt=0 eff=835 < 900)
[15:33:08] t=6832 jev VEH HARV HOLD (预算保护 cash=835 aav帽=ok aav=0)
[15:33:08] t=6835 TANK HTNK x1
[15:33:08] t=6835 DEBT-GATE HTNK x1 (debt=0 eff=835 < 900)
[15:33:10] t=6835 jev VEH HARV HOLD (预算保护 cash=835 aav帽=ok aav=0)
[15:33:10] t=6835 MOVE raid x2 -> (76,123)
[15:33:10] {"kind": "action", "what": "attack_move", "name": null, "qty": null, "tid": null, "ts": "15:33:10"}
[15:33:10] t=6837 TANK HTNK x1
[15:33:10] t=6837 DEBT-GATE HTNK x1 (debt=0 eff=835 < 900)
[15:33:12] t=6837 jev VEH HARV HOLD (预算保护 cash=835 aav帽=ok aav=0)
[15:33:12] t=6840 TANK HTNK x2
[15:33:12] t=6840 DEBT-GATE HTNK x2 (debt=0 eff=1285 < 1800)
[15:33:14] t=6840 jev VEH HARV HOLD (预算保护 cash=1285 aav帽=ok aav=0)
[15:33:14] t=6840 MOVE assault x17 -> (71,114)
[15:33:14] {"kind": "action", "what": "attack_move", "name": null, "qty": null, "tid": null, "ts": "15:33:14"}
[15:33:14] t=6843 TANK HTNK x2
[15:33:14] t=6843 DEBT-GATE HTNK x2 (debt=0 eff=1285 < 1800)
[15:33:16] t=6843 jev VEH HARV HOLD (预算保护 cash=1285 aav帽=ok aav=0)
[15:33:16] t=6845 TANK HTNK x2
[15:33:16] t=6845 DEBT-GATE HTNK x2 (debt=0 eff=1285 < 1800)
[15:33:18] t=6845 jev VEH HARV HOLD (预算保护 cash=1285 aav帽=ok aav=0)
[15:33:18] t=6848 TANK HTNK x2
[15:33:18] t=6848 ESCORT 坦克#7215 -> 护航矿车@[115, 133]
[15:33:18] t=6848 DEBT-GATE HTNK x2 (debt=0 eff=1285 < 1800)
[15:33:18] {"kind": "action", "what": "attack_move", "name": null, "qty": null, "tid": null, "ts": "15:33:18"}
[15:33:20] t=6848 jev VEH HARV HOLD (预算保护 cash=1285 aav帽=ok aav=0)
[15:33:20] t=6851 TANK HTNK x2
[15:33:20] t=6851 DEBT-GATE HTNK x2 (debt=0 eff=1285 < 1800)
[15:33:21] t=6851 jev VEH HARV HOLD (预算保护 cash=1285 aav帽=ok aav=0)
[15:33:22] t=6853 TANK HTNK x2
[15:33:22] t=6853 DEBT-GATE HTNK x2 (debt=0 eff=1285 < 1800)
[15:33:23] t=6853 jev VEH HARV HOLD (预算保护 cash=1285 aav帽=ok aav=0)
[15:33:23] t=6853 tick#2650 credits=1285 stance=defend | jev 2649 decisions p50=1764ms
[15:33:24] t=6856 TANK HTNK x2
[15:33:24] t=6856 DEBT-GATE HTNK x2 (debt=0 eff=1285 < 1800)
[15:33:25] t=6856 jev VEH HARV HOLD (预算保护 cash=1285 aav帽=ok aav=0)
[15:33:26] t=6859 TANK HTNK x2
[15:33:26] t=6859 DEBT-GATE HTNK x2 (debt=0 eff=1285 < 1800)
[15:33:27] t=6859 jev VEH HARV HOLD (预算保护 cash=1285 aav帽=ok aav=0)
[15:33:27] t=6859 MOVE assault x17 -> (71,114)
[15:33:27] {"kind": "action", "what": "attack_move", "name": null, "qty": null, "tid": null, "ts": "15:33:27"}
[15:33:28] t=6861 TANK HTNK x2
[15:33:28] t=6861 DEBT-GATE HTNK x2 (debt=0 eff=1285 < 1800)
[15:33:29] t=6861 jev VEH HARV HOLD (预算保护 cash=1285 aav帽=ok aav=0)
[15:33:30] t=6864 TANK HTNK x2
[15:33:30] t=6864 DEBT-GATE HTNK x2 (debt=0 eff=1660 < 1800)
[15:33:31] t=6864 jev VEH HARV HOLD (预算保护 cash=1660 aav帽=ok aav=0)
[15:33:31] t=6864 MOVE raid x2 -> (76,123)
[15:33:31] {"kind": "action", "what": "attack_move", "name": null, "qty": null, "tid": null, "ts": "15:33:31"}
[15:33:32] t=6867 TANK HTNK x2
[15:33:32] t=6867 DEBT-GATE HTNK x2 (debt=0 eff=1660 < 1800)
[15:33:33] t=6867 jev VEH HARV HOLD (预算保护 cash=1660 aav帽=ok aav=0)
[15:33:34] t=6869 ALARM unit lost -> counter 15 vs 8 -> [134, 79]
[15:33:34] {"kind": "action", "what": "attack_move", "name": null, "qty": null, "tid": null, "ts": "15:33:34"}
[15:33:34] t=6869 HARASS DRON x2 (have 1)
[15:33:34] t=6869 TANK HTNK x1
[15:33:34] {"kind": "action", "what": "produce", "name": "DRON", "qty": 2, "tid": null, "ts": "15:33:34"}
[15:33:34] t=6869 DEBT-GATE HTNK x1 (debt=800 eff=860 < 900)
[15:33:40] t=6877 TANK HTNK x1
[15:33:40] t=6877 DEBT-GATE HTNK x1 (debt=0 eff=860 < 900)
[15:33:41] t=6877 jev VEH HARV HOLD (预算保护 cash=860 aav帽=ok aav=0)
[15:33:42] t=6880 TANK HTNK x1
[15:33:42] t=6880 DEBT-GATE HTNK x1 (debt=0 eff=860 < 900)
[15:33:43] t=6880 jev VEH HARV HOLD (预算保护 cash=860 aav帽=ok aav=0)
[15:33:43] t=6880 MOVE assault x17 -> (71,114)
[15:33:43] {"kind": "action", "what": "attack_move", "name": null, "qty": null, "tid": null, "ts": "15:33:43"}
[15:33:44] t=6883 TANK HTNK x1
[15:33:44] t=6883 DEBT-GATE HTNK x1 (debt=0 eff=860 < 900)
[15:33:45] t=6883 jev VEH HARV HOLD (预算保护 cash=860 aav帽=ok aav=0)
[15:33:46] t=6885 TANK HTNK x1
[15:33:46] t=6885 DEBT-GATE HTNK x1 (debt=0 eff=860 < 900)
[15:33:47] t=6885 jev VEH HARV HOLD (预算保护 cash=860 aav帽=ok aav=0)
[15:33:48] t=6888 TANK HTNK x1
[15:33:48] t=6888 DEBT-GATE HTNK x1 (debt=0 eff=860 < 900)
[15:33:49] t=6888 jev VEH HARV HOLD (预算保护 cash=860 aav帽=ok aav=0)
[15:33:50] t=6891 TANK HTNK x1
[15:33:50] t=6891 ESCORT 坦克#7158 -> 护航矿车@[117, 135]
[15:33:50] t=6891 DEBT-GATE HTNK x1 (debt=0 eff=860 < 900)
[15:33:50] {"kind": "action", "what": "attack_move", "name": null, "qty": null, "tid": null, "ts": "15:33:50"}
[15:33:51] t=6891 jev VEH HARV HOLD (预算保护 cash=860 aav帽=ok aav=0)
[15:33:51] t=6891 MOVE raid x2 -> (76,123)
[15:33:51] {"kind": "action", "what": "attack_move", "name": null, "qty": null, "tid": null, "ts": "15:33:51"}
[15:33:52] t=6893 TANK HTNK x1
[15:33:52] t=6893 DEBT-GATE HTNK x1 (debt=0 eff=860 < 900)
[15:33:53] t=6893 jev VEH HARV HOLD (预算保护 cash=860 aav帽=ok aav=0)
[15:33:54] t=6896 TANK HTNK x1
[15:33:54] t=6896 DEBT-GATE HTNK x1 (debt=0 eff=860 < 900)
[15:33:55] t=6896 jev VEH HARV HOLD (预算保护 cash=860 aav帽=ok aav=0)
[15:33:55] t=6896 MOVE assault x17 -> (71,114)
[15:33:55] {"kind": "action", "what": "attack_move", "name": null, "qty": null, "tid": null, "ts": "15:33:55"}
[15:33:56] t=6899 TANK HTNK x1
[15:33:56] t=6899 DEBT-GATE HTNK x1 (debt=0 eff=860 < 900)
[15:33:57] t=6899 jev VEH HARV HOLD (预算保护 cash=860 aav帽=ok aav=0)
[15:33:58] t=6901 TANK HTNK x1
[15:33:58] t=6901 DEBT-GATE HTNK x1 (debt=0 eff=860 < 900)
[15:33:59] t=6901 jev VEH HARV HOLD (预算保护 cash=860 aav帽=ok aav=0)
[15:34:00] t=6904 TANK HTNK x2
[15:34:00] t=6904 DEBT-GATE HTNK x2 (debt=0 eff=1235 < 1800)
[15:34:01] t=6904 jev VEH HARV HOLD (预算保护 cash=1235 aav帽=ok aav=0)
[15:34:02] t=6906 TANK HTNK x2
[15:34:02] t=6906 DEBT-GATE HTNK x2 (debt=0 eff=1235 < 1800)
[15:34:03] t=6906 jev VEH HARV HOLD (预算保护 cash=1235 aav帽=ok aav=0)
[15:34:03] t=6909 TANK HTNK x2
[15:34:03] t=6909 DEBT-GATE HTNK x2 (debt=0 eff=1235 < 1800)
[15:34:05] t=6909 jev VEH HARV HOLD (预算保护 cash=1235 aav帽=ok aav=0)
[15:34:05] t=6912 TANK HTNK x2
[15:34:05] t=6912 DEBT-GATE HTNK x2 (debt=0 eff=1235 < 1800)
[15:34:07] t=6912 jev VEH HARV HOLD (预算保护 cash=1235 aav帽=ok aav=0)
[15:34:07] t=6914 TANK HTNK x2
[15:34:07] t=6914 DEBT-GATE HTNK x2 (debt=0 eff=1235 < 1800)
[15:34:09] t=6914 jev VEH HARV HOLD (预算保护 cash=1235 aav帽=ok aav=0)
[15:34:09] t=6914 MOVE assault x17 -> (71,114)
[15:34:09] {"kind": "action", "what": "attack_move", "name": null, "qty": null, "tid": null, "ts": "15:34:09"}
[15:34:09] t=6917 TANK HTNK x2
[15:34:09] t=6917 DEBT-GATE HTNK x2 (debt=0 eff=1235 < 1800)
[15:34:11] t=6917 jev VEH HARV HOLD (预算保护 cash=1235 aav帽=ok aav=0)
[15:34:11] t=6920 TANK HTNK x2
[15:34:11] t=6920 DEBT-GATE HTNK x2 (debt=0 eff=1235 < 1800)
[15:34:13] t=6920 jev VEH HARV HOLD (预算保护 cash=1235 aav帽=ok aav=0)
[15:34:13] t=6920 MOVE raid x2 -> (76,123)
[15:34:13] {"kind": "action", "what": "attack_move", "name": null, "qty": null, "tid": null, "ts": "15:34:13"}
[15:34:13] t=6920 tick#2675 credits=1235 stance=defend | jev 2674 decisions p50=1762ms
[15:34:13] t=6922 TANK HTNK x2
[15:34:13] t=6922 DEBT-GATE HTNK x2 (debt=0 eff=1235 < 1800)
[15:34:15] t=6922 jev VEH HARV HOLD (预算保护 cash=1235 aav帽=ok aav=0)
[15:34:15] t=6925 TANK HTNK x2
[15:34:15] t=6925 DEBT-GATE HTNK x2 (debt=0 eff=1235 < 1800)
[15:34:17] t=6925 jev VEH HARV HOLD (预算保护 cash=1235 aav帽=ok aav=0)
[15:34:17] t=6928 ALARM unit lost -> counter 14 vs 8 -> [134, 79]
[15:34:17] {"kind": "action", "what": "attack_move", "name": null, "qty": null, "tid": null, "ts": "15:34:17"}
[15:34:17] t=6928 HARASS DRON x2 (have 1)
[15:34:17] {"kind": "action", "what": "produce", "name": "DRON", "qty": 2, "tid": null, "ts": "15:34:17"}
[15:34:21] t=6933 ESCORT 坦克#7158 -> 护航矿车@[83, 83]
[15:34:21] {"kind": "action", "what": "attack_move", "name": null, "qty": null, "tid": null, "ts": "15:34:21"}
[15:34:25] t=6936 jev VEH HARV HOLD (预算保护 cash=435 aav帽=ok aav=0)
[15:34:27] t=6938 jev VEH HARV HOLD (预算保护 cash=435 aav帽=ok aav=0)
[15:34:27] t=6938 MOVE assault x17 -> (71,114)
[15:34:27] {"kind": "action", "what": "attack_move", "name": null, "qty": null, "tid": null, "ts": "15:34:27"}
[15:34:29] t=6941 jev VEH HARV HOLD (预算保护 cash=735 aav帽=ok aav=0)
[15:34:31] t=6944 jev VEH HARV HOLD (预算保护 cash=735 aav帽=ok aav=0)
[15:34:33] t=6946 jev VEH HARV HOLD (预算保护 cash=735 aav帽=ok aav=0)
[15:34:35] t=6949 jev VEH HARV HOLD (预算保护 cash=735 aav帽=ok aav=0)
[15:34:35] t=6949 MOVE raid x2 -> (76,123)
[15:34:35] {"kind": "action", "what": "attack_move", "name": null, "qty": null, "tid": null, "ts": "15:34:35"}
[15:34:37] t=6952 jev VEH HARV HOLD (预算保护 cash=735 aav帽=ok aav=0)
[15:34:37] t=6954 TANK HTNK x1
[15:34:37] {"kind": "action", "what": "produce", "name": "HTNK", "qty": 1, "tid": null, "ts": "15:34:37"}
[15:34:39] t=6954 MOVE assault x17 -> (71,114)
[15:34:39] {"kind": "action", "what": "attack_move", "name": null, "qty": null, "tid": null, "ts": "15:34:39"}
[15:34:45] t=6962 jev VEH HARV HOLD (预算保护 cash=135 aav帽=ok aav=0)
[15:34:47] t=6965 jev VEH HARV HOLD (预算保护 cash=135 aav帽=ok aav=0)
[15:34:47] t=6967 TANK HTNK x1
[15:34:49] t=6967 jev VEH HARV HOLD (预算保护 cash=960 aav帽=ok aav=0)
[15:34:49] t=6970 TANK HTNK x1
[15:34:51] t=6970 jev VEH HARV HOLD (预算保护 cash=960 aav帽=ok aav=0)
[15:34:51] t=6970 MOVE assault x18 -> (71,114)
[15:34:51] {"kind": "action", "what": "attack_move", "name": null, "qty": null, "tid": null, "ts": "15:34:51"}
[15:34:51] t=6973 TANK HTNK x1
[15:34:53] t=6973 jev VEH HARV HOLD (预算保护 cash=960 aav帽=ok aav=0)
[15:34:53] t=6976 TANK HTNK x1
[15:34:55] t=6976 jev VEH HARV HOLD (预算保护 cash=960 aav帽=ok aav=0)
[15:34:55] t=6976 MOVE raid x2 -> (76,123)
[15:34:55] {"kind": "action", "what": "attack_move", "name": null, "qty": null, "tid": null, "ts": "15:34:55"}
[15:34:56] t=6978 TANK HTNK x1
[15:34:56] t=6978 ESCORT 坦克#7273 -> 护航矿车@[103, 98]
[15:34:56] {"kind": "action", "what": "attack_move", "name": null, "qty": null, "tid": null, "ts": "15:34:56"}
[15:34:57] t=6978 jev VEH HARV HOLD (预算保护 cash=960 aav帽=ok aav=0)
[15:34:58] t=6981 TANK HTNK x1
[15:34:59] t=6981 jev VEH HARV HOLD (预算保护 cash=960 aav帽=ok aav=0)
[15:35:00] t=6984 TANK HTNK x1
[15:35:01] t=6984 jev VEH HARV HOLD (预算保护 cash=960 aav帽=ok aav=0)
[15:35:02] t=6987 TANK HTNK x1
[15:35:03] t=6987 jev VEH HARV HOLD (预算保护 cash=960 aav帽=ok aav=0)
[15:35:03] t=6987 MOVE assault x18 -> (71,114)
[15:35:03] {"kind": "action", "what": "attack_move", "name": null, "qty": null, "tid": null, "ts": "15:35:03"}
[15:35:03] t=6987 tick#2700 credits=960 stance=defend | jev 2699 decisions p50=1758ms
[15:35:04] t=6989 TANK HTNK x1
[15:35:04] {"kind": "action", "what": "produce", "name": "HTNK", "qty": 1, "tid": null, "ts": "15:35:04"}
[15:35:10] t=6995 MOVE raid x2 -> (75,123)
[15:35:10] {"kind": "action", "what": "attack_move", "name": null, "qty": null, "tid": null, "ts": "15:35:10"}
[15:35:12] t=6998 jev VEH HARV HOLD (预算保护 cash=60 aav帽=ok aav=0)
[15:35:12] t=6998 ATTACK (tanks=6)
[15:35:12] t=7000 ALARM unit lost -> 攻势保持（塔阵守家, 前线 4 个单位继续进攻）
[15:35:14] t=7000 jev VEH HARV HOLD (预算保护 cash=60 aav帽=ok aav=0)
[15:35:16] t=7003 jev VEH HARV HOLD (预算保护 cash=60 aav帽=ok aav=0)
[15:35:16] t=7003 MOVE raid x1 -> (76,123); assault x18 -> (71,114)
[15:35:16] {"kind": "action", "what": "attack_move", "name": null, "qty": null, "tid": null, "ts": "15:35:16"}
[15:35:16] {"kind": "action", "what": "attack_move", "name": null, "qty": null, "tid": null, "ts": "15:35:16"}
[15:35:16] t=7006 ALARM unit lost -> 攻势保持（塔阵守家, 前线 4 个单位继续进攻）
[15:35:18] t=7006 jev VEH HARV HOLD (预算保护 cash=60 aav帽=ok aav=0)
[15:35:20] t=7009 jev VEH HARV HOLD (预算保护 cash=60 aav帽=ok aav=0)
[15:35:22] t=7011 jev VEH HARV HOLD (预算保护 cash=60 aav帽=ok aav=0)
[15:35:24] t=7014 jev VEH HARV HOLD (预算保护 cash=60 aav帽=ok aav=0)
[15:35:24] t=7014 MOVE assault x17 -> (69,122)
[15:35:24] {"kind": "action", "what": "attack_move", "name": null, "qty": null, "tid": null, "ts": "15:35:24"}
[15:35:26] t=7016 jev VEH HARV HOLD (预算保护 cash=60 aav帽=ok aav=0)
[15:35:26] t=7019 ESCORT 坦克#7284 -> 护航矿车@[115, 133]
[15:35:26] {"kind": "action", "what": "attack_move", "name": null, "qty": null, "tid": null, "ts": "15:35:26"}
[15:35:28] t=7019 jev VEH HARV HOLD (预算保护 cash=60 aav帽=ok aav=0)
[15:35:28] t=7022 RETREAT HTNK(39%)
[15:35:28] {"kind": "action", "what": "move", "name": null, "qty": null, "tid": null, "ts": "15:35:28"}
[15:35:30] t=7022 jev VEH HARV HOLD (预算保护 cash=60 aav帽=ok aav=0)
[15:35:32] t=7024 jev VEH HARV HOLD (预算保护 cash=60 aav帽=ok aav=0)
[15:35:32] t=7027 ALARM unit lost -> 攻势保持（塔阵守家, 前线 4 个单位继续进攻）
[15:35:34] t=7027 jev VEH HARV HOLD (预算保护 cash=285 aav帽=ok aav=0)
[15:35:34] t=7030 RETREAT E2(15%)
[15:35:34] {"kind": "action", "what": "move", "name": null, "qty": null, "tid": null, "ts": "15:35:34"}
[15:35:36] t=7030 jev VEH HARV HOLD (预算保护 cash=285 aav帽=ok aav=0)
[15:35:36] t=7030 MOVE assault x16 -> (69,122)
[15:35:36] {"kind": "action", "what": "attack_move", "name": null, "qty": null, "tid": null, "ts": "15:35:36"}
[15:35:36] t=7033 ALARM unit lost -> 攻势保持（塔阵守家, 前线 4 个单位继续进攻）
[15:35:38] t=7033 jev VEH HARV HOLD (预算保护 cash=285 aav帽=ok aav=0)
[15:35:38] t=7035 ALARM unit lost -> 攻势保持（塔阵守家, 前线 4 个单位继续进攻）
[15:35:40] t=7035 jev VEH HARV HOLD (预算保护 cash=285 aav帽=ok aav=0)
[15:35:40] t=7038 ALARM unit lost -> 攻势保持（塔阵守家, 前线 4 个单位继续进攻）
[15:35:42] t=7038 jev VEH HARV HOLD (预算保护 cash=285 aav帽=ok aav=0)
[15:35:42] t=7040 RETREAT E2(15%)
[15:35:42] t=7040 RETREAT E2(15%)
[15:35:42] {"kind": "action", "what": "move", "name": null, "qty": null, "tid": null, "ts": "15:35:42"}
[15:35:42] {"kind": "action", "what": "move", "name": null, "qty": null, "tid": null, "ts": "15:35:42"}
[15:35:44] t=7040 jev VEH HARV HOLD (预算保护 cash=285 aav帽=ok aav=0)
[15:35:44] t=7043 ALARM unit lost -> 攻势保持（塔阵守家, 前线 4 个单位继续进攻）
[15:35:46] t=7043 jev VEH DRON HOLD (预算保护 cash=285 aav帽=ok aav=0)
[15:35:46] t=7046 ALARM unit lost -> 攻势保持（塔阵守家, 前线 4 个单位继续进攻）
[15:35:48] t=7046 jev VEH HARV HOLD (预算保护 cash=285 aav帽=ok aav=0)
[15:35:48] t=7048 RETREAT E2(15%)
[15:35:48] {"kind": "action", "what": "move", "name": null, "qty": null, "tid": null, "ts": "15:35:48"}
[15:35:50] t=7048 jev VEH HARV HOLD (预算保护 cash=585 aav帽=ok aav=0)
[15:35:50] t=7048 MOVE assault x11 -> (69,122)
[15:35:50] {"kind": "action", "what": "attack_move", "name": null, "qty": null, "tid": null, "ts": "15:35:50"}
[15:35:50] t=7051 ALARM unit lost -> 攻势保持（塔阵守家, 前线 4 个单位继续进攻）
[15:35:52] t=7051 jev VEH DRON HOLD (预算保护 cash=585 aav帽=ok aav=0)
[15:35:52] t=7054 HARASS DRON x2 (have 0)
[15:35:52] {"kind": "action", "what": "produce", "name": "DRON", "qty": 2, "tid": null, "ts": "15:35:52"}
[15:35:54] t=7054 tick#2725 credits=960 stance=attack | jev 2724 decisions p50=1755ms
[15:35:54] t=7056 ALARM unit lost -> 攻势保持（塔阵守家, 前线 4 个单位继续进攻）
[15:35:56] t=7059 RETREAT E2(15%)
[15:35:56] {"kind": "action", "what": "move", "name": null, "qty": null, "tid": null, "ts": "15:35:56"}
[15:35:58] t=7059 MOVE raid x1 -> (76,123)
[15:35:58] {"kind": "action", "what": "attack_move", "name": null, "qty": null, "tid": null, "ts": "15:35:58"}
[15:35:58] t=7062 ALARM unit lost -> 攻势保持（塔阵守家, 前线 6 个单位继续进攻）
[15:35:58] t=7062 ESCORT 坦克#7345 -> 护航矿车@[117, 135]
[15:35:58] {"kind": "action", "what": "attack_move", "name": null, "qty": null, "tid": null, "ts": "15:35:58"}
[15:36:00] t=7062 jev VEH HARV HOLD (预算保护 cash=735 aav帽=ok aav=0)
[15:36:02] t=7064 jev VEH HARV HOLD (预算保护 cash=735 aav帽=ok aav=0)
[15:36:02] t=7067 RETREAT E2(15%)
[15:36:02] {"kind": "action", "what": "move", "name": null, "qty": null, "tid": null, "ts": "15:36:02"}
[15:36:04] t=7067 jev VEH HARV HOLD (预算保护 cash=735 aav帽=ok aav=0)
[15:36:04] t=7067 MOVE assault x10 -> (69,122)
[15:36:04] {"kind": "action", "what": "attack_move", "name": null, "qty": null, "tid": null, "ts": "15:36:04"}
[15:36:04] t=7070 ALARM unit lost -> 攻势保持（塔阵守家, 前线 5 个单位继续进攻）
[15:36:06] t=7070 jev VEH HARV HOLD (预算保护 cash=735 aav帽=ok aav=0)
[15:36:06] t=7072 RETREAT E2(15%)
[15:36:06] {"kind": "action", "what": "move", "name": null, "qty": null, "tid": null, "ts": "15:36:06"}
[15:36:08] t=7072 jev VEH HARV HOLD (预算保护 cash=735 aav帽=ok aav=0)
[15:36:08] t=7072 MOVE assault x9 -> (82,128)
[15:36:08] {"kind": "action", "what": "attack_move", "name": null, "qty": null, "tid": null, "ts": "15:36:08"}
[15:36:08] t=7075 ALARM unit lost -> 攻势保持（塔阵守家, 前线 5 个单位继续进攻）
[15:36:10] t=7075 jev VEH HARV HOLD (预算保护 cash=735 aav帽=ok aav=0)
[15:36:10] t=7078 ALARM unit lost -> 攻势保持（塔阵守家, 前线 5 个单位继续进攻）
[15:36:10] t=7078 TANK HTNK x2
[15:36:10] t=7078 RETREAT FLAKT(28%)
[15:36:10] t=7078 DEBT-GATE HTNK x2 (debt=0 eff=1785 < 1800)
[15:36:10] {"kind": "action", "what": "move", "name": null, "qty": null, "tid": null, "ts": "15:36:10"}
[15:36:12] t=7078 jev VEH DRON (conf 0.12)
[15:36:12] t=7081 ALARM unit lost -> 攻势保持（塔阵守家, 前线 5 个单位继续进攻）
[15:36:12] t=7081 TANK HTNK x2
[15:36:12] t=7081 DEBT-GATE HTNK x2 (debt=0 eff=1785 < 1800)
[15:36:14] t=7081 jev VEH DRON (conf 0.10)
[15:36:14] t=7083 ALARM unit lost -> 攻势保持（塔阵守家, 前线 4 个单位继续进攻）
[15:36:14] t=7083 TANK HTNK x2
[15:36:14] t=7083 DEBT-GATE HTNK x2 (debt=0 eff=1785 < 1800)
[15:36:16] t=7083 jev VEH DRON (conf 0.11)
[15:36:16] t=7086 TANK HTNK x2
[15:36:16] t=7086 DEBT-GATE HTNK x2 (debt=0 eff=1785 < 1800)
[15:36:18] t=7086 jev VEH DRON (conf 0.11)
[15:36:18] {"kind": "action", "what": "produce", "name": "DRON", "qty": 1, "tid": null, "ts": "15:36:18"}
[15:36:18] t=7086 MOVE raid x2 -> (76,123)
[15:36:18] {"kind": "action", "what": "attack_move", "name": null, "qty": null, "tid": null, "ts": "15:36:18"}
[15:36:20] t=7089 MOVE assault x5 -> (82,128)
[15:36:20] {"kind": "action", "what": "attack_move", "name": null, "qty": null, "tid": null, "ts": "15:36:20"}
[15:36:22] t=7094 TANK HTNK x2
[15:36:22] t=7094 DEBT-GATE HTNK x2 (debt=0 eff=1385 < 1800)
[15:36:24] t=7094 jev VEH DRON (conf 0.14)
[15:36:25] t=7097 TANK HTNK x2
[15:36:25] t=7097 DEBT-GATE HTNK x2 (debt=0 eff=1385 < 1800)
[15:36:26] t=7097 jev VEH DRON (conf 0.13)
[15:36:27] t=7100 TANK HTNK x2
[15:36:27] t=7100 DEBT-GATE HTNK x2 (debt=0 eff=1385 < 1800)
[15:36:28] t=7100 jev VEH DRON (conf 0.16)
[15:36:29] t=7102 TANK HTNK x2
[15:36:29] t=7102 ESCORT 坦克#7345 -> 护航矿车@[117, 135]
[15:36:29] t=7102 DEBT-GATE HTNK x2 (debt=0 eff=1385 < 1800)
[15:36:29] {"kind": "action", "what": "attack_move", "name": null, "qty": null, "tid": null, "ts": "15:36:29"}
[15:36:30] t=7102 jev VEH DRON (conf 0.14)
[15:36:31] t=7105 ALARM unit lost -> 攻势保持（塔阵守家, 前线 3 个单位继续进攻）
[15:36:31] t=7105 TANK HTNK x2
[15:36:31] t=7105 DEBT-GATE HTNK x2 (debt=0 eff=1385 < 1800)
[15:36:32] t=7105 jev VEH HARV HOLD (预算保护 cash=1385 aav帽=ok aav=0)
[15:36:32] t=7105 MOVE assault x5 -> (82,128)
[15:36:32] {"kind": "action", "what": "attack_move", "name": null, "qty": null, "tid": null, "ts": "15:36:32"}
[15:36:33] t=7108 TANK HTNK x2
[15:36:33] t=7108 DEBT-GATE HTNK x2 (debt=0 eff=1385 < 1800)
[15:36:34] t=7108 jev VEH HARV HOLD (预算保护 cash=1385 aav帽=ok aav=0)
[15:36:35] t=7111 ALARM unit lost -> 攻势保持（塔阵守家, 前线 3 个单位继续进攻）
[15:36:35] t=7111 HARASS DRON x2 (have 1)
[15:36:36] t=7111 jev VEH HARV HOLD (预算保护 cash=1385 aav帽=ok aav=0)
[15:36:37] t=7113 HARASS DRON x2 (have 1)
[15:36:38] t=7113 jev VEH HARV HOLD (预算保护 cash=1385 aav帽=ok aav=0)
[15:36:38] t=7113 MOVE raid x1 -> (76,123)
[15:36:38] {"kind": "action", "what": "attack_move", "name": null, "qty": null, "tid": null, "ts": "15:36:38"}
[15:36:39] t=7116 HARASS DRON x2 (have 1)
[15:36:40] t=7116 jev VEH HARV HOLD (预算保护 cash=1385 aav帽=ok aav=0)
[15:36:41] t=7119 HARASS DRON x2 (have 1)
[15:36:42] t=7119 jev VEH HARV HOLD (预算保护 cash=1385 aav帽=ok aav=0)
[15:36:43] t=7121 HARASS DRON x2 (have 1)
[15:36:44] t=7121 jev VEH HARV HOLD (预算保护 cash=1385 aav帽=ok aav=0)
[15:36:44] t=7121 MOVE assault x4 -> (82,128)
[15:36:44] {"kind": "action", "what": "attack_move", "name": null, "qty": null, "tid": null, "ts": "15:36:44"}
[15:36:44] t=7121 tick#2750 credits=1385 stance=attack | jev 2749 decisions p50=1754ms
[15:36:45] t=7124 HARASS DRON x2 (have 1)
[15:36:45] {"kind": "action", "what": "produce", "name": "DRON", "qty": 2, "tid": null, "ts": "15:36:45"}
[15:36:52] t=7132 jev VEH HARV HOLD (预算保护 cash=585 aav帽=ok aav=0)
[15:36:54] t=7135 jev VEH HARV HOLD (预算保护 cash=585 aav帽=ok aav=0)
[15:36:56] t=7137 jev VEH HARV HOLD (预算保护 cash=585 aav帽=ok aav=0)
[15:36:57] t=7140 TANK HTNK x1
[15:36:57] t=7140 RETREAT HTNK(36%)
[15:36:57] t=7140 DEBT-GATE HTNK x1 (debt=0 eff=885 < 900)
[15:36:57] {"kind": "action", "what": "move", "name": null, "qty": null, "tid": null, "ts": "15:36:57"}
[15:36:58] t=7140 jev VEH HARV HOLD (预算保护 cash=885 aav帽=ok aav=0)
[15:36:58] t=7140 MOVE raid x3 -> (76,123); assault x6 -> (82,128)
[15:36:58] {"kind": "action", "what": "attack_move", "name": null, "qty": null, "tid": null, "ts": "15:36:58"}
[15:36:59] {"kind": "action", "what": "attack_move", "name": null, "qty": null, "tid": null, "ts": "15:36:59"}
[15:36:59] t=7143 ALARM unit lost -> 攻势保持（塔阵守家, 前线 4 个单位继续进攻）
[15:36:59] t=7143 TANK HTNK x1
[15:36:59] t=7143 ESCORT 坦克#7664 -> 护航矿车@[120, 104]
[15:36:59] t=7143 DEBT-GATE HTNK x1 (debt=0 eff=885 < 900)
[15:36:59] {"kind": "action", "what": "attack_move", "name": null, "qty": null, "tid": null, "ts": "15:36:59"}
[15:37:01] t=7143 jev VEH HARV HOLD (预算保护 cash=885 aav帽=ok aav=0)
[15:37:01] t=7145 TANK HTNK x1
[15:37:01] t=7145 DEBT-GATE HTNK x1 (debt=0 eff=885 < 900)
[15:37:03] t=7145 jev VEH HARV HOLD (预算保护 cash=885 aav帽=ok aav=0)
[15:37:03] t=7148 TANK HTNK x1
[15:37:03] t=7148 DEBT-GATE HTNK x1 (debt=0 eff=885 < 900)
[15:37:05] t=7148 jev VEH HARV HOLD (预算保护 cash=885 aav帽=ok aav=0)
[15:37:05] t=7151 TANK HTNK x1
[15:37:05] t=7151 DEBT-GATE HTNK x1 (debt=0 eff=885 < 900)
[15:37:07] t=7151 jev VEH HARV HOLD (预算保护 cash=885 aav帽=ok aav=0)
[15:37:07] t=7153 TANK HTNK x1
[15:37:07] t=7153 DEBT-GATE HTNK x1 (debt=0 eff=885 < 900)
[15:37:09] t=7153 jev VEH HARV HOLD (预算保护 cash=885 aav帽=ok aav=0)
[15:37:09] t=7156 TANK HTNK x1
[15:37:09] t=7156 DEBT-GATE HTNK x1 (debt=0 eff=885 < 900)
[15:37:11] t=7156 jev VEH HARV HOLD (预算保护 cash=885 aav帽=ok aav=0)
[15:37:11] t=7156 MOVE assault x5 -> (82,128)
[15:37:11] {"kind": "action", "what": "attack_move", "name": null, "qty": null, "tid": null, "ts": "15:37:11"}
[15:37:11] t=7159 TANK HTNK x1
[15:37:11] t=7159 DEBT-GATE HTNK x1 (debt=0 eff=885 < 900)
[15:37:13] t=7159 jev VEH HARV HOLD (预算保护 cash=885 aav帽=ok aav=0)
[15:37:13] t=7161 TANK HTNK x1
[15:37:13] t=7161 DEBT-GATE HTNK x1 (debt=0 eff=885 < 900)
[15:37:15] t=7161 jev VEH HARV HOLD (预算保护 cash=885 aav帽=ok aav=0)
[15:37:15] t=7164 TANK HTNK x1
[15:37:15] t=7164 DEBT-GATE HTNK x1 (debt=0 eff=885 < 900)
[15:37:17] t=7164 jev VEH HARV HOLD (预算保护 cash=885 aav帽=ok aav=0)
[15:37:17] t=7167 TANK HTNK x1
[15:37:17] t=7167 DEBT-GATE HTNK x1 (debt=0 eff=885 < 900)
[15:37:18] t=7167 jev VEH HARV HOLD (预算保护 cash=885 aav帽=ok aav=0)
[15:37:18] t=7167 MOVE raid x2 -> (76,123)
[15:37:19] {"kind": "action", "what": "attack_move", "name": null, "qty": null, "tid": null, "ts": "15:37:19"}
[15:37:19] t=7169 TANK HTNK x1
[15:37:19] t=7169 DEBT-GATE HTNK x1 (debt=0 eff=885 < 900)
[15:37:20] t=7169 jev VEH HARV HOLD (预算保护 cash=885 aav帽=ok aav=0)
[15:37:21] t=7172 TANK HTNK x1
[15:37:21] t=7172 DEBT-GATE HTNK x1 (debt=0 eff=885 < 900)
[15:37:22] t=7172 jev VEH HARV HOLD (预算保护 cash=885 aav帽=ok aav=0)
[15:37:23] t=7175 TANK HTNK x1
[15:37:23] t=7175 DEBT-GATE HTNK x1 (debt=0 eff=885 < 900)
[15:37:24] t=7175 jev VEH HARV HOLD (预算保护 cash=885 aav帽=ok aav=0)
[15:37:24] t=7175 MOVE assault x5 -> (82,128)
[15:37:24] {"kind": "action", "what": "attack_move", "name": null, "qty": null, "tid": null, "ts": "15:37:24"}
[15:37:25] t=7177 ALARM unit lost -> 攻势保持（塔阵守家, 前线 2 个单位继续进攻）
[15:37:25] t=7177 HARASS DRON x2 (have 1)
[15:37:25] {"kind": "action", "what": "produce", "name": "DRON", "qty": 2, "tid": null, "ts": "15:37:25"}
[15:37:27] t=7180 ALARM unit lost -> 攻势保持（塔阵守家, 前线 2 个单位继续进攻）
[15:37:29] t=7180 RECOVER (only 1 tanks)
[15:37:31] t=7185 TANK HTNK x2
[15:37:31] t=7185 DEBT-GATE HTNK x2 (debt=0 eff=1285 < 1800)
[15:37:32] t=7185 jev VEH HARV HOLD (预算保护 cash=1285 aav帽=ok aav=0)
[15:37:33] t=7188 TANK HTNK x2
[15:37:33] t=7188 DEBT-GATE HTNK x2 (debt=0 eff=1285 < 1800)
[15:37:34] t=7188 jev VEH HARV HOLD (预算保护 cash=1285 aav帽=ok aav=0)
[15:37:34] t=7188 tick#2775 credits=1285 stance=recover | jev 2774 decisions p50=1745ms
[15:37:35] t=7191 TANK HTNK x2
[15:37:35] t=7191 DEBT-GATE HTNK x2 (debt=0 eff=1285 < 1800)
[15:37:36] t=7191 jev VEH HARV HOLD (预算保护 cash=1285 aav帽=ok aav=0)
[15:37:37] t=7193 TANK HTNK x2
[15:37:37] t=7193 DEBT-GATE HTNK x2 (debt=0 eff=1285 < 1800)
[15:37:38] t=7193 jev VEH HARV HOLD (预算保护 cash=1285 aav帽=ok aav=0)
[15:37:38] t=7193 MOVE assault x4 -> (82,128)
[15:37:38] {"kind": "action", "what": "attack_move", "name": null, "qty": null, "tid": null, "ts": "15:37:38"}
[15:37:39] t=7196 TANK HTNK x2
[15:37:39] t=7196 DEBT-GATE HTNK x2 (debt=0 eff=1285 < 1800)
[15:37:40] t=7196 jev VEH HARV HOLD (预算保护 cash=1285 aav帽=ok aav=0)
[15:37:40] t=7196 MOVE raid x2 -> (76,123)
[15:37:40] {"kind": "action", "what": "attack_move", "name": null, "qty": null, "tid": null, "ts": "15:37:40"}
[15:37:41] t=7199 TANK HTNK x2
[15:37:41] t=7199 DEBT-GATE HTNK x2 (debt=0 eff=1285 < 1800)
[15:37:42] t=7199 jev VEH HARV HOLD (预算保护 cash=1285 aav帽=ok aav=0)
[15:37:43] t=7201 TANK HTNK x2
[15:37:43] t=7201 DEBT-GATE HTNK x2 (debt=0 eff=1285 < 1800)
[15:37:44] t=7201 jev VEH HARV HOLD (预算保护 cash=1285 aav帽=ok aav=0)
[15:37:45] t=7204 TANK HTNK x2
[15:37:45] t=7204 DEBT-GATE HTNK x2 (debt=0 eff=1735 < 1800)
[15:37:46] t=7204 jev VEH HARV HOLD (预算保护 cash=1735 aav帽=ok aav=0)
[15:37:47] t=7206 TANK HTNK x2
[15:37:47] t=7206 DEBT-GATE HTNK x2 (debt=0 eff=1735 < 1800)
[15:37:48] t=7206 jev VEH HARV HOLD (预算保护 cash=1735 aav帽=ok aav=0)
[15:37:49] t=7209 TANK HTNK x2
[15:37:49] t=7209 DEBT-GATE HTNK x2 (debt=0 eff=1735 < 1800)
[15:37:50] t=7209 jev VEH HARV HOLD (预算保护 cash=1735 aav帽=ok aav=0)
[15:37:51] t=7212 TANK HTNK x2
[15:37:51] t=7212 DEBT-GATE HTNK x2 (debt=0 eff=1735 < 1800)
[15:37:52] t=7212 jev VEH HARV HOLD (预算保护 cash=1735 aav帽=ok aav=0)
[15:37:52] t=7212 MOVE assault x4 -> (82,128)
[15:37:52] {"kind": "action", "what": "attack_move", "name": null, "qty": null, "tid": null, "ts": "15:37:52"}
[15:37:53] t=7214 TANK HTNK x2
[15:37:53] t=7214 DEBT-GATE HTNK x2 (debt=0 eff=1735 < 1800)
[15:37:54] t=7214 jev VEH HARV HOLD (预算保护 cash=1735 aav帽=ok aav=0)
[15:37:55] t=7217 TANK HTNK x2
[15:37:55] t=7217 DEBT-GATE HTNK x2 (debt=0 eff=1735 < 1800)
[15:37:57] t=7217 jev VEH HARV HOLD (预算保护 cash=1735 aav帽=ok aav=0)
[15:37:57] t=7220 TANK HTNK x2
[15:37:57] t=7220 DEBT-GATE HTNK x2 (debt=0 eff=1735 < 1800)
[15:37:59] t=7220 jev VEH HARV HOLD (预算保护 cash=1735 aav帽=ok aav=0)
[15:37:59] t=7223 TANK HTNK x2
[15:37:59] t=7223 DEBT-GATE HTNK x2 (debt=0 eff=1735 < 1800)
[15:38:01] t=7223 jev VEH HARV HOLD (预算保护 cash=1735 aav帽=ok aav=0)
[15:38:01] t=7223 MOVE raid x2 -> (76,123)
[15:38:01] {"kind": "action", "what": "attack_move", "name": null, "qty": null, "tid": null, "ts": "15:38:01"}
[15:38:01] t=7225 TANK HTNK x2
[15:38:01] t=7225 DEBT-GATE HTNK x2 (debt=0 eff=1735 < 1800)
[15:38:03] t=7225 jev VEH HARV HOLD (预算保护 cash=1735 aav帽=ok aav=0)
[15:38:03] t=7228 ALARM unit lost -> TURTLE (2 v 6, 守塔阵不打野战)
[15:38:03] {"kind": "action", "what": "attack_move", "name": null, "qty": null, "tid": null, "ts": "15:38:03"}
[15:38:03] t=7228 HARASS DRON x2 (have 0)
[15:38:03] t=7228 TANK HTNK x1
[15:38:03] {"kind": "action", "what": "produce", "name": "DRON", "qty": 2, "tid": null, "ts": "15:38:03"}
[15:38:03] {"kind": "action", "what": "produce", "name": "HTNK", "qty": 1, "tid": null, "ts": "15:38:03"}
[15:38:13] t=7239 MOVE assault x4 -> (82,128)
[15:38:13] {"kind": "action", "what": "attack_move", "name": null, "qty": null, "tid": null, "ts": "15:38:13"}
[15:38:15] t=7244 ESCORT 坦克#7775 -> 护航矿车@[117, 134]
[15:38:15] {"kind": "action", "what": "attack_move", "name": null, "qty": null, "tid": null, "ts": "15:38:15"}
[15:38:17] t=7244 jev VEH HARV HOLD (预算保护 cash=35 aav帽=ok aav=0)
[15:38:19] t=7247 jev VEH HARV HOLD (预算保护 cash=410 aav帽=ok aav=0)
[15:38:21] t=7250 jev VEH HARV HOLD (预算保护 cash=410 aav帽=ok aav=0)
[15:38:21] t=7250 MOVE raid x2 -> (76,123)
[15:38:21] {"kind": "action", "what": "attack_move", "name": null, "qty": null, "tid": null, "ts": "15:38:21"}
[15:38:23] t=7252 jev VEH HARV HOLD (预算保护 cash=410 aav帽=ok aav=0)
[15:38:25] t=7255 jev VEH HARV HOLD (预算保护 cash=410 aav帽=ok aav=0)
[15:38:25] t=7255 MOVE assault x5 -> (82,128)
[15:38:25] {"kind": "action", "what": "attack_move", "name": null, "qty": null, "tid": null, "ts": "15:38:25"}
[15:38:25] t=7255 tick#2800 credits=410 stance=defend | jev 2799 decisions p50=1735ms
[15:38:27] t=7258 jev VEH HARV HOLD (预算保护 cash=410 aav帽=ok aav=0)
[15:38:29] t=7260 jev VEH HARV HOLD (预算保护 cash=410 aav帽=ok aav=0)
[15:38:31] t=7263 jev VEH HARV HOLD (预算保护 cash=410 aav帽=ok aav=0)
[15:38:33] t=7266 jev VEH HARV HOLD (预算保护 cash=410 aav帽=ok aav=0)
[15:38:35] t=7268 jev VEH HARV HOLD (预算保护 cash=410 aav帽=ok aav=0)
[15:38:37] t=7271 jev VEH HARV HOLD (预算保护 cash=410 aav帽=ok aav=0)
[15:38:37] t=7271 MOVE assault x5 -> (82,128)
[15:38:37] {"kind": "action", "what": "attack_move", "name": null, "qty": null, "tid": null, "ts": "15:38:37"}
[15:38:39] t=7274 jev VEH HARV HOLD (预算保护 cash=410 aav帽=ok aav=0)
[15:38:41] t=7276 jev VEH HARV HOLD (预算保护 cash=410 aav帽=ok aav=0)
[15:38:41] t=7276 MOVE raid x2 -> (76,123)
[15:38:41] {"kind": "action", "what": "attack_move", "name": null, "qty": null, "tid": null, "ts": "15:38:41"}
[15:38:43] t=7279 jev VEH HARV HOLD (预算保护 cash=410 aav帽=ok aav=0)
[15:38:45] t=7282 jev VEH HARV HOLD (预算保护 cash=410 aav帽=ok aav=0)
[15:38:47] t=7284 jev VEH HARV HOLD (预算保护 cash=410 aav帽=ok aav=0)
[15:38:47] t=7287 ALARM unit lost -> TURTLE (3 v 5, 守塔阵不打野战)
[15:38:47] {"kind": "action", "what": "attack_move", "name": null, "qty": null, "tid": null, "ts": "15:38:47"}
[15:38:49] t=7287 jev VEH HARV HOLD (预算保护 cash=785 aav帽=ok aav=0)
[15:38:51] t=7289 jev VEH HARV HOLD (预算保护 cash=785 aav帽=ok aav=0)
[15:38:52] t=7292 jev VEH HARV HOLD (预算保护 cash=785 aav帽=ok aav=0)
[15:38:53] t=7295 HARASS DRON x2 (have 0)
[15:38:53] {"kind": "action", "what": "produce", "name": "DRON", "qty": 2, "tid": null, "ts": "15:38:53"}
[15:38:56] t=7297 MOVE assault x3 -> (82,128)
[15:38:56] {"kind": "action", "what": "attack_move", "name": null, "qty": null, "tid": null, "ts": "15:38:56"}
[15:38:59] t=7303 ESCORT 坦克#7775 -> 护航矿车@[117, 135]
[15:38:59] {"kind": "action", "what": "attack_move", "name": null, "qty": null, "tid": null, "ts": "15:38:59"}
[15:39:00] t=7303 jev VEH HARV HOLD (预算保护 cash=485 aav帽=ok aav=0)
[15:39:02] t=7305 jev VEH HARV HOLD (预算保护 cash=485 aav帽=ok aav=0)
[15:39:02] t=7305 MOVE raid x2 -> (76,123)
[15:39:02] {"kind": "action", "what": "attack_move", "name": null, "qty": null, "tid": null, "ts": "15:39:02"}
[15:39:04] t=7308 jev VEH HARV HOLD (预算保护 cash=485 aav帽=ok aav=0)
[15:39:06] t=7310 jev VEH HARV HOLD (预算保护 cash=485 aav帽=ok aav=0)
[15:39:07] t=7313 TANK HTNK x1
[15:39:07] t=7313 DEBT-GATE HTNK x1 (debt=0 eff=860 < 900)
[15:39:08] t=7313 jev VEH HARV HOLD (预算保护 cash=860 aav帽=ok aav=0)
[15:39:09] t=7316 TANK HTNK x1
[15:39:09] t=7316 DEBT-GATE HTNK x1 (debt=0 eff=860 < 900)
[15:39:10] t=7316 jev VEH HARV HOLD (预算保护 cash=860 aav帽=ok aav=0)
[15:39:10] t=7316 MOVE assault x5 -> (82,128)
[15:39:10] {"kind": "action", "what": "attack_move", "name": null, "qty": null, "tid": null, "ts": "15:39:10"}
[15:39:10] t=7318 TANK HTNK x1
[15:39:10] t=7318 DEBT-GATE HTNK x1 (debt=0 eff=860 < 900)
[15:39:12] t=7318 jev VEH HARV HOLD (预算保护 cash=860 aav帽=ok aav=0)
[15:39:12] t=7321 TANK HTNK x1
[15:39:12] t=7321 DEBT-GATE HTNK x1 (debt=0 eff=860 < 900)
[15:39:14] t=7321 jev VEH HARV HOLD (预算保护 cash=860 aav帽=ok aav=0)
[15:39:14] t=7321 tick#2825 credits=860 stance=defend | jev 2824 decisions p50=1725ms
[15:39:14] t=7324 TANK HTNK x1
[15:39:14] t=7324 DEBT-GATE HTNK x1 (debt=0 eff=860 < 900)
[15:39:16] t=7324 jev VEH HARV HOLD (预算保护 cash=860 aav帽=ok aav=0)
[15:39:16] t=7326 TANK HTNK x1
[15:39:16] {"kind": "action", "what": "produce", "name": "HTNK", "qty": 1, "tid": null, "ts": "15:39:16"}
[15:39:24] t=7334 jev VEH HARV HOLD (预算保护 cash=260 aav帽=ok aav=0)
[15:39:24] t=7334 MOVE raid x2 -> (76,123); assault x6 -> (82,128)
[15:39:24] {"kind": "action", "what": "attack_move", "name": null, "qty": null, "tid": null, "ts": "15:39:24"}
[15:39:24] {"kind": "action", "what": "attack_move", "name": null, "qty": null, "tid": null, "ts": "15:39:24"}
[15:39:26] t=7337 jev VEH HARV HOLD (预算保护 cash=260 aav帽=ok aav=0)
[15:39:28] t=7340 jev VEH HARV HOLD (预算保护 cash=560 aav帽=ok aav=0)
[15:39:30] t=7342 jev VEH HARV HOLD (预算保护 cash=560 aav帽=ok aav=0)
[15:39:30] t=7345 ESCORT 坦克#7798 -> 护航矿车@[117, 131]
[15:39:30] {"kind": "action", "what": "attack_move", "name": null, "qty": null, "tid": null, "ts": "15:39:30"}
[15:39:32] t=7345 jev VEH HARV HOLD (预算保护 cash=560 aav帽=ok aav=0)
[15:39:34] t=7348 jev VEH HARV HOLD (预算保护 cash=560 aav帽=ok aav=0)
[15:39:36] t=7350 jev VEH HARV HOLD (预算保护 cash=560 aav帽=ok aav=0)
[15:39:36] t=7353 ALARM unit lost -> TURTLE (5 v 5, 守塔阵不打野战)
[15:39:36] {"kind": "action", "what": "attack_move", "name": null, "qty": null, "tid": null, "ts": "15:39:36"}
[15:39:38] t=7353 jev VEH HARV HOLD (预算保护 cash=560 aav帽=ok aav=0)
[15:39:40] t=7355 jev VEH HARV HOLD (预算保护 cash=560 aav帽=ok aav=0)
[15:39:42] t=7358 jev VEH HARV HOLD (预算保护 cash=560 aav帽=ok aav=0)
[15:39:44] t=7361 jev VEH HARV HOLD (预算保护 cash=560 aav帽=ok aav=0)
[15:39:46] t=7363 jev VEH HARV HOLD (预算保护 cash=560 aav帽=ok aav=0)
[15:39:46] t=7363 MOVE raid x1 -> (76,123); assault x5 -> (82,128)
[15:39:46] {"kind": "action", "what": "attack_move", "name": null, "qty": null, "tid": null, "ts": "15:39:46"}
[15:39:46] {"kind": "action", "what": "attack_move", "name": null, "qty": null, "tid": null, "ts": "15:39:46"}
[15:39:48] t=7366 jev VEH HARV HOLD (预算保护 cash=560 aav帽=ok aav=0)
[15:39:50] t=7369 jev VEH HARV HOLD (预算保护 cash=560 aav帽=ok aav=0)
[15:39:52] t=7371 jev VEH HARV HOLD (预算保护 cash=560 aav帽=ok aav=0)
[15:39:54] t=7374 jev VEH HARV HOLD (预算保护 cash=560 aav帽=ok aav=0)
[15:39:56] t=7376 jev VEH HARV HOLD (预算保护 cash=560 aav帽=ok aav=0)
[15:39:58] t=7379 jev VEH HARV HOLD (预算保护 cash=560 aav帽=ok aav=0)
[15:39:58] t=7382 HARASS DRON x2 (have 1)
[15:39:58] {"kind": "action", "what": "produce", "name": "DRON", "qty": 2, "tid": null, "ts": "15:39:58"}
[15:40:00] t=7382 MOVE assault x5 -> (82,128)
[15:40:00] {"kind": "action", "what": "attack_move", "name": null, "qty": null, "tid": null, "ts": "15:40:00"}
[15:40:00] t=7384 ALARM unit lost -> TURTLE (4 v 5, 守塔阵不打野战)
[15:40:00] {"kind": "action", "what": "attack_move", "name": null, "qty": null, "tid": null, "ts": "15:40:00"}
[15:40:02] t=7387 ESCORT 坦克#7810 -> 护航矿车@[86, 64]
[15:40:02] {"kind": "action", "what": "attack_move", "name": null, "qty": null, "tid": null, "ts": "15:40:02"}
[15:40:04] t=7387 tick#2850 credits=268 stance=defend | jev 2849 decisions p50=1717ms
[15:40:06] t=7390 jev VEH HARV HOLD (预算保护 cash=60 aav帽=ok aav=0)
[15:40:08] t=7392 jev VEH HARV HOLD (预算保护 cash=60 aav帽=ok aav=0)
[15:40:10] t=7395 jev VEH HARV HOLD (预算保护 cash=60 aav帽=ok aav=0)
[15:40:10] t=7395 MOVE raid x2 -> (76,123)
[15:40:10] {"kind": "action", "what": "attack_move", "name": null, "qty": null, "tid": null, "ts": "15:40:10"}
[15:40:12] t=7398 jev VEH HARV HOLD (预算保护 cash=60 aav帽=ok aav=0)
[15:40:13] t=7400 jev VEH HARV HOLD (预算保护 cash=60 aav帽=ok aav=0)
[15:40:13] t=7400 MOVE assault x6 -> (82,128)
[15:40:13] {"kind": "action", "what": "attack_move", "name": null, "qty": null, "tid": null, "ts": "15:40:13"}
[15:40:14] t=7403 TANK HTNK x1
[15:40:14] t=7403 DEBT-GATE HTNK x1 (debt=0 eff=810 < 900)
[15:40:15] t=7403 jev VEH HARV HOLD (预算保护 cash=810 aav帽=ok aav=0)
[15:40:16] t=7405 TANK HTNK x1
[15:40:16] t=7405 DEBT-GATE HTNK x1 (debt=0 eff=810 < 900)
[15:40:17] t=7405 jev VEH HARV HOLD (预算保护 cash=810 aav帽=ok aav=0)
[15:40:18] t=7408 TANK HTNK x1
[15:40:18] t=7408 DEBT-GATE HTNK x1 (debt=0 eff=810 < 900)
[15:40:19] t=7408 jev VEH HARV HOLD (预算保护 cash=810 aav帽=ok aav=0)
[15:40:20] t=7410 TANK HTNK x1
[15:40:20] t=7410 DEBT-GATE HTNK x1 (debt=0 eff=810 < 900)
[15:40:21] t=7410 jev VEH HARV HOLD (预算保护 cash=810 aav帽=ok aav=0)
[15:40:22] t=7413 TANK HTNK x1
[15:40:22] t=7413 DEBT-GATE HTNK x1 (debt=0 eff=810 < 900)
[15:40:23] t=7413 jev VEH HARV HOLD (预算保护 cash=810 aav帽=ok aav=0)
[15:40:23] t=7416 TANK HTNK x1
[15:40:23] t=7416 DEBT-GATE HTNK x1 (debt=0 eff=810 < 900)
[15:40:25] t=7416 jev VEH HARV HOLD (预算保护 cash=810 aav帽=ok aav=0)
[15:40:25] t=7418 TANK HTNK x1
[15:40:25] t=7418 DEBT-GATE HTNK x1 (debt=0 eff=810 < 900)
[15:40:27] t=7418 jev VEH HARV HOLD (预算保护 cash=810 aav帽=ok aav=0)
[15:40:27] t=7418 MOVE assault x6 -> (82,128)
[15:40:27] {"kind": "action", "what": "attack_move", "name": null, "qty": null, "tid": null, "ts": "15:40:27"}
[15:40:27] t=7421 TANK HTNK x1
[15:40:27] t=7421 DEBT-GATE HTNK x1 (debt=0 eff=810 < 900)
[15:40:29] t=7421 jev VEH HARV HOLD (预算保护 cash=810 aav帽=ok aav=0)
[15:40:29] t=7423 TANK HTNK x1
[15:40:29] t=7423 DEBT-GATE HTNK x1 (debt=0 eff=810 < 900)
[15:40:31] t=7423 jev VEH HARV HOLD (预算保护 cash=810 aav帽=ok aav=0)
[15:40:31] t=7423 MOVE raid x2 -> (76,123)
[15:40:31] {"kind": "action", "what": "attack_move", "name": null, "qty": null, "tid": null, "ts": "15:40:31"}
[15:40:31] t=7426 TANK HTNK x1
[15:40:31] t=7426 DEBT-GATE HTNK x1 (debt=0 eff=810 < 900)
[15:40:33] t=7426 jev VEH HARV HOLD (预算保护 cash=810 aav帽=ok aav=0)
[15:40:33] t=7429 TANK HTNK x1
[15:40:33] t=7429 ESCORT 坦克#7824 -> 护航矿车@[120, 109]
[15:40:33] t=7429 DEBT-GATE HTNK x1 (debt=0 eff=810 < 900)
[15:40:33] {"kind": "action", "what": "attack_move", "name": null, "qty": null, "tid": null, "ts": "15:40:33"}
[15:40:35] t=7429 jev VEH HARV HOLD (预算保护 cash=810 aav帽=ok aav=0)
[15:40:35] t=7431 TANK HTNK x1
[15:40:35] t=7431 DEBT-GATE HTNK x1 (debt=0 eff=810 < 900)
[15:40:37] t=7431 jev VEH HARV HOLD (预算保护 cash=810 aav帽=ok aav=0)
[15:40:37] t=7434 ALARM unit lost -> TURTLE (3 v 5, 守塔阵不打野战)
[15:40:37] {"kind": "action", "what": "attack_move", "name": null, "qty": null, "tid": null, "ts": "15:40:37"}
[15:40:37] t=7434 HARASS DRON x2 (have 1)
[15:40:37] {"kind": "action", "what": "produce", "name": "DRON", "qty": 2, "tid": null, "ts": "15:40:37"}
[15:40:45] t=7442 jev VEH HARV HOLD (预算保护 cash=10 aav帽=ok aav=0)
[15:40:45] t=7442 ATTACK (tanks=6)
[15:40:47] t=7444 jev VEH HARV HOLD (预算保护 cash=385 aav帽=ok aav=0)
[15:40:47] t=7444 MOVE assault x7 -> (82,128)
[15:40:47] {"kind": "action", "what": "attack_move", "name": null, "qty": null, "tid": null, "ts": "15:40:47"}
[15:40:49] t=7447 jev VEH HARV HOLD (预算保护 cash=385 aav帽=ok aav=0)
[15:40:49] t=7450 TANK HTNK x1
[15:40:49] t=7450 DEBT-GATE HTNK x1 (debt=0 eff=835 < 900)
[15:40:51] t=7450 jev VEH HARV HOLD (预算保护 cash=835 aav帽=ok aav=0)
[15:40:51] t=7452 TANK HTNK x1
[15:40:51] t=7452 DEBT-GATE HTNK x1 (debt=0 eff=835 < 900)
[15:40:53] t=7452 jev VEH HARV HOLD (预算保护 cash=835 aav帽=ok aav=0)
[15:40:53] t=7452 MOVE raid x3 -> (76,123); assault x7 -> (66,121)
[15:40:53] {"kind": "action", "what": "attack_move", "name": null, "qty": null, "tid": null, "ts": "15:40:53"}
[15:40:53] {"kind": "action", "what": "attack_move", "name": null, "qty": null, "tid": null, "ts": "15:40:53"}
[15:40:53] t=7452 tick#2875 credits=835 stance=attack | jev 2874 decisions p50=1711ms
[15:40:53] t=7455 TANK HTNK x1
[15:40:53] t=7455 DEBT-GATE HTNK x1 (debt=0 eff=835 < 900)
[15:40:55] t=7455 jev VEH HARV HOLD (预算保护 cash=835 aav帽=ok aav=0)
[15:40:55] t=7458 TANK HTNK x1
[15:40:55] t=7458 DEBT-GATE HTNK x1 (debt=0 eff=835 < 900)
[15:40:57] t=7458 jev VEH HARV HOLD (预算保护 cash=835 aav帽=ok aav=0)
[15:40:57] t=7461 TANK HTNK x1
[15:40:57] t=7461 RETREAT HTNK(38%)
[15:40:57] t=7461 DEBT-GATE HTNK x1 (debt=0 eff=835 < 900)
[15:40:57] {"kind": "action", "what": "move", "name": null, "qty": null, "tid": null, "ts": "15:40:57"}
[15:40:59] t=7461 jev VEH HARV HOLD (预算保护 cash=835 aav帽=ok aav=0)
[15:40:59] t=7463 ALARM unit lost -> 攻势保持（塔阵守家, 前线 5 个单位继续进攻）
[15:40:59] t=7463 TANK HTNK x1
[15:40:59] t=7463 DEBT-GATE HTNK x1 (debt=0 eff=835 < 900)
[15:41:01] t=7463 jev VEH HARV HOLD (预算保护 cash=835 aav帽=ok aav=0)
[15:41:01] t=7466 TANK HTNK x1
[15:41:01] t=7466 DEBT-GATE HTNK x1 (debt=0 eff=835 < 900)
[15:41:03] t=7466 jev VEH HARV HOLD (预算保护 cash=835 aav帽=ok aav=0)
[15:41:03] t=7468 ALARM unit lost -> 攻势保持（塔阵守家, 前线 4 个单位继续进攻）
[15:41:03] t=7468 TANK HTNK x1
[15:41:03] t=7468 DEBT-GATE HTNK x1 (debt=0 eff=835 < 900)
[15:41:05] t=7468 jev VEH HARV HOLD (预算保护 cash=835 aav帽=ok aav=0)
[15:41:05] t=7468 MOVE assault x5 -> (66,121)
[15:41:05] {"kind": "action", "what": "attack_move", "name": null, "qty": null, "tid": null, "ts": "15:41:05"}
[15:41:05] t=7471 ALARM unit lost -> 攻势保持（塔阵守家, 前线 4 个单位继续进攻）
[15:41:05] t=7471 TANK HTNK x1
[15:41:05] t=7471 DEBT-GATE HTNK x1 (debt=0 eff=835 < 900)
[15:41:07] t=7471 jev VEH HARV HOLD (预算保护 cash=835 aav帽=ok aav=0)
[15:41:07] t=7474 TANK HTNK x1
[15:41:07] t=7474 DEBT-GATE HTNK x1 (debt=0 eff=835 < 900)
[15:41:09] t=7474 jev VEH HARV HOLD (预算保护 cash=835 aav帽=ok aav=0)
[15:41:09] t=7476 TANK HTNK x1
[15:41:09] t=7476 DEBT-GATE HTNK x1 (debt=0 eff=835 < 900)
[15:41:11] t=7476 jev VEH HARV HOLD (预算保护 cash=835 aav帽=ok aav=0)
[15:41:11] t=7479 TANK HTNK x1
[15:41:11] t=7479 DEBT-GATE HTNK x1 (debt=0 eff=835 < 900)
[15:41:13] t=7479 jev VEH HARV HOLD (预算保护 cash=835 aav帽=ok aav=0)
[15:41:13] t=7479 MOVE raid x2 -> (76,123)
[15:41:13] {"kind": "action", "what": "attack_move", "name": null, "qty": null, "tid": null, "ts": "15:41:13"}
[15:41:13] t=7482 TANK HTNK x1
[15:41:13] t=7482 ESCORT 坦克#7824 -> 护航矿车@[115, 135]
[15:41:13] t=7482 DEBT-GATE HTNK x1 (debt=0 eff=835 < 900)
[15:41:13] {"kind": "action", "what": "attack_move", "name": null, "qty": null, "tid": null, "ts": "15:41:13"}
[15:41:20] t=7482 jev VEH HARV HOLD (预算保护 cash=835 aav帽=ok aav=0)
[15:41:20] t=7482 MOVE raid x3 -> (75,123); assault x5 -> (66,121)
[15:41:20] {"kind": "action", "what": "attack_move", "name": null, "qty": null, "tid": null, "ts": "15:41:20"}
[15:41:20] {"kind": "action", "what": "attack_move", "name": null, "qty": null, "tid": null, "ts": "15:41:20"}
[15:41:20] t=7491 ALARM unit lost -> 攻势保持（塔阵守家, 前线 3 个单位继续进攻）
[15:41:20] t=7491 HARASS DRON x2 (have 1)
[15:41:20] {"kind": "action", "what": "produce", "name": "DRON", "qty": 2, "tid": null, "ts": "15:41:20"}
[15:41:22] t=7491 RECOVER (only 2 tanks)
[15:41:28] t=7499 jev VEH HARV HOLD (预算保护 cash=410 aav帽=ok aav=0)
[15:41:28] t=7502 ALARM unit lost -> counter 4 vs 3 -> [134, 79]
[15:41:28] {"kind": "action", "what": "attack_move", "name": null, "qty": null, "tid": null, "ts": "15:41:28"}
[15:41:30] t=7502 jev VEH HARV HOLD (预算保护 cash=410 aav帽=ok aav=0)
[15:41:32] t=7504 jev VEH HARV HOLD (预算保护 cash=410 aav帽=ok aav=0)
[15:41:34] t=7507 jev VEH HARV HOLD (预算保护 cash=410 aav帽=ok aav=0)
[15:41:36] t=7510 jev VEH HARV HOLD (预算保护 cash=410 aav帽=ok aav=0)
[15:41:37] t=7512 jev VEH HARV HOLD (预算保护 cash=410 aav帽=ok aav=0)
[15:41:37] t=7512 MOVE assault x4 -> (66,121)
[15:41:37] {"kind": "action", "what": "attack_move", "name": null, "qty": null, "tid": null, "ts": "15:41:37"}
[15:41:39] t=7515 jev VEH HARV HOLD (预算保护 cash=635 aav帽=ok aav=0)
[15:41:41] t=7517 jev VEH HARV HOLD (预算保护 cash=635 aav帽=ok aav=0)
[15:41:41] t=7517 MOVE raid x2 -> (75,123)
[15:41:41] {"kind": "action", "what": "attack_move", "name": null, "qty": null, "tid": null, "ts": "15:41:41"}
[15:41:43] t=7520 jev VEH HARV HOLD (预算保护 cash=635 aav帽=ok aav=0)
[15:41:45] t=7522 jev VEH HARV HOLD (预算保护 cash=635 aav帽=ok aav=0)
[15:41:47] t=7525 jev VEH HARV HOLD (预算保护 cash=635 aav帽=ok aav=0)
[15:41:47] t=7525 tick#2900 credits=635 stance=defend | jev 2899 decisions p50=1707ms
[15:41:49] t=7528 jev VEH HARV HOLD (预算保护 cash=635 aav帽=ok aav=0)
[15:41:51] t=7530 jev VEH HARV HOLD (预算保护 cash=635 aav帽=ok aav=0)
[15:41:51] t=7530 MOVE assault x4 -> (66,121)
[15:41:51] {"kind": "action", "what": "attack_move", "name": null, "qty": null, "tid": null, "ts": "15:41:51"}
[15:41:53] t=7533 jev VEH HARV HOLD (预算保护 cash=635 aav帽=ok aav=0)
[15:41:55] t=7535 jev VEH HARV HOLD (预算保护 cash=635 aav帽=ok aav=0)
[15:41:57] t=7538 jev VEH HARV HOLD (预算保护 cash=635 aav帽=ok aav=0)
[15:41:59] t=7540 jev VEH HARV HOLD (预算保护 cash=635 aav帽=ok aav=0)
[15:42:01] t=7543 jev VEH HARV HOLD (预算保护 cash=635 aav帽=ok aav=0)
[15:42:02] t=7545 jev VEH HARV HOLD (预算保护 cash=635 aav帽=ok aav=0)
[15:42:02] t=7545 MOVE raid x2 -> (75,123)
[15:42:02] {"kind": "action", "what": "attack_move", "name": null, "qty": null, "tid": null, "ts": "15:42:02"}
[15:42:03] t=7548 ALARM unit lost -> TURTLE (2 v 3, 守塔阵不打野战)
[15:42:03] {"kind": "action", "what": "attack_move", "name": null, "qty": null, "tid": null, "ts": "15:42:03"}
[15:42:04] t=7548 jev VEH HARV HOLD (预算保护 cash=635 aav帽=ok aav=0)
[15:42:06] t=7551 jev VEH HARV HOLD (预算保护 cash=635 aav帽=ok aav=0)
[15:42:08] t=7553 jev VEH HARV HOLD (预算保护 cash=635 aav帽=ok aav=0)
[15:42:10] t=7556 jev VEH HARV HOLD (预算保护 cash=635 aav帽=ok aav=0)
[15:42:10] t=7558 HARASS DRON x2 (have 0)
[15:42:10] {"kind": "action", "what": "produce", "name": "DRON", "qty": 2, "tid": null, "ts": "15:42:10"}
[15:42:12] t=7558 MOVE assault x2 -> (66,121)
[15:42:12] {"kind": "action", "what": "attack_move", "name": null, "qty": null, "tid": null, "ts": "15:42:12"}
[15:42:18] t=7566 jev VEH HARV HOLD (预算保护 cash=210 aav帽=ok aav=0)
[15:42:20] t=7568 jev VEH HARV HOLD (预算保护 cash=210 aav帽=ok aav=0)
[15:42:21] t=7571 jev VEH HARV HOLD (预算保护 cash=210 aav帽=ok aav=0)
[15:42:23] t=7573 jev VEH HARV HOLD (预算保护 cash=210 aav帽=ok aav=0)
[15:42:23] t=7573 MOVE raid x2 -> (75,123)
[15:42:23] {"kind": "action", "what": "attack_move", "name": null, "qty": null, "tid": null, "ts": "15:42:23"}
[15:42:25] t=7576 jev VEH HARV HOLD (预算保护 cash=785 aav帽=ok aav=0)
[15:42:25] t=7576 MOVE assault x4 -> (66,121)
[15:42:25] {"kind": "action", "what": "attack_move", "name": null, "qty": null, "tid": null, "ts": "15:42:25"}
[15:42:27] t=7578 jev VEH HARV HOLD (预算保护 cash=785 aav帽=ok aav=0)
[15:42:29] t=7581 jev VEH HARV HOLD (预算保护 cash=785 aav帽=ok aav=0)
[15:42:29] t=7584 TANK HTNK x1
[15:42:29] {"kind": "action", "what": "produce", "name": "HTNK", "qty": 1, "tid": null, "ts": "15:42:29"}
[15:42:35] t=7589 tick#2925 credits=460 stance=defend | jev 2924 decisions p50=1700ms
[15:42:35] t=7591 ESCORT 坦克#7934 -> 护航矿车@[122, 102]
[15:42:35] {"kind": "action", "what": "attack_move", "name": null, "qty": null, "tid": null, "ts": "15:42:35"}
[15:42:37] t=7591 jev VEH HARV HOLD (预算保护 cash=185 aav帽=ok aav=0)
[15:42:39] t=7594 jev VEH HARV HOLD (预算保护 cash=185 aav帽=ok aav=0)
[15:42:39] t=7594 MOVE assault x5 -> (66,121)
[15:42:39] {"kind": "action", "what": "attack_move", "name": null, "qty": null, "tid": null, "ts": "15:42:39"}
[15:42:41] t=7596 jev VEH HARV HOLD (预算保护 cash=185 aav帽=ok aav=0)
[15:42:42] t=7599 jev VEH HARV HOLD (预算保护 cash=185 aav帽=ok aav=0)
[15:42:44] t=7601 jev VEH HARV HOLD (预算保护 cash=560 aav帽=ok aav=0)
[15:42:44] t=7601 MOVE raid x2 -> (75,123)
[15:42:44] {"kind": "action", "what": "attack_move", "name": null, "qty": null, "tid": null, "ts": "15:42:44"}
[15:42:46] t=7604 jev VEH HARV HOLD (预算保护 cash=560 aav帽=ok aav=0)
[15:42:48] t=7606 jev VEH HARV HOLD (预算保护 cash=560 aav帽=ok aav=0)
[15:42:50] t=7609 jev VEH HARV HOLD (预算保护 cash=560 aav帽=ok aav=0)
[15:42:52] t=7611 jev VEH HARV HOLD (预算保护 cash=560 aav帽=ok aav=0)
[15:42:52] t=7611 MOVE assault x5 -> (66,121)
[15:42:52] {"kind": "action", "what": "attack_move", "name": null, "qty": null, "tid": null, "ts": "15:42:52"}
[15:42:52] t=7614 ALARM unit lost -> TURTLE (3 v 3, 守塔阵不打野战)
[15:42:52] {"kind": "action", "what": "attack_move", "name": null, "qty": null, "tid": null, "ts": "15:42:52"}
[15:42:54] t=7614 jev VEH HARV HOLD (预算保护 cash=560 aav帽=ok aav=0)
[15:42:56] t=7616 jev VEH HARV HOLD (预算保护 cash=560 aav帽=ok aav=0)
[15:42:58] t=7619 jev VEH HARV HOLD (预算保护 cash=560 aav帽=ok aav=0)
[15:42:59] t=7621 jev VEH HARV HOLD (预算保护 cash=560 aav帽=ok aav=0)
[15:43:01] t=7624 jev VEH HARV HOLD (预算保护 cash=560 aav帽=ok aav=0)
[15:43:02] t=7627 HARASS DRON x2 (have 0)
[15:43:02] {"kind": "action", "what": "produce", "name": "DRON", "qty": 2, "tid": null, "ts": "15:43:02"}
[15:43:05] t=7629 MOVE assault x3 -> (66,121)
[15:43:05] {"kind": "action", "what": "attack_move", "name": null, "qty": null, "tid": null, "ts": "15:43:05"}
[15:43:07] t=7632 MOVE raid x1 -> (75,123)
[15:43:07] {"kind": "action", "what": "attack_move", "name": null, "qty": null, "tid": null, "ts": "15:43:07"}
[15:43:07] t=7634 ESCORT 坦克#7940 -> 护航矿车@[82, 97]
[15:43:07] {"kind": "action", "what": "attack_move", "name": null, "qty": null, "tid": null, "ts": "15:43:07"}
[15:43:09] t=7634 jev VEH HARV HOLD (预算保护 cash=510 aav帽=ok aav=0)
[15:43:11] t=7637 jev VEH HARV HOLD (预算保护 cash=510 aav帽=ok aav=0)
[15:43:13] t=7639 jev VEH HARV HOLD (预算保护 cash=510 aav帽=ok aav=0)
[15:43:15] t=7642 jev VEH HARV HOLD (预算保护 cash=510 aav帽=ok aav=0)
[15:43:17] t=7644 jev VEH HARV HOLD (预算保护 cash=510 aav帽=ok aav=0)
[15:43:19] t=7647 jev VEH HARV HOLD (预算保护 cash=510 aav帽=ok aav=0)
[15:43:19] t=7647 MOVE assault x5 -> (66,121)
[15:43:19] {"kind": "action", "what": "attack_move", "name": null, "qty": null, "tid": null, "ts": "15:43:19"}
[15:43:21] t=7650 jev VEH HARV HOLD (预算保护 cash=510 aav帽=ok aav=0)
[15:43:22] t=7652 jev VEH HARV HOLD (预算保护 cash=510 aav帽=ok aav=0)
[15:43:22] t=7652 tick#2950 credits=510 stance=defend | jev 2949 decisions p50=1695ms
[15:43:24] t=7655 jev VEH HARV HOLD (预算保护 cash=510 aav帽=ok aav=0)
[15:43:26] t=7657 jev VEH HARV HOLD (预算保护 cash=510 aav帽=ok aav=0)
[15:43:28] t=7660 jev VEH HARV HOLD (预算保护 cash=510 aav帽=ok aav=0)
[15:43:28] t=7660 MOVE raid x2 -> (75,123)
[15:43:28] {"kind": "action", "what": "attack_move", "name": null, "qty": null, "tid": null, "ts": "15:43:28"}
[15:43:28] t=7662 TANK HTNK x1
[15:43:28] t=7662 DEBT-GATE HTNK x1 (debt=0 eff=885 < 900)
[15:43:30] t=7662 jev VEH HARV HOLD (预算保护 cash=885 aav帽=ok aav=0)
[15:43:30] t=7665 TANK HTNK x1
[15:43:30] t=7665 DEBT-GATE HTNK x1 (debt=0 eff=885 < 900)
[15:43:32] t=7665 jev VEH HARV HOLD (预算保护 cash=885 aav帽=ok aav=0)
[15:43:32] t=7665 MOVE assault x5 -> (66,121)
[15:43:32] {"kind": "action", "what": "attack_move", "name": null, "qty": null, "tid": null, "ts": "15:43:32"}
[15:43:32] t=7667 TANK HTNK x1
[15:43:32] t=7667 DEBT-GATE HTNK x1 (debt=0 eff=885 < 900)
[15:43:34] t=7667 jev VEH HARV HOLD (预算保护 cash=885 aav帽=ok aav=0)
[15:43:34] t=7670 TANK HTNK x1
[15:43:34] t=7670 DEBT-GATE HTNK x1 (debt=0 eff=885 < 900)
[15:43:36] t=7670 jev VEH HARV HOLD (预算保护 cash=885 aav帽=ok aav=0)
[15:43:36] t=7672 TANK HTNK x1
[15:43:36] t=7672 DEBT-GATE HTNK x1 (debt=0 eff=885 < 900)
[15:43:37] t=7672 jev VEH HARV HOLD (预算保护 cash=885 aav帽=ok aav=0)
[15:43:38] t=7675 TANK HTNK x1
[15:43:38] t=7675 ESCORT 坦克#7940 -> 护航矿车@[115, 134]
[15:43:38] t=7675 DEBT-GATE HTNK x1 (debt=0 eff=885 < 900)
[15:43:38] {"kind": "action", "what": "attack_move", "name": null, "qty": null, "tid": null, "ts": "15:43:38"}
[15:43:39] t=7675 jev VEH HARV HOLD (预算保护 cash=885 aav帽=ok aav=0)
[15:43:40] t=7677 TANK HTNK x1
[15:43:40] t=7677 DEBT-GATE HTNK x1 (debt=0 eff=885 < 900)
[15:43:41] t=7677 jev VEH HARV HOLD (预算保护 cash=885 aav帽=ok aav=0)
[15:43:42] t=7680 TANK HTNK x1
[15:43:42] t=7680 DEBT-GATE HTNK x1 (debt=0 eff=885 < 900)
[15:43:43] t=7680 jev VEH HARV HOLD (预算保护 cash=885 aav帽=ok aav=0)
[15:43:43] t=7682 TANK HTNK x1
[15:43:43] t=7682 DEBT-GATE HTNK x1 (debt=0 eff=885 < 900)
[15:43:45] t=7682 jev VEH HARV HOLD (预算保护 cash=885 aav帽=ok aav=0)
[15:43:45] t=7682 MOVE assault x5 -> (66,121)
[15:43:45] {"kind": "action", "what": "attack_move", "name": null, "qty": null, "tid": null, "ts": "15:43:45"}
[15:43:45] t=7685 TANK HTNK x1
[15:43:45] t=7685 DEBT-GATE HTNK x1 (debt=0 eff=885 < 900)
[15:43:47] t=7685 jev VEH HARV HOLD (预算保护 cash=885 aav帽=ok aav=0)
[15:43:47] t=7687 TANK HTNK x1
[15:43:47] t=7687 DEBT-GATE HTNK x1 (debt=0 eff=885 < 900)
[15:43:49] t=7687 jev VEH HARV HOLD (预算保护 cash=885 aav帽=ok aav=0)
[15:43:49] t=7687 MOVE raid x2 -> (75,123)
[15:43:49] {"kind": "action", "what": "attack_move", "name": null, "qty": null, "tid": null, "ts": "15:43:49"}
[15:43:49] t=7690 TANK HTNK x1
[15:43:49] t=7690 DEBT-GATE HTNK x1 (debt=0 eff=885 < 900)
[15:43:51] t=7690 jev VEH HARV HOLD (预算保护 cash=885 aav帽=ok aav=0)
[15:43:51] t=7692 TANK HTNK x1
[15:43:51] t=7692 DEBT-GATE HTNK x1 (debt=0 eff=885 < 900)
[15:43:53] t=7692 jev VEH HARV HOLD (预算保护 cash=885 aav帽=ok aav=0)
[15:43:53] t=7695 TANK HTNK x1
[15:43:53] {"kind": "action", "what": "produce", "name": "HTNK", "qty": 1, "tid": null, "ts": "15:43:53"}
[15:43:58] t=7700 MOVE assault x5 -> (66,121)
[15:43:58] {"kind": "action", "what": "attack_move", "name": null, "qty": null, "tid": null, "ts": "15:43:58"}
[15:44:00] t=7702 jev VEH HARV HOLD (预算保护 cash=285 aav帽=ok aav=0)
[15:44:02] t=7705 jev VEH HARV HOLD (预算保护 cash=285 aav帽=ok aav=0)
[15:44:04] t=7707 jev VEH HARV HOLD (预算保护 cash=285 aav帽=ok aav=0)
[15:44:06] t=7710 jev VEH HARV HOLD (预算保护 cash=285 aav帽=ok aav=0)
[15:44:08] t=7713 jev VEH HARV HOLD (预算保护 cash=285 aav帽=ok aav=0)
[15:44:08] t=7715 ESCORT 坦克#7940 -> 护航矿车@[117, 135]
[15:44:08] {"kind": "action", "what": "attack_move", "name": null, "qty": null, "tid": null, "ts": "15:44:08"}
[15:44:10] t=7715 jev VEH HARV HOLD (预算保护 cash=285 aav帽=ok aav=0)
[15:44:10] t=7715 MOVE raid x2 -> (75,123)
[15:44:10] {"kind": "action", "what": "attack_move", "name": null, "qty": null, "tid": null, "ts": "15:44:10"}
[15:44:10] t=7715 tick#2975 credits=285 stance=defend | jev 2974 decisions p50=1690ms
[15:44:12] t=7718 jev VEH HARV HOLD (预算保护 cash=285 aav帽=ok aav=0)
[15:44:12] t=7718 MOVE assault x6 -> (66,121)
[15:44:12] {"kind": "action", "what": "attack_move", "name": null, "qty": null, "tid": null, "ts": "15:44:12"}
[15:44:12] t=7720 ALARM unit lost -> counter 4 vs 3 -> [134, 79]
[15:44:12] {"kind": "action", "what": "attack_move", "name": null, "qty": null, "tid": null, "ts": "15:44:12"}
[15:44:14] t=7720 jev VEH HARV HOLD (预算保护 cash=285 aav帽=ok aav=0)
[15:44:16] t=7723 jev VEH HARV HOLD (预算保护 cash=285 aav帽=ok aav=0)
[15:44:18] t=7726 jev VEH HARV HOLD (预算保护 cash=285 aav帽=ok aav=0)
[15:44:19] t=7728 jev VEH HARV HOLD (预算保护 cash=285 aav帽=ok aav=0)
[15:44:21] t=7731 jev VEH HARV HOLD (预算保护 cash=285 aav帽=ok aav=0)
[15:44:23] t=7733 jev VEH HARV HOLD (预算保护 cash=285 aav帽=ok aav=0)
[15:44:25] t=7736 jev VEH HARV HOLD (预算保护 cash=285 aav帽=ok aav=0)
[15:44:25] t=7736 MOVE assault x5 -> (66,121)
[15:44:25] {"kind": "action", "what": "attack_move", "name": null, "qty": null, "tid": null, "ts": "15:44:25"}
[15:44:25] t=7738 RETREAT HTNK(17%)
[15:44:25] {"kind": "action", "what": "move", "name": null, "qty": null, "tid": null, "ts": "15:44:25"}
[15:44:27] t=7738 jev VEH HARV HOLD (预算保护 cash=285 aav帽=ok aav=0)
[15:44:27] t=7741 ALARM unit lost -> TURTLE (3 v 3, 守塔阵不打野战)
[15:44:27] {"kind": "action", "what": "attack_move", "name": null, "qty": null, "tid": null, "ts": "15:44:27"}
[15:44:29] t=7741 jev VEH HARV HOLD (预算保护 cash=285 aav帽=ok aav=0)
[15:44:31] t=7743 jev VEH HARV HOLD (预算保护 cash=285 aav帽=ok aav=0)
[15:44:33] t=7746 jev VEH HARV HOLD (预算保护 cash=285 aav帽=ok aav=0)
[15:44:35] t=7749 jev VEH HARV HOLD (预算保护 cash=285 aav帽=ok aav=0)
[15:44:37] t=7751 jev VEH HARV HOLD (预算保护 cash=285 aav帽=ok aav=0)
[15:44:37] t=7751 MOVE raid x1 -> (75,123)
[15:44:37] {"kind": "action", "what": "attack_move", "name": null, "qty": null, "tid": null, "ts": "15:44:37"}
[15:44:39] t=7754 jev VEH HARV HOLD (预算保护 cash=285 aav帽=ok aav=0)
[15:44:39] t=7754 MOVE assault x4 -> (66,121)
[15:44:39] {"kind": "action", "what": "attack_move", "name": null, "qty": null, "tid": null, "ts": "15:44:39"}
[15:44:41] t=7756 jev VEH HARV HOLD (预算保护 cash=585 aav帽=ok aav=0)
[15:44:41] t=7759 ALARM unit lost -> TURTLE (3 v 3, 守塔阵不打野战)
[15:44:41] {"kind": "action", "what": "attack_move", "name": null, "qty": null, "tid": null, "ts": "15:44:41"}
[15:44:42] t=7759 jev VEH HARV HOLD (预算保护 cash=585 aav帽=ok aav=0)
[15:44:44] t=7761 jev VEH HARV HOLD (预算保护 cash=585 aav帽=ok aav=0)
[15:44:46] t=7764 jev VEH HARV HOLD (预算保护 cash=585 aav帽=ok aav=0)
[15:44:48] t=7766 jev VEH HARV HOLD (预算保护 cash=585 aav帽=ok aav=0)
[15:44:50] t=7769 jev VEH HARV HOLD (预算保护 cash=585 aav帽=ok aav=0)
[15:44:52] t=7771 jev VEH HARV HOLD (预算保护 cash=585 aav帽=ok aav=0)
[15:44:52] t=7771 MOVE assault x3 -> (66,121)
[15:44:52] {"kind": "action", "what": "attack_move", "name": null, "qty": null, "tid": null, "ts": "15:44:52"}
[15:44:54] t=7774 jev VEH HARV HOLD (预算保护 cash=585 aav帽=ok aav=0)
[15:44:56] t=7776 jev VEH HARV HOLD (预算保护 cash=585 aav帽=ok aav=0)
[15:44:58] t=7779 jev VEH HARV HOLD (预算保护 cash=585 aav帽=ok aav=0)
[15:44:58] t=7779 tick#3000 credits=585 stance=defend | jev 2999 decisions p50=1682ms
[15:44:59] t=7781 jev VEH HARV HOLD (预算保护 cash=585 aav帽=ok aav=0)
[15:45:01] t=7784 jev VEH HARV HOLD (预算保护 cash=585 aav帽=ok aav=0)
[15:45:03] t=7786 jev VEH HARV HOLD (预算保护 cash=585 aav帽=ok aav=0)
[15:45:05] t=7789 jev VEH HARV HOLD (预算保护 cash=585 aav帽=ok aav=0)
[15:45:05] t=7789 MOVE assault x3 -> (66,121)
[15:45:05] {"kind": "action", "what": "attack_move", "name": null, "qty": null, "tid": null, "ts": "15:45:05"}
[15:45:07] t=7792 jev VEH HARV HOLD (预算保护 cash=585 aav帽=ok aav=0)
[15:45:09] t=7794 jev VEH HARV HOLD (预算保护 cash=585 aav帽=ok aav=0)
[15:45:11] t=7797 jev VEH HARV HOLD (预算保护 cash=585 aav帽=ok aav=0)
[15:45:13] t=7799 jev VEH HARV HOLD (预算保护 cash=585 aav帽=ok aav=0)
[15:45:13] t=7802 HARASS DRON x2 (have 0)
[15:45:13] {"kind": "action", "what": "produce", "name": "DRON", "qty": 2, "tid": null, "ts": "15:45:13"}
[15:45:18] t=7807 MOVE raid x1 -> (75,123); assault x4 -> (66,121)
[15:45:18] {"kind": "action", "what": "attack_move", "name": null, "qty": null, "tid": null, "ts": "15:45:18"}
[15:45:18] {"kind": "action", "what": "attack_move", "name": null, "qty": null, "tid": null, "ts": "15:45:18"}
[15:45:19] t=7809 ESCORT 坦克#7973 -> 护航矿车@[120, 110]
[15:45:19] {"kind": "action", "what": "attack_move", "name": null, "qty": null, "tid": null, "ts": "15:45:19"}
[15:45:20] t=7809 jev VEH HARV HOLD (预算保护 cash=235 aav帽=ok aav=0)
[15:45:22] t=7812 jev VEH HARV HOLD (预算保护 cash=235 aav帽=ok aav=0)
[15:45:24] t=7814 jev VEH HARV HOLD (预算保护 cash=235 aav帽=ok aav=0)
[15:45:26] t=7817 jev VEH HARV HOLD (预算保护 cash=235 aav帽=ok aav=0)
[15:45:28] t=7819 jev VEH HARV HOLD (预算保护 cash=235 aav帽=ok aav=0)
[15:45:30] t=7822 jev VEH HARV HOLD (预算保护 cash=235 aav帽=ok aav=0)
[15:45:31] t=7824 jev VEH HARV HOLD (预算保护 cash=235 aav帽=ok aav=0)
[15:45:31] t=7824 MOVE assault x5 -> (66,121)
[15:45:32] {"kind": "action", "what": "attack_move", "name": null, "qty": null, "tid": null, "ts": "15:45:32"}
[15:45:33] t=7827 jev VEH HARV HOLD (预算保护 cash=710 aav帽=ok aav=0)
[15:45:35] t=7829 jev VEH HARV HOLD (预算保护 cash=710 aav帽=ok aav=0)
[15:45:37] t=7832 jev VEH HARV HOLD (预算保护 cash=710 aav帽=ok aav=0)
[15:45:37] t=7834 TANK HTNK x2
[15:45:37] t=7834 DEBT-GATE HTNK x2 (debt=0 eff=1385 < 1800)
[15:45:39] t=7834 jev VEH HARV HOLD (预算保护 cash=1385 aav帽=ok aav=0)
[15:45:39] t=7834 MOVE raid x2 -> (75,123)
[15:45:39] {"kind": "action", "what": "attack_move", "name": null, "qty": null, "tid": null, "ts": "15:45:39"}
[15:45:39] t=7837 TANK HTNK x2
[15:45:39] t=7837 DEBT-GATE HTNK x2 (debt=0 eff=1385 < 1800)
[15:45:41] t=7837 jev VEH HARV HOLD (预算保护 cash=1385 aav帽=ok aav=0)
[15:45:41] t=7839 TANK HTNK x2
[15:45:41] t=7839 DEBT-GATE HTNK x2 (debt=0 eff=1385 < 1800)
[15:45:43] t=7839 jev VEH HARV HOLD (预算保护 cash=1385 aav帽=ok aav=0)
[15:45:43] t=7842 TANK HTNK x2
[15:45:43] t=7842 DEBT-GATE HTNK x2 (debt=0 eff=1385 < 1800)
[15:45:45] t=7842 jev VEH HARV HOLD (预算保护 cash=1385 aav帽=ok aav=0)
[15:45:45] t=7842 MOVE assault x5 -> (66,121)
[15:45:45] {"kind": "action", "what": "attack_move", "name": null, "qty": null, "tid": null, "ts": "15:45:45"}
[15:45:45] t=7842 tick#3025 credits=1385 stance=defend | jev 3024 decisions p50=1665ms
[15:45:45] t=7845 TANK HTNK x2
[15:45:45] t=7845 DEBT-GATE HTNK x2 (debt=0 eff=1385 < 1800)
[15:45:47] t=7845 jev VEH HARV HOLD (预算保护 cash=1385 aav帽=ok aav=0)
[15:45:47] t=7847 TANK HTNK x2
[15:45:47] t=7847 DEBT-GATE HTNK x2 (debt=0 eff=1385 < 1800)
[15:45:49] t=7847 jev VEH HARV HOLD (预算保护 cash=1385 aav帽=ok aav=0)
[15:45:49] t=7850 ALARM unit lost -> TURTLE (3 v 3, 守塔阵不打野战)
[15:45:49] {"kind": "action", "what": "attack_move", "name": null, "qty": null, "tid": null, "ts": "15:45:49"}
[15:45:49] t=7850 HARASS DRON x2 (have 1)
[15:45:49] {"kind": "action", "what": "produce", "name": "DRON", "qty": 2, "tid": null, "ts": "15:45:49"}
[15:45:55] t=7857 TANK HTNK x2
[15:45:55] t=7857 ESCORT 坦克#8011 -> 护航矿车@[104, 90]
[15:45:55] t=7857 DEBT-GATE HTNK x2 (debt=0 eff=1635 < 1800)
[15:45:55] {"kind": "action", "what": "attack_move", "name": null, "qty": null, "tid": null, "ts": "15:45:55"}
[15:45:57] t=7857 jev VEH HARV HOLD (预算保护 cash=1635 aav帽=ok aav=0)
[15:45:57] t=7860 TANK HTNK x2
[15:45:57] t=7860 DEBT-GATE HTNK x2 (debt=0 eff=1635 < 1800)
[15:45:58] t=7860 jev VEH HARV HOLD (预算保护 cash=1635 aav帽=ok aav=0)
[15:45:58] t=7860 MOVE assault x6 -> (66,121)
[15:45:58] {"kind": "action", "what": "attack_move", "name": null, "qty": null, "tid": null, "ts": "15:45:58"}
[15:45:59] t=7863 TANK HTNK x2
[15:45:59] t=7863 DEBT-GATE HTNK x2 (debt=0 eff=1635 < 1800)
[15:46:00] t=7863 jev VEH HARV HOLD (预算保护 cash=1635 aav帽=ok aav=0)
[15:46:00] t=7863 MOVE raid x3 -> (75,123)
[15:46:00] {"kind": "action", "what": "attack_move", "name": null, "qty": null, "tid": null, "ts": "15:46:00"}
[15:46:01] t=7865 TANK HTNK x2
[15:46:01] t=7865 DEBT-GATE HTNK x2 (debt=0 eff=1635 < 1800)
[15:46:02] t=7865 jev VEH HARV HOLD (预算保护 cash=1635 aav帽=ok aav=0)
[15:46:03] t=7868 TANK HTNK x2
[15:46:03] t=7868 DEBT-GATE HTNK x2 (debt=0 eff=1635 < 1800)
[15:46:04] t=7868 jev VEH HARV HOLD (预算保护 cash=1635 aav帽=ok aav=0)
[15:46:04] t=7870 TANK HTNK x2
[15:46:04] t=7870 DEBT-GATE HTNK x2 (debt=0 eff=1635 < 1800)
[15:46:06] t=7870 jev VEH HARV HOLD (预算保护 cash=1635 aav帽=ok aav=0)
[15:46:06] t=7873 TANK HTNK x2
[15:46:06] t=7873 DEBT-GATE HTNK x2 (debt=0 eff=1635 < 1800)
[15:46:08] t=7873 jev VEH HARV HOLD (预算保护 cash=1635 aav帽=ok aav=0)
[15:46:08] t=7875 TANK HTNK x2
[15:46:08] t=7875 DEBT-GATE HTNK x2 (debt=0 eff=1635 < 1800)
[15:46:10] t=7875 jev VEH HARV HOLD (预算保护 cash=1635 aav帽=ok aav=0)
[15:46:10] t=7878 TANK HTNK x2
[15:46:10] t=7878 DEBT-GATE HTNK x2 (debt=0 eff=1635 < 1800)
[15:46:12] t=7878 jev VEH HARV HOLD (预算保护 cash=1635 aav帽=ok aav=0)
[15:46:12] t=7878 MOVE assault x6 -> (66,121)
[15:46:12] {"kind": "action", "what": "attack_move", "name": null, "qty": null, "tid": null, "ts": "15:46:12"}
[15:46:12] t=7881 TANK HTNK x2
[15:46:12] t=7881 DEBT-GATE HTNK x2 (debt=0 eff=1635 < 1800)
[15:46:14] t=7881 jev VEH HARV HOLD (预算保护 cash=1635 aav帽=ok aav=0)
[15:46:14] t=7883 TANK HTNK x2
[15:46:14] t=7883 DEBT-GATE HTNK x2 (debt=0 eff=1635 < 1800)
[15:46:16] t=7883 jev VEH HARV HOLD (预算保护 cash=1635 aav帽=ok aav=0)
[15:46:16] t=7886 TANK HTNK x2
[15:46:16] t=7886 DEBT-GATE HTNK x2 (debt=0 eff=1635 < 1800)
[15:46:18] t=7886 jev VEH HARV HOLD (预算保护 cash=1635 aav帽=ok aav=0)
[15:46:18] t=7888 TANK HTNK x2
[15:46:18] t=7888 DEBT-GATE HTNK x2 (debt=0 eff=1635 < 1800)
[15:46:20] t=7888 jev VEH HARV HOLD (预算保护 cash=1635 aav帽=ok aav=0)
[15:46:20] t=7891 TANK HTNK x2
[15:46:20] t=7891 DEBT-GATE HTNK x2 (debt=0 eff=1635 < 1800)
[15:46:21] t=7891 jev VEH HARV HOLD (预算保护 cash=1635 aav帽=ok aav=0)
[15:46:21] t=7891 MOVE raid x3 -> (75,123)
[15:46:22] {"kind": "action", "what": "attack_move", "name": null, "qty": null, "tid": null, "ts": "15:46:22"}
[15:46:22] t=7893 TANK HTNK x2
[15:46:22] t=7893 DEBT-GATE HTNK x2 (debt=0 eff=1635 < 1800)
[15:46:23] t=7893 jev VEH HARV HOLD (预算保护 cash=1635 aav帽=ok aav=0)
[15:46:24] t=7896 TANK HTNK x2
[15:46:24] t=7896 DEBT-GATE HTNK x2 (debt=0 eff=1635 < 1800)
[15:46:25] t=7896 jev VEH HARV HOLD (预算保护 cash=1635 aav帽=ok aav=0)
[15:46:25] t=7896 MOVE assault x6 -> (66,121)
[15:46:25] {"kind": "action", "what": "attack_move", "name": null, "qty": null, "tid": null, "ts": "15:46:25"}
[15:46:26] t=7899 TANK HTNK x2
[15:46:26] t=7899 ESCORT 坦克#8029 -> 护航矿车@[115, 134]
[15:46:26] {"kind": "action", "what": "produce", "name": "HTNK", "qty": 2, "tid": null, "ts": "15:46:26"}
[15:46:26] {"kind": "action", "what": "attack_move", "name": null, "qty": null, "tid": null, "ts": "15:46:26"}
[15:46:28] t=7901 ALARM unit lost -> counter 4 vs 3 -> [134, 79]
[15:46:28] {"kind": "action", "what": "attack_move", "name": null, "qty": null, "tid": null, "ts": "15:46:28"}
[15:46:33] t=7906 tick#3050 credits=969 stance=defend | jev 3049 decisions p50=1649ms
[15:46:37] t=7912 MOVE assault x6 -> (75,124)
[15:46:37] {"kind": "action", "what": "attack_move", "name": null, "qty": null, "tid": null, "ts": "15:46:37"}
[15:46:39] t=7914 jev VEH HARV HOLD (预算保护 cash=135 aav帽=ok aav=0)
[15:46:39] t=7914 ATTACK (tanks=6)
[15:46:41] t=7917 jev VEH HARV HOLD (预算保护 cash=135 aav帽=ok aav=0)
[15:46:43] t=7920 jev VEH HARV HOLD (预算保护 cash=135 aav帽=ok aav=0)
[15:46:43] t=7920 MOVE raid x2 -> (75,123)
[15:46:43] {"kind": "action", "what": "attack_move", "name": null, "qty": null, "tid": null, "ts": "15:46:43"}
[15:46:45] t=7922 jev VEH HARV HOLD (预算保护 cash=135 aav帽=ok aav=0)
[15:46:45] t=7925 RETREAT HTNK(26%)
[15:46:45] {"kind": "action", "what": "move", "name": null, "qty": null, "tid": null, "ts": "15:46:45"}
[15:46:47] t=7925 jev VEH HARV HOLD (预算保护 cash=135 aav帽=ok aav=0)
[15:46:47] t=7928 ALARM unit lost -> 攻势保持（塔阵守家, 前线 6 个单位继续进攻）
[15:46:49] t=7928 jev VEH HARV HOLD (预算保护 cash=135 aav帽=ok aav=0)
[15:46:51] t=7930 jev VEH HARV HOLD (预算保护 cash=135 aav帽=ok aav=0)
[15:46:51] t=7930 MOVE assault x6 -> (75,124)
[15:46:51] {"kind": "action", "what": "attack_move", "name": null, "qty": null, "tid": null, "ts": "15:46:51"}
[15:46:53] t=7933 jev VEH HARV HOLD (预算保护 cash=135 aav帽=ok aav=0)
[15:46:55] t=7935 jev VEH HARV HOLD (预算保护 cash=135 aav帽=ok aav=0)
[15:46:55] t=7938 ALARM unit lost -> 攻势保持（塔阵守家, 前线 4 个单位继续进攻）
[15:46:57] t=7938 jev VEH HARV HOLD (预算保护 cash=135 aav帽=ok aav=0)
[15:46:57] t=7941 ESCORT 坦克#8029 -> 护航矿车@[117, 135]
[15:46:57] {"kind": "action", "what": "attack_move", "name": null, "qty": null, "tid": null, "ts": "15:46:57"}
[15:46:59] t=7941 jev VEH HARV HOLD (预算保护 cash=135 aav帽=ok aav=0)
[15:46:59] t=7943 ALARM unit lost -> 攻势保持（塔阵守家, 前线 4 个单位继续进攻）
[15:47:01] t=7943 jev VEH HARV HOLD (预算保护 cash=135 aav帽=ok aav=0)
[15:47:03] t=7946 jev VEH HARV HOLD (预算保护 cash=135 aav帽=ok aav=0)
[15:47:05] t=7949 jev VEH HARV HOLD (预算保护 cash=135 aav帽=ok aav=0)
[15:47:05] t=7949 MOVE assault x4 -> (75,124)
[15:47:05] {"kind": "action", "what": "attack_move", "name": null, "qty": null, "tid": null, "ts": "15:47:05"}
[15:47:07] t=7951 jev VEH HARV HOLD (预算保护 cash=135 aav帽=ok aav=0)
[15:47:09] t=7954 jev VEH HARV HOLD (预算保护 cash=135 aav帽=ok aav=0)
[15:47:11] t=7956 jev VEH HARV HOLD (预算保护 cash=135 aav帽=ok aav=0)
[15:47:13] t=7959 jev VEH HARV HOLD (预算保护 cash=135 aav帽=ok aav=0)
[15:47:15] t=7962 jev VEH HARV HOLD (预算保护 cash=510 aav帽=ok aav=0)
[15:47:17] t=7964 jev VEH HARV HOLD (预算保护 cash=510 aav帽=ok aav=0)
[15:47:19] t=7967 jev VEH HARV HOLD (预算保护 cash=510 aav帽=ok aav=0)
[15:47:19] t=7967 MOVE assault x4 -> (75,124)
[15:47:19] {"kind": "action", "what": "attack_move", "name": null, "qty": null, "tid": null, "ts": "15:47:19"}
[15:47:21] t=7970 jev VEH HARV HOLD (预算保护 cash=510 aav帽=ok aav=0)
[15:47:23] t=7972 jev VEH HARV HOLD (预算保护 cash=510 aav帽=ok aav=0)
[15:47:23] t=7972 tick#3075 credits=510 stance=attack | jev 3074 decisions p50=1649ms
[15:47:25] t=7975 jev VEH HARV HOLD (预算保护 cash=510 aav帽=ok aav=0)
[15:47:27] t=7978 jev VEH HARV HOLD (预算保护 cash=510 aav帽=ok aav=0)
[15:47:29] t=7980 jev VEH HARV HOLD (预算保护 cash=510 aav帽=ok aav=0)
[15:47:31] t=7983 jev VEH HARV HOLD (预算保护 cash=510 aav帽=ok aav=0)
[15:47:31] t=7983 MOVE assault x4 -> (75,124)
[15:47:31] {"kind": "action", "what": "attack_move", "name": null, "qty": null, "tid": null, "ts": "15:47:31"}
[15:47:31] t=7986 HARASS DRON x2 (have 0)
[15:47:31] {"kind": "action", "what": "produce", "name": "DRON", "qty": 2, "tid": null, "ts": "15:47:31"}
[15:47:35] t=7991 ESCORT 坦克#8075 -> 护航矿车@[117, 135]
[15:47:35] {"kind": "action", "what": "attack_move", "name": null, "qty": null, "tid": null, "ts": "15:47:35"}
[15:47:37] t=7991 MOVE raid x1 -> (75,123)
[15:47:37] {"kind": "action", "what": "attack_move", "name": null, "qty": null, "tid": null, "ts": "15:47:37"}
[15:47:39] t=7994 jev VEH HARV HOLD (预算保护 cash=10 aav帽=ok aav=0)
[15:47:41] t=7997 jev VEH HARV HOLD (预算保护 cash=10 aav帽=ok aav=0)
[15:47:41] t=7999 RETREAT HTNK(36%)
[15:47:41] {"kind": "action", "what": "move", "name": null, "qty": null, "tid": null, "ts": "15:47:41"}
[15:47:43] t=7999 jev VEH HARV HOLD (预算保护 cash=10 aav帽=ok aav=0)
[15:47:45] t=8002 jev VEH HARV HOLD (预算保护 cash=10 aav帽=ok aav=0)
[15:47:45] t=8002 MOVE assault x6 -> (75,124)
[15:47:45] {"kind": "action", "what": "attack_move", "name": null, "qty": null, "tid": null, "ts": "15:47:45"}
[15:47:45] t=8005 ALARM unit lost -> 攻势保持（塔阵守家, 前线 5 个单位继续进攻）
[15:47:47] t=8005 jev VEH HARV HOLD (预算保护 cash=10 aav帽=ok aav=0)
[15:47:49] t=8007 jev VEH HARV HOLD (预算保护 cash=10 aav帽=ok aav=0)
[15:47:51] t=8010 jev VEH HARV HOLD (预算保护 cash=10 aav帽=ok aav=0)
[15:47:53] t=8012 jev VEH HARV HOLD (预算保护 cash=10 aav帽=ok aav=0)
[15:47:55] t=8015 jev VEH HARV HOLD (预算保护 cash=10 aav帽=ok aav=0)
[15:47:57] t=8018 jev VEH HARV HOLD (预算保护 cash=10 aav帽=ok aav=0)
[15:47:59] t=8020 jev VEH HARV HOLD (预算保护 cash=10 aav帽=ok aav=0)
[15:47:59] t=8020 MOVE raid x2 -> (75,123); assault x5 -> (75,124)
[15:47:59] {"kind": "action", "what": "attack_move", "name": null, "qty": null, "tid": null, "ts": "15:47:59"}
[15:47:59] {"kind": "action", "what": "attack_move", "name": null, "qty": null, "tid": null, "ts": "15:47:59"}
[15:48:01] t=8023 jev VEH HARV HOLD (预算保护 cash=10 aav帽=ok aav=0)
[15:48:03] t=8026 jev VEH HARV HOLD (预算保护 cash=10 aav帽=ok aav=0)
[15:48:05] t=8028 jev VEH HARV HOLD (预算保护 cash=10 aav帽=ok aav=0)
[15:48:07] t=8031 jev VEH HARV HOLD (预算保护 cash=10 aav帽=ok aav=0)
[15:48:07] t=8033 ESCORT 坦克#8123 -> 护航矿车@[82, 95]
[15:48:07] {"kind": "action", "what": "attack_move", "name": null, "qty": null, "tid": null, "ts": "15:48:07"}
[15:48:09] t=8033 jev VEH HARV HOLD (预算保护 cash=10 aav帽=ok aav=0)
[15:48:10] t=8036 jev VEH HARV HOLD (预算保护 cash=10 aav帽=ok aav=0)
[15:48:11] t=8039 ALARM unit lost -> 攻势保持（塔阵守家, 前线 3 个单位继续进攻）
[15:48:12] t=8039 jev VEH HARV HOLD (预算保护 cash=10 aav帽=ok aav=0)
[15:48:12] t=8039 MOVE assault x4 -> (75,124)
[15:48:12] {"kind": "action", "what": "attack_move", "name": null, "qty": null, "tid": null, "ts": "15:48:12"}
[15:48:12] t=8039 tick#3100 credits=10 stance=attack | jev 3099 decisions p50=1649ms
[15:48:13] t=8041 HARASS DRON x2 (have 1)
[15:48:13] {"kind": "action", "what": "produce", "name": "DRON", "qty": 2, "tid": null, "ts": "15:48:13"}
[15:48:18] t=8049 RETREAT HTNK(17%)
[15:48:18] {"kind": "action", "what": "move", "name": null, "qty": null, "tid": null, "ts": "15:48:18"}
[15:48:20] t=8049 jev VEH HARV HOLD (预算保护 cash=185 aav帽=ok aav=0)
[15:48:20] t=8049 MOVE raid x3 -> (75,123)
[15:48:20] {"kind": "action", "what": "attack_move", "name": null, "qty": null, "tid": null, "ts": "15:48:20"}
[15:48:20] t=8052 ALARM unit lost -> 攻势保持（塔阵守家, 前线 4 个单位继续进攻）
[15:48:22] t=8052 jev VEH HARV HOLD (预算保护 cash=485 aav帽=ok aav=0)
[15:48:22] t=8054 ALARM unit lost -> 攻势保持（塔阵守家, 前线 4 个单位继续进攻）
[15:48:24] t=8054 jev VEH HARV HOLD (预算保护 cash=485 aav帽=ok aav=0)
[15:48:24] t=8057 TANK HTNK x1
[15:48:24] t=8057 DEBT-GATE HTNK x1 (debt=0 eff=860 < 900)
[15:48:26] t=8057 jev VEH HARV HOLD (预算保护 cash=860 aav帽=ok aav=0)
[15:48:26] t=8057 MOVE assault x4 -> (75,124)
[15:48:26] {"kind": "action", "what": "attack_move", "name": null, "qty": null, "tid": null, "ts": "15:48:26"}
[15:48:26] t=8059 TANK HTNK x1
[15:48:26] t=8059 DEBT-GATE HTNK x1 (debt=0 eff=860 < 900)
[15:48:28] t=8059 jev VEH HARV HOLD (预算保护 cash=860 aav帽=ok aav=0)
[15:48:28] t=8062 TANK HTNK x1
[15:48:28] t=8062 DEBT-GATE HTNK x1 (debt=0 eff=860 < 900)
[15:48:30] t=8062 jev VEH HARV HOLD (预算保护 cash=860 aav帽=ok aav=0)
[15:48:30] t=8064 TANK HTNK x1
[15:48:30] t=8064 DEBT-GATE HTNK x1 (debt=0 eff=860 < 900)
[15:48:32] t=8064 jev VEH HARV HOLD (预算保护 cash=860 aav帽=ok aav=0)
[15:48:32] t=8067 TANK HTNK x2
[15:48:32] t=8067 DEBT-GATE HTNK x2 (debt=0 eff=1610 < 1800)
[15:48:34] t=8067 jev VEH HARV HOLD (预算保护 cash=1610 aav帽=ok aav=0)
[15:48:34] t=8069 TANK HTNK x2
[15:48:34] t=8069 DEBT-GATE HTNK x2 (debt=0 eff=1610 < 1800)
[15:48:35] t=8069 jev VEH HARV HOLD (预算保护 cash=1610 aav帽=ok aav=0)
[15:48:36] t=8072 TANK HTNK x2
[15:48:36] t=8072 DEBT-GATE HTNK x2 (debt=0 eff=1610 < 1800)
[15:48:37] t=8072 jev VEH HARV HOLD (预算保护 cash=1610 aav帽=ok aav=0)
[15:48:38] t=8074 TANK HTNK x2
[15:48:38] t=8074 DEBT-GATE HTNK x2 (debt=0 eff=1610 < 1800)
[15:48:39] t=8074 jev VEH HARV HOLD (预算保护 cash=1610 aav帽=ok aav=0)
[15:48:39] t=8074 MOVE assault x4 -> (75,124)
[15:48:39] {"kind": "action", "what": "attack_move", "name": null, "qty": null, "tid": null, "ts": "15:48:39"}
[15:48:39] t=8077 TANK HTNK x2
[15:48:39] t=8077 DEBT-GATE HTNK x2 (debt=0 eff=1610 < 1800)
[15:48:41] t=8077 jev VEH HARV HOLD (预算保护 cash=1610 aav帽=ok aav=0)
[15:48:41] t=8077 MOVE raid x2 -> (75,123)
[15:48:41] {"kind": "action", "what": "attack_move", "name": null, "qty": null, "tid": null, "ts": "15:48:41"}
[15:48:41] t=8080 TANK HTNK x2
[15:48:41] t=8080 DEBT-GATE HTNK x2 (debt=0 eff=1610 < 1800)
[15:48:43] t=8080 jev VEH HARV HOLD (预算保护 cash=1610 aav帽=ok aav=0)
[15:48:43] t=8082 TANK HTNK x2
[15:48:43] t=8082 DEBT-GATE HTNK x2 (debt=0 eff=1610 < 1800)
[15:48:45] t=8082 jev VEH HARV HOLD (预算保护 cash=1610 aav帽=ok aav=0)
[15:48:45] t=8085 TANK HTNK x2
[15:48:45] t=8085 DEBT-GATE HTNK x2 (debt=0 eff=1610 < 1800)
[15:48:47] t=8085 jev VEH HARV HOLD (预算保护 cash=1610 aav帽=ok aav=0)
[15:48:47] t=8087 TANK HTNK x2
[15:48:47] t=8087 DEBT-GATE HTNK x2 (debt=0 eff=1610 < 1800)
[15:48:49] t=8087 jev VEH HARV HOLD (预算保护 cash=1610 aav帽=ok aav=0)
[15:48:49] t=8090 TANK HTNK x2
[15:48:49] t=8090 DEBT-GATE HTNK x2 (debt=0 eff=1610 < 1800)
[15:48:51] t=8090 jev VEH HARV HOLD (预算保护 cash=1610 aav帽=ok aav=0)
[15:48:51] t=8092 TANK HTNK x2
[15:48:51] t=8092 DEBT-GATE HTNK x2 (debt=0 eff=1610 < 1800)
[15:48:52] t=8092 jev VEH HARV HOLD (预算保护 cash=1610 aav帽=ok aav=0)
[15:48:52] t=8092 MOVE assault x4 -> (75,124)
[15:48:52] {"kind": "action", "what": "attack_move", "name": null, "qty": null, "tid": null, "ts": "15:48:52"}
[15:48:53] t=8095 TANK HTNK x2
[15:48:53] {"kind": "action", "what": "produce", "name": "HTNK", "qty": 2, "tid": null, "ts": "15:48:53"}
[15:48:59] t=8102 ESCORT 坦克#8155 -> 护航矿车@[120, 122]
[15:48:59] {"kind": "action", "what": "attack_move", "name": null, "qty": null, "tid": null, "ts": "15:48:59"}
[15:49:00] t=8102 tick#3125 credits=1019 stance=attack | jev 3124 decisions p50=1640ms
[15:49:02] t=8105 MOVE raid x2 -> (75,123)
[15:49:02] {"kind": "action", "what": "attack_move", "name": null, "qty": null, "tid": null, "ts": "15:49:02"}
[15:49:06] t=8110 jev VEH HARV HOLD (预算保护 cash=185 aav帽=ok aav=0)
[15:49:06] t=8110 MOVE assault x6 -> (75,124)
[15:49:06] {"kind": "action", "what": "attack_move", "name": null, "qty": null, "tid": null, "ts": "15:49:06"}
[15:49:08] t=8113 jev VEH HARV HOLD (预算保护 cash=185 aav帽=ok aav=0)
[15:49:10] t=8115 jev VEH HARV HOLD (预算保护 cash=185 aav帽=ok aav=0)
[15:49:10] t=8118 ALARM unit lost -> 攻势保持（塔阵守家, 前线 4 个单位继续进攻）
[15:49:12] t=8118 jev VEH HARV HOLD (预算保护 cash=185 aav帽=ok aav=0)
[15:49:14] t=8121 jev VEH HARV HOLD (预算保护 cash=185 aav帽=ok aav=0)
[15:49:16] t=8123 jev VEH HARV HOLD (预算保护 cash=185 aav帽=ok aav=0)
[15:49:16] t=8126 ALARM unit lost -> 攻势保持（塔阵守家, 前线 4 个单位继续进攻）
[15:49:18] t=8126 jev VEH HARV HOLD (预算保护 cash=185 aav帽=ok aav=0)
[15:49:20] t=8128 jev VEH HARV HOLD (预算保护 cash=185 aav帽=ok aav=0)
[15:49:20] t=8128 MOVE assault x4 -> (75,124)
[15:49:20] {"kind": "action", "what": "attack_move", "name": null, "qty": null, "tid": null, "ts": "15:49:20"}
[15:49:22] t=8131 jev VEH HARV HOLD (预算保护 cash=635 aav帽=ok aav=0)
[15:49:23] t=8133 jev VEH HARV HOLD (预算保护 cash=635 aav帽=ok aav=0)
[15:49:25] t=8136 jev VEH HARV HOLD (预算保护 cash=635 aav帽=ok aav=0)
[15:49:27] t=8139 jev VEH HARV HOLD (预算保护 cash=635 aav帽=ok aav=0)
[15:49:29] t=8141 jev VEH HARV HOLD (预算保护 cash=635 aav帽=ok aav=0)
[15:49:31] t=8143 jev VEH HARV HOLD (预算保护 cash=635 aav帽=ok aav=0)
[15:49:33] t=8146 jev VEH HARV HOLD (预算保护 cash=635 aav帽=ok aav=0)
[15:49:33] t=8146 MOVE assault x4 -> (75,124)
[15:49:33] {"kind": "action", "what": "attack_move", "name": null, "qty": null, "tid": null, "ts": "15:49:33"}
[15:49:33] t=8149 HARASS DRON x2 (have 0)
[15:49:33] {"kind": "action", "what": "produce", "name": "DRON", "qty": 2, "tid": null, "ts": "15:49:33"}
[15:49:37] t=8154 ESCORT 坦克#8171 -> 护航矿车@[117, 135]
[15:49:37] {"kind": "action", "what": "attack_move", "name": null, "qty": null, "tid": null, "ts": "15:49:37"}
[15:49:39] t=8154 MOVE raid x1 -> (75,123)
[15:49:39] {"kind": "action", "what": "attack_move", "name": null, "qty": null, "tid": null, "ts": "15:49:39"}
[15:49:41] t=8156 jev VEH HARV HOLD (预算保护 cash=585 aav帽=ok aav=0)
[15:49:42] t=8159 jev VEH HARV HOLD (预算保护 cash=585 aav帽=ok aav=0)
[15:49:44] t=8161 jev VEH HARV HOLD (预算保护 cash=585 aav帽=ok aav=0)
[15:49:46] t=8164 jev VEH HARV HOLD (预算保护 cash=585 aav帽=ok aav=0)
[15:49:46] t=8164 MOVE assault x6 -> (75,124)
[15:49:46] {"kind": "action", "what": "attack_move", "name": null, "qty": null, "tid": null, "ts": "15:49:46"}
[15:49:48] t=8166 jev VEH HARV HOLD (预算保护 cash=585 aav帽=ok aav=0)
[15:49:48] t=8166 tick#3150 credits=585 stance=attack | jev 3149 decisions p50=1635ms
[15:49:50] t=8169 jev VEH HARV HOLD (预算保护 cash=585 aav帽=ok aav=0)
[15:49:52] t=8172 jev VEH HARV HOLD (预算保护 cash=585 aav帽=ok aav=0)
[15:49:54] t=8174 jev VEH HARV HOLD (预算保护 cash=585 aav帽=ok aav=0)
[15:49:56] t=8177 jev VEH HARV HOLD (预算保护 cash=585 aav帽=ok aav=0)
[15:49:58] t=8179 jev VEH HARV HOLD (预算保护 cash=585 aav帽=ok aav=0)
[15:50:00] t=8182 jev VEH HARV HOLD (预算保护 cash=585 aav帽=ok aav=0)
[15:50:00] t=8182 MOVE raid x2 -> (75,123); assault x6 -> (75,124)
[15:50:00] {"kind": "action", "what": "attack_move", "name": null, "qty": null, "tid": null, "ts": "15:50:00"}
[15:50:00] {"kind": "action", "what": "attack_move", "name": null, "qty": null, "tid": null, "ts": "15:50:00"}
[15:50:02] t=8184 jev VEH HARV HOLD (预算保护 cash=585 aav帽=ok aav=0)
[15:50:04] t=8187 jev VEH HARV HOLD (预算保护 cash=585 aav帽=ok aav=0)
[15:50:05] t=8189 jev VEH HARV HOLD (预算保护 cash=585 aav帽=ok aav=0)
[15:50:07] t=8192 jev VEH HARV HOLD (预算保护 cash=585 aav帽=ok aav=0)
[15:50:08] t=8195 ESCORT 坦克#8189 -> 护航矿车@[117, 135]
[15:50:08] {"kind": "action", "what": "attack_move", "name": null, "qty": null, "tid": null, "ts": "15:50:08"}
[15:50:09] t=8195 jev VEH HARV HOLD (预算保护 cash=585 aav帽=ok aav=0)
[15:50:11] t=8197 jev VEH HARV HOLD (预算保护 cash=585 aav帽=ok aav=0)
[15:50:11] t=8200 RETREAT HTNK(17%)
[15:50:12] {"kind": "action", "what": "move", "name": null, "qty": null, "tid": null, "ts": "15:50:12"}
[15:50:13] t=8200 jev VEH HARV HOLD (预算保护 cash=585 aav帽=ok aav=0)
[15:50:13] t=8200 MOVE assault x6 -> (75,124)
[15:50:13] {"kind": "action", "what": "attack_move", "name": null, "qty": null, "tid": null, "ts": "15:50:13"}
[15:50:13] t=8202 ALARM unit lost -> 攻势保持（塔阵守家, 前线 3 个单位继续进攻）
[15:50:15] t=8202 jev VEH HARV HOLD (预算保护 cash=585 aav帽=ok aav=0)
[15:50:17] t=8205 jev VEH HARV HOLD (预算保护 cash=585 aav帽=ok aav=0)
[15:50:19] t=8208 jev VEH HARV HOLD (预算保护 cash=585 aav帽=ok aav=0)
[15:50:19] t=8210 RETREAT HTNK(17%)
[15:50:19] {"kind": "action", "what": "move", "name": null, "qty": null, "tid": null, "ts": "15:50:19"}
[15:50:21] t=8210 jev VEH HARV HOLD (预算保护 cash=585 aav帽=ok aav=0)
[15:50:21] t=8210 MOVE raid x1 -> (75,123)
[15:50:21] {"kind": "action", "what": "attack_move", "name": null, "qty": null, "tid": null, "ts": "15:50:21"}
[15:50:21] t=8213 ALARM unit lost -> 攻势保持（塔阵守家, 前线 2 个单位继续进攻）
[15:50:23] t=8213 jev VEH HARV HOLD (预算保护 cash=585 aav帽=ok aav=0)
[15:50:23] t=8213 RECOVER (only 2 tanks)
[15:50:23] t=8215 HARASS DRON x2 (have 1)
[15:50:23] {"kind": "action", "what": "produce", "name": "DRON", "qty": 2, "tid": null, "ts": "15:50:23"}
[15:50:25] t=8215 MOVE raid x1 -> (75,124)
[15:50:25] {"kind": "action", "what": "attack_move", "name": null, "qty": null, "tid": null, "ts": "15:50:25"}
[2026-10-06 15:50:25] {"kind": "report", "result": "victory", "t": 8218, "ticks": 3170, "crisis_ticks": 399, "stance": "recover", "jev": {"decisions": 3168, "errors": 0, "input_tokens": 11603332, "output_tokens": 0, "p50_ms": 1633, "p95_ms": 1713}, "enemy_base": [75, 124], "ts": "2026-10-06 15:50:25"}
[15:50:26] REVIEW game#77 victory → game-0077-review.md | changes=0
{
  "result": "victory",
  "t": 8218,
  "ticks": 3170,
  "crisis_ticks": 399,
  "stance": "recover",
  "jev": {
    "decisions": 3168,
    "errors": 0,
    "input_tokens": 11603332,
    "output_tokens": 0,
    "p50_ms": 1633,
    "p95_ms": 1713
  },
  "enemy_base": [
    75,
    124
  ],
  "ts": "2026-10-06 15:50:25",
  "review": {
    "game_no": 77,
    "rootcause": "attrition",
    "auto_tuned": 0
  }
}
