[16:51:53] 进局中(全自动)...
[16:53:07] {"kind": "start", "policy": "ra2web-jev-player/1.0", "maxDecisions": 999999, "micro": {"events": [{"kind": "micro", "t": 0, "what": "start"}], "loopN": 1, "on": true, "outcome": null, "stall": false}, "ts": "16:53:07"}
[16:53:07] === ra2web-jev-player start (tick=1.5s, max_decisions=999999) ===
[16:53:07] t=1 DEPLOY mcv
[16:53:07] {"kind": "action", "what": "deploy", "ids": [1042], "ts": "16:53:07"}
[16:53:07] {"kind": "action", "what": "deploy", "name": null, "qty": null, "tid": null, "ts": "16:53:07"}
[16:53:10] t=3 jev BUILD NAPOWR HOLD (开局序列前置位保护: 等 NAREFN)
[16:53:10] t=3 jev STANCE defend->develop (conf 0.91)
[16:53:11] t=5 jev BUILD NAPOWR HOLD (开局序列前置位保护: 等 NAREFN)
[16:53:13] t=7 jev BUILD NAPOWR HOLD (开局序列前置位保护: 等 NAREFN)
[16:53:14] t=9 jev BUILD NAPOWR HOLD (开局序列前置位保护: 等 NAREFN)
[16:53:16] t=11 jev BUILD NAPOWR HOLD (开局序列前置位保护: 等 NAREFN)
[16:53:17] t=13 jev BUILD NAPOWR HOLD (开局序列前置位保护: 等 NAREFN)
[16:53:19] t=15 jev BUILD NAPOWR HOLD (开局序列前置位保护: 等 NAREFN)
[16:53:20] t=17 jev BUILD NAPOWR HOLD (开局序列前置位保护: 等 NAREFN)
[16:53:22] t=19 jev BUILD NAPOWR HOLD (开局序列前置位保护: 等 NAREFN)
[16:53:23] t=21 jev BUILD NAPOWR HOLD (开局序列前置位保护: 等 NAREFN)
[16:53:25] t=23 jev BUILD NAPOWR HOLD (开局序列前置位保护: 等 NAREFN)
[16:53:26] t=25 jev BUILD NAPOWR HOLD (开局序列前置位保护: 等 NAREFN)
[16:53:28] t=27 jev BUILD NAPOWR HOLD (开局序列前置位保护: 等 NAREFN)
[16:53:29] t=29 jev BUILD NAPOWR HOLD (开局序列前置位保护: 等 NAREFN)
[16:53:31] t=31 jev BUILD NAPOWR HOLD (开局序列前置位保护: 等 NAREFN)
[16:53:32] t=33 jev BUILD NAPOWR HOLD (开局序列前置位保护: 等 NAREFN)
[16:53:34] t=35 jev BUILD NAPOWR HOLD (开局序列前置位保护: 等 NAREFN)
[16:53:35] t=37 jev BUILD NAPOWR HOLD (开局序列前置位保护: 等 NAREFN)
[16:53:37] t=39 jev BUILD NAPOWR HOLD (开局序列前置位保护: 等 NAREFN)
[16:53:37] t=41 OPENING REJECT NAREFN (40gs 无进展, 拉黑)
[16:53:37] t=41 OPENING FALLBACK -> legacy NAPOWR-first
[16:53:37] {"kind": "action", "what": "produce", "name": "NAPOWR", "qty": 1, "tid": null, "ts": "16:53:37"}
[16:53:37] t=41 OPENING BUILD NAPOWR
[16:53:44] t=49 tick#25 credits=9778 stance=develop | jev 25 decisions p50=837ms
[16:53:57] {"kind": "action", "what": "produce", "name": "NAREFN", "qty": 1, "tid": null, "ts": "16:53:57"}
[16:53:57] t=67 OPENING BUILD NAREFN
[16:54:22] t=98 tick#50 credits=8634 stance=develop | jev 50 decisions p50=854ms
[16:54:59] t=149 tick#75 credits=7425 stance=develop | jev 75 decisions p50=910ms
[16:55:06] {"kind": "action", "what": "produce", "name": "NAHAND", "qty": 1, "tid": null, "ts": "16:55:06"}
[16:55:06] t=159 OPENING BUILD NAHAND
[16:55:24] t=183 GARRISON E2 x2 (坦克真空期常驻驻军, have 0)
[16:55:24] t=183 DEFLINE NALASR (have 0)
[16:55:24] {"kind": "action", "what": "produce", "name": "E2", "qty": 2, "tid": null, "ts": "16:55:24"}
[16:55:24] {"kind": "action", "what": "produce", "name": "NALASR", "qty": 1, "tid": null, "ts": "16:55:24"}
[16:55:24] {"kind": "action", "what": "produce", "name": "NAWEAP", "qty": 1, "tid": null, "ts": "16:55:24"}
[16:55:24] t=183 OPENING BUILD NAWEAP
[16:55:28] t=187 MOVE hold_a x1 -> (138,72)
[16:55:28] {"kind": "action", "what": "attack_move", "name": null, "qty": null, "tid": null, "ts": "16:55:28"}
[16:55:30] t=191 GARRISON E2 x2 (坦克真空期常驻驻军, have 2)
[16:55:31] t=191 MOVE hold_b x1 -> (138,85)
[16:55:31] {"kind": "action", "what": "attack_move", "name": null, "qty": null, "tid": null, "ts": "16:55:31"}
[16:55:37] t=199 tick#100 credits=5895 stance=develop | jev 100 decisions p50=919ms
[16:55:42] t=207 DEFLINE NALASR (have 1)
[16:55:52] t=221 GARRISON E2 x2 (坦克真空期常驻驻军, have 2)
[16:55:53] {"kind": "action", "what": "produce", "name": "E2", "qty": 2, "tid": null, "ts": "16:55:53"}
[16:55:58] t=229 GARRISON E2 x2 (坦克真空期常驻驻军, have 4)
[16:56:01] t=233 ALARM enemy approaching -> counter 4 vs 1 -> [127, 84]
[16:56:02] {"kind": "action", "what": "attack_move", "name": null, "qty": null, "tid": null, "ts": "16:56:02"}
[16:56:04] t=235 jev INF E2 (conf 0.30)
[16:56:06] t=237 jev INF E2 (conf 0.45)
[16:56:07] t=239 jev INF E2 (conf 0.40)
[16:56:09] t=241 jev INF E2 (conf 0.35)
[16:56:10] t=243 jev INF E2 (conf 0.35)
[16:56:10] t=243 MOVE hold_a x2 -> (136,86); hold_b x2 -> (126,78)
[16:56:10] {"kind": "action", "what": "attack_move", "name": null, "qty": null, "tid": null, "ts": "16:56:10"}
[16:56:10] {"kind": "action", "what": "attack_move", "name": null, "qty": null, "tid": null, "ts": "16:56:10"}
[16:56:12] t=245 jev INF E2 (conf 0.36)
[16:56:13] t=247 jev INF E2 (conf 0.34)
[16:56:15] t=249 jev INF E2 (conf 0.34)
[16:56:15] t=249 tick#125 credits=4443 stance=defend | jev 125 decisions p50=926ms
[16:56:16] t=251 jev INF E2 (conf 0.37)
[16:56:18] t=253 jev INF E2 (conf 0.38)
[16:56:18] {"kind": "action", "what": "produce", "name": "E2", "qty": 1, "tid": null, "ts": "16:56:18"}
[16:56:21] t=259 GARRISON E2 x2 (坦克真空期常驻驻军, have 5)
[16:56:22] t=259 jev INF E2 (conf 0.39)
[16:56:24] t=261 jev INF E2 (conf 0.38)
[16:56:25] t=263 jev INF E2 (conf 0.40)
[16:56:27] t=265 jev INF E2 (conf 0.37)
[16:56:27] t=267 DEFLINE NALASR (have 1)
[16:56:27] {"kind": "action", "what": "produce", "name": "NALASR", "qty": 1, "tid": null, "ts": "16:56:27"}
[16:56:28] t=267 jev INF E2 (conf 0.38)
[16:56:30] t=269 jev INF E2 (conf 0.39)
[16:56:31] t=271 jev INF E2 (conf 0.36)
[16:56:32] t=273 ECON harv#2
[16:56:32] t=273 TANK HTNK x2
[16:56:32] {"kind": "action", "what": "produce", "name": "HARV", "qty": 1, "tid": null, "ts": "16:56:32"}
[16:56:32] {"kind": "action", "what": "produce", "name": "HTNK", "qty": 2, "tid": null, "ts": "16:56:32"}
[16:56:32] {"kind": "action", "what": "produce", "name": "NAHAND", "qty": 1, "tid": null, "ts": "16:56:32"}
[16:56:32] t=273 OPENING BUILD NAHAND
[16:56:33] t=273 jev INF E2 (conf 0.33)
[16:56:35] t=275 jev INF E2 (conf 0.32)
[16:56:37] t=278 jev INF E2 (conf 0.33)
[16:56:38] t=280 jev INF E2 (conf 0.32)
[16:56:40] t=282 jev INF E2 (conf 0.32)
[16:56:42] t=284 jev INF E2 (conf 0.32)
[16:56:43] t=287 jev INF E2 (conf 0.30)
[16:56:43] {"kind": "action", "what": "produce", "name": "E2", "qty": 1, "tid": null, "ts": "16:56:43"}
[16:56:44] t=289 INSURE AA building
[16:56:44] t=289 DEFLINE NALASR (have 2)
[16:56:44] {"kind": "action", "what": "produce", "name": "NAFLAK", "qty": 1, "tid": null, "ts": "16:56:44"}
[16:56:47] t=293 GARRISON E2 x2 (坦克真空期常驻驻军, have 6)
[16:56:49] t=293 jev INF E2 (conf 0.32)
[16:56:50] t=296 jev INF E2 (conf 0.32)
[16:56:50] t=298 POWER plant (reserve 55)
[16:56:50] {"kind": "action", "what": "produce", "name": "NAPOWR", "qty": 1, "tid": null, "ts": "16:56:50"}
[16:56:52] t=298 jev INF E2 (conf 0.28)
[16:56:55] t=302 tick#150 credits=3930 stance=defend | jev 150 decisions p50=942ms
[16:57:05] t=316 jev INF E2 (conf 0.27)
[16:57:09] t=320 jev INF E2 (conf 0.29)
[16:57:09] {"kind": "action", "what": "produce", "name": "E2", "qty": 1, "tid": null, "ts": "16:57:09"}
[16:57:11] t=323 jev BUILD NAREFN (conf 0.53)
[16:57:11] {"kind": "action", "what": "produce", "name": "NAREFN", "qty": 1, "tid": null, "ts": "16:57:11"}
[16:57:11] t=323 MOVE hold_a x3 -> (136,86); hold_b x3 -> (126,78)
[16:57:11] {"kind": "action", "what": "attack_move", "name": null, "qty": null, "tid": null, "ts": "16:57:11"}
[16:57:11] {"kind": "action", "what": "attack_move", "name": null, "qty": null, "tid": null, "ts": "16:57:11"}
[16:57:13] t=328 GARRISON E2 x2 (坦克真空期常驻驻军, have 7)
[16:57:18] t=332 jev INF E2 (conf 0.27)
[16:57:19] t=334 jev INF E2 (conf 0.28)
[16:57:21] t=337 jev INF E2 (conf 0.28)
[16:57:23] t=339 jev INF E2 (conf 0.28)
[16:57:30] t=348 jev INF E2 (conf 0.27)
[16:57:35] t=355 jev INF E2 HOLD (预算保护 gate=False e2=7)
[16:57:35] t=358 GARRISON E2 x2 (坦克真空期常驻驻军, have 7)
[16:57:35] {"kind": "action", "what": "produce", "name": "E2", "qty": 2, "tid": null, "ts": "16:57:35"}
[16:57:38] t=360 tick#175 credits=381 stance=defend | jev 175 decisions p50=1010ms
[16:57:43] t=367 jev INF E2 HOLD (预算保护 gate=False e2=9)
[16:57:45] t=369 jev INF E2 HOLD (预算保护 gate=False e2=9)
[16:57:47] t=371 jev INF E2 HOLD (预算保护 gate=False e2=9)
[16:57:48] t=373 jev INF E2 HOLD (预算保护 gate=False e2=9)
[16:57:52] t=378 jev INF E2 HOLD (预算保护 gate=False e2=9)
[16:57:53] t=380 jev INF E2 HOLD (预算保护 gate=False e2=9)
[16:57:55] t=382 jev INF E2 HOLD (预算保护 gate=False e2=9)
[16:57:57] t=384 jev INF E2 HOLD (预算保护 gate=False e2=9)
[16:57:58] t=386 jev INF E2 HOLD (预算保护 gate=False e2=9)
[16:58:00] t=389 jev INF E2 HOLD (预算保护 gate=False e2=9)
[16:58:02] t=391 jev INF E2 HOLD (预算保护 gate=False e2=9)
[16:58:03] t=393 jev INF E2 HOLD (预算保护 gate=False e2=9)
[16:58:05] t=395 jev INF E2 HOLD (预算保护 gate=False e2=9)
[16:58:07] t=398 jev INF E2 HOLD (预算保护 gate=False e2=9)
[16:58:08] t=400 jev INF E2 HOLD (预算保护 gate=False e2=9)
[16:58:12] t=404 MOVE hold_a x5 -> (136,86); hold_b x4 -> (126,78)
[16:58:12] {"kind": "action", "what": "attack_move", "name": null, "qty": null, "tid": null, "ts": "16:58:12"}
[16:58:12] {"kind": "action", "what": "attack_move", "name": null, "qty": null, "tid": null, "ts": "16:58:12"}
[16:58:14] t=407 jev INF E2 HOLD (预算保护 gate=False e2=9)
[16:58:17] t=411 jev INF E2 HOLD (预算保护 gate=False e2=9)
[16:58:19] t=414 jev INF E2 HOLD (预算保护 gate=False e2=9)
[16:58:20] t=416 tick#200 credits=0 stance=defend | jev 200 decisions p50=1187ms
[16:58:22] t=418 jev INF E2 HOLD (预算保护 gate=False e2=9)
[16:58:24] t=420 jev INF E2 HOLD (预算保护 gate=False e2=9)
[16:58:25] t=423 jev INF E2 HOLD (预算保护 gate=False e2=9)
[16:58:26] t=425 DEFLINE NALASR (have 2)
[16:58:26] {"kind": "action", "what": "produce", "name": "NALASR", "qty": 1, "tid": null, "ts": "16:58:26"}
[16:58:27] t=427 SCOUT #1110->[53, 186]
[16:58:27] {"kind": "action", "what": "attack_move", "name": null, "qty": null, "tid": null, "ts": "16:58:27"}
[16:58:32] t=432 jev INF E2 (conf 0.29)
[16:58:32] {"kind": "action", "what": "produce", "name": "E2", "qty": 1, "tid": null, "ts": "16:58:32"}
[16:58:39] t=441 jev INF E2 (conf 0.28)
[16:58:41] t=443 jev INF E2 HOLD (预算保护 gate=False e2=10)
[16:58:46] t=450 jev INF E2 HOLD (预算保护 gate=False e2=10)
[16:58:48] t=452 jev INF E2 HOLD (预算保护 gate=False e2=10)
[16:58:49] t=455 jev INF E2 HOLD (预算保护 gate=False e2=10)
[16:58:53] t=459 jev INF E2 HOLD (预算保护 gate=False e2=10)
[16:58:54] t=461 jev INF E2 HOLD (预算保护 gate=False e2=10)
[16:59:03] t=473 jev INF E2 HOLD (预算保护 gate=False e2=10)
[16:59:03] t=473 tick#225 credits=0 stance=defend | jev 225 decisions p50=1208ms
[16:59:13] t=486 MOVE hold_a x5 -> (136,86); hold_b x5 -> (126,78)
[16:59:13] {"kind": "action", "what": "attack_move", "name": null, "qty": null, "tid": null, "ts": "16:59:13"}
[16:59:13] {"kind": "action", "what": "attack_move", "name": null, "qty": null, "tid": null, "ts": "16:59:13"}
[16:59:17] t=493 ECON harv#3
[16:59:17] {"kind": "action", "what": "produce", "name": "HARV", "qty": 1, "tid": null, "ts": "16:59:17"}
[16:59:18] t=493 MOVE assault x1 -> (137,82)
[16:59:18] {"kind": "action", "what": "attack_move", "name": null, "qty": null, "tid": null, "ts": "16:59:18"}
[16:59:27] t=505 jev BUILD NAREFN (conf 0.49)
[16:59:27] {"kind": "action", "what": "produce", "name": "NAREFN", "qty": 1, "tid": null, "ts": "16:59:27"}
[16:59:30] t=509 MOVE assault x1 -> (137,82)
[16:59:30] {"kind": "action", "what": "attack_move", "name": null, "qty": null, "tid": null, "ts": "16:59:30"}
[16:59:44] t=527 MOVE assault x1 -> (137,82)
[16:59:44] {"kind": "action", "what": "attack_move", "name": null, "qty": null, "tid": null, "ts": "16:59:44"}
[16:59:46] t=530 tick#250 credits=1558 stance=defend | jev 250 decisions p50=1250ms
[16:59:58] t=546 MOVE assault x1 -> (137,82)
[16:59:58] {"kind": "action", "what": "attack_move", "name": null, "qty": null, "tid": null, "ts": "16:59:58"}
[17:00:03] t=552 jev VEH HARV HOLD (预算保护 cash=497 aav帽=ok aav=0)
[17:00:04] t=555 jev VEH HARV HOLD (预算保护 cash=443 aav帽=ok aav=0)
[17:00:06] t=557 jev VEH HARV HOLD (预算保护 cash=388 aav帽=ok aav=0)
[17:00:08] t=559 jev VEH HARV HOLD (预算保护 cash=333 aav帽=ok aav=0)
[17:00:10] t=562 jev VEH HARV HOLD (预算保护 cash=277 aav帽=ok aav=0)
[17:00:11] t=564 jev VEH HARV HOLD (预算保护 cash=224 aav帽=ok aav=0)
[17:00:11] t=564 MOVE assault x1 -> (137,82)
[17:00:11] {"kind": "action", "what": "attack_move", "name": null, "qty": null, "tid": null, "ts": "17:00:11"}
[17:00:13] t=566 jev VEH HARV HOLD (预算保护 cash=167 aav帽=ok aav=0)
[17:00:13] t=568 ALARM enemy approaching -> counter 11 vs 2 -> [123, 82]
[17:00:13] {"kind": "action", "what": "attack_move", "name": null, "qty": null, "tid": null, "ts": "17:00:13"}
[17:00:13] t=568 SCOUT* #1110->[14, 111]
[17:00:13] {"kind": "action", "what": "attack_move", "name": null, "qty": null, "tid": null, "ts": "17:00:13"}
[17:00:15] t=568 jev VEH HTNK HOLD (预算保护 cash=114 aav帽=ok aav=0)
[17:00:17] t=571 jev VEH HTNK HOLD (预算保护 cash=55 aav帽=ok aav=0)
[17:00:18] t=573 jev VEH HTNK HOLD (预算保护 cash=0 aav帽=ok aav=0)
[17:00:20] t=575 jev VEH HTNK HOLD (预算保护 cash=0 aav帽=ok aav=0)
[17:00:22] t=578 jev VEH HTNK HOLD (预算保护 cash=0 aav帽=ok aav=0)
[17:00:22] t=578 MOVE assault x1 -> 攻击目标#1096@(123,82); t=578 FOCUS-FIRE x1 -> #1096@(123,82); hold_a x5 -> (131,86); hold_b x5 -> (127,73)
[17:00:22] {"kind": "action", "what": "attack_obj", "name": null, "qty": null, "tid": 1096, "ts": "17:00:22"}
[17:00:22] {"kind": "action", "what": "attack_move", "name": null, "qty": null, "tid": null, "ts": "17:00:22"}
[17:00:22] {"kind": "action", "what": "attack_move", "name": null, "qty": null, "tid": null, "ts": "17:00:22"}
[17:00:22] t=580 ALARM enemy approaching -> counter 11 vs 3 -> [123, 82]
[17:00:22] {"kind": "action", "what": "attack_move", "name": null, "qty": null, "tid": null, "ts": "17:00:22"}
[17:00:24] t=580 jev INF E2 HOLD (预算保护 gate=False e2=10)
[17:00:24] t=580 jev VEH HTNK HOLD (预算保护 cash=0 aav帽=ok aav=0)
[17:00:26] t=583 jev INF E2 HOLD (预算保护 gate=False e2=10)
[17:00:26] t=583 jev VEH HTNK HOLD (预算保护 cash=0 aav帽=ok aav=0)
[17:00:27] t=585 jev INF E2 HOLD (预算保护 gate=False e2=10)
[17:00:27] t=585 jev VEH HTNK HOLD (预算保护 cash=0 aav帽=ok aav=0)
[17:00:28] t=588 RETREAT HTNK(32%)
[17:00:28] {"kind": "action", "what": "move", "name": null, "qty": null, "tid": null, "ts": "17:00:28"}
[17:00:29] t=588 jev INF E2 HOLD (预算保护 gate=False e2=10)
[17:00:29] t=588 jev VEH HTNK HOLD (预算保护 cash=0 aav帽=ok aav=0)
[17:00:29] t=588 tick#275 credits=0 stance=defend | jev 275 decisions p50=1385ms
[17:00:31] t=590 jev INF E2 HOLD (预算保护 gate=False e2=10)
[17:00:31] t=590 jev VEH HTNK HOLD (预算保护 cash=0 aav帽=ok aav=0)
[17:00:31] t=590 MOVE hold_a x5 -> (138,72); hold_b x5 -> (138,85)
[17:00:31] {"kind": "action", "what": "attack_move", "name": null, "qty": null, "tid": null, "ts": "17:00:31"}
[17:00:31] {"kind": "action", "what": "attack_move", "name": null, "qty": null, "tid": null, "ts": "17:00:31"}
[17:00:32] t=593 ALARM enemy approaching -> counter 10 vs 4 -> [127, 82]
[17:00:32] {"kind": "action", "what": "attack_move", "name": null, "qty": null, "tid": null, "ts": "17:00:32"}
[17:00:33] t=593 jev INF E2 HOLD (预算保护 gate=False e2=10)
[17:00:33] t=593 jev VEH HTNK HOLD (预算保护 cash=0 aav帽=ok aav=0)
[17:00:35] t=595 jev INF E2 HOLD (预算保护 gate=False e2=10)
[17:00:35] t=595 jev VEH HTNK HOLD (预算保护 cash=0 aav帽=ok aav=0)
[17:00:37] t=598 jev INF E2 HOLD (预算保护 gate=False e2=10)
[17:00:37] t=598 jev VEH DRON HOLD (预算保护 cash=0 aav帽=ok aav=0)
[17:00:39] t=600 jev INF E2 HOLD (预算保护 gate=False e2=10)
[17:00:39] t=600 jev VEH HTNK HOLD (预算保护 cash=0 aav帽=ok aav=0)
[17:00:39] t=603 RETREAT E2(32%)
[17:00:39] {"kind": "action", "what": "move", "name": null, "qty": null, "tid": null, "ts": "17:00:39"}
[17:00:41] t=603 jev INF E2 HOLD (预算保护 gate=False e2=10)
[17:00:41] t=603 jev VEH HTNK HOLD (预算保护 cash=0 aav帽=ok aav=0)
[17:00:41] t=603 MOVE hold_a x5 -> (132,86); hold_b x5 -> (127,74)
[17:00:41] {"kind": "action", "what": "attack_move", "name": null, "qty": null, "tid": null, "ts": "17:00:41"}
[17:00:41] {"kind": "action", "what": "attack_move", "name": null, "qty": null, "tid": null, "ts": "17:00:41"}
[17:00:41] t=605 ALARM enemy approaching -> counter 9 vs 2 -> [127, 84]
[17:00:41] {"kind": "action", "what": "attack_move", "name": null, "qty": null, "tid": null, "ts": "17:00:41"}
[17:00:42] t=605 jev INF E2 HOLD (预算保护 gate=False e2=10)
[17:00:42] t=605 jev VEH DRON HOLD (预算保护 cash=0 aav帽=ok aav=0)
[17:00:44] t=608 jev INF E2 HOLD (预算保护 gate=False e2=10)
[17:00:44] t=608 jev VEH DRON HOLD (预算保护 cash=0 aav帽=ok aav=0)
[17:00:46] t=610 jev INF E2 HOLD (预算保护 gate=False e2=10)
[17:00:46] t=610 jev VEH HTNK HOLD (预算保护 cash=0 aav帽=ok aav=0)
[17:00:48] t=612 jev INF E2 HOLD (预算保护 gate=False e2=10)
[17:00:48] t=612 jev VEH HTNK HOLD (预算保护 cash=0 aav帽=ok aav=0)
[17:00:48] t=615 RETREAT E2(32%)
[17:00:48] {"kind": "action", "what": "move", "name": null, "qty": null, "tid": null, "ts": "17:00:48"}
[17:00:50] t=615 jev INF E2 HOLD (预算保护 gate=False e2=10)
[17:00:50] t=615 jev VEH HTNK HOLD (预算保护 cash=0 aav帽=ok aav=0)
[17:00:50] t=615 MOVE hold_a x5 -> (134,86); hold_b x5 -> (126,76)
[17:00:50] {"kind": "action", "what": "attack_move", "name": null, "qty": null, "tid": null, "ts": "17:00:50"}
[17:00:50] {"kind": "action", "what": "attack_move", "name": null, "qty": null, "tid": null, "ts": "17:00:50"}
[17:00:50] t=617 ALARM enemy approaching -> counter 8 vs 2 -> [127, 84]
[17:00:50] {"kind": "action", "what": "attack_move", "name": null, "qty": null, "tid": null, "ts": "17:00:50"}
[17:00:52] t=617 jev INF E2 HOLD (预算保护 gate=False e2=10)
[17:00:52] t=617 jev VEH HTNK HOLD (预算保护 cash=0 aav帽=ok aav=0)
[17:00:53] t=620 jev INF E2 HOLD (预算保护 gate=False e2=10)
[17:00:53] t=620 jev VEH HTNK HOLD (预算保护 cash=0 aav帽=ok aav=0)
[17:00:55] t=622 jev INF E2 HOLD (预算保护 gate=False e2=10)
[17:00:55] t=622 jev VEH HTNK HOLD (预算保护 cash=0 aav帽=ok aav=0)
[17:00:57] t=624 jev INF E2 HOLD (预算保护 gate=False e2=9)
[17:00:57] t=624 jev VEH HTNK HOLD (预算保护 cash=0 aav帽=ok aav=0)
[17:00:59] t=627 jev INF E2 HOLD (预算保护 gate=False e2=9)
[17:00:59] t=627 jev VEH DRON HOLD (预算保护 cash=0 aav帽=ok aav=0)
[17:00:59] t=629 ALARM enemy approaching -> counter 8 vs 1 -> [130, 82]
[17:00:59] {"kind": "action", "what": "attack_move", "name": null, "qty": null, "tid": null, "ts": "17:00:59"}
[17:00:59] t=629 SCOUT* #1110->[14, 168]
[17:00:59] {"kind": "action", "what": "attack_move", "name": null, "qty": null, "tid": null, "ts": "17:00:59"}
[17:01:00] t=629 jev INF E2 HOLD (预算保护 gate=False e2=9)
[17:01:00] t=629 jev VEH DRON HOLD (预算保护 cash=0 aav帽=ok aav=0)
[17:01:02] t=632 jev INF E2 HOLD (预算保护 gate=False e2=9)
[17:01:02] t=632 jev VEH HTNK HOLD (预算保护 cash=0 aav帽=ok aav=0)
[17:01:04] t=634 jev VEH HTNK HOLD (预算保护 cash=0 aav帽=ok aav=0)
[17:01:06] t=636 jev INF E2 HOLD (预算保护 gate=False e2=9)
[17:01:06] t=636 jev VEH HTNK HOLD (预算保护 cash=0 aav帽=ok aav=0)
[17:01:06] t=638 TANK HTNK x1
[17:01:06] {"kind": "action", "what": "produce", "name": "HTNK", "qty": 1, "tid": null, "ts": "17:01:06"}
[17:01:07] t=638 jev INF E2 (conf 0.26)
[17:01:07] {"kind": "action", "what": "produce", "name": "E2", "qty": 1, "tid": null, "ts": "17:01:07"}
[17:01:13] t=645 jev INF E2 HOLD (预算保护 gate=False e2=10)
[17:01:13] t=648 ALARM enemy approaching -> counter 9 vs 1 -> [119, 82]
[17:01:13] {"kind": "action", "what": "attack_move", "name": null, "qty": null, "tid": null, "ts": "17:01:13"}
[17:01:14] t=648 jev INF E2 HOLD (预算保护 gate=False e2=10)
[17:01:14] t=648 tick#300 credits=554 stance=defend | jev 300 decisions p50=1427ms
[17:01:16] t=650 jev INF E2 HOLD (预算保护 gate=False e2=10)
[17:01:18] t=653 jev INF E2 (conf 0.49)
[17:01:20] t=655 jev INF E2 (conf 0.60)
[17:01:20] t=657 RETREAT E2(34%)
[17:01:20] {"kind": "action", "what": "move", "name": null, "qty": null, "tid": null, "ts": "17:01:20"}
[17:01:22] t=657 jev INF E2 (conf 0.57)
[17:01:22] t=657 MOVE hold_a x5 -> (133,86); hold_b x5 -> (126,75)
[17:01:22] {"kind": "action", "what": "attack_move", "name": null, "qty": null, "tid": null, "ts": "17:01:22"}
[17:01:22] {"kind": "action", "what": "attack_move", "name": null, "qty": null, "tid": null, "ts": "17:01:22"}
[17:01:22] t=660 ALARM enemy approaching -> TURTLE (8 v 9, 守塔阵不打野战)
[17:01:22] {"kind": "action", "what": "attack_move", "name": null, "qty": null, "tid": null, "ts": "17:01:22"}
[17:01:24] t=660 jev INF E2 (conf 0.61)
[17:01:24] t=663 POWER plant (reserve 55)
[17:01:24] {"kind": "action", "what": "produce", "name": "NAPOWR", "qty": 1, "tid": null, "ts": "17:01:24"}
[17:01:26] t=663 jev INF E2 (conf 0.58)
[17:01:26] t=665 RUSH-DEFENSE ON (敌9压门 vs 守10) 动员兵爆产
[17:01:26] t=665 RUSH-DEFENSE E2 x4 (敌9压门 守10)
[17:01:27] t=665 jev INF E2 (conf 0.62)
[17:01:28] t=667 RUSH-DEFENSE E2 x4 (敌8压门 守9)
[17:01:29] t=667 jev INF E2 (conf 0.57)
[17:01:29] t=670 RETREAT E2(15%)
[17:01:29] {"kind": "action", "what": "move", "name": null, "qty": null, "tid": null, "ts": "17:01:29"}
[17:01:31] t=670 jev INF E2 (conf 0.58)
[17:01:31] t=670 MOVE hold_a x4 -> (131,86); hold_b x4 -> (127,74)
[17:01:31] {"kind": "action", "what": "attack_move", "name": null, "qty": null, "tid": null, "ts": "17:01:31"}
[17:01:31] {"kind": "action", "what": "attack_move", "name": null, "qty": null, "tid": null, "ts": "17:01:31"}
[17:01:31] t=673 ALARM unit lost -> TURTLE (5 v 7, 守塔阵不打野战)
[17:01:31] {"kind": "action", "what": "attack_move", "name": null, "qty": null, "tid": null, "ts": "17:01:31"}
[17:01:31] t=673 RUSH-DEFENSE E2 x4 (敌7压门 守8)
[17:01:31] t=673 RETREAT E2(0%)
[17:01:31] {"kind": "action", "what": "move", "name": null, "qty": null, "tid": null, "ts": "17:01:31"}
[17:01:33] t=673 jev INF E2 (conf 0.60)
[17:01:33] {"kind": "action", "what": "produce", "name": "E2", "qty": 1, "tid": null, "ts": "17:01:33"}
[17:01:33] t=675 TANK HTNK x2
[17:01:33] t=675 DEBT-GATE HTNK x2 (debt=0 eff=1629 < 1800)
[17:01:35] t=675 jev VEH HTK (conf 0.11)
[17:01:35] {"kind": "action", "what": "produce", "name": "HTK", "qty": 1, "tid": null, "ts": "17:01:35"}
[17:01:35] t=678 RETREAT E2(39%)
[17:01:35] {"kind": "action", "what": "move", "name": null, "qty": null, "tid": null, "ts": "17:01:35"}
[17:01:37] t=680 RUSH-DEFENSE E2 x4 (敌5压门 守8)
[17:01:39] t=680 jev INF E2 (conf 0.59)
[17:01:39] t=682 RUSH-DEFENSE E2 x4 (敌5压门 守7)
[17:01:40] t=682 jev INF E2 (conf 0.64)
[17:01:40] t=682 MOVE assault x1 -> (137,82); t=682 RUSH-DEFENSE tanks x1 -> 塔线协防; hold_a x3 -> (138,72); hold_b x2 -> (138,85)
[17:01:40] {"kind": "action", "what": "attack_move", "name": null, "qty": null, "tid": null, "ts": "17:01:40"}
[17:01:41] {"kind": "action", "what": "attack_move", "name": null, "qty": null, "tid": null, "ts": "17:01:41"}
[17:01:41] {"kind": "action", "what": "attack_move", "name": null, "qty": null, "tid": null, "ts": "17:01:41"}
[17:01:41] t=685 ALARM enemy approaching -> TURTLE (5 v 5, 守塔阵不打野战)
[17:01:41] {"kind": "action", "what": "attack_move", "name": null, "qty": null, "tid": null, "ts": "17:01:41"}
[17:01:41] t=685 RETREAT E2(30%)
[17:01:41] {"kind": "action", "what": "move", "name": null, "qty": null, "tid": null, "ts": "17:01:41"}
[17:01:42] t=685 jev INF E2 (conf 0.60)
[17:01:43] t=688 RUSH-DEFENSE E2 x4 (敌5压门 守6)
[17:01:43] {"kind": "action", "what": "produce", "name": "NAREFN", "qty": 1, "tid": null, "ts": "17:01:43"}
[17:01:43] t=688 OPENING BUILD NAREFN
[17:01:44] t=688 jev INF E2 (conf 0.62)
[17:01:45] t=690 RETREAT E2(13%)
[17:01:45] {"kind": "action", "what": "move", "name": null, "qty": null, "tid": null, "ts": "17:01:45"}
[17:01:45] t=690 SCOUT* #1110->[14, 122]
[17:01:45] {"kind": "action", "what": "attack_move", "name": null, "qty": null, "tid": null, "ts": "17:01:45"}
[17:01:46] t=690 jev INF E2 (conf 0.65)
[17:01:46] t=693 RUSH-DEFENSE E2 x1 (敌5压门 守5, 资金地板续兵)
[17:01:48] t=693 jev INF E2 (conf 0.58)
[17:01:50] t=695 jev INF E2 (conf 0.62)
[17:01:50] t=695 MOVE t=695 RUSH-DEFENSE tanks x1 -> 塔线协防; hold_a x2 -> (131,86); hold_b x1 -> (127,74)
[17:01:50] {"kind": "action", "what": "attack_move", "name": null, "qty": null, "tid": null, "ts": "17:01:50"}
[17:01:50] {"kind": "action", "what": "attack_move", "name": null, "qty": null, "tid": null, "ts": "17:01:50"}
[17:01:50] t=698 ALARM enemy approaching -> TURTLE (5 v 5, 守塔阵不打野战)
[17:01:50] {"kind": "action", "what": "attack_move", "name": null, "qty": null, "tid": null, "ts": "17:01:50"}
[17:01:52] t=698 jev INF E2 (conf 0.61)
[17:01:52] t=698 jev VEH HARV HOLD (预算保护 cash=552 aav帽=ok aav=1)
[17:01:52] t=700 TANK HTNK x2
[17:01:52] t=700 DEBT-GATE HTNK x2 (debt=0 eff=1618 < 1800)
[17:01:54] t=700 jev INF E2 (conf 0.62)
[17:01:54] t=700 jev VEH DRON (conf 0.05)
[17:01:54] {"kind": "action", "what": "produce", "name": "DRON", "qty": 1, "tid": null, "ts": "17:01:54"}
[17:01:56] t=703 jev INF E2 (conf 0.66)
[17:01:56] t=705 RETREAT HTNK(38%)
[17:01:56] t=705 RETREAT E2(32%)
[17:01:56] {"kind": "action", "what": "move", "name": null, "qty": null, "tid": null, "ts": "17:01:56"}
[17:01:56] {"kind": "action", "what": "move", "name": null, "qty": null, "tid": null, "ts": "17:01:56"}
[17:01:58] t=705 jev INF E2 (conf 0.66)
[17:01:58] t=708 RUSH-DEFENSE E2 x4 (敌5压门 守5)
[17:01:59] t=708 jev INF E2 (conf 0.63)
[17:01:59] {"kind": "action", "what": "produce", "name": "E2", "qty": 1, "tid": null, "ts": "17:01:59"}
[17:01:59] t=708 MOVE assault x1 -> 攻击目标#1074@(124,83); t=708 FOCUS-FIRE x1 -> #1074@(124,83)(敌步兵优先); hold_a x1 -> (138,72); hold_b x1 -> (138,85); aahunt x1 -> (134,79)
[17:01:59] {"kind": "action", "what": "attack_obj", "name": null, "qty": null, "tid": 1074, "ts": "17:01:59"}
[17:01:59] {"kind": "action", "what": "attack_move", "name": null, "qty": null, "tid": null, "ts": "17:01:59"}
[17:01:59] {"kind": "action", "what": "attack_move", "name": null, "qty": null, "tid": null, "ts": "17:01:59"}
[17:02:00] {"kind": "action", "what": "attack_move", "name": null, "qty": null, "tid": null, "ts": "17:02:00"}
[17:02:00] t=710 ALARM enemy approaching -> TURTLE (4 v 5, 守塔阵不打野战)
[17:02:00] {"kind": "action", "what": "attack_move", "name": null, "qty": null, "tid": null, "ts": "17:02:00"}
[17:02:01] t=710 tick#325 credits=1136 stance=defend | jev 325 decisions p50=1446ms
[17:02:05] t=718 ESCORT 坦克#1492 -> 护航矿车@[127, 106]
[17:02:05] {"kind": "action", "what": "attack_move", "name": null, "qty": null, "tid": null, "ts": "17:02:05"}
[17:02:07] t=718 jev VEH HTNK HOLD (预算保护 cash=704 aav帽=ok aav=1)
[17:02:09] t=720 jev VEH HTNK HOLD (预算保护 cash=643 aav帽=ok aav=1)
[17:02:09] t=720 MOVE assault x1 -> (137,82); t=720 RUSH-DEFENSE tanks x1 -> 塔线协防; hold_a x1 -> (132,86); hold_b x1 -> (127,74); guard x1 -> (137,82); aahunt x1 -> (124,82)
[17:02:09] {"kind": "action", "what": "attack_move", "name": null, "qty": null, "tid": null, "ts": "17:02:09"}
[17:02:09] {"kind": "action", "what": "attack_move", "name": null, "qty": null, "tid": null, "ts": "17:02:09"}
[17:02:09] {"kind": "action", "what": "attack_move", "name": null, "qty": null, "tid": null, "ts": "17:02:09"}
[17:02:09] {"kind": "action", "what": "attack_move", "name": null, "qty": null, "tid": null, "ts": "17:02:09"}
[17:02:09] {"kind": "action", "what": "attack_move", "name": null, "qty": null, "tid": null, "ts": "17:02:09"}
[17:02:09] t=723 ALARM enemy approaching -> counter 4 vs 2 -> [124, 83]
[17:02:09] {"kind": "action", "what": "attack_move", "name": null, "qty": null, "tid": null, "ts": "17:02:09"}
[17:02:09] t=723 RETREAT E2(16%)
[17:02:09] {"kind": "action", "what": "move", "name": null, "qty": null, "tid": null, "ts": "17:02:09"}
[17:02:11] t=723 jev VEH HTK HOLD (预算保护 cash=579 aav帽=ok aav=1)
[17:02:13] t=725 jev VEH HTK HOLD (预算保护 cash=517 aav帽=ok aav=1)
[17:02:14] t=728 jev VEH HTNK HOLD (预算保护 cash=459 aav帽=ok aav=1)
[17:02:16] t=730 jev VEH HARV HOLD (预算保护 cash=402 aav帽=ok aav=1)
[17:02:18] t=733 jev VEH HARV HOLD (预算保护 cash=344 aav帽=ok aav=1)
[17:02:18] t=733 MOVE assault x1 -> 攻击目标#1074@(124,83); t=733 FOCUS-FIRE x1 -> #1074@(124,83)(敌步兵优先)
[17:02:18] {"kind": "action", "what": "attack_obj", "name": null, "qty": null, "tid": 1074, "ts": "17:02:18"}
[17:02:18] t=735 ALARM unit lost -> counter 3 vs 1 -> [134, 79]
[17:02:18] {"kind": "action", "what": "attack_move", "name": null, "qty": null, "tid": null, "ts": "17:02:18"}
[17:02:20] t=735 jev VEH HTNK HOLD (预算保护 cash=284 aav帽=ok aav=1)
[17:02:20] t=738 RUSH-DEFENSE OFF (威胁解除) 恢复原公式
[17:02:22] t=738 jev VEH HTNK HOLD (预算保护 cash=226 aav帽=ok aav=1)
[17:02:23] t=740 jev VEH HTNK HOLD (预算保护 cash=168 aav帽=ok aav=1)
[17:02:25] t=742 jev VEH HTNK HOLD (预算保护 cash=112 aav帽=ok aav=1)
[17:02:27] t=745 jev VEH HTNK HOLD (预算保护 cash=55 aav帽=ok aav=1)
[17:02:27] t=745 MOVE assault x1 -> 攻击目标#1106@(119,90); t=745 FOCUS-FIRE x1 -> #1106@(119,90); hold_a x1 -> (134,86); aahunt x1 -> (125,84)
[17:02:27] {"kind": "action", "what": "attack_obj", "name": null, "qty": null, "tid": 1106, "ts": "17:02:27"}
[17:02:27] {"kind": "action", "what": "attack_move", "name": null, "qty": null, "tid": null, "ts": "17:02:27"}
[17:02:27] {"kind": "action", "what": "attack_move", "name": null, "qty": null, "tid": null, "ts": "17:02:27"}
[17:02:27] t=747 ALARM enemy approaching -> counter 4 vs 1 -> [120, 92]
[17:02:27] {"kind": "action", "what": "attack_move", "name": null, "qty": null, "tid": null, "ts": "17:02:27"}
[17:02:29] t=747 jev VEH HARV HOLD (预算保护 cash=0 aav帽=ok aav=1)
[17:02:29] t=747 jev STANCE defend->rush (conf 0.46)
[17:02:31] t=750 jev VEH HARV HOLD (预算保护 cash=0 aav帽=ok aav=1)
[17:02:31] t=752 SCOUT* #1110->[49, 186]
[17:02:31] {"kind": "action", "what": "attack_move", "name": null, "qty": null, "tid": null, "ts": "17:02:31"}
[17:02:33] t=752 jev VEH HARV HOLD (预算保护 cash=0 aav帽=ok aav=1)
[17:02:33] t=752 THREAT 0.59 -> force defend
[17:02:34] t=754 jev VEH HARV HOLD (预算保护 cash=0 aav帽=ok aav=1)
[17:02:36] t=757 jev VEH HARV HOLD (预算保护 cash=0 aav帽=ok aav=1)
[17:02:36] t=757 MOVE assault x1 -> (137,82); hold_a x1 -> (136,86); aahunt x1 -> (127,86)
[17:02:36] {"kind": "action", "what": "attack_move", "name": null, "qty": null, "tid": null, "ts": "17:02:36"}
[17:02:36] {"kind": "action", "what": "attack_move", "name": null, "qty": null, "tid": null, "ts": "17:02:36"}
[17:02:36] {"kind": "action", "what": "attack_move", "name": null, "qty": null, "tid": null, "ts": "17:02:36"}
[17:02:38] t=759 jev VEH HARV HOLD (预算保护 cash=0 aav帽=ok aav=1)
[17:02:40] t=762 jev VEH HARV HOLD (预算保护 cash=0 aav帽=ok aav=1)
[17:02:41] t=764 jev VEH HARV HOLD (预算保护 cash=0 aav帽=ok aav=1)
[17:02:43] t=766 jev VEH HARV HOLD (预算保护 cash=0 aav帽=ok aav=1)
[17:02:45] t=769 jev VEH HARV HOLD (预算保护 cash=0 aav帽=ok aav=1)
[17:02:47] t=771 jev VEH HARV HOLD (预算保护 cash=0 aav帽=ok aav=1)
[17:02:47] t=771 tick#350 credits=0 stance=defend | jev 350 decisions p50=1453ms
[17:02:48] t=773 jev VEH HARV HOLD (预算保护 cash=0 aav帽=ok aav=1)
[17:02:48] t=773 MOVE assault x1 -> (137,82)
[17:02:49] {"kind": "action", "what": "attack_move", "name": null, "qty": null, "tid": null, "ts": "17:02:49"}
[17:02:50] t=776 jev VEH HARV HOLD (预算保护 cash=0 aav帽=ok aav=1)
[17:02:50] t=778 TANK HTNK x1
[17:02:51] {"kind": "action", "what": "produce", "name": "HTNK", "qty": 1, "tid": null, "ts": "17:02:51"}
[17:03:01] t=790 MOVE assault x1 -> (137,82)
[17:03:01] {"kind": "action", "what": "attack_move", "name": null, "qty": null, "tid": null, "ts": "17:03:01"}
[17:03:06] t=797 MOVE aahunt x1 -> (127,86)
[17:03:06] {"kind": "action", "what": "attack_move", "name": null, "qty": null, "tid": null, "ts": "17:03:06"}
[17:03:11] t=804 jev BUILD NARADR HOLD (资金闸门: 坦克优先, cash=1034)
[17:03:13] t=806 jev BUILD NARADR HOLD (资金闸门: 坦克优先, cash=977)
[17:03:13] t=806 MOVE assault x1 -> (137,82)
[17:03:13] {"kind": "action", "what": "attack_move", "name": null, "qty": null, "tid": null, "ts": "17:03:13"}
[17:03:15] t=809 jev BUILD NARADR HOLD (资金闸门: 坦克优先, cash=917)
[17:03:17] t=811 jev BUILD NARADR HOLD (资金闸门: 坦克优先, cash=860)
[17:03:17] t=813 SCOUT* #1110->[49, 186]
[17:03:17] {"kind": "action", "what": "attack_move", "name": null, "qty": null, "tid": null, "ts": "17:03:17"}
[17:03:18] t=813 jev BUILD NARADR HOLD (资金闸门: 坦克优先, cash=802)
[17:03:19] t=816 ESCORT 坦克#1492 -> 护航矿车@[125, 103]
[17:03:19] {"kind": "action", "what": "attack_move", "name": null, "qty": null, "tid": null, "ts": "17:03:19"}
[17:03:20] t=816 jev BUILD NARADR HOLD (资金闸门: 坦克优先, cash=780)
[17:03:20] t=816 jev VEH HARV HOLD (预算保护 cash=780 aav帽=ok aav=1)
[17:03:20] t=816 MOVE guard x1 -> (137,82)
[17:03:20] {"kind": "action", "what": "attack_move", "name": null, "qty": null, "tid": null, "ts": "17:03:20"}
[17:03:22] t=818 jev BUILD NARADR HOLD (资金闸门: 坦克优先, cash=780)
[17:03:22] t=818 jev VEH HARV HOLD (预算保护 cash=780 aav帽=ok aav=1)
[17:03:24] t=820 jev BUILD NARADR HOLD (资金闸门: 坦克优先, cash=780)
[17:03:24] t=820 jev VEH HARV HOLD (预算保护 cash=780 aav帽=ok aav=1)
[17:03:24] t=822 TANK HTNK x2
[17:03:24] {"kind": "action", "what": "produce", "name": "HTNK", "qty": 2, "tid": null, "ts": "17:03:24"}
[17:03:24] t=822 DEBT-GATE NAWEAP x1 (debt=1800 eff=105 < 2000)
[17:03:25] t=822 jev BUILD NARADR (conf 0.26)
[17:03:25] t=822 DEBT-GATE NARADR x1 (debt=1800 eff=105 < 800)
[17:03:25] t=822 MOVE assault x1 -> (137,82)
[17:03:25] {"kind": "action", "what": "attack_move", "name": null, "qty": null, "tid": null, "ts": "17:03:25"}
[17:03:26] {"kind": "action", "what": "produce", "name": "NAWEAP", "qty": 1, "tid": null, "ts": "17:03:26"}
[17:03:26] t=825 OPENING BUILD NAWEAP
[17:03:31] t=830 tick#375 credits=2743 stance=defend | jev 375 decisions p50=1466ms
[17:03:38] t=839 MOVE assault x1 -> (137,82); hold_a x1 -> (136,86); aahunt x1 -> (127,86)
[17:03:38] {"kind": "action", "what": "attack_move", "name": null, "qty": null, "tid": null, "ts": "17:03:38"}
[17:03:38] {"kind": "action", "what": "attack_move", "name": null, "qty": null, "tid": null, "ts": "17:03:38"}
[17:03:38] {"kind": "action", "what": "attack_move", "name": null, "qty": null, "tid": null, "ts": "17:03:38"}
[17:03:45] t=851 ALARM enemy approaching -> RESCUE 预备队 3 人驰援远端 [113, 87]
[17:03:45] {"kind": "action", "what": "attack_move", "name": null, "qty": null, "tid": null, "ts": "17:03:45"}
[17:03:48] t=853 jev STANCE defend->rush (conf 0.48)
[17:03:50] t=858 ESCORT 坦克#1492 -> 护航矿车@[129, 104]
[17:03:50] {"kind": "action", "what": "attack_move", "name": null, "qty": null, "tid": null, "ts": "17:03:50"}
[17:03:52] t=860 SCOUT2 #1492->[66, 121]
[17:03:52] {"kind": "action", "what": "attack_move", "name": null, "qty": null, "tid": null, "ts": "17:03:52"}
[17:03:54] t=860 MOVE assault x2 -> (119,90); hold_a x1 -> (134,86); guard x1 -> (137,82); aahunt x1 -> (125,84)
[17:03:54] {"kind": "action", "what": "attack_move", "name": null, "qty": null, "tid": null, "ts": "17:03:54"}
[17:03:54] {"kind": "action", "what": "attack_move", "name": null, "qty": null, "tid": null, "ts": "17:03:54"}
[17:03:54] {"kind": "action", "what": "attack_move", "name": null, "qty": null, "tid": null, "ts": "17:03:54"}
[17:03:54] {"kind": "action", "what": "attack_move", "name": null, "qty": null, "tid": null, "ts": "17:03:54"}
[17:03:54] t=863 ALARM unit lost -> 攻势保持（塔阵守家, 前线 5 个单位继续进攻）
[17:03:54] t=863 SCOUT #1492->[14, 164] (敌影)
[17:03:54] {"kind": "action", "what": "attack_move", "name": null, "qty": null, "tid": null, "ts": "17:03:54"}
[17:03:56] t=863 MOVE assault x1 -> (120,92); hold_a x1 -> (138,72); aahunt x1 -> (134,79)
[17:03:56] {"kind": "action", "what": "attack_move", "name": null, "qty": null, "tid": null, "ts": "17:03:56"}
[17:03:56] {"kind": "action", "what": "attack_move", "name": null, "qty": null, "tid": null, "ts": "17:03:56"}
[17:03:56] {"kind": "action", "what": "attack_move", "name": null, "qty": null, "tid": null, "ts": "17:03:56"}
[17:03:56] t=866 ALARM enemy approaching -> RESCUE 预备队 3 人驰援远端 [120, 94]
[17:03:56] {"kind": "action", "what": "attack_move", "name": null, "qty": null, "tid": null, "ts": "17:03:56"}
[17:03:58] t=866 THREAT 0.56 -> force defend
[17:03:59] t=868 jev STANCE defend->rush (conf 0.45)
[17:04:02] t=873 SCOUT* #1492->[62, 186]
[17:04:02] {"kind": "action", "what": "attack_move", "name": null, "qty": null, "tid": null, "ts": "17:04:02"}
[17:04:05] t=875 MOVE assault x1 -> (120,107); hold_a x1 -> (136,86); hold_b x1 -> (126,79); aahunt x1 -> (128,87)
[17:04:05] {"kind": "action", "what": "attack_move", "name": null, "qty": null, "tid": null, "ts": "17:04:05"}
[17:04:05] {"kind": "action", "what": "attack_move", "name": null, "qty": null, "tid": null, "ts": "17:04:05"}
[17:04:05] {"kind": "action", "what": "attack_move", "name": null, "qty": null, "tid": null, "ts": "17:04:05"}
[17:04:05] {"kind": "action", "what": "attack_move", "name": null, "qty": null, "tid": null, "ts": "17:04:05"}
[17:04:07] t=878 MOVE assault x1 -> (66,121)
[17:04:07] {"kind": "action", "what": "attack_move", "name": null, "qty": null, "tid": null, "ts": "17:04:07"}
[17:04:10] t=882 MOVE assault x1 -> (120,108)
[17:04:10] {"kind": "action", "what": "attack_move", "name": null, "qty": null, "tid": null, "ts": "17:04:10"}
[17:04:12] t=885 THREAT 0.56 -> force defend
[17:04:12] t=885 MOVE assault x1 -> (137,82)
[17:04:12] {"kind": "action", "what": "attack_move", "name": null, "qty": null, "tid": null, "ts": "17:04:12"}
[17:04:12] t=887 ALARM enemy approaching -> RESCUE 预备队 3 人驰援远端 [120, 101]
[17:04:12] {"kind": "action", "what": "attack_move", "name": null, "qty": null, "tid": null, "ts": "17:04:12"}
[17:04:16] t=890 tick#400 credits=919 stance=defend | jev 400 decisions p50=1479ms
[17:04:21] t=897 jev VEH DRON HOLD (预算保护 cash=623 aav帽=ok aav=1)
[17:04:21] t=897 MOVE hold_a x1 -> (134,86); hold_b x1 -> (126,77); aahunt x1 -> (126,85)
[17:04:21] {"kind": "action", "what": "attack_move", "name": null, "qty": null, "tid": null, "ts": "17:04:21"}
[17:04:21] {"kind": "action", "what": "attack_move", "name": null, "qty": null, "tid": null, "ts": "17:04:21"}
[17:04:21] {"kind": "action", "what": "attack_move", "name": null, "qty": null, "tid": null, "ts": "17:04:21"}
[17:04:21] t=899 ALARM enemy approaching -> counter 6 vs 1 -> [118, 89]
[17:04:21] {"kind": "action", "what": "attack_move", "name": null, "qty": null, "tid": null, "ts": "17:04:21"}
[17:04:21] t=899 ESCORT 坦克#1689 -> 护航矿车@[124, 104]
[17:04:21] {"kind": "action", "what": "attack_move", "name": null, "qty": null, "tid": null, "ts": "17:04:21"}
[17:04:23] t=899 jev VEH DRON HOLD (预算保护 cash=563 aav帽=ok aav=1)
[17:04:25] t=902 jev VEH DRON HOLD (预算保护 cash=504 aav帽=ok aav=1)
[17:04:25] t=902 jev STANCE defend->rush (conf 0.48)
[17:04:25] t=902 THREAT 0.56 -> force defend
[17:04:26] t=904 jev VEH DRON HOLD (预算保护 cash=447 aav帽=ok aav=1)
[17:04:26] t=904 jev STANCE defend->rush (conf 0.47)
[17:04:28] t=906 jev VEH DRON HOLD (预算保护 cash=391 aav帽=ok aav=1)
[17:04:30] t=909 jev VEH DRON HOLD (预算保护 cash=355 aav帽=ok aav=1)
[17:04:30] t=909 THREAT 0.57 -> force defend
[17:04:30] t=909 MOVE assault x2 -> (137,82); hold_a x1 -> (130,86); hold_b x1 -> (128,73); guard x1 -> (137,82); aahunt x1 -> (124,80)
[17:04:30] {"kind": "action", "what": "attack_move", "name": null, "qty": null, "tid": null, "ts": "17:04:30"}
[17:04:30] {"kind": "action", "what": "attack_move", "name": null, "qty": null, "tid": null, "ts": "17:04:30"}
[17:04:30] {"kind": "action", "what": "attack_move", "name": null, "qty": null, "tid": null, "ts": "17:04:30"}
[17:04:30] {"kind": "action", "what": "attack_move", "name": null, "qty": null, "tid": null, "ts": "17:04:30"}
[17:04:30] {"kind": "action", "what": "attack_move", "name": null, "qty": null, "tid": null, "ts": "17:04:30"}
[17:04:32] t=911 jev BUILD NARADR HOLD (资金闸门: 坦克优先, cash=355)
[17:04:32] t=911 jev VEH DRON HOLD (预算保护 cash=355 aav帽=ok aav=1)
[17:04:32] t=911 jev STANCE defend->rush (conf 0.49)
[17:04:32] t=911 MOVE assault x2 -> (106,87)
[17:04:32] {"kind": "action", "what": "attack_move", "name": null, "qty": null, "tid": null, "ts": "17:04:32"}
[17:04:34] t=914 jev BUILD NARADR HOLD (资金闸门: 坦克优先, cash=355)
[17:04:34] t=914 jev VEH DRON HOLD (预算保护 cash=355 aav帽=ok aav=1)
[17:04:34] t=914 MOVE assault x2 -> (104,89)
[17:04:34] {"kind": "action", "what": "attack_move", "name": null, "qty": null, "tid": null, "ts": "17:04:34"}
[17:04:34] t=916 TANK HTNK x2
[17:04:34] t=916 DEBT-GATE HTNK x2 (debt=0 eff=1480 < 1800)
[17:04:35] t=916 jev BUILD NARADR HOLD (资金闸门: 坦克优先, cash=1480)
[17:04:35] t=916 jev VEH HARV HOLD (预算保护 cash=1480 aav帽=ok aav=1)
[17:04:35] t=916 MOVE assault x2 -> (66,121)
[17:04:35] {"kind": "action", "what": "attack_move", "name": null, "qty": null, "tid": null, "ts": "17:04:35"}
[17:04:36] t=918 TANK HTNK x2
[17:04:36] t=918 DEBT-GATE HTNK x2 (debt=0 eff=1480 < 1800)
[17:04:37] t=918 jev BUILD NARADR HOLD (资金闸门: 坦克优先, cash=1480)
[17:04:37] t=918 jev VEH HARV HOLD (预算保护 cash=1480 aav帽=ok aav=1)
[17:04:37] t=921 TANK HTNK x2
[17:04:37] t=921 DEBT-GATE HTNK x2 (debt=0 eff=1480 < 1800)
[17:04:39] t=921 jev BUILD NARADR HOLD (资金闸门: 坦克优先, cash=1480)
[17:04:39] t=921 jev VEH HARV HOLD (预算保护 cash=1480 aav帽=ok aav=1)
[17:04:39] t=923 TANK HTNK x2
[17:04:39] t=923 DEBT-GATE HTNK x2 (debt=0 eff=1480 < 1800)
[17:04:41] t=923 jev BUILD NARADR HOLD (资金闸门: 坦克优先, cash=1480)
[17:04:41] t=923 jev VEH HARV HOLD (预算保护 cash=1480 aav帽=ok aav=1)
[17:04:41] t=925 TANK HTNK x2
[17:04:41] t=925 DEBT-GATE HTNK x2 (debt=0 eff=1480 < 1800)
[17:04:42] t=925 jev BUILD NARADR HOLD (资金闸门: 坦克优先, cash=1480)
[17:04:42] t=925 jev VEH HARV HOLD (预算保护 cash=1480 aav帽=ok aav=1)
[17:04:42] t=927 TANK HTNK x2
[17:04:42] t=927 DEBT-GATE HTNK x2 (debt=0 eff=1480 < 1800)
[17:04:44] t=927 jev BUILD NARADR HOLD (资金闸门: 坦克优先, cash=1480)
[17:04:44] t=927 jev VEH HARV HOLD (预算保护 cash=1480 aav帽=ok aav=1)
[17:04:44] t=930 TANK HTNK x2
[17:04:44] t=930 DEBT-GATE HTNK x2 (debt=0 eff=1480 < 1800)
[17:04:46] t=930 jev BUILD NARADR HOLD (资金闸门: 坦克优先, cash=1480)
[17:04:46] t=930 jev VEH HARV HOLD (预算保护 cash=1480 aav帽=ok aav=1)
[17:04:46] t=932 TANK HTNK x2
[17:04:46] t=932 DEBT-GATE HTNK x2 (debt=0 eff=1480 < 1800)
[17:04:47] t=932 jev BUILD NARADR HOLD (资金闸门: 坦克优先, cash=1480)
[17:04:47] t=932 jev VEH HARV HOLD (预算保护 cash=1480 aav帽=ok aav=1)
[17:04:47] t=934 TANK HTNK x2
[17:04:47] t=934 DEBT-GATE HTNK x2 (debt=0 eff=1480 < 1800)
[17:04:47] t=934 SCOUT* #1492->[14, 102]
[17:04:48] {"kind": "action", "what": "attack_move", "name": null, "qty": null, "tid": null, "ts": "17:04:48"}
[17:04:49] t=934 jev BUILD NARADR HOLD (资金闸门: 坦克优先, cash=1480)
[17:04:49] t=934 jev VEH HARV HOLD (预算保护 cash=1480 aav帽=ok aav=1)
[17:04:49] t=934 MOVE assault x2 -> (66,121)
[17:04:49] {"kind": "action", "what": "attack_move", "name": null, "qty": null, "tid": null, "ts": "17:04:49"}
[17:04:49] t=936 TANK HTNK x2
[17:04:49] t=936 DEBT-GATE HTNK x2 (debt=0 eff=1480 < 1800)
[17:04:51] t=936 jev BUILD NARADR HOLD (资金闸门: 坦克优先, cash=1480)
[17:04:51] t=936 jev VEH HARV HOLD (预算保护 cash=1480 aav帽=ok aav=1)
[17:04:51] t=939 TANK HTNK x2
[17:04:51] t=939 DEBT-GATE HTNK x2 (debt=0 eff=1480 < 1800)
[17:04:52] t=939 jev BUILD NARADR HOLD (资金闸门: 坦克优先, cash=1480)
[17:04:52] t=939 jev VEH HARV HOLD (预算保护 cash=1480 aav帽=ok aav=1)
[17:04:53] t=941 TANK HTNK x2
[17:04:53] t=941 ESCORT 坦克#1705 -> 护航矿车@[128, 105]
[17:04:53] t=941 DEBT-GATE HTNK x2 (debt=0 eff=1480 < 1800)
[17:04:53] {"kind": "action", "what": "attack_move", "name": null, "qty": null, "tid": null, "ts": "17:04:53"}
[17:04:54] t=941 jev BUILD NARADR HOLD (资金闸门: 坦克优先, cash=1480)
[17:04:54] t=941 jev VEH HARV HOLD (预算保护 cash=1480 aav帽=ok aav=1)
[17:04:54] t=943 TANK HTNK x2
[17:04:54] t=943 DEBT-GATE HTNK x2 (debt=0 eff=1480 < 1800)
[17:04:56] t=943 jev BUILD NARADR HOLD (资金闸门: 坦克优先, cash=1480)
[17:04:56] t=943 jev VEH DRON (conf 0.15)
[17:04:56] {"kind": "action", "what": "produce", "name": "DRON", "qty": 1, "tid": null, "ts": "17:04:56"}
[17:04:56] t=943 MOVE assault x2 -> 攻击目标#1106@(99,102); t=943 FOCUS-FIRE x2 -> #1106@(99,102)
[17:04:56] {"kind": "action", "what": "attack_obj", "name": null, "qty": null, "tid": 1106, "ts": "17:04:56"}
[17:04:58] t=946 jev BUILD NAWEAP HOLD (资金闸门: 坦克优先, cash=1458)
[17:04:58] t=946 MOVE assault x2 -> 攻击目标#1106@(101,100)
[17:04:58] {"kind": "action", "what": "attack_obj", "name": null, "qty": null, "tid": 1106, "ts": "17:04:58"}
[17:05:00] t=948 jev BUILD NAWEAP HOLD (资金闸门: 坦克优先, cash=1318)
[17:05:00] t=948 MOVE assault x2 -> 攻击目标#1106@(103,97)
[17:05:00] {"kind": "action", "what": "attack_obj", "name": null, "qty": null, "tid": 1106, "ts": "17:05:00"}
[17:05:00] t=948 tick#425 credits=1318 stance=rush | jev 425 decisions p50=1487ms
[17:05:02] t=951 jev BUILD NARADR HOLD (资金闸门: 坦克优先, cash=1169)
[17:05:02] t=951 MOVE assault x2 -> 攻击目标#1106@(103,95); guard x1 -> (137,82); aahunt x1 -> (124,80)
[17:05:02] {"kind": "action", "what": "attack_obj", "name": null, "qty": null, "tid": 1106, "ts": "17:05:02"}
[17:05:02] {"kind": "action", "what": "attack_move", "name": null, "qty": null, "tid": null, "ts": "17:05:02"}
[17:05:02] {"kind": "action", "what": "attack_move", "name": null, "qty": null, "tid": null, "ts": "17:05:02"}
[17:05:02] t=954 V3-RESPONSE HTK x2 (alive 1, seen t6 fire t1000000954)
[17:05:02] t=954 RETREAT HTNK(25%)
[17:05:02] {"kind": "action", "what": "produce", "name": "HTK", "qty": 2, "tid": null, "ts": "17:05:02"}
[17:05:02] {"kind": "action", "what": "move", "name": null, "qty": null, "tid": null, "ts": "17:05:02"}
[17:05:04] t=954 jev BUILD NARADR HOLD (资金闸门: 坦克优先, cash=1080)
[17:05:04] t=954 ATTACK (tanks=6)
[17:05:04] t=954 MOVE assault x3 -> 攻击目标#1106@(104,93)
[17:05:04] {"kind": "action", "what": "attack_obj", "name": null, "qty": null, "tid": 1106, "ts": "17:05:04"}
[17:05:04] t=956 ALARM unit lost -> 攻势保持（塔阵守家, 前线 6 个单位继续进攻）
[17:05:06] t=956 jev BUILD NARADR HOLD (资金闸门: 坦克优先, cash=895)
[17:05:06] t=956 MOVE assault x2 -> (103,91); hold_a x1 -> (138,72); hold_b x1 -> (138,85); aahunt x1 -> (134,79)
[17:05:06] {"kind": "action", "what": "attack_move", "name": null, "qty": null, "tid": null, "ts": "17:05:06"}
[17:05:06] {"kind": "action", "what": "attack_move", "name": null, "qty": null, "tid": null, "ts": "17:05:06"}
[17:05:06] {"kind": "action", "what": "attack_move", "name": null, "qty": null, "tid": null, "ts": "17:05:06"}
[17:05:06] {"kind": "action", "what": "attack_move", "name": null, "qty": null, "tid": null, "ts": "17:05:06"}
[17:05:08] t=959 jev BUILD NARADR HOLD (资金闸门: 坦克优先, cash=701)
[17:05:08] t=959 MOVE assault x2 -> (103,98)
[17:05:08] {"kind": "action", "what": "attack_move", "name": null, "qty": null, "tid": null, "ts": "17:05:08"}
[17:05:10] t=962 jev BUILD NARADR (conf 0.19)
[17:05:10] {"kind": "action", "what": "produce", "name": "NARADR", "qty": 1, "tid": null, "ts": "17:05:10"}
[17:05:12] t=967 RETREAT HTNK(32%)
[17:05:12] {"kind": "action", "what": "move", "name": null, "qty": null, "tid": null, "ts": "17:05:12"}
[17:05:14] t=969 ALARM unit lost -> 攻势保持（塔阵守家, 前线 7 个单位继续进攻）
[17:05:14] t=969 V3-RESPONSE HTK x1 (alive 3, seen t21 fire t1000000969)
[17:05:14] t=969 TANK HTNK x3
[17:05:14] {"kind": "action", "what": "produce", "name": "HTNK", "qty": 3, "tid": null, "ts": "17:05:14"}
[17:05:16] t=969 MOVE assault x1 -> (104,97)
[17:05:16] {"kind": "action", "what": "attack_move", "name": null, "qty": null, "tid": null, "ts": "17:05:16"}
[17:05:18] t=972 MOVE assault x1 -> (105,97)
[17:05:18] {"kind": "action", "what": "attack_move", "name": null, "qty": null, "tid": null, "ts": "17:05:18"}
[17:05:18] t=975 RETREAT HTNK(31%)
[17:05:18] {"kind": "action", "what": "move", "name": null, "qty": null, "tid": null, "ts": "17:05:18"}
[17:05:20] t=975 jev INF E2 (conf 0.36)
[17:05:20] {"kind": "action", "what": "produce", "name": "E2", "qty": 1, "tid": null, "ts": "17:05:20"}
[17:05:20] t=975 MOVE assault x1 -> 攻击目标#1719@(104,96); t=975 FOCUS-FIRE x1 -> #1719@(104,96)
[17:05:20] {"kind": "action", "what": "attack_obj", "name": null, "qty": null, "tid": 1719, "ts": "17:05:20"}
[17:05:22] t=977 MOVE assault x1 -> 攻击目标#1124@(99,101); t=977 FOCUS-FIRE x1 -> #1124@(99,101)(敌步兵优先)
[17:05:22] {"kind": "action", "what": "attack_obj", "name": null, "qty": null, "tid": 1124, "ts": "17:05:22"}
[17:05:22] t=980 ALARM unit lost -> 攻势保持（塔阵守家, 前线 6 个单位继续进攻）
[17:05:22] t=980 SCOUT #1689->[100, 100]
[17:05:22] {"kind": "action", "what": "attack_move", "name": null, "qty": null, "tid": null, "ts": "17:05:22"}
[17:05:26] t=983 jev INF E2 (conf 0.50)
[17:05:28] t=986 jev INF E2 (conf 0.50)
[17:05:30] t=988 jev INF E2 (conf 0.48)
[17:05:30] t=988 MOVE assault x1 -> (104,90)
[17:05:30] {"kind": "action", "what": "attack_move", "name": null, "qty": null, "tid": null, "ts": "17:05:30"}
[17:05:32] t=991 jev INF E2 (conf 0.48)
[17:05:32] t=991 MOVE assault x1 -> (105,88)
[17:05:32] {"kind": "action", "what": "attack_move", "name": null, "qty": null, "tid": null, "ts": "17:05:32"}
[17:05:32] t=993 ALARM enemy approaching -> RESCUE 预备队 3 人驰援远端 [107, 86]
[17:05:32] {"kind": "action", "what": "attack_move", "name": null, "qty": null, "tid": null, "ts": "17:05:32"}
[17:05:32] t=993 ESCORT 坦克#1815 -> 护航矿车@[123, 102]
[17:05:32] {"kind": "action", "what": "attack_move", "name": null, "qty": null, "tid": null, "ts": "17:05:32"}
[17:05:34] t=993 jev INF E2 (conf 0.32)
[17:05:34] t=996 SCOUT* #1689->[14, 110]
[17:05:34] {"kind": "action", "what": "attack_move", "name": null, "qty": null, "tid": null, "ts": "17:05:34"}
[17:05:36] t=996 jev INF E2 (conf 0.35)
[17:05:38] t=999 jev INF E2 (conf 0.35)
[17:05:38] t=999 THREAT 0.64 -> force defend
[17:05:38] t=1001 TESLA coil (have 0)
[17:05:38] t=1001 RETREAT HTNK(26%)
[17:05:38] {"kind": "action", "what": "produce", "name": "TESLA", "qty": 1, "tid": null, "ts": "17:05:38"}
[17:05:38] {"kind": "action", "what": "move", "name": null, "qty": null, "tid": null, "ts": "17:05:38"}
[17:05:38] t=1001 DEBT-GATE NAWEAP x1 (debt=1500 eff=594 < 2000)
[17:05:40] t=1001 jev BUILD NAWEAP (conf 0.17)
[17:05:40] t=1001 jev INF FLAKT (conf 0.30)
[17:05:40] t=1001 DEBT-GATE NAWEAP x1 (debt=1500 eff=594 < 2000)
[17:05:40] {"kind": "action", "what": "produce", "name": "FLAKT", "qty": 1, "tid": null, "ts": "17:05:40"}
[17:05:40] t=1001 MOVE assault x1 -> (137,82); hold_a x2 -> (131,86); hold_b x1 -> (127,73); aahunt x3 -> (124,81)
[17:05:40] {"kind": "action", "what": "attack_move", "name": null, "qty": null, "tid": null, "ts": "17:05:40"}
[17:05:40] {"kind": "action", "what": "attack_move", "name": null, "qty": null, "tid": null, "ts": "17:05:40"}
[17:05:40] {"kind": "action", "what": "attack_move", "name": null, "qty": null, "tid": null, "ts": "17:05:40"}
[17:05:40] {"kind": "action", "what": "attack_move", "name": null, "qty": null, "tid": null, "ts": "17:05:40"}
[17:05:41] t=1005 ALARM unit lost -> TURTLE (7 v 12, 守塔阵不打野战)
[17:05:41] {"kind": "action", "what": "attack_move", "name": null, "qty": null, "tid": null, "ts": "17:05:41"}
[17:05:41] t=1005 SCOUT #1815->[12, 100]
[17:05:41] {"kind": "action", "what": "attack_move", "name": null, "qty": null, "tid": null, "ts": "17:05:41"}
[17:05:41] t=1005 DEBT-GATE NAWEAP x1 (debt=0 eff=1815 < 2000)
[17:05:43] t=1005 jev BUILD NAWEAP (conf 0.15)
[17:05:43] t=1005 DEBT-GATE NAWEAP x1 (debt=0 eff=1815 < 2000)
[17:05:45] t=1008 jev BUILD NAWEAP HOLD (资金闸门: 坦克优先, cash=1374)
[17:05:45] t=1011 RUSH-DEFENSE ON (敌8压门 vs 守9) 动员兵爆产
[17:05:45] t=1011 RUSH-DEFENSE E2 x4 (敌8压门 守9)
[17:05:45] {"kind": "action", "what": "produce", "name": "E2", "qty": 4, "tid": null, "ts": "17:05:45"}
[17:05:47] t=1011 jev BUILD NAWEAP HOLD (资金闸门: 坦克优先, cash=1161)
[17:05:49] t=1014 jev BUILD NAWEAP HOLD (资金闸门: 坦克优先, cash=871)
[17:05:49] t=1014 MOVE t=1014 RUSH-DEFENSE tanks x1 -> 塔线协防; hold_a x2 -> (132,86); hold_b x2 -> (127,74); aahunt x3 -> (124,82)
[17:05:49] {"kind": "action", "what": "attack_move", "name": null, "qty": null, "tid": null, "ts": "17:05:49"}
[17:05:49] {"kind": "action", "what": "attack_move", "name": null, "qty": null, "tid": null, "ts": "17:05:49"}
[17:05:49] {"kind": "action", "what": "attack_move", "name": null, "qty": null, "tid": null, "ts": "17:05:49"}
[17:05:50] t=1017 ALARM unit lost -> TURTLE (7 v 15, 守塔阵不打野战)
[17:05:50] {"kind": "action", "what": "attack_move", "name": null, "qty": null, "tid": null, "ts": "17:05:50"}
[17:05:52] t=1017 jev BUILD NAWEAP HOLD (资金闸门: 坦克优先, cash=618)
[17:05:52] t=1017 tick#450 credits=618 stance=defend | jev 450 decisions p50=1505ms
[17:05:54] t=1020 jev BUILD NAWEAP HOLD (资金闸门: 坦克优先, cash=394)
[17:05:56] t=1023 jev BUILD NAWEAP HOLD (资金闸门: 坦克优先, cash=171)
[17:05:56] t=1026 V3-RESPONSE HTK x2 (alive 2, seen t0 fire t1000001026)
[17:05:56] {"kind": "action", "what": "produce", "name": "HTK", "qty": 2, "tid": null, "ts": "17:05:56"}
[17:05:58] t=1026 jev BUILD NAWEAP HOLD (资金闸门: 坦克优先, cash=1184)
[17:05:58] t=1026 MOVE assault x1 -> (137,82); t=1026 RUSH-DEFENSE tanks x1 -> 塔线协防; hold_a x2 -> (134,86); hold_b x2 -> (126,77); guard x1 -> (137,82); aahunt x2 -> (126,85)
[17:05:58] {"kind": "action", "what": "attack_move", "name": null, "qty": null, "tid": null, "ts": "17:05:58"}
[17:05:58] {"kind": "action", "what": "attack_move", "name": null, "qty": null, "tid": null, "ts": "17:05:58"}
[17:05:58] {"kind": "action", "what": "attack_move", "name": null, "qty": null, "tid": null, "ts": "17:05:58"}
[17:05:58] {"kind": "action", "what": "attack_move", "name": null, "qty": null, "tid": null, "ts": "17:05:58"}
[17:05:58] {"kind": "action", "what": "attack_move", "name": null, "qty": null, "tid": null, "ts": "17:05:58"}
[17:05:59] t=1029 ALARM enemy approaching -> TURTLE (8 v 15, 守塔阵不打野战)
[17:05:59] {"kind": "action", "what": "attack_move", "name": null, "qty": null, "tid": null, "ts": "17:05:59"}
[17:06:02] t=1029 jev BUILD NAWEAP HOLD (资金闸门: 坦克优先, cash=882)
[17:06:04] t=1033 jev BUILD NAWEAP HOLD (资金闸门: 坦克优先, cash=506)
[17:06:04] t=1036 ESCORT 坦克#1829 -> 护航矿车@[126, 105]
[17:06:04] {"kind": "action", "what": "attack_move", "name": null, "qty": null, "tid": null, "ts": "17:06:04"}
[17:06:06] t=1036 jev BUILD NAWEAP HOLD (资金闸门: 坦克优先, cash=224)
[17:06:08] t=1039 jev BUILD NAWEAP HOLD (资金闸门: 坦克优先, cash=0)
[17:06:08] t=1039 MOVE t=1039 RUSH-DEFENSE tanks x1 -> 塔线协防; hold_a x2 -> (130,86); hold_b x2 -> (128,73); aahunt x2 -> (124,80)
[17:06:08] {"kind": "action", "what": "attack_move", "name": null, "qty": null, "tid": null, "ts": "17:06:08"}
[17:06:08] {"kind": "action", "what": "attack_move", "name": null, "qty": null, "tid": null, "ts": "17:06:08"}
[17:06:08] {"kind": "action", "what": "attack_move", "name": null, "qty": null, "tid": null, "ts": "17:06:08"}
[17:06:09] t=1042 ALARM unit lost -> TURTLE (7 v 14, 守塔阵不打野战)
[17:06:09] {"kind": "action", "what": "attack_move", "name": null, "qty": null, "tid": null, "ts": "17:06:09"}
[17:06:10] t=1042 jev BUILD NAWEAP HOLD (资金闸门: 坦克优先, cash=0)
[17:06:13] t=1045 jev BUILD NAWEAP HOLD (资金闸门: 坦克优先, cash=0)
[17:06:15] t=1048 jev BUILD NAWEAP HOLD (资金闸门: 坦克优先, cash=0)
[17:06:17] t=1051 jev BUILD NAWEAP HOLD (资金闸门: 坦克优先, cash=0)
[17:06:17] t=1051 MOVE assault x1 -> 攻击目标#1192@(125,81); t=1051 FOCUS-FIRE x1 -> #1192@(125,81)(敌步兵优先); hold_a x2 -> (131,86); hold_b x2 -> (127,74); aahunt x1 -> (124,82)
[17:06:17] {"kind": "action", "what": "attack_obj", "name": null, "qty": null, "tid": 1192, "ts": "17:06:17"}
[17:06:17] {"kind": "action", "what": "attack_move", "name": null, "qty": null, "tid": null, "ts": "17:06:17"}
[17:06:17] {"kind": "action", "what": "attack_move", "name": null, "qty": null, "tid": null, "ts": "17:06:17"}
[17:06:17] {"kind": "action", "what": "attack_move", "name": null, "qty": null, "tid": null, "ts": "17:06:17"}
[17:06:17] t=1054 ALARM NAREFN under attack -> TURTLE (7 v 13, 守塔阵不打野战)
[17:06:17] {"kind": "action", "what": "attack_move", "name": null, "qty": null, "tid": null, "ts": "17:06:17"}
[17:06:19] t=1054 jev BUILD NAWEAP HOLD (资金闸门: 坦克优先, cash=0)
[17:06:20] t=1057 SCOUT* #1815->[14, 118]
[17:06:20] {"kind": "action", "what": "attack_move", "name": null, "qty": null, "tid": null, "ts": "17:06:20"}
[17:06:22] t=1057 jev BUILD NAWEAP HOLD (资金闸门: 坦克优先, cash=0)
[17:06:24] t=1060 jev BUILD NAWEAP HOLD (资金闸门: 坦克优先, cash=0)
[17:06:26] t=1063 jev BUILD NAWEAP HOLD (资金闸门: 坦克优先, cash=0)
[17:06:26] t=1065 ALARM NAREFN under attack -> TURTLE (6 v 12, 守塔阵不打野战)
[17:06:26] {"kind": "action", "what": "attack_move", "name": null, "qty": null, "tid": null, "ts": "17:06:26"}
[17:06:28] t=1065 jev BUILD NAWEAP HOLD (资金闸门: 坦克优先, cash=0)
[17:06:28] t=1068 RETREAT HTNK(37%)
[17:06:28] {"kind": "action", "what": "move", "name": null, "qty": null, "tid": null, "ts": "17:06:28"}
[17:06:30] t=1068 jev BUILD NAWEAP HOLD (资金闸门: 坦克优先, cash=0)
[17:06:31] t=1071 V3-RESPONSE HTK x1 (alive 1, seen t0 fire t1000001071)
[17:06:31] {"kind": "action", "what": "produce", "name": "HTK", "qty": 1, "tid": null, "ts": "17:06:31"}
[17:06:32] t=1071 jev BUILD NAWEAP HOLD (资金闸门: 坦克优先, cash=932)
[17:06:35] t=1074 jev BUILD NAWEAP HOLD (资金闸门: 坦克优先, cash=667)
[17:06:35] t=1074 MOVE assault x1 -> 攻击目标#1082@(124,84); t=1074 FOCUS-FIRE x1 -> #1082@(124,84)(敌步兵优先); guard x1 -> (137,82)
[17:06:35] {"kind": "action", "what": "attack_obj", "name": null, "qty": null, "tid": 1082, "ts": "17:06:35"}
[17:06:35] {"kind": "action", "what": "attack_move", "name": null, "qty": null, "tid": null, "ts": "17:06:35"}
[17:06:35] t=1077 ALARM NAREFN under attack -> TURTLE (7 v 10, 守塔阵不打野战)
[17:06:35] {"kind": "action", "what": "attack_move", "name": null, "qty": null, "tid": null, "ts": "17:06:35"}
[17:06:35] t=1077 ESCORT 坦克#1829 -> 护航矿车@[128, 105]
[17:06:35] {"kind": "action", "what": "attack_move", "name": null, "qty": null, "tid": null, "ts": "17:06:35"}
[17:06:37] t=1077 jev BUILD NAWEAP HOLD (资金闸门: 坦克优先, cash=387)
[17:06:39] t=1080 jev BUILD NAWEAP HOLD (资金闸门: 坦克优先, cash=207)
[17:06:39] t=1080 jev VEH HARV HOLD (预算保护 cash=207 aav帽=ok aav=2)
[17:06:41] t=1083 jev BUILD NAWEAP HOLD (资金闸门: 坦克优先, cash=135)
[17:06:41] t=1083 jev VEH HARV HOLD (预算保护 cash=135 aav帽=ok aav=2)
[17:06:43] t=1086 jev BUILD NAWEAP HOLD (资金闸门: 坦克优先, cash=60)
[17:06:43] t=1086 jev VEH HARV HOLD (预算保护 cash=60 aav帽=ok aav=2)
[17:06:43] t=1086 MOVE assault x1 -> 攻击目标#1082@(125,84)
[17:06:43] {"kind": "action", "what": "attack_obj", "name": null, "qty": null, "tid": 1082, "ts": "17:06:43"}
[17:06:43] t=1088 ALARM NAREFN under attack -> TURTLE (8 v 9, 守塔阵不打野战)
[17:06:43] {"kind": "action", "what": "attack_move", "name": null, "qty": null, "tid": null, "ts": "17:06:43"}
[17:06:45] t=1088 jev BUILD NAWEAP HOLD (资金闸门: 坦克优先, cash=0)
[17:06:45] t=1088 jev VEH HARV HOLD (预算保护 cash=0 aav帽=ok aav=2)
[17:06:47] t=1091 jev BUILD NAWEAP HOLD (资金闸门: 坦克优先, cash=0)
[17:06:47] t=1091 jev VEH HARV HOLD (预算保护 cash=0 aav帽=ok aav=2)
[17:06:47] t=1091 tick#475 credits=0 stance=defend | jev 475 decisions p50=1516ms
[17:06:50] t=1094 jev BUILD NAWEAP HOLD (资金闸门: 坦克优先, cash=0)
[17:06:50] t=1094 jev VEH HARV HOLD (预算保护 cash=0 aav帽=ok aav=2)
[17:06:52] t=1097 jev BUILD NAWEAP HOLD (资金闸门: 坦克优先, cash=0)
[17:06:52] t=1097 jev VEH HARV HOLD (预算保护 cash=0 aav帽=ok aav=2)
[17:06:52] t=1097 MOVE assault x1 -> 攻击目标#1129@(126,85); t=1097 FOCUS-FIRE x1 -> #1129@(126,85)(敌步兵优先); aahunt x2 -> (124,82)
[17:06:52] {"kind": "action", "what": "attack_obj", "name": null, "qty": null, "tid": 1129, "ts": "17:06:52"}
[17:06:52] {"kind": "action", "what": "attack_move", "name": null, "qty": null, "tid": null, "ts": "17:06:52"}
[17:06:52] t=1100 ALARM NAREFN under attack -> TURTLE (8 v 7, 守塔阵不打野战)
[17:06:52] {"kind": "action", "what": "attack_move", "name": null, "qty": null, "tid": null, "ts": "17:06:52"}
[17:06:52] t=1100 V3-RESPONSE HTK x2 (alive 2, seen t0 fire t1000001100)
[17:06:54] t=1100 jev BUILD NAWEAP HOLD (资金闸门: 坦克优先, cash=1101)
[17:06:54] t=1100 jev VEH HARV HOLD (预算保护 cash=1101 aav帽=ok aav=2)
[17:06:54] t=1103 V3-RESPONSE HTK x2 (alive 2, seen t0 fire t1000001103)
[17:06:56] t=1103 jev BUILD NAWEAP HOLD (资金闸门: 坦克优先, cash=1029)
[17:06:56] t=1103 jev VEH HARV HOLD (预算保护 cash=1029 aav帽=ok aav=2)
[17:06:56] t=1106 V3-RESPONSE HTK x2 (alive 2, seen t0 fire t1000001106)
[17:06:56] {"kind": "action", "what": "produce", "name": "HTK", "qty": 2, "tid": null, "ts": "17:06:56"}
[17:06:58] t=1106 jev BUILD NAWEAP HOLD (资金闸门: 坦克优先, cash=1001)
[17:07:01] t=1109 jev BUILD NAWEAP HOLD (资金闸门: 坦克优先, cash=807)
[17:07:01] t=1109 MOVE assault x1 -> 攻击目标#1123@(126,86); t=1109 FOCUS-FIRE x1 -> #1123@(126,86)(敌步兵优先); aahunt x2 -> 攻击目标#1585@(110,84)
[17:07:01] {"kind": "action", "what": "attack_obj", "name": null, "qty": null, "tid": 1123, "ts": "17:07:01"}
[17:07:01] {"kind": "action", "what": "attack_obj", "name": null, "qty": null, "tid": 1585, "ts": "17:07:01"}
[17:07:01] t=1112 ALARM NAREFN under attack -> counter 8 vs 4 -> [128, 81]
[17:07:01] {"kind": "action", "what": "attack_move", "name": null, "qty": null, "tid": null, "ts": "17:07:01"}
[17:07:05] t=1115 ATTACK (tanks=6)
[17:07:05] t=1118 ESCORT 坦克#1829 -> 护航矿车@[129, 107]
[17:07:05] {"kind": "action", "what": "attack_move", "name": null, "qty": null, "tid": null, "ts": "17:07:05"}
[17:07:05] t=1118 SCOUT* #1815->[14, 183]
[17:07:05] {"kind": "action", "what": "attack_move", "name": null, "qty": null, "tid": null, "ts": "17:07:05"}
[17:07:07] t=1118 THREAT 0.61 -> force defend
[17:07:07] t=1118 ATTACK (tanks=6)
[17:07:09] t=1121 jev VEH HARV HOLD (预算保护 cash=1 aav帽=ok aav=4)
[17:07:09] t=1121 THREAT 0.66 -> force defend
[17:07:09] t=1121 ATTACK (tanks=7)
[17:07:09] t=1123 ALARM enemy approaching -> 攻势保持（塔阵守家, 前线 10 个单位继续进攻）
[17:07:11] t=1123 jev VEH HARV HOLD (预算保护 cash=1 aav帽=ok aav=4)
[17:07:11] t=1123 MOVE assault x1 -> 攻击目标#1209@(125,83); t=1123 FOCUS-FIRE x1 -> #1209@(125,83)(敌步兵优先); hold_a x2 -> (132,86); guard x1 -> (137,82)
[17:07:11] {"kind": "action", "what": "attack_obj", "name": null, "qty": null, "tid": 1209, "ts": "17:07:11"}
[17:07:11] {"kind": "action", "what": "attack_move", "name": null, "qty": null, "tid": null, "ts": "17:07:11"}
[17:07:11] {"kind": "action", "what": "attack_move", "name": null, "qty": null, "tid": null, "ts": "17:07:11"}
[17:07:12] t=1126 ALARM enemy approaching -> RESCUE 预备队 3 人驰援远端 [110, 84]
[17:07:12] {"kind": "action", "what": "attack_move", "name": null, "qty": null, "tid": null, "ts": "17:07:12"}
[17:07:12] t=1126 POWER plant (reserve 5)
[17:07:12] {"kind": "action", "what": "produce", "name": "NAPOWR", "qty": 1, "tid": null, "ts": "17:07:12"}
[17:07:13] t=1126 jev VEH HARV HOLD (预算保护 cash=1126 aav帽=ok aav=4)
[17:07:13] t=1126 THREAT 0.60 -> force defend
[17:07:13] t=1126 ATTACK (tanks=7)
[17:07:14] t=1129 TANK HTNK x1
[17:07:14] {"kind": "action", "what": "produce", "name": "HTNK", "qty": 1, "tid": null, "ts": "17:07:14"}
[17:07:15] t=1129 THREAT 0.64 -> force defend
[17:07:15] t=1129 ATTACK (tanks=7)
[17:07:17] t=1131 THREAT 0.64 -> force defend
[17:07:17] t=1131 ATTACK (tanks=7)
[17:07:19] t=1134 THREAT 0.61 -> force defend
[17:07:19] t=1134 ATTACK (tanks=7)
[17:07:20] t=1137 ALARM enemy approaching -> RESCUE 预备队 3 人驰援远端 [110, 84]
[17:07:20] {"kind": "action", "what": "attack_move", "name": null, "qty": null, "tid": null, "ts": "17:07:20"}
[17:07:21] t=1137 THREAT 0.65 -> force defend
[17:07:21] t=1137 ATTACK (tanks=7)
[17:07:23] t=1139 THREAT 0.70 -> force defend
[17:07:23] t=1139 ATTACK (tanks=7)
[17:07:25] t=1142 THREAT 0.67 -> force defend
[17:07:25] t=1142 ATTACK (tanks=7)
[17:07:27] t=1145 THREAT 0.63 -> force defend
[17:07:27] t=1145 ATTACK (tanks=7)
[17:07:29] t=1147 THREAT 0.59 -> force defend
[17:07:29] t=1147 ATTACK (tanks=7)
[17:07:29] t=1147 MOVE assault x1 -> 攻击目标#1081@(114,87); t=1147 FOCUS-FIRE x1 -> #1081@(114,87); hold_b x2 -> (127,74); aahunt x4 -> (124,82)
[17:07:29] {"kind": "action", "what": "attack_obj", "name": null, "qty": null, "tid": 1081, "ts": "17:07:29"}
[17:07:29] {"kind": "action", "what": "attack_move", "name": null, "qty": null, "tid": null, "ts": "17:07:29"}
[17:07:29] {"kind": "action", "what": "attack_move", "name": null, "qty": null, "tid": null, "ts": "17:07:29"}
[17:07:29] t=1149 ALARM enemy approaching -> RESCUE 预备队 3 人驰援远端 [115, 88]
[17:07:29] {"kind": "action", "what": "attack_move", "name": null, "qty": null, "tid": null, "ts": "17:07:29"}
[17:07:31] t=1149 THREAT 0.60 -> force defend
[17:07:31] t=1149 ATTACK (tanks=7)
[17:07:33] t=1152 THREAT 0.60 -> force defend
[17:07:33] t=1152 ATTACK (tanks=7)
[17:07:37] t=1157 THREAT 0.56 -> force defend
[17:07:37] t=1157 ATTACK (tanks=7)
[17:07:37] t=1160 ESCORT 坦克#1842 -> 护航矿车@[131, 105]
[17:07:37] {"kind": "action", "what": "attack_move", "name": null, "qty": null, "tid": null, "ts": "17:07:37"}
[17:07:39] t=1160 MOVE assault x1 -> 攻击目标#1081@(120,96); t=1160 FOCUS-FIRE x1 -> #1081@(120,96); hold_a x2 -> (136,86); hold_b x2 -> (126,78); aahunt x4 -> (127,86)
[17:07:39] {"kind": "action", "what": "attack_obj", "name": null, "qty": null, "tid": 1081, "ts": "17:07:39"}
[17:07:39] {"kind": "action", "what": "attack_move", "name": null, "qty": null, "tid": null, "ts": "17:07:39"}
[17:07:39] {"kind": "action", "what": "attack_move", "name": null, "qty": null, "tid": null, "ts": "17:07:39"}
[17:07:39] {"kind": "action", "what": "attack_move", "name": null, "qty": null, "tid": null, "ts": "17:07:39"}
[17:07:39] t=1160 tick#500 credits=1037 stance=attack | jev 500 decisions p50=1530ms
[17:07:39] t=1163 ALARM enemy approaching -> RESCUE 预备队 3 人驰援远端 [120, 99]
[17:07:39] {"kind": "action", "what": "attack_move", "name": null, "qty": null, "tid": null, "ts": "17:07:39"}
[17:07:39] t=1163 TESLA coil (have 1)
[17:07:39] {"kind": "action", "what": "produce", "name": "TESLA", "qty": 1, "tid": null, "ts": "17:07:39"}
[17:07:41] t=1165 TANK HTNK x2
[17:07:41] {"kind": "action", "what": "produce", "name": "HTNK", "qty": 2, "tid": null, "ts": "17:07:41"}
[17:07:41] t=1165 SCOUT2 #1829->[12, 12]
[17:07:41] {"kind": "action", "what": "attack_move", "name": null, "qty": null, "tid": null, "ts": "17:07:41"}
[17:07:43] t=1168 RUSH-DEFENSE OFF (威胁解除) 恢复原公式
[17:07:45] t=1168 jev BUILD NAWEAP HOLD (资金闸门: 坦克优先, cash=1610)
[17:07:47] t=1171 jev BUILD NAWEAP HOLD (资金闸门: 坦克优先, cash=1416)
[17:07:49] t=1173 jev BUILD NAWEAP HOLD (资金闸门: 坦克优先, cash=1227)
[17:07:49] t=1173 MOVE assault x2 -> (120,109); hold_a x2 -> (137,86); hold_b x2 -> (126,79); guard x1 -> (137,82); aahunt x4 -> (128,87)
[17:07:49] {"kind": "action", "what": "attack_move", "name": null, "qty": null, "tid": null, "ts": "17:07:49"}
[17:07:49] {"kind": "action", "what": "attack_move", "name": null, "qty": null, "tid": null, "ts": "17:07:49"}
[17:07:49] {"kind": "action", "what": "attack_move", "name": null, "qty": null, "tid": null, "ts": "17:07:49"}
[17:07:49] {"kind": "action", "what": "attack_move", "name": null, "qty": null, "tid": null, "ts": "17:07:49"}
[17:07:49] {"kind": "action", "what": "attack_move", "name": null, "qty": null, "tid": null, "ts": "17:07:49"}
[17:07:51] t=1176 jev BUILD NAWEAP HOLD (资金闸门: 坦克优先, cash=1014)
[17:07:51] t=1176 MOVE assault x2 -> (120,113)
[17:07:51] {"kind": "action", "what": "attack_move", "name": null, "qty": null, "tid": null, "ts": "17:07:51"}
[17:07:51] t=1179 SCOUT* #1815->[68, 186]
[17:07:51] {"kind": "action", "what": "attack_move", "name": null, "qty": null, "tid": null, "ts": "17:07:51"}
[17:07:53] t=1179 jev BUILD NAWEAP HOLD (资金闸门: 坦克优先, cash=820)
[17:07:53] t=1179 MOVE assault x2 -> (120,116)
[17:07:53] {"kind": "action", "what": "attack_move", "name": null, "qty": null, "tid": null, "ts": "17:07:53"}
[17:07:55] t=1181 jev BUILD NAWEAP HOLD (资金闸门: 坦克优先, cash=621)
[17:07:55] t=1181 MOVE assault x2 -> (120,120)
[17:07:55] {"kind": "action", "what": "attack_move", "name": null, "qty": null, "tid": null, "ts": "17:07:55"}
[17:07:57] t=1184 jev BUILD NAWEAP HOLD (资金闸门: 坦克优先, cash=427)
[17:07:57] t=1184 jev STANCE attack->rush (conf 0.46)
[17:07:57] t=1184 ATTACK (tanks=9)
[17:07:57] t=1184 MOVE assault x3 -> (120,123)
[17:07:57] {"kind": "action", "what": "attack_move", "name": null, "qty": null, "tid": null, "ts": "17:07:57"}
[17:07:59] t=1187 jev BUILD NAWEAP HOLD (资金闸门: 坦克优先, cash=229)
[17:07:59] t=1187 jev STANCE attack->rush (conf 0.46)
[17:07:59] t=1187 ATTACK (tanks=9)
[17:07:59] t=1187 MOVE assault x3 -> (118,126)
[17:07:59] {"kind": "action", "what": "attack_move", "name": null, "qty": null, "tid": null, "ts": "17:07:59"}
[17:08:01] t=1189 jev BUILD NAWEAP HOLD (资金闸门: 坦克优先, cash=30)
[17:08:01] t=1189 MOVE assault x3 -> (117,129)
[17:08:01] {"kind": "action", "what": "attack_move", "name": null, "qty": null, "tid": null, "ts": "17:08:01"}
[17:08:03] t=1192 jev BUILD NAWEAP HOLD (资金闸门: 坦克优先, cash=0)
[17:08:03] t=1192 jev STANCE attack->rush (conf 0.45)
[17:08:03] t=1192 ATTACK (tanks=9)
[17:08:03] t=1192 MOVE assault x3 -> (117,132)
[17:08:03] {"kind": "action", "what": "attack_move", "name": null, "qty": null, "tid": null, "ts": "17:08:03"}
[17:08:05] t=1194 jev BUILD NAWEAP HOLD (资金闸门: 坦克优先, cash=0)
[17:08:05] t=1194 MOVE assault x3 -> (115,134)
[17:08:05] {"kind": "action", "what": "attack_move", "name": null, "qty": null, "tid": null, "ts": "17:08:05"}
[17:08:07] t=1197 jev BUILD NAWEAP HOLD (资金闸门: 坦克优先, cash=0)
[17:08:07] t=1197 MOVE assault x3 -> (114,135)
[17:08:07] {"kind": "action", "what": "attack_move", "name": null, "qty": null, "tid": null, "ts": "17:08:07"}
[17:08:07] t=1200 ESCORT 坦克#2291 -> 护航矿车@[127, 105]
[17:08:07] {"kind": "action", "what": "attack_move", "name": null, "qty": null, "tid": null, "ts": "17:08:07"}
[17:08:09] t=1200 jev BUILD NAWEAP HOLD (资金闸门: 坦克优先, cash=0)
[17:08:09] t=1200 jev STANCE attack->rush (conf 0.50)
[17:08:09] t=1200 ATTACK (tanks=9)
[17:08:10] t=1202 jev BUILD NAWEAP HOLD (资金闸门: 坦克优先, cash=0)
[17:08:10] t=1202 jev STANCE attack->rush (conf 0.48)
[17:08:10] t=1202 ATTACK (tanks=9)
[17:08:12] t=1205 jev BUILD NAWEAP HOLD (资金闸门: 坦克优先, cash=0)
[17:08:12] t=1205 jev STANCE attack->rush (conf 0.47)
[17:08:12] t=1205 ATTACK (tanks=9)
[17:08:12] t=1205 MOVE assault x3 -> (115,135)
[17:08:12] {"kind": "action", "what": "attack_move", "name": null, "qty": null, "tid": null, "ts": "17:08:12"}
[17:08:14] t=1207 jev BUILD NAWEAP HOLD (资金闸门: 坦克优先, cash=0)
[17:08:14] t=1207 jev STANCE attack->rush (conf 0.47)
[17:08:14] t=1207 ATTACK (tanks=9)
[17:08:16] t=1210 jev BUILD NAWEAP HOLD (资金闸门: 坦克优先, cash=0)
[17:08:16] t=1210 jev STANCE attack->rush (conf 0.49)
[17:08:16] t=1210 ATTACK (tanks=9)
[17:08:18] t=1213 jev BUILD NAWEAP HOLD (资金闸门: 坦克优先, cash=0)
[17:08:18] t=1213 jev STANCE attack->rush (conf 0.48)
[17:08:18] t=1213 ATTACK (tanks=9)
[17:08:18] t=1213 MOVE assault x3 -> (115,136)
[17:08:18] {"kind": "action", "what": "attack_move", "name": null, "qty": null, "tid": null, "ts": "17:08:18"}
[17:08:20] t=1215 jev BUILD NAWEAP HOLD (资金闸门: 坦克优先, cash=0)
[17:08:20] t=1215 jev STANCE attack->rush (conf 0.49)
[17:08:20] t=1215 ATTACK (tanks=9)
[17:08:20] t=1215 MOVE guard x1 -> (137,82); aahunt x4 -> (128,87)
[17:08:20] {"kind": "action", "what": "attack_move", "name": null, "qty": null, "tid": null, "ts": "17:08:20"}
[17:08:20] {"kind": "action", "what": "attack_move", "name": null, "qty": null, "tid": null, "ts": "17:08:20"}
[17:08:22] t=1218 jev BUILD NAWEAP HOLD (资金闸门: 坦克优先, cash=0)
[17:08:22] t=1218 jev STANCE attack->rush (conf 0.49)
[17:08:22] t=1218 ATTACK (tanks=9)
[17:08:24] t=1220 jev BUILD NAWEAP HOLD (资金闸门: 坦克优先, cash=0)
[17:08:24] t=1220 jev STANCE attack->rush (conf 0.48)
[17:08:24] t=1220 ATTACK (tanks=9)
[17:08:26] t=1223 jev BUILD NAWEAP HOLD (资金闸门: 坦克优先, cash=27)
[17:08:26] t=1223 MOVE assault x3 -> (66,121)
[17:08:26] {"kind": "action", "what": "attack_move", "name": null, "qty": null, "tid": null, "ts": "17:08:26"}
[17:08:28] t=1225 jev BUILD NAWEAP HOLD (资金闸门: 坦克优先, cash=0)
[17:08:28] t=1225 tick#525 credits=0 stance=attack | jev 525 decisions p50=1553ms
[17:08:30] t=1228 jev BUILD NAWEAP HOLD (资金闸门: 坦克优先, cash=0)
[17:08:31] t=1230 jev BUILD NAWEAP HOLD (资金闸门: 坦克优先, cash=47)
[17:08:33] t=1233 jev BUILD NAWEAP HOLD (资金闸门: 坦克优先, cash=0)
[17:08:35] t=1235 jev BUILD NAWEAP HOLD (资金闸门: 坦克优先, cash=1121)
[17:08:37] t=1238 jev BUILD NAWEAP HOLD (资金闸门: 坦克优先, cash=932)
[17:08:37] t=1240 ESCORT 坦克#2293 -> 护航矿车@[87, 99]
[17:08:37] {"kind": "action", "what": "attack_move", "name": null, "qty": null, "tid": null, "ts": "17:08:37"}
[17:08:37] t=1240 SCOUT* #1815->[68, 186]
[17:08:37] {"kind": "action", "what": "attack_move", "name": null, "qty": null, "tid": null, "ts": "17:08:37"}
[17:08:39] t=1240 jev BUILD NAWEAP HOLD (资金闸门: 坦克优先, cash=748)
[17:08:39] t=1240 MOVE assault x3 -> (66,121)
[17:08:39] {"kind": "action", "what": "attack_move", "name": null, "qty": null, "tid": null, "ts": "17:08:39"}
[17:08:39] t=1243 TANK HTNK x1
[17:08:39] {"kind": "action", "what": "produce", "name": "HTNK", "qty": 1, "tid": null, "ts": "17:08:39"}
[17:08:41] t=1243 jev BUILD NAWEAP HOLD (资金闸门: 坦克优先, cash=902)
[17:08:43] t=1246 jev BUILD NAWEAP HOLD (资金闸门: 坦克优先, cash=722)
[17:08:43] t=1246 jev STANCE attack->rush (conf 0.53)
[17:08:43] t=1246 ATTACK (tanks=10)
[17:08:43] t=1246 MOVE assault x4 -> (80,92)
[17:08:43] {"kind": "action", "what": "attack_move", "name": null, "qty": null, "tid": null, "ts": "17:08:43"}
[17:08:45] t=1248 jev BUILD NAWEAP HOLD (资金闸门: 坦克优先, cash=528)
[17:08:45] t=1248 jev STANCE attack->rush (conf 0.47)
[17:08:45] t=1248 ATTACK (tanks=10)
[17:08:45] t=1248 MOVE assault x4 -> (91,105)
[17:08:45] {"kind": "action", "what": "attack_move", "name": null, "qty": null, "tid": null, "ts": "17:08:45"}
[17:08:47] t=1251 jev BUILD NAWEAP HOLD (资金闸门: 坦克优先, cash=325)
[17:08:47] t=1251 jev STANCE attack->rush (conf 0.47)
[17:08:47] t=1251 ATTACK (tanks=10)
[17:08:47] t=1251 MOVE assault x4 -> (92,105)
[17:08:47] {"kind": "action", "what": "attack_move", "name": null, "qty": null, "tid": null, "ts": "17:08:47"}
[17:08:49] t=1254 jev BUILD NAWEAP HOLD (资金闸门: 坦克优先, cash=125)
[17:08:49] t=1254 jev STANCE attack->rush (conf 0.46)
[17:08:49] t=1254 ATTACK (tanks=10)
[17:08:49] t=1254 MOVE assault x4 -> (95,102); hold_a x2 -> (137,86); hold_b x2 -> (126,79)
[17:08:49] {"kind": "action", "what": "attack_move", "name": null, "qty": null, "tid": null, "ts": "17:08:49"}
[17:08:49] {"kind": "action", "what": "attack_move", "name": null, "qty": null, "tid": null, "ts": "17:08:49"}
[17:08:49] {"kind": "action", "what": "attack_move", "name": null, "qty": null, "tid": null, "ts": "17:08:49"}
[17:08:51] t=1256 jev BUILD NAWEAP HOLD (资金闸门: 坦克优先, cash=0)
[17:08:51] t=1256 jev STANCE attack->rush (conf 0.46)
[17:08:51] t=1256 ATTACK (tanks=10)
[17:08:51] t=1256 MOVE assault x4 -> (98,102); guard x1 -> (137,82); aahunt x4 -> (128,87)
[17:08:51] {"kind": "action", "what": "attack_move", "name": null, "qty": null, "tid": null, "ts": "17:08:51"}
[17:08:51] {"kind": "action", "what": "attack_move", "name": null, "qty": null, "tid": null, "ts": "17:08:51"}
[17:08:51] {"kind": "action", "what": "attack_move", "name": null, "qty": null, "tid": null, "ts": "17:08:51"}
[17:08:53] t=1259 jev BUILD NAWEAP HOLD (资金闸门: 坦克优先, cash=0)
[17:08:53] t=1259 MOVE assault x4 -> (100,101)
[17:08:53] {"kind": "action", "what": "attack_move", "name": null, "qty": null, "tid": null, "ts": "17:08:53"}
[17:08:55] t=1262 jev BUILD NAWEAP HOLD (资金闸门: 坦克优先, cash=0)
[17:08:55] t=1262 MOVE assault x4 -> (102,98)
[17:08:55] {"kind": "action", "what": "attack_move", "name": null, "qty": null, "tid": null, "ts": "17:08:55"}
[17:08:57] t=1264 jev BUILD NAWEAP HOLD (资金闸门: 坦克优先, cash=0)
[17:08:57] t=1264 MOVE assault x4 -> 攻击目标#1855@(103,95); t=1264 FOCUS-FIRE x4 -> #1855@(103,95)
[17:08:57] {"kind": "action", "what": "attack_obj", "name": null, "qty": null, "tid": 1855, "ts": "17:08:57"}
[17:08:59] t=1267 jev BUILD NAWEAP HOLD (资金闸门: 坦克优先, cash=56)
[17:08:59] t=1267 MOVE assault x4 -> 攻击目标#1855@(103,91)
[17:08:59] {"kind": "action", "what": "attack_obj", "name": null, "qty": null, "tid": 1855, "ts": "17:08:59"}
[17:09:01] t=1270 jev BUILD NAWEAP HOLD (资金闸门: 坦克优先, cash=0)
[17:09:01] t=1270 MOVE assault x4 -> 攻击目标#1855@(105,89)
[17:09:01] {"kind": "action", "what": "attack_obj", "name": null, "qty": null, "tid": 1855, "ts": "17:09:01"}
[17:09:03] t=1272 jev BUILD NAWEAP HOLD (资金闸门: 坦克优先, cash=0)
[17:09:03] t=1272 MOVE assault x4 -> 攻击目标#1855@(105,87)
[17:09:03] {"kind": "action", "what": "attack_obj", "name": null, "qty": null, "tid": 1855, "ts": "17:09:03"}
[17:09:03] t=1275 ALARM enemy approaching -> RESCUE 预备队 3 人驰援远端 [107, 86]
[17:09:03] {"kind": "action", "what": "attack_move", "name": null, "qty": null, "tid": null, "ts": "17:09:03"}
[17:09:05] t=1275 jev BUILD NAWEAP HOLD (资金闸门: 坦克优先, cash=0)
[17:09:08] t=1281 ESCORT 坦克#1842 -> 护航矿车@[127, 105]
[17:09:08] {"kind": "action", "what": "attack_move", "name": null, "qty": null, "tid": null, "ts": "17:09:08"}
[17:09:11] t=1283 jev BUILD NAWEAP HOLD (资金闸门: 坦克优先, cash=0)
[17:09:11] t=1283 MOVE assault x4 -> 攻击目标#1855@(111,86); t=1283 FOCUS-FIRE x4 -> #1855@(111,86); hold_a x2 -> (131,86); hold_b x2 -> (127,74); aahunt x4 -> (124,81)
[17:09:11] {"kind": "action", "what": "attack_obj", "name": null, "qty": null, "tid": 1855, "ts": "17:09:11"}
[17:09:12] {"kind": "action", "what": "attack_move", "name": null, "qty": null, "tid": null, "ts": "17:09:12"}
[17:09:12] {"kind": "action", "what": "attack_move", "name": null, "qty": null, "tid": null, "ts": "17:09:12"}
[17:09:12] {"kind": "action", "what": "attack_move", "name": null, "qty": null, "tid": null, "ts": "17:09:12"}
[17:09:12] t=1286 ALARM enemy approaching -> RESCUE 预备队 3 人驰援远端 [114, 87]
[17:09:12] {"kind": "action", "what": "attack_move", "name": null, "qty": null, "tid": null, "ts": "17:09:12"}
[17:09:14] t=1286 jev BUILD NAWEAP HOLD (资金闸门: 坦克优先, cash=0)
[17:09:16] t=1289 jev BUILD NAWEAP HOLD (资金闸门: 坦克优先, cash=0)
[17:09:18] t=1292 jev BUILD NAWEAP HOLD (资金闸门: 坦克优先, cash=0)
[17:09:18] t=1292 tick#550 credits=0 stance=attack | jev 550 decisions p50=1580ms
[17:09:20] t=1295 jev BUILD NAWEAP HOLD (资金闸门: 坦克优先, cash=0)
[17:09:20] t=1295 MOVE assault x4 -> 攻击目标#1855@(119,91); hold_a x2 -> (134,86); hold_b x2 -> (126,76); aahunt x4 -> (126,85)
[17:09:20] {"kind": "action", "what": "attack_obj", "name": null, "qty": null, "tid": 1855, "ts": "17:09:20"}
[17:09:20] {"kind": "action", "what": "attack_move", "name": null, "qty": null, "tid": null, "ts": "17:09:20"}
[17:09:20] {"kind": "action", "what": "attack_move", "name": null, "qty": null, "tid": null, "ts": "17:09:20"}
[17:09:20] {"kind": "action", "what": "attack_move", "name": null, "qty": null, "tid": null, "ts": "17:09:20"}
[17:09:22] t=1298 jev BUILD NAWEAP HOLD (资金闸门: 坦克优先, cash=0)
[17:09:22] t=1298 MOVE assault x4 -> (80,89); guard x1 -> (137,82)
[17:09:22] {"kind": "action", "what": "attack_move", "name": null, "qty": null, "tid": null, "ts": "17:09:22"}
[17:09:22] {"kind": "action", "what": "attack_move", "name": null, "qty": null, "tid": null, "ts": "17:09:22"}
[17:09:22] t=1301 SCOUT* #1815->[14, 174]
[17:09:23] {"kind": "action", "what": "attack_move", "name": null, "qty": null, "tid": null, "ts": "17:09:23"}
[17:09:24] t=1301 jev BUILD NAWEAP HOLD (资金闸门: 坦克优先, cash=0)
[17:09:24] t=1301 MOVE assault x4 -> (80,85)
[17:09:24] {"kind": "action", "what": "attack_move", "name": null, "qty": null, "tid": null, "ts": "17:09:24"}
[17:09:26] t=1303 jev BUILD NAWEAP HOLD (资金闸门: 坦克优先, cash=0)
[17:09:26] t=1303 MOVE assault x4 -> (80,81)
[17:09:26] {"kind": "action", "what": "attack_move", "name": null, "qty": null, "tid": null, "ts": "17:09:26"}
[17:09:28] t=1306 jev BUILD NAWEAP HOLD (资金闸门: 坦克优先, cash=0)
[17:09:28] t=1306 MOVE assault x4 -> (83,86)
[17:09:29] {"kind": "action", "what": "attack_move", "name": null, "qty": null, "tid": null, "ts": "17:09:29"}
[17:09:31] t=1309 jev BUILD NAWEAP HOLD (资金闸门: 坦克优先, cash=0)
[17:09:33] t=1312 jev BUILD NAWEAP HOLD (资金闸门: 坦克优先, cash=0)
[17:09:35] t=1314 jev BUILD NAWEAP HOLD (资金闸门: 坦克优先, cash=0)
[17:09:37] t=1317 jev BUILD NAWEAP HOLD (资金闸门: 坦克优先, cash=0)
[17:09:39] t=1320 jev BUILD NAWEAP HOLD (资金闸门: 坦克优先, cash=146)
[17:09:39] t=1322 ESCORT 坦克#1842 -> 护航矿车@[92, 59]
[17:09:39] {"kind": "action", "what": "attack_move", "name": null, "qty": null, "tid": null, "ts": "17:09:39"}
[17:09:41] t=1322 jev BUILD NAWEAP HOLD (资金闸门: 坦克优先, cash=0)
[17:09:41] t=1322 MOVE assault x4 -> (83,86)
[17:09:41] {"kind": "action", "what": "attack_move", "name": null, "qty": null, "tid": null, "ts": "17:09:41"}
[17:09:43] t=1325 jev BUILD NAWEAP HOLD (资金闸门: 坦克优先, cash=0)
[17:09:45] t=1328 jev BUILD NAWEAP HOLD (资金闸门: 坦克优先, cash=0)
[17:09:47] t=1331 MOVE assault x4 -> (83,88)
[17:09:47] {"kind": "action", "what": "attack_move", "name": null, "qty": null, "tid": null, "ts": "17:09:47"}
[17:09:49] t=1333 jev BUILD NAWEAP HOLD (资金闸门: 坦克优先, cash=161)
[17:09:49] t=1333 jev VEH HARV HOLD (预算保护 cash=161 aav帽=ok aav=4)
[17:09:49] t=1333 MOVE assault x5 -> (86,98)
[17:09:49] {"kind": "action", "what": "attack_move", "name": null, "qty": null, "tid": null, "ts": "17:09:49"}
[17:09:51] t=1336 jev BUILD NAWEAP HOLD (资金闸门: 坦克优先, cash=101)
[17:09:51] t=1336 jev VEH HARV HOLD (预算保护 cash=101 aav帽=ok aav=4)
[17:09:51] t=1336 MOVE assault x5 -> (87,99); aahunt x4 -> (126,85)
[17:09:51] {"kind": "action", "what": "attack_move", "name": null, "qty": null, "tid": null, "ts": "17:09:51"}
[17:09:51] {"kind": "action", "what": "attack_move", "name": null, "qty": null, "tid": null, "ts": "17:09:51"}
[17:09:53] t=1339 jev BUILD NAWEAP HOLD (资金闸门: 坦克优先, cash=101)
[17:09:53] t=1339 jev VEH HARV HOLD (预算保护 cash=101 aav帽=ok aav=4)
[17:09:53] t=1339 MOVE assault x5 -> (86,91); guard x1 -> (137,82)
[17:09:53] {"kind": "action", "what": "attack_move", "name": null, "qty": null, "tid": null, "ts": "17:09:53"}
[17:09:53] {"kind": "action", "what": "attack_move", "name": null, "qty": null, "tid": null, "ts": "17:09:53"}
[17:09:55] t=1342 jev BUILD NAWEAP HOLD (资金闸门: 坦克优先, cash=101)
[17:09:55] t=1342 jev VEH HARV HOLD (预算保护 cash=101 aav帽=ok aav=4)
[17:09:55] t=1342 MOVE assault x5 -> (90,95)
[17:09:55] {"kind": "action", "what": "attack_move", "name": null, "qty": null, "tid": null, "ts": "17:09:55"}
[17:09:57] t=1345 jev BUILD NAWEAP HOLD (资金闸门: 坦克优先, cash=101)
[17:09:57] t=1345 jev VEH HARV HOLD (预算保护 cash=101 aav帽=ok aav=4)
[17:09:57] t=1345 MOVE assault x5 -> (78,78)
[17:09:57] {"kind": "action", "what": "attack_move", "name": null, "qty": null, "tid": null, "ts": "17:09:57"}
[17:09:59] t=1347 jev BUILD NAWEAP HOLD (资金闸门: 坦克优先, cash=176)
[17:09:59] t=1347 jev VEH HARV HOLD (预算保护 cash=176 aav帽=ok aav=4)
[17:09:59] t=1347 MOVE assault x5 -> (79,80)
[17:09:59] {"kind": "action", "what": "attack_move", "name": null, "qty": null, "tid": null, "ts": "17:09:59"}
[17:10:01] t=1350 jev BUILD NAWEAP HOLD (资金闸门: 坦克优先, cash=176)
[17:10:01] t=1350 jev VEH HARV HOLD (预算保护 cash=176 aav帽=ok aav=4)
[17:10:01] t=1350 MOVE assault x5 -> (80,83)
[17:10:01] {"kind": "action", "what": "attack_move", "name": null, "qty": null, "tid": null, "ts": "17:10:01"}
[17:10:03] t=1353 jev BUILD NAWEAP HOLD (资金闸门: 坦克优先, cash=176)
[17:10:03] t=1353 jev VEH HARV HOLD (预算保护 cash=176 aav帽=ok aav=4)
[17:10:03] t=1353 MOVE assault x5 -> 攻击目标#1335@(82,96); t=1353 FOCUS-FIRE x5 -> #1335@(82,96)(敌步兵优先)
[17:10:03] {"kind": "action", "what": "attack_obj", "name": null, "qty": null, "tid": 1335, "ts": "17:10:03"}
[17:10:05] t=1356 jev BUILD NAWEAP HOLD (资金闸门: 坦克优先, cash=176)
[17:10:05] t=1356 jev VEH HARV HOLD (预算保护 cash=176 aav帽=ok aav=4)
[17:10:05] t=1356 MOVE assault x5 -> 攻击目标#2167@(83,88); t=1356 FOCUS-FIRE x5 -> #2167@(83,88)
[17:10:05] {"kind": "action", "what": "attack_obj", "name": null, "qty": null, "tid": 2167, "ts": "17:10:05"}
[17:10:07] t=1358 jev BUILD NAWEAP HOLD (资金闸门: 坦克优先, cash=176)
[17:10:07] t=1358 jev VEH HARV HOLD (预算保护 cash=176 aav帽=ok aav=4)
[17:10:08] t=1361 SCOUT* #1815->[14, 174]
[17:10:08] {"kind": "action", "what": "attack_move", "name": null, "qty": null, "tid": null, "ts": "17:10:08"}
[17:10:09] t=1361 jev BUILD NAWEAP HOLD (资金闸门: 坦克优先, cash=176)
[17:10:09] t=1361 jev VEH HARV HOLD (预算保护 cash=176 aav帽=ok aav=4)
[17:10:09] t=1361 tick#575 credits=176 stance=attack | jev 575 decisions p50=1612ms
[17:10:10] t=1363 ESCORT 坦克#1829 -> 护航矿车@[128, 105]
[17:10:10] {"kind": "action", "what": "attack_move", "name": null, "qty": null, "tid": null, "ts": "17:10:10"}
[17:10:11] t=1363 jev BUILD NAWEAP HOLD (资金闸门: 坦克优先, cash=176)
[17:10:11] t=1363 jev VEH HARV HOLD (预算保护 cash=176 aav帽=ok aav=4)
[17:10:11] t=1363 MOVE assault x5 -> 攻击目标#2167@(83,87)
[17:10:11] {"kind": "action", "what": "attack_obj", "name": null, "qty": null, "tid": 2167, "ts": "17:10:11"}
[17:10:13] t=1366 jev BUILD NAWEAP HOLD (资金闸门: 坦克优先, cash=176)
[17:10:13] t=1366 jev VEH HARV HOLD (预算保护 cash=176 aav帽=ok aav=4)
[17:10:13] t=1366 MOVE assault x5 -> (80,104)
[17:10:13] {"kind": "action", "what": "attack_move", "name": null, "qty": null, "tid": null, "ts": "17:10:13"}
[17:10:14] t=1369 RETREAT HTNK(30%)
[17:10:14] {"kind": "action", "what": "move", "name": null, "qty": null, "tid": null, "ts": "17:10:14"}
[17:10:15] t=1369 jev BUILD NAWEAP HOLD (资金闸门: 坦克优先, cash=176)
[17:10:15] t=1369 jev VEH HARV HOLD (预算保护 cash=176 aav帽=ok aav=4)
[17:10:15] t=1369 MOVE assault x5 -> (66,121)
[17:10:15] {"kind": "action", "what": "attack_move", "name": null, "qty": null, "tid": null, "ts": "17:10:15"}
[17:10:16] t=1371 ENEMY BASE spotted @[77, 109]
[17:10:17] t=1371 jev BUILD NAWEAP HOLD (资金闸门: 坦克优先, cash=176)
[17:10:17] t=1371 jev VEH DRON HOLD (预算保护 cash=176 aav帽=ok aav=4)
[17:10:17] t=1371 MOVE t=1371 SIEGE LOCK-ON (my 8820 >= 1.5x en 2000, 敌经济死亡) 全军集结总攻; assault x6 -> (137,82); t=1371 SIEGE STAGING x6/8 (攒兵团, 齐冲再上); hold_a x2 -> (132,86); hold_b x2 -> (126,75); aahunt x4 -> (125,83)
[17:10:17] {"kind": "action", "what": "attack_move", "name": null, "qty": null, "tid": null, "ts": "17:10:17"}
[17:10:17] {"kind": "action", "what": "attack_move", "name": null, "qty": null, "tid": null, "ts": "17:10:17"}
[17:10:17] {"kind": "action", "what": "attack_move", "name": null, "qty": null, "tid": null, "ts": "17:10:17"}
[17:10:17] {"kind": "action", "what": "attack_move", "name": null, "qty": null, "tid": null, "ts": "17:10:17"}
[17:10:19] t=1374 jev BUILD NAWEAP HOLD (资金闸门: 坦克优先, cash=176)
[17:10:19] t=1374 jev VEH DRON HOLD (预算保护 cash=176 aav帽=ok aav=4)
[17:10:19] t=1374 MOVE t=1374 SIEGE STAGING x6/8 (攒兵团, 齐冲再上); hold_b x2 -> (127,74); aahunt x4 -> (124,82)
[17:10:19] {"kind": "action", "what": "attack_move", "name": null, "qty": null, "tid": null, "ts": "17:10:19"}
[17:10:20] {"kind": "action", "what": "attack_move", "name": null, "qty": null, "tid": null, "ts": "17:10:20"}
[17:10:22] t=1377 jev BUILD NAWEAP HOLD (资金闸门: 坦克优先, cash=176)
[17:10:22] t=1377 jev VEH DRON HOLD (预算保护 cash=176 aav帽=ok aav=4)
[17:10:23] t=1380 jev BUILD NAWEAP HOLD (资金闸门: 坦克优先, cash=176)
[17:10:23] t=1380 jev VEH DRON HOLD (预算保护 cash=176 aav帽=ok aav=4)
[17:10:25] t=1382 jev BUILD NAWEAP HOLD (资金闸门: 坦克优先, cash=176)
[17:10:25] t=1382 jev VEH DRON HOLD (预算保护 cash=176 aav帽=ok aav=4)
[17:10:27] t=1385 jev BUILD NAWEAP HOLD (资金闸门: 坦克优先, cash=176)
[17:10:27] t=1385 jev VEH DRON HOLD (预算保护 cash=176 aav帽=ok aav=4)
[17:10:29] t=1387 jev BUILD NAWEAP HOLD (资金闸门: 坦克优先, cash=176)
[17:10:29] t=1387 jev VEH DRON HOLD (预算保护 cash=176 aav帽=ok aav=4)
[17:10:29] t=1387 MOVE assault x6 -> (137,82); t=1387 SIEGE STAGING x6/8 (攒兵团, 齐冲再上)
[17:10:29] {"kind": "action", "what": "attack_move", "name": null, "qty": null, "tid": null, "ts": "17:10:29"}
[17:10:31] t=1390 jev BUILD NAWEAP HOLD (资金闸门: 坦克优先, cash=176)
[17:10:31] t=1390 jev VEH DRON HOLD (预算保护 cash=176 aav帽=ok aav=4)
[17:10:33] t=1393 jev BUILD NAWEAP HOLD (资金闸门: 坦克优先, cash=326)
[17:10:33] t=1393 jev VEH DRON HOLD (预算保护 cash=326 aav帽=ok aav=4)
[17:10:35] t=1395 jev BUILD NAWEAP HOLD (资金闸门: 坦克优先, cash=326)
[17:10:35] t=1395 jev VEH DRON HOLD (预算保护 cash=326 aav帽=ok aav=4)
[17:10:37] t=1398 jev BUILD NAWEAP HOLD (资金闸门: 坦克优先, cash=326)
[17:10:37] t=1398 jev VEH DRON HOLD (预算保护 cash=326 aav帽=ok aav=4)
[17:10:39] t=1401 jev BUILD NAWEAP HOLD (资金闸门: 坦克优先, cash=326)
[17:10:39] t=1401 jev VEH DRON HOLD (预算保护 cash=326 aav帽=ok aav=4)
[17:10:41] t=1403 jev BUILD NAWEAP HOLD (资金闸门: 坦克优先, cash=326)
[17:10:41] t=1403 jev VEH DRON HOLD (预算保护 cash=326 aav帽=ok aav=4)
[17:10:42] t=1406 ESCORT 坦克#2333 -> 护航矿车@[132, 126]
[17:10:42] {"kind": "action", "what": "attack_move", "name": null, "qty": null, "tid": null, "ts": "17:10:42"}
[17:10:43] t=1406 jev BUILD NAWEAP HOLD (资金闸门: 坦克优先, cash=326)
[17:10:43] t=1406 jev VEH DRON HOLD (预算保护 cash=326 aav帽=ok aav=4)
[17:10:43] t=1406 MOVE assault x6 -> (137,82); t=1406 SIEGE STAGING x6/8 (攒兵团, 齐冲再上)
[17:10:43] {"kind": "action", "what": "attack_move", "name": null, "qty": null, "tid": null, "ts": "17:10:43"}
[17:10:45] t=1409 jev BUILD NAWEAP HOLD (资金闸门: 坦克优先, cash=326)
[17:10:45] t=1409 jev VEH DRON HOLD (预算保护 cash=326 aav帽=ok aav=4)
[17:10:47] t=1411 jev BUILD NAWEAP HOLD (资金闸门: 坦克优先, cash=476)
[17:10:47] t=1411 jev VEH DRON HOLD (预算保护 cash=476 aav帽=ok aav=4)
[17:10:49] t=1414 jev BUILD NAWEAP HOLD (资金闸门: 坦克优先, cash=476)
[17:10:49] t=1414 jev VEH DRON HOLD (预算保护 cash=476 aav帽=ok aav=4)
[17:10:51] t=1417 jev BUILD NAWEAP HOLD (资金闸门: 坦克优先, cash=476)
[17:10:51] t=1417 jev VEH DRON HOLD (预算保护 cash=476 aav帽=ok aav=4)
[17:10:51] t=1417 MOVE t=1417 SIEGE STAGING x6/8 (攒兵团, 齐冲再上); aahunt x4 -> (124,82)
[17:10:51] {"kind": "action", "what": "attack_move", "name": null, "qty": null, "tid": null, "ts": "17:10:51"}
[17:10:53] t=1419 jev BUILD NAWEAP HOLD (资金闸门: 坦克优先, cash=476)
[17:10:53] t=1419 jev VEH DRON HOLD (预算保护 cash=476 aav帽=ok aav=4)
[17:10:55] t=1422 jev BUILD NAWEAP HOLD (资金闸门: 坦克优先, cash=476)
[17:10:55] t=1422 jev VEH DRON HOLD (预算保护 cash=476 aav帽=ok aav=4)
[17:10:55] t=1422 MOVE assault x6 -> (137,82); t=1422 SIEGE STAGING x6/8 (攒兵团, 齐冲再上)
[17:10:55] {"kind": "action", "what": "attack_move", "name": null, "qty": null, "tid": null, "ts": "17:10:55"}
[17:10:57] t=1425 jev BUILD NAWEAP HOLD (资金闸门: 坦克优先, cash=476)
[17:10:57] t=1425 jev VEH DRON HOLD (预算保护 cash=476 aav帽=ok aav=4)
[17:10:59] t=1428 jev BUILD NAWEAP HOLD (资金闸门: 坦克优先, cash=476)
[17:10:59] t=1428 jev VEH DRON HOLD (预算保护 cash=476 aav帽=ok aav=4)
[17:10:59] t=1428 tick#600 credits=476 stance=attack | jev 600 decisions p50=1664ms
[17:11:01] t=1430 jev BUILD NAWEAP HOLD (资金闸门: 坦克优先, cash=476)
[17:11:01] t=1430 jev VEH HARV HOLD (预算保护 cash=476 aav帽=ok aav=4)
[17:11:03] t=1433 jev BUILD NAWEAP HOLD (资金闸门: 坦克优先, cash=476)
[17:11:03] t=1433 jev VEH HARV HOLD (预算保护 cash=476 aav帽=ok aav=4)
[17:11:05] t=1435 jev BUILD NAWEAP HOLD (资金闸门: 坦克优先, cash=476)
[17:11:05] t=1435 jev VEH HARV HOLD (预算保护 cash=476 aav帽=ok aav=4)
[17:11:07] t=1438 jev BUILD NAWEAP HOLD (资金闸门: 坦克优先, cash=701)
[17:11:07] t=1438 jev VEH HARV HOLD (预算保护 cash=701 aav帽=ok aav=4)
[17:11:09] t=1441 jev BUILD NAWEAP HOLD (资金闸门: 坦克优先, cash=701)
[17:11:09] t=1441 jev VEH HARV HOLD (预算保护 cash=701 aav帽=ok aav=4)
[17:11:09] t=1441 MOVE assault x6 -> (137,82); t=1441 SIEGE STAGING x6/8 (攒兵团, 齐冲再上)
[17:11:09] {"kind": "action", "what": "attack_move", "name": null, "qty": null, "tid": null, "ts": "17:11:09"}
[17:11:11] t=1443 jev BUILD NAWEAP HOLD (资金闸门: 坦克优先, cash=701)
[17:11:11] t=1443 jev VEH HARV HOLD (预算保护 cash=701 aav帽=ok aav=4)
[17:11:12] t=1446 ESCORT 坦克#2293 -> 护航矿车@[119, 133]
[17:11:12] {"kind": "action", "what": "attack_move", "name": null, "qty": null, "tid": null, "ts": "17:11:12"}
[17:11:13] t=1446 jev BUILD NAWEAP HOLD (资金闸门: 坦克优先, cash=701)
[17:11:13] t=1446 jev VEH HARV HOLD (预算保护 cash=701 aav帽=ok aav=4)
[17:11:15] t=1449 jev BUILD NAWEAP HOLD (资金闸门: 坦克优先, cash=701)
[17:11:15] t=1449 jev VEH DRON HOLD (预算保护 cash=701 aav帽=ok aav=4)
[17:11:17] t=1451 jev BUILD NAWEAP HOLD (资金闸门: 坦克优先, cash=701)
[17:11:17] t=1451 jev VEH DRON HOLD (预算保护 cash=701 aav帽=ok aav=4)
[17:11:17] t=1451 MOVE t=1451 SIEGE STAGING x6/8 (攒兵团, 齐冲再上); hold_a x2 -> (132,86)
[17:11:17] {"kind": "action", "what": "attack_move", "name": null, "qty": null, "tid": null, "ts": "17:11:17"}
[17:11:19] t=1454 jev BUILD NAWEAP HOLD (资金闸门: 坦克优先, cash=701)
[17:11:19] t=1454 jev VEH DRON HOLD (预算保护 cash=701 aav帽=ok aav=4)
[17:11:21] t=1457 jev BUILD NAWEAP HOLD (资金闸门: 坦克优先, cash=701)
[17:11:21] t=1457 jev VEH DRON HOLD (预算保护 cash=701 aav帽=ok aav=4)
[17:11:21] t=1457 MOVE assault x6 -> (137,82); t=1457 SIEGE STAGING x6/8 (攒兵团, 齐冲再上); hold_b x2 -> (127,74); aahunt x4 -> (124,82)
[17:11:21] {"kind": "action", "what": "attack_move", "name": null, "qty": null, "tid": null, "ts": "17:11:21"}
[17:11:21] {"kind": "action", "what": "attack_move", "name": null, "qty": null, "tid": null, "ts": "17:11:21"}
[17:11:22] {"kind": "action", "what": "attack_move", "name": null, "qty": null, "tid": null, "ts": "17:11:22"}
[17:11:23] t=1460 jev BUILD NAWEAP HOLD (资金闸门: 坦克优先, cash=701)
[17:11:23] t=1460 jev VEH DRON HOLD (预算保护 cash=701 aav帽=ok aav=4)
[17:11:26] t=1462 jev BUILD NAWEAP HOLD (资金闸门: 坦克优先, cash=776)
[17:11:26] t=1462 jev VEH DRON HOLD (预算保护 cash=776 aav帽=ok aav=4)
[17:11:27] t=1465 jev BUILD NAWEAP HOLD (资金闸门: 坦克优先, cash=776)
[17:11:27] t=1465 jev VEH DRON HOLD (预算保护 cash=776 aav帽=ok aav=4)
[17:11:29] t=1468 jev BUILD NAWEAP HOLD (资金闸门: 坦克优先, cash=776)
[17:11:29] t=1468 jev VEH DRON HOLD (预算保护 cash=776 aav帽=ok aav=4)
[17:11:31] t=1470 jev BUILD NAWEAP HOLD (资金闸门: 坦克优先, cash=776)
[17:11:31] t=1470 jev VEH DRON HOLD (预算保护 cash=776 aav帽=ok aav=4)
[17:11:32] t=1473 HARASS DRON x2 (have 0)
[17:11:32] t=1473 TANK HTNK x1
[17:11:32] {"kind": "action", "what": "produce", "name": "DRON", "qty": 2, "tid": null, "ts": "17:11:32"}
[17:11:32] {"kind": "action", "what": "produce", "name": "HTNK", "qty": 1, "tid": null, "ts": "17:11:32"}
[17:11:32] t=1473 DEBT-GATE NAWEAP x1 (debt=1700 eff=201 < 2000)
[17:11:34] t=1473 jev BUILD NAWEAP (conf 0.23)
[17:11:34] t=1473 DEBT-GATE NAWEAP x1 (debt=1700 eff=201 < 2000)
[17:11:34] t=1473 MOVE assault x6 -> (137,82); t=1473 SIEGE STAGING x6/8 (攒兵团, 齐冲再上)
[17:11:34] {"kind": "action", "what": "attack_move", "name": null, "qty": null, "tid": null, "ts": "17:11:34"}
[17:11:36] t=1476 jev BUILD NAWEAP HOLD (资金闸门: 坦克优先, cash=1750)
[17:11:38] t=1478 jev BUILD NAWEAP HOLD (资金闸门: 坦克优先, cash=1602)
[17:11:40] t=1481 jev BUILD NAWEAP HOLD (资金闸门: 坦克优先, cash=1461)
[17:11:40] t=1481 MOVE raid x1 -> (73,105); t=1481 SIEGE STAGING x7/8 (攒兵团, 齐冲再上)
[17:11:40] {"kind": "action", "what": "attack_move", "name": null, "qty": null, "tid": null, "ts": "17:11:40"}
[17:11:42] t=1484 jev BUILD NAWEAP HOLD (资金闸门: 坦克优先, cash=1309)
[17:11:42] t=1486 ESCORT 坦克#2293 -> 护航矿车@[128, 104]
[17:11:42] {"kind": "action", "what": "attack_move", "name": null, "qty": null, "tid": null, "ts": "17:11:42"}
[17:11:44] t=1486 jev BUILD NAWEAP HOLD (资金闸门: 坦克优先, cash=1161)
[17:11:46] t=1489 jev BUILD NAWEAP HOLD (资金闸门: 坦克优先, cash=1021)
[17:11:46] t=1489 MOVE assault x8 -> 攻击目标#2001@(77,109); t=1489 SIEGE 拔防御壳 x8 -> #2001@(77,109)
[17:11:46] {"kind": "action", "what": "attack_obj", "name": null, "qty": null, "tid": 2001, "ts": "17:11:46"}
[17:11:48] t=1492 jev BUILD NAWEAP HOLD (资金闸门: 坦克优先, cash=888)
[17:11:50] t=1494 jev BUILD NAWEAP HOLD (资金闸门: 坦克优先, cash=755)
[17:11:50] t=1494 tick#625 credits=755 stance=attack | jev 625 decisions p50=1695ms
[17:11:52] t=1497 jev BUILD NAWEAP HOLD (资金闸门: 坦克优先, cash=850)
[17:11:52] t=1497 MOVE t=1497 SIEGE 拔防御壳 x8 -> #2001@(77,109); aahunt x4 -> (124,82)
[17:11:52] {"kind": "action", "what": "attack_move", "name": null, "qty": null, "tid": null, "ts": "17:11:52"}
[17:11:54] t=1500 jev BUILD NAWEAP HOLD (资金闸门: 坦克优先, cash=716)
[17:11:56] t=1502 jev BUILD NAWEAP HOLD (资金闸门: 坦克优先, cash=583)
[17:11:58] t=1505 jev BUILD NAWEAP HOLD (资金闸门: 坦克优先, cash=450)
[17:11:59] t=1508 jev BUILD NAWEAP HOLD (资金闸门: 坦克优先, cash=426)
[17:11:59] t=1508 jev VEH HARV HOLD (预算保护 cash=426 aav帽=ok aav=4)
[17:11:59] t=1508 MOVE assault x9 -> 攻击目标#2001@(77,109); t=1508 SIEGE 拔防御壳 x9 -> #2001@(77,109)
[17:12:00] {"kind": "action", "what": "attack_obj", "name": null, "qty": null, "tid": 2001, "ts": "17:12:00"}
[17:12:02] t=1510 jev BUILD NAWEAP HOLD (资金闸门: 坦克优先, cash=426)
[17:12:02] t=1510 jev VEH HARV HOLD (预算保护 cash=426 aav帽=ok aav=4)
[17:12:03] t=1513 jev BUILD NAWEAP HOLD (资金闸门: 坦克优先, cash=426)
[17:12:03] t=1513 jev VEH HARV HOLD (预算保护 cash=426 aav帽=ok aav=4)
[17:12:05] t=1516 jev BUILD NAWEAP HOLD (资金闸门: 坦克优先, cash=426)
[17:12:05] t=1516 jev VEH HARV HOLD (预算保护 cash=426 aav帽=ok aav=4)
[17:12:05] t=1516 MOVE assault x9 -> 攻击目标#2354@(76,107); t=1516 SIEGE 拔防御壳 x9 -> #2354@(76,107)
[17:12:06] {"kind": "action", "what": "attack_obj", "name": null, "qty": null, "tid": 2354, "ts": "17:12:06"}
[17:12:09] t=1518 jev VEH HTNK HOLD (预算保护 cash=576 aav帽=ok aav=4)
[17:12:09] t=1518 MOVE raid x2 -> (87,111); t=1518 SIEGE 拔防御壳 x9 -> #2354@(76,107); hold_a x2 -> (133,86); hold_b x2 -> (126,76); aahunt x4 -> (125,84)
[17:12:09] {"kind": "action", "what": "attack_move", "name": null, "qty": null, "tid": null, "ts": "17:12:09"}
[17:12:09] {"kind": "action", "what": "attack_move", "name": null, "qty": null, "tid": null, "ts": "17:12:09"}
[17:12:09] {"kind": "action", "what": "attack_move", "name": null, "qty": null, "tid": null, "ts": "17:12:09"}
[17:12:09] {"kind": "action", "what": "attack_move", "name": null, "qty": null, "tid": null, "ts": "17:12:09"}
[17:12:09] t=1522 ALARM unit lost -> 攻势保持（塔阵守家, 前线 15 个单位继续进攻）
[17:12:11] t=1522 jev BUILD NAWEAP HOLD (资金闸门: 坦克优先, cash=576)
[17:12:11] t=1522 jev VEH HTNK HOLD (预算保护 cash=576 aav帽=ok aav=4)
[17:12:11] t=1522 MOVE raid x1 -> (79,80); t=1522 SIEGE 拔防御壳 x8 -> #2354@(76,107); hold_a x2 -> (132,86); hold_b x2 -> (127,74); aahunt x4 -> (124,82)
[17:12:11] {"kind": "action", "what": "attack_move", "name": null, "qty": null, "tid": null, "ts": "17:12:11"}
[17:12:11] {"kind": "action", "what": "attack_move", "name": null, "qty": null, "tid": null, "ts": "17:12:11"}
[17:12:11] {"kind": "action", "what": "attack_move", "name": null, "qty": null, "tid": null, "ts": "17:12:11"}
[17:12:11] {"kind": "action", "what": "attack_move", "name": null, "qty": null, "tid": null, "ts": "17:12:11"}
[17:12:11] t=1525 ALARM unit lost -> 攻势保持（塔阵守家, 前线 15 个单位继续进攻）
[17:12:13] t=1525 jev BUILD NAWEAP HOLD (资金闸门: 坦克优先, cash=576)
[17:12:13] t=1525 jev VEH HTNK HOLD (预算保护 cash=576 aav帽=ok aav=4)
[17:12:13] t=1525 MOVE assault x7 -> (137,82); t=1525 SIEGE STAGING x7/8 (攒兵团, 齐冲再上)
[17:12:13] {"kind": "action", "what": "attack_move", "name": null, "qty": null, "tid": null, "ts": "17:12:13"}
[17:12:13] t=1528 ESCORT 坦克#1829 -> 护航矿车@[120, 102]
[17:12:13] {"kind": "action", "what": "attack_move", "name": null, "qty": null, "tid": null, "ts": "17:12:13"}
[17:12:15] t=1528 jev BUILD NAWEAP HOLD (资金闸门: 坦克优先, cash=576)
[17:12:15] t=1528 jev VEH HTNK HOLD (预算保护 cash=576 aav帽=ok aav=4)
[17:12:17] t=1531 jev BUILD NAWEAP HOLD (资金闸门: 坦克优先, cash=576)
[17:12:17] t=1531 jev VEH HTNK HOLD (预算保护 cash=576 aav帽=ok aav=4)
[17:12:19] t=1534 jev BUILD NAWEAP HOLD (资金闸门: 坦克优先, cash=576)
[17:12:19] t=1534 jev VEH HTNK HOLD (预算保护 cash=576 aav帽=ok aav=4)
[17:12:21] t=1537 jev BUILD NAWEAP HOLD (资金闸门: 坦克优先, cash=576)
[17:12:21] t=1537 jev VEH HTNK HOLD (预算保护 cash=576 aav帽=ok aav=4)
[17:12:24] t=1539 jev BUILD NAWEAP HOLD (资金闸门: 坦克优先, cash=576)
[17:12:24] t=1539 jev VEH HTNK HOLD (预算保护 cash=576 aav帽=ok aav=4)
[17:12:26] t=1542 jev BUILD NAWEAP HOLD (资金闸门: 坦克优先, cash=576)
[17:12:26] t=1542 jev VEH HTNK HOLD (预算保护 cash=576 aav帽=ok aav=4)
[17:12:26] t=1542 MOVE assault x7 -> (137,82); t=1542 SIEGE STAGING x7/8 (攒兵团, 齐冲再上)
[17:12:26] {"kind": "action", "what": "attack_move", "name": null, "qty": null, "tid": null, "ts": "17:12:26"}
[17:12:28] t=1545 jev BUILD NAWEAP HOLD (资金闸门: 坦克优先, cash=576)
[17:12:28] t=1545 jev VEH HTNK HOLD (预算保护 cash=576 aav帽=ok aav=4)
[17:12:30] t=1548 jev BUILD NAWEAP HOLD (资金闸门: 坦克优先, cash=576)
[17:12:30] t=1548 jev VEH HTNK HOLD (预算保护 cash=576 aav帽=ok aav=4)
[17:12:32] t=1551 jev BUILD NAWEAP HOLD (资金闸门: 坦克优先, cash=576)
[17:12:32] t=1551 jev VEH HTNK HOLD (预算保护 cash=576 aav帽=ok aav=4)
[17:12:34] t=1553 jev BUILD NAWEAP HOLD (资金闸门: 坦克优先, cash=576)
[17:12:34] t=1553 jev VEH HTNK HOLD (预算保护 cash=576 aav帽=ok aav=4)
[17:12:36] t=1556 jev BUILD NAWEAP HOLD (资金闸门: 坦克优先, cash=576)
[17:12:36] t=1556 jev VEH HTNK HOLD (预算保护 cash=576 aav帽=ok aav=4)
[17:12:36] t=1559 HARASS DRON x2 (have 0)
[17:12:36] t=1559 TANK HTNK x2
[17:12:36] {"kind": "action", "what": "produce", "name": "DRON", "qty": 2, "tid": null, "ts": "17:12:36"}
[17:12:36] t=1559 DEBT-GATE HTNK x2 (debt=800 eff=1351 < 1800)
[17:12:36] t=1559 DEBT-GATE NAWEAP x1 (debt=800 eff=1351 < 2000)
[17:12:38] t=1559 jev BUILD NAWEAP (conf 0.18)
[17:12:38] t=1559 DEBT-GATE NAWEAP x1 (debt=800 eff=1351 < 2000)
[17:12:38] t=1559 MOVE assault x7 -> (137,82); t=1559 SIEGE STAGING x7/8 (攒兵团, 齐冲再上)
[17:12:38] {"kind": "action", "what": "attack_move", "name": null, "qty": null, "tid": null, "ts": "17:12:38"}
[17:12:38] t=1562 DEBT-GATE NAWEAP x1 (debt=0 eff=1992 < 2000)
[17:12:40] t=1562 jev BUILD NAWEAP (conf 0.16)
[17:12:40] t=1562 DEBT-GATE NAWEAP x1 (debt=0 eff=1992 < 2000)
[17:12:41] t=1565 DEBT-GATE NAWEAP x1 (debt=0 eff=1840 < 2000)
[17:12:42] t=1565 jev BUILD NAWEAP (conf 0.14)
[17:12:42] t=1565 DEBT-GATE NAWEAP x1 (debt=0 eff=1840 < 2000)
[17:12:42] t=1565 MOVE t=1565 SIEGE STAGING x7/8 (攒兵团, 齐冲再上); aahunt x4 -> (124,82)
[17:12:42] {"kind": "action", "what": "attack_move", "name": null, "qty": null, "tid": null, "ts": "17:12:42"}
[17:12:42] t=1565 tick#650 credits=1840 stance=attack | jev 650 decisions p50=1706ms
[17:12:44] t=1567 jev BUILD NAWEAP HOLD (资金闸门: 坦克优先, cash=1692)
[17:12:44] t=1567 MOVE raid x1 -> (80,88); assault x8 -> 攻击目标#2001@(77,109); t=1567 SIEGE 拔防御壳 x8 -> #2001@(77,109)
[17:12:44] {"kind": "action", "what": "attack_move", "name": null, "qty": null, "tid": null, "ts": "17:12:44"}
[17:12:44] {"kind": "action", "what": "attack_obj", "name": null, "qty": null, "tid": 2001, "ts": "17:12:44"}
[17:12:45] t=1570 ESCORT 坦克#2293 -> 护航矿车@[101, 100]
[17:12:45] {"kind": "action", "what": "attack_move", "name": null, "qty": null, "tid": null, "ts": "17:12:45"}
[17:12:47] t=1570 MOVE raid x1 -> (80,92); t=1570 SIEGE 拔防御壳 x8 -> #2001@(77,109)
[17:12:47] {"kind": "action", "what": "attack_move", "name": null, "qty": null, "tid": null, "ts": "17:12:47"}
[17:12:49] t=1573 MOVE raid x1 -> (80,96); t=1573 SIEGE 拔防御壳 x8 -> #2001@(77,109)
[17:12:49] {"kind": "action", "what": "attack_move", "name": null, "qty": null, "tid": null, "ts": "17:12:49"}
[17:12:49] t=1576 TANK HTNK x2
[17:12:49] t=1576 DEBT-GATE HTNK x2 (debt=0 eff=1351 < 1800)
[17:12:51] t=1576 jev VEH HTNK HOLD (预算保护 cash=1351 aav帽=ok aav=4)
[17:12:51] t=1576 MOVE raid x2 -> (80,100); t=1576 SIEGE 拔防御壳 x9 -> #2001@(77,109)
[17:12:51] {"kind": "action", "what": "attack_move", "name": null, "qty": null, "tid": null, "ts": "17:12:51"}
[17:12:51] t=1579 TANK HTNK x2
[17:12:51] t=1579 DEBT-GATE HTNK x2 (debt=0 eff=1351 < 1800)
[17:12:53] t=1579 jev VEH HTNK HOLD (预算保护 cash=1351 aav帽=ok aav=4)
[17:12:53] t=1579 MOVE raid x2 -> (80,104); t=1579 SIEGE 拔防御壳 x9 -> #2001@(77,109)
[17:12:53] {"kind": "action", "what": "attack_move", "name": null, "qty": null, "tid": null, "ts": "17:12:53"}
[17:12:53] t=1581 TANK HTNK x2
[17:12:53] t=1581 DEBT-GATE HTNK x2 (debt=0 eff=1576 < 1800)
[17:12:55] t=1581 jev VEH HTNK HOLD (预算保护 cash=1576 aav帽=ok aav=4)
[17:12:55] t=1581 MOVE raid x2 -> (80,106); t=1581 SIEGE 拔防御壳 x9 -> #2001@(77,109)
[17:12:55] {"kind": "action", "what": "attack_move", "name": null, "qty": null, "tid": null, "ts": "17:12:55"}
[17:12:55] t=1584 TANK HTNK x2
[17:12:55] t=1584 DEBT-GATE HTNK x2 (debt=0 eff=1576 < 1800)
[17:12:57] t=1584 jev VEH HTNK HOLD (预算保护 cash=1576 aav帽=ok aav=4)
[17:12:57] t=1584 MOVE raid x2 -> (80,107); assault x9 -> 攻击目标#2001@(77,109); t=1584 SIEGE 拔防御壳 x9 -> #2001@(77,109)
[17:12:57] {"kind": "action", "what": "attack_move", "name": null, "qty": null, "tid": null, "ts": "17:12:57"}
[17:12:57] {"kind": "action", "what": "attack_obj", "name": null, "qty": null, "tid": 2001, "ts": "17:12:57"}
[17:12:57] t=1587 TANK HTNK x2
[17:12:57] t=1587 DEBT-GATE HTNK x2 (debt=0 eff=1576 < 1800)
[17:12:59] t=1587 jev VEH HTNK HOLD (预算保护 cash=1576 aav帽=ok aav=4)
[17:12:59] t=1587 MOVE raid x2 -> (80,104); t=1587 SIEGE 拔防御壳 x9 -> #2001@(77,109)
[17:12:59] {"kind": "action", "what": "attack_move", "name": null, "qty": null, "tid": null, "ts": "17:12:59"}
[17:13:00] t=1590 TANK HTNK x2
[17:13:00] t=1590 DEBT-GATE HTNK x2 (debt=0 eff=1576 < 1800)
[17:13:01] t=1590 jev VEH HTNK HOLD (预算保护 cash=1576 aav帽=ok aav=4)
[17:13:01] t=1590 MOVE raid x2 -> (80,100); assault x9 -> 攻击目标#2354@(76,107); t=1590 SIEGE 拔防御壳 x9 -> #2354@(76,107)
[17:13:01] {"kind": "action", "what": "attack_move", "name": null, "qty": null, "tid": null, "ts": "17:13:01"}
[17:13:01] {"kind": "action", "what": "attack_obj", "name": null, "qty": null, "tid": 2354, "ts": "17:13:01"}
[17:13:02] t=1593 TANK HTNK x2
[17:13:02] t=1593 DEBT-GATE HTNK x2 (debt=0 eff=1576 < 1800)
[17:13:04] t=1593 jev VEH HTNK HOLD (预算保护 cash=1576 aav帽=ok aav=4)
[17:13:04] t=1593 MOVE raid x2 -> (80,96); t=1593 SIEGE 拔防御壳 x9 -> #2354@(76,107)
[17:13:04] {"kind": "action", "what": "attack_move", "name": null, "qty": null, "tid": null, "ts": "17:13:04"}
[17:13:04] t=1596 TANK HTNK x2
[17:13:04] t=1596 DEBT-GATE HTNK x2 (debt=0 eff=1576 < 1800)
[17:13:06] t=1596 jev VEH HTNK HOLD (预算保护 cash=1576 aav帽=ok aav=4)
[17:13:06] t=1596 MOVE raid x2 -> (80,93); t=1596 SIEGE 拔防御壳 x9 -> #2354@(76,107)
[17:13:06] {"kind": "action", "what": "attack_move", "name": null, "qty": null, "tid": null, "ts": "17:13:06"}
[17:13:06] t=1598 TANK HTNK x2
[17:13:06] t=1598 DEBT-GATE HTNK x2 (debt=0 eff=1576 < 1800)
[17:13:08] t=1598 jev VEH HTNK HOLD (预算保护 cash=1576 aav帽=ok aav=4)
[17:13:08] t=1598 MOVE raid x2 -> (80,89); t=1598 SIEGE 拔防御壳 x9 -> #2354@(76,107)
[17:13:08] {"kind": "action", "what": "attack_move", "name": null, "qty": null, "tid": null, "ts": "17:13:08"}
[17:13:08] t=1601 TANK HTNK x2
[17:13:08] t=1601 DEBT-GATE HTNK x2 (debt=0 eff=1576 < 1800)
[17:13:10] t=1601 jev VEH HTNK HOLD (预算保护 cash=1576 aav帽=ok aav=4)
[17:13:10] t=1601 MOVE raid x2 -> (80,85); t=1601 SIEGE 拔防御壳 x9 -> #2354@(76,107)
[17:13:10] {"kind": "action", "what": "attack_move", "name": null, "qty": null, "tid": null, "ts": "17:13:10"}
[17:13:10] t=1604 TANK HTNK x2
[17:13:10] t=1604 DEBT-GATE HTNK x2 (debt=0 eff=1576 < 1800)
[17:13:12] t=1604 jev VEH HTNK HOLD (预算保护 cash=1576 aav帽=ok aav=4)
[17:13:12] t=1604 MOVE raid x2 -> (80,81); t=1604 SIEGE 拔防御壳 x9 -> #2354@(76,107); hold_a x2 -> (132,86); hold_b x2 -> (127,74)
[17:13:12] {"kind": "action", "what": "attack_move", "name": null, "qty": null, "tid": null, "ts": "17:13:12"}
[17:13:12] {"kind": "action", "what": "attack_move", "name": null, "qty": null, "tid": null, "ts": "17:13:12"}
[17:13:12] {"kind": "action", "what": "attack_move", "name": null, "qty": null, "tid": null, "ts": "17:13:12"}
[17:13:13] t=1607 TANK HTNK x2
[17:13:13] t=1607 DEBT-GATE HTNK x2 (debt=0 eff=1576 < 1800)
[17:13:14] t=1607 jev VEH HTNK HOLD (预算保护 cash=1576 aav帽=ok aav=4)
[17:13:14] t=1607 MOVE raid x2 -> (80,77); assault x9 -> 攻击目标#2354@(76,107); t=1607 SIEGE 拔防御壳 x9 -> #2354@(76,107); aahunt x4 -> (124,82)
[17:13:14] {"kind": "action", "what": "attack_move", "name": null, "qty": null, "tid": null, "ts": "17:13:14"}
[17:13:14] {"kind": "action", "what": "attack_obj", "name": null, "qty": null, "tid": 2354, "ts": "17:13:14"}
[17:13:14] {"kind": "action", "what": "attack_move", "name": null, "qty": null, "tid": null, "ts": "17:13:14"}
[17:13:15] t=1610 TANK HTNK x2
[17:13:15] t=1610 ESCORT 坦克#1842 -> 护航矿车@[128, 105]
[17:13:15] t=1610 DEBT-GATE HTNK x2 (debt=0 eff=1576 < 1800)
[17:13:15] {"kind": "action", "what": "attack_move", "name": null, "qty": null, "tid": null, "ts": "17:13:15"}
[17:13:17] t=1610 jev VEH HTNK HOLD (预算保护 cash=1576 aav帽=ok aav=4)
[17:13:17] t=1610 MOVE raid x2 -> (78,74); t=1610 SIEGE 拔防御壳 x9 -> #2354@(76,107)
[17:13:17] {"kind": "action", "what": "attack_move", "name": null, "qty": null, "tid": null, "ts": "17:13:17"}
[17:13:17] t=1613 TANK HTNK x2
[17:13:17] t=1613 DEBT-GATE HTNK x2 (debt=0 eff=1576 < 1800)
[17:13:19] t=1613 jev VEH HTK HOLD (预算保护 cash=1576 aav帽=hit aav=4)
[17:13:19] t=1613 MOVE raid x2 -> (84,90); t=1613 SIEGE 拔防御壳 x9 -> #2354@(76,107)
[17:13:19] {"kind": "action", "what": "attack_move", "name": null, "qty": null, "tid": null, "ts": "17:13:19"}
[17:13:19] t=1616 ALARM unit lost -> 攻势保持（塔阵守家, 前线 16 个单位继续进攻）
[17:13:19] t=1616 HARASS DRON x2 (have 1)
[17:13:19] {"kind": "action", "what": "produce", "name": "DRON", "qty": 2, "tid": null, "ts": "17:13:19"}
[17:13:21] t=1616 MOVE raid x1 -> (77,72); t=1616 SIEGE 拔防御壳 x8 -> #2354@(76,107)
[17:13:21] {"kind": "action", "what": "attack_move", "name": null, "qty": null, "tid": null, "ts": "17:13:21"}
[17:13:23] t=1619 MOVE assault x8 -> 攻击目标#2001@(77,109); t=1619 SIEGE 拔防御壳 x8 -> #2001@(77,109)
[17:13:23] {"kind": "action", "what": "attack_obj", "name": null, "qty": null, "tid": 2001, "ts": "17:13:23"}
[17:13:23] {"kind": "action", "what": "produce", "name": "NAWEAP", "qty": 1, "tid": null, "ts": "17:13:23"}
[17:13:23] t=1622 OPENING BUILD NAWEAP
[17:13:27] t=1624 MOVE raid x2 -> (76,71); t=1624 SIEGE 拔防御壳 x9 -> #2001@(77,109)
[17:13:27] {"kind": "action", "what": "attack_move", "name": null, "qty": null, "tid": null, "ts": "17:13:27"}
[17:13:30] t=1630 ALARM unit lost -> 攻势保持（塔阵守家, 前线 13 个单位继续进攻）
[17:13:32] t=1630 MOVE raid x1 -> (80,101); t=1630 SIEGE 拔防御壳 x8 -> #2001@(77,109)
[17:13:32] {"kind": "action", "what": "attack_move", "name": null, "qty": null, "tid": null, "ts": "17:13:32"}
[17:13:32] t=1633 TANK HTNK x2
[17:13:32] t=1633 DEBT-GATE HTNK x2 (debt=0 eff=1626 < 1800)
[17:13:34] t=1633 jev VEH HTNK HOLD (预算保护 cash=1626 aav帽=ok aav=4)
[17:13:34] t=1633 MOVE raid x2 -> (80,98); t=1633 SIEGE 拔防御壳 x9 -> #2001@(77,109)
[17:13:34] {"kind": "action", "what": "attack_move", "name": null, "qty": null, "tid": null, "ts": "17:13:34"}
[17:13:34] t=1636 TANK HTNK x2
[17:13:34] t=1636 DEBT-GATE HTNK x2 (debt=0 eff=1557 < 1800)
[17:13:36] t=1636 jev VEH HTNK HOLD (预算保护 cash=1557 aav帽=ok aav=4)
[17:13:36] t=1636 MOVE raid x2 -> (80,94); assault x9 -> 攻击目标#2001@(77,109); t=1636 SIEGE 拔防御壳 x9 -> #2001@(77,109)
[17:13:36] {"kind": "action", "what": "attack_move", "name": null, "qty": null, "tid": null, "ts": "17:13:36"}
[17:13:36] {"kind": "action", "what": "attack_obj", "name": null, "qty": null, "tid": 2001, "ts": "17:13:36"}
[17:13:36] t=1636 tick#675 credits=1557 stance=attack | jev 675 decisions p50=1719ms
[17:13:36] t=1639 TANK HTNK x2
[17:13:36] t=1639 DEBT-GATE HTNK x2 (debt=0 eff=1486 < 1800)
[17:13:38] t=1639 jev VEH HTK HOLD (预算保护 cash=1486 aav帽=hit aav=4)
[17:13:38] t=1639 MOVE raid x2 -> (80,90); assault x9 -> 攻击目标#2354@(76,107); t=1639 SIEGE 拔防御壳 x9 -> #2354@(76,107); hold_b x2 -> (126,75); aahunt x4 -> (125,83)
[17:13:38] {"kind": "action", "what": "attack_move", "name": null, "qty": null, "tid": null, "ts": "17:13:38"}
[17:13:38] {"kind": "action", "what": "attack_obj", "name": null, "qty": null, "tid": 2354, "ts": "17:13:38"}
[17:13:38] {"kind": "action", "what": "attack_move", "name": null, "qty": null, "tid": null, "ts": "17:13:38"}
[17:13:38] {"kind": "action", "what": "attack_move", "name": null, "qty": null, "tid": null, "ts": "17:13:38"}
[17:13:39] t=1642 TANK HTNK x2
[17:13:39] t=1642 RETREAT HTNK(35%)
[17:13:39] t=1642 DEBT-GATE HTNK x2 (debt=0 eff=1637 < 1800)
[17:13:39] {"kind": "action", "what": "move", "name": null, "qty": null, "tid": null, "ts": "17:13:39"}
[17:13:41] t=1642 jev VEH HTNK HOLD (预算保护 cash=1637 aav帽=ok aav=4)
[17:13:41] t=1642 MOVE raid x2 -> (80,86); t=1642 GHOST detected #2001@[77, 109] (集火150gs不倒, 拉黑); t=1642 SIEGE 拔防御壳 x9 -> #2354@(76,107)
[17:13:41] {"kind": "action", "what": "attack_move", "name": null, "qty": null, "tid": null, "ts": "17:13:41"}
[17:13:41] t=1645 TANK HTNK x2
[17:13:41] t=1645 DEBT-GATE HTNK x2 (debt=0 eff=1565 < 1800)
[17:13:43] t=1645 jev VEH HTK HOLD (预算保护 cash=1565 aav帽=hit aav=4)
[17:13:43] t=1645 MOVE raid x2 -> (80,82); t=1645 SIEGE 拔防御壳 x9 -> #2354@(76,107)
[17:13:43] {"kind": "action", "what": "attack_move", "name": null, "qty": null, "tid": null, "ts": "17:13:43"}
[17:13:43] t=1648 TANK HTNK x2
[17:13:43] t=1648 DEBT-GATE HTNK x2 (debt=0 eff=1494 < 1800)
[17:13:45] t=1648 jev VEH HTK HOLD (预算保护 cash=1494 aav帽=hit aav=4)
[17:13:45] t=1648 MOVE raid x2 -> (80,78); t=1648 SIEGE 拔防御壳 x9 -> #2354@(76,107)
[17:13:45] {"kind": "action", "what": "attack_move", "name": null, "qty": null, "tid": null, "ts": "17:13:45"}
[17:13:45] t=1651 ALARM unit lost -> 攻势保持（塔阵守家, 前线 12 个单位继续进攻）
[17:13:45] t=1651 TANK HTNK x2
[17:13:45] t=1651 ESCORT 坦克#1842 -> 护航矿车@[114, 133]
[17:13:45] t=1651 DEBT-GATE HTNK x2 (debt=0 eff=1426 < 1800)
[17:13:45] {"kind": "action", "what": "attack_move", "name": null, "qty": null, "tid": null, "ts": "17:13:45"}
[17:13:47] t=1651 jev VEH HTK HOLD (预算保护 cash=1426 aav帽=hit aav=4)
[17:13:47] t=1651 MOVE raid x2 -> (80,75); t=1651 SIEGE 拔防御壳 x8 -> #2354@(76,107)
[17:13:47] {"kind": "action", "what": "attack_move", "name": null, "qty": null, "tid": null, "ts": "17:13:47"}
[17:13:47] t=1654 TANK HTNK x2
[17:13:47] t=1654 DEBT-GATE HTNK x2 (debt=0 eff=1357 < 1800)
[17:13:49] t=1654 jev VEH HTK HOLD (预算保护 cash=1357 aav帽=hit aav=4)
[17:13:49] t=1654 MOVE raid x2 -> (78,73); t=1654 SIEGE 拔防御壳 x8 -> #2354@(76,107)
[17:13:49] {"kind": "action", "what": "attack_move", "name": null, "qty": null, "tid": null, "ts": "17:13:49"}
[17:13:49] t=1656 TANK HTNK x2
[17:13:49] t=1656 DEBT-GATE HTNK x2 (debt=0 eff=1289 < 1800)
[17:13:51] t=1656 jev VEH HTK HOLD (预算保护 cash=1289 aav帽=hit aav=4)
[17:13:51] t=1656 MOVE raid x2 -> (79,73); assault x8 -> 攻击目标#2354@(76,107); t=1656 SIEGE 拔防御壳 x8 -> #2354@(76,107)
[17:13:51] {"kind": "action", "what": "attack_move", "name": null, "qty": null, "tid": null, "ts": "17:13:51"}
[17:13:51] {"kind": "action", "what": "attack_obj", "name": null, "qty": null, "tid": 2354, "ts": "17:13:51"}
[17:13:52] t=1659 TANK HTNK x2
[17:13:52] t=1659 RETREAT HTNK(9%)
[17:13:52] t=1659 DEBT-GATE HTNK x2 (debt=0 eff=1218 < 1800)
[17:13:52] {"kind": "action", "what": "move", "name": null, "qty": null, "tid": null, "ts": "17:13:52"}
[17:13:54] t=1659 jev VEH HTK HOLD (预算保护 cash=1218 aav帽=hit aav=4)
[17:13:54] t=1662 TANK HTNK x1
[17:13:54] {"kind": "action", "what": "produce", "name": "HTNK", "qty": 1, "tid": null, "ts": "17:13:54"}
[17:13:56] t=1662 MOVE raid x2 -> (79,74); t=1662 SIEGE 拔防御壳 x8 -> #2354@(76,107); hold_a x2 -> (133,86); aahunt x4 -> (125,84)
[17:13:56] {"kind": "action", "what": "attack_move", "name": null, "qty": null, "tid": null, "ts": "17:13:56"}
[17:13:56] {"kind": "action", "what": "attack_move", "name": null, "qty": null, "tid": null, "ts": "17:13:56"}
[17:13:56] {"kind": "action", "what": "attack_move", "name": null, "qty": null, "tid": null, "ts": "17:13:56"}
[17:13:56] t=1665 ALARM unit lost -> 攻势保持（塔阵守家, 前线 12 个单位继续进攻）
[17:13:58] t=1665 MOVE assault x7 -> (137,82); t=1665 SIEGE STAGING x7/8 (攒兵团, 齐冲再上)
[17:13:58] {"kind": "action", "what": "attack_move", "name": null, "qty": null, "tid": null, "ts": "17:13:58"}
[17:14:00] t=1671 RETREAT HTNK(30%)
[17:14:00] t=1671 RETREAT HTNK(32%)
[17:14:00] {"kind": "action", "what": "move", "name": null, "qty": null, "tid": null, "ts": "17:14:00"}
[17:14:00] {"kind": "action", "what": "move", "name": null, "qty": null, "tid": null, "ts": "17:14:00"}
[17:14:02] t=1671 MOVE raid x2 -> (79,75); t=1671 SIEGE STAGING x7/8 (攒兵团, 齐冲再上)
[17:14:02] {"kind": "action", "what": "attack_move", "name": null, "qty": null, "tid": null, "ts": "17:14:02"}
[17:14:11] t=1683 jev VEH HTNK HOLD (预算保护 cash=123 aav帽=ok aav=4)
[17:14:11] t=1683 MOVE assault x8 -> 攻击目标#1864@(77,112); t=1683 SIEGE 拔防御壳 x8 -> #1864@(77,112)
[17:14:11] {"kind": "action", "what": "attack_obj", "name": null, "qty": null, "tid": 1864, "ts": "17:14:11"}
[17:14:13] t=1686 jev VEH HTK HOLD (预算保护 cash=52 aav帽=hit aav=4)
[17:14:13] t=1686 MOVE raid x2 -> (77,76); t=1686 SIEGE 拔防御壳 x8 -> #1864@(77,112)
[17:14:13] {"kind": "action", "what": "attack_move", "name": null, "qty": null, "tid": null, "ts": "17:14:13"}
[17:14:15] t=1689 jev VEH HTK HOLD (预算保护 cash=0 aav帽=hit aav=4)
[17:14:16] t=1691 ESCORT 坦克#2566 -> 护航矿车@[127, 105]
[17:14:16] {"kind": "action", "what": "attack_move", "name": null, "qty": null, "tid": null, "ts": "17:14:16"}
[17:14:18] t=1691 jev VEH HTK HOLD (预算保护 cash=0 aav帽=hit aav=4)
[17:14:20] t=1694 jev VEH HARV HOLD (预算保护 cash=0 aav帽=ok aav=4)
[17:14:20] t=1694 MOVE raid x2 -> (76,75); t=1694 SIEGE 拔防御壳 x8 -> #1864@(77,112)
[17:14:20] {"kind": "action", "what": "attack_move", "name": null, "qty": null, "tid": null, "ts": "17:14:20"}
[17:14:22] t=1697 jev VEH HTNK HOLD (预算保护 cash=0 aav帽=ok aav=4)
[17:14:25] t=1700 jev VEH HARV HOLD (预算保护 cash=91 aav帽=ok aav=4)
[17:14:25] t=1700 MOVE assault x8 -> 攻击目标#1864@(77,112); t=1700 SIEGE 拔防御壳 x8 -> #1864@(77,112); hold_b x2 -> (126,76)
[17:14:25] {"kind": "action", "what": "attack_obj", "name": null, "qty": null, "tid": 1864, "ts": "17:14:25"}
[17:14:25] {"kind": "action", "what": "attack_move", "name": null, "qty": null, "tid": null, "ts": "17:14:25"}
[17:14:27] t=1704 jev VEH HTNK HOLD (预算保护 cash=0 aav帽=ok aav=4)
[17:14:27] t=1704 MOVE t=1704 SIEGE 拔防御壳 x8 -> #1864@(77,112); aahunt x4 -> (125,84)
[17:14:27] {"kind": "action", "what": "attack_move", "name": null, "qty": null, "tid": null, "ts": "17:14:27"}
[17:14:30] t=1707 jev VEH HTNK HOLD (预算保护 cash=0 aav帽=ok aav=4)
[17:14:30] t=1707 MOVE assault x8 -> 攻击目标#1837@(73,105); t=1707 SIEGE 拔防御壳 x8 -> #1837@(73,105)
[17:14:30] {"kind": "action", "what": "attack_obj", "name": null, "qty": null, "tid": 1837, "ts": "17:14:30"}
[17:14:32] t=1710 jev VEH DRON HOLD (预算保护 cash=0 aav帽=ok aav=4)
[17:14:32] t=1710 MOVE raid x2 -> (75,75); t=1710 SIEGE 拔防御壳 x8 -> #1837@(73,105); hold_b x2 -> (126,75)
[17:14:32] {"kind": "action", "what": "attack_move", "name": null, "qty": null, "tid": null, "ts": "17:14:32"}
[17:14:32] {"kind": "action", "what": "attack_move", "name": null, "qty": null, "tid": null, "ts": "17:14:32"}
[17:14:32] t=1710 tick#700 credits=0 stance=attack | jev 700 decisions p50=1732ms
[17:14:32] t=1713 ALARM unit lost -> 攻势保持（塔阵守家, 前线 10 个单位继续进攻）
[17:14:34] t=1713 jev VEH DRON HOLD (预算保护 cash=0 aav帽=ok aav=4)
[17:14:34] t=1713 MOVE assault x7 -> (137,82); t=1713 SIEGE STAGING x7/8 (攒兵团, 齐冲再上)
[17:14:34] {"kind": "action", "what": "attack_move", "name": null, "qty": null, "tid": null, "ts": "17:14:34"}
[17:14:36] t=1716 jev VEH DRON HOLD (预算保护 cash=0 aav帽=ok aav=4)
[17:14:36] t=1719 RETREAT HTNK(27%)
[17:14:36] {"kind": "action", "what": "move", "name": null, "qty": null, "tid": null, "ts": "17:14:36"}
[17:14:38] t=1719 jev VEH DRON HOLD (预算保护 cash=0 aav帽=ok aav=4)
[17:14:40] t=1722 jev VEH DRON HOLD (预算保护 cash=0 aav帽=ok aav=4)
[17:14:43] t=1725 jev VEH DRON HOLD (预算保护 cash=0 aav帽=ok aav=4)
[17:14:43] t=1725 MOVE raid x1 -> (74,74); t=1725 SIEGE STAGING x7/8 (攒兵团, 齐冲再上)
[17:14:43] {"kind": "action", "what": "attack_move", "name": null, "qty": null, "tid": null, "ts": "17:14:43"}
[17:14:45] t=1727 jev VEH DRON HOLD (预算保护 cash=0 aav帽=ok aav=4)
[17:14:47] t=1730 jev VEH DRON HOLD (预算保护 cash=0 aav帽=ok aav=4)
[17:14:47] t=1730 MOVE raid x1 -> (75,73); assault x7 -> (137,82); t=1730 SIEGE STAGING x7/8 (攒兵团, 齐冲再上)
[17:14:47] {"kind": "action", "what": "attack_move", "name": null, "qty": null, "tid": null, "ts": "17:14:47"}
[17:14:47] {"kind": "action", "what": "attack_move", "name": null, "qty": null, "tid": null, "ts": "17:14:47"}
[17:14:47] t=1733 ESCORT 坦克#2483 -> 护航矿车@[88, 100]
[17:14:47] {"kind": "action", "what": "attack_move", "name": null, "qty": null, "tid": null, "ts": "17:14:47"}
[17:14:49] t=1733 jev VEH DRON HOLD (预算保护 cash=0 aav帽=ok aav=4)
[17:14:51] t=1736 jev VEH DRON HOLD (预算保护 cash=0 aav帽=ok aav=4)
[17:14:54] t=1739 jev VEH DRON HOLD (预算保护 cash=0 aav帽=ok aav=4)
[17:14:54] t=1739 MOVE raid x1 -> (74,73); t=1739 SIEGE STAGING x7/8 (攒兵团, 齐冲再上)
[17:14:54] {"kind": "action", "what": "attack_move", "name": null, "qty": null, "tid": null, "ts": "17:14:54"}
[17:14:56] t=1742 jev VEH DRON HOLD (预算保护 cash=0 aav帽=ok aav=4)
[17:14:56] t=1742 MOVE t=1742 SIEGE STAGING x7/8 (攒兵团, 齐冲再上); hold_a x2 -> (133,86)
[17:14:56] {"kind": "action", "what": "attack_move", "name": null, "qty": null, "tid": null, "ts": "17:14:56"}
[17:14:58] t=1745 jev VEH DRON HOLD (预算保护 cash=0 aav帽=ok aav=4)
[17:14:58] t=1745 MOVE t=1745 SIEGE STAGING x7/8 (攒兵团, 齐冲再上); aahunt x4 -> (125,84)
[17:14:58] {"kind": "action", "what": "attack_move", "name": null, "qty": null, "tid": null, "ts": "17:14:58"}
[17:14:58] t=1748 HARASS DRON x2 (have 1)
[17:14:58] {"kind": "action", "what": "produce", "name": "DRON", "qty": 2, "tid": null, "ts": "17:14:58"}
[17:15:00] t=1748 MOVE raid x1 -> (75,75); assault x7 -> (137,82); t=1748 SIEGE STAGING x7/8 (攒兵团, 齐冲再上)
[17:15:00] {"kind": "action", "what": "attack_move", "name": null, "qty": null, "tid": null, "ts": "17:15:00"}
[17:15:00] {"kind": "action", "what": "attack_move", "name": null, "qty": null, "tid": null, "ts": "17:15:00"}
[17:15:02] t=1751 MOVE raid x1 -> (76,75); t=1751 SIEGE STAGING x7/8 (攒兵团, 齐冲再上)
[17:15:02] {"kind": "action", "what": "attack_move", "name": null, "qty": null, "tid": null, "ts": "17:15:02"}
[17:15:06] t=1757 MOVE assault x8 -> 攻击目标#1837@(73,105); t=1757 SIEGE 拔防御壳 x8 -> #1837@(73,105)
[17:15:07] {"kind": "action", "what": "attack_obj", "name": null, "qty": null, "tid": 1837, "ts": "17:15:07"}
[17:15:09] t=1759 MOVE raid x2 -> (77,78); t=1759 SIEGE 拔防御壳 x8 -> #1837@(73,105)
[17:15:09] {"kind": "action", "what": "attack_move", "name": null, "qty": null, "tid": null, "ts": "17:15:09"}
[17:15:11] t=1762 jev VEH DRON HOLD (预算保护 cash=76 aav帽=ok aav=4)
[17:15:11] t=1762 MOVE raid x3 -> (79,80); t=1762 SIEGE 拔防御壳 x9 -> #1837@(73,105)
[17:15:11] {"kind": "action", "what": "attack_move", "name": null, "qty": null, "tid": null, "ts": "17:15:11"}
[17:15:13] t=1765 jev VEH DRON HOLD (预算保护 cash=376 aav帽=ok aav=4)
[17:15:13] t=1765 MOVE raid x3 -> (80,84); t=1765 SIEGE 拔防御壳 x9 -> #1837@(73,105)
[17:15:13] {"kind": "action", "what": "attack_move", "name": null, "qty": null, "tid": null, "ts": "17:15:13"}
[17:15:15] t=1768 jev VEH DRON HOLD (预算保护 cash=376 aav帽=ok aav=4)
[17:15:15] t=1768 MOVE raid x3 -> (80,88); t=1768 SIEGE 拔防御壳 x9 -> #1837@(73,105)
[17:15:15] {"kind": "action", "what": "attack_move", "name": null, "qty": null, "tid": null, "ts": "17:15:15"}
[17:15:15] t=1771 POWER plant (reserve 55)
[17:15:15] {"kind": "action", "what": "produce", "name": "NAPOWR", "qty": 1, "tid": null, "ts": "17:15:15"}
[17:15:17] t=1771 jev VEH DRON HOLD (预算保护 cash=676 aav帽=ok aav=4)
[17:15:17] t=1771 MOVE raid x3 -> (80,92); t=1771 SIEGE 拔防御壳 x9 -> #1837@(73,105)
[17:15:17] {"kind": "action", "what": "attack_move", "name": null, "qty": null, "tid": null, "ts": "17:15:17"}
[17:15:18] t=1774 ESCORT 坦克#2291 -> 护航矿车@[120, 110]
[17:15:18] {"kind": "action", "what": "attack_move", "name": null, "qty": null, "tid": null, "ts": "17:15:18"}
[17:15:20] t=1774 jev VEH DRON HOLD (预算保护 cash=597 aav帽=ok aav=4)
[17:15:20] t=1774 MOVE raid x3 -> (80,95); assault x9 -> 攻击目标#1837@(73,105); t=1774 SIEGE 拔防御壳 x9 -> #1837@(73,105)
[17:15:20] {"kind": "action", "what": "attack_move", "name": null, "qty": null, "tid": null, "ts": "17:15:20"}
[17:15:20] {"kind": "action", "what": "attack_obj", "name": null, "qty": null, "tid": 1837, "ts": "17:15:20"}
[17:15:22] t=1777 jev VEH HTNK HOLD (预算保护 cash=514 aav帽=ok aav=4)
[17:15:22] t=1777 MOVE raid x3 -> (80,100); t=1777 SIEGE 拔防御壳 x9 -> #1837@(73,105)
[17:15:22] {"kind": "action", "what": "attack_move", "name": null, "qty": null, "tid": null, "ts": "17:15:22"}
[17:15:24] t=1780 jev VEH HTNK HOLD (预算保护 cash=432 aav帽=ok aav=4)
[17:15:24] t=1780 MOVE raid x3 -> (80,103); t=1780 SIEGE 拔防御壳 x9 -> #1837@(73,105)
[17:15:24] {"kind": "action", "what": "attack_move", "name": null, "qty": null, "tid": null, "ts": "17:15:24"}
[17:15:24] t=1783 ALARM unit lost -> 攻势保持（塔阵守家, 前线 14 个单位继续进攻）
[17:15:24] t=1783 TANK HTNK x2
[17:15:24] t=1783 DEBT-GATE HTNK x2 (debt=0 eff=1477 < 1800)
[17:15:26] t=1783 jev VEH DRON (conf 0.14)
[17:15:26] {"kind": "action", "what": "produce", "name": "DRON", "qty": 1, "tid": null, "ts": "17:15:26"}
[17:15:26] t=1783 MOVE raid x2 -> (80,107); t=1783 SIEGE 拔防御壳 x8 -> #1837@(73,105)
[17:15:26] {"kind": "action", "what": "attack_move", "name": null, "qty": null, "tid": null, "ts": "17:15:26"}
[17:15:26] t=1783 tick#725 credits=1477 stance=attack | jev 725 decisions p50=1777ms
[17:15:27] t=1786 ALARM unit lost -> 攻势保持（塔阵守家, 前线 14 个单位继续进攻）
[17:15:28] t=1786 MOVE raid x2 -> (80,111); assault x7 -> (137,82); t=1786 SIEGE STAGING x7/8 (攒兵团, 齐冲再上); aahunt x4 -> (125,84)
[17:15:28] {"kind": "action", "what": "attack_move", "name": null, "qty": null, "tid": null, "ts": "17:15:28"}
[17:15:28] {"kind": "action", "what": "attack_move", "name": null, "qty": null, "tid": null, "ts": "17:15:28"}
[17:15:29] {"kind": "action", "what": "attack_move", "name": null, "qty": null, "tid": null, "ts": "17:15:29"}
[17:15:31] t=1789 MOVE raid x2 -> (80,115); t=1789 SIEGE STAGING x7/8 (攒兵团, 齐冲再上)
[17:15:31] {"kind": "action", "what": "attack_move", "name": null, "qty": null, "tid": null, "ts": "17:15:31"}
[17:15:31] t=1792 TANK HTNK x1
[17:15:31] t=1792 DEBT-GATE HTNK x1 (debt=0 eff=829 < 900)
[17:15:33] t=1792 jev VEH DRON HOLD (预算保护 cash=829 aav帽=ok aav=4)
[17:15:33] t=1792 MOVE raid x3 -> (80,119); assault x8 -> 攻击目标#1837@(73,105); t=1792 SIEGE 拔防御壳 x8 -> #1837@(73,105); hold_b x2 -> (126,75)
[17:15:33] {"kind": "action", "what": "attack_move", "name": null, "qty": null, "tid": null, "ts": "17:15:33"}
[17:15:33] {"kind": "action", "what": "attack_obj", "name": null, "qty": null, "tid": 1837, "ts": "17:15:33"}
[17:15:33] {"kind": "action", "what": "attack_move", "name": null, "qty": null, "tid": null, "ts": "17:15:33"}
[17:15:33] t=1795 TANK HTNK x2
[17:15:33] {"kind": "action", "what": "produce", "name": "HTNK", "qty": 2, "tid": null, "ts": "17:15:33"}
[17:15:35] t=1795 MOVE raid x3 -> (81,118); t=1795 SIEGE 拔防御壳 x8 -> #1837@(73,105)
[17:15:35] {"kind": "action", "what": "attack_move", "name": null, "qty": null, "tid": null, "ts": "17:15:35"}
[17:15:44] t=1808 ALARM unit lost -> 攻势保持（塔阵守家, 前线 14 个单位继续进攻）
[17:15:45] t=1808 MOVE assault x8 -> 攻击目标#1837@(73,105); t=1808 SIEGE 拔防御壳 x8 -> #1837@(73,105)
[17:15:45] {"kind": "action", "what": "attack_obj", "name": null, "qty": null, "tid": 1837, "ts": "17:15:45"}
[17:15:46] t=1811 ALARM unit lost -> 攻势保持（塔阵守家, 前线 13 个单位继续进攻）
[17:15:48] t=1811 jev VEH HTNK HOLD (预算保护 cash=126 aav帽=ok aav=4)
[17:15:48] t=1811 MOVE raid x2 -> (79,120); t=1811 SIEGE 拔防御壳 x8 -> #1837@(73,105)
[17:15:48] {"kind": "action", "what": "attack_move", "name": null, "qty": null, "tid": null, "ts": "17:15:48"}
[17:15:48] t=1814 ESCORT 坦克#2662 -> 护航矿车@[127, 105]
[17:15:48] {"kind": "action", "what": "attack_move", "name": null, "qty": null, "tid": null, "ts": "17:15:48"}
[17:15:50] t=1814 jev VEH HTNK HOLD (预算保护 cash=126 aav帽=ok aav=4)
[17:15:50] t=1814 MOVE raid x2 -> (79,116); t=1814 SIEGE 拔防御壳 x8 -> #1837@(73,105)
[17:15:50] {"kind": "action", "what": "attack_move", "name": null, "qty": null, "tid": null, "ts": "17:15:50"}
[17:15:50] t=1817 ALARM unit lost -> 攻势保持（塔阵守家, 前线 12 个单位继续进攻）
[17:15:52] t=1817 jev VEH DRON HOLD (预算保护 cash=126 aav帽=ok aav=4)
[17:15:52] t=1817 MOVE raid x1 -> (79,112); assault x7 -> (137,82); t=1817 SIEGE STAGING x7/8 (攒兵团, 齐冲再上)
[17:15:52] {"kind": "action", "what": "attack_move", "name": null, "qty": null, "tid": null, "ts": "17:15:52"}
[17:15:52] {"kind": "action", "what": "attack_move", "name": null, "qty": null, "tid": null, "ts": "17:15:52"}
[17:15:54] t=1820 jev VEH HTNK HOLD (预算保护 cash=126 aav帽=ok aav=4)
[17:15:54] t=1820 MOVE raid x1 -> (79,108); t=1820 SIEGE STAGING x7/8 (攒兵团, 齐冲再上)
[17:15:54] {"kind": "action", "what": "attack_move", "name": null, "qty": null, "tid": null, "ts": "17:15:54"}
[17:15:54] t=1823 RETREAT HTNK(35%)
[17:15:54] {"kind": "action", "what": "move", "name": null, "qty": null, "tid": null, "ts": "17:15:54"}
[17:15:56] t=1823 jev VEH HTNK HOLD (预算保护 cash=126 aav帽=ok aav=4)
[17:15:56] t=1823 MOVE raid x1 -> (79,106); t=1823 SIEGE STAGING x7/8 (攒兵团, 齐冲再上); hold_a x2 -> (133,86)
[17:15:56] {"kind": "action", "what": "attack_move", "name": null, "qty": null, "tid": null, "ts": "17:15:56"}
[17:15:56] {"kind": "action", "what": "attack_move", "name": null, "qty": null, "tid": null, "ts": "17:15:56"}
[17:15:56] t=1826 ALARM unit lost -> 攻势保持（塔阵守家, 前线 12 个单位继续进攻）
[17:15:58] t=1826 jev VEH HTNK HOLD (预算保护 cash=126 aav帽=ok aav=4)
[17:15:59] t=1829 RETREAT HTNK(39%)
[17:15:59] {"kind": "action", "what": "move", "name": null, "qty": null, "tid": null, "ts": "17:15:59"}
[17:16:01] t=1829 jev VEH HTNK HOLD (预算保护 cash=126 aav帽=ok aav=4)
[17:16:01] t=1829 MOVE raid x1 -> (79,103); t=1829 SIEGE STAGING x6/8 (攒兵团, 齐冲再上); aahunt x4 -> (125,84)
[17:16:01] {"kind": "action", "what": "attack_move", "name": null, "qty": null, "tid": null, "ts": "17:16:01"}
[17:16:01] {"kind": "action", "what": "attack_move", "name": null, "qty": null, "tid": null, "ts": "17:16:01"}
[17:16:03] t=1831 jev VEH HTNK HOLD (预算保护 cash=126 aav帽=ok aav=4)
[17:16:03] t=1831 MOVE raid x1 -> (80,101); t=1831 SIEGE STAGING x6/8 (攒兵团, 齐冲再上)
[17:16:03] {"kind": "action", "what": "attack_move", "name": null, "qty": null, "tid": null, "ts": "17:16:03"}
[17:16:05] t=1834 jev VEH HARV HOLD (预算保护 cash=276 aav帽=ok aav=4)
[17:16:05] t=1834 MOVE raid x1 -> (81,118); assault x6 -> (137,82); t=1834 SIEGE STAGING x6/8 (攒兵团, 齐冲再上)
[17:16:05] {"kind": "action", "what": "attack_move", "name": null, "qty": null, "tid": null, "ts": "17:16:05"}
[17:16:05] {"kind": "action", "what": "attack_move", "name": null, "qty": null, "tid": null, "ts": "17:16:05"}
[17:16:05] t=1837 ALARM unit lost -> 攻势保持（塔阵守家, 前线 11 个单位继续进攻）
[17:16:07] t=1837 jev VEH HARV HOLD (预算保护 cash=276 aav帽=ok aav=4)
[17:16:07] t=1840 RETREAT HTNK(31%)
[17:16:07] {"kind": "action", "what": "move", "name": null, "qty": null, "tid": null, "ts": "17:16:07"}
[17:16:09] t=1840 jev VEH HARV HOLD (预算保护 cash=276 aav帽=ok aav=4)
[17:16:11] t=1843 jev VEH HARV HOLD (预算保护 cash=276 aav帽=ok aav=4)
[17:16:13] t=1845 jev VEH HARV HOLD (预算保护 cash=276 aav帽=ok aav=4)
[17:16:15] t=1848 jev VEH HARV HOLD (预算保护 cash=276 aav帽=ok aav=4)
[17:16:17] t=1851 jev VEH HARV HOLD (预算保护 cash=276 aav帽=ok aav=4)
[17:16:17] t=1851 MOVE assault x5 -> (137,82); t=1851 SIEGE STAGING x5/8 (攒兵团, 齐冲再上)
[17:16:17] {"kind": "action", "what": "attack_move", "name": null, "qty": null, "tid": null, "ts": "17:16:17"}
[17:16:19] t=1854 jev VEH HARV HOLD (预算保护 cash=276 aav帽=ok aav=4)
[17:16:19] t=1854 tick#750 credits=276 stance=attack | jev 750 decisions p50=1788ms
[17:16:20] t=1856 ESCORT 坦克#1842 -> 护航矿车@[116, 136]
[17:16:20] {"kind": "action", "what": "attack_move", "name": null, "qty": null, "tid": null, "ts": "17:16:20"}
[17:16:21] t=1856 jev VEH HARV HOLD (预算保护 cash=276 aav帽=ok aav=4)
[17:16:23] t=1859 jev VEH HARV HOLD (预算保护 cash=276 aav帽=ok aav=4)
[17:16:25] t=1862 jev VEH HARV HOLD (预算保护 cash=276 aav帽=ok aav=4)
[17:16:27] t=1865 jev VEH HARV HOLD (预算保护 cash=276 aav帽=ok aav=4)
[17:16:30] t=1867 jev VEH HARV HOLD (预算保护 cash=276 aav帽=ok aav=4)
[17:16:30] t=1867 MOVE assault x5 -> (137,82); t=1867 SIEGE STAGING x5/8 (攒兵团, 齐冲再上)
[17:16:30] {"kind": "action", "what": "attack_move", "name": null, "qty": null, "tid": null, "ts": "17:16:30"}
[17:16:32] t=1870 jev VEH HARV HOLD (预算保护 cash=276 aav帽=ok aav=4)
[17:16:32] t=1870 MOVE t=1870 SIEGE STAGING x5/8 (攒兵团, 齐冲再上); aahunt x4 -> (125,84)
[17:16:32] {"kind": "action", "what": "attack_move", "name": null, "qty": null, "tid": null, "ts": "17:16:32"}
[17:16:34] t=1873 jev VEH HARV HOLD (预算保护 cash=276 aav帽=ok aav=4)
[17:16:34] t=1873 MOVE t=1873 SIEGE STAGING x5/8 (攒兵团, 齐冲再上); hold_b x2 -> (126,75)
[17:16:34] {"kind": "action", "what": "attack_move", "name": null, "qty": null, "tid": null, "ts": "17:16:34"}
[17:16:36] t=1876 jev VEH HARV HOLD (预算保护 cash=276 aav帽=ok aav=4)
[17:16:38] t=1878 jev VEH HARV HOLD (预算保护 cash=276 aav帽=ok aav=4)
[17:16:40] t=1881 jev VEH HARV HOLD (预算保护 cash=276 aav帽=ok aav=4)
[17:16:42] t=1884 jev VEH HARV HOLD (预算保护 cash=276 aav帽=ok aav=4)
[17:16:42] t=1884 MOVE assault x5 -> (137,82); t=1884 SIEGE STAGING x5/8 (攒兵团, 齐冲再上)
[17:16:42] {"kind": "action", "what": "attack_move", "name": null, "qty": null, "tid": null, "ts": "17:16:42"}
[17:16:44] t=1887 jev VEH HARV HOLD (预算保护 cash=276 aav帽=ok aav=4)
[17:16:46] t=1889 jev VEH HARV HOLD (预算保护 cash=276 aav帽=ok aav=4)
[17:16:48] t=1892 jev VEH HARV HOLD (预算保护 cash=276 aav帽=ok aav=4)
[17:16:50] t=1895 jev VEH HARV HOLD (预算保护 cash=726 aav帽=ok aav=4)
[17:16:50] t=1897 ESCORT 坦克#2412 -> 护航矿车@[83, 89]
[17:16:50] {"kind": "action", "what": "attack_move", "name": null, "qty": null, "tid": null, "ts": "17:16:50"}
[17:16:52] t=1897 jev VEH HARV HOLD (预算保护 cash=726 aav帽=ok aav=4)
[17:16:54] t=1900 jev VEH HARV HOLD (预算保护 cash=726 aav帽=ok aav=4)
[17:16:54] t=1900 MOVE assault x5 -> (137,82); t=1900 SIEGE STAGING x5/8 (攒兵团, 齐冲再上)
[17:16:54] {"kind": "action", "what": "attack_move", "name": null, "qty": null, "tid": null, "ts": "17:16:54"}
[17:16:56] t=1903 jev VEH HARV HOLD (预算保护 cash=726 aav帽=ok aav=4)
[17:16:56] t=1903 MOVE t=1903 SIEGE STAGING x5/8 (攒兵团, 齐冲再上); hold_a x2 -> (133,86)
[17:16:56] {"kind": "action", "what": "attack_move", "name": null, "qty": null, "tid": null, "ts": "17:16:56"}
[17:16:58] t=1906 jev VEH HARV HOLD (预算保护 cash=726 aav帽=ok aav=4)
[17:17:00] t=1908 jev VEH HARV HOLD (预算保护 cash=726 aav帽=ok aav=4)
[17:17:02] t=1911 jev VEH HARV HOLD (预算保护 cash=726 aav帽=ok aav=4)
[17:17:02] t=1911 MOVE t=1911 SIEGE STAGING x5/8 (攒兵团, 齐冲再上); aahunt x4 -> (125,84)
[17:17:02] {"kind": "action", "what": "attack_move", "name": null, "qty": null, "tid": null, "ts": "17:17:02"}
[17:17:04] t=1914 jev VEH HARV HOLD (预算保护 cash=726 aav帽=ok aav=4)
[17:17:06] t=1917 jev VEH HTNK HOLD (预算保护 cash=726 aav帽=ok aav=4)
[17:17:06] t=1917 MOVE assault x5 -> (137,82); t=1917 SIEGE STAGING x5/8 (攒兵团, 齐冲再上)
[17:17:06] {"kind": "action", "what": "attack_move", "name": null, "qty": null, "tid": null, "ts": "17:17:06"}
[17:17:07] t=1919 HARASS DRON x2 (have 0)
[17:17:07] {"kind": "action", "what": "produce", "name": "DRON", "qty": 2, "tid": null, "ts": "17:17:07"}
[17:17:11] t=1922 tick#775 credits=730 stance=attack | jev 775 decisions p50=1770ms
[17:17:13] t=1925 MOVE raid x1 -> (81,118); t=1925 SIEGE STAGING x6/8 (攒兵团, 齐冲再上)
[17:17:13] {"kind": "action", "what": "attack_move", "name": null, "qty": null, "tid": null, "ts": "17:17:13"}
[17:17:15] t=1928 jev VEH HTNK HOLD (预算保护 cash=226 aav帽=ok aav=4)
[17:17:17] t=1930 jev VEH HTNK HOLD (预算保护 cash=226 aav帽=ok aav=4)
[17:17:19] t=1933 jev VEH HTNK HOLD (预算保护 cash=226 aav帽=ok aav=4)
[17:17:19] t=1933 MOVE assault x7 -> (137,82); t=1933 SIEGE STAGING x7/8 (攒兵团, 齐冲再上)
[17:17:19] {"kind": "action", "what": "attack_move", "name": null, "qty": null, "tid": null, "ts": "17:17:19"}
[17:17:21] t=1936 jev VEH HTNK HOLD (预算保护 cash=226 aav帽=ok aav=4)
[17:17:21] t=1939 ESCORT 坦克#2412 -> 护航矿车@[128, 104]
[17:17:21] {"kind": "action", "what": "attack_move", "name": null, "qty": null, "tid": null, "ts": "17:17:21"}
[17:17:23] t=1939 jev VEH HTNK HOLD (预算保护 cash=226 aav帽=ok aav=4)
[17:17:23] t=1941 TANK HTNK x2
[17:17:23] t=1941 DEBT-GATE HTNK x2 (debt=0 eff=1351 < 1800)
[17:17:25] t=1941 jev VEH HTNK HOLD (预算保护 cash=1351 aav帽=ok aav=4)
[17:17:25] t=1944 TANK HTNK x2
[17:17:25] t=1944 DEBT-GATE HTNK x2 (debt=0 eff=1351 < 1800)
[17:17:27] t=1944 jev VEH HTNK HOLD (预算保护 cash=1351 aav帽=ok aav=4)
[17:17:27] t=1947 TANK HTNK x2
[17:17:27] t=1947 DEBT-GATE HTNK x2 (debt=0 eff=1351 < 1800)
[17:17:29] t=1947 jev VEH HTNK HOLD (预算保护 cash=1351 aav帽=ok aav=4)
[17:17:29] t=1949 TANK HTNK x2
[17:17:29] t=1949 DEBT-GATE HTNK x2 (debt=0 eff=1351 < 1800)
[17:17:31] t=1949 jev VEH HTNK HOLD (预算保护 cash=1351 aav帽=ok aav=4)
[17:17:31] t=1949 MOVE assault x7 -> (137,82); t=1949 SIEGE STAGING x7/8 (攒兵团, 齐冲再上)
[17:17:31] {"kind": "action", "what": "attack_move", "name": null, "qty": null, "tid": null, "ts": "17:17:31"}
[17:17:31] t=1952 TANK HTNK x2
[17:17:31] t=1952 DEBT-GATE HTNK x2 (debt=0 eff=1351 < 1800)
[17:17:33] t=1952 jev VEH HTNK HOLD (预算保护 cash=1351 aav帽=ok aav=4)
[17:17:33] t=1952 MOVE raid x2 -> (81,118); t=1952 SIEGE STAGING x7/8 (攒兵团, 齐冲再上); aahunt x4 -> (125,84)
[17:17:33] {"kind": "action", "what": "attack_move", "name": null, "qty": null, "tid": null, "ts": "17:17:33"}
[17:17:33] {"kind": "action", "what": "attack_move", "name": null, "qty": null, "tid": null, "ts": "17:17:33"}
[17:17:33] t=1955 TANK HTNK x2
[17:17:33] t=1955 DEBT-GATE HTNK x2 (debt=0 eff=1351 < 1800)
[17:17:35] t=1955 jev VEH HARV HOLD (预算保护 cash=1351 aav帽=ok aav=4)
[17:17:35] t=1955 MOVE t=1955 SIEGE STAGING x7/8 (攒兵团, 齐冲再上); hold_b x2 -> (126,75)
[17:17:35] {"kind": "action", "what": "attack_move", "name": null, "qty": null, "tid": null, "ts": "17:17:35"}
[17:17:35] t=1958 TANK HTNK x2
[17:17:35] t=1958 DEBT-GATE HTNK x2 (debt=0 eff=1351 < 1800)
[17:17:37] t=1958 jev VEH HARV HOLD (预算保护 cash=1351 aav帽=ok aav=4)
[17:17:38] t=1960 TANK HTNK x2
[17:17:38] t=1960 DEBT-GATE HTNK x2 (debt=0 eff=1351 < 1800)
[17:17:39] t=1960 jev VEH HARV HOLD (预算保护 cash=1351 aav帽=ok aav=4)
[17:17:40] t=1963 TANK HTNK x2
[17:17:40] t=1963 DEBT-GATE HTNK x2 (debt=0 eff=1351 < 1800)
[17:17:41] t=1963 jev VEH HARV HOLD (预算保护 cash=1351 aav帽=ok aav=4)
[17:17:42] t=1966 TANK HTNK x2
[17:17:42] t=1966 DEBT-GATE HTNK x2 (debt=0 eff=1351 < 1800)
[17:17:43] t=1966 jev VEH HARV HOLD (预算保护 cash=1351 aav帽=ok aav=4)
[17:17:43] t=1966 MOVE assault x7 -> (137,82); t=1966 SIEGE STAGING x7/8 (攒兵团, 齐冲再上)
[17:17:43] {"kind": "action", "what": "attack_move", "name": null, "qty": null, "tid": null, "ts": "17:17:43"}
[17:17:44] t=1969 TANK HTNK x2
[17:17:44] t=1969 DEBT-GATE HTNK x2 (debt=0 eff=1351 < 1800)
[17:17:45] t=1969 jev VEH HARV HOLD (预算保护 cash=1351 aav帽=ok aav=4)
[17:17:46] t=1971 TANK HTNK x2
[17:17:46] t=1971 DEBT-GATE HTNK x2 (debt=0 eff=1351 < 1800)
[17:17:47] t=1971 jev VEH HARV HOLD (预算保护 cash=1351 aav帽=ok aav=4)
[17:17:48] t=1974 TANK HTNK x2
[17:17:48] t=1974 RETREAT HTNK(30%)
[17:17:48] t=1974 DEBT-GATE HTNK x2 (debt=0 eff=1351 < 1800)
[17:17:48] {"kind": "action", "what": "move", "name": null, "qty": null, "tid": null, "ts": "17:17:48"}
[17:17:50] t=1974 jev VEH HARV HOLD (预算保护 cash=1351 aav帽=ok aav=4)
[17:17:50] t=1977 TANK HTNK x2
[17:17:50] {"kind": "action", "what": "produce", "name": "HTNK", "qty": 2, "tid": null, "ts": "17:17:50"}
[17:17:52] t=1980 ESCORT 坦克#2824 -> 护航矿车@[120, 113]
[17:17:52] {"kind": "action", "what": "attack_move", "name": null, "qty": null, "tid": null, "ts": "17:17:52"}
[17:17:54] t=1980 MOVE raid x2 -> (81,118); t=1980 SIEGE STAGING x7/8 (攒兵团, 齐冲再上)
[17:17:54] {"kind": "action", "what": "attack_move", "name": null, "qty": null, "tid": null, "ts": "17:17:54"}
[17:17:56] t=1982 MOVE assault x7 -> (137,82); t=1982 SIEGE STAGING x7/8 (攒兵团, 齐冲再上)
[17:17:56] {"kind": "action", "what": "attack_move", "name": null, "qty": null, "tid": null, "ts": "17:17:56"}
[17:17:58] t=1985 MOVE assault x8 -> 攻击目标#2775@(76,107); t=1985 SIEGE 拔防御壳 x8 -> #2775@(76,107); hold_a x2 -> (133,86)
[17:17:58] {"kind": "action", "what": "attack_obj", "name": null, "qty": null, "tid": 2775, "ts": "17:17:58"}
[17:17:58] {"kind": "action", "what": "attack_move", "name": null, "qty": null, "tid": null, "ts": "17:17:58"}
[17:18:02] t=1991 tick#800 credits=751 stance=attack | jev 800 decisions p50=1766ms
[17:18:02] t=1993 TANK HTNK x1
[17:18:04] t=1993 jev VEH HARV HOLD (预算保护 cash=901 aav帽=ok aav=4)
[17:18:04] t=1993 MOVE t=1993 SIEGE 拔防御壳 x9 -> #2775@(76,107); aahunt x4 -> (125,84)
[17:18:04] {"kind": "action", "what": "attack_move", "name": null, "qty": null, "tid": null, "ts": "17:18:04"}
[17:18:04] t=1996 TANK HTNK x1
[17:18:06] t=1996 jev VEH HARV HOLD (预算保护 cash=901 aav帽=ok aav=4)
[17:18:06] t=1999 TANK HTNK x1
[17:18:08] t=1999 jev VEH HARV HOLD (预算保护 cash=901 aav帽=ok aav=4)
[17:18:08] t=2002 TANK HTNK x1
[17:18:10] t=2002 jev VEH HARV HOLD (预算保护 cash=901 aav帽=ok aav=4)
[17:18:10] t=2002 MOVE assault x9 -> 攻击目标#2775@(76,107); t=2002 SIEGE 拔防御壳 x9 -> #2775@(76,107)
[17:18:10] {"kind": "action", "what": "attack_obj", "name": null, "qty": null, "tid": 2775, "ts": "17:18:10"}
[17:18:10] t=2004 TANK HTNK x1
[17:18:12] t=2004 jev VEH HARV HOLD (预算保护 cash=901 aav帽=ok aav=4)
[17:18:12] t=2007 TANK HTNK x1
[17:18:14] t=2007 jev VEH HARV HOLD (预算保护 cash=901 aav帽=ok aav=4)
[17:18:14] t=2007 MOVE raid x2 -> (81,118); t=2007 SIEGE 拔防御壳 x9 -> #2775@(76,107)
[17:18:14] {"kind": "action", "what": "attack_move", "name": null, "qty": null, "tid": null, "ts": "17:18:14"}
[17:18:15] t=2010 TANK HTNK x1
[17:18:16] t=2010 jev VEH HARV HOLD (预算保护 cash=901 aav帽=ok aav=4)
[17:18:17] t=2012 TANK HTNK x1
[17:18:17] {"kind": "action", "what": "produce", "name": "HTNK", "qty": 1, "tid": null, "ts": "17:18:17"}
[17:18:22] t=2018 MOVE assault x9 -> 攻击目标#2775@(76,107); t=2018 SIEGE 拔防御壳 x9 -> #2775@(76,107)
[17:18:22] {"kind": "action", "what": "attack_obj", "name": null, "qty": null, "tid": 2775, "ts": "17:18:22"}
[17:18:23] t=2021 ESCORT 坦克#2823 -> 护航矿车@[115, 135]
[17:18:23] {"kind": "action", "what": "attack_move", "name": null, "qty": null, "tid": null, "ts": "17:18:23"}
[17:18:25] t=2021 jev VEH HARV HOLD (预算保护 cash=1 aav帽=ok aav=4)
[17:18:27] t=2023 jev VEH HARV HOLD (预算保护 cash=1 aav帽=ok aav=4)
[17:18:27] t=2026 ALARM unit lost -> 攻势保持（塔阵守家, 前线 15 个单位继续进攻）
[17:18:29] t=2026 jev VEH HARV HOLD (预算保护 cash=1 aav帽=ok aav=4)
[17:18:31] t=2029 jev VEH HARV HOLD (预算保护 cash=376 aav帽=ok aav=4)
[17:18:33] t=2032 jev VEH HARV HOLD (预算保护 cash=376 aav帽=ok aav=4)
[17:18:33] t=2034 ALARM unit lost -> 攻势保持（塔阵守家, 前线 14 个单位继续进攻）
[17:18:35] t=2034 jev VEH HARV HOLD (预算保护 cash=376 aav帽=ok aav=4)
[17:18:35] t=2034 MOVE assault x8 -> 攻击目标#2775@(76,107); t=2034 SIEGE 拔防御壳 x8 -> #2775@(76,107); aahunt x4 -> (125,84)
[17:18:35] {"kind": "action", "what": "attack_obj", "name": null, "qty": null, "tid": 2775, "ts": "17:18:35"}
[17:18:35] {"kind": "action", "what": "attack_move", "name": null, "qty": null, "tid": null, "ts": "17:18:35"}
[17:18:37] t=2037 jev VEH HARV HOLD (预算保护 cash=376 aav帽=ok aav=4)
[17:18:37] t=2037 MOVE t=2037 SIEGE 拔防御壳 x8 -> #2775@(76,107); hold_b x2 -> (126,75)
[17:18:37] {"kind": "action", "what": "attack_move", "name": null, "qty": null, "tid": null, "ts": "17:18:37"}
[17:18:39] t=2040 jev VEH HARV HOLD (预算保护 cash=376 aav帽=ok aav=4)
[17:18:41] t=2043 jev VEH HARV HOLD (预算保护 cash=376 aav帽=ok aav=4)
[17:18:43] t=2045 jev VEH HARV HOLD (预算保护 cash=376 aav帽=ok aav=4)
[17:18:45] t=2048 jev VEH HARV HOLD (预算保护 cash=376 aav帽=ok aav=4)
[17:18:47] t=2051 jev VEH HARV HOLD (预算保护 cash=376 aav帽=ok aav=4)
[17:18:47] t=2051 MOVE assault x8 -> 攻击目标#2775@(76,107); t=2051 SIEGE 拔防御壳 x8 -> #2775@(76,107)
[17:18:47] {"kind": "action", "what": "attack_obj", "name": null, "qty": null, "tid": 2775, "ts": "17:18:47"}
[17:18:49] t=2054 jev VEH HARV HOLD (预算保护 cash=376 aav帽=ok aav=4)
[17:18:51] t=2056 jev VEH HARV HOLD (预算保护 cash=376 aav帽=ok aav=4)
[17:18:53] t=2059 jev VEH HARV HOLD (预算保护 cash=376 aav帽=ok aav=4)
[17:18:53] t=2059 tick#825 credits=376 stance=attack | jev 825 decisions p50=1767ms
[17:18:53] t=2062 ESCORT 坦克#2662 -> 护航矿车@[126, 105]
[17:18:53] {"kind": "action", "what": "attack_move", "name": null, "qty": null, "tid": null, "ts": "17:18:53"}
[17:18:55] t=2062 jev VEH HARV HOLD (预算保护 cash=376 aav帽=ok aav=4)
[17:18:57] t=2064 jev VEH HARV HOLD (预算保护 cash=376 aav帽=ok aav=4)
[17:18:59] t=2067 jev VEH HARV HOLD (预算保护 cash=376 aav帽=ok aav=4)
[17:18:59] t=2067 MOVE assault x8 -> 攻击目标#2775@(76,107); t=2067 SIEGE 拔防御壳 x8 -> #2775@(76,107); hold_a x2 -> (133,86)
[17:18:59] {"kind": "action", "what": "attack_obj", "name": null, "qty": null, "tid": 2775, "ts": "17:18:59"}
[17:18:59] {"kind": "action", "what": "attack_move", "name": null, "qty": null, "tid": null, "ts": "17:18:59"}
[17:19:01] t=2070 jev VEH HARV HOLD (预算保护 cash=376 aav帽=ok aav=4)
[17:19:03] t=2073 jev VEH HARV HOLD (预算保护 cash=376 aav帽=ok aav=4)
[17:19:04] t=2075 ALARM unit lost -> 攻势保持（塔阵守家, 前线 13 个单位继续进攻）
[17:19:06] t=2075 jev VEH HARV HOLD (预算保护 cash=376 aav帽=ok aav=4)
[17:19:06] t=2075 MOVE assault x7 -> (137,82); t=2075 SIEGE STAGING x7/8 (攒兵团, 齐冲再上); aahunt x4 -> (125,84)
[17:19:06] {"kind": "action", "what": "attack_move", "name": null, "qty": null, "tid": null, "ts": "17:19:06"}
[17:19:06] {"kind": "action", "what": "attack_move", "name": null, "qty": null, "tid": null, "ts": "17:19:06"}
[17:19:08] t=2078 jev VEH HARV HOLD (预算保护 cash=376 aav帽=ok aav=4)
[17:19:10] t=2081 jev VEH HARV HOLD (预算保护 cash=676 aav帽=ok aav=4)
[17:19:12] t=2084 jev VEH HARV HOLD (预算保护 cash=676 aav帽=ok aav=4)
[17:19:14] t=2086 jev VEH HARV HOLD (预算保护 cash=676 aav帽=ok aav=4)
[17:19:16] t=2089 jev VEH HARV HOLD (预算保护 cash=676 aav帽=ok aav=4)
[17:19:18] t=2092 jev VEH HARV HOLD (预算保护 cash=676 aav帽=ok aav=4)
[17:19:18] t=2092 MOVE assault x7 -> (137,82); t=2092 SIEGE STAGING x7/8 (攒兵团, 齐冲再上)
[17:19:18] {"kind": "action", "what": "attack_move", "name": null, "qty": null, "tid": null, "ts": "17:19:18"}
[17:19:20] t=2094 jev VEH HARV HOLD (预算保护 cash=676 aav帽=ok aav=4)
[17:19:20] t=2097 HARASS DRON x2 (have 0)
[17:19:20] t=2097 TANK HTNK x1
[17:19:20] {"kind": "action", "what": "produce", "name": "DRON", "qty": 2, "tid": null, "ts": "17:19:20"}
[17:19:20] {"kind": "action", "what": "produce", "name": "HTNK", "qty": 1, "tid": null, "ts": "17:19:20"}
[17:19:24] t=2103 ESCORT 坦克#2838 -> 护航矿车@[123, 102]
[17:19:24] {"kind": "action", "what": "attack_move", "name": null, "qty": null, "tid": null, "ts": "17:19:24"}
[17:19:26] t=2103 MOVE raid x1 -> (81,118); assault x8 -> 攻击目标#2775@(76,107); t=2103 SIEGE 拔防御壳 x8 -> #2775@(76,107)
[17:19:26] {"kind": "action", "what": "attack_move", "name": null, "qty": null, "tid": null, "ts": "17:19:26"}
[17:19:26] {"kind": "action", "what": "attack_obj", "name": null, "qty": null, "tid": 2775, "ts": "17:19:26"}
[17:19:34] t=2114 jev VEH HARV HOLD (预算保护 cash=101 aav帽=ok aav=4)
[17:19:36] t=2116 jev VEH HARV HOLD (预算保护 cash=101 aav帽=ok aav=4)
[17:19:36] t=2116 MOVE t=2116 SIEGE 拔防御壳 x10 -> #2775@(76,107); aahunt x4 -> (125,84)
[17:19:36] {"kind": "action", "what": "attack_move", "name": null, "qty": null, "tid": null, "ts": "17:19:36"}
[17:19:38] t=2119 jev VEH HARV HOLD (预算保护 cash=101 aav帽=ok aav=4)
[17:19:38] t=2119 MOVE assault x10 -> 攻击目标#2775@(76,107); t=2119 SIEGE 拔防御壳 x10 -> #2775@(76,107); hold_b x2 -> (126,75)
[17:19:38] {"kind": "action", "what": "attack_obj", "name": null, "qty": null, "tid": 2775, "ts": "17:19:38"}
[17:19:38] {"kind": "action", "what": "attack_move", "name": null, "qty": null, "tid": null, "ts": "17:19:38"}
[17:19:40] t=2122 jev VEH HARV HOLD (预算保护 cash=101 aav帽=ok aav=4)
[17:19:43] t=2125 jev VEH HARV HOLD (预算保护 cash=101 aav帽=ok aav=4)
[17:19:45] t=2127 jev VEH HARV HOLD (预算保护 cash=101 aav帽=ok aav=4)
[17:19:45] t=2127 tick#850 credits=101 stance=attack | jev 850 decisions p50=1766ms
[17:19:47] t=2130 jev VEH HARV HOLD (预算保护 cash=101 aav帽=ok aav=4)
[17:19:47] t=2130 MOVE raid x2 -> (81,118); t=2130 SIEGE 拔防御壳 x10 -> #2775@(76,107)
[17:19:47] {"kind": "action", "what": "attack_move", "name": null, "qty": null, "tid": null, "ts": "17:19:47"}
[17:19:49] t=2133 jev VEH HARV HOLD (预算保护 cash=101 aav帽=ok aav=4)
[17:19:51] t=2136 jev VEH HARV HOLD (预算保护 cash=101 aav帽=ok aav=4)
[17:19:51] t=2136 MOVE t=2136 GHOST detected #2775@[76, 107] (集火150gs不倒, 拉黑); assault x10 -> 攻击目标#2236@(73,107); t=2136 SIEGE 拔防御壳 x10 -> #2236@(73,107)
[17:19:51] {"kind": "action", "what": "attack_obj", "name": null, "qty": null, "tid": 2236, "ts": "17:19:51"}
[17:19:53] t=2138 jev VEH HARV HOLD (预算保护 cash=101 aav帽=ok aav=4)
[17:19:53] t=2141 TANK HTNK x2
[17:19:53] t=2141 RETREAT HTNK(31%)
[17:19:53] t=2141 DEBT-GATE HTNK x2 (debt=0 eff=1226 < 1800)
[17:19:53] {"kind": "action", "what": "move", "name": null, "qty": null, "tid": null, "ts": "17:19:53"}
[17:19:55] t=2141 jev VEH HARV HOLD (预算保护 cash=1226 aav帽=ok aav=4)
[17:19:55] t=2144 ALARM unit lost -> 攻势保持（塔阵守家, 前线 16 个单位继续进攻）
[17:19:55] t=2144 TANK HTNK x2
[17:19:55] t=2144 ESCORT 坦克#2869 -> 护航矿车@[90, 57]
[17:19:55] t=2144 DEBT-GATE HTNK x2 (debt=0 eff=1226 < 1800)
[17:19:55] {"kind": "action", "what": "attack_move", "name": null, "qty": null, "tid": null, "ts": "17:19:55"}
[17:19:57] t=2144 jev VEH HARV HOLD (预算保护 cash=1226 aav帽=ok aav=4)
[17:19:57] t=2147 TANK HTNK x2
[17:19:57] t=2147 DEBT-GATE HTNK x2 (debt=0 eff=1226 < 1800)
[17:19:59] t=2147 jev VEH HARV HOLD (预算保护 cash=1226 aav帽=ok aav=4)
[17:19:59] t=2149 TANK HTNK x2
[17:19:59] t=2149 DEBT-GATE HTNK x2 (debt=0 eff=1226 < 1800)
[17:20:01] t=2149 jev VEH HARV HOLD (预算保护 cash=1226 aav帽=ok aav=4)
[17:20:01] t=2149 MOVE t=2149 SIEGE 拔防御壳 x9 -> #2236@(73,107); hold_a x2 -> (133,86)
[17:20:01] {"kind": "action", "what": "attack_move", "name": null, "qty": null, "tid": null, "ts": "17:20:01"}
[17:20:01] t=2152 TANK HTNK x2
[17:20:01] t=2152 DEBT-GATE HTNK x2 (debt=0 eff=1226 < 1800)
[17:20:03] t=2152 jev VEH HARV HOLD (预算保护 cash=1226 aav帽=ok aav=4)
[17:20:03] t=2152 MOVE assault x9 -> 攻击目标#2236@(73,107); t=2152 SIEGE 拔防御壳 x9 -> #2236@(73,107)
[17:20:03] {"kind": "action", "what": "attack_obj", "name": null, "qty": null, "tid": 2236, "ts": "17:20:03"}
[17:20:03] t=2155 TANK HTNK x2
[17:20:03] t=2155 DEBT-GATE HTNK x2 (debt=0 eff=1226 < 1800)
[17:20:05] t=2155 jev VEH HARV HOLD (预算保护 cash=1226 aav帽=ok aav=4)
[17:20:05] t=2158 TANK HTNK x2
[17:20:05] t=2158 DEBT-GATE HTNK x2 (debt=0 eff=1226 < 1800)
[17:20:07] t=2158 jev VEH HARV HOLD (预算保护 cash=1226 aav帽=ok aav=4)
[17:20:07] t=2158 MOVE raid x2 -> (81,118); t=2158 SIEGE 拔防御壳 x9 -> #2236@(73,107); aahunt x4 -> (125,84)
[17:20:07] {"kind": "action", "what": "attack_move", "name": null, "qty": null, "tid": null, "ts": "17:20:07"}
[17:20:07] {"kind": "action", "what": "attack_move", "name": null, "qty": null, "tid": null, "ts": "17:20:07"}
[17:20:08] t=2160 TANK HTNK x2
[17:20:08] t=2160 DEBT-GATE HTNK x2 (debt=0 eff=1226 < 1800)
[17:20:09] t=2160 jev VEH HARV HOLD (预算保护 cash=1226 aav帽=ok aav=4)
[17:20:10] t=2163 TANK HTNK x2
[17:20:10] t=2163 DEBT-GATE HTNK x2 (debt=0 eff=1226 < 1800)
[17:20:11] t=2163 jev VEH HARV HOLD (预算保护 cash=1226 aav帽=ok aav=4)
[17:20:12] t=2166 TANK HTNK x2
[17:20:12] t=2166 DEBT-GATE HTNK x2 (debt=0 eff=1226 < 1800)
[17:20:13] t=2166 jev VEH HARV HOLD (预算保护 cash=1226 aav帽=ok aav=4)
[17:20:14] t=2169 TANK HTNK x2
[17:20:14] t=2169 DEBT-GATE HTNK x2 (debt=0 eff=1526 < 1800)
[17:20:15] t=2169 jev VEH HARV HOLD (预算保护 cash=1526 aav帽=ok aav=4)
[17:20:15] t=2169 MOVE assault x9 -> 攻击目标#2236@(73,107); t=2169 SIEGE 拔防御壳 x9 -> #2236@(73,107)
[17:20:15] {"kind": "action", "what": "attack_obj", "name": null, "qty": null, "tid": 2236, "ts": "17:20:15"}
[17:20:16] t=2171 TANK HTNK x2
[17:20:16] t=2171 DEBT-GATE HTNK x2 (debt=0 eff=1526 < 1800)
[17:20:17] t=2171 jev VEH HARV HOLD (预算保护 cash=1526 aav帽=ok aav=4)
[17:20:18] t=2174 TANK HTNK x2
[17:20:18] {"kind": "action", "what": "produce", "name": "HTNK", "qty": 2, "tid": null, "ts": "17:20:18"}
[17:20:26] t=2185 ESCORT 坦克#2743 -> 护航矿车@[120, 126]
[17:20:26] {"kind": "action", "what": "attack_move", "name": null, "qty": null, "tid": null, "ts": "17:20:26"}
[17:20:28] t=2185 MOVE raid x2 -> (81,118); assault x10 -> 攻击目标#2236@(73,107); t=2185 SIEGE 拔防御壳 x10 -> #2236@(73,107)
[17:20:28] {"kind": "action", "what": "attack_move", "name": null, "qty": null, "tid": null, "ts": "17:20:28"}
[17:20:28] {"kind": "action", "what": "attack_obj", "name": null, "qty": null, "tid": 2236, "ts": "17:20:28"}
[17:20:32] t=2191 jev VEH HARV HOLD (预算保护 cash=326 aav帽=ok aav=4)
[17:20:34] t=2193 jev VEH HARV HOLD (预算保护 cash=326 aav帽=ok aav=4)
[17:20:36] t=2196 jev VEH HARV HOLD (预算保护 cash=326 aav帽=ok aav=4)
[17:20:36] t=2196 tick#875 credits=326 stance=attack | jev 875 decisions p50=1765ms
[17:20:38] t=2199 jev VEH HARV HOLD (预算保护 cash=326 aav帽=ok aav=4)
[17:20:38] t=2199 MOVE t=2199 SIEGE 拔防御壳 x11 -> #2236@(73,107); aahunt x4 -> (125,84)
[17:20:38] {"kind": "action", "what": "attack_move", "name": null, "qty": null, "tid": null, "ts": "17:20:38"}
[17:20:40] t=2202 jev VEH HARV HOLD (预算保护 cash=326 aav帽=ok aav=4)
[17:20:40] t=2202 MOVE assault x11 -> 攻击目标#2236@(73,107); t=2202 SIEGE 拔防御壳 x11 -> #2236@(73,107); hold_b x2 -> (126,75)
[17:20:40] {"kind": "action", "what": "attack_obj", "name": null, "qty": null, "tid": 2236, "ts": "17:20:40"}
[17:20:40] {"kind": "action", "what": "attack_move", "name": null, "qty": null, "tid": null, "ts": "17:20:40"}
[17:20:43] t=2205 jev VEH HARV HOLD (预算保护 cash=326 aav帽=ok aav=4)
[17:20:45] t=2207 jev VEH HARV HOLD (预算保护 cash=326 aav帽=ok aav=4)
[17:20:47] t=2210 jev VEH HARV HOLD (预算保护 cash=326 aav帽=ok aav=4)
[17:20:49] t=2213 jev VEH HARV HOLD (预算保护 cash=326 aav帽=ok aav=4)
[17:20:49] t=2213 MOVE raid x2 -> (81,118); t=2213 SIEGE 拔防御壳 x11 -> #2236@(73,107)
[17:20:49] {"kind": "action", "what": "attack_move", "name": null, "qty": null, "tid": null, "ts": "17:20:49"}
[17:20:51] t=2216 jev VEH HARV HOLD (预算保护 cash=326 aav帽=ok aav=4)
[17:20:53] t=2219 jev VEH HARV HOLD (预算保护 cash=326 aav帽=ok aav=4)
[17:20:53] t=2219 MOVE assault x11 -> 攻击目标#2236@(73,107); t=2219 SIEGE 拔防御壳 x11 -> #2236@(73,107)
[17:20:53] {"kind": "action", "what": "attack_obj", "name": null, "qty": null, "tid": 2236, "ts": "17:20:53"}
[17:20:55] t=2221 jev VEH HARV HOLD (预算保护 cash=326 aav帽=ok aav=4)
[17:20:57] t=2224 jev VEH HARV HOLD (预算保护 cash=326 aav帽=ok aav=4)
[17:20:57] t=2227 ESCORT 坦克#2869 -> 护航矿车@[127, 105]
[17:20:57] {"kind": "action", "what": "attack_move", "name": null, "qty": null, "tid": null, "ts": "17:20:57"}
[17:20:59] t=2227 jev VEH HARV HOLD (预算保护 cash=326 aav帽=ok aav=4)
[17:21:01] t=2230 jev VEH HARV HOLD (预算保护 cash=326 aav帽=ok aav=4)
[17:21:01] t=2230 MOVE t=2230 SIEGE 拔防御壳 x11 -> #2236@(73,107); hold_a x2 -> (133,86)
[17:21:01] {"kind": "action", "what": "attack_move", "name": null, "qty": null, "tid": null, "ts": "17:21:01"}
[17:21:03] t=2232 jev VEH HARV HOLD (预算保护 cash=326 aav帽=ok aav=4)
[17:21:05] t=2235 jev VEH HARV HOLD (预算保护 cash=326 aav帽=ok aav=4)
[17:21:05] t=2235 MOVE assault x11 -> 攻击目标#2236@(73,107); t=2235 SIEGE 拔防御壳 x11 -> #2236@(73,107)
[17:21:05] {"kind": "action", "what": "attack_obj", "name": null, "qty": null, "tid": 2236, "ts": "17:21:05"}
[17:21:07] t=2238 jev VEH HARV HOLD (预算保护 cash=326 aav帽=ok aav=4)
[17:21:09] t=2241 jev VEH HARV HOLD (预算保护 cash=551 aav帽=ok aav=4)
[17:21:09] t=2241 MOVE raid x2 -> (81,118); t=2241 SIEGE 拔防御壳 x11 -> #2236@(73,107); aahunt x4 -> (125,84)
[17:21:09] {"kind": "action", "what": "attack_move", "name": null, "qty": null, "tid": null, "ts": "17:21:09"}
[17:21:09] {"kind": "action", "what": "attack_move", "name": null, "qty": null, "tid": null, "ts": "17:21:09"}
[17:21:11] t=2243 jev VEH HARV HOLD (预算保护 cash=551 aav帽=ok aav=4)
[17:21:13] t=2246 jev VEH HARV HOLD (预算保护 cash=551 aav帽=ok aav=4)
[17:21:16] t=2249 jev VEH HARV HOLD (预算保护 cash=551 aav帽=ok aav=4)
[17:21:18] t=2251 jev VEH HARV HOLD (预算保护 cash=551 aav帽=ok aav=4)
[17:21:18] t=2251 MOVE assault x11 -> 攻击目标#2236@(73,107); t=2251 SIEGE 拔防御壳 x11 -> #2236@(73,107)
[17:21:18] {"kind": "action", "what": "attack_obj", "name": null, "qty": null, "tid": 2236, "ts": "17:21:18"}
[17:21:20] t=2254 jev VEH HARV HOLD (预算保护 cash=551 aav帽=ok aav=4)
[17:21:22] t=2257 jev VEH HARV HOLD (预算保护 cash=551 aav帽=ok aav=4)
[17:21:24] t=2260 jev VEH HARV HOLD (预算保护 cash=551 aav帽=ok aav=4)
[17:21:26] t=2262 jev VEH HARV HOLD (预算保护 cash=551 aav帽=ok aav=4)
[17:21:28] t=2265 jev VEH HARV HOLD (预算保护 cash=551 aav帽=ok aav=4)
[17:21:28] t=2265 tick#900 credits=551 stance=attack | jev 900 decisions p50=1767ms
[17:21:28] t=2268 ESCORT 坦克#2869 -> 护航矿车@[116, 133]
[17:21:28] {"kind": "action", "what": "attack_move", "name": null, "qty": null, "tid": null, "ts": "17:21:28"}
[17:21:30] t=2268 jev VEH HARV HOLD (预算保护 cash=551 aav帽=ok aav=4)
[17:21:30] t=2268 MOVE raid x2 -> (81,118); assault x11 -> 攻击目标#2236@(73,107); t=2268 SIEGE 拔防御壳 x11 -> #2236@(73,107)
[17:21:30] {"kind": "action", "what": "attack_move", "name": null, "qty": null, "tid": null, "ts": "17:21:30"}
[17:21:30] {"kind": "action", "what": "attack_obj", "name": null, "qty": null, "tid": 2236, "ts": "17:21:30"}
[17:21:32] t=2271 jev VEH HARV HOLD (预算保护 cash=551 aav帽=ok aav=4)
[17:21:34] t=2273 jev VEH HARV HOLD (预算保护 cash=551 aav帽=ok aav=4)
[17:21:34] t=2276 RETREAT HTNK(30%)
[17:21:34] {"kind": "action", "what": "move", "name": null, "qty": null, "tid": null, "ts": "17:21:34"}
[17:21:36] t=2276 jev VEH HARV HOLD (预算保护 cash=551 aav帽=ok aav=4)
[17:21:38] t=2279 jev VEH HARV HOLD (预算保护 cash=551 aav帽=ok aav=4)
[17:21:40] t=2282 jev VEH HARV HOLD (预算保护 cash=551 aav帽=ok aav=4)
[17:21:40] t=2282 MOVE t=2282 SIEGE 拔防御壳 x11 -> #2236@(73,107); aahunt x4 -> (125,84)
[17:21:40] {"kind": "action", "what": "attack_move", "name": null, "qty": null, "tid": null, "ts": "17:21:40"}
[17:21:42] t=2284 jev VEH HARV HOLD (预算保护 cash=551 aav帽=ok aav=4)
[17:21:42] t=2284 MOVE assault x11 -> 攻击目标#2236@(73,107); t=2284 SIEGE 拔防御壳 x11 -> #2236@(73,107); hold_b x2 -> (126,75)
[17:21:42] {"kind": "action", "what": "attack_obj", "name": null, "qty": null, "tid": 2236, "ts": "17:21:42"}
[17:21:42] {"kind": "action", "what": "attack_move", "name": null, "qty": null, "tid": null, "ts": "17:21:42"}
[17:21:44] t=2287 jev VEH HARV HOLD (预算保护 cash=551 aav帽=ok aav=4)
[17:21:44] t=2287 MOVE t=2287 GHOST detected #2236@[73, 107] (集火150gs不倒, 拉黑); assault x11 -> 攻击目标#2255@(71,105); t=2287 SIEGE 拔防御壳 x11 -> #2255@(71,105)
[17:21:44] {"kind": "action", "what": "attack_obj", "name": null, "qty": null, "tid": 2255, "ts": "17:21:44"}
[17:21:45] t=2290 TANK HTNK x1
[17:21:45] {"kind": "action", "what": "produce", "name": "HTNK", "qty": 1, "tid": null, "ts": "17:21:45"}
[17:21:51] t=2295 MOVE raid x2 -> (81,118); t=2295 SIEGE 拔防御壳 x11 -> #2255@(71,105)
[17:21:51] {"kind": "action", "what": "attack_move", "name": null, "qty": null, "tid": null, "ts": "17:21:51"}
[17:21:53] t=2298 jev VEH HARV HOLD (预算保护 cash=26 aav帽=ok aav=4)
[17:21:55] t=2301 jev VEH HARV HOLD (预算保护 cash=26 aav帽=ok aav=4)
[17:21:57] t=2304 jev VEH HARV HOLD (预算保护 cash=26 aav帽=ok aav=4)
[17:21:57] t=2304 MOVE assault x14 -> 攻击目标#2255@(71,105); t=2304 SIEGE 拔防御壳 x14 -> #2255@(71,105)
[17:21:57] {"kind": "action", "what": "attack_obj", "name": null, "qty": null, "tid": 2255, "ts": "17:21:57"}
[17:21:59] t=2306 jev VEH HARV HOLD (预算保护 cash=26 aav帽=ok aav=4)
[17:22:01] t=2309 jev VEH HARV HOLD (预算保护 cash=26 aav帽=ok aav=4)
[17:22:03] t=2312 jev VEH HARV HOLD (预算保护 cash=26 aav帽=ok aav=4)
[17:22:03] t=2312 MOVE t=2312 SIEGE 拔防御壳 x14 -> #2255@(71,105); hold_a x2 -> (133,86)
[17:22:03] {"kind": "action", "what": "attack_move", "name": null, "qty": null, "tid": null, "ts": "17:22:03"}
[17:22:05] t=2314 jev VEH HARV HOLD (预算保护 cash=26 aav帽=ok aav=4)
[17:22:07] t=2317 jev VEH HTNK HOLD (预算保护 cash=26 aav帽=ok aav=4)
[17:22:07] t=2320 ESCORT 坦克#2869 -> 护航矿车@[126, 104]
[17:22:07] {"kind": "action", "what": "attack_move", "name": null, "qty": null, "tid": null, "ts": "17:22:07"}
[17:22:09] t=2320 jev VEH HARV HOLD (预算保护 cash=26 aav帽=ok aav=4)
[17:22:09] t=2320 MOVE assault x14 -> 攻击目标#2255@(71,105); t=2320 SIEGE 拔防御壳 x14 -> #2255@(71,105)
[17:22:09] {"kind": "action", "what": "attack_obj", "name": null, "qty": null, "tid": 2255, "ts": "17:22:09"}
[17:22:11] t=2323 jev VEH HARV HOLD (预算保护 cash=26 aav帽=ok aav=4)
[17:22:11] t=2323 MOVE raid x2 -> (81,118); t=2323 SIEGE 拔防御壳 x14 -> #2255@(71,105); aahunt x2 -> (125,84)
[17:22:11] {"kind": "action", "what": "attack_move", "name": null, "qty": null, "tid": null, "ts": "17:22:11"}
[17:22:11] {"kind": "action", "what": "attack_move", "name": null, "qty": null, "tid": null, "ts": "17:22:11"}
[17:22:13] t=2325 jev VEH HTNK HOLD (预算保护 cash=26 aav帽=ok aav=4)
[17:22:15] t=2328 jev VEH HTNK HOLD (预算保护 cash=326 aav帽=ok aav=4)
[17:22:17] t=2331 jev VEH HTNK HOLD (预算保护 cash=326 aav帽=ok aav=4)
[17:22:19] t=2334 jev VEH DRON HOLD (预算保护 cash=326 aav帽=ok aav=4)
[17:22:19] t=2334 tick#925 credits=326 stance=attack | jev 925 decisions p50=1770ms
[17:22:21] t=2336 jev VEH HARV HOLD (预算保护 cash=326 aav帽=ok aav=4)
[17:22:21] t=2336 MOVE assault x14 -> 攻击目标#2255@(71,105); t=2336 SIEGE 拔防御壳 x14 -> #2255@(71,105)
[17:22:21] {"kind": "action", "what": "attack_obj", "name": null, "qty": null, "tid": 2255, "ts": "17:22:21"}
[17:22:23] t=2339 jev VEH HARV HOLD (预算保护 cash=326 aav帽=ok aav=4)
[17:22:25] t=2342 jev VEH HARV HOLD (预算保护 cash=326 aav帽=ok aav=4)
[17:22:27] t=2345 jev VEH HARV HOLD (预算保护 cash=326 aav帽=ok aav=4)
[17:22:30] t=2347 jev VEH HARV HOLD (预算保护 cash=326 aav帽=ok aav=4)
[17:22:30] t=2350 TANK HTNK x2
[17:22:30] t=2350 DEBT-GATE HTNK x2 (debt=0 eff=1451 < 1800)
[17:22:32] t=2350 jev VEH HARV HOLD (预算保护 cash=1451 aav帽=ok aav=4)
[17:22:32] t=2350 MOVE raid x2 -> (81,118); t=2350 SIEGE 拔防御壳 x14 -> #2255@(71,105)
[17:22:32] {"kind": "action", "what": "attack_move", "name": null, "qty": null, "tid": null, "ts": "17:22:32"}
[17:22:32] t=2353 TANK HTNK x2
[17:22:32] t=2353 DEBT-GATE HTNK x2 (debt=0 eff=1451 < 1800)
[17:22:34] t=2353 jev VEH HARV HOLD (预算保护 cash=1451 aav帽=ok aav=4)
[17:22:34] t=2353 MOVE assault x14 -> 攻击目标#2255@(71,105); t=2353 SIEGE 拔防御壳 x14 -> #2255@(71,105)
[17:22:34] {"kind": "action", "what": "attack_obj", "name": null, "qty": null, "tid": 2255, "ts": "17:22:34"}
[17:22:35] t=2357 TANK HTNK x2
[17:22:35] t=2357 DEBT-GATE HTNK x2 (debt=0 eff=1451 < 1800)
[17:22:36] t=2357 jev VEH HARV HOLD (预算保护 cash=1451 aav帽=ok aav=4)
[17:22:37] t=2359 TANK HTNK x2
[17:22:37] t=2359 DEBT-GATE HTNK x2 (debt=0 eff=1451 < 1800)
[17:22:39] t=2359 jev VEH HARV HOLD (预算保护 cash=1451 aav帽=ok aav=4)
[17:22:39] t=2362 TANK HTNK x2
[17:22:39] t=2362 ESCORT 坦克#2869 -> 护航矿车@[126, 105]
[17:22:39] t=2362 DEBT-GATE HTNK x2 (debt=0 eff=1451 < 1800)
[17:22:39] {"kind": "action", "what": "attack_move", "name": null, "qty": null, "tid": null, "ts": "17:22:39"}
[17:22:41] t=2362 jev VEH HTNK HOLD (预算保护 cash=1451 aav帽=ok aav=4)
[17:22:41] t=2365 TANK HTNK x2
[17:22:41] t=2365 DEBT-GATE HTNK x2 (debt=0 eff=1451 < 1800)
[17:22:43] t=2365 jev VEH HARV HOLD (预算保护 cash=1451 aav帽=ok aav=4)
[17:22:43] t=2365 MOVE t=2365 SIEGE 拔防御壳 x14 -> #2255@(71,105); hold_b x2 -> (126,75); aahunt x2 -> (125,84)
[17:22:43] {"kind": "action", "what": "attack_move", "name": null, "qty": null, "tid": null, "ts": "17:22:43"}
[17:22:43] {"kind": "action", "what": "attack_move", "name": null, "qty": null, "tid": null, "ts": "17:22:43"}
[17:22:43] t=2368 TANK HTNK x2
[17:22:43] t=2368 DEBT-GATE HTNK x2 (debt=0 eff=1451 < 1800)
[17:22:45] t=2368 jev VEH HARV HOLD (预算保护 cash=1451 aav帽=ok aav=4)
[17:22:45] t=2371 TANK HTNK x2
[17:22:45] t=2371 DEBT-GATE HTNK x2 (debt=0 eff=1451 < 1800)
[17:22:47] t=2371 jev VEH HARV HOLD (预算保护 cash=1451 aav帽=ok aav=4)
[17:22:47] t=2371 MOVE assault x14 -> 攻击目标#2255@(71,105); t=2371 SIEGE 拔防御壳 x14 -> #2255@(71,105)
[17:22:47] {"kind": "action", "what": "attack_obj", "name": null, "qty": null, "tid": 2255, "ts": "17:22:47"}
[17:22:47] t=2373 TANK HTNK x2
[17:22:47] t=2373 DEBT-GATE HTNK x2 (debt=0 eff=1451 < 1800)
[17:22:49] t=2373 jev VEH HARV HOLD (预算保护 cash=1451 aav帽=ok aav=4)
[17:22:49] t=2376 TANK HTNK x2
[17:22:49] t=2376 DEBT-GATE HTNK x2 (debt=0 eff=1451 < 1800)
[17:22:51] t=2376 jev VEH HARV HOLD (预算保护 cash=1451 aav帽=ok aav=4)
[17:22:51] t=2379 TANK HTNK x2
[17:22:51] t=2379 DEBT-GATE HTNK x2 (debt=0 eff=1451 < 1800)
[17:22:53] t=2379 jev VEH HARV HOLD (预算保护 cash=1451 aav帽=ok aav=4)
[17:22:53] t=2379 MOVE raid x2 -> (81,118); t=2379 SIEGE 拔防御壳 x14 -> #2255@(71,105)
[17:22:53] {"kind": "action", "what": "attack_move", "name": null, "qty": null, "tid": null, "ts": "17:22:53"}
[17:22:53] t=2381 TANK HTNK x2
[17:22:53] t=2381 DEBT-GATE HTNK x2 (debt=0 eff=1451 < 1800)
[17:22:55] t=2381 jev VEH HTNK HOLD (预算保护 cash=1451 aav帽=ok aav=4)
[17:22:55] t=2384 TANK HTNK x2
[17:22:55] t=2384 DEBT-GATE HTNK x2 (debt=0 eff=1451 < 1800)
[17:22:57] t=2384 jev VEH HARV HOLD (预算保护 cash=1451 aav帽=ok aav=4)
[17:22:57] t=2387 TANK HTNK x2
[17:22:57] t=2387 DEBT-GATE HTNK x2 (debt=0 eff=1451 < 1800)
[17:22:59] t=2387 jev VEH HARV HOLD (预算保护 cash=1451 aav帽=ok aav=4)
[17:22:59] t=2387 MOVE assault x14 -> 攻击目标#2255@(71,105); t=2387 SIEGE 拔防御壳 x14 -> #2255@(71,105)
[17:22:59] {"kind": "action", "what": "attack_obj", "name": null, "qty": null, "tid": 2255, "ts": "17:22:59"}
[17:22:59] t=2389 TANK HTNK x2
[17:22:59] t=2389 DEBT-GATE HTNK x2 (debt=0 eff=1451 < 1800)
[17:23:01] t=2389 jev VEH HARV HOLD (预算保护 cash=1451 aav帽=ok aav=4)
[17:23:01] t=2392 TANK HTNK x2
[17:23:01] t=2392 DEBT-GATE HTNK x2 (debt=0 eff=1451 < 1800)
[17:23:03] t=2392 jev VEH HARV HOLD (预算保护 cash=1451 aav帽=ok aav=4)
[17:23:03] t=2392 MOVE t=2392 SIEGE 拔防御壳 x14 -> #2255@(71,105); hold_a x2 -> (133,86)
[17:23:03] {"kind": "action", "what": "attack_move", "name": null, "qty": null, "tid": null, "ts": "17:23:03"}
[17:23:03] t=2395 TANK HTNK x2
[17:23:03] t=2395 DEBT-GATE HTNK x2 (debt=0 eff=1451 < 1800)
[17:23:05] t=2395 jev VEH HARV HOLD (预算保护 cash=1451 aav帽=ok aav=4)
[17:23:05] t=2397 TANK HTNK x2
[17:23:05] {"kind": "action", "what": "produce", "name": "HTNK", "qty": 2, "tid": null, "ts": "17:23:05"}
[17:23:09] t=2403 ESCORT 坦克#2869 -> 护航矿车@[116, 133]
[17:23:09] {"kind": "action", "what": "attack_move", "name": null, "qty": null, "tid": null, "ts": "17:23:09"}
[17:23:11] t=2403 MOVE assault x14 -> 攻击目标#2255@(71,105); t=2403 SIEGE 拔防御壳 x14 -> #2255@(71,105)
[17:23:11] {"kind": "action", "what": "attack_obj", "name": null, "qty": null, "tid": 2255, "ts": "17:23:11"}
[17:23:11] t=2403 tick#950 credits=1151 stance=attack | jev 950 decisions p50=1769ms
[17:23:13] t=2406 MOVE raid x2 -> (81,118); t=2406 SIEGE 拔防御壳 x15 -> #2255@(71,105); aahunt x2 -> (125,84)
[17:23:13] {"kind": "action", "what": "attack_move", "name": null, "qty": null, "tid": null, "ts": "17:23:13"}
[17:23:13] {"kind": "action", "what": "attack_move", "name": null, "qty": null, "tid": null, "ts": "17:23:13"}
[17:23:19] t=2414 jev VEH HTNK HOLD (预算保护 cash=326 aav帽=ok aav=4)
[17:23:21] t=2417 jev VEH HTNK HOLD (预算保护 cash=326 aav帽=ok aav=4)
[17:23:23] t=2419 jev VEH HARV HOLD (预算保护 cash=326 aav帽=ok aav=4)
[17:23:23] t=2419 MOVE assault x16 -> 攻击目标#2255@(71,105); t=2419 SIEGE 拔防御壳 x16 -> #2255@(71,105)
[17:23:23] {"kind": "action", "what": "attack_obj", "name": null, "qty": null, "tid": 2255, "ts": "17:23:23"}
[17:23:25] t=2422 jev VEH HARV HOLD (预算保护 cash=326 aav帽=ok aav=4)
[17:23:27] t=2425 jev VEH HARV HOLD (预算保护 cash=326 aav帽=ok aav=4)
[17:23:29] t=2427 jev VEH HARV HOLD (预算保护 cash=326 aav帽=ok aav=4)
[17:23:31] t=2430 jev VEH HARV HOLD (预算保护 cash=326 aav帽=ok aav=4)
[17:23:33] t=2433 jev VEH HARV HOLD (预算保护 cash=326 aav帽=ok aav=4)
[17:23:33] t=2433 MOVE raid x2 -> (81,118); t=2433 SIEGE 拔防御壳 x16 -> #2255@(71,105)
[17:23:33] {"kind": "action", "what": "attack_move", "name": null, "qty": null, "tid": null, "ts": "17:23:33"}
[17:23:35] t=2435 jev VEH HARV HOLD (预算保护 cash=326 aav帽=ok aav=4)
[17:23:35] t=2435 MOVE assault x16 -> 攻击目标#2255@(71,105); t=2435 SIEGE 拔防御壳 x16 -> #2255@(71,105)
[17:23:35] {"kind": "action", "what": "attack_obj", "name": null, "qty": null, "tid": 2255, "ts": "17:23:35"}
[17:23:37] t=2438 jev VEH HARV HOLD (预算保护 cash=326 aav帽=ok aav=4)
[17:23:37] t=2438 MOVE t=2438 GHOST detected #2255@[71, 105] (集火150gs不倒, 拉黑); assault x16 -> 攻击目标#1218@(75,115); t=2438 SIEGE 清建筑 x16 -> #1218@(75,115)
[17:23:37] {"kind": "action", "what": "attack_obj", "name": null, "qty": null, "tid": 1218, "ts": "17:23:37"}
[17:23:39] t=2441 jev VEH HARV HOLD (预算保护 cash=326 aav帽=ok aav=4)
[17:23:40] t=2443 ESCORT 坦克#2900 -> 护航矿车@[127, 105]
[17:23:40] t=2443 RETREAT HTNK(31%)
[17:23:40] {"kind": "action", "what": "attack_move", "name": null, "qty": null, "tid": null, "ts": "17:23:40"}
[17:23:40] {"kind": "action", "what": "move", "name": null, "qty": null, "tid": null, "ts": "17:23:40"}
[17:23:42] t=2443 jev VEH HARV HOLD (预算保护 cash=326 aav帽=ok aav=4)
[17:23:44] t=2446 jev VEH HARV HOLD (预算保护 cash=326 aav帽=ok aav=4)
[17:23:44] t=2446 MOVE t=2446 SIEGE 清建筑 x16 -> #1218@(75,115); hold_b x2 -> (126,75); aahunt x2 -> (125,84)
[17:23:44] {"kind": "action", "what": "attack_move", "name": null, "qty": null, "tid": null, "ts": "17:23:44"}
[17:23:44] {"kind": "action", "what": "attack_move", "name": null, "qty": null, "tid": null, "ts": "17:23:44"}
[17:23:46] t=2449 jev VEH HARV HOLD (预算保护 cash=326 aav帽=ok aav=4)
[17:23:48] t=2452 jev VEH HARV HOLD (预算保护 cash=326 aav帽=ok aav=4)
[17:23:50] t=2454 jev VEH HTNK HOLD (预算保护 cash=326 aav帽=ok aav=4)
[17:23:50] t=2454 MOVE assault x16 -> 攻击目标#1218@(75,115); t=2454 SIEGE 清建筑 x16 -> #1218@(75,115)
[17:23:50] {"kind": "action", "what": "attack_obj", "name": null, "qty": null, "tid": 1218, "ts": "17:23:50"}
[17:23:52] t=2457 jev VEH HARV HOLD (预算保护 cash=326 aav帽=ok aav=4)
[17:23:54] t=2460 jev VEH HARV HOLD (预算保护 cash=326 aav帽=ok aav=4)
[17:23:54] t=2460 MOVE raid x2 -> (81,118); t=2460 SIEGE 清建筑 x16 -> #1218@(75,115)
[17:23:54] {"kind": "action", "what": "attack_move", "name": null, "qty": null, "tid": null, "ts": "17:23:54"}
[17:23:56] t=2463 jev VEH HARV HOLD (预算保护 cash=326 aav帽=ok aav=4)
[17:23:58] t=2465 jev VEH HARV HOLD (预算保护 cash=326 aav帽=ok aav=4)
[17:24:00] t=2468 jev VEH HTNK HOLD (预算保护 cash=326 aav帽=ok aav=4)
[17:24:02] t=2471 jev VEH HARV HOLD (预算保护 cash=326 aav帽=ok aav=4)
[17:24:02] t=2471 MOVE assault x16 -> 攻击目标#1218@(75,115); t=2471 SIEGE 清建筑 x16 -> #1218@(75,115)
[17:24:02] {"kind": "action", "what": "attack_obj", "name": null, "qty": null, "tid": 1218, "ts": "17:24:02"}
[17:24:02] t=2471 tick#975 credits=326 stance=attack | jev 975 decisions p50=1764ms
[17:24:04] t=2474 jev VEH HARV HOLD (预算保护 cash=326 aav帽=ok aav=4)
[17:24:04] t=2474 MOVE t=2474 SIEGE 清建筑 x16 -> #1218@(75,115); hold_a x2 -> (133,86)
[17:24:04] {"kind": "action", "what": "attack_move", "name": null, "qty": null, "tid": null, "ts": "17:24:04"}
[17:24:06] t=2476 jev VEH HARV HOLD (预算保护 cash=326 aav帽=ok aav=4)
[17:24:08] t=2479 jev VEH HARV HOLD (预算保护 cash=326 aav帽=ok aav=4)
[17:24:10] t=2482 jev VEH HARV HOLD (预算保护 cash=326 aav帽=ok aav=4)
[17:24:10] t=2484 ESCORT 坦克#2869 -> 护航矿车@[117, 135]
[17:24:11] {"kind": "action", "what": "attack_move", "name": null, "qty": null, "tid": null, "ts": "17:24:11"}
[17:24:12] t=2484 jev VEH HARV HOLD (预算保护 cash=326 aav帽=ok aav=4)
[17:24:14] t=2487 jev VEH HARV HOLD (预算保护 cash=326 aav帽=ok aav=4)
[17:24:14] t=2487 MOVE raid x2 -> (81,118); assault x16 -> 攻击目标#1218@(75,115); t=2487 SIEGE 清建筑 x16 -> #1218@(75,115); aahunt x2 -> (125,84)
[17:24:14] {"kind": "action", "what": "attack_move", "name": null, "qty": null, "tid": null, "ts": "17:24:14"}
[17:24:14] {"kind": "action", "what": "attack_obj", "name": null, "qty": null, "tid": 1218, "ts": "17:24:14"}
[17:24:14] {"kind": "action", "what": "attack_move", "name": null, "qty": null, "tid": null, "ts": "17:24:14"}
[17:24:16] t=2490 jev VEH HARV HOLD (预算保护 cash=326 aav帽=ok aav=4)
[17:24:18] t=2493 jev VEH HARV HOLD (预算保护 cash=326 aav帽=ok aav=4)
[17:24:20] t=2495 jev VEH HARV HOLD (预算保护 cash=326 aav帽=ok aav=4)
[17:24:22] t=2498 jev VEH HARV HOLD (预算保护 cash=626 aav帽=ok aav=4)
[17:24:23] t=2501 TANK HTNK x1
[17:24:23] {"kind": "action", "what": "produce", "name": "HTNK", "qty": 1, "tid": null, "ts": "17:24:23"}
[17:24:27] t=2503 MOVE assault x16 -> 攻击目标#1218@(75,115); t=2503 SIEGE 清建筑 x16 -> #1218@(75,115)
[17:24:27] {"kind": "action", "what": "attack_obj", "name": null, "qty": null, "tid": 1218, "ts": "17:24:27"}
[17:24:31] t=2509 jev VEH HARV HOLD (预算保护 cash=26 aav帽=ok aav=4)
[17:24:33] t=2512 jev VEH HARV HOLD (预算保护 cash=26 aav帽=ok aav=4)
[17:24:35] t=2514 jev VEH HARV HOLD (预算保护 cash=26 aav帽=ok aav=4)
[17:24:35] t=2514 MOVE raid x2 -> (81,118); t=2514 SIEGE 清建筑 x17 -> #1218@(75,115)
[17:24:35] {"kind": "action", "what": "attack_move", "name": null, "qty": null, "tid": null, "ts": "17:24:35"}
[17:24:37] t=2517 jev VEH HARV HOLD (预算保护 cash=26 aav帽=ok aav=4)
[17:24:39] t=2520 jev VEH HARV HOLD (预算保护 cash=26 aav帽=ok aav=4)
[17:24:39] t=2520 MOVE assault x17 -> 攻击目标#1218@(75,115); t=2520 SIEGE 清建筑 x17 -> #1218@(75,115)
[17:24:39] {"kind": "action", "what": "attack_obj", "name": null, "qty": null, "tid": 1218, "ts": "17:24:39"}
[17:24:41] t=2522 jev VEH HARV HOLD (预算保护 cash=26 aav帽=ok aav=4)
[17:24:41] t=2525 ESCORT 坦克#2900 -> 护航矿车@[128, 104]
[17:24:41] {"kind": "action", "what": "attack_move", "name": null, "qty": null, "tid": null, "ts": "17:24:41"}
[17:24:43] t=2525 jev VEH HARV HOLD (预算保护 cash=26 aav帽=ok aav=4)
[17:24:45] t=2528 jev VEH HARV HOLD (预算保护 cash=26 aav帽=ok aav=4)
[17:24:45] t=2528 MOVE t=2528 SIEGE 清建筑 x17 -> #1218@(75,115); hold_b x2 -> (126,75); aahunt x2 -> (125,84)
[17:24:45] {"kind": "action", "what": "attack_move", "name": null, "qty": null, "tid": null, "ts": "17:24:45"}
[17:24:45] {"kind": "action", "what": "attack_move", "name": null, "qty": null, "tid": null, "ts": "17:24:45"}
[17:24:47] t=2531 jev VEH HARV HOLD (预算保护 cash=26 aav帽=ok aav=4)
[17:24:49] t=2533 jev VEH HARV HOLD (预算保护 cash=26 aav帽=ok aav=4)
[17:24:51] t=2536 jev VEH HARV HOLD (预算保护 cash=26 aav帽=ok aav=4)
[17:24:51] t=2536 MOVE assault x17 -> 攻击目标#1218@(75,115); t=2536 SIEGE 清建筑 x17 -> #1218@(75,115)
[17:24:51] {"kind": "action", "what": "attack_obj", "name": null, "qty": null, "tid": 1218, "ts": "17:24:51"}
[17:24:53] t=2539 jev VEH HARV HOLD (预算保护 cash=26 aav帽=ok aav=4)
[17:24:53] t=2539 tick#1000 credits=26 stance=attack | jev 1000 decisions p50=1759ms
[17:24:55] t=2541 jev VEH HARV HOLD (预算保护 cash=26 aav帽=ok aav=4)
[17:24:55] t=2541 MOVE raid x2 -> (81,118); t=2541 SIEGE 清建筑 x17 -> #1218@(75,115)
[17:24:55] {"kind": "action", "what": "attack_move", "name": null, "qty": null, "tid": null, "ts": "17:24:55"}
[17:24:57] t=2544 jev VEH HARV HOLD (预算保护 cash=26 aav帽=ok aav=4)
[17:24:59] t=2547 jev VEH HARV HOLD (预算保护 cash=26 aav帽=ok aav=4)
[17:25:01] t=2549 jev VEH HARV HOLD (预算保护 cash=26 aav帽=ok aav=4)
[17:25:03] t=2552 jev VEH HARV HOLD (预算保护 cash=26 aav帽=ok aav=4)
[17:25:03] t=2552 MOVE assault x17 -> 攻击目标#1218@(75,115); t=2552 SIEGE 清建筑 x17 -> #1218@(75,115)
[17:25:03] {"kind": "action", "what": "attack_obj", "name": null, "qty": null, "tid": 1218, "ts": "17:25:03"}
[17:25:05] t=2555 jev VEH HARV HOLD (预算保护 cash=26 aav帽=ok aav=4)
[17:25:05] t=2555 MOVE t=2555 SIEGE 清建筑 x17 -> #1218@(75,115); hold_a x2 -> (133,86)
[17:25:05] {"kind": "action", "what": "attack_move", "name": null, "qty": null, "tid": null, "ts": "17:25:05"}
[17:25:07] t=2557 jev VEH HARV HOLD (预算保护 cash=26 aav帽=ok aav=4)
[17:25:09] t=2560 jev VEH HARV HOLD (预算保护 cash=26 aav帽=ok aav=4)
[17:25:11] t=2563 jev VEH HARV HOLD (预算保护 cash=26 aav帽=ok aav=4)
[17:25:11] t=2565 ESCORT 坦克#2913 -> 护航矿车@[128, 105]
[17:25:11] {"kind": "action", "what": "attack_move", "name": null, "qty": null, "tid": null, "ts": "17:25:11"}
[17:25:13] t=2565 jev VEH HARV HOLD (预算保护 cash=26 aav帽=ok aav=4)
[17:25:15] t=2568 jev VEH HARV HOLD (预算保护 cash=26 aav帽=ok aav=4)
[17:25:15] t=2568 MOVE raid x2 -> (81,118); assault x17 -> 攻击目标#1218@(75,115); t=2568 SIEGE 清建筑 x17 -> #1218@(75,115); aahunt x2 -> (125,84)
[17:25:15] {"kind": "action", "what": "attack_move", "name": null, "qty": null, "tid": null, "ts": "17:25:15"}
[17:25:15] {"kind": "action", "what": "attack_obj", "name": null, "qty": null, "tid": 1218, "ts": "17:25:15"}
[17:25:15] {"kind": "action", "what": "attack_move", "name": null, "qty": null, "tid": null, "ts": "17:25:15"}
[17:25:17] t=2571 jev VEH HARV HOLD (预算保护 cash=26 aav帽=ok aav=4)
[17:25:19] t=2574 jev VEH HARV HOLD (预算保护 cash=26 aav帽=ok aav=4)
[17:25:21] t=2576 jev VEH HARV HOLD (预算保护 cash=251 aav帽=ok aav=4)
[17:25:21] t=2579 RETREAT HTNK(30%)
[17:25:21] {"kind": "action", "what": "move", "name": null, "qty": null, "tid": null, "ts": "17:25:21"}
[17:25:23] t=2579 jev VEH HARV HOLD (预算保护 cash=251 aav帽=ok aav=4)
[17:25:25] t=2582 jev VEH HARV HOLD (预算保护 cash=251 aav帽=ok aav=4)
[17:25:27] t=2584 jev VEH HARV HOLD (预算保护 cash=251 aav帽=ok aav=4)
[17:25:27] t=2584 MOVE assault x17 -> 攻击目标#1218@(75,115); t=2584 SIEGE 清建筑 x17 -> #1218@(75,115)
[17:25:27] {"kind": "action", "what": "attack_obj", "name": null, "qty": null, "tid": 1218, "ts": "17:25:27"}
[17:25:29] t=2587 jev VEH HARV HOLD (预算保护 cash=251 aav帽=ok aav=4)
[17:25:31] t=2590 jev VEH HARV HOLD (预算保护 cash=251 aav帽=ok aav=4)
[17:25:31] t=2590 MOVE t=2590 GHOST detected #1218@[75, 115] (集火150gs不倒, 拉黑); assault x17 -> 攻击目标#1720@(71,110); t=2590 SIEGE 清建筑 x17 -> #1720@(71,110)
[17:25:31] {"kind": "action", "what": "attack_obj", "name": null, "qty": null, "tid": 1720, "ts": "17:25:31"}
[17:25:33] t=2593 jev VEH HTNK HOLD (预算保护 cash=251 aav帽=ok aav=4)
[17:25:36] t=2595 jev VEH HARV HOLD (预算保护 cash=251 aav帽=ok aav=4)
[17:25:36] t=2595 MOVE raid x2 -> (81,118); t=2595 SIEGE 清建筑 x17 -> #1720@(71,110)
[17:25:36] {"kind": "action", "what": "attack_move", "name": null, "qty": null, "tid": null, "ts": "17:25:36"}
[17:25:38] t=2598 jev VEH HARV HOLD (预算保护 cash=251 aav帽=ok aav=4)
[17:25:40] t=2601 jev VEH HARV HOLD (预算保护 cash=251 aav帽=ok aav=4)
[17:25:42] t=2604 jev VEH HARV HOLD (预算保护 cash=251 aav帽=ok aav=4)
[17:25:42] t=2606 TANK HTNK x2
[17:25:42] t=2606 DEBT-GATE HTNK x2 (debt=0 eff=1376 < 1800)
[17:25:44] t=2606 jev VEH HARV HOLD (预算保护 cash=1376 aav帽=ok aav=4)
[17:25:44] t=2606 MOVE assault x17 -> 攻击目标#1720@(71,110); t=2606 SIEGE 清建筑 x17 -> #1720@(71,110)
[17:25:44] {"kind": "action", "what": "attack_obj", "name": null, "qty": null, "tid": 1720, "ts": "17:25:44"}
[17:25:44] t=2606 tick#1025 credits=1376 stance=attack | jev 1025 decisions p50=1756ms
[17:25:44] t=2609 TANK HTNK x2
[17:25:44] t=2609 DEBT-GATE HTNK x2 (debt=0 eff=1376 < 1800)
[17:25:46] t=2609 jev VEH HARV HOLD (预算保护 cash=1376 aav帽=ok aav=4)
[17:25:46] t=2609 MOVE t=2609 SIEGE 清建筑 x17 -> #1720@(71,110); hold_b x2 -> (126,75); aahunt x2 -> (125,84)
[17:25:46] {"kind": "action", "what": "attack_move", "name": null, "qty": null, "tid": null, "ts": "17:25:46"}
[17:25:46] {"kind": "action", "what": "attack_move", "name": null, "qty": null, "tid": null, "ts": "17:25:46"}
[17:25:46] t=2612 TANK HTNK x2
[17:25:46] t=2612 DEBT-GATE HTNK x2 (debt=0 eff=1376 < 1800)
[17:25:48] t=2612 jev VEH HARV HOLD (预算保护 cash=1376 aav帽=ok aav=4)
[17:25:48] t=2615 TANK HTNK x2
[17:25:48] t=2615 DEBT-GATE HTNK x2 (debt=0 eff=1376 < 1800)
[17:25:50] t=2615 jev VEH HARV HOLD (预算保护 cash=1376 aav帽=ok aav=4)
[17:25:50] t=2617 TANK HTNK x2
[17:25:50] t=2617 DEBT-GATE HTNK x2 (debt=0 eff=1376 < 1800)
[17:25:52] t=2617 jev VEH HARV HOLD (预算保护 cash=1376 aav帽=ok aav=4)
[17:25:52] t=2620 TANK HTNK x2
[17:25:52] t=2620 DEBT-GATE HTNK x2 (debt=0 eff=1376 < 1800)
[17:25:54] t=2620 jev VEH HARV HOLD (预算保护 cash=1376 aav帽=ok aav=4)
[17:25:54] t=2623 TANK HTNK x2
[17:25:54] {"kind": "action", "what": "produce", "name": "HTNK", "qty": 2, "tid": null, "ts": "17:25:54"}
[17:25:56] t=2623 MOVE raid x2 -> (81,118); assault x17 -> 攻击目标#1720@(71,110); t=2623 SIEGE 清建筑 x17 -> #1720@(71,110)
[17:25:56] {"kind": "action", "what": "attack_move", "name": null, "qty": null, "tid": null, "ts": "17:25:56"}
[17:25:56] {"kind": "action", "what": "attack_obj", "name": null, "qty": null, "tid": 1720, "ts": "17:25:56"}
[17:26:06] t=2636 MOVE t=2636 SIEGE 清建筑 x18 -> #1720@(71,110); hold_a x2 -> (133,86)
[17:26:06] {"kind": "action", "what": "attack_move", "name": null, "qty": null, "tid": null, "ts": "17:26:06"}
[17:26:07] t=2639 ESCORT 坦克#2913 -> 护航矿车@[122, 104]
[17:26:07] {"kind": "action", "what": "attack_move", "name": null, "qty": null, "tid": null, "ts": "17:26:07"}
[17:26:08] t=2639 jev VEH HARV HOLD (预算保护 cash=26 aav帽=ok aav=4)
[17:26:08] t=2639 MOVE assault x19 -> 攻击目标#1720@(71,110); t=2639 SIEGE 清建筑 x19 -> #1720@(71,110)
[17:26:08] {"kind": "action", "what": "attack_obj", "name": null, "qty": null, "tid": 1720, "ts": "17:26:08"}
[17:26:11] t=2642 jev VEH HTNK HOLD (预算保护 cash=26 aav帽=ok aav=4)
[17:26:13] t=2645 jev VEH HARV HOLD (预算保护 cash=26 aav帽=ok aav=4)
[17:26:15] t=2647 jev VEH HTNK HOLD (预算保护 cash=26 aav帽=ok aav=4)
[17:26:17] t=2650 jev VEH HARV HOLD (预算保护 cash=26 aav帽=ok aav=4)
[17:26:17] t=2650 MOVE raid x2 -> (81,118); t=2650 SIEGE 清建筑 x19 -> #1720@(71,110); aahunt x2 -> (125,84)
[17:26:17] {"kind": "action", "what": "attack_move", "name": null, "qty": null, "tid": null, "ts": "17:26:17"}
[17:26:17] {"kind": "action", "what": "attack_move", "name": null, "qty": null, "tid": null, "ts": "17:26:17"}
[17:26:19] t=2653 jev VEH HARV HOLD (预算保护 cash=26 aav帽=ok aav=4)
[17:26:21] t=2656 jev VEH HARV HOLD (预算保护 cash=26 aav帽=ok aav=4)
[17:26:21] t=2656 MOVE assault x19 -> 攻击目标#1720@(71,110); t=2656 SIEGE 清建筑 x19 -> #1720@(71,110)
[17:26:21] {"kind": "action", "what": "attack_obj", "name": null, "qty": null, "tid": 1720, "ts": "17:26:21"}
[17:26:23] t=2658 jev VEH HARV HOLD (预算保护 cash=26 aav帽=ok aav=4)
[17:26:25] t=2661 jev VEH HARV HOLD (预算保护 cash=326 aav帽=ok aav=4)
[17:26:27] t=2664 jev VEH HARV HOLD (预算保护 cash=326 aav帽=ok aav=4)
[17:26:29] t=2667 jev VEH HTNK HOLD (预算保护 cash=326 aav帽=ok aav=4)
[17:26:31] t=2669 jev VEH HARV HOLD (预算保护 cash=326 aav帽=ok aav=4)
[17:26:33] t=2672 jev VEH HARV HOLD (预算保护 cash=326 aav帽=ok aav=4)
[17:26:33] t=2672 MOVE assault x19 -> 攻击目标#1720@(71,110); t=2672 SIEGE 清建筑 x19 -> #1720@(71,110)
[17:26:33] {"kind": "action", "what": "attack_obj", "name": null, "qty": null, "tid": 1720, "ts": "17:26:33"}
[17:26:35] t=2675 jev VEH HARV HOLD (预算保护 cash=326 aav帽=ok aav=4)
[17:26:35] t=2675 tick#1050 credits=326 stance=attack | jev 1050 decisions p50=1753ms
[17:26:37] t=2677 jev VEH HTNK HOLD (预算保护 cash=326 aav帽=ok aav=4)
[17:26:37] t=2677 MOVE raid x2 -> (81,118); t=2677 SIEGE 清建筑 x19 -> #1720@(71,110)
[17:26:37] {"kind": "action", "what": "attack_move", "name": null, "qty": null, "tid": null, "ts": "17:26:37"}
[17:26:37] t=2680 ESCORT 坦克#2900 -> 护航矿车@[126, 105]
[17:26:37] {"kind": "action", "what": "attack_move", "name": null, "qty": null, "tid": null, "ts": "17:26:37"}
[17:26:39] t=2680 jev VEH HTNK HOLD (预算保护 cash=326 aav帽=ok aav=4)
[17:26:41] t=2683 jev VEH HTNK HOLD (预算保护 cash=326 aav帽=ok aav=4)
[17:26:43] t=2686 jev VEH HTNK HOLD (预算保护 cash=326 aav帽=ok aav=4)
[17:26:45] t=2688 jev VEH HTNK HOLD (预算保护 cash=326 aav帽=ok aav=4)
[17:26:45] t=2688 MOVE assault x19 -> 攻击目标#1720@(71,110); t=2688 SIEGE 清建筑 x19 -> #1720@(71,110)
[17:26:45] {"kind": "action", "what": "attack_obj", "name": null, "qty": null, "tid": 1720, "ts": "17:26:45"}
[17:26:47] t=2691 jev VEH HTNK HOLD (预算保护 cash=326 aav帽=ok aav=4)
[17:26:47] t=2691 MOVE t=2691 SIEGE 清建筑 x19 -> #1720@(71,110); hold_b x2 -> (126,75); aahunt x2 -> (125,84)
[17:26:47] {"kind": "action", "what": "attack_move", "name": null, "qty": null, "tid": null, "ts": "17:26:47"}
[17:26:47] {"kind": "action", "what": "attack_move", "name": null, "qty": null, "tid": null, "ts": "17:26:47"}
[17:26:49] t=2694 jev VEH HTNK HOLD (预算保护 cash=326 aav帽=ok aav=4)
[17:26:51] t=2697 jev VEH HTNK HOLD (预算保护 cash=326 aav帽=ok aav=4)
[17:26:53] t=2699 jev VEH HTNK HOLD (预算保护 cash=326 aav帽=ok aav=4)
[17:26:55] t=2702 jev VEH HTNK HOLD (预算保护 cash=326 aav帽=ok aav=4)
[17:26:58] t=2705 jev VEH HTNK HOLD (预算保护 cash=326 aav帽=ok aav=4)
[17:26:58] t=2705 MOVE raid x2 -> (81,118); assault x19 -> 攻击目标#1720@(71,110); t=2705 SIEGE 清建筑 x19 -> #1720@(71,110)
[17:26:58] {"kind": "action", "what": "attack_move", "name": null, "qty": null, "tid": null, "ts": "17:26:58"}
[17:26:58] {"kind": "action", "what": "attack_obj", "name": null, "qty": null, "tid": 1720, "ts": "17:26:58"}
[17:27:00] t=2708 jev VEH HTNK HOLD (预算保护 cash=326 aav帽=ok aav=4)
[17:27:02] t=2710 jev VEH HTNK HOLD (预算保护 cash=326 aav帽=ok aav=4)
[17:27:04] t=2713 jev VEH HTNK HOLD (预算保护 cash=326 aav帽=ok aav=4)
[17:27:06] t=2716 jev VEH HTNK HOLD (预算保护 cash=326 aav帽=ok aav=4)
[17:27:08] t=2719 jev VEH HTNK HOLD (预算保护 cash=326 aav帽=ok aav=4)
[17:27:08] t=2719 MOVE t=2719 SIEGE 清建筑 x19 -> #1720@(71,110); hold_a x2 -> (133,86)
[17:27:08] {"kind": "action", "what": "attack_move", "name": null, "qty": null, "tid": null, "ts": "17:27:08"}
[17:27:08] t=2721 ESCORT 坦克#2869 -> 护航矿车@[119, 134]
[17:27:08] {"kind": "action", "what": "attack_move", "name": null, "qty": null, "tid": null, "ts": "17:27:08"}
[17:27:10] t=2721 jev VEH HTNK HOLD (预算保护 cash=326 aav帽=ok aav=4)
[17:27:10] t=2721 MOVE assault x19 -> 攻击目标#1720@(71,110); t=2721 SIEGE 清建筑 x19 -> #1720@(71,110)
[17:27:10] {"kind": "action", "what": "attack_obj", "name": null, "qty": null, "tid": 1720, "ts": "17:27:10"}
[17:27:12] t=2724 jev VEH HTNK HOLD (预算保护 cash=326 aav帽=ok aav=4)
[17:27:14] t=2727 jev VEH HTNK HOLD (预算保护 cash=326 aav帽=ok aav=4)
[17:27:16] t=2730 jev VEH HTNK HOLD (预算保护 cash=326 aav帽=ok aav=4)
[17:27:18] t=2733 jev VEH HTNK HOLD (预算保护 cash=326 aav帽=ok aav=4)
[17:27:18] t=2733 MOVE raid x2 -> (81,118); t=2733 SIEGE 清建筑 x19 -> #1720@(71,110); aahunt x2 -> (125,84)
[17:27:18] {"kind": "action", "what": "attack_move", "name": null, "qty": null, "tid": null, "ts": "17:27:18"}
[17:27:18] {"kind": "action", "what": "attack_move", "name": null, "qty": null, "tid": null, "ts": "17:27:18"}
[17:27:20] t=2735 jev VEH HTNK HOLD (预算保护 cash=326 aav帽=ok aav=4)
[17:27:22] t=2738 jev VEH HARV HOLD (预算保护 cash=326 aav帽=ok aav=4)
[17:27:22] t=2738 MOVE assault x19 -> 攻击目标#1720@(71,110); t=2738 SIEGE 清建筑 x19 -> #1720@(71,110)
[17:27:23] {"kind": "action", "what": "attack_obj", "name": null, "qty": null, "tid": 1720, "ts": "17:27:23"}
[17:27:25] t=2741 jev VEH HTNK HOLD (预算保护 cash=326 aav帽=ok aav=4)
[17:27:25] t=2741 MOVE t=2741 GHOST detected #1720@[71, 110] (集火150gs不倒, 拉黑); assault x19 -> 攻击目标#1062@(75,118); t=2741 SIEGE 清建筑 x19 -> #1062@(75,118)
[17:27:25] {"kind": "action", "what": "attack_obj", "name": null, "qty": null, "tid": 1062, "ts": "17:27:25"}
[17:27:25] t=2744 RETREAT HTNK(31%)
[17:27:25] {"kind": "action", "what": "move", "name": null, "qty": null, "tid": null, "ts": "17:27:25"}
[17:27:27] t=2744 jev VEH HTNK HOLD (预算保护 cash=326 aav帽=ok aav=4)
[17:27:27] t=2744 tick#1075 credits=326 stance=attack | jev 1075 decisions p50=1751ms
[17:27:29] t=2746 jev VEH HARV HOLD (预算保护 cash=701 aav帽=ok aav=4)
[17:27:29] t=2749 TANK HTNK x1
[17:27:29] {"kind": "action", "what": "produce", "name": "HTNK", "qty": 1, "tid": null, "ts": "17:27:29"}
[17:27:37] t=2758 jev VEH HARV HOLD (预算保护 cash=101 aav帽=ok aav=4)
[17:27:37] t=2758 MOVE assault x20 -> 攻击目标#1062@(75,118); t=2758 SIEGE 清建筑 x20 -> #1062@(75,118)
[17:27:37] {"kind": "action", "what": "attack_obj", "name": null, "qty": null, "tid": 1062, "ts": "17:27:37"}
[17:27:39] t=2760 jev VEH HARV HOLD (预算保护 cash=101 aav帽=ok aav=4)
[17:27:39] t=2760 MOVE raid x2 -> (81,118); t=2760 SIEGE 清建筑 x20 -> #1062@(75,118)
[17:27:39] {"kind": "action", "what": "attack_move", "name": null, "qty": null, "tid": null, "ts": "17:27:39"}
[17:27:40] t=2763 ESCORT 坦克#2869 -> 护航矿车@[117, 133]
[17:27:40] {"kind": "action", "what": "attack_move", "name": null, "qty": null, "tid": null, "ts": "17:27:40"}
[17:27:41] t=2763 jev VEH HARV HOLD (预算保护 cash=101 aav帽=ok aav=4)
[17:27:43] t=2766 jev VEH HARV HOLD (预算保护 cash=101 aav帽=ok aav=4)
[17:27:45] t=2769 jev VEH HARV HOLD (预算保护 cash=101 aav帽=ok aav=4)
[17:27:47] t=2771 jev VEH HARV HOLD (预算保护 cash=101 aav帽=ok aav=4)
[17:27:47] t=2771 MOVE t=2771 SIEGE 清建筑 x20 -> #1062@(75,118); hold_b x2 -> (126,75)
[17:27:47] {"kind": "action", "what": "attack_move", "name": null, "qty": null, "tid": null, "ts": "17:27:47"}
[17:27:49] t=2774 jev VEH HARV HOLD (预算保护 cash=101 aav帽=ok aav=4)
[17:27:49] t=2774 MOVE assault x20 -> 攻击目标#1062@(75,118); t=2774 SIEGE 清建筑 x20 -> #1062@(75,118); aahunt x2 -> (125,84)
[17:27:49] {"kind": "action", "what": "attack_obj", "name": null, "qty": null, "tid": 1062, "ts": "17:27:49"}
[17:27:50] {"kind": "action", "what": "attack_move", "name": null, "qty": null, "tid": null, "ts": "17:27:50"}
[17:27:52] t=2777 jev VEH HARV HOLD (预算保护 cash=101 aav帽=ok aav=4)
[17:27:54] t=2779 jev VEH HTNK HOLD (预算保护 cash=101 aav帽=ok aav=4)
[17:27:56] t=2782 jev VEH HARV HOLD (预算保护 cash=101 aav帽=ok aav=4)
[17:27:58] t=2785 jev VEH HARV HOLD (预算保护 cash=101 aav帽=ok aav=4)
[17:28:00] t=2788 jev VEH HARV HOLD (预算保护 cash=101 aav帽=ok aav=4)
[17:28:00] t=2788 MOVE raid x2 -> (81,118); t=2788 SIEGE 清建筑 x20 -> #1062@(75,118)
[17:28:00] {"kind": "action", "what": "attack_move", "name": null, "qty": null, "tid": null, "ts": "17:28:00"}
[17:28:02] t=2790 jev VEH HARV HOLD (预算保护 cash=101 aav帽=ok aav=4)
[17:28:02] t=2790 MOVE assault x20 -> 攻击目标#1062@(75,118); t=2790 SIEGE 清建筑 x20 -> #1062@(75,118)
[17:28:02] {"kind": "action", "what": "attack_obj", "name": null, "qty": null, "tid": 1062, "ts": "17:28:02"}
[17:28:04] t=2793 jev VEH HARV HOLD (预算保护 cash=101 aav帽=ok aav=4)
[17:28:06] t=2796 jev VEH HARV HOLD (预算保护 cash=101 aav帽=ok aav=4)
[17:28:08] t=2798 jev VEH HARV HOLD (预算保护 cash=101 aav帽=ok aav=4)
[17:28:10] t=2801 jev VEH DRON HOLD (预算保护 cash=101 aav帽=ok aav=4)
[17:28:10] t=2801 MOVE t=2801 SIEGE 清建筑 x20 -> #1062@(75,118); hold_a x2 -> (133,86)
[17:28:10] {"kind": "action", "what": "attack_move", "name": null, "qty": null, "tid": null, "ts": "17:28:10"}
[17:28:10] t=2804 ESCORT 坦克#2949 -> 护航矿车@[126, 105]
[17:28:10] {"kind": "action", "what": "attack_move", "name": null, "qty": null, "tid": null, "ts": "17:28:10"}
[17:28:12] t=2804 jev VEH HARV HOLD (预算保护 cash=101 aav帽=ok aav=4)
[17:28:14] t=2806 jev VEH HARV HOLD (预算保护 cash=101 aav帽=ok aav=4)
[17:28:14] t=2806 MOVE assault x20 -> 攻击目标#1062@(75,118); t=2806 SIEGE 清建筑 x20 -> #1062@(75,118)
[17:28:14] {"kind": "action", "what": "attack_obj", "name": null, "qty": null, "tid": 1062, "ts": "17:28:14"}
[17:28:16] t=2809 jev VEH DRON HOLD (预算保护 cash=101 aav帽=ok aav=4)
[17:28:18] t=2812 jev VEH HARV HOLD (预算保护 cash=101 aav帽=ok aav=4)
[17:28:18] t=2812 tick#1100 credits=101 stance=attack | jev 1100 decisions p50=1749ms
[17:28:20] t=2815 jev VEH HARV HOLD (预算保护 cash=101 aav帽=ok aav=4)
[17:28:20] t=2815 MOVE raid x2 -> (81,118); t=2815 SIEGE 清建筑 x20 -> #1062@(75,118); aahunt x2 -> (125,84)
[17:28:20] {"kind": "action", "what": "attack_move", "name": null, "qty": null, "tid": null, "ts": "17:28:20"}
[17:28:20] {"kind": "action", "what": "attack_move", "name": null, "qty": null, "tid": null, "ts": "17:28:20"}
[17:28:22] t=2817 jev VEH HARV HOLD (预算保护 cash=101 aav帽=ok aav=4)
[17:28:24] t=2820 jev VEH HARV HOLD (预算保护 cash=101 aav帽=ok aav=4)
[17:28:26] t=2823 jev VEH HARV HOLD (预算保护 cash=101 aav帽=ok aav=4)
[17:28:26] t=2823 MOVE assault x20 -> 攻击目标#1062@(75,118); t=2823 SIEGE 清建筑 x20 -> #1062@(75,118)
[17:28:26] {"kind": "action", "what": "attack_obj", "name": null, "qty": null, "tid": 1062, "ts": "17:28:26"}
[17:28:28] t=2826 jev VEH HARV HOLD (预算保护 cash=101 aav帽=ok aav=4)
[17:28:28] t=2828 TANK HTNK x2
[17:28:28] t=2828 DEBT-GATE HTNK x2 (debt=0 eff=1226 < 1800)
[17:28:30] t=2828 jev VEH HARV HOLD (预算保护 cash=1226 aav帽=ok aav=4)
[17:28:30] t=2831 TANK HTNK x2
[17:28:30] t=2831 DEBT-GATE HTNK x2 (debt=0 eff=1226 < 1800)
[17:28:32] t=2831 jev VEH HARV HOLD (预算保护 cash=1226 aav帽=ok aav=4)
[17:28:32] t=2834 TANK HTNK x2
[17:28:32] t=2834 DEBT-GATE HTNK x2 (debt=0 eff=1226 < 1800)
[17:28:34] t=2834 jev VEH HARV HOLD (预算保护 cash=1226 aav帽=ok aav=4)
[17:28:34] t=2836 TANK HTNK x2
[17:28:34] t=2836 DEBT-GATE HTNK x2 (debt=0 eff=1226 < 1800)
[17:28:36] t=2836 jev VEH HARV HOLD (预算保护 cash=1226 aav帽=ok aav=4)
[17:28:36] t=2839 TANK HTNK x2
[17:28:36] t=2839 DEBT-GATE HTNK x2 (debt=0 eff=1226 < 1800)
[17:28:38] t=2839 jev VEH HARV HOLD (预算保护 cash=1226 aav帽=ok aav=4)
[17:28:38] t=2839 MOVE assault x20 -> 攻击目标#1062@(75,118); t=2839 SIEGE 清建筑 x20 -> #1062@(75,118)
[17:28:38] {"kind": "action", "what": "attack_obj", "name": null, "qty": null, "tid": 1062, "ts": "17:28:38"}
[17:28:39] t=2842 TANK HTNK x2
[17:28:39] t=2842 DEBT-GATE HTNK x2 (debt=0 eff=1226 < 1800)
[17:28:40] t=2842 jev VEH HARV HOLD (预算保护 cash=1226 aav帽=ok aav=4)
[17:28:40] t=2842 MOVE raid x2 -> (81,118); t=2842 SIEGE 清建筑 x20 -> #1062@(75,118)
[17:28:40] {"kind": "action", "what": "attack_move", "name": null, "qty": null, "tid": null, "ts": "17:28:40"}
[17:28:41] t=2845 TANK HTNK x2
[17:28:41] t=2845 DEBT-GATE HTNK x2 (debt=0 eff=1226 < 1800)
[17:28:42] t=2845 jev VEH HARV HOLD (预算保护 cash=1226 aav帽=ok aav=4)
[17:28:43] t=2847 TANK HTNK x2
[17:28:43] t=2847 ESCORT 坦克#2949 -> 护航矿车@[122, 101]
[17:28:43] t=2847 DEBT-GATE HTNK x2 (debt=0 eff=1226 < 1800)
[17:28:43] {"kind": "action", "what": "attack_move", "name": null, "qty": null, "tid": null, "ts": "17:28:43"}
[17:28:44] t=2847 jev VEH HARV HOLD (预算保护 cash=1226 aav帽=ok aav=4)
[17:28:45] t=2850 TANK HTNK x2
[17:28:45] t=2850 DEBT-GATE HTNK x2 (debt=0 eff=1226 < 1800)
[17:28:46] t=2850 jev VEH HARV HOLD (预算保护 cash=1226 aav帽=ok aav=4)
[17:28:47] t=2853 TANK HTNK x2
[17:28:47] t=2853 DEBT-GATE HTNK x2 (debt=0 eff=1226 < 1800)
[17:28:48] t=2853 jev VEH HARV HOLD (预算保护 cash=1226 aav帽=ok aav=4)
[17:28:48] t=2853 MOVE t=2853 SIEGE 清建筑 x20 -> #1062@(75,118); hold_b x2 -> (126,75)
[17:28:48] {"kind": "action", "what": "attack_move", "name": null, "qty": null, "tid": null, "ts": "17:28:48"}
[17:28:49] t=2855 TANK HTNK x2
[17:28:49] t=2855 DEBT-GATE HTNK x2 (debt=0 eff=1526 < 1800)
[17:28:50] t=2855 jev VEH HARV HOLD (预算保护 cash=1526 aav帽=ok aav=4)
[17:28:50] t=2855 MOVE assault x20 -> 攻击目标#1062@(75,118); t=2855 SIEGE 清建筑 x20 -> #1062@(75,118); aahunt x2 -> (125,84)
[17:28:50] {"kind": "action", "what": "attack_obj", "name": null, "qty": null, "tid": 1062, "ts": "17:28:50"}
[17:28:51] {"kind": "action", "what": "attack_move", "name": null, "qty": null, "tid": null, "ts": "17:28:51"}
[17:28:51] t=2858 TANK HTNK x2
[17:28:51] t=2858 DEBT-GATE HTNK x2 (debt=0 eff=1526 < 1800)
[17:28:53] t=2858 jev VEH HARV HOLD (预算保护 cash=1526 aav帽=ok aav=4)
[17:28:53] t=2861 TANK HTNK x2
[17:28:53] t=2861 DEBT-GATE HTNK x2 (debt=0 eff=1526 < 1800)
[17:28:55] t=2861 jev VEH HARV HOLD (预算保护 cash=1526 aav帽=ok aav=4)
[17:28:55] t=2864 TANK HTNK x2
[17:28:55] t=2864 DEBT-GATE HTNK x2 (debt=0 eff=1526 < 1800)
[17:28:57] t=2864 jev VEH HARV HOLD (预算保护 cash=1526 aav帽=ok aav=4)
[17:28:57] t=2866 TANK HTNK x2
[17:28:57] t=2866 DEBT-GATE HTNK x2 (debt=0 eff=1526 < 1800)
[17:28:59] t=2866 jev VEH HARV HOLD (预算保护 cash=1526 aav帽=ok aav=4)
[17:28:59] t=2869 TANK HTNK x2
[17:28:59] t=2869 DEBT-GATE HTNK x2 (debt=0 eff=1526 < 1800)
[17:29:01] t=2869 jev VEH HARV HOLD (预算保护 cash=1526 aav帽=ok aav=4)
[17:29:01] t=2869 MOVE raid x2 -> (81,118); t=2869 SIEGE 清建筑 x20 -> #1062@(75,118)
[17:29:01] {"kind": "action", "what": "attack_move", "name": null, "qty": null, "tid": null, "ts": "17:29:01"}
[17:29:01] t=2872 TANK HTNK x2
[17:29:01] t=2872 DEBT-GATE HTNK x2 (debt=0 eff=1526 < 1800)
[17:29:03] t=2872 jev VEH HARV HOLD (预算保护 cash=1526 aav帽=ok aav=4)
[17:29:03] t=2872 MOVE assault x20 -> 攻击目标#1062@(75,118); t=2872 SIEGE 清建筑 x20 -> #1062@(75,118)
[17:29:03] {"kind": "action", "what": "attack_obj", "name": null, "qty": null, "tid": 1062, "ts": "17:29:03"}
[17:29:03] t=2874 TANK HTNK x2
[17:29:03] {"kind": "action", "what": "produce", "name": "HTNK", "qty": 2, "tid": null, "ts": "17:29:03"}
[17:29:07] t=2880 RETREAT HTNK(30%)
[17:29:07] {"kind": "action", "what": "move", "name": null, "qty": null, "tid": null, "ts": "17:29:07"}
[17:29:09] t=2880 tick#1125 credits=1293 stance=attack | jev 1125 decisions p50=1748ms
[17:29:11] t=2883 MOVE t=2883 SIEGE 清建筑 x21 -> #1062@(75,118); hold_a x2 -> (133,86)
[17:29:11] {"kind": "action", "what": "attack_move", "name": null, "qty": null, "tid": null, "ts": "17:29:11"}
[17:29:13] t=2888 ESCORT 坦克#2869 -> 护航矿车@[117, 135]
[17:29:13] {"kind": "action", "what": "attack_move", "name": null, "qty": null, "tid": null, "ts": "17:29:13"}
[17:29:15] t=2888 MOVE assault x21 -> 攻击目标#1062@(75,118); t=2888 SIEGE 清建筑 x21 -> #1062@(75,118)
[17:29:15] {"kind": "action", "what": "attack_obj", "name": null, "qty": null, "tid": 1062, "ts": "17:29:15"}
[17:29:17] t=2891 jev VEH HARV HOLD (预算保护 cash=176 aav帽=ok aav=4)
[17:29:19] t=2894 jev VEH HARV HOLD (预算保护 cash=176 aav帽=ok aav=4)
[17:29:19] t=2894 MOVE t=2894 GHOST detected #1062@[75, 118] (集火150gs不倒, 拉黑); assault x22 -> 攻击目标#1046@(71,114); t=2894 SIEGE 清建筑 x22 -> #1046@(71,114)
[17:29:19] {"kind": "action", "what": "attack_obj", "name": null, "qty": null, "tid": 1046, "ts": "17:29:19"}
[17:29:21] t=2897 jev VEH HARV HOLD (预算保护 cash=176 aav帽=ok aav=4)
[17:29:21] t=2897 MOVE raid x2 -> (81,118); t=2897 SIEGE 清建筑 x22 -> #1046@(71,114); aahunt x2 -> (125,84)
[17:29:21] {"kind": "action", "what": "attack_move", "name": null, "qty": null, "tid": null, "ts": "17:29:21"}
[17:29:21] {"kind": "action", "what": "attack_move", "name": null, "qty": null, "tid": null, "ts": "17:29:21"}
[17:29:23] t=2899 jev VEH HARV HOLD (预算保护 cash=176 aav帽=ok aav=4)
[17:29:25] t=2902 jev VEH HARV HOLD (预算保护 cash=176 aav帽=ok aav=4)
[17:29:28] t=2905 jev VEH DRON HOLD (预算保护 cash=176 aav帽=ok aav=4)
[17:29:30] t=2907 jev VEH HARV HOLD (预算保护 cash=176 aav帽=ok aav=4)
[17:29:32] t=2910 jev VEH HARV HOLD (预算保护 cash=176 aav帽=ok aav=4)
[17:29:32] t=2910 MOVE assault x22 -> 攻击目标#1046@(71,114); t=2910 SIEGE 清建筑 x22 -> #1046@(71,114)
[17:29:32] {"kind": "action", "what": "attack_obj", "name": null, "qty": null, "tid": 1046, "ts": "17:29:32"}
[17:29:34] t=2913 jev VEH HTNK HOLD (预算保护 cash=176 aav帽=ok aav=4)
[17:29:36] t=2916 jev VEH HARV HOLD (预算保护 cash=176 aav帽=ok aav=4)
[17:29:38] t=2918 jev VEH HARV HOLD (预算保护 cash=176 aav帽=ok aav=4)
[17:29:40] t=2921 jev VEH HARV HOLD (预算保护 cash=176 aav帽=ok aav=4)
[17:29:42] t=2924 jev VEH HARV HOLD (预算保护 cash=176 aav帽=ok aav=4)
[17:29:42] t=2924 MOVE raid x2 -> (81,118); t=2924 SIEGE 清建筑 x22 -> #1046@(71,114)
[17:29:42] {"kind": "action", "what": "attack_move", "name": null, "qty": null, "tid": null, "ts": "17:29:42"}
[17:29:44] t=2926 jev VEH HARV HOLD (预算保护 cash=176 aav帽=ok aav=4)
[17:29:44] t=2926 MOVE assault x22 -> 攻击目标#1046@(71,114); t=2926 SIEGE 清建筑 x22 -> #1046@(71,114)
[17:29:44] {"kind": "action", "what": "attack_obj", "name": null, "qty": null, "tid": 1046, "ts": "17:29:44"}
[17:29:44] t=2929 ESCORT 坦克#2966 -> 护航矿车@[128, 105]
[17:29:44] {"kind": "action", "what": "attack_move", "name": null, "qty": null, "tid": null, "ts": "17:29:44"}
[17:29:46] t=2929 jev VEH HARV HOLD (预算保护 cash=176 aav帽=ok aav=4)
[17:29:48] t=2932 jev VEH HARV HOLD (预算保护 cash=176 aav帽=ok aav=4)
[17:29:50] t=2935 jev VEH HARV HOLD (预算保护 cash=176 aav帽=ok aav=4)
[17:29:50] t=2935 MOVE t=2935 SIEGE 清建筑 x22 -> #1046@(71,114); hold_b x2 -> (126,75)
[17:29:50] {"kind": "action", "what": "attack_move", "name": null, "qty": null, "tid": null, "ts": "17:29:50"}
[17:29:52] t=2937 jev VEH HARV HOLD (预算保护 cash=176 aav帽=ok aav=4)
[17:29:52] t=2937 MOVE t=2937 SIEGE 清建筑 x22 -> #1046@(71,114); aahunt x2 -> (125,84)
[17:29:52] {"kind": "action", "what": "attack_move", "name": null, "qty": null, "tid": null, "ts": "17:29:52"}
[17:29:54] t=2940 jev VEH HARV HOLD (预算保护 cash=176 aav帽=ok aav=4)
[17:29:56] t=2943 jev VEH HARV HOLD (预算保护 cash=176 aav帽=ok aav=4)
[17:29:56] t=2943 MOVE assault x22 -> 攻击目标#1046@(71,114); t=2943 SIEGE 清建筑 x22 -> #1046@(71,114)
[17:29:56] {"kind": "action", "what": "attack_obj", "name": null, "qty": null, "tid": 1046, "ts": "17:29:56"}
[17:29:58] t=2946 jev VEH HARV HOLD (预算保护 cash=176 aav帽=ok aav=4)
[17:30:00] t=2948 jev VEH HARV HOLD (预算保护 cash=176 aav帽=ok aav=4)
[17:30:00] t=2948 tick#1150 credits=176 stance=attack | jev 1150 decisions p50=1746ms
[17:30:02] t=2951 jev VEH HARV HOLD (预算保护 cash=176 aav帽=ok aav=4)
[17:30:02] t=2951 MOVE raid x2 -> (81,118); t=2951 SIEGE 清建筑 x22 -> #1046@(71,114)
[17:30:02] {"kind": "action", "what": "attack_move", "name": null, "qty": null, "tid": null, "ts": "17:30:02"}
[17:30:04] t=2954 jev VEH HARV HOLD (预算保护 cash=551 aav帽=ok aav=4)
[17:30:06] t=2956 jev VEH HARV HOLD (预算保护 cash=551 aav帽=ok aav=4)
[17:30:08] t=2959 jev VEH HARV HOLD (预算保护 cash=551 aav帽=ok aav=4)
[17:30:08] t=2959 MOVE assault x22 -> 攻击目标#1046@(71,114); t=2959 SIEGE 清建筑 x22 -> #1046@(71,114)
[17:30:08] {"kind": "action", "what": "attack_obj", "name": null, "qty": null, "tid": 1046, "ts": "17:30:08"}
[17:30:10] t=2962 jev VEH HARV HOLD (预算保护 cash=551 aav帽=ok aav=4)
[17:30:12] t=2965 jev VEH HARV HOLD (预算保护 cash=551 aav帽=ok aav=4)
[17:30:12] t=2965 MOVE t=2965 SIEGE 清建筑 x22 -> #1046@(71,114); hold_a x2 -> (133,86)
[17:30:12] {"kind": "action", "what": "attack_move", "name": null, "qty": null, "tid": null, "ts": "17:30:12"}
[17:30:14] t=2967 jev VEH HARV HOLD (预算保护 cash=551 aav帽=ok aav=4)
[17:30:15] t=2970 ESCORT 坦克#2869 -> 护航矿车@[117, 135]
[17:30:15] {"kind": "action", "what": "attack_move", "name": null, "qty": null, "tid": null, "ts": "17:30:15"}
[17:30:17] t=2970 jev VEH HARV HOLD (预算保护 cash=551 aav帽=ok aav=4)
[17:30:19] t=2973 jev VEH HARV HOLD (预算保护 cash=551 aav帽=ok aav=4)
[17:30:21] t=2976 jev VEH HARV HOLD (预算保护 cash=551 aav帽=ok aav=4)
[17:30:21] t=2976 MOVE assault x22 -> 攻击目标#1046@(71,114); t=2976 SIEGE 清建筑 x22 -> #1046@(71,114)
[17:30:21] {"kind": "action", "what": "attack_obj", "name": null, "qty": null, "tid": 1046, "ts": "17:30:21"}
[17:30:21] t=2978 TANK HTNK x1
[17:30:21] {"kind": "action", "what": "produce", "name": "HTNK", "qty": 1, "tid": null, "ts": "17:30:21"}
[17:30:23] t=2978 MOVE raid x2 -> (81,118); t=2978 SIEGE 清建筑 x22 -> #1046@(71,114); aahunt x2 -> (125,84)
[17:30:23] {"kind": "action", "what": "attack_move", "name": null, "qty": null, "tid": null, "ts": "17:30:23"}
[17:30:23] {"kind": "action", "what": "attack_move", "name": null, "qty": null, "tid": null, "ts": "17:30:23"}
[17:30:29] t=2987 jev VEH HTNK HOLD (预算保护 cash=26 aav帽=ok aav=4)
[17:30:31] t=2989 jev VEH HTNK HOLD (预算保护 cash=26 aav帽=ok aav=4)
[17:30:33] t=2992 jev VEH HTNK HOLD (预算保护 cash=26 aav帽=ok aav=4)
[17:30:33] t=2992 MOVE assault x23 -> 攻击目标#1046@(71,114); t=2992 SIEGE 清建筑 x23 -> #1046@(71,114)
[17:30:33] {"kind": "action", "what": "attack_obj", "name": null, "qty": null, "tid": 1046, "ts": "17:30:33"}
[17:30:35] t=2995 jev VEH HTNK HOLD (预算保护 cash=26 aav帽=ok aav=4)
[17:30:37] t=2997 jev VEH HTNK HOLD (预算保护 cash=26 aav帽=ok aav=4)
[17:30:39] t=3000 jev VEH HTNK HOLD (预算保护 cash=26 aav帽=ok aav=4)
[17:30:41] t=3003 jev VEH HTNK HOLD (预算保护 cash=26 aav帽=ok aav=4)
[17:30:43] t=3005 jev VEH HTNK HOLD (预算保护 cash=26 aav帽=ok aav=4)
[17:30:43] t=3005 MOVE raid x2 -> (81,118); t=3005 SIEGE 清建筑 x23 -> #1046@(71,114)
[17:30:43] {"kind": "action", "what": "attack_move", "name": null, "qty": null, "tid": null, "ts": "17:30:43"}
[17:30:45] t=3008 jev VEH HARV HOLD (预算保护 cash=26 aav帽=ok aav=4)
[17:30:45] t=3008 MOVE assault x23 -> 攻击目标#1046@(71,114); t=3008 SIEGE 清建筑 x23 -> #1046@(71,114)
[17:30:45] {"kind": "action", "what": "attack_obj", "name": null, "qty": null, "tid": 1046, "ts": "17:30:45"}
[17:30:45] t=3011 ESCORT 坦克#2966 -> 护航矿车@[127, 105]
[17:30:45] {"kind": "action", "what": "attack_move", "name": null, "qty": null, "tid": null, "ts": "17:30:45"}
[17:30:47] t=3011 jev VEH HTNK HOLD (预算保护 cash=26 aav帽=ok aav=4)
[17:30:49] t=3014 jev VEH HTNK HOLD (预算保护 cash=26 aav帽=ok aav=4)
[17:30:51] t=3016 jev VEH HTNK HOLD (预算保护 cash=26 aav帽=ok aav=4)
[17:30:51] t=3016 MOVE t=3016 SIEGE 清建筑 x23 -> #1046@(71,114); hold_b x2 -> (126,75)
[17:30:51] {"kind": "action", "what": "attack_move", "name": null, "qty": null, "tid": null, "ts": "17:30:51"}
[17:30:51] t=3016 tick#1175 credits=26 stance=attack | jev 1175 decisions p50=1741ms
[17:30:53] t=3019 jev VEH HTNK HOLD (预算保护 cash=26 aav帽=ok aav=4)
[17:30:53] t=3019 MOVE t=3019 SIEGE 清建筑 x23 -> #1046@(71,114); aahunt x2 -> (125,84)
[17:30:53] {"kind": "action", "what": "attack_move", "name": null, "qty": null, "tid": null, "ts": "17:30:53"}
[17:30:55] t=3022 jev VEH HTNK HOLD (预算保护 cash=26 aav帽=ok aav=4)
[17:30:57] t=3024 jev VEH HTNK HOLD (预算保护 cash=26 aav帽=ok aav=4)
[17:30:57] t=3024 MOVE assault x23 -> 攻击目标#1046@(71,114); t=3024 SIEGE 清建筑 x23 -> #1046@(71,114)
[17:30:57] {"kind": "action", "what": "attack_obj", "name": null, "qty": null, "tid": 1046, "ts": "17:30:57"}
[17:30:59] t=3027 jev VEH HTNK HOLD (预算保护 cash=26 aav帽=ok aav=4)
[17:31:01] t=3030 jev VEH HTNK HOLD (预算保护 cash=26 aav帽=ok aav=4)
[17:31:03] t=3033 jev VEH HTNK HOLD (预算保护 cash=26 aav帽=ok aav=4)
[17:31:03] t=3033 MOVE raid x2 -> (81,118); t=3033 SIEGE 清建筑 x23 -> #1046@(71,114)
[17:31:03] {"kind": "action", "what": "attack_move", "name": null, "qty": null, "tid": null, "ts": "17:31:03"}
[17:31:05] t=3035 jev VEH HTNK HOLD (预算保护 cash=26 aav帽=ok aav=4)
[17:31:07] t=3038 jev VEH HTNK HOLD (预算保护 cash=26 aav帽=ok aav=4)
[17:31:09] t=3041 jev VEH HTNK HOLD (预算保护 cash=326 aav帽=ok aav=4)
[17:31:09] t=3041 MOVE assault x23 -> 攻击目标#1046@(71,114); t=3041 SIEGE 清建筑 x23 -> #1046@(71,114)
[17:31:09] {"kind": "action", "what": "attack_obj", "name": null, "qty": null, "tid": 1046, "ts": "17:31:09"}
[17:31:11] t=3043 jev VEH HTNK HOLD (预算保护 cash=326 aav帽=ok aav=4)
[17:31:12] t=3046 RETREAT HTNK(31%)
[17:31:12] {"kind": "action", "what": "move", "name": null, "qty": null, "tid": null, "ts": "17:31:12"}
[17:31:14] t=3046 jev VEH HTNK HOLD (预算保护 cash=326 aav帽=ok aav=4)
[17:31:14] t=3046 MOVE t=3046 GHOST detected #1046@[71, 114] (集火150gs不倒, 拉黑); assault x23 -> 攻击目标#1045@(70,117); t=3046 SIEGE 清建筑 x23 -> #1045@(70,117); hold_a x2 -> (133,86)
[17:31:14] {"kind": "action", "what": "attack_obj", "name": null, "qty": null, "tid": 1045, "ts": "17:31:14"}
[17:31:14] {"kind": "action", "what": "attack_move", "name": null, "qty": null, "tid": null, "ts": "17:31:14"}
[17:31:16] t=3049 jev VEH HTNK HOLD (预算保护 cash=326 aav帽=ok aav=4)
[17:31:18] t=3052 jev VEH HTNK HOLD (预算保护 cash=326 aav帽=ok aav=4)
[17:31:20] t=3054 jev VEH HTNK HOLD (预算保护 cash=326 aav帽=ok aav=4)
[17:31:22] t=3057 jev VEH HTNK HOLD (预算保护 cash=326 aav帽=ok aav=4)
[17:31:24] t=3060 jev VEH HTNK HOLD (预算保护 cash=326 aav帽=ok aav=4)
[17:31:24] t=3060 MOVE raid x2 -> (81,118); t=3060 SIEGE 清建筑 x23 -> #1045@(70,117); aahunt x2 -> (125,84)
[17:31:24] {"kind": "action", "what": "attack_move", "name": null, "qty": null, "tid": null, "ts": "17:31:24"}
[17:31:24] {"kind": "action", "what": "attack_move", "name": null, "qty": null, "tid": null, "ts": "17:31:24"}
[17:31:26] t=3062 jev VEH HTNK HOLD (预算保护 cash=326 aav帽=ok aav=4)
[17:31:26] t=3062 MOVE assault x23 -> 攻击目标#1045@(70,117); t=3062 SIEGE 清建筑 x23 -> #1045@(70,117)
[17:31:26] {"kind": "action", "what": "attack_obj", "name": null, "qty": null, "tid": 1045, "ts": "17:31:26"}
[17:31:26] t=3065 TANK HTNK x2
[17:31:26] t=3065 DEBT-GATE HTNK x2 (debt=0 eff=1451 < 1800)
[17:31:28] t=3065 jev VEH HTNK HOLD (预算保护 cash=1451 aav帽=ok aav=4)
[17:31:28] t=3068 TANK HTNK x2
[17:31:28] t=3068 DEBT-GATE HTNK x2 (debt=0 eff=1451 < 1800)
[17:31:30] t=3068 jev VEH HTNK HOLD (预算保护 cash=1451 aav帽=ok aav=4)
[17:31:30] t=3071 TANK HTNK x2
[17:31:30] t=3071 DEBT-GATE HTNK x2 (debt=0 eff=1451 < 1800)
[17:31:32] t=3071 jev VEH HTNK HOLD (预算保护 cash=1451 aav帽=ok aav=4)
[17:31:32] t=3073 TANK HTNK x2
[17:31:32] t=3073 DEBT-GATE HTNK x2 (debt=0 eff=1451 < 1800)
[17:31:34] t=3073 jev VEH HTNK HOLD (预算保护 cash=1451 aav帽=ok aav=4)
[17:31:34] t=3076 TANK HTNK x2
[17:31:34] t=3076 DEBT-GATE HTNK x2 (debt=0 eff=1451 < 1800)
[17:31:36] t=3076 jev VEH HTNK HOLD (预算保护 cash=1451 aav帽=ok aav=4)
[17:31:36] t=3079 TANK HTNK x2
[17:31:36] t=3079 DEBT-GATE HTNK x2 (debt=0 eff=1451 < 1800)
[17:31:38] t=3079 jev VEH HTNK HOLD (预算保护 cash=1451 aav帽=ok aav=4)
[17:31:38] t=3079 MOVE assault x23 -> 攻击目标#1045@(70,117); t=3079 SIEGE 清建筑 x23 -> #1045@(70,117)
[17:31:38] {"kind": "action", "what": "attack_obj", "name": null, "qty": null, "tid": 1045, "ts": "17:31:38"}
[17:31:38] t=3081 TANK HTNK x2
[17:31:38] t=3081 DEBT-GATE HTNK x2 (debt=0 eff=1751 < 1800)
[17:31:40] t=3081 jev VEH HTNK (conf 0.10)
[17:31:40] {"kind": "action", "what": "produce", "name": "HTNK", "qty": 1, "tid": null, "ts": "17:31:40"}
[17:31:42] t=3084 tick#1200 credits=1710 stance=attack | jev 1200 decisions p50=1739ms
[17:31:44] t=3087 MOVE raid x2 -> (81,118); t=3087 SIEGE 清建筑 x23 -> #1045@(70,117)
[17:31:44] {"kind": "action", "what": "attack_move", "name": null, "qty": null, "tid": null, "ts": "17:31:44"}
[17:31:47] t=3092 TANK HTNK x1
[17:31:48] t=3092 jev VEH HTNK HOLD (预算保护 cash=851 aav帽=ok aav=4)
[17:31:49] t=3095 TANK HTNK x1
[17:31:50] t=3095 jev VEH HTNK HOLD (预算保护 cash=851 aav帽=ok aav=4)
[17:31:50] t=3095 MOVE assault x24 -> 攻击目标#1045@(70,117); t=3095 SIEGE 清建筑 x24 -> #1045@(70,117)
[17:31:50] {"kind": "action", "what": "attack_obj", "name": null, "qty": null, "tid": 1045, "ts": "17:31:50"}
[17:31:51] t=3098 TANK HTNK x1
[17:31:51] t=3098 ESCORT 坦克#2966 -> 护航矿车@[122, 104]
[17:31:51] {"kind": "action", "what": "attack_move", "name": null, "qty": null, "tid": null, "ts": "17:31:51"}
[17:31:53] t=3098 jev VEH HTNK HOLD (预算保护 cash=851 aav帽=ok aav=4)
[17:31:53] t=3098 MOVE t=3098 SIEGE 清建筑 x24 -> #1045@(70,117); hold_b x2 -> (126,75)
[17:31:53] {"kind": "action", "what": "attack_move", "name": null, "qty": null, "tid": null, "ts": "17:31:53"}
[17:31:53] t=3101 TANK HTNK x1
[17:31:55] t=3101 jev VEH HTNK HOLD (预算保护 cash=851 aav帽=ok aav=4)
[17:31:55] t=3101 MOVE t=3101 SIEGE 清建筑 x24 -> #1045@(70,117); aahunt x2 -> (125,84)
[17:31:55] {"kind": "action", "what": "attack_move", "name": null, "qty": null, "tid": null, "ts": "17:31:55"}
[17:31:55] t=3104 TANK HTNK x1
[17:31:57] t=3104 jev VEH HTNK HOLD (预算保护 cash=851 aav帽=ok aav=4)
[17:31:57] t=3106 TANK HTNK x1
[17:31:59] t=3106 jev VEH HTNK HOLD (预算保护 cash=851 aav帽=ok aav=4)
[17:31:59] t=3109 TANK HTNK x1
[17:32:01] t=3109 jev VEH HTNK HOLD (预算保护 cash=851 aav帽=ok aav=4)
[17:32:01] t=3112 TANK HTNK x1
[17:32:03] t=3112 jev VEH HTNK HOLD (预算保护 cash=851 aav帽=ok aav=4)
[17:32:03] t=3112 MOVE assault x24 -> 攻击目标#1045@(70,117); t=3112 SIEGE 清建筑 x24 -> #1045@(70,117)
[17:32:03] {"kind": "action", "what": "attack_obj", "name": null, "qty": null, "tid": 1045, "ts": "17:32:03"}
[17:32:03] t=3114 TANK HTNK x1
[17:32:05] t=3114 jev VEH HTNK HOLD (预算保护 cash=851 aav帽=ok aav=4)
[17:32:05] t=3114 MOVE raid x2 -> (81,118); t=3114 SIEGE 清建筑 x24 -> #1045@(70,117)
[17:32:05] {"kind": "action", "what": "attack_move", "name": null, "qty": null, "tid": null, "ts": "17:32:05"}
[17:32:05] t=3117 TANK HTNK x1
[17:32:07] t=3117 jev VEH HTNK HOLD (预算保护 cash=851 aav帽=ok aav=4)
[17:32:07] t=3120 TANK HTNK x1
[17:32:07] t=3120 DEBT-GATE HTNK x1 (debt=0 eff=851 < 900)
[17:32:09] t=3120 jev VEH HTNK HOLD (预算保护 cash=851 aav帽=ok aav=4)
[17:32:09] t=3122 TANK HTNK x1
[17:32:09] t=3122 DEBT-GATE HTNK x1 (debt=0 eff=851 < 900)
[17:32:11] t=3122 jev VEH HTNK HOLD (预算保护 cash=851 aav帽=ok aav=4)
[17:32:11] t=3125 TANK HTNK x1
[17:32:11] t=3125 DEBT-GATE HTNK x1 (debt=0 eff=851 < 900)
[17:32:13] t=3125 jev VEH HTNK HOLD (预算保护 cash=851 aav帽=ok aav=4)
[17:32:13] t=3128 TANK HTNK x1
[17:32:13] {"kind": "action", "what": "produce", "name": "HTNK", "qty": 1, "tid": null, "ts": "17:32:13"}
[17:32:15] t=3128 MOVE assault x24 -> 攻击目标#1045@(70,117); t=3128 SIEGE 清建筑 x24 -> #1045@(70,117); hold_a x2 -> (133,86)
[17:32:15] {"kind": "action", "what": "attack_obj", "name": null, "qty": null, "tid": 1045, "ts": "17:32:15"}
[17:32:15] {"kind": "action", "what": "attack_move", "name": null, "qty": null, "tid": null, "ts": "17:32:15"}
[17:32:21] t=3136 jev VEH HTNK HOLD (预算保护 cash=251 aav帽=ok aav=4)
[17:32:21] t=3139 ESCORT 坦克#2966 -> 护航矿车@[126, 105]
[17:32:21] {"kind": "action", "what": "attack_move", "name": null, "qty": null, "tid": null, "ts": "17:32:21"}
[17:32:23] t=3139 jev VEH HARV HOLD (预算保护 cash=251 aav帽=ok aav=4)
[17:32:25] t=3141 jev VEH HTNK HOLD (预算保护 cash=251 aav帽=ok aav=4)
[17:32:25] t=3141 MOVE raid x2 -> (81,118); t=3141 SIEGE 清建筑 x25 -> #1045@(70,117); aahunt x2 -> (125,84)
[17:32:25] {"kind": "action", "what": "attack_move", "name": null, "qty": null, "tid": null, "ts": "17:32:25"}
[17:32:25] {"kind": "action", "what": "attack_move", "name": null, "qty": null, "tid": null, "ts": "17:32:25"}
[17:32:27] t=3144 jev VEH HTNK HOLD (预算保护 cash=251 aav帽=ok aav=4)
[17:32:27] t=3144 MOVE assault x25 -> 攻击目标#1045@(70,117); t=3144 SIEGE 清建筑 x25 -> #1045@(70,117)
[17:32:27] {"kind": "action", "what": "attack_obj", "name": null, "qty": null, "tid": 1045, "ts": "17:32:27"}
[17:32:29] t=3147 jev VEH HTNK HOLD (预算保护 cash=251 aav帽=ok aav=4)
[17:32:31] t=3150 jev VEH HTNK HOLD (预算保护 cash=251 aav帽=ok aav=4)
[17:32:33] t=3152 jev VEH HTNK HOLD (预算保护 cash=251 aav帽=ok aav=4)
[17:32:33] t=3152 tick#1225 credits=251 stance=attack | jev 1225 decisions p50=1738ms
[17:32:35] t=3155 jev VEH HTNK HOLD (预算保护 cash=251 aav帽=ok aav=4)
[17:32:37] t=3158 jev VEH HTNK HOLD (预算保护 cash=251 aav帽=ok aav=4)
[17:32:39] t=3161 jev VEH HTNK HOLD (预算保护 cash=251 aav帽=ok aav=4)
[17:32:39] t=3161 MOVE assault x25 -> 攻击目标#1045@(70,117); t=3161 SIEGE 清建筑 x25 -> #1045@(70,117)
[17:32:40] {"kind": "action", "what": "attack_obj", "name": null, "qty": null, "tid": 1045, "ts": "17:32:40"}
[17:32:42] t=3163 jev VEH HTNK HOLD (预算保护 cash=251 aav帽=ok aav=4)
[17:32:44] t=3166 jev VEH HTNK HOLD (预算保护 cash=251 aav帽=ok aav=4)
[17:32:46] t=3169 jev VEH HTNK HOLD (预算保护 cash=251 aav帽=ok aav=4)
[17:32:46] t=3169 MOVE raid x2 -> (81,118); t=3169 SIEGE 清建筑 x25 -> #1045@(70,117)
[17:32:46] {"kind": "action", "what": "attack_move", "name": null, "qty": null, "tid": null, "ts": "17:32:46"}
[17:32:48] t=3172 jev VEH HTNK HOLD (预算保护 cash=251 aav帽=ok aav=4)
[17:32:50] t=3174 jev VEH HTNK HOLD (预算保护 cash=251 aav帽=ok aav=4)
[17:32:52] t=3177 jev VEH HTNK HOLD (预算保护 cash=251 aav帽=ok aav=4)
[17:32:52] t=3177 MOVE assault x25 -> 攻击目标#1045@(70,117); t=3177 SIEGE 清建筑 x25 -> #1045@(70,117)
[17:32:52] {"kind": "action", "what": "attack_obj", "name": null, "qty": null, "tid": 1045, "ts": "17:32:52"}
[17:32:52] t=3180 ESCORT 坦克#2869 -> 护航矿车@[116, 135]
[17:32:52] {"kind": "action", "what": "attack_move", "name": null, "qty": null, "tid": null, "ts": "17:32:52"}
[17:32:54] t=3180 jev VEH HTNK HOLD (预算保护 cash=251 aav帽=ok aav=4)
[17:32:54] t=3180 MOVE t=3180 SIEGE 清建筑 x25 -> #1045@(70,117); hold_b x2 -> (126,75)
[17:32:54] {"kind": "action", "what": "attack_move", "name": null, "qty": null, "tid": null, "ts": "17:32:54"}
[17:32:54] t=3182 RETREAT HTNK(30%)
[17:32:54] {"kind": "action", "what": "move", "name": null, "qty": null, "tid": null, "ts": "17:32:54"}
[17:32:56] t=3182 jev VEH HTNK HOLD (预算保护 cash=251 aav帽=ok aav=4)
[17:32:56] t=3182 MOVE t=3182 SIEGE 清建筑 x25 -> #1045@(70,117); aahunt x2 -> (125,84)
[17:32:56] {"kind": "action", "what": "attack_move", "name": null, "qty": null, "tid": null, "ts": "17:32:56"}
[17:32:58] t=3185 jev VEH HTNK HOLD (预算保护 cash=251 aav帽=ok aav=4)
[17:33:00] t=3188 jev VEH HTNK HOLD (预算保护 cash=251 aav帽=ok aav=4)
[17:33:02] t=3191 jev VEH HTNK HOLD (预算保护 cash=251 aav帽=ok aav=4)
[17:33:04] t=3193 jev VEH HTNK HOLD (预算保护 cash=251 aav帽=ok aav=4)
[17:33:04] t=3193 MOVE assault x25 -> 攻击目标#1045@(70,117); t=3193 SIEGE 清建筑 x25 -> #1045@(70,117)
[17:33:04] {"kind": "action", "what": "attack_obj", "name": null, "qty": null, "tid": 1045, "ts": "17:33:04"}
[17:33:06] t=3196 jev VEH HTNK HOLD (预算保护 cash=251 aav帽=ok aav=4)
[17:33:06] t=3196 MOVE raid x2 -> (81,118); t=3196 SIEGE 清建筑 x25 -> #1045@(70,117)
[17:33:06] {"kind": "action", "what": "attack_move", "name": null, "qty": null, "tid": null, "ts": "17:33:06"}
[17:33:08] t=3199 jev VEH HTNK HOLD (预算保护 cash=251 aav帽=ok aav=4)
[17:33:08] t=3199 MOVE t=3199 GHOST detected #1045@[70, 117] (集火150gs不倒, 拉黑); assault x25 -> (70,117)
[17:33:08] {"kind": "action", "what": "attack_move", "name": null, "qty": null, "tid": null, "ts": "17:33:08"}
[17:33:10] t=3202 jev VEH HTNK HOLD (预算保护 cash=251 aav帽=ok aav=4)
[17:33:12] t=3204 jev VEH HTNK HOLD (预算保护 cash=251 aav帽=ok aav=4)
[17:33:14] t=3207 jev VEH HTNK HOLD (预算保护 cash=701 aav帽=ok aav=4)
[17:33:16] t=3210 jev VEH HTNK HOLD (预算保护 cash=701 aav帽=ok aav=4)
[17:33:16] t=3210 MOVE hold_a x2 -> (133,86)
[17:33:16] {"kind": "action", "what": "attack_move", "name": null, "qty": null, "tid": null, "ts": "17:33:16"}
[17:33:18] t=3212 jev VEH HTNK HOLD (预算保护 cash=701 aav帽=ok aav=4)
[17:33:19] t=3215 TANK HTNK x1
[17:33:19] {"kind": "action", "what": "produce", "name": "HTNK", "qty": 1, "tid": null, "ts": "17:33:19"}
[17:33:20] t=3215 MOVE assault x25 -> (70,117)
[17:33:20] {"kind": "action", "what": "attack_move", "name": null, "qty": null, "tid": null, "ts": "17:33:20"}
[17:33:23] t=3221 ESCORT 坦克#2869 -> 护航矿车@[113, 133]
[17:33:23] {"kind": "action", "what": "attack_move", "name": null, "qty": null, "tid": null, "ts": "17:33:23"}
[17:33:24] t=3221 tick#1250 credits=318 stance=attack | jev 1250 decisions p50=1739ms
[17:33:26] t=3223 jev VEH HTNK HOLD (预算保护 cash=101 aav帽=ok aav=4)
[17:33:26] t=3223 MOVE raid x2 -> (81,118); aahunt x2 -> (125,84)
[17:33:27] {"kind": "action", "what": "attack_move", "name": null, "qty": null, "tid": null, "ts": "17:33:27"}
[17:33:27] {"kind": "action", "what": "attack_move", "name": null, "qty": null, "tid": null, "ts": "17:33:27"}
[17:33:29] t=3226 jev VEH HTNK HOLD (预算保护 cash=101 aav帽=ok aav=4)
[17:33:31] t=3229 jev VEH HTNK HOLD (预算保护 cash=101 aav帽=ok aav=4)
[17:33:33] t=3232 jev VEH HTNK HOLD (预算保护 cash=101 aav帽=ok aav=4)
[17:33:33] t=3232 MOVE assault x26 -> (70,117)
[17:33:33] {"kind": "action", "what": "attack_move", "name": null, "qty": null, "tid": null, "ts": "17:33:33"}
[17:33:35] t=3234 jev VEH HTNK HOLD (预算保护 cash=101 aav帽=ok aav=4)
[17:33:37] t=3237 jev VEH HTNK HOLD (预算保护 cash=101 aav帽=ok aav=4)
[17:33:39] t=3240 jev VEH HTNK HOLD (预算保护 cash=101 aav帽=ok aav=4)
[17:33:41] t=3242 jev VEH HTNK HOLD (预算保护 cash=101 aav帽=ok aav=4)
[17:33:43] t=3245 jev VEH HTNK HOLD (预算保护 cash=101 aav帽=ok aav=4)
[17:33:45] t=3248 jev VEH HTNK HOLD (预算保护 cash=101 aav帽=ok aav=4)
[17:33:45] t=3248 MOVE assault x26 -> (70,117)
[17:33:45] {"kind": "action", "what": "attack_move", "name": null, "qty": null, "tid": null, "ts": "17:33:45"}
[17:33:47] t=3250 jev VEH HTNK HOLD (预算保护 cash=101 aav帽=ok aav=4)
[17:33:47] t=3250 MOVE raid x2 -> (81,118)
[17:33:47] {"kind": "action", "what": "attack_move", "name": null, "qty": null, "tid": null, "ts": "17:33:47"}
[17:33:49] t=3253 jev VEH HTNK HOLD (预算保护 cash=101 aav帽=ok aav=4)
[17:33:51] t=3256 jev VEH HTNK HOLD (预算保护 cash=101 aav帽=ok aav=4)
[17:33:53] t=3259 jev VEH HTNK HOLD (预算保护 cash=101 aav帽=ok aav=4)
[17:33:53] t=3261 ESCORT 坦克#3019 -> 护航矿车@[128, 105]
[17:33:53] {"kind": "action", "what": "attack_move", "name": null, "qty": null, "tid": null, "ts": "17:33:53"}
[17:33:55] t=3261 jev VEH HTNK HOLD (预算保护 cash=101 aav帽=ok aav=4)
[17:33:55] t=3261 MOVE hold_b x2 -> (126,75)
[17:33:55] {"kind": "action", "what": "attack_move", "name": null, "qty": null, "tid": null, "ts": "17:33:55"}
[17:33:57] t=3264 jev VEH HTNK HOLD (预算保护 cash=101 aav帽=ok aav=4)
[17:33:57] t=3264 MOVE assault x26 -> (70,117); aahunt x2 -> (125,84)
[17:33:57] {"kind": "action", "what": "attack_move", "name": null, "qty": null, "tid": null, "ts": "17:33:57"}
[17:33:57] {"kind": "action", "what": "attack_move", "name": null, "qty": null, "tid": null, "ts": "17:33:57"}
[17:33:59] t=3267 jev VEH HTNK HOLD (预算保护 cash=101 aav帽=ok aav=4)
[17:34:01] t=3270 jev VEH HTNK HOLD (预算保护 cash=101 aav帽=ok aav=4)
[17:34:03] t=3272 jev VEH HTNK HOLD (预算保护 cash=101 aav帽=ok aav=4)
[17:34:05] t=3275 jev VEH HTNK HOLD (预算保护 cash=101 aav帽=ok aav=4)
[17:34:07] t=3278 jev VEH HTNK HOLD (预算保护 cash=101 aav帽=ok aav=4)
[17:34:07] t=3278 MOVE raid x2 -> (81,118)
[17:34:07] {"kind": "action", "what": "attack_move", "name": null, "qty": null, "tid": null, "ts": "17:34:07"}
[17:34:09] t=3280 jev VEH HTNK HOLD (预算保护 cash=101 aav帽=ok aav=4)
[17:34:09] t=3280 MOVE assault x26 -> (70,117)
[17:34:09] {"kind": "action", "what": "attack_move", "name": null, "qty": null, "tid": null, "ts": "17:34:09"}
[17:34:11] t=3283 jev VEH HTNK HOLD (预算保护 cash=101 aav帽=ok aav=4)
[17:34:13] t=3286 jev VEH HTNK HOLD (预算保护 cash=101 aav帽=ok aav=4)
[17:34:15] t=3288 jev VEH HTNK HOLD (预算保护 cash=326 aav帽=ok aav=4)
[17:34:15] t=3288 tick#1275 credits=326 stance=attack | jev 1275 decisions p50=1740ms
[17:34:17] t=3291 jev VEH HTNK HOLD (预算保护 cash=326 aav帽=ok aav=4)
[17:34:17] t=3291 MOVE hold_a x2 -> (133,86)
[17:34:17] {"kind": "action", "what": "attack_move", "name": null, "qty": null, "tid": null, "ts": "17:34:17"}
[17:34:19] t=3294 jev VEH HTNK HOLD (预算保护 cash=326 aav帽=ok aav=4)
[17:34:21] t=3297 jev VEH HTNK HOLD (预算保护 cash=326 aav帽=ok aav=4)
[17:34:21] t=3297 MOVE assault x26 -> (70,117)
[17:34:21] {"kind": "action", "what": "attack_move", "name": null, "qty": null, "tid": null, "ts": "17:34:21"}
[17:34:23] t=3299 jev VEH HTNK HOLD (预算保护 cash=326 aav帽=ok aav=4)
[17:34:25] t=3302 jev VEH HTNK HOLD (预算保护 cash=326 aav帽=ok aav=4)
[17:34:27] t=3305 jev VEH HTNK HOLD (预算保护 cash=326 aav帽=ok aav=4)
[17:34:27] t=3305 MOVE raid x2 -> (81,118); aahunt x2 -> (125,84)
[17:34:27] {"kind": "action", "what": "attack_move", "name": null, "qty": null, "tid": null, "ts": "17:34:27"}
[17:34:28] {"kind": "action", "what": "attack_move", "name": null, "qty": null, "tid": null, "ts": "17:34:28"}
[17:34:30] t=3307 jev VEH HTNK HOLD (预算保护 cash=326 aav帽=ok aav=4)
[17:34:32] t=3310 jev VEH HTNK HOLD (预算保护 cash=326 aav帽=ok aav=4)
[17:34:34] t=3313 jev VEH HTNK HOLD (预算保护 cash=701 aav帽=ok aav=4)
[17:34:34] t=3313 MOVE assault x26 -> (70,117)
[17:34:34] {"kind": "action", "what": "attack_move", "name": null, "qty": null, "tid": null, "ts": "17:34:34"}
[17:34:36] t=3315 jev VEH HTNK HOLD (预算保护 cash=701 aav帽=ok aav=4)
[17:34:38] t=3318 jev VEH HTNK HOLD (预算保护 cash=701 aav帽=ok aav=4)
[17:34:40] t=3321 jev VEH HTNK HOLD (预算保护 cash=701 aav帽=ok aav=4)
[17:34:42] t=3324 jev VEH HTNK HOLD (预算保护 cash=701 aav帽=ok aav=4)
[17:34:44] t=3326 jev VEH HTNK HOLD (预算保护 cash=701 aav帽=ok aav=4)
[17:34:46] t=3329 jev VEH HTNK HOLD (预算保护 cash=701 aav帽=ok aav=4)
[17:34:46] t=3329 MOVE assault x26 -> (70,117)
[17:34:46] {"kind": "action", "what": "attack_move", "name": null, "qty": null, "tid": null, "ts": "17:34:46"}
[17:34:46] t=3332 TANK HTNK x2
[17:34:46] {"kind": "action", "what": "produce", "name": "HTNK", "qty": 2, "tid": null, "ts": "17:34:46"}
[17:34:48] t=3332 MOVE raid x2 -> (81,118)
[17:34:48] {"kind": "action", "what": "attack_move", "name": null, "qty": null, "tid": null, "ts": "17:34:48"}
[17:34:48] t=3334 ESCORT 坦克#3019 -> 护航矿车@[127, 105]
[17:34:48] {"kind": "action", "what": "attack_move", "name": null, "qty": null, "tid": null, "ts": "17:34:48"}
[17:34:56] t=3343 MOVE hold_b x2 -> (126,75)
[17:34:56] {"kind": "action", "what": "attack_move", "name": null, "qty": null, "tid": null, "ts": "17:34:56"}
[17:34:58] t=3345 MOVE assault x27 -> (70,117); aahunt x2 -> (125,84)
[17:34:58] {"kind": "action", "what": "attack_move", "name": null, "qty": null, "tid": null, "ts": "17:34:58"}
[17:34:58] {"kind": "action", "what": "attack_move", "name": null, "qty": null, "tid": null, "ts": "17:34:58"}
[17:34:58] t=3348 RETREAT HTNK(31%)
[17:34:58] {"kind": "action", "what": "move", "name": null, "qty": null, "tid": null, "ts": "17:34:58"}
[17:35:00] t=3348 jev VEH HTNK HOLD (预算保护 cash=26 aav帽=ok aav=4)
[17:35:02] t=3351 jev VEH HTNK HOLD (预算保护 cash=26 aav帽=ok aav=4)
[17:35:04] t=3353 jev VEH HTNK HOLD (预算保护 cash=26 aav帽=ok aav=4)
[17:35:06] t=3356 jev VEH HTNK HOLD (预算保护 cash=26 aav帽=ok aav=4)
[17:35:06] t=3356 tick#1300 credits=26 stance=attack | jev 1300 decisions p50=1740ms
[17:35:08] t=3359 jev VEH HTNK HOLD (预算保护 cash=26 aav帽=ok aav=4)
[17:35:08] t=3359 MOVE raid x2 -> (81,118)
[17:35:08] {"kind": "action", "what": "attack_move", "name": null, "qty": null, "tid": null, "ts": "17:35:08"}
[17:35:10] t=3362 jev VEH HTNK HOLD (预算保护 cash=26 aav帽=ok aav=4)
[17:35:10] t=3362 MOVE assault x28 -> (70,117)
[17:35:10] {"kind": "action", "what": "attack_move", "name": null, "qty": null, "tid": null, "ts": "17:35:10"}
[17:35:12] t=3364 jev VEH HTNK HOLD (预算保护 cash=26 aav帽=ok aav=4)
[17:35:14] t=3367 jev VEH HTNK HOLD (预算保护 cash=26 aav帽=ok aav=4)
[17:35:16] t=3370 jev VEH HTNK HOLD (预算保护 cash=26 aav帽=ok aav=4)
[17:35:18] t=3372 jev VEH HTNK HOLD (预算保护 cash=26 aav帽=ok aav=4)
[17:35:18] t=3372 MOVE hold_a x2 -> (133,86)
[17:35:18] {"kind": "action", "what": "attack_move", "name": null, "qty": null, "tid": null, "ts": "17:35:18"}
[17:35:19] t=3375 ESCORT 坦克#2949 -> 护航矿车@[120, 124]
[17:35:19] {"kind": "action", "what": "attack_move", "name": null, "qty": null, "tid": null, "ts": "17:35:19"}
[17:35:20] t=3375 jev VEH HTNK HOLD (预算保护 cash=326 aav帽=ok aav=4)
[17:35:22] t=3378 jev VEH HTNK HOLD (预算保护 cash=326 aav帽=ok aav=4)
[17:35:22] t=3378 MOVE assault x28 -> (70,117)
[17:35:22] {"kind": "action", "what": "attack_move", "name": null, "qty": null, "tid": null, "ts": "17:35:22"}
[17:35:24] t=3381 jev VEH HTNK HOLD (预算保护 cash=326 aav帽=ok aav=4)
[17:35:26] t=3383 jev VEH HTNK HOLD (预算保护 cash=326 aav帽=ok aav=4)
[17:35:28] t=3386 jev VEH HTNK HOLD (预算保护 cash=326 aav帽=ok aav=4)
[17:35:28] t=3386 MOVE raid x2 -> (81,118); aahunt x2 -> (125,84)
[17:35:28] {"kind": "action", "what": "attack_move", "name": null, "qty": null, "tid": null, "ts": "17:35:28"}
[17:35:29] {"kind": "action", "what": "attack_move", "name": null, "qty": null, "tid": null, "ts": "17:35:29"}
[17:35:31] t=3389 jev VEH HTNK HOLD (预算保护 cash=326 aav帽=ok aav=4)
[17:35:33] t=3391 jev VEH HTNK HOLD (预算保护 cash=326 aav帽=ok aav=4)
[17:35:35] t=3394 jev VEH HTNK HOLD (预算保护 cash=326 aav帽=ok aav=4)
[17:35:35] t=3394 MOVE assault x28 -> (70,117)
[17:35:35] {"kind": "action", "what": "attack_move", "name": null, "qty": null, "tid": null, "ts": "17:35:35"}
[17:35:37] t=3397 jev VEH HTNK HOLD (预算保护 cash=326 aav帽=ok aav=4)
[17:35:39] t=3400 jev VEH HTNK HOLD (预算保护 cash=326 aav帽=ok aav=4)
[17:35:41] t=3402 jev VEH HTNK HOLD (预算保护 cash=326 aav帽=ok aav=4)
[17:35:43] t=3405 jev VEH HTNK HOLD (预算保护 cash=326 aav帽=ok aav=4)
[17:35:45] t=3408 jev VEH HTNK HOLD (预算保护 cash=326 aav帽=ok aav=4)
[17:35:47] t=3410 jev VEH HTNK HOLD (预算保护 cash=626 aav帽=ok aav=4)
[17:35:47] t=3410 MOVE assault x28 -> (70,117)
[17:35:47] {"kind": "action", "what": "attack_move", "name": null, "qty": null, "tid": null, "ts": "17:35:47"}
[17:35:49] t=3413 jev VEH HTNK HOLD (预算保护 cash=626 aav帽=ok aav=4)
[17:35:49] t=3413 MOVE raid x2 -> (81,118)
[17:35:49] {"kind": "action", "what": "attack_move", "name": null, "qty": null, "tid": null, "ts": "17:35:49"}
[17:35:49] t=3416 ESCORT 坦克#2869 -> 护航矿车@[115, 134]
[17:35:49] {"kind": "action", "what": "attack_move", "name": null, "qty": null, "tid": null, "ts": "17:35:49"}
[17:35:51] t=3416 jev VEH HTNK HOLD (预算保护 cash=626 aav帽=ok aav=4)
[17:35:53] t=3419 jev VEH HTNK HOLD (预算保护 cash=626 aav帽=ok aav=4)
[17:35:55] t=3421 jev VEH HTNK HOLD (预算保护 cash=626 aav帽=ok aav=4)
[17:35:57] t=3424 jev VEH HTNK HOLD (预算保护 cash=626 aav帽=ok aav=4)
[17:35:57] t=3424 MOVE hold_b x2 -> (126,75)
[17:35:57] {"kind": "action", "what": "attack_move", "name": null, "qty": null, "tid": null, "ts": "17:35:57"}
[17:35:57] t=3424 tick#1325 credits=626 stance=attack | jev 1325 decisions p50=1742ms
[17:35:59] t=3427 jev VEH HTNK HOLD (预算保护 cash=626 aav帽=ok aav=4)
[17:35:59] t=3427 MOVE assault x28 -> (70,117); aahunt x2 -> (125,84)
[17:35:59] {"kind": "action", "what": "attack_move", "name": null, "qty": null, "tid": null, "ts": "17:35:59"}
[17:35:59] {"kind": "action", "what": "attack_move", "name": null, "qty": null, "tid": null, "ts": "17:35:59"}
[17:36:01] t=3430 jev VEH HTNK HOLD (预算保护 cash=626 aav帽=ok aav=4)
[17:36:03] t=3432 jev VEH HTNK HOLD (预算保护 cash=626 aav帽=ok aav=4)
[17:36:05] t=3435 jev VEH HTNK HOLD (预算保护 cash=626 aav帽=ok aav=4)
[17:36:07] t=3438 jev VEH HTNK HOLD (预算保护 cash=626 aav帽=ok aav=4)
[17:36:09] t=3440 jev VEH HTNK HOLD (预算保护 cash=626 aav帽=ok aav=4)
[17:36:09] t=3440 MOVE raid x2 -> (81,118)
[17:36:09] {"kind": "action", "what": "attack_move", "name": null, "qty": null, "tid": null, "ts": "17:36:09"}
[17:36:11] t=3443 jev VEH HTNK HOLD (预算保护 cash=626 aav帽=ok aav=4)
[17:36:11] t=3443 MOVE assault x28 -> (70,117)
[17:36:11] {"kind": "action", "what": "attack_move", "name": null, "qty": null, "tid": null, "ts": "17:36:11"}
[17:36:13] t=3446 jev VEH HTNK HOLD (预算保护 cash=626 aav帽=ok aav=4)
[17:36:15] t=3449 jev VEH HTNK HOLD (预算保护 cash=626 aav帽=ok aav=4)
[17:36:17] t=3451 jev VEH HTNK HOLD (预算保护 cash=626 aav帽=ok aav=4)
[17:36:19] t=3454 jev VEH HTNK HOLD (预算保护 cash=626 aav帽=ok aav=4)
[17:36:19] t=3454 MOVE hold_a x2 -> (133,86)
[17:36:19] {"kind": "action", "what": "attack_move", "name": null, "qty": null, "tid": null, "ts": "17:36:19"}
[17:36:20] t=3457 ESCORT 坦克#2966 -> 护航矿车@[128, 104]
[17:36:20] {"kind": "action", "what": "attack_move", "name": null, "qty": null, "tid": null, "ts": "17:36:20"}
[17:36:22] t=3457 jev VEH HTNK HOLD (预算保护 cash=626 aav帽=ok aav=4)
[17:36:24] t=3459 jev VEH HTNK HOLD (预算保护 cash=626 aav帽=ok aav=4)
[17:36:24] t=3459 MOVE assault x28 -> (70,117)
[17:36:24] {"kind": "action", "what": "attack_move", "name": null, "qty": null, "tid": null, "ts": "17:36:24"}
[17:36:24] t=3462 TANK HTNK x1
[17:36:24] {"kind": "action", "what": "produce", "name": "HTNK", "qty": 1, "tid": null, "ts": "17:36:24"}
[17:36:30] t=3468 MOVE raid x2 -> (81,118); aahunt x2 -> (125,84)
[17:36:30] {"kind": "action", "what": "attack_move", "name": null, "qty": null, "tid": null, "ts": "17:36:30"}
[17:36:30] {"kind": "action", "what": "attack_move", "name": null, "qty": null, "tid": null, "ts": "17:36:30"}
[17:36:32] t=3470 jev VEH HTNK HOLD (预算保护 cash=26 aav帽=ok aav=4)
[17:36:34] t=3473 jev VEH HTNK HOLD (预算保护 cash=26 aav帽=ok aav=4)
[17:36:36] t=3476 jev VEH HTNK HOLD (预算保护 cash=26 aav帽=ok aav=4)
[17:36:36] t=3476 MOVE assault x29 -> (70,117)
[17:36:36] {"kind": "action", "what": "attack_move", "name": null, "qty": null, "tid": null, "ts": "17:36:36"}
[17:36:38] t=3478 jev VEH HTNK HOLD (预算保护 cash=26 aav帽=ok aav=4)
[17:36:40] t=3481 jev VEH HTNK HOLD (预算保护 cash=26 aav帽=ok aav=4)
[17:36:40] t=3484 RETREAT HTNK(30%)
[17:36:40] {"kind": "action", "what": "move", "name": null, "qty": null, "tid": null, "ts": "17:36:40"}
[17:36:42] t=3484 jev VEH HTNK HOLD (预算保护 cash=26 aav帽=ok aav=4)
[17:36:44] t=3487 jev VEH HTNK HOLD (预算保护 cash=26 aav帽=ok aav=4)
[17:36:46] t=3489 jev VEH HTNK HOLD (预算保护 cash=26 aav帽=ok aav=4)
[17:36:48] t=3492 jev VEH HTNK HOLD (预算保护 cash=26 aav帽=ok aav=4)
[17:36:48] t=3492 MOVE assault x29 -> (70,117)
[17:36:48] {"kind": "action", "what": "attack_move", "name": null, "qty": null, "tid": null, "ts": "17:36:48"}
[17:36:48] t=3492 tick#1350 credits=26 stance=attack | jev 1350 decisions p50=1743ms
[17:36:50] t=3495 jev VEH HTNK HOLD (预算保护 cash=26 aav帽=ok aav=4)
[17:36:50] t=3495 MOVE raid x2 -> (81,118)
[17:36:50] {"kind": "action", "what": "attack_move", "name": null, "qty": null, "tid": null, "ts": "17:36:50"}
[17:36:50] t=3497 ESCORT 坦克#2869 -> 护航矿车@[116, 131]
[17:36:50] {"kind": "action", "what": "attack_move", "name": null, "qty": null, "tid": null, "ts": "17:36:50"}
[17:36:52] t=3497 jev VEH HTNK HOLD (预算保护 cash=26 aav帽=ok aav=4)
[17:36:54] t=3500 jev VEH HTNK HOLD (预算保护 cash=26 aav帽=ok aav=4)
[17:36:56] t=3503 jev VEH HTNK HOLD (预算保护 cash=26 aav帽=ok aav=4)
[17:36:58] t=3506 jev VEH HTNK HOLD (预算保护 cash=26 aav帽=ok aav=4)
[17:36:58] t=3506 MOVE hold_b x2 -> (126,75)
[17:36:58] {"kind": "action", "what": "attack_move", "name": null, "qty": null, "tid": null, "ts": "17:36:58"}
[17:37:00] t=3508 jev VEH HTNK HOLD (预算保护 cash=26 aav帽=ok aav=4)
[17:37:00] t=3508 MOVE assault x29 -> (70,117); aahunt x2 -> (125,84)
[17:37:00] {"kind": "action", "what": "attack_move", "name": null, "qty": null, "tid": null, "ts": "17:37:00"}
[17:37:00] {"kind": "action", "what": "attack_move", "name": null, "qty": null, "tid": null, "ts": "17:37:00"}
[17:37:02] t=3511 jev VEH HTNK HOLD (预算保护 cash=26 aav帽=ok aav=4)
[17:37:04] t=3514 jev VEH HTNK HOLD (预算保护 cash=26 aav帽=ok aav=4)
[17:37:06] t=3516 jev VEH HTNK HOLD (预算保护 cash=26 aav帽=ok aav=4)
[17:37:08] t=3519 jev VEH HTNK HOLD (预算保护 cash=26 aav帽=ok aav=4)
[17:37:10] t=3522 jev VEH HTNK HOLD (预算保护 cash=26 aav帽=ok aav=4)
[17:37:10] t=3522 MOVE raid x2 -> (81,118)
[17:37:10] {"kind": "action", "what": "attack_move", "name": null, "qty": null, "tid": null, "ts": "17:37:10"}
[17:37:12] t=3524 jev VEH HTNK HOLD (预算保护 cash=26 aav帽=ok aav=4)
[17:37:12] t=3524 MOVE assault x29 -> (70,117)
[17:37:12] {"kind": "action", "what": "attack_move", "name": null, "qty": null, "tid": null, "ts": "17:37:12"}
[17:37:14] t=3527 jev VEH HTNK HOLD (预算保护 cash=26 aav帽=ok aav=4)
[17:37:16] t=3530 jev VEH HTNK HOLD (预算保护 cash=401 aav帽=ok aav=4)
[17:37:18] t=3533 jev VEH HTNK HOLD (预算保护 cash=401 aav帽=ok aav=4)
[17:37:20] t=3535 jev VEH HTNK HOLD (预算保护 cash=626 aav帽=ok aav=4)
[17:37:20] t=3535 MOVE hold_a x2 -> (133,86)
[17:37:20] {"kind": "action", "what": "attack_move", "name": null, "qty": null, "tid": null, "ts": "17:37:20"}
[17:37:22] t=3538 jev VEH HTNK HOLD (预算保护 cash=626 aav帽=ok aav=4)
[17:37:24] t=3541 jev VEH HTNK HOLD (预算保护 cash=626 aav帽=ok aav=4)
[17:37:24] t=3541 MOVE assault x29 -> (70,117)
[17:37:24] {"kind": "action", "what": "attack_move", "name": null, "qty": null, "tid": null, "ts": "17:37:24"}
[17:37:27] t=3543 jev VEH HTNK HOLD (预算保护 cash=626 aav帽=ok aav=4)
[17:37:29] t=3546 jev VEH HTNK HOLD (预算保护 cash=626 aav帽=ok aav=4)
[17:37:31] t=3549 jev VEH HTNK HOLD (预算保护 cash=626 aav帽=ok aav=4)
[17:37:31] t=3549 MOVE raid x2 -> (81,118); aahunt x2 -> (125,84)
[17:37:31] {"kind": "action", "what": "attack_move", "name": null, "qty": null, "tid": null, "ts": "17:37:31"}
[17:37:31] {"kind": "action", "what": "attack_move", "name": null, "qty": null, "tid": null, "ts": "17:37:31"}
[17:37:33] t=3552 jev VEH HTNK HOLD (预算保护 cash=626 aav帽=ok aav=4)
[17:37:35] t=3554 jev VEH HTNK HOLD (预算保护 cash=626 aav帽=ok aav=4)
[17:37:37] t=3557 jev VEH HTNK HOLD (预算保护 cash=626 aav帽=ok aav=4)
[17:37:37] t=3557 MOVE assault x29 -> (70,117)
[17:37:37] {"kind": "action", "what": "attack_move", "name": null, "qty": null, "tid": null, "ts": "17:37:37"}
[17:37:37] t=3560 ESCORT 坦克#3028 -> 护航矿车@[128, 105]
[17:37:37] {"kind": "action", "what": "attack_move", "name": null, "qty": null, "tid": null, "ts": "17:37:37"}
[17:37:39] t=3560 jev VEH HTNK HOLD (预算保护 cash=626 aav帽=ok aav=4)
[17:37:39] t=3560 tick#1375 credits=626 stance=attack | jev 1375 decisions p50=1742ms
[17:37:39] t=3562 TANK HTNK x2
[17:37:39] t=3562 DEBT-GATE HTNK x2 (debt=0 eff=1576 < 1800)
[17:37:41] t=3562 jev VEH HTNK HOLD (预算保护 cash=1576 aav帽=ok aav=4)
[17:37:41] t=3565 TANK HTNK x2
[17:37:41] t=3565 DEBT-GATE HTNK x2 (debt=0 eff=1576 < 1800)
[17:37:43] t=3565 jev VEH HTNK HOLD (预算保护 cash=1576 aav帽=ok aav=4)
[17:37:43] t=3568 TANK HTNK x2
[17:37:43] t=3568 DEBT-GATE HTNK x2 (debt=0 eff=1576 < 1800)
[17:37:45] t=3568 jev VEH HTNK HOLD (预算保护 cash=1576 aav帽=ok aav=4)
[17:37:45] t=3570 TANK HTNK x2
[17:37:45] t=3570 DEBT-GATE HTNK x2 (debt=0 eff=1576 < 1800)
[17:37:47] t=3570 jev VEH HTNK HOLD (预算保护 cash=1576 aav帽=ok aav=4)
[17:37:47] t=3573 TANK HTNK x2
[17:37:47] t=3573 DEBT-GATE HTNK x2 (debt=0 eff=1576 < 1800)
[17:37:49] t=3573 jev VEH HTNK HOLD (预算保护 cash=1576 aav帽=ok aav=4)
[17:37:49] t=3573 MOVE assault x29 -> (70,117)
[17:37:49] {"kind": "action", "what": "attack_move", "name": null, "qty": null, "tid": null, "ts": "17:37:49"}
[17:37:49] t=3576 TANK HTNK x2
[17:37:49] t=3576 DEBT-GATE HTNK x2 (debt=0 eff=1576 < 1800)
[17:37:51] t=3576 jev VEH HTNK HOLD (预算保护 cash=1576 aav帽=ok aav=4)
[17:37:51] t=3576 MOVE raid x2 -> (81,118)
[17:37:51] {"kind": "action", "what": "attack_move", "name": null, "qty": null, "tid": null, "ts": "17:37:51"}
[17:37:51] t=3579 TANK HTNK x2
[17:37:51] t=3579 DEBT-GATE HTNK x2 (debt=0 eff=1576 < 1800)
[17:37:53] t=3579 jev VEH HTNK HOLD (预算保护 cash=1576 aav帽=ok aav=4)
[17:37:53] t=3581 TANK HTNK x2
[17:37:53] t=3581 DEBT-GATE HTNK x2 (debt=0 eff=1576 < 1800)
[17:37:55] t=3581 jev VEH HTNK HOLD (预算保护 cash=1576 aav帽=ok aav=4)
[17:37:55] t=3584 TANK HTNK x2
[17:37:55] t=3584 DEBT-GATE HTNK x2 (debt=0 eff=1576 < 1800)
[17:37:57] t=3584 jev VEH HTNK HOLD (预算保护 cash=1576 aav帽=ok aav=4)
[17:37:57] t=3587 TANK HTNK x2
[17:37:57] t=3587 DEBT-GATE HTNK x2 (debt=0 eff=1576 < 1800)
[17:37:59] t=3587 jev VEH HTNK HOLD (预算保护 cash=1576 aav帽=ok aav=4)
[17:37:59] t=3587 MOVE hold_b x2 -> (126,75)
[17:37:59] {"kind": "action", "what": "attack_move", "name": null, "qty": null, "tid": null, "ts": "17:37:59"}
[17:37:59] t=3589 TANK HTNK x2
[17:37:59] t=3589 DEBT-GATE HTNK x2 (debt=0 eff=1576 < 1800)
[17:38:01] t=3589 jev VEH HTNK HOLD (预算保护 cash=1576 aav帽=ok aav=4)
[17:38:01] t=3589 MOVE assault x29 -> (70,117); aahunt x2 -> (125,84)
[17:38:01] {"kind": "action", "what": "attack_move", "name": null, "qty": null, "tid": null, "ts": "17:38:01"}
[17:38:01] {"kind": "action", "what": "attack_move", "name": null, "qty": null, "tid": null, "ts": "17:38:01"}
[17:38:01] t=3592 TANK HTNK x2
[17:38:01] t=3592 DEBT-GATE HTNK x2 (debt=0 eff=1576 < 1800)
[17:38:03] t=3592 jev VEH HTNK HOLD (预算保护 cash=1576 aav帽=ok aav=4)
[17:38:03] t=3595 TANK HTNK x2
[17:38:03] t=3595 DEBT-GATE HTNK x2 (debt=0 eff=1576 < 1800)
[17:38:05] t=3595 jev VEH HTNK HOLD (预算保护 cash=1576 aav帽=ok aav=4)
[17:38:05] t=3598 TANK HTNK x2
[17:38:05] t=3598 DEBT-GATE HTNK x2 (debt=0 eff=1576 < 1800)
[17:38:07] t=3598 jev VEH HTNK HOLD (预算保护 cash=1576 aav帽=ok aav=4)
[17:38:07] t=3600 TANK HTNK x2
[17:38:07] t=3600 ESCORT 坦克#2987 -> 护航矿车@[128, 105]
[17:38:07] t=3600 DEBT-GATE HTNK x2 (debt=0 eff=1576 < 1800)
[17:38:07] {"kind": "action", "what": "attack_move", "name": null, "qty": null, "tid": null, "ts": "17:38:07"}
[17:38:09] t=3600 jev VEH HTNK HOLD (预算保护 cash=1576 aav帽=ok aav=4)
[17:38:09] t=3603 TANK HTNK x2
[17:38:09] t=3603 DEBT-GATE HTNK x2 (debt=0 eff=1576 < 1800)
[17:38:11] t=3603 jev VEH HTNK HOLD (预算保护 cash=1576 aav帽=ok aav=4)
[17:38:11] t=3603 MOVE raid x2 -> (81,118)
[17:38:11] {"kind": "action", "what": "attack_move", "name": null, "qty": null, "tid": null, "ts": "17:38:11"}
[17:38:11] t=3606 TANK HTNK x2
[17:38:11] t=3606 DEBT-GATE HTNK x2 (debt=0 eff=1576 < 1800)
[17:38:13] t=3606 jev VEH HTNK HOLD (预算保护 cash=1576 aav帽=ok aav=4)
[17:38:13] t=3606 MOVE assault x29 -> (70,117)
[17:38:13] {"kind": "action", "what": "attack_move", "name": null, "qty": null, "tid": null, "ts": "17:38:13"}
[17:38:14] t=3608 TANK HTNK x2
[17:38:14] t=3608 DEBT-GATE HTNK x2 (debt=0 eff=1576 < 1800)
[17:38:15] t=3608 jev VEH HTNK HOLD (预算保护 cash=1576 aav帽=ok aav=4)
[17:38:16] t=3611 TANK HTNK x2
[17:38:16] t=3611 DEBT-GATE HTNK x2 (debt=0 eff=1576 < 1800)
[17:38:17] t=3611 jev VEH HTNK HOLD (预算保护 cash=1576 aav帽=ok aav=4)
[17:38:18] t=3614 TANK HTNK x2
[17:38:18] t=3614 DEBT-GATE HTNK x2 (debt=0 eff=1576 < 1800)
[17:38:19] t=3614 jev VEH HTNK HOLD (预算保护 cash=1576 aav帽=ok aav=4)
[17:38:20] t=3616 TANK HTNK x2
[17:38:20] t=3616 DEBT-GATE HTNK x2 (debt=0 eff=1576 < 1800)
[17:38:21] t=3616 jev VEH HTNK HOLD (预算保护 cash=1576 aav帽=ok aav=4)
[17:38:21] t=3616 MOVE hold_a x2 -> (133,86)
[17:38:21] {"kind": "action", "what": "attack_move", "name": null, "qty": null, "tid": null, "ts": "17:38:21"}
[17:38:22] t=3619 TANK HTNK x2
[17:38:22] t=3619 DEBT-GATE HTNK x2 (debt=0 eff=1576 < 1800)
[17:38:23] t=3619 jev VEH HTNK HOLD (预算保护 cash=1576 aav帽=ok aav=4)
[17:38:24] t=3622 TANK HTNK x2
[17:38:24] {"kind": "action", "what": "produce", "name": "HTNK", "qty": 2, "tid": null, "ts": "17:38:24"}
[17:38:25] t=3622 MOVE assault x29 -> (70,117)
[17:38:26] {"kind": "action", "what": "attack_move", "name": null, "qty": null, "tid": null, "ts": "17:38:26"}
[17:38:30] t=3627 tick#1400 credits=1193 stance=attack | jev 1400 decisions p50=1742ms
[17:38:32] t=3630 MOVE raid x2 -> (81,118); aahunt x2 -> (125,84)
[17:38:32] {"kind": "action", "what": "attack_move", "name": null, "qty": null, "tid": null, "ts": "17:38:32"}
[17:38:32] {"kind": "action", "what": "attack_move", "name": null, "qty": null, "tid": null, "ts": "17:38:32"}
[17:38:38] t=3638 jev VEH HTNK HOLD (预算保护 cash=76 aav帽=ok aav=4)
[17:38:38] t=3638 MOVE assault x31 -> (70,117)
[17:38:38] {"kind": "action", "what": "attack_move", "name": null, "qty": null, "tid": null, "ts": "17:38:38"}
[17:38:38] t=3641 ESCORT 坦克#2869 -> 护航矿车@[115, 135]
[17:38:38] {"kind": "action", "what": "attack_move", "name": null, "qty": null, "tid": null, "ts": "17:38:38"}
[17:38:40] t=3641 jev VEH HTNK HOLD (预算保护 cash=76 aav帽=ok aav=4)
[17:38:42] t=3644 jev VEH HTNK HOLD (预算保护 cash=76 aav帽=ok aav=4)
[17:38:44] t=3647 jev VEH HTNK HOLD (预算保护 cash=76 aav帽=ok aav=4)
[17:38:44] t=3649 RETREAT HTNK(31%)
[17:38:44] {"kind": "action", "what": "move", "name": null, "qty": null, "tid": null, "ts": "17:38:44"}
[17:38:46] t=3649 jev VEH HTNK HOLD (预算保护 cash=76 aav帽=ok aav=4)
[17:38:48] t=3652 jev VEH HTNK HOLD (预算保护 cash=76 aav帽=ok aav=4)
[17:38:50] t=3655 jev VEH HTNK HOLD (预算保护 cash=526 aav帽=ok aav=4)
[17:38:50] t=3655 MOVE assault x31 -> (70,117)
[17:38:50] {"kind": "action", "what": "attack_move", "name": null, "qty": null, "tid": null, "ts": "17:38:50"}
[17:38:52] t=3657 jev VEH HTNK HOLD (预算保护 cash=526 aav帽=ok aav=4)
[17:38:52] t=3657 MOVE raid x2 -> (81,118)
[17:38:52] {"kind": "action", "what": "attack_move", "name": null, "qty": null, "tid": null, "ts": "17:38:52"}
[17:38:54] t=3660 jev VEH HTNK HOLD (预算保护 cash=526 aav帽=ok aav=4)
[17:38:56] t=3663 jev VEH HTNK HOLD (预算保护 cash=526 aav帽=ok aav=4)
[17:38:58] t=3665 jev VEH HTNK HOLD (预算保护 cash=526 aav帽=ok aav=4)
[17:39:00] t=3668 jev VEH HTNK HOLD (预算保护 cash=526 aav帽=ok aav=4)
[17:39:00] t=3668 MOVE hold_b x2 -> (126,75)
[17:39:00] {"kind": "action", "what": "attack_move", "name": null, "qty": null, "tid": null, "ts": "17:39:00"}
[17:39:02] t=3671 jev VEH HTNK HOLD (预算保护 cash=526 aav帽=ok aav=4)
[17:39:02] t=3671 MOVE assault x31 -> (70,117); aahunt x2 -> (125,84)
[17:39:02] {"kind": "action", "what": "attack_move", "name": null, "qty": null, "tid": null, "ts": "17:39:02"}
[17:39:02] {"kind": "action", "what": "attack_move", "name": null, "qty": null, "tid": null, "ts": "17:39:02"}
[17:39:04] t=3674 jev VEH HTNK HOLD (预算保护 cash=526 aav帽=ok aav=4)
[17:39:06] t=3676 jev VEH HTNK HOLD (预算保护 cash=526 aav帽=ok aav=4)
[17:39:08] t=3679 jev VEH HTNK HOLD (预算保护 cash=526 aav帽=ok aav=4)
[17:39:09] t=3682 ESCORT 坦克#2869 -> 护航矿车@[117, 135]
[17:39:09] {"kind": "action", "what": "attack_move", "name": null, "qty": null, "tid": null, "ts": "17:39:09"}
[17:39:10] t=3682 jev VEH HTNK HOLD (预算保护 cash=526 aav帽=ok aav=4)
[17:39:12] t=3685 jev VEH HTNK HOLD (预算保护 cash=526 aav帽=ok aav=4)
[17:39:12] t=3685 MOVE raid x2 -> (81,118)
[17:39:12] {"kind": "action", "what": "attack_move", "name": null, "qty": null, "tid": null, "ts": "17:39:12"}
[17:39:14] t=3687 jev VEH HTNK HOLD (预算保护 cash=526 aav帽=ok aav=4)
[17:39:14] t=3687 MOVE assault x31 -> (70,117)
[17:39:14] {"kind": "action", "what": "attack_move", "name": null, "qty": null, "tid": null, "ts": "17:39:14"}
[17:39:17] t=3690 jev VEH HTNK HOLD (预算保护 cash=526 aav帽=ok aav=4)
[17:39:19] t=3693 jev VEH HTNK HOLD (预算保护 cash=526 aav帽=ok aav=4)
[17:39:21] t=3695 jev VEH HTNK HOLD (预算保护 cash=526 aav帽=ok aav=4)
[17:39:21] t=3695 tick#1425 credits=526 stance=attack | jev 1425 decisions p50=1743ms
[17:39:23] t=3698 jev VEH HTNK HOLD (预算保护 cash=526 aav帽=ok aav=4)
[17:39:23] t=3698 MOVE hold_a x2 -> (133,86)
[17:39:23] {"kind": "action", "what": "attack_move", "name": null, "qty": null, "tid": null, "ts": "17:39:23"}
[17:39:25] t=3701 jev VEH HTNK HOLD (预算保护 cash=526 aav帽=ok aav=4)
[17:39:27] t=3704 jev VEH HTNK HOLD (预算保护 cash=526 aav帽=ok aav=4)
[17:39:27] t=3704 MOVE assault x31 -> (70,117)
[17:39:27] {"kind": "action", "what": "attack_move", "name": null, "qty": null, "tid": null, "ts": "17:39:27"}
[17:39:29] t=3706 jev VEH HTNK HOLD (预算保护 cash=526 aav帽=ok aav=4)
[17:39:29] t=3709 TANK HTNK x1
[17:39:29] t=3709 DEBT-GATE HTNK x1 (debt=0 eff=826 < 900)
[17:39:31] t=3709 jev VEH HTNK HOLD (预算保护 cash=826 aav帽=ok aav=4)
[17:39:31] t=3712 TANK HTNK x1
[17:39:31] t=3712 DEBT-GATE HTNK x1 (debt=0 eff=826 < 900)
[17:39:33] t=3712 jev VEH HTNK HOLD (预算保护 cash=826 aav帽=ok aav=4)
[17:39:33] t=3712 MOVE raid x2 -> (81,118); aahunt x2 -> (125,84)
[17:39:33] {"kind": "action", "what": "attack_move", "name": null, "qty": null, "tid": null, "ts": "17:39:33"}
[17:39:33] {"kind": "action", "what": "attack_move", "name": null, "qty": null, "tid": null, "ts": "17:39:33"}
[17:39:33] t=3714 TANK HTNK x1
[17:39:33] t=3714 DEBT-GATE HTNK x1 (debt=0 eff=826 < 900)
[17:39:35] t=3714 jev VEH HTNK HOLD (预算保护 cash=826 aav帽=ok aav=4)
[17:39:35] t=3717 TANK HTNK x1
[17:39:35] t=3717 DEBT-GATE HTNK x1 (debt=0 eff=826 < 900)
[17:39:37] t=3717 jev VEH HTNK HOLD (预算保护 cash=826 aav帽=ok aav=4)
[17:39:37] t=3720 TANK HTNK x1
[17:39:37] t=3720 DEBT-GATE HTNK x1 (debt=0 eff=826 < 900)
[17:39:39] t=3720 jev VEH HTNK HOLD (预算保护 cash=826 aav帽=ok aav=4)
[17:39:39] t=3720 MOVE assault x31 -> (70,117)
[17:39:39] {"kind": "action", "what": "attack_move", "name": null, "qty": null, "tid": null, "ts": "17:39:39"}
[17:39:39] t=3722 TANK HTNK x1
[17:39:39] t=3722 ESCORT 坦克#3028 -> 护航矿车@[126, 105]
[17:39:39] t=3722 DEBT-GATE HTNK x1 (debt=0 eff=826 < 900)
[17:39:39] {"kind": "action", "what": "attack_move", "name": null, "qty": null, "tid": null, "ts": "17:39:39"}
[17:39:41] t=3722 jev VEH HTNK HOLD (预算保护 cash=826 aav帽=ok aav=4)
[17:39:41] t=3725 TANK HTNK x1
[17:39:41] t=3725 DEBT-GATE HTNK x1 (debt=0 eff=826 < 900)
[17:39:43] t=3725 jev VEH HTNK HOLD (预算保护 cash=826 aav帽=ok aav=4)
[17:39:43] t=3728 TANK HTNK x1
[17:39:43] t=3728 DEBT-GATE HTNK x1 (debt=0 eff=826 < 900)
[17:39:45] t=3728 jev VEH HTNK HOLD (预算保护 cash=826 aav帽=ok aav=4)
[17:39:45] t=3730 TANK HTNK x1
[17:39:45] t=3730 DEBT-GATE HTNK x1 (debt=0 eff=826 < 900)
[17:39:47] t=3730 jev VEH HTNK HOLD (预算保护 cash=826 aav帽=ok aav=4)
[17:39:47] t=3733 TANK HTNK x1
[17:39:47] t=3733 DEBT-GATE HTNK x1 (debt=0 eff=826 < 900)
[17:39:49] t=3733 jev VEH HTNK HOLD (预算保护 cash=826 aav帽=ok aav=4)
[17:39:49] t=3736 TANK HTNK x1
[17:39:49] t=3736 DEBT-GATE HTNK x1 (debt=0 eff=826 < 900)
[17:39:51] t=3736 jev VEH HTNK HOLD (预算保护 cash=826 aav帽=ok aav=4)
[17:39:51] t=3736 MOVE assault x31 -> (70,117)
[17:39:51] {"kind": "action", "what": "attack_move", "name": null, "qty": null, "tid": null, "ts": "17:39:51"}
[17:39:51] t=3739 TANK HTNK x1
[17:39:51] t=3739 DEBT-GATE HTNK x1 (debt=0 eff=826 < 900)
[17:39:53] t=3739 jev VEH HTNK HOLD (预算保护 cash=826 aav帽=ok aav=4)
[17:39:53] t=3739 MOVE raid x2 -> (81,118)
[17:39:53] {"kind": "action", "what": "attack_move", "name": null, "qty": null, "tid": null, "ts": "17:39:53"}
[17:39:53] t=3741 TANK HTNK x1
[17:39:53] t=3741 DEBT-GATE HTNK x1 (debt=0 eff=826 < 900)
[17:39:55] t=3741 jev VEH HTNK HOLD (预算保护 cash=826 aav帽=ok aav=4)
[17:39:55] t=3744 TANK HTNK x2
[17:39:55] t=3744 DEBT-GATE HTNK x2 (debt=0 eff=1426 < 1800)
[17:39:57] t=3744 jev VEH HTNK HOLD (预算保护 cash=1426 aav帽=ok aav=4)
[17:39:57] t=3747 TANK HTNK x2
[17:39:57] t=3747 DEBT-GATE HTNK x2 (debt=0 eff=1426 < 1800)
[17:39:59] t=3747 jev VEH HTNK HOLD (预算保护 cash=1426 aav帽=ok aav=4)
[17:39:59] t=3749 TANK HTNK x2
[17:39:59] t=3749 DEBT-GATE HTNK x2 (debt=0 eff=1426 < 1800)
[17:40:01] t=3749 jev VEH HTNK HOLD (预算保护 cash=1426 aav帽=ok aav=4)
[17:40:01] t=3749 MOVE hold_b x2 -> (126,75)
[17:40:01] {"kind": "action", "what": "attack_move", "name": null, "qty": null, "tid": null, "ts": "17:40:01"}
[17:40:01] t=3752 TANK HTNK x2
[17:40:01] t=3752 DEBT-GATE HTNK x2 (debt=0 eff=1426 < 1800)
[17:40:03] t=3752 jev VEH HTNK HOLD (预算保护 cash=1426 aav帽=ok aav=4)
[17:40:03] t=3752 MOVE assault x31 -> (70,117); aahunt x2 -> (125,84)
[17:40:03] {"kind": "action", "what": "attack_move", "name": null, "qty": null, "tid": null, "ts": "17:40:03"}
[17:40:03] {"kind": "action", "what": "attack_move", "name": null, "qty": null, "tid": null, "ts": "17:40:03"}
[17:40:03] t=3755 TANK HTNK x2
[17:40:03] t=3755 DEBT-GATE HTNK x2 (debt=0 eff=1426 < 1800)
[17:40:05] t=3755 jev VEH HTNK HOLD (预算保护 cash=1426 aav帽=ok aav=4)
[17:40:05] t=3758 TANK HTNK x2
[17:40:05] t=3758 DEBT-GATE HTNK x2 (debt=0 eff=1426 < 1800)
[17:40:07] t=3758 jev VEH HTNK HOLD (预算保护 cash=1426 aav帽=ok aav=4)
[17:40:07] t=3760 TANK HTNK x2
[17:40:07] {"kind": "action", "what": "produce", "name": "HTNK", "qty": 2, "tid": null, "ts": "17:40:07"}
[17:40:09] t=3763 ESCORT 坦克#2987 -> 护航矿车@[121, 102]
[17:40:09] {"kind": "action", "what": "attack_move", "name": null, "qty": null, "tid": null, "ts": "17:40:09"}
[17:40:11] t=3763 tick#1450 credits=1468 stance=attack | jev 1450 decisions p50=1742ms
[17:40:13] t=3766 MOVE raid x2 -> (81,118)
[17:40:13] {"kind": "action", "what": "attack_move", "name": null, "qty": null, "tid": null, "ts": "17:40:13"}
[17:40:15] t=3768 MOVE assault x32 -> (70,117)
[17:40:15] {"kind": "action", "what": "attack_move", "name": null, "qty": null, "tid": null, "ts": "17:40:15"}
[17:40:21] t=3777 jev VEH HTNK HOLD (预算保护 cash=1 aav帽=ok aav=4)
[17:40:23] t=3779 jev VEH HTNK HOLD (预算保护 cash=1 aav帽=ok aav=4)
[17:40:23] t=3779 MOVE hold_a x2 -> (133,86)
[17:40:23] {"kind": "action", "what": "attack_move", "name": null, "qty": null, "tid": null, "ts": "17:40:23"}
[17:40:25] t=3782 jev VEH HTNK HOLD (预算保护 cash=1 aav帽=ok aav=4)
[17:40:26] t=3785 RETREAT HTNK(30%)
[17:40:26] {"kind": "action", "what": "move", "name": null, "qty": null, "tid": null, "ts": "17:40:26"}
[17:40:28] t=3785 jev VEH HTNK HOLD (预算保护 cash=1 aav帽=ok aav=4)
[17:40:28] t=3785 MOVE assault x33 -> (70,117)
[17:40:28] {"kind": "action", "what": "attack_move", "name": null, "qty": null, "tid": null, "ts": "17:40:28"}
[17:40:30] t=3787 jev VEH HTNK HOLD (预算保护 cash=1 aav帽=ok aav=4)
[17:40:32] t=3790 jev VEH HTNK HOLD (预算保护 cash=1 aav帽=ok aav=4)
[17:40:34] t=3793 jev VEH HTNK HOLD (预算保护 cash=1 aav帽=ok aav=4)
[17:40:34] t=3793 MOVE raid x2 -> (81,118); aahunt x2 -> (125,84)
[17:40:34] {"kind": "action", "what": "attack_move", "name": null, "qty": null, "tid": null, "ts": "17:40:34"}
[17:40:34] {"kind": "action", "what": "attack_move", "name": null, "qty": null, "tid": null, "ts": "17:40:34"}
[17:40:36] t=3796 jev VEH HTNK HOLD (预算保护 cash=301 aav帽=ok aav=4)
[17:40:38] t=3798 jev VEH HTNK HOLD (预算保护 cash=301 aav帽=ok aav=4)
[17:40:40] t=3801 jev VEH HTNK HOLD (预算保护 cash=301 aav帽=ok aav=4)
[17:40:40] t=3801 MOVE assault x33 -> (70,117)
[17:40:40] {"kind": "action", "what": "attack_move", "name": null, "qty": null, "tid": null, "ts": "17:40:40"}
[17:40:40] t=3804 ESCORT 坦克#3067 -> 护航矿车@[127, 105]
[17:40:40] {"kind": "action", "what": "attack_move", "name": null, "qty": null, "tid": null, "ts": "17:40:40"}
[17:40:42] t=3804 jev VEH HTNK HOLD (预算保护 cash=301 aav帽=ok aav=4)
[17:40:44] t=3806 jev VEH HTNK HOLD (预算保护 cash=301 aav帽=ok aav=4)
[17:40:46] t=3809 jev VEH HTNK HOLD (预算保护 cash=301 aav帽=ok aav=4)
[17:40:48] t=3812 jev VEH HTNK HOLD (预算保护 cash=301 aav帽=ok aav=4)
[17:40:50] t=3815 jev VEH HTNK HOLD (预算保护 cash=301 aav帽=ok aav=4)
[17:40:52] t=3817 jev VEH HTNK HOLD (预算保护 cash=301 aav帽=ok aav=4)
[17:40:52] t=3817 MOVE assault x33 -> (70,117)
[17:40:52] {"kind": "action", "what": "attack_move", "name": null, "qty": null, "tid": null, "ts": "17:40:52"}
[17:40:54] t=3820 jev VEH HTNK HOLD (预算保护 cash=301 aav帽=ok aav=4)
[17:40:54] t=3820 MOVE raid x2 -> (81,118)
[17:40:54] {"kind": "action", "what": "attack_move", "name": null, "qty": null, "tid": null, "ts": "17:40:54"}
[17:40:56] t=3823 jev VEH HTNK HOLD (预算保护 cash=301 aav帽=ok aav=4)
[17:40:58] t=3825 jev VEH HTNK HOLD (预算保护 cash=301 aav帽=ok aav=4)
[17:41:00] t=3828 jev VEH HTNK HOLD (预算保护 cash=301 aav帽=ok aav=4)
[17:41:02] t=3831 jev VEH HTNK HOLD (预算保护 cash=301 aav帽=ok aav=4)
[17:41:02] t=3831 MOVE hold_b x2 -> (126,75)
[17:41:02] {"kind": "action", "what": "attack_move", "name": null, "qty": null, "tid": null, "ts": "17:41:02"}
[17:41:02] t=3831 tick#1475 credits=301 stance=attack | jev 1475 decisions p50=1742ms
[17:41:04] t=3833 jev VEH HTNK HOLD (预算保护 cash=301 aav帽=ok aav=4)
[17:41:04] t=3833 MOVE assault x33 -> (70,117); aahunt x2 -> (125,84)
[17:41:04] {"kind": "action", "what": "attack_move", "name": null, "qty": null, "tid": null, "ts": "17:41:04"}
[17:41:04] {"kind": "action", "what": "attack_move", "name": null, "qty": null, "tid": null, "ts": "17:41:04"}
[17:41:06] t=3836 jev VEH HTNK HOLD (预算保护 cash=301 aav帽=ok aav=4)
[17:41:08] t=3839 jev VEH HTNK HOLD (预算保护 cash=301 aav帽=ok aav=4)
[17:41:10] t=3842 jev VEH HTNK HOLD (预算保护 cash=301 aav帽=ok aav=4)
[17:41:10] t=3844 ESCORT 坦克#2869 -> 护航矿车@[117, 133]
[17:41:10] {"kind": "action", "what": "attack_move", "name": null, "qty": null, "tid": null, "ts": "17:41:10"}
[17:41:12] t=3844 jev VEH HTNK HOLD (预算保护 cash=301 aav帽=ok aav=4)
[17:41:14] t=3847 jev VEH HTNK HOLD (预算保护 cash=301 aav帽=ok aav=4)
[17:41:14] t=3847 MOVE raid x2 -> (81,118)
[17:41:14] {"kind": "action", "what": "attack_move", "name": null, "qty": null, "tid": null, "ts": "17:41:14"}
[17:41:16] t=3850 jev VEH HTNK HOLD (预算保护 cash=301 aav帽=ok aav=4)
[17:41:16] t=3850 MOVE assault x33 -> (70,117)
[17:41:16] {"kind": "action", "what": "attack_move", "name": null, "qty": null, "tid": null, "ts": "17:41:16"}
[17:41:18] t=3853 jev VEH HTNK HOLD (预算保护 cash=301 aav帽=ok aav=4)
[17:41:20] t=3855 jev VEH HTNK HOLD (预算保护 cash=301 aav帽=ok aav=4)
[17:41:22] t=3858 jev VEH HTNK HOLD (预算保护 cash=301 aav帽=ok aav=4)
[17:41:24] t=3861 jev VEH HTNK HOLD (预算保护 cash=601 aav帽=ok aav=4)
[17:41:24] t=3861 MOVE hold_a x2 -> (133,86)
[17:41:24] {"kind": "action", "what": "attack_move", "name": null, "qty": null, "tid": null, "ts": "17:41:24"}
[17:41:26] t=3863 jev VEH HTNK HOLD (预算保护 cash=601 aav帽=ok aav=4)
[17:41:28] t=3866 jev VEH HTNK HOLD (预算保护 cash=601 aav帽=ok aav=4)
[17:41:28] t=3866 MOVE assault x33 -> (70,117)
[17:41:28] {"kind": "action", "what": "attack_move", "name": null, "qty": null, "tid": null, "ts": "17:41:28"}
[17:41:29] t=3869 TANK HTNK x1
[17:41:29] t=3869 DEBT-GATE HTNK x1 (debt=0 eff=826 < 900)
[17:41:30] t=3869 jev VEH HTNK HOLD (预算保护 cash=826 aav帽=ok aav=4)
[17:41:31] t=3871 TANK HTNK x1
[17:41:31] t=3871 DEBT-GATE HTNK x1 (debt=0 eff=826 < 900)
[17:41:32] t=3871 jev VEH HTNK HOLD (预算保护 cash=826 aav帽=ok aav=4)
[17:41:33] t=3874 TANK HTNK x1
[17:41:33] t=3874 DEBT-GATE HTNK x1 (debt=0 eff=826 < 900)
[17:41:34] t=3874 jev VEH HTNK HOLD (预算保护 cash=826 aav帽=ok aav=4)
[17:41:34] t=3874 MOVE raid x2 -> (81,118); aahunt x2 -> (125,84)
[17:41:35] {"kind": "action", "what": "attack_move", "name": null, "qty": null, "tid": null, "ts": "17:41:35"}
[17:41:35] {"kind": "action", "what": "attack_move", "name": null, "qty": null, "tid": null, "ts": "17:41:35"}
[17:41:35] t=3877 TANK HTNK x1
[17:41:35] t=3877 DEBT-GATE HTNK x1 (debt=0 eff=826 < 900)
[17:41:37] t=3877 jev VEH HTNK HOLD (预算保护 cash=826 aav帽=ok aav=4)
[17:41:37] t=3879 TANK HTNK x1
[17:41:37] t=3879 DEBT-GATE HTNK x1 (debt=0 eff=826 < 900)
[17:41:39] t=3879 jev VEH HTNK HOLD (预算保护 cash=826 aav帽=ok aav=4)
[17:41:39] t=3882 TANK HTNK x1
[17:41:39] t=3882 DEBT-GATE HTNK x1 (debt=0 eff=826 < 900)
[17:41:41] t=3882 jev VEH HTNK HOLD (预算保护 cash=826 aav帽=ok aav=4)
[17:41:41] t=3882 MOVE assault x33 -> (70,117)
[17:41:41] {"kind": "action", "what": "attack_move", "name": null, "qty": null, "tid": null, "ts": "17:41:41"}
[17:41:41] t=3885 TANK HTNK x1
[17:41:41] t=3885 ESCORT 坦克#3028 -> 护航矿车@[120, 107]
[17:41:41] t=3885 DEBT-GATE HTNK x1 (debt=0 eff=826 < 900)
[17:41:41] {"kind": "action", "what": "attack_move", "name": null, "qty": null, "tid": null, "ts": "17:41:41"}
[17:41:43] t=3885 jev VEH HTNK HOLD (预算保护 cash=826 aav帽=ok aav=4)
[17:41:43] t=3888 TANK HTNK x1
[17:41:43] t=3888 DEBT-GATE HTNK x1 (debt=0 eff=826 < 900)
[17:41:45] t=3888 jev VEH HTNK HOLD (预算保护 cash=826 aav帽=ok aav=4)
[17:41:45] t=3890 TANK HTNK x1
[17:41:45] t=3890 DEBT-GATE HTNK x1 (debt=0 eff=826 < 900)
[17:41:47] t=3890 jev VEH HTNK HOLD (预算保护 cash=826 aav帽=ok aav=4)
[17:41:47] t=3893 TANK HTNK x1
[17:41:47] t=3893 DEBT-GATE HTNK x1 (debt=0 eff=826 < 900)
[17:41:49] t=3893 jev VEH HTNK HOLD (预算保护 cash=826 aav帽=ok aav=4)
[17:41:49] t=3896 TANK HTNK x1
[17:41:49] t=3896 DEBT-GATE HTNK x1 (debt=0 eff=826 < 900)
[17:41:51] t=3896 jev VEH HTNK HOLD (预算保护 cash=826 aav帽=ok aav=4)
[17:41:51] t=3898 TANK HTNK x1
[17:41:51] t=3898 DEBT-GATE HTNK x1 (debt=0 eff=826 < 900)
[17:41:53] t=3898 jev VEH HTNK HOLD (预算保护 cash=826 aav帽=ok aav=4)
[17:41:53] t=3898 MOVE assault x33 -> (70,117)
[17:41:53] {"kind": "action", "what": "attack_move", "name": null, "qty": null, "tid": null, "ts": "17:41:53"}
[17:41:53] t=3898 tick#1500 credits=826 stance=attack | jev 1500 decisions p50=1743ms
[17:41:53] t=3901 TANK HTNK x1
[17:41:53] t=3901 DEBT-GATE HTNK x1 (debt=0 eff=826 < 900)
[17:41:55] t=3901 jev VEH HTNK HOLD (预算保护 cash=826 aav帽=ok aav=4)
[17:41:55] t=3901 MOVE raid x2 -> (81,118)
[17:41:55] {"kind": "action", "what": "attack_move", "name": null, "qty": null, "tid": null, "ts": "17:41:55"}
[17:41:55] t=3904 TANK HTNK x1
[17:41:55] t=3904 DEBT-GATE HTNK x1 (debt=0 eff=826 < 900)
[17:41:57] t=3904 jev VEH HTNK HOLD (预算保护 cash=826 aav帽=ok aav=4)
[17:41:57] t=3907 TANK HTNK x1
[17:41:57] t=3907 DEBT-GATE HTNK x1 (debt=0 eff=826 < 900)
[17:41:59] t=3907 jev VEH HTNK HOLD (预算保护 cash=826 aav帽=ok aav=4)
[17:41:59] t=3909 TANK HTNK x1
[17:41:59] t=3909 DEBT-GATE HTNK x1 (debt=0 eff=826 < 900)
[17:42:01] t=3909 jev VEH HTNK HOLD (预算保护 cash=826 aav帽=ok aav=4)
[17:42:01] t=3912 TANK HTNK x1
[17:42:01] t=3912 DEBT-GATE HTNK x1 (debt=0 eff=826 < 900)
[17:42:03] t=3912 jev VEH HTNK HOLD (预算保护 cash=826 aav帽=ok aav=4)
[17:42:03] t=3912 MOVE hold_b x2 -> (126,75)
[17:42:03] {"kind": "action", "what": "attack_move", "name": null, "qty": null, "tid": null, "ts": "17:42:03"}
[17:42:03] t=3915 TANK HTNK x1
[17:42:03] t=3915 DEBT-GATE HTNK x1 (debt=0 eff=826 < 900)
[17:42:05] t=3915 jev VEH HTNK HOLD (预算保护 cash=826 aav帽=ok aav=4)
[17:42:05] t=3915 MOVE assault x33 -> (70,117); aahunt x2 -> (125,84)
[17:42:05] {"kind": "action", "what": "attack_move", "name": null, "qty": null, "tid": null, "ts": "17:42:05"}
[17:42:05] {"kind": "action", "what": "attack_move", "name": null, "qty": null, "tid": null, "ts": "17:42:05"}
[17:42:05] t=3918 TANK HTNK x1
[17:42:05] t=3918 DEBT-GATE HTNK x1 (debt=0 eff=826 < 900)
[17:42:07] t=3918 jev VEH HTNK HOLD (预算保护 cash=826 aav帽=ok aav=4)
[17:42:07] t=3920 TANK HTNK x1
[17:42:07] t=3920 DEBT-GATE HTNK x1 (debt=0 eff=826 < 900)
[17:42:09] t=3920 jev VEH HTNK HOLD (预算保护 cash=826 aav帽=ok aav=4)
[17:42:09] t=3923 TANK HTNK x1
[17:42:09] t=3923 DEBT-GATE HTNK x1 (debt=0 eff=826 < 900)
[17:42:11] t=3923 jev VEH HTNK HOLD (预算保护 cash=826 aav帽=ok aav=4)
[17:42:11] t=3926 TANK HTNK x2
[17:42:11] t=3926 ESCORT 坦克#2949 -> 护航矿车@[128, 105]
[17:42:11] t=3926 DEBT-GATE HTNK x2 (debt=0 eff=1426 < 1800)
[17:42:11] {"kind": "action", "what": "attack_move", "name": null, "qty": null, "tid": null, "ts": "17:42:11"}
[17:42:13] t=3926 jev VEH HTNK HOLD (预算保护 cash=1426 aav帽=ok aav=4)
[17:42:13] t=3928 TANK HTNK x2
[17:42:13] t=3928 DEBT-GATE HTNK x2 (debt=0 eff=1426 < 1800)
[17:42:15] t=3928 jev VEH HTNK HOLD (预算保护 cash=1426 aav帽=ok aav=4)
[17:42:15] t=3928 MOVE raid x2 -> (81,118)
[17:42:15] {"kind": "action", "what": "attack_move", "name": null, "qty": null, "tid": null, "ts": "17:42:15"}
[17:42:16] t=3931 TANK HTNK x2
[17:42:16] t=3931 DEBT-GATE HTNK x2 (debt=0 eff=1426 < 1800)
[17:42:17] t=3931 jev VEH HTNK HOLD (预算保护 cash=1426 aav帽=ok aav=4)
[17:42:17] t=3931 MOVE assault x33 -> (70,117)
[17:42:17] {"kind": "action", "what": "attack_move", "name": null, "qty": null, "tid": null, "ts": "17:42:17"}
[17:42:18] t=3934 TANK HTNK x2
[17:42:18] t=3934 DEBT-GATE HTNK x2 (debt=0 eff=1426 < 1800)
[17:42:19] t=3934 jev VEH HTNK HOLD (预算保护 cash=1426 aav帽=ok aav=4)
[17:42:20] t=3937 TANK HTNK x2
[17:42:20] t=3937 DEBT-GATE HTNK x2 (debt=0 eff=1426 < 1800)
[17:42:21] t=3937 jev VEH HTNK HOLD (预算保护 cash=1426 aav帽=ok aav=4)
[17:42:22] t=3939 TANK HTNK x2
[17:42:22] t=3939 DEBT-GATE HTNK x2 (debt=0 eff=1426 < 1800)
[17:42:23] t=3939 jev VEH HTNK HOLD (预算保护 cash=1426 aav帽=ok aav=4)
[17:42:24] t=3942 TANK HTNK x2
[17:42:24] t=3942 DEBT-GATE HTNK x2 (debt=0 eff=1426 < 1800)
[17:42:25] t=3942 jev VEH HTNK HOLD (预算保护 cash=1426 aav帽=ok aav=4)
[17:42:25] t=3942 MOVE hold_a x2 -> (133,86)
[17:42:25] {"kind": "action", "what": "attack_move", "name": null, "qty": null, "tid": null, "ts": "17:42:25"}
[17:42:26] t=3945 TANK HTNK x2
[17:42:26] t=3945 DEBT-GATE HTNK x2 (debt=0 eff=1426 < 1800)
[17:42:27] t=3945 jev VEH HTNK HOLD (预算保护 cash=1426 aav帽=ok aav=4)
[17:42:28] t=3947 TANK HTNK x2
[17:42:28] t=3947 DEBT-GATE HTNK x2 (debt=0 eff=1426 < 1800)
[17:42:29] t=3947 jev VEH HTNK HOLD (预算保护 cash=1426 aav帽=ok aav=4)
[17:42:29] t=3947 MOVE assault x33 -> (70,117)
[17:42:30] {"kind": "action", "what": "attack_move", "name": null, "qty": null, "tid": null, "ts": "17:42:30"}
[17:42:30] t=3950 TANK HTNK x2
[17:42:30] t=3950 RETREAT HTNK(31%)
[17:42:30] t=3950 DEBT-GATE HTNK x2 (debt=0 eff=1426 < 1800)
[17:42:30] {"kind": "action", "what": "move", "name": null, "qty": null, "tid": null, "ts": "17:42:30"}
[17:42:32] t=3950 jev VEH HTNK HOLD (预算保护 cash=1426 aav帽=ok aav=4)
[17:42:32] t=3953 TANK HTNK x2
[17:42:32] t=3953 DEBT-GATE HTNK x2 (debt=0 eff=1426 < 1800)
[17:42:34] t=3953 jev VEH HTNK HOLD (预算保护 cash=1426 aav帽=ok aav=4)
[17:42:34] t=3955 TANK HTNK x2
[17:42:34] t=3955 DEBT-GATE HTNK x2 (debt=0 eff=1726 < 1800)
[17:42:36] t=3955 jev VEH HTNK (conf 0.12)
[17:42:36] {"kind": "action", "what": "produce", "name": "HTNK", "qty": 1, "tid": null, "ts": "17:42:36"}
[17:42:36] t=3955 MOVE raid x2 -> (81,118); aahunt x2 -> (125,84)
[17:42:36] {"kind": "action", "what": "attack_move", "name": null, "qty": null, "tid": null, "ts": "17:42:36"}
[17:42:36] {"kind": "action", "what": "attack_move", "name": null, "qty": null, "tid": null, "ts": "17:42:36"}
[17:42:42] t=3964 MOVE assault x33 -> (70,117)
[17:42:42] {"kind": "action", "what": "attack_move", "name": null, "qty": null, "tid": null, "ts": "17:42:42"}
[17:42:42] t=3966 TANK HTNK x1
[17:42:42] t=3966 ESCORT 坦克#3028 -> 护航矿车@[120, 120]
[17:42:42] {"kind": "action", "what": "attack_move", "name": null, "qty": null, "tid": null, "ts": "17:42:42"}
[17:42:44] t=3966 jev VEH HTNK HOLD (预算保护 cash=826 aav帽=ok aav=4)
[17:42:44] t=3966 tick#1525 credits=826 stance=attack | jev 1525 decisions p50=1742ms
[17:42:44] t=3969 TANK HTNK x1
[17:42:46] t=3969 jev VEH HTNK HOLD (预算保护 cash=826 aav帽=ok aav=4)
[17:42:46] t=3972 TANK HTNK x1
[17:42:48] t=3972 jev VEH HTNK HOLD (预算保护 cash=826 aav帽=ok aav=4)
[17:42:48] t=3975 TANK HTNK x1
[17:42:50] t=3975 jev VEH HTNK HOLD (预算保护 cash=826 aav帽=ok aav=4)
[17:42:50] t=3977 TANK HTNK x1
[17:42:52] t=3977 jev VEH HTNK HOLD (预算保护 cash=826 aav帽=ok aav=4)
[17:42:52] t=3980 TANK HTNK x1
[17:42:54] t=3980 jev VEH HTNK HOLD (预算保护 cash=826 aav帽=ok aav=4)
[17:42:54] t=3980 MOVE assault x34 -> (70,117)
[17:42:54] {"kind": "action", "what": "attack_move", "name": null, "qty": null, "tid": null, "ts": "17:42:54"}
[17:42:54] t=3983 TANK HTNK x1
[17:42:56] t=3983 jev VEH HTNK HOLD (预算保护 cash=826 aav帽=ok aav=4)
[17:42:56] t=3983 MOVE raid x2 -> (81,118)
[17:42:56] {"kind": "action", "what": "attack_move", "name": null, "qty": null, "tid": null, "ts": "17:42:56"}
[17:42:56] t=3985 TANK HTNK x2
[17:42:58] t=3985 jev VEH HTNK HOLD (预算保护 cash=1276 aav帽=ok aav=4)
[17:42:58] t=3988 TANK HTNK x2
[17:43:00] t=3988 jev VEH HTNK HOLD (预算保护 cash=1276 aav帽=ok aav=4)
[17:43:00] t=3991 TANK HTNK x2
[17:43:02] t=3991 jev VEH HTNK HOLD (预算保护 cash=1276 aav帽=ok aav=4)
[17:43:02] t=3994 TANK HTNK x2
[17:43:02] t=3994 DEBT-GATE HTNK x2 (debt=0 eff=1276 < 1800)
[17:43:04] t=3994 jev VEH HTNK HOLD (预算保护 cash=1276 aav帽=ok aav=4)
[17:43:04] t=3994 MOVE hold_b x2 -> (126,75)
[17:43:04] {"kind": "action", "what": "attack_move", "name": null, "qty": null, "tid": null, "ts": "17:43:04"}
[17:43:04] t=3996 TANK HTNK x2
[17:43:04] t=3996 DEBT-GATE HTNK x2 (debt=0 eff=1276 < 1800)
[17:43:06] t=3996 jev VEH HTNK HOLD (预算保护 cash=1276 aav帽=ok aav=4)
[17:43:06] t=3996 MOVE assault x34 -> (70,117); aahunt x2 -> (125,84)
[17:43:06] {"kind": "action", "what": "attack_move", "name": null, "qty": null, "tid": null, "ts": "17:43:06"}
[17:43:06] {"kind": "action", "what": "attack_move", "name": null, "qty": null, "tid": null, "ts": "17:43:06"}
[17:43:07] t=3999 TANK HTNK x2
[17:43:07] t=3999 DEBT-GATE HTNK x2 (debt=0 eff=1276 < 1800)
[17:43:08] t=3999 jev VEH HTNK HOLD (预算保护 cash=1276 aav帽=ok aav=4)
[17:43:09] t=4002 TANK HTNK x2
[17:43:09] t=4002 DEBT-GATE HTNK x2 (debt=0 eff=1276 < 1800)
[17:43:10] t=4002 jev VEH HTNK HOLD (预算保护 cash=1276 aav帽=ok aav=4)
[17:43:11] t=4004 TANK HTNK x2
[17:43:11] t=4004 DEBT-GATE HTNK x2 (debt=0 eff=1276 < 1800)
[17:43:12] t=4004 jev VEH HTNK HOLD (预算保护 cash=1276 aav帽=ok aav=4)
[17:43:13] t=4007 TANK HTNK x2
[17:43:13] t=4007 ESCORT 坦克#2869 -> 护航矿车@[115, 135]
[17:43:13] t=4007 DEBT-GATE HTNK x2 (debt=0 eff=1276 < 1800)
[17:43:13] {"kind": "action", "what": "attack_move", "name": null, "qty": null, "tid": null, "ts": "17:43:13"}
[17:43:14] t=4007 jev VEH HTNK HOLD (预算保护 cash=1276 aav帽=ok aav=4)
[17:43:15] t=4010 TANK HTNK x2
[17:43:15] t=4010 DEBT-GATE HTNK x2 (debt=0 eff=1276 < 1800)
[17:43:16] t=4010 jev VEH HTNK HOLD (预算保护 cash=1276 aav帽=ok aav=4)
[17:43:16] t=4010 MOVE raid x2 -> (81,118)
[17:43:16] {"kind": "action", "what": "attack_move", "name": null, "qty": null, "tid": null, "ts": "17:43:16"}
[17:43:17] t=4013 TANK HTNK x2
[17:43:17] t=4013 DEBT-GATE HTNK x2 (debt=0 eff=1276 < 1800)
[17:43:18] t=4013 jev VEH HTNK HOLD (预算保护 cash=1276 aav帽=ok aav=4)
[17:43:18] t=4013 MOVE assault x34 -> (70,117)
[17:43:18] {"kind": "action", "what": "attack_move", "name": null, "qty": null, "tid": null, "ts": "17:43:18"}
[17:43:19] t=4015 TANK HTNK x2
[17:43:19] t=4015 DEBT-GATE HTNK x2 (debt=0 eff=1276 < 1800)
[17:43:20] t=4015 jev VEH HTNK HOLD (预算保护 cash=1276 aav帽=ok aav=4)
[17:43:21] t=4018 TANK HTNK x2
[17:43:21] t=4018 DEBT-GATE HTNK x2 (debt=0 eff=1276 < 1800)
[17:43:22] t=4018 jev VEH HTNK HOLD (预算保护 cash=1276 aav帽=ok aav=4)
[17:43:23] t=4021 TANK HTNK x2
[17:43:23] t=4021 DEBT-GATE HTNK x2 (debt=0 eff=1276 < 1800)
[17:43:24] t=4021 jev VEH HTNK HOLD (预算保护 cash=1276 aav帽=ok aav=4)
[17:43:25] t=4023 TANK HTNK x2
[17:43:25] t=4023 DEBT-GATE HTNK x2 (debt=0 eff=1276 < 1800)
[17:43:26] t=4023 jev VEH HTNK HOLD (预算保护 cash=1276 aav帽=ok aav=4)
[17:43:26] t=4023 MOVE hold_a x2 -> (133,86)
[17:43:27] {"kind": "action", "what": "attack_move", "name": null, "qty": null, "tid": null, "ts": "17:43:27"}
[17:43:27] t=4026 TANK HTNK x2
[17:43:27] t=4026 DEBT-GATE HTNK x2 (debt=0 eff=1276 < 1800)
[17:43:29] t=4026 jev VEH HTNK HOLD (预算保护 cash=1276 aav帽=ok aav=4)
[17:43:29] t=4029 TANK HTNK x2
[17:43:29] t=4029 DEBT-GATE HTNK x2 (debt=0 eff=1276 < 1800)
[17:43:31] t=4029 jev VEH HTNK HOLD (预算保护 cash=1276 aav帽=ok aav=4)
[17:43:31] t=4029 MOVE assault x34 -> (70,117)
[17:43:31] {"kind": "action", "what": "attack_move", "name": null, "qty": null, "tid": null, "ts": "17:43:31"}
[17:43:31] t=4032 TANK HTNK x2
[17:43:31] t=4032 DEBT-GATE HTNK x2 (debt=0 eff=1276 < 1800)
[17:43:33] t=4032 jev VEH HTNK HOLD (预算保护 cash=1276 aav帽=ok aav=4)
[17:43:33] t=4034 TANK HTNK x2
[17:43:33] t=4034 DEBT-GATE HTNK x2 (debt=0 eff=1276 < 1800)
[17:43:35] t=4034 jev VEH HTNK HOLD (预算保护 cash=1276 aav帽=ok aav=4)
[17:43:35] t=4034 tick#1550 credits=1276 stance=attack | jev 1550 decisions p50=1742ms
[17:43:35] t=4037 TANK HTNK x2
[17:43:35] t=4037 DEBT-GATE HTNK x2 (debt=0 eff=1276 < 1800)
[17:43:37] t=4037 jev VEH HTNK HOLD (预算保护 cash=1276 aav帽=ok aav=4)
[17:43:37] t=4037 MOVE raid x2 -> (81,118); aahunt x2 -> (125,84)
[17:43:37] {"kind": "action", "what": "attack_move", "name": null, "qty": null, "tid": null, "ts": "17:43:37"}
[17:43:37] {"kind": "action", "what": "attack_move", "name": null, "qty": null, "tid": null, "ts": "17:43:37"}
[17:43:37] t=4040 TANK HTNK x2
[17:43:37] t=4040 DEBT-GATE HTNK x2 (debt=0 eff=1276 < 1800)
[17:43:39] t=4040 jev VEH HTNK HOLD (预算保护 cash=1276 aav帽=ok aav=4)
[17:43:39] t=4042 TANK HTNK x2
[17:43:39] t=4042 DEBT-GATE HTNK x2 (debt=0 eff=1576 < 1800)
[17:43:41] t=4042 jev VEH HTNK HOLD (预算保护 cash=1576 aav帽=ok aav=4)
[17:43:41] t=4045 TANK HTNK x2
[17:43:41] t=4045 DEBT-GATE HTNK x2 (debt=0 eff=1576 < 1800)
[17:43:43] t=4045 jev VEH HTNK HOLD (预算保护 cash=1576 aav帽=ok aav=4)
[17:43:43] t=4045 MOVE assault x34 -> (70,117)
[17:43:43] {"kind": "action", "what": "attack_move", "name": null, "qty": null, "tid": null, "ts": "17:43:43"}
[17:43:43] t=4048 TANK HTNK x2
[17:43:43] t=4048 ESCORT 坦克#3067 -> 护航矿车@[126, 105]
[17:43:43] t=4048 DEBT-GATE HTNK x2 (debt=0 eff=1576 < 1800)
[17:43:43] {"kind": "action", "what": "attack_move", "name": null, "qty": null, "tid": null, "ts": "17:43:43"}
[17:43:45] t=4048 jev VEH HTNK HOLD (预算保护 cash=1576 aav帽=ok aav=4)
[17:43:45] t=4051 TANK HTNK x2
[17:43:45] t=4051 DEBT-GATE HTNK x2 (debt=0 eff=1576 < 1800)
[17:43:47] t=4051 jev VEH HTNK HOLD (预算保护 cash=1576 aav帽=ok aav=4)
[17:43:47] t=4053 TANK HTNK x2
[17:43:47] t=4053 DEBT-GATE HTNK x2 (debt=0 eff=1576 < 1800)
[17:43:49] t=4053 jev VEH HTNK HOLD (预算保护 cash=1576 aav帽=ok aav=4)
[17:43:49] t=4056 TANK HTNK x2
[17:43:49] t=4056 DEBT-GATE HTNK x2 (debt=0 eff=1576 < 1800)
[17:43:51] t=4056 jev VEH HTNK HOLD (预算保护 cash=1576 aav帽=ok aav=4)
[17:43:51] t=4059 TANK HTNK x2
[17:43:51] t=4059 DEBT-GATE HTNK x2 (debt=0 eff=1576 < 1800)
[17:43:53] t=4059 jev VEH HTNK HOLD (预算保护 cash=1576 aav帽=ok aav=4)
[17:43:53] t=4061 TANK HTNK x2
[17:43:53] t=4061 DEBT-GATE HTNK x2 (debt=0 eff=1576 < 1800)
[17:43:55] t=4061 jev VEH HTNK HOLD (预算保护 cash=1576 aav帽=ok aav=4)
[17:43:55] t=4061 MOVE assault x34 -> (70,117)
[17:43:55] {"kind": "action", "what": "attack_move", "name": null, "qty": null, "tid": null, "ts": "17:43:55"}
[17:43:55] t=4064 TANK HTNK x2
[17:43:55] t=4064 DEBT-GATE HTNK x2 (debt=0 eff=1576 < 1800)
[17:43:57] t=4064 jev VEH HTNK HOLD (预算保护 cash=1576 aav帽=ok aav=4)
[17:43:57] t=4064 MOVE raid x2 -> (81,118)
[17:43:57] {"kind": "action", "what": "attack_move", "name": null, "qty": null, "tid": null, "ts": "17:43:57"}
[17:43:57] t=4067 TANK HTNK x2
[17:43:57] t=4067 DEBT-GATE HTNK x2 (debt=0 eff=1576 < 1800)
[17:43:59] t=4067 jev VEH HTNK HOLD (预算保护 cash=1576 aav帽=ok aav=4)
[17:43:59] t=4070 TANK HTNK x2
[17:43:59] t=4070 DEBT-GATE HTNK x2 (debt=0 eff=1576 < 1800)
[17:44:01] t=4070 jev VEH HTNK HOLD (预算保护 cash=1576 aav帽=ok aav=4)
[17:44:01] t=4072 TANK HTNK x2
[17:44:01] t=4072 DEBT-GATE HTNK x2 (debt=0 eff=1576 < 1800)
[17:44:03] t=4072 jev VEH HTNK HOLD (预算保护 cash=1576 aav帽=ok aav=4)
[17:44:03] t=4075 TANK HTNK x2
[17:44:03] t=4075 DEBT-GATE HTNK x2 (debt=0 eff=1576 < 1800)
[17:44:05] t=4075 jev VEH HTNK HOLD (预算保护 cash=1576 aav帽=ok aav=4)
[17:44:05] t=4075 MOVE hold_b x2 -> (126,75)
[17:44:05] {"kind": "action", "what": "attack_move", "name": null, "qty": null, "tid": null, "ts": "17:44:05"}
[17:44:05] t=4078 TANK HTNK x2
[17:44:05] t=4078 DEBT-GATE HTNK x2 (debt=0 eff=1576 < 1800)
[17:44:07] t=4078 jev VEH HTNK HOLD (预算保护 cash=1576 aav帽=ok aav=4)
[17:44:07] t=4078 MOVE assault x34 -> (70,117); aahunt x2 -> (125,84)
[17:44:07] {"kind": "action", "what": "attack_move", "name": null, "qty": null, "tid": null, "ts": "17:44:07"}
[17:44:07] {"kind": "action", "what": "attack_move", "name": null, "qty": null, "tid": null, "ts": "17:44:07"}
[17:44:08] t=4080 TANK HTNK x2
[17:44:08] t=4080 DEBT-GATE HTNK x2 (debt=0 eff=1576 < 1800)
[17:44:09] t=4080 jev VEH HTNK HOLD (预算保护 cash=1576 aav帽=ok aav=4)
[17:44:10] t=4083 TANK HTNK x2
[17:44:10] t=4083 DEBT-GATE HTNK x2 (debt=0 eff=1576 < 1800)
[17:44:11] t=4083 jev VEH HTNK HOLD (预算保护 cash=1576 aav帽=ok aav=4)
[17:44:12] t=4086 TANK HTNK x2
[17:44:12] t=4086 RETREAT HTNK(30%)
[17:44:12] t=4086 DEBT-GATE HTNK x2 (debt=0 eff=1576 < 1800)
[17:44:12] {"kind": "action", "what": "move", "name": null, "qty": null, "tid": null, "ts": "17:44:12"}
[17:44:13] t=4086 jev VEH HTNK HOLD (预算保护 cash=1576 aav帽=ok aav=4)
[17:44:14] t=4089 TANK HTNK x2
[17:44:14] t=4089 ESCORT 坦克#3028 -> 护航矿车@[120, 109]
[17:44:14] t=4089 DEBT-GATE HTNK x2 (debt=0 eff=1576 < 1800)
[17:44:14] {"kind": "action", "what": "attack_move", "name": null, "qty": null, "tid": null, "ts": "17:44:14"}
[17:44:15] t=4089 jev VEH HTNK HOLD (预算保护 cash=1576 aav帽=ok aav=4)
[17:44:16] t=4091 TANK HTNK x2
[17:44:16] t=4091 DEBT-GATE HTNK x2 (debt=0 eff=1576 < 1800)
[17:44:17] t=4091 jev VEH HTNK HOLD (预算保护 cash=1576 aav帽=ok aav=4)
[17:44:17] t=4091 MOVE raid x2 -> (81,118)
[17:44:17] {"kind": "action", "what": "attack_move", "name": null, "qty": null, "tid": null, "ts": "17:44:17"}
[17:44:18] t=4094 TANK HTNK x2
[17:44:18] t=4094 DEBT-GATE HTNK x2 (debt=0 eff=1576 < 1800)
[17:44:19] t=4094 jev VEH HTNK HOLD (预算保护 cash=1576 aav帽=ok aav=4)
[17:44:19] t=4094 MOVE assault x34 -> (70,117)
[17:44:19] {"kind": "action", "what": "attack_move", "name": null, "qty": null, "tid": null, "ts": "17:44:19"}
[17:44:20] t=4097 TANK HTNK x2
[17:44:20] t=4097 DEBT-GATE HTNK x2 (debt=0 eff=1576 < 1800)
[17:44:22] t=4097 jev VEH HTNK HOLD (预算保护 cash=1576 aav帽=ok aav=4)
[17:44:22] t=4099 TANK HTNK x2
[17:44:22] t=4099 DEBT-GATE HTNK x2 (debt=0 eff=1576 < 1800)
[17:44:24] t=4099 jev VEH HTNK HOLD (预算保护 cash=1576 aav帽=ok aav=4)
[17:44:24] t=4102 TANK HTNK x2
[17:44:24] t=4102 DEBT-GATE HTNK x2 (debt=0 eff=1576 < 1800)
[17:44:26] t=4102 jev VEH HTNK HOLD (预算保护 cash=1576 aav帽=ok aav=4)
[17:44:26] t=4102 tick#1575 credits=1576 stance=attack | jev 1575 decisions p50=1742ms
[17:44:26] t=4105 TANK HTNK x2
[17:44:26] t=4105 DEBT-GATE HTNK x2 (debt=0 eff=1576 < 1800)
[17:44:28] t=4105 jev VEH HTNK HOLD (预算保护 cash=1576 aav帽=ok aav=4)
[17:44:28] t=4105 MOVE hold_a x2 -> (133,86)
[17:44:28] {"kind": "action", "what": "attack_move", "name": null, "qty": null, "tid": null, "ts": "17:44:28"}
[17:44:28] t=4107 TANK HTNK x2
[17:44:28] t=4107 DEBT-GATE HTNK x2 (debt=0 eff=1576 < 1800)
[17:44:30] t=4107 jev VEH HTNK HOLD (预算保护 cash=1576 aav帽=ok aav=4)
[17:44:30] t=4110 TANK HTNK x2
[17:44:30] {"kind": "action", "what": "produce", "name": "HTNK", "qty": 2, "tid": null, "ts": "17:44:30"}
[17:44:32] t=4110 MOVE assault x34 -> (70,117)
[17:44:32] {"kind": "action", "what": "attack_move", "name": null, "qty": null, "tid": null, "ts": "17:44:32"}
[17:44:38] t=4118 MOVE raid x2 -> (81,118); aahunt x2 -> (125,84)
[17:44:38] {"kind": "action", "what": "attack_move", "name": null, "qty": null, "tid": null, "ts": "17:44:38"}
[17:44:38] {"kind": "action", "what": "attack_move", "name": null, "qty": null, "tid": null, "ts": "17:44:38"}
[17:44:42] t=4126 TANK HTNK x1
[17:44:44] t=4126 jev VEH HTNK HOLD (预算保护 cash=826 aav帽=ok aav=4)
[17:44:44] t=4126 MOVE assault x36 -> (70,117)
[17:44:44] {"kind": "action", "what": "attack_move", "name": null, "qty": null, "tid": null, "ts": "17:44:44"}
[17:44:44] t=4129 TANK HTNK x1
[17:44:46] t=4129 jev VEH HTNK HOLD (预算保护 cash=826 aav帽=ok aav=4)
[17:44:46] t=4132 TANK HTNK x1
[17:44:48] t=4132 jev VEH HTNK HOLD (预算保护 cash=826 aav帽=ok aav=4)
[17:44:48] t=4135 TANK HTNK x1
[17:44:50] t=4135 jev VEH HTNK HOLD (预算保护 cash=826 aav帽=ok aav=4)
[17:44:50] t=4137 TANK HTNK x1
[17:44:50] t=4137 ESCORT 坦克#3019 -> 护航矿车@[128, 104]
[17:44:50] {"kind": "action", "what": "attack_move", "name": null, "qty": null, "tid": null, "ts": "17:44:50"}
[17:44:52] t=4137 jev VEH HTNK HOLD (预算保护 cash=826 aav帽=ok aav=4)
[17:44:52] t=4140 TANK HTNK x1
[17:44:54] t=4140 jev VEH HTNK HOLD (预算保护 cash=826 aav帽=ok aav=4)
[17:44:54] t=4143 TANK HTNK x1
[17:44:56] t=4143 jev VEH HTNK HOLD (预算保护 cash=826 aav帽=ok aav=4)
[17:44:56] t=4143 MOVE assault x36 -> (70,117)
[17:44:56] {"kind": "action", "what": "attack_move", "name": null, "qty": null, "tid": null, "ts": "17:44:56"}
[17:44:56] t=4145 TANK HTNK x1
[17:44:56] t=4145 DEBT-GATE HTNK x1 (debt=0 eff=826 < 900)
[17:44:58] t=4145 jev VEH HTNK HOLD (预算保护 cash=826 aav帽=ok aav=4)
[17:44:58] t=4145 MOVE raid x2 -> (81,118)
[17:44:58] {"kind": "action", "what": "attack_move", "name": null, "qty": null, "tid": null, "ts": "17:44:58"}
[17:44:58] t=4148 TANK HTNK x1
[17:44:58] t=4148 DEBT-GATE HTNK x1 (debt=0 eff=826 < 900)
[17:45:00] t=4148 jev VEH HTNK HOLD (预算保护 cash=826 aav帽=ok aav=4)
[17:45:00] t=4151 TANK HTNK x1
[17:45:00] {"kind": "action", "what": "produce", "name": "HTNK", "qty": 1, "tid": null, "ts": "17:45:00"}
[17:45:06] t=4156 MOVE hold_b x2 -> (126,75)
[17:45:06] {"kind": "action", "what": "attack_move", "name": null, "qty": null, "tid": null, "ts": "17:45:06"}
[17:45:08] t=4159 jev VEH HTNK HOLD (预算保护 cash=226 aav帽=ok aav=4)
[17:45:08] t=4159 MOVE assault x37 -> (70,117); aahunt x2 -> (125,84)
[17:45:08] {"kind": "action", "what": "attack_move", "name": null, "qty": null, "tid": null, "ts": "17:45:08"}
[17:45:08] {"kind": "action", "what": "attack_move", "name": null, "qty": null, "tid": null, "ts": "17:45:08"}
[17:45:10] t=4162 jev VEH HTNK HOLD (预算保护 cash=226 aav帽=ok aav=4)
[17:45:12] t=4165 jev VEH HTNK HOLD (预算保护 cash=226 aav帽=ok aav=4)
[17:45:14] t=4167 jev VEH HTNK HOLD (预算保护 cash=226 aav帽=ok aav=4)
[17:45:16] t=4170 jev VEH HTNK HOLD (预算保护 cash=226 aav帽=ok aav=4)
[17:45:16] t=4170 tick#1600 credits=226 stance=attack | jev 1600 decisions p50=1742ms
[17:45:19] t=4173 jev VEH HTNK HOLD (预算保护 cash=226 aav帽=ok aav=4)
[17:45:19] t=4173 MOVE raid x2 -> (81,118)
[17:45:19] {"kind": "action", "what": "attack_move", "name": null, "qty": null, "tid": null, "ts": "17:45:19"}
[17:45:21] t=4175 jev VEH HTNK HOLD (预算保护 cash=226 aav帽=ok aav=4)
[17:45:21] t=4175 MOVE assault x37 -> (70,117)
[17:45:21] {"kind": "action", "what": "attack_move", "name": null, "qty": null, "tid": null, "ts": "17:45:21"}
[17:45:21] t=4178 ESCORT 坦克#2988 -> 护航矿车@[128, 105]
[17:45:21] {"kind": "action", "what": "attack_move", "name": null, "qty": null, "tid": null, "ts": "17:45:21"}
[17:45:23] t=4178 jev VEH HTNK HOLD (预算保护 cash=226 aav帽=ok aav=4)
[17:45:25] t=4181 jev VEH HTNK HOLD (预算保护 cash=226 aav帽=ok aav=4)
[17:45:27] t=4184 jev VEH HTNK HOLD (预算保护 cash=226 aav帽=ok aav=4)
[17:45:29] t=4186 jev VEH HTNK HOLD (预算保护 cash=226 aav帽=ok aav=4)
[17:45:29] t=4186 MOVE hold_a x2 -> (133,86)
[17:45:29] {"kind": "action", "what": "attack_move", "name": null, "qty": null, "tid": null, "ts": "17:45:29"}
[17:45:31] t=4189 jev VEH HTNK HOLD (预算保护 cash=226 aav帽=ok aav=4)
[17:45:33] t=4192 jev VEH HTNK HOLD (预算保护 cash=226 aav帽=ok aav=4)
[17:45:33] t=4192 MOVE assault x37 -> (70,117)
[17:45:33] {"kind": "action", "what": "attack_move", "name": null, "qty": null, "tid": null, "ts": "17:45:33"}
[17:45:35] t=4195 jev VEH HTNK HOLD (预算保护 cash=226 aav帽=ok aav=4)
[17:45:37] t=4197 jev VEH HTNK HOLD (预算保护 cash=226 aav帽=ok aav=4)
[17:45:39] t=4200 jev VEH HTNK HOLD (预算保护 cash=226 aav帽=ok aav=4)
[17:45:39] t=4200 MOVE raid x2 -> (81,118); aahunt x2 -> (125,84)
[17:45:39] {"kind": "action", "what": "attack_move", "name": null, "qty": null, "tid": null, "ts": "17:45:39"}
[17:45:39] {"kind": "action", "what": "attack_move", "name": null, "qty": null, "tid": null, "ts": "17:45:39"}
[17:45:41] t=4203 jev VEH HTNK HOLD (预算保护 cash=226 aav帽=ok aav=4)
[17:45:43] t=4205 jev VEH HTNK HOLD (预算保护 cash=226 aav帽=ok aav=4)
[17:45:45] t=4208 jev VEH HTNK HOLD (预算保护 cash=226 aav帽=ok aav=4)
[17:45:45] t=4208 MOVE assault x37 -> (70,117)
[17:45:45] {"kind": "action", "what": "attack_move", "name": null, "qty": null, "tid": null, "ts": "17:45:45"}
[17:45:47] t=4211 jev VEH HTNK HOLD (预算保护 cash=226 aav帽=ok aav=4)
[17:45:49] t=4214 jev VEH HTNK HOLD (预算保护 cash=226 aav帽=ok aav=4)
[17:45:51] t=4216 jev VEH HTNK HOLD (预算保护 cash=226 aav帽=ok aav=4)
[17:45:51] t=4219 ESCORT 坦克#2869 -> 护航矿车@[115, 134]
[17:45:51] {"kind": "action", "what": "attack_move", "name": null, "qty": null, "tid": null, "ts": "17:45:51"}
[17:45:53] t=4219 jev VEH HTNK HOLD (预算保护 cash=226 aav帽=ok aav=4)
[17:45:55] t=4222 jev VEH HTNK HOLD (预算保护 cash=226 aav帽=ok aav=4)
[17:45:57] t=4224 jev VEH HTNK HOLD (预算保护 cash=226 aav帽=ok aav=4)
[17:45:57] t=4224 MOVE assault x37 -> (70,117)
[17:45:57] {"kind": "action", "what": "attack_move", "name": null, "qty": null, "tid": null, "ts": "17:45:57"}
[17:45:59] t=4227 jev VEH HTNK HOLD (预算保护 cash=226 aav帽=ok aav=4)
[17:45:59] t=4227 MOVE raid x2 -> (81,118)
[17:45:59] {"kind": "action", "what": "attack_move", "name": null, "qty": null, "tid": null, "ts": "17:45:59"}
[17:46:01] t=4230 jev VEH HTNK HOLD (预算保护 cash=226 aav帽=ok aav=4)
[17:46:03] t=4233 jev VEH HTNK HOLD (预算保护 cash=226 aav帽=ok aav=4)
[17:46:05] t=4235 jev VEH HTNK HOLD (预算保护 cash=676 aav帽=ok aav=4)
[17:46:07] t=4238 jev VEH HTNK HOLD (预算保护 cash=676 aav帽=ok aav=4)
[17:46:07] t=4238 MOVE hold_b x2 -> (126,75)
[17:46:07] {"kind": "action", "what": "attack_move", "name": null, "qty": null, "tid": null, "ts": "17:46:07"}
[17:46:07] t=4238 tick#1625 credits=676 stance=attack | jev 1625 decisions p50=1742ms
[17:46:10] t=4241 jev VEH HTNK HOLD (预算保护 cash=676 aav帽=ok aav=4)
[17:46:10] t=4241 MOVE assault x37 -> (70,117); aahunt x2 -> (125,84)
[17:46:10] {"kind": "action", "what": "attack_move", "name": null, "qty": null, "tid": null, "ts": "17:46:10"}
[17:46:10] {"kind": "action", "what": "attack_move", "name": null, "qty": null, "tid": null, "ts": "17:46:10"}
[17:46:12] t=4243 jev VEH HTNK HOLD (预算保护 cash=676 aav帽=ok aav=4)
[17:46:14] t=4246 jev VEH HTNK HOLD (预算保护 cash=676 aav帽=ok aav=4)
[17:46:14] t=4249 TANK HTNK x1
[17:46:14] {"kind": "action", "what": "produce", "name": "HTNK", "qty": 1, "tid": null, "ts": "17:46:14"}
[17:46:16] t=4252 RETREAT HTNK(31%)
[17:46:16] {"kind": "action", "what": "move", "name": null, "qty": null, "tid": null, "ts": "17:46:16"}
[17:46:20] t=4254 MOVE raid x2 -> (81,118)
[17:46:20] {"kind": "action", "what": "attack_move", "name": null, "qty": null, "tid": null, "ts": "17:46:20"}
[17:46:22] t=4257 jev VEH HTNK HOLD (预算保护 cash=151 aav帽=ok aav=4)
[17:46:22] t=4257 MOVE assault x38 -> (70,117)
[17:46:22] {"kind": "action", "what": "attack_move", "name": null, "qty": null, "tid": null, "ts": "17:46:22"}
[17:46:22] t=4260 ESCORT 坦克#2869 -> 护航矿车@[117, 135]
[17:46:22] {"kind": "action", "what": "attack_move", "name": null, "qty": null, "tid": null, "ts": "17:46:22"}
[17:46:24] t=4260 jev VEH HTNK HOLD (预算保护 cash=151 aav帽=ok aav=4)
[17:46:26] t=4263 jev VEH HTNK HOLD (预算保护 cash=151 aav帽=ok aav=4)
[17:46:28] t=4265 jev VEH HTNK HOLD (预算保护 cash=151 aav帽=ok aav=4)
[17:46:30] t=4268 jev VEH HTNK HOLD (预算保护 cash=151 aav帽=ok aav=4)
[17:46:30] t=4268 MOVE hold_a x2 -> (133,86)
[17:46:30] {"kind": "action", "what": "attack_move", "name": null, "qty": null, "tid": null, "ts": "17:46:30"}
[17:46:32] t=4271 jev VEH HTNK HOLD (预算保护 cash=151 aav帽=ok aav=4)
[17:46:34] t=4273 jev VEH HTNK HOLD (预算保护 cash=151 aav帽=ok aav=4)
[17:46:34] t=4273 MOVE assault x38 -> (70,117)
[17:46:34] {"kind": "action", "what": "attack_move", "name": null, "qty": null, "tid": null, "ts": "17:46:34"}
[17:46:36] t=4276 jev VEH HTNK HOLD (预算保护 cash=151 aav帽=ok aav=4)
[17:46:38] t=4279 jev VEH HTNK HOLD (预算保护 cash=151 aav帽=ok aav=4)
[17:46:40] t=4282 jev VEH HTNK HOLD (预算保护 cash=151 aav帽=ok aav=4)
[17:46:40] t=4282 MOVE raid x2 -> (81,118); aahunt x2 -> (125,84)
[17:46:40] {"kind": "action", "what": "attack_move", "name": null, "qty": null, "tid": null, "ts": "17:46:40"}
[17:46:40] {"kind": "action", "what": "attack_move", "name": null, "qty": null, "tid": null, "ts": "17:46:40"}
[17:46:42] t=4284 jev VEH HTNK HOLD (预算保护 cash=151 aav帽=ok aav=4)
[17:46:44] t=4287 jev VEH HTNK HOLD (预算保护 cash=151 aav帽=ok aav=4)
[17:46:46] t=4290 jev VEH HTNK HOLD (预算保护 cash=151 aav帽=ok aav=4)
[17:46:46] t=4290 MOVE assault x38 -> (70,117)
[17:46:46] {"kind": "action", "what": "attack_move", "name": null, "qty": null, "tid": null, "ts": "17:46:46"}
[17:46:48] t=4292 jev VEH HTNK HOLD (预算保护 cash=151 aav帽=ok aav=4)
[17:46:50] t=4295 jev VEH HTNK HOLD (预算保护 cash=151 aav帽=ok aav=4)
[17:46:52] t=4298 jev VEH HTNK HOLD (预算保护 cash=151 aav帽=ok aav=4)
[17:46:53] t=4300 ESCORT 坦克#3067 -> 护航矿车@[126, 105]
[17:46:53] {"kind": "action", "what": "attack_move", "name": null, "qty": null, "tid": null, "ts": "17:46:53"}
[17:46:54] t=4300 jev VEH HTNK HOLD (预算保护 cash=151 aav帽=ok aav=4)
[17:46:56] t=4303 jev VEH HTNK HOLD (预算保护 cash=151 aav帽=ok aav=4)
[17:46:58] t=4306 jev VEH HTNK HOLD (预算保护 cash=151 aav帽=ok aav=4)
[17:46:58] t=4306 MOVE assault x38 -> (70,117)
[17:46:58] {"kind": "action", "what": "attack_move", "name": null, "qty": null, "tid": null, "ts": "17:46:58"}
[17:46:58] t=4306 tick#1650 credits=151 stance=attack | jev 1650 decisions p50=1741ms
[17:47:00] t=4309 jev VEH HTNK HOLD (预算保护 cash=151 aav帽=ok aav=4)
[17:47:00] t=4309 MOVE raid x2 -> (81,118)
[17:47:00] {"kind": "action", "what": "attack_move", "name": null, "qty": null, "tid": null, "ts": "17:47:00"}
[17:47:03] t=4311 jev VEH HTNK HOLD (预算保护 cash=151 aav帽=ok aav=4)
[17:47:05] t=4314 jev VEH HTNK HOLD (预算保护 cash=151 aav帽=ok aav=4)
[17:47:07] t=4317 jev VEH HTNK HOLD (预算保护 cash=151 aav帽=ok aav=4)
[17:47:09] t=4319 jev VEH HTNK HOLD (预算保护 cash=151 aav帽=ok aav=4)
[17:47:09] t=4319 MOVE hold_b x2 -> (126,75)
[17:47:09] {"kind": "action", "what": "attack_move", "name": null, "qty": null, "tid": null, "ts": "17:47:09"}
[17:47:11] t=4322 jev VEH HTNK HOLD (预算保护 cash=151 aav帽=ok aav=4)
[17:47:11] t=4322 MOVE assault x38 -> (70,117); aahunt x2 -> (125,84)
[17:47:11] {"kind": "action", "what": "attack_move", "name": null, "qty": null, "tid": null, "ts": "17:47:11"}
[17:47:11] {"kind": "action", "what": "attack_move", "name": null, "qty": null, "tid": null, "ts": "17:47:11"}
[17:47:11] t=4325 TANK HTNK x1
[17:47:11] t=4325 DEBT-GATE HTNK x1 (debt=0 eff=826 < 900)
[17:47:13] t=4325 jev VEH HTNK HOLD (预算保护 cash=826 aav帽=ok aav=4)
[17:47:13] t=4328 TANK HTNK x1
[17:47:13] t=4328 DEBT-GATE HTNK x1 (debt=0 eff=826 < 900)
[17:47:15] t=4328 jev VEH HTNK HOLD (预算保护 cash=826 aav帽=ok aav=4)
[17:47:15] t=4330 TANK HTNK x1
[17:47:15] t=4330 DEBT-GATE HTNK x1 (debt=0 eff=826 < 900)
[17:47:17] t=4330 jev VEH HTNK HOLD (预算保护 cash=826 aav帽=ok aav=4)
[17:47:17] t=4333 TANK HTNK x1
[17:47:17] t=4333 DEBT-GATE HTNK x1 (debt=0 eff=826 < 900)
[17:47:19] t=4333 jev VEH HTNK HOLD (预算保护 cash=826 aav帽=ok aav=4)
[17:47:19] t=4336 TANK HTNK x1
[17:47:19] t=4336 DEBT-GATE HTNK x1 (debt=0 eff=826 < 900)
[17:47:21] t=4336 jev VEH HTNK HOLD (预算保护 cash=826 aav帽=ok aav=4)
[17:47:21] t=4336 MOVE raid x2 -> (81,118)
[17:47:21] {"kind": "action", "what": "attack_move", "name": null, "qty": null, "tid": null, "ts": "17:47:21"}
[17:47:21] t=4338 TANK HTNK x1
[17:47:21] {"kind": "action", "what": "produce", "name": "HTNK", "qty": 1, "tid": null, "ts": "17:47:21"}
[17:47:23] t=4338 MOVE assault x38 -> (70,117)
[17:47:23] {"kind": "action", "what": "attack_move", "name": null, "qty": null, "tid": null, "ts": "17:47:23"}
[17:47:25] t=4344 ESCORT 坦克#3019 -> 护航矿车@[122, 101]
[17:47:25] {"kind": "action", "what": "attack_move", "name": null, "qty": null, "tid": null, "ts": "17:47:25"}
[17:47:29] t=4347 jev VEH HTNK HOLD (预算保护 cash=226 aav帽=ok aav=4)
[17:47:31] t=4349 jev VEH HTNK HOLD (预算保护 cash=226 aav帽=ok aav=4)
[17:47:31] t=4349 MOVE hold_a x2 -> (133,86)
[17:47:31] {"kind": "action", "what": "attack_move", "name": null, "qty": null, "tid": null, "ts": "17:47:31"}
[17:47:33] t=4352 jev VEH HTNK HOLD (预算保护 cash=226 aav帽=ok aav=4)
[17:47:35] t=4355 jev VEH HTNK HOLD (预算保护 cash=226 aav帽=ok aav=4)
[17:47:35] t=4355 MOVE assault x39 -> (70,117)
[17:47:35] {"kind": "action", "what": "attack_move", "name": null, "qty": null, "tid": null, "ts": "17:47:35"}
[17:47:37] t=4357 jev VEH HTNK HOLD (预算保护 cash=601 aav帽=ok aav=4)
[17:47:39] t=4360 jev VEH HTNK HOLD (预算保护 cash=601 aav帽=ok aav=4)
[17:47:41] t=4363 jev VEH HTNK HOLD (预算保护 cash=601 aav帽=ok aav=4)
[17:47:41] t=4363 MOVE raid x2 -> (81,118); aahunt x2 -> (125,84)
[17:47:41] {"kind": "action", "what": "attack_move", "name": null, "qty": null, "tid": null, "ts": "17:47:41"}
[17:47:41] {"kind": "action", "what": "attack_move", "name": null, "qty": null, "tid": null, "ts": "17:47:41"}
[17:47:43] t=4366 jev VEH HTNK HOLD (预算保护 cash=601 aav帽=ok aav=4)
[17:47:45] t=4368 jev VEH HTNK HOLD (预算保护 cash=601 aav帽=ok aav=4)
[17:47:47] t=4371 jev VEH HTNK HOLD (预算保护 cash=601 aav帽=ok aav=4)
[17:47:47] t=4371 MOVE assault x39 -> (70,117)
[17:47:47] {"kind": "action", "what": "attack_move", "name": null, "qty": null, "tid": null, "ts": "17:47:47"}
[17:47:49] t=4374 jev VEH HTNK HOLD (预算保护 cash=601 aav帽=ok aav=4)
[17:47:49] t=4374 tick#1675 credits=601 stance=attack | jev 1675 decisions p50=1741ms
[17:47:51] t=4376 jev VEH HTNK HOLD (预算保护 cash=601 aav帽=ok aav=4)
[17:47:53] t=4379 jev VEH HTNK HOLD (预算保护 cash=601 aav帽=ok aav=4)
[17:47:55] t=4382 jev VEH HTNK HOLD (预算保护 cash=601 aav帽=ok aav=4)
[17:47:56] t=4385 ESCORT 坦克#3087 -> 护航矿车@[126, 104]
[17:47:56] {"kind": "action", "what": "attack_move", "name": null, "qty": null, "tid": null, "ts": "17:47:56"}
[17:47:57] t=4385 jev VEH HTNK HOLD (预算保护 cash=601 aav帽=ok aav=4)
[17:47:58] t=4387 RETREAT HTNK(30%)
[17:47:58] {"kind": "action", "what": "move", "name": null, "qty": null, "tid": null, "ts": "17:47:58"}
[17:47:59] t=4387 jev VEH HTNK HOLD (预算保护 cash=601 aav帽=ok aav=4)
[17:47:59] t=4387 MOVE assault x39 -> (70,117)
[17:48:00] {"kind": "action", "what": "attack_move", "name": null, "qty": null, "tid": null, "ts": "17:48:00"}
[17:48:02] t=4390 jev VEH HTNK HOLD (预算保护 cash=601 aav帽=ok aav=4)
[17:48:02] t=4390 MOVE raid x2 -> (81,118)
[17:48:02] {"kind": "action", "what": "attack_move", "name": null, "qty": null, "tid": null, "ts": "17:48:02"}
[17:48:04] t=4393 jev VEH HTNK HOLD (预算保护 cash=601 aav帽=ok aav=4)
[17:48:06] t=4396 jev VEH HTNK HOLD (预算保护 cash=601 aav帽=ok aav=4)
[17:48:08] t=4398 jev VEH HTNK HOLD (预算保护 cash=601 aav帽=ok aav=4)
[17:48:10] t=4401 jev VEH HTNK HOLD (预算保护 cash=601 aav帽=ok aav=4)
[17:48:10] t=4401 MOVE hold_b x2 -> (126,75)
[17:48:10] {"kind": "action", "what": "attack_move", "name": null, "qty": null, "tid": null, "ts": "17:48:10"}
[17:48:12] t=4404 jev VEH HTNK HOLD (预算保护 cash=601 aav帽=ok aav=4)
[17:48:12] t=4404 MOVE assault x39 -> (70,117); aahunt x2 -> (125,84)
[17:48:12] {"kind": "action", "what": "attack_move", "name": null, "qty": null, "tid": null, "ts": "17:48:12"}
[17:48:12] {"kind": "action", "what": "attack_move", "name": null, "qty": null, "tid": null, "ts": "17:48:12"}
[17:48:14] t=4406 jev VEH HTNK HOLD (预算保护 cash=601 aav帽=ok aav=4)
[17:48:16] t=4409 jev VEH HTNK HOLD (预算保护 cash=601 aav帽=ok aav=4)
[17:48:18] t=4412 jev VEH HTNK HOLD (预算保护 cash=601 aav帽=ok aav=4)
[17:48:20] t=4415 jev VEH HTNK HOLD (预算保护 cash=601 aav帽=ok aav=4)
[17:48:22] t=4417 jev VEH HTNK HOLD (预算保护 cash=601 aav帽=ok aav=4)
[17:48:22] t=4417 MOVE raid x2 -> (81,118)
[17:48:22] {"kind": "action", "what": "attack_move", "name": null, "qty": null, "tid": null, "ts": "17:48:22"}
[17:48:24] t=4420 jev VEH HTNK HOLD (预算保护 cash=601 aav帽=ok aav=4)
[17:48:24] t=4420 MOVE assault x39 -> (70,117)
[17:48:24] {"kind": "action", "what": "attack_move", "name": null, "qty": null, "tid": null, "ts": "17:48:24"}
[17:48:26] t=4423 jev VEH HTNK HOLD (预算保护 cash=601 aav帽=ok aav=4)
[17:48:26] t=4425 TANK HTNK x1
[17:48:26] t=4425 ESCORT 坦克#2966 -> 护航矿车@[126, 105]
[17:48:26] {"kind": "action", "what": "produce", "name": "HTNK", "qty": 1, "tid": null, "ts": "17:48:26"}
[17:48:26] {"kind": "action", "what": "attack_move", "name": null, "qty": null, "tid": null, "ts": "17:48:26"}
[17:48:32] t=4431 MOVE hold_a x2 -> (133,86)
[17:48:32] {"kind": "action", "what": "attack_move", "name": null, "qty": null, "tid": null, "ts": "17:48:32"}
[17:48:34] t=4433 jev VEH HTNK HOLD (预算保护 cash=1 aav帽=ok aav=4)
[17:48:36] t=4436 jev VEH HTNK HOLD (预算保护 cash=1 aav帽=ok aav=4)
[17:48:38] t=4438 jev VEH HTNK HOLD (预算保护 cash=1 aav帽=ok aav=4)
[17:48:38] t=4438 MOVE assault x40 -> (70,117)
[17:48:38] {"kind": "action", "what": "attack_move", "name": null, "qty": null, "tid": null, "ts": "17:48:38"}
[17:48:40] t=4441 jev VEH HTNK HOLD (预算保护 cash=1 aav帽=ok aav=4)
[17:48:40] t=4441 tick#1700 credits=1 stance=attack | jev 1700 decisions p50=1741ms
[17:48:42] t=4444 jev VEH HTNK HOLD (预算保护 cash=1 aav帽=ok aav=4)
[17:48:42] t=4444 MOVE aahunt x2 -> (125,84)
[17:48:42] {"kind": "action", "what": "attack_move", "name": null, "qty": null, "tid": null, "ts": "17:48:42"}
[17:48:44] t=4446 jev VEH HTNK HOLD (预算保护 cash=1 aav帽=ok aav=4)
[17:48:44] t=4446 MOVE raid x2 -> (81,118)
[17:48:44] {"kind": "action", "what": "attack_move", "name": null, "qty": null, "tid": null, "ts": "17:48:44"}
[17:48:46] t=4449 jev VEH HTNK HOLD (预算保护 cash=1 aav帽=ok aav=4)
[17:48:48] t=4452 jev VEH HTNK HOLD (预算保护 cash=1 aav帽=ok aav=4)
[17:48:50] t=4454 jev VEH HTNK HOLD (预算保护 cash=1 aav帽=ok aav=4)
[17:48:52] t=4457 jev VEH HTNK HOLD (预算保护 cash=1 aav帽=ok aav=4)
[17:48:52] t=4457 MOVE assault x40 -> (70,117)
[17:48:52] {"kind": "action", "what": "attack_move", "name": null, "qty": null, "tid": null, "ts": "17:48:52"}
[17:48:54] t=4460 jev VEH HTNK HOLD (预算保护 cash=1 aav帽=ok aav=4)
[17:48:56] t=4462 jev VEH HTNK HOLD (预算保护 cash=1 aav帽=ok aav=4)
[17:48:58] t=4465 jev VEH HTNK HOLD (预算保护 cash=1 aav帽=ok aav=4)
[17:48:58] t=4468 ESCORT 坦克#2869 -> 护航矿车@[117, 135]
[17:48:58] {"kind": "action", "what": "attack_move", "name": null, "qty": null, "tid": null, "ts": "17:48:58"}
[17:49:00] t=4468 jev VEH HTNK HOLD (预算保护 cash=1 aav帽=ok aav=4)
[17:49:02] t=4470 jev VEH HTNK HOLD (预算保护 cash=1 aav帽=ok aav=4)
[17:49:04] t=4473 jev VEH HTNK HOLD (预算保护 cash=1 aav帽=ok aav=4)
[17:49:06] t=4475 jev VEH HTNK HOLD (预算保护 cash=1 aav帽=ok aav=4)
[17:49:06] t=4475 MOVE raid x2 -> (81,118); assault x40 -> (70,117)
[17:49:06] {"kind": "action", "what": "attack_move", "name": null, "qty": null, "tid": null, "ts": "17:49:06"}
[17:49:06] {"kind": "action", "what": "attack_move", "name": null, "qty": null, "tid": null, "ts": "17:49:06"}
[17:49:08] t=4478 jev VEH HTNK HOLD (预算保护 cash=1 aav帽=ok aav=4)
[17:49:10] t=4481 jev VEH HTNK HOLD (预算保护 cash=1 aav帽=ok aav=4)
[17:49:12] t=4483 jev VEH HTNK HOLD (预算保护 cash=1 aav帽=ok aav=4)
[17:49:12] t=4483 MOVE hold_b x2 -> (126,75)
[17:49:12] {"kind": "action", "what": "attack_move", "name": null, "qty": null, "tid": null, "ts": "17:49:12"}
[17:49:14] t=4486 jev VEH HTNK HOLD (预算保护 cash=451 aav帽=ok aav=4)
[17:49:14] t=4486 MOVE aahunt x2 -> (125,84)
[17:49:14] {"kind": "action", "what": "attack_move", "name": null, "qty": null, "tid": null, "ts": "17:49:14"}
[17:49:16] t=4489 jev VEH HTNK HOLD (预算保护 cash=451 aav帽=ok aav=4)
[17:49:17] t=4491 jev VEH HTNK HOLD (预算保护 cash=451 aav帽=ok aav=4)
[17:49:19] t=4494 jev VEH HTNK HOLD (预算保护 cash=451 aav帽=ok aav=4)
[17:49:19] t=4494 MOVE assault x40 -> (70,117)
[17:49:19] {"kind": "action", "what": "attack_move", "name": null, "qty": null, "tid": null, "ts": "17:49:19"}
[17:49:21] t=4497 jev VEH HTNK HOLD (预算保护 cash=451 aav帽=ok aav=4)
[17:49:23] t=4499 jev VEH HTNK HOLD (预算保护 cash=451 aav帽=ok aav=4)
[17:49:25] t=4502 jev VEH HTNK HOLD (预算保护 cash=451 aav帽=ok aav=4)
[17:49:27] t=4504 jev VEH HTNK HOLD (预算保护 cash=451 aav帽=ok aav=4)
[17:49:27] t=4504 MOVE raid x2 -> (81,118)
[17:49:27] {"kind": "action", "what": "attack_move", "name": null, "qty": null, "tid": null, "ts": "17:49:27"}
[17:49:29] t=4507 jev VEH HTNK HOLD (预算保护 cash=451 aav帽=ok aav=4)
[17:49:29] t=4507 tick#1725 credits=451 stance=attack | jev 1725 decisions p50=1739ms
[17:49:31] t=4510 jev VEH HTNK HOLD (预算保护 cash=451 aav帽=ok aav=4)
[17:49:33] t=4512 jev VEH HTNK HOLD (预算保护 cash=751 aav帽=ok aav=4)
[17:49:33] t=4512 MOVE assault x40 -> (70,117); hold_a x2 -> (133,86)
[17:49:33] {"kind": "action", "what": "attack_move", "name": null, "qty": null, "tid": null, "ts": "17:49:33"}
[17:49:33] {"kind": "action", "what": "attack_move", "name": null, "qty": null, "tid": null, "ts": "17:49:33"}
[17:49:33] t=4515 ESCORT 坦克#2987 -> 护航矿车@[128, 104]
[17:49:34] {"kind": "action", "what": "attack_move", "name": null, "qty": null, "tid": null, "ts": "17:49:34"}
[17:49:35] t=4515 jev VEH HTNK HOLD (预算保护 cash=751 aav帽=ok aav=4)
[17:49:37] t=4518 jev VEH HTNK HOLD (预算保护 cash=751 aav帽=ok aav=4)
[17:49:39] t=4520 jev VEH HTNK HOLD (预算保护 cash=751 aav帽=ok aav=4)
[17:49:41] t=4523 jev VEH HTNK HOLD (预算保护 cash=751 aav帽=ok aav=4)
[17:49:43] t=4525 jev VEH HTNK HOLD (预算保护 cash=751 aav帽=ok aav=4)
[17:49:45] t=4528 jev VEH HTNK HOLD (预算保护 cash=751 aav帽=ok aav=4)
[17:49:45] t=4528 MOVE aahunt x2 -> (125,84)
[17:49:45] {"kind": "action", "what": "attack_move", "name": null, "qty": null, "tid": null, "ts": "17:49:45"}
[17:49:45] t=4531 TANK HTNK x2
[17:49:45] t=4531 DEBT-GATE HTNK x2 (debt=0 eff=1501 < 1800)
[17:49:47] t=4531 jev VEH HTNK HOLD (预算保护 cash=1501 aav帽=ok aav=4)
[17:49:47] t=4531 MOVE assault x40 -> (70,117)
[17:49:47] {"kind": "action", "what": "attack_move", "name": null, "qty": null, "tid": null, "ts": "17:49:47"}
[17:49:47] t=4533 TANK HTNK x2
[17:49:47] t=4533 DEBT-GATE HTNK x2 (debt=0 eff=1501 < 1800)
[17:49:49] t=4533 jev VEH HTNK HOLD (预算保护 cash=1501 aav帽=ok aav=4)
[17:49:49] t=4533 MOVE raid x2 -> (81,118)
[17:49:49] {"kind": "action", "what": "attack_move", "name": null, "qty": null, "tid": null, "ts": "17:49:49"}
[17:49:49] t=4536 TANK HTNK x2
[17:49:49] t=4536 DEBT-GATE HTNK x2 (debt=0 eff=1501 < 1800)
[17:49:51] t=4536 jev VEH HTNK HOLD (预算保护 cash=1501 aav帽=ok aav=4)
[17:49:51] t=4539 TANK HTNK x2
[17:49:51] t=4539 DEBT-GATE HTNK x2 (debt=0 eff=1501 < 1800)
[17:49:53] t=4539 jev VEH HTNK HOLD (预算保护 cash=1501 aav帽=ok aav=4)
[17:49:53] t=4541 TANK HTNK x2
[17:49:53] t=4541 DEBT-GATE HTNK x2 (debt=0 eff=1501 < 1800)
[17:49:55] t=4541 jev VEH HTNK HOLD (预算保护 cash=1501 aav帽=ok aav=4)
[17:49:55] t=4544 TANK HTNK x2
[17:49:55] t=4544 DEBT-GATE HTNK x2 (debt=0 eff=1501 < 1800)
[17:49:57] t=4544 jev VEH HTNK HOLD (预算保护 cash=1501 aav帽=ok aav=4)
[17:49:57] t=4546 TANK HTNK x2
[17:49:57] t=4546 DEBT-GATE HTNK x2 (debt=0 eff=1501 < 1800)
[17:49:59] t=4546 jev VEH HTNK HOLD (预算保护 cash=1501 aav帽=ok aav=4)
[17:49:59] t=4549 TANK HTNK x2
[17:49:59] t=4549 DEBT-GATE HTNK x2 (debt=0 eff=1501 < 1800)
[17:50:01] t=4549 jev VEH HTNK HOLD (预算保护 cash=1501 aav帽=ok aav=4)
[17:50:01] t=4549 MOVE assault x40 -> (70,117)
[17:50:01] {"kind": "action", "what": "attack_move", "name": null, "qty": null, "tid": null, "ts": "17:50:01"}
[17:50:01] t=4552 TANK HTNK x2
[17:50:01] t=4552 DEBT-GATE HTNK x2 (debt=0 eff=1501 < 1800)
[17:50:03] t=4552 jev VEH HTNK HOLD (预算保护 cash=1501 aav帽=ok aav=4)
[17:50:03] t=4554 TANK HTNK x2
[17:50:03] t=4554 RETREAT HTNK(31%)
[17:50:03] t=4554 DEBT-GATE HTNK x2 (debt=0 eff=1501 < 1800)
[17:50:03] {"kind": "action", "what": "move", "name": null, "qty": null, "tid": null, "ts": "17:50:03"}
[17:50:05] t=4554 jev VEH HTNK HOLD (预算保护 cash=1501 aav帽=ok aav=4)
[17:50:05] t=4557 TANK HTNK x2
[17:50:05] t=4557 ESCORT 坦克#3003 -> 护航矿车@[128, 105]
[17:50:05] t=4557 DEBT-GATE HTNK x2 (debt=0 eff=1501 < 1800)
[17:50:05] {"kind": "action", "what": "attack_move", "name": null, "qty": null, "tid": null, "ts": "17:50:05"}
[17:50:07] t=4557 jev VEH HTNK HOLD (预算保护 cash=1501 aav帽=ok aav=4)
[17:50:07] t=4560 TANK HTNK x2
[17:50:07] t=4560 DEBT-GATE HTNK x2 (debt=0 eff=1501 < 1800)
[17:50:09] t=4560 jev VEH HTNK HOLD (预算保护 cash=1501 aav帽=ok aav=4)
[17:50:09] t=4562 TANK HTNK x2
[17:50:09] t=4562 DEBT-GATE HTNK x2 (debt=0 eff=1501 < 1800)
[17:50:11] t=4562 jev VEH HTNK HOLD (预算保护 cash=1501 aav帽=ok aav=4)
[17:50:11] t=4562 MOVE raid x2 -> (81,118)
[17:50:11] {"kind": "action", "what": "attack_move", "name": null, "qty": null, "tid": null, "ts": "17:50:11"}
[17:50:11] t=4565 TANK HTNK x2
[17:50:11] t=4565 DEBT-GATE HTNK x2 (debt=0 eff=1501 < 1800)
[17:50:13] t=4565 jev VEH HTNK HOLD (预算保护 cash=1501 aav帽=ok aav=4)
[17:50:13] t=4565 MOVE hold_b x2 -> (126,75)
[17:50:13] {"kind": "action", "what": "attack_move", "name": null, "qty": null, "tid": null, "ts": "17:50:13"}
[17:50:13] t=4567 TANK HTNK x2
[17:50:13] t=4567 DEBT-GATE HTNK x2 (debt=0 eff=1501 < 1800)
[17:50:15] t=4567 jev VEH HTNK HOLD (预算保护 cash=1501 aav帽=ok aav=4)
[17:50:15] t=4567 MOVE assault x40 -> (70,117)
[17:50:15] {"kind": "action", "what": "attack_move", "name": null, "qty": null, "tid": null, "ts": "17:50:15"}
[17:50:15] t=4570 TANK HTNK x2
[17:50:15] t=4570 DEBT-GATE HTNK x2 (debt=0 eff=1501 < 1800)
[17:50:17] t=4570 jev VEH HTNK HOLD (预算保护 cash=1501 aav帽=ok aav=4)
[17:50:17] t=4570 MOVE aahunt x2 -> (125,84)
[17:50:17] {"kind": "action", "what": "attack_move", "name": null, "qty": null, "tid": null, "ts": "17:50:17"}
[17:50:17] t=4573 TANK HTNK x2
[17:50:17] t=4573 DEBT-GATE HTNK x2 (debt=0 eff=1501 < 1800)
[17:50:19] t=4573 jev VEH HTNK HOLD (预算保护 cash=1501 aav帽=ok aav=4)
[17:50:19] t=4573 tick#1750 credits=1501 stance=attack | jev 1750 decisions p50=1738ms
[17:50:19] t=4575 TANK HTNK x2
[17:50:19] t=4575 DEBT-GATE HTNK x2 (debt=0 eff=1501 < 1800)
[17:50:21] t=4575 jev VEH HTNK HOLD (预算保护 cash=1501 aav帽=ok aav=4)
[17:50:21] t=4578 TANK HTNK x2
[17:50:21] t=4578 DEBT-GATE HTNK x2 (debt=0 eff=1501 < 1800)
[17:50:23] t=4578 jev VEH HTNK HOLD (预算保护 cash=1501 aav帽=ok aav=4)
[17:50:23] t=4581 TANK HTNK x2
[17:50:23] t=4581 DEBT-GATE HTNK x2 (debt=0 eff=1501 < 1800)
[17:50:25] t=4581 jev VEH HTNK HOLD (预算保护 cash=1501 aav帽=ok aav=4)
[17:50:25] t=4583 TANK HTNK x2
[17:50:25] t=4583 DEBT-GATE HTNK x2 (debt=0 eff=1726 < 1800)
[17:50:26] t=4583 jev VEH HTNK (conf 0.15)
[17:50:27] {"kind": "action", "what": "produce", "name": "HTNK", "qty": 1, "tid": null, "ts": "17:50:27"}
[17:50:28] t=4586 MOVE assault x40 -> (70,117)
[17:50:29] {"kind": "action", "what": "attack_move", "name": null, "qty": null, "tid": null, "ts": "17:50:29"}
[17:50:32] t=4591 MOVE raid x2 -> (81,118)
[17:50:32] {"kind": "action", "what": "attack_move", "name": null, "qty": null, "tid": null, "ts": "17:50:32"}
[17:50:33] t=4594 TANK HTNK x1
[17:50:34] t=4594 jev VEH HTNK HOLD (预算保护 cash=826 aav帽=ok aav=4)
[17:50:34] t=4594 MOVE hold_a x2 -> (133,86)
[17:50:34] {"kind": "action", "what": "attack_move", "name": null, "qty": null, "tid": null, "ts": "17:50:34"}
[17:50:35] t=4597 TANK HTNK x1
[17:50:36] t=4597 jev VEH HTNK HOLD (预算保护 cash=826 aav帽=ok aav=4)
[17:50:37] t=4599 TANK HTNK x1
[17:50:37] t=4599 ESCORT 坦克#2869 -> 护航矿车@[116, 135]
[17:50:37] {"kind": "action", "what": "attack_move", "name": null, "qty": null, "tid": null, "ts": "17:50:37"}
[17:50:38] t=4599 jev VEH HTNK HOLD (预算保护 cash=826 aav帽=ok aav=4)
[17:50:39] t=4602 TANK HTNK x1
[17:50:40] t=4602 jev VEH HTNK HOLD (预算保护 cash=826 aav帽=ok aav=4)
[17:50:41] t=4604 TANK HTNK x1
[17:50:42] t=4604 jev VEH HTNK HOLD (预算保护 cash=826 aav帽=ok aav=4)
[17:50:42] t=4604 MOVE assault x41 -> (70,117)
[17:50:42] {"kind": "action", "what": "attack_move", "name": null, "qty": null, "tid": null, "ts": "17:50:42"}
[17:50:43] t=4607 TANK HTNK x1
[17:50:44] t=4607 jev VEH HTNK HOLD (预算保护 cash=826 aav帽=ok aav=4)
[17:50:45] t=4610 TANK HTNK x1
[17:50:46] t=4610 jev VEH HTNK HOLD (预算保护 cash=826 aav帽=ok aav=4)
[17:50:47] t=4612 TANK HTNK x2
[17:50:48] t=4612 jev VEH HTNK HOLD (预算保护 cash=1276 aav帽=ok aav=4)
[17:50:48] t=4612 MOVE aahunt x2 -> (125,84)
[17:50:48] {"kind": "action", "what": "attack_move", "name": null, "qty": null, "tid": null, "ts": "17:50:48"}
[17:50:49] t=4615 TANK HTNK x2
[17:50:50] t=4615 jev VEH HTNK HOLD (预算保护 cash=1276 aav帽=ok aav=4)
[17:50:51] t=4618 TANK HTNK x2
[17:50:52] t=4618 jev VEH HTNK HOLD (预算保护 cash=1276 aav帽=ok aav=4)
[17:50:53] t=4620 TANK HTNK x2
[17:50:53] t=4620 DEBT-GATE HTNK x2 (debt=0 eff=1276 < 1800)
[17:50:54] t=4620 jev VEH HTNK HOLD (预算保护 cash=1276 aav帽=ok aav=4)
[17:50:54] t=4620 MOVE raid x2 -> (81,118)
[17:50:54] {"kind": "action", "what": "attack_move", "name": null, "qty": null, "tid": null, "ts": "17:50:54"}
[17:50:55] t=4623 TANK HTNK x2
[17:50:55] t=4623 DEBT-GATE HTNK x2 (debt=0 eff=1276 < 1800)
[17:50:56] t=4623 jev VEH HTNK HOLD (预算保护 cash=1276 aav帽=ok aav=4)
[17:50:56] t=4623 MOVE assault x41 -> (70,117)
[17:50:56] {"kind": "action", "what": "attack_move", "name": null, "qty": null, "tid": null, "ts": "17:50:56"}
[17:50:57] t=4626 TANK HTNK x2
[17:50:57] t=4626 DEBT-GATE HTNK x2 (debt=0 eff=1276 < 1800)
[17:50:58] t=4626 jev VEH HTNK HOLD (预算保护 cash=1276 aav帽=ok aav=4)
[17:50:59] t=4628 TANK HTNK x2
[17:50:59] t=4628 DEBT-GATE HTNK x2 (debt=0 eff=1276 < 1800)
[17:51:00] t=4628 jev VEH HTNK HOLD (预算保护 cash=1276 aav帽=ok aav=4)
[17:51:00] t=4631 TANK HTNK x2
[17:51:00] t=4631 DEBT-GATE HTNK x2 (debt=0 eff=1276 < 1800)
[17:51:02] t=4631 jev VEH HTNK HOLD (预算保护 cash=1276 aav帽=ok aav=4)
[17:51:02] t=4634 TANK HTNK x2
[17:51:02] t=4634 DEBT-GATE HTNK x2 (debt=0 eff=1276 < 1800)
[17:51:04] t=4634 jev VEH HTNK HOLD (预算保护 cash=1276 aav帽=ok aav=4)
[17:51:04] t=4636 TANK HTNK x2
[17:51:04] t=4636 DEBT-GATE HTNK x2 (debt=0 eff=1276 < 1800)
[17:51:06] t=4636 jev VEH HTNK HOLD (预算保护 cash=1276 aav帽=ok aav=4)
[17:51:06] t=4639 TANK HTNK x2
[17:51:06] t=4639 DEBT-GATE HTNK x2 (debt=0 eff=1276 < 1800)
[17:51:08] t=4639 jev VEH HTNK HOLD (预算保护 cash=1276 aav帽=ok aav=4)
[17:51:08] t=4639 tick#1775 credits=1276 stance=attack | jev 1775 decisions p50=1737ms
[17:51:08] t=4641 TANK HTNK x2
[17:51:08] t=4641 ESCORT 坦克#3230 -> 护航矿车@[127, 105]
[17:51:08] t=4641 DEBT-GATE HTNK x2 (debt=0 eff=1276 < 1800)
[17:51:08] {"kind": "action", "what": "attack_move", "name": null, "qty": null, "tid": null, "ts": "17:51:08"}
[17:51:10] t=4641 jev VEH HTNK HOLD (预算保护 cash=1276 aav帽=ok aav=4)
[17:51:10] t=4641 MOVE assault x41 -> (70,117)
[17:51:10] {"kind": "action", "what": "attack_move", "name": null, "qty": null, "tid": null, "ts": "17:51:10"}
[17:51:10] t=4644 TANK HTNK x2
[17:51:10] t=4644 DEBT-GATE HTNK x2 (debt=0 eff=1276 < 1800)
[17:51:12] t=4644 jev VEH HTNK HOLD (预算保护 cash=1276 aav帽=ok aav=4)
[17:51:12] t=4647 TANK HTNK x2
[17:51:12] t=4647 DEBT-GATE HTNK x2 (debt=0 eff=1276 < 1800)
[17:51:14] t=4647 jev VEH HTNK HOLD (预算保护 cash=1276 aav帽=ok aav=4)
[17:51:14] t=4647 MOVE hold_b x2 -> (126,75)
[17:51:14] {"kind": "action", "what": "attack_move", "name": null, "qty": null, "tid": null, "ts": "17:51:14"}
[17:51:14] t=4649 TANK HTNK x2
[17:51:14] t=4649 DEBT-GATE HTNK x2 (debt=0 eff=1276 < 1800)
[17:51:16] t=4649 jev VEH HTNK HOLD (预算保护 cash=1276 aav帽=ok aav=4)
[17:51:16] t=4649 MOVE raid x2 -> (81,118)
[17:51:16] {"kind": "action", "what": "attack_move", "name": null, "qty": null, "tid": null, "ts": "17:51:16"}
[17:51:16] t=4652 TANK HTNK x2
[17:51:16] t=4652 DEBT-GATE HTNK x2 (debt=0 eff=1276 < 1800)
[17:51:18] t=4652 jev VEH HTNK HOLD (预算保护 cash=1276 aav帽=ok aav=4)
[17:51:18] t=4655 TANK HTNK x2
[17:51:18] t=4655 DEBT-GATE HTNK x2 (debt=0 eff=1276 < 1800)
[17:51:20] t=4655 jev VEH HTNK HOLD (预算保护 cash=1276 aav帽=ok aav=4)
[17:51:20] t=4655 MOVE aahunt x2 -> (125,84)
[17:51:20] {"kind": "action", "what": "attack_move", "name": null, "qty": null, "tid": null, "ts": "17:51:20"}
[17:51:20] t=4657 TANK HTNK x2
[17:51:20] t=4657 DEBT-GATE HTNK x2 (debt=0 eff=1276 < 1800)
[17:51:22] t=4657 jev VEH HTNK HOLD (预算保护 cash=1276 aav帽=ok aav=4)
[17:51:22] t=4660 TANK HTNK x2
[17:51:22] t=4660 DEBT-GATE HTNK x2 (debt=0 eff=1276 < 1800)
[17:51:24] t=4660 jev VEH HTNK HOLD (预算保护 cash=1276 aav帽=ok aav=4)
[17:51:24] t=4660 MOVE assault x41 -> (70,117)
[17:51:24] {"kind": "action", "what": "attack_move", "name": null, "qty": null, "tid": null, "ts": "17:51:24"}
[17:51:24] t=4663 TANK HTNK x2
[17:51:24] t=4663 DEBT-GATE HTNK x2 (debt=0 eff=1276 < 1800)
[17:51:26] t=4663 jev VEH HTNK HOLD (预算保护 cash=1276 aav帽=ok aav=4)
[17:51:26] t=4665 TANK HTNK x2
[17:51:26] t=4665 DEBT-GATE HTNK x2 (debt=0 eff=1276 < 1800)
[17:51:28] t=4665 jev VEH HTNK HOLD (预算保护 cash=1276 aav帽=ok aav=4)
[17:51:28] t=4668 TANK HTNK x2
[17:51:28] t=4668 DEBT-GATE HTNK x2 (debt=0 eff=1276 < 1800)
[17:51:30] t=4668 jev VEH HTNK HOLD (预算保护 cash=1276 aav帽=ok aav=4)
[17:51:30] t=4670 TANK HTNK x2
[17:51:30] t=4670 DEBT-GATE HTNK x2 (debt=0 eff=1576 < 1800)
[17:51:32] t=4670 jev VEH HTNK HOLD (预算保护 cash=1576 aav帽=ok aav=4)
[17:51:32] t=4673 TANK HTNK x2
[17:51:32] t=4673 DEBT-GATE HTNK x2 (debt=0 eff=1576 < 1800)
[17:51:34] t=4673 jev VEH HTNK HOLD (预算保护 cash=1576 aav帽=ok aav=4)
[17:51:34] t=4676 TANK HTNK x2
[17:51:34] t=4676 DEBT-GATE HTNK x2 (debt=0 eff=1576 < 1800)
[17:51:36] t=4676 jev VEH HTNK HOLD (预算保护 cash=1576 aav帽=ok aav=4)
[17:51:36] t=4676 MOVE hold_a x2 -> (133,86)
[17:51:36] {"kind": "action", "what": "attack_move", "name": null, "qty": null, "tid": null, "ts": "17:51:36"}
[17:51:36] t=4678 TANK HTNK x2
[17:51:36] t=4678 DEBT-GATE HTNK x2 (debt=0 eff=1576 < 1800)
[17:51:38] t=4678 jev VEH HTNK HOLD (预算保护 cash=1576 aav帽=ok aav=4)
[17:51:38] t=4678 MOVE raid x2 -> (81,118); assault x41 -> (70,117)
[17:51:38] {"kind": "action", "what": "attack_move", "name": null, "qty": null, "tid": null, "ts": "17:51:38"}
[17:51:38] {"kind": "action", "what": "attack_move", "name": null, "qty": null, "tid": null, "ts": "17:51:38"}
[17:51:38] t=4681 TANK HTNK x2
[17:51:38] t=4681 DEBT-GATE HTNK x2 (debt=0 eff=1576 < 1800)
[17:51:40] t=4681 jev VEH HTNK HOLD (预算保护 cash=1576 aav帽=ok aav=4)
[17:51:40] t=4684 TANK HTNK x2
[17:51:40] t=4684 ESCORT 坦克#3087 -> 护航矿车@[128, 105]
[17:51:40] t=4684 DEBT-GATE HTNK x2 (debt=0 eff=1576 < 1800)
[17:51:40] {"kind": "action", "what": "attack_move", "name": null, "qty": null, "tid": null, "ts": "17:51:40"}
[17:51:42] t=4684 jev VEH HTNK HOLD (预算保护 cash=1576 aav帽=ok aav=4)
[17:51:42] t=4686 TANK HTNK x2
[17:51:42] t=4686 DEBT-GATE HTNK x2 (debt=0 eff=1576 < 1800)
[17:51:44] t=4686 jev VEH HTNK HOLD (预算保护 cash=1576 aav帽=ok aav=4)
[17:51:44] t=4689 TANK HTNK x2
[17:51:44] t=4689 RETREAT HTNK(30%)
[17:51:44] t=4689 DEBT-GATE HTNK x2 (debt=0 eff=1576 < 1800)
[17:51:44] {"kind": "action", "what": "move", "name": null, "qty": null, "tid": null, "ts": "17:51:44"}
[17:51:46] t=4689 jev VEH HTNK HOLD (预算保护 cash=1576 aav帽=ok aav=4)
[17:51:46] t=4691 TANK HTNK x2
[17:51:46] t=4691 DEBT-GATE HTNK x2 (debt=0 eff=1576 < 1800)
[17:51:48] t=4691 jev VEH HTNK HOLD (预算保护 cash=1576 aav帽=ok aav=4)
[17:51:48] t=4694 TANK HTNK x2
[17:51:48] t=4694 DEBT-GATE HTNK x2 (debt=0 eff=1576 < 1800)
[17:51:50] t=4694 jev VEH HTNK HOLD (预算保护 cash=1576 aav帽=ok aav=4)
[17:51:50] t=4697 TANK HTNK x2
[17:51:50] t=4697 DEBT-GATE HTNK x2 (debt=0 eff=1576 < 1800)
[17:51:52] t=4697 jev VEH HTNK HOLD (预算保护 cash=1576 aav帽=ok aav=4)
[17:51:52] t=4697 MOVE assault x41 -> (70,117); aahunt x2 -> (125,84)
[17:51:52] {"kind": "action", "what": "attack_move", "name": null, "qty": null, "tid": null, "ts": "17:51:52"}
[17:51:52] {"kind": "action", "what": "attack_move", "name": null, "qty": null, "tid": null, "ts": "17:51:52"}
[17:51:52] t=4699 TANK HTNK x2
[17:51:52] t=4699 DEBT-GATE HTNK x2 (debt=0 eff=1576 < 1800)
[17:51:54] t=4699 jev VEH HTNK HOLD (预算保护 cash=1576 aav帽=ok aav=4)
[17:51:54] t=4702 TANK HTNK x2
[17:51:54] t=4702 DEBT-GATE HTNK x2 (debt=0 eff=1576 < 1800)
[17:51:56] t=4702 jev VEH HTNK HOLD (预算保护 cash=1576 aav帽=ok aav=4)
[17:51:56] t=4705 TANK HTNK x2
[17:51:56] {"kind": "action", "what": "produce", "name": "HTNK", "qty": 2, "tid": null, "ts": "17:51:56"}
[17:51:58] t=4705 tick#1800 credits=2101 stance=attack | jev 1800 decisions p50=1735ms
[17:51:59] t=4707 MOVE raid x2 -> (81,118)
[17:52:00] {"kind": "action", "what": "attack_move", "name": null, "qty": null, "tid": null, "ts": "17:52:00"}
[17:52:05] t=4715 MOVE assault x42 -> (70,117)
[17:52:05] {"kind": "action", "what": "attack_move", "name": null, "qty": null, "tid": null, "ts": "17:52:05"}
[17:52:09] t=4720 jev VEH HTNK HOLD (预算保护 cash=301 aav帽=ok aav=4)
[17:52:11] t=4723 jev VEH HTNK HOLD (预算保护 cash=301 aav帽=ok aav=4)
[17:52:12] t=4726 ESCORT 坦克#2988 -> 护航矿车@[120, 106]
[17:52:12] {"kind": "action", "what": "attack_move", "name": null, "qty": null, "tid": null, "ts": "17:52:12"}
[17:52:13] t=4726 jev VEH HTNK HOLD (预算保护 cash=301 aav帽=ok aav=4)
[17:52:15] t=4728 jev VEH HTNK HOLD (预算保护 cash=301 aav帽=ok aav=4)
[17:52:15] t=4728 MOVE hold_b x2 -> (126,75)
[17:52:15] {"kind": "action", "what": "attack_move", "name": null, "qty": null, "tid": null, "ts": "17:52:15"}
[17:52:17] t=4731 jev VEH HTNK HOLD (预算保护 cash=301 aav帽=ok aav=4)
[17:52:19] t=4734 jev VEH HTNK HOLD (预算保护 cash=301 aav帽=ok aav=4)
[17:52:19] t=4734 MOVE assault x43 -> (70,117)
[17:52:19] {"kind": "action", "what": "attack_move", "name": null, "qty": null, "tid": null, "ts": "17:52:19"}
[17:52:21] t=4736 jev VEH HTNK HOLD (预算保护 cash=676 aav帽=ok aav=4)
[17:52:21] t=4736 MOVE raid x2 -> (81,118)
[17:52:21] {"kind": "action", "what": "attack_move", "name": null, "qty": null, "tid": null, "ts": "17:52:21"}
[17:52:23] t=4739 jev VEH HTNK HOLD (预算保护 cash=676 aav帽=ok aav=4)
[17:52:23] t=4739 MOVE aahunt x2 -> (125,84)
[17:52:23] {"kind": "action", "what": "attack_move", "name": null, "qty": null, "tid": null, "ts": "17:52:23"}
[17:52:25] t=4742 jev VEH HTNK HOLD (预算保护 cash=676 aav帽=ok aav=4)
[17:52:27] t=4744 jev VEH HTNK HOLD (预算保护 cash=676 aav帽=ok aav=4)
[17:52:29] t=4747 jev VEH HTNK HOLD (预算保护 cash=676 aav帽=ok aav=4)
[17:52:31] t=4749 jev VEH HTNK HOLD (预算保护 cash=676 aav帽=ok aav=4)
[17:52:33] t=4752 jev VEH HTNK HOLD (预算保护 cash=676 aav帽=ok aav=4)
[17:52:33] t=4752 MOVE assault x43 -> (70,117)
[17:52:33] {"kind": "action", "what": "attack_move", "name": null, "qty": null, "tid": null, "ts": "17:52:33"}
[17:52:35] t=4755 jev VEH HTNK HOLD (预算保护 cash=676 aav帽=ok aav=4)
[17:52:35] t=4757 TANK HTNK x1
[17:52:35] {"kind": "action", "what": "produce", "name": "HTNK", "qty": 1, "tid": null, "ts": "17:52:35"}
[17:52:37] t=4757 MOVE hold_a x2 -> (133,86)
[17:52:37] {"kind": "action", "what": "attack_move", "name": null, "qty": null, "tid": null, "ts": "17:52:37"}
[17:52:43] t=4765 jev VEH HTNK HOLD (预算保护 cash=76 aav帽=ok aav=4)
[17:52:43] t=4765 MOVE raid x2 -> (81,118)
[17:52:43] {"kind": "action", "what": "attack_move", "name": null, "qty": null, "tid": null, "ts": "17:52:43"}
[17:52:43] t=4768 ESCORT 坦克#3204 -> 护航矿车@[128, 105]
[17:52:43] {"kind": "action", "what": "attack_move", "name": null, "qty": null, "tid": null, "ts": "17:52:43"}
[17:52:45] t=4768 jev VEH HTNK HOLD (预算保护 cash=76 aav帽=ok aav=4)
[17:52:47] t=4770 jev VEH HTNK HOLD (预算保护 cash=76 aav帽=ok aav=4)
[17:52:47] t=4770 MOVE assault x44 -> (70,117)
[17:52:47] {"kind": "action", "what": "attack_move", "name": null, "qty": null, "tid": null, "ts": "17:52:47"}
[17:52:47] t=4770 tick#1825 credits=76 stance=attack | jev 1825 decisions p50=1728ms
[17:52:49] t=4773 jev VEH HTNK HOLD (预算保护 cash=76 aav帽=ok aav=4)
[17:52:51] t=4776 jev VEH HTNK HOLD (预算保护 cash=76 aav帽=ok aav=4)
[17:52:53] t=4778 jev VEH HTNK HOLD (预算保护 cash=76 aav帽=ok aav=4)
[17:52:55] t=4781 jev VEH HTNK HOLD (预算保护 cash=76 aav帽=ok aav=4)
[17:52:55] t=4781 MOVE aahunt x2 -> (125,84)
[17:52:55] {"kind": "action", "what": "attack_move", "name": null, "qty": null, "tid": null, "ts": "17:52:55"}
[17:52:57] t=4784 jev VEH HTNK HOLD (预算保护 cash=76 aav帽=ok aav=4)
[17:52:59] t=4786 jev VEH HTNK HOLD (预算保护 cash=76 aav帽=ok aav=4)
[17:53:01] t=4789 jev VEH HTNK HOLD (预算保护 cash=76 aav帽=ok aav=4)
[17:53:01] t=4789 MOVE assault x44 -> (70,117)
[17:53:01] {"kind": "action", "what": "attack_move", "name": null, "qty": null, "tid": null, "ts": "17:53:01"}
[17:53:03] t=4792 jev VEH HTNK HOLD (预算保护 cash=76 aav帽=ok aav=4)
[17:53:05] t=4794 jev VEH HTNK HOLD (预算保护 cash=76 aav帽=ok aav=4)
[17:53:05] t=4794 MOVE raid x2 -> (81,118)
[17:53:05] {"kind": "action", "what": "attack_move", "name": null, "qty": null, "tid": null, "ts": "17:53:05"}
[17:53:07] t=4797 jev VEH HTNK HOLD (预算保护 cash=76 aav帽=ok aav=4)
[17:53:09] t=4799 jev VEH HTNK HOLD (预算保护 cash=76 aav帽=ok aav=4)
[17:53:11] t=4802 jev VEH HTNK HOLD (预算保护 cash=76 aav帽=ok aav=4)
[17:53:13] t=4805 jev VEH HTNK HOLD (预算保护 cash=76 aav帽=ok aav=4)
[17:53:15] t=4807 jev VEH HTNK HOLD (预算保护 cash=76 aav帽=ok aav=4)
[17:53:15] t=4807 MOVE assault x44 -> (70,117)
[17:53:15] {"kind": "action", "what": "attack_move", "name": null, "qty": null, "tid": null, "ts": "17:53:15"}
[17:53:15] t=4810 ESCORT 坦克#3045 -> 护航矿车@[128, 105]
[17:53:15] {"kind": "action", "what": "attack_move", "name": null, "qty": null, "tid": null, "ts": "17:53:15"}
[17:53:17] t=4810 jev VEH HTNK HOLD (预算保护 cash=76 aav帽=ok aav=4)
[17:53:17] t=4810 MOVE hold_b x2 -> (126,75)
[17:53:17] {"kind": "action", "what": "attack_move", "name": null, "qty": null, "tid": null, "ts": "17:53:17"}
[17:53:19] t=4813 jev VEH HTNK HOLD (预算保护 cash=76 aav帽=ok aav=4)
[17:53:21] t=4815 jev VEH HTNK HOLD (预算保护 cash=76 aav帽=ok aav=4)
[17:53:22] t=4818 jev VEH HTNK HOLD (预算保护 cash=76 aav帽=ok aav=4)
[17:53:24] t=4821 jev VEH HTNK HOLD (预算保护 cash=76 aav帽=ok aav=4)
[17:53:26] t=4823 jev VEH HTNK HOLD (预算保护 cash=76 aav帽=ok aav=4)
[17:53:26] t=4823 MOVE raid x2 -> (81,118); aahunt x2 -> (125,84)
[17:53:26] {"kind": "action", "what": "attack_move", "name": null, "qty": null, "tid": null, "ts": "17:53:26"}
[17:53:26] {"kind": "action", "what": "attack_move", "name": null, "qty": null, "tid": null, "ts": "17:53:26"}
[17:53:28] t=4826 jev VEH HTNK HOLD (预算保护 cash=76 aav帽=ok aav=4)
[17:53:28] t=4826 MOVE assault x44 -> (70,117)
[17:53:28] {"kind": "action", "what": "attack_move", "name": null, "qty": null, "tid": null, "ts": "17:53:28"}
[17:53:30] t=4829 jev VEH HTNK HOLD (预算保护 cash=76 aav帽=ok aav=4)
[17:53:32] t=4831 jev VEH HTNK HOLD (预算保护 cash=301 aav帽=ok aav=4)
[17:53:34] t=4834 jev VEH HTNK HOLD (预算保护 cash=301 aav帽=ok aav=4)
[17:53:36] t=4836 jev VEH HTNK HOLD (预算保护 cash=301 aav帽=ok aav=4)
[17:53:36] t=4836 tick#1850 credits=301 stance=attack | jev 1850 decisions p50=1698ms
[17:53:38] t=4839 jev VEH HTNK HOLD (预算保护 cash=301 aav帽=ok aav=4)
[17:53:38] t=4839 MOVE hold_a x2 -> (133,86)
[17:53:38] {"kind": "action", "what": "attack_move", "name": null, "qty": null, "tid": null, "ts": "17:53:38"}
[17:53:40] t=4842 jev VEH HTNK HOLD (预算保护 cash=301 aav帽=ok aav=4)
[17:53:42] t=4844 jev VEH HTNK HOLD (预算保护 cash=301 aav帽=ok aav=4)
[17:53:42] t=4844 MOVE assault x44 -> (70,117)
[17:53:42] {"kind": "action", "what": "attack_move", "name": null, "qty": null, "tid": null, "ts": "17:53:42"}
[17:53:44] t=4847 jev VEH HTNK HOLD (预算保护 cash=301 aav帽=ok aav=4)
[17:53:46] t=4850 jev VEH HTNK HOLD (预算保护 cash=301 aav帽=ok aav=4)
[17:53:48] t=4852 jev VEH HTNK HOLD (预算保护 cash=301 aav帽=ok aav=4)
[17:53:48] t=4852 MOVE raid x2 -> (81,118)
[17:53:48] {"kind": "action", "what": "attack_move", "name": null, "qty": null, "tid": null, "ts": "17:53:48"}
[17:53:48] t=4855 RETREAT HTNK(31%)
[17:53:48] {"kind": "action", "what": "move", "name": null, "qty": null, "tid": null, "ts": "17:53:48"}
[17:53:50] t=4855 jev VEH HTNK HOLD (预算保护 cash=301 aav帽=ok aav=4)
[17:53:52] t=4857 jev VEH HTNK HOLD (预算保护 cash=301 aav帽=ok aav=4)
[17:53:54] t=4860 jev VEH HTNK HOLD (预算保护 cash=751 aav帽=ok aav=4)
[17:53:56] t=4863 jev VEH HTNK HOLD (预算保护 cash=751 aav帽=ok aav=4)
[17:53:56] t=4863 MOVE assault x44 -> (70,117)
[17:53:56] {"kind": "action", "what": "attack_move", "name": null, "qty": null, "tid": null, "ts": "17:53:56"}
[17:53:58] t=4865 jev VEH HTNK HOLD (预算保护 cash=751 aav帽=ok aav=4)
[17:53:58] t=4865 MOVE aahunt x2 -> (125,84)
[17:53:58] {"kind": "action", "what": "attack_move", "name": null, "qty": null, "tid": null, "ts": "17:53:58"}
[17:54:00] t=4868 jev VEH HTNK HOLD (预算保护 cash=751 aav帽=ok aav=4)
[17:54:02] t=4871 jev VEH HTNK HOLD (预算保护 cash=751 aav帽=ok aav=4)
[17:54:04] t=4873 jev VEH HTNK HOLD (预算保护 cash=751 aav帽=ok aav=4)
[17:54:06] t=4876 jev VEH HTNK HOLD (预算保护 cash=751 aav帽=ok aav=4)
[17:54:08] t=4878 jev VEH HTNK HOLD (预算保护 cash=751 aav帽=ok aav=4)
[17:54:08] t=4881 TANK HTNK x2
[17:54:08] t=4881 DEBT-GATE HTNK x2 (debt=0 eff=1351 < 1800)
[17:54:10] t=4881 jev VEH HTNK HOLD (预算保护 cash=1351 aav帽=ok aav=4)
[17:54:10] t=4881 MOVE raid x2 -> (81,118); assault x44 -> (70,117)
[17:54:10] {"kind": "action", "what": "attack_move", "name": null, "qty": null, "tid": null, "ts": "17:54:10"}
[17:54:10] {"kind": "action", "what": "attack_move", "name": null, "qty": null, "tid": null, "ts": "17:54:10"}
[17:54:10] t=4884 TANK HTNK x2
[17:54:10] t=4884 DEBT-GATE HTNK x2 (debt=0 eff=1351 < 1800)
[17:54:12] t=4884 jev VEH HTNK HOLD (预算保护 cash=1351 aav帽=ok aav=4)
[17:54:12] t=4886 TANK HTNK x2
[17:54:12] t=4886 DEBT-GATE HTNK x2 (debt=0 eff=1351 < 1800)
[17:54:14] t=4886 jev VEH HTNK HOLD (预算保护 cash=1351 aav帽=ok aav=4)
[17:54:14] t=4889 TANK HTNK x2
[17:54:14] t=4889 ESCORT 坦克#3204 -> 护航矿车@[126, 104]
[17:54:14] t=4889 DEBT-GATE HTNK x2 (debt=0 eff=1351 < 1800)
[17:54:14] {"kind": "action", "what": "attack_move", "name": null, "qty": null, "tid": null, "ts": "17:54:14"}
[17:54:16] t=4889 jev VEH HTNK HOLD (预算保护 cash=1351 aav帽=ok aav=4)
[17:54:16] t=4892 TANK HTNK x2
[17:54:16] t=4892 DEBT-GATE HTNK x2 (debt=0 eff=1351 < 1800)
[17:54:18] t=4892 jev VEH HTNK HOLD (预算保护 cash=1351 aav帽=ok aav=4)
[17:54:18] t=4892 MOVE hold_b x2 -> (126,75)
[17:54:18] {"kind": "action", "what": "attack_move", "name": null, "qty": null, "tid": null, "ts": "17:54:18"}
[17:54:18] t=4894 TANK HTNK x2
[17:54:18] t=4894 DEBT-GATE HTNK x2 (debt=0 eff=1351 < 1800)
[17:54:20] t=4894 jev VEH HTNK HOLD (预算保护 cash=1351 aav帽=ok aav=4)
[17:54:20] t=4897 TANK HTNK x2
[17:54:20] t=4897 DEBT-GATE HTNK x2 (debt=0 eff=1351 < 1800)
[17:54:22] t=4897 jev VEH HTNK HOLD (预算保护 cash=1351 aav帽=ok aav=4)
[17:54:22] t=4900 TANK HTNK x2
[17:54:22] t=4900 DEBT-GATE HTNK x2 (debt=0 eff=1351 < 1800)
[17:54:24] t=4900 jev VEH HTNK HOLD (预算保护 cash=1351 aav帽=ok aav=4)
[17:54:24] t=4900 MOVE assault x44 -> (70,117)
[17:54:24] {"kind": "action", "what": "attack_move", "name": null, "qty": null, "tid": null, "ts": "17:54:24"}
[17:54:24] t=4902 TANK HTNK x2
[17:54:24] t=4902 DEBT-GATE HTNK x2 (debt=0 eff=1351 < 1800)
[17:54:26] t=4902 jev VEH HTNK HOLD (预算保护 cash=1351 aav帽=ok aav=4)
[17:54:26] t=4902 tick#1875 credits=1351 stance=attack | jev 1875 decisions p50=1691ms
[17:54:26] t=4905 TANK HTNK x2
[17:54:26] t=4905 DEBT-GATE HTNK x2 (debt=0 eff=1351 < 1800)
[17:54:28] t=4905 jev VEH HTNK HOLD (预算保护 cash=1351 aav帽=ok aav=4)
[17:54:28] t=4907 TANK HTNK x2
[17:54:28] t=4907 DEBT-GATE HTNK x2 (debt=0 eff=1351 < 1800)
[17:54:30] t=4907 jev VEH HTNK HOLD (预算保护 cash=1351 aav帽=ok aav=4)
[17:54:30] t=4907 MOVE aahunt x2 -> (125,84)
[17:54:30] {"kind": "action", "what": "attack_move", "name": null, "qty": null, "tid": null, "ts": "17:54:30"}
[17:54:30] t=4910 TANK HTNK x2
[17:54:30] t=4910 DEBT-GATE HTNK x2 (debt=0 eff=1351 < 1800)
[17:54:32] t=4910 jev VEH HTNK HOLD (预算保护 cash=1351 aav帽=ok aav=4)
[17:54:32] t=4910 MOVE raid x2 -> (81,118)
[17:54:32] {"kind": "action", "what": "attack_move", "name": null, "qty": null, "tid": null, "ts": "17:54:32"}
[17:54:32] t=4913 TANK HTNK x2
[17:54:32] t=4913 DEBT-GATE HTNK x2 (debt=0 eff=1351 < 1800)
[17:54:34] t=4913 jev VEH HTNK HOLD (预算保护 cash=1351 aav帽=ok aav=4)
[17:54:34] t=4915 TANK HTNK x2
[17:54:34] t=4915 DEBT-GATE HTNK x2 (debt=0 eff=1351 < 1800)
[17:54:36] t=4915 jev VEH HTNK HOLD (预算保护 cash=1351 aav帽=ok aav=4)
[17:54:36] t=4918 TANK HTNK x2
[17:54:36] t=4918 DEBT-GATE HTNK x2 (debt=0 eff=1651 < 1800)
[17:54:37] t=4918 jev VEH HTNK HOLD (预算保护 cash=1651 aav帽=ok aav=4)
[17:54:37] t=4918 MOVE assault x44 -> (70,117)
[17:54:38] {"kind": "action", "what": "attack_move", "name": null, "qty": null, "tid": null, "ts": "17:54:38"}
[17:54:38] t=4921 TANK HTNK x2
[17:54:38] t=4921 DEBT-GATE HTNK x2 (debt=0 eff=1651 < 1800)
[17:54:39] t=4921 jev VEH HTNK HOLD (预算保护 cash=1651 aav帽=ok aav=4)
[17:54:39] t=4921 MOVE hold_a x2 -> (133,86)
[17:54:40] {"kind": "action", "what": "attack_move", "name": null, "qty": null, "tid": null, "ts": "17:54:40"}
[17:54:40] t=4923 TANK HTNK x2
[17:54:40] t=4923 DEBT-GATE HTNK x2 (debt=0 eff=1651 < 1800)
[17:54:41] t=4923 jev VEH HTNK HOLD (预算保护 cash=1651 aav帽=ok aav=4)
[17:54:42] t=4926 TANK HTNK x2
[17:54:42] t=4926 DEBT-GATE HTNK x2 (debt=0 eff=1651 < 1800)
[17:54:43] t=4926 jev VEH HTNK HOLD (预算保护 cash=1651 aav帽=ok aav=4)
[17:54:44] t=4928 TANK HTNK x2
[17:54:44] t=4928 DEBT-GATE HTNK x2 (debt=0 eff=1651 < 1800)
[17:54:45] t=4928 jev VEH HTNK HOLD (预算保护 cash=1651 aav帽=ok aav=4)
[17:54:46] t=4931 TANK HTNK x2
[17:54:46] t=4931 ESCORT 坦克#3204 -> 护航矿车@[126, 105]
[17:54:46] t=4931 DEBT-GATE HTNK x2 (debt=0 eff=1651 < 1800)
[17:54:46] {"kind": "action", "what": "attack_move", "name": null, "qty": null, "tid": null, "ts": "17:54:46"}
[17:54:47] t=4931 jev VEH HTNK HOLD (预算保护 cash=1651 aav帽=ok aav=4)
[17:54:48] t=4934 TANK HTNK x2
[17:54:48] t=4934 DEBT-GATE HTNK x2 (debt=0 eff=1651 < 1800)
[17:54:49] t=4934 jev VEH HTNK HOLD (预算保护 cash=1651 aav帽=ok aav=4)
[17:54:50] t=4936 TANK HTNK x2
[17:54:50] t=4936 DEBT-GATE HTNK x2 (debt=0 eff=1651 < 1800)
[17:54:51] t=4936 jev VEH HTNK HOLD (预算保护 cash=1651 aav帽=ok aav=4)
[17:54:51] t=4936 MOVE assault x44 -> (70,117)
[17:54:51] {"kind": "action", "what": "attack_move", "name": null, "qty": null, "tid": null, "ts": "17:54:51"}
[17:54:52] t=4939 TANK HTNK x2
[17:54:52] t=4939 DEBT-GATE HTNK x2 (debt=0 eff=1651 < 1800)
[17:54:53] t=4939 jev VEH HTNK HOLD (预算保护 cash=1651 aav帽=ok aav=4)
[17:54:53] t=4939 MOVE raid x2 -> (81,118)
[17:54:53] {"kind": "action", "what": "attack_move", "name": null, "qty": null, "tid": null, "ts": "17:54:53"}
[17:54:54] t=4942 TANK HTNK x2
[17:54:54] t=4942 DEBT-GATE HTNK x2 (debt=0 eff=1651 < 1800)
[17:54:55] t=4942 jev VEH HTNK HOLD (预算保护 cash=1651 aav帽=ok aav=4)
[17:54:56] t=4944 TANK HTNK x2
[17:54:56] t=4944 DEBT-GATE HTNK x2 (debt=0 eff=1651 < 1800)
[17:54:57] t=4944 jev VEH HTNK HOLD (预算保护 cash=1651 aav帽=ok aav=4)
[17:54:58] t=4947 TANK HTNK x2
[17:54:58] t=4947 DEBT-GATE HTNK x2 (debt=0 eff=1651 < 1800)
[17:54:59] t=4947 jev VEH HTNK HOLD (预算保护 cash=1651 aav帽=ok aav=4)
[17:54:59] t=4950 TANK HTNK x2
[17:54:59] t=4950 DEBT-GATE HTNK x2 (debt=0 eff=1651 < 1800)
[17:55:01] t=4950 jev VEH HTNK HOLD (预算保护 cash=1651 aav帽=ok aav=4)
[17:55:01] t=4950 MOVE aahunt x2 -> (125,84)
[17:55:01] {"kind": "action", "what": "attack_move", "name": null, "qty": null, "tid": null, "ts": "17:55:01"}
[17:55:01] t=4952 TANK HTNK x2
[17:55:01] t=4952 DEBT-GATE HTNK x2 (debt=0 eff=1651 < 1800)
[17:55:03] t=4952 jev VEH HTNK HOLD (预算保护 cash=1651 aav帽=ok aav=4)
[17:55:03] t=4955 TANK HTNK x2
[17:55:03] t=4955 DEBT-GATE HTNK x2 (debt=0 eff=1651 < 1800)
[17:55:05] t=4955 jev VEH HTNK HOLD (预算保护 cash=1651 aav帽=ok aav=4)
[17:55:05] t=4955 MOVE assault x44 -> (70,117)
[17:55:05] {"kind": "action", "what": "attack_move", "name": null, "qty": null, "tid": null, "ts": "17:55:05"}
[17:55:05] t=4958 TANK HTNK x2
[17:55:05] t=4958 DEBT-GATE HTNK x2 (debt=0 eff=1651 < 1800)
[17:55:07] t=4958 jev VEH HTNK HOLD (预算保护 cash=1651 aav帽=ok aav=4)
[17:55:07] t=4960 TANK HTNK x2
[17:55:07] t=4960 DEBT-GATE HTNK x2 (debt=0 eff=1651 < 1800)
[17:55:09] t=4960 jev VEH HTNK HOLD (预算保护 cash=1651 aav帽=ok aav=4)
[17:55:09] t=4963 TANK HTNK x2
[17:55:09] t=4963 DEBT-GATE HTNK x2 (debt=0 eff=1651 < 1800)
[17:55:11] t=4963 jev VEH HTNK HOLD (预算保护 cash=1651 aav帽=ok aav=4)
[17:55:11] t=4965 TANK HTNK x2
[17:55:11] {"kind": "action", "what": "produce", "name": "HTNK", "qty": 2, "tid": null, "ts": "17:55:11"}
[17:55:15] t=4968 MOVE raid x2 -> (81,118)
[17:55:15] {"kind": "action", "what": "attack_move", "name": null, "qty": null, "tid": null, "ts": "17:55:15"}
[17:55:15] t=4968 tick#1900 credits=1701 stance=attack | jev 1900 decisions p50=1688ms
[17:55:17] t=4973 ESCORT 坦克#2869 -> 护航矿车@[117, 135]
[17:55:17] {"kind": "action", "what": "attack_move", "name": null, "qty": null, "tid": null, "ts": "17:55:17"}
[17:55:19] t=4973 MOVE assault x45 -> (70,117); hold_b x2 -> (126,75)
[17:55:19] {"kind": "action", "what": "attack_move", "name": null, "qty": null, "tid": null, "ts": "17:55:19"}
[17:55:19] {"kind": "action", "what": "attack_move", "name": null, "qty": null, "tid": null, "ts": "17:55:19"}
[17:55:25] t=4981 jev VEH HTNK HOLD (预算保护 cash=226 aav帽=ok aav=4)
[17:55:27] t=4984 jev VEH HTNK HOLD (预算保护 cash=226 aav帽=ok aav=4)
[17:55:29] t=4987 jev VEH HTNK HOLD (预算保护 cash=226 aav帽=ok aav=4)
[17:55:31] t=4989 jev VEH HTNK HOLD (预算保护 cash=226 aav帽=ok aav=4)
[17:55:31] t=4992 RETREAT HTNK(30%)
[17:55:31] {"kind": "action", "what": "move", "name": null, "qty": null, "tid": null, "ts": "17:55:31"}
[17:55:33] t=4992 jev VEH HTNK HOLD (预算保护 cash=226 aav帽=ok aav=4)
[17:55:33] t=4992 MOVE assault x46 -> (70,117); aahunt x2 -> (125,84)
[17:55:33] {"kind": "action", "what": "attack_move", "name": null, "qty": null, "tid": null, "ts": "17:55:33"}
[17:55:33] {"kind": "action", "what": "attack_move", "name": null, "qty": null, "tid": null, "ts": "17:55:33"}
[17:55:35] t=4995 jev VEH HTNK HOLD (预算保护 cash=226 aav帽=ok aav=4)
[17:55:37] t=4997 jev VEH HTNK HOLD (预算保护 cash=226 aav帽=ok aav=4)
[17:55:37] t=4997 MOVE raid x2 -> (81,118)
[17:55:37] {"kind": "action", "what": "attack_move", "name": null, "qty": null, "tid": null, "ts": "17:55:37"}
[17:55:39] t=5000 jev VEH HTNK HOLD (预算保护 cash=226 aav帽=ok aav=4)
[17:55:41] t=5002 jev VEH HTNK HOLD (预算保护 cash=226 aav帽=ok aav=4)
[17:55:41] t=5002 MOVE hold_a x2 -> (133,86)
[17:55:41] {"kind": "action", "what": "attack_move", "name": null, "qty": null, "tid": null, "ts": "17:55:41"}
[17:55:43] t=5005 jev VEH HTNK HOLD (预算保护 cash=526 aav帽=ok aav=4)
[17:55:45] t=5008 jev VEH HTNK HOLD (预算保护 cash=526 aav帽=ok aav=4)
[17:55:47] t=5010 jev VEH HTNK HOLD (预算保护 cash=526 aav帽=ok aav=4)
[17:55:47] t=5010 MOVE assault x46 -> (70,117)
[17:55:47] {"kind": "action", "what": "attack_move", "name": null, "qty": null, "tid": null, "ts": "17:55:47"}
[17:55:49] t=5013 jev VEH HTNK HOLD (预算保护 cash=526 aav帽=ok aav=4)
[17:55:49] t=5016 ESCORT 坦克#3115 -> 护航矿车@[128, 105]
[17:55:49] {"kind": "action", "what": "attack_move", "name": null, "qty": null, "tid": null, "ts": "17:55:49"}
[17:55:51] t=5016 jev VEH HTNK HOLD (预算保护 cash=526 aav帽=ok aav=4)
[17:55:53] t=5018 jev VEH HTNK HOLD (预算保护 cash=526 aav帽=ok aav=4)
[17:55:55] t=5021 jev VEH HTNK HOLD (预算保护 cash=526 aav帽=ok aav=4)
[17:55:57] t=5024 jev VEH HTNK HOLD (预算保护 cash=526 aav帽=ok aav=4)
[17:55:59] t=5026 jev VEH HTNK HOLD (预算保护 cash=526 aav帽=ok aav=4)
[17:55:59] t=5026 MOVE raid x2 -> (81,118)
[17:55:59] {"kind": "action", "what": "attack_move", "name": null, "qty": null, "tid": null, "ts": "17:55:59"}
[17:56:01] t=5029 jev VEH HTNK HOLD (预算保护 cash=526 aav帽=ok aav=4)
[17:56:01] t=5029 MOVE assault x46 -> (70,117)
[17:56:01] {"kind": "action", "what": "attack_move", "name": null, "qty": null, "tid": null, "ts": "17:56:01"}
[17:56:03] t=5031 jev VEH HTNK HOLD (预算保护 cash=526 aav帽=ok aav=4)
[17:56:05] t=5034 jev VEH HTNK HOLD (预算保护 cash=526 aav帽=ok aav=4)
[17:56:05] t=5034 MOVE aahunt x2 -> (125,84)
[17:56:05] {"kind": "action", "what": "attack_move", "name": null, "qty": null, "tid": null, "ts": "17:56:05"}
[17:56:05] t=5034 tick#1925 credits=526 stance=attack | jev 1925 decisions p50=1686ms
[17:56:07] t=5037 jev VEH HTNK HOLD (预算保护 cash=526 aav帽=ok aav=4)
[17:56:08] t=5039 jev VEH HTNK HOLD (预算保护 cash=526 aav帽=ok aav=4)
[17:56:10] t=5042 jev VEH HTNK HOLD (预算保护 cash=526 aav帽=ok aav=4)
[17:56:12] t=5044 jev VEH HTNK HOLD (预算保护 cash=526 aav帽=ok aav=4)
[17:56:14] t=5047 jev VEH HTNK HOLD (预算保护 cash=526 aav帽=ok aav=4)
[17:56:14] t=5047 MOVE assault x46 -> (70,117)
[17:56:14] {"kind": "action", "what": "attack_move", "name": null, "qty": null, "tid": null, "ts": "17:56:14"}
[17:56:16] t=5050 jev VEH HTNK HOLD (预算保护 cash=526 aav帽=ok aav=4)
[17:56:18] t=5052 jev VEH HTNK HOLD (预算保护 cash=526 aav帽=ok aav=4)
[17:56:19] t=5055 TANK HTNK x1
[17:56:19] {"kind": "action", "what": "produce", "name": "HTNK", "qty": 1, "tid": null, "ts": "17:56:19"}
[17:56:20] t=5055 MOVE raid x2 -> (81,118); hold_b x2 -> (126,75)
[17:56:20] {"kind": "action", "what": "attack_move", "name": null, "qty": null, "tid": null, "ts": "17:56:20"}
[17:56:20] {"kind": "action", "what": "attack_move", "name": null, "qty": null, "tid": null, "ts": "17:56:20"}
[17:56:26] t=5063 jev VEH HTNK HOLD (预算保护 cash=226 aav帽=ok aav=4)
[17:56:28] t=5066 jev VEH HTNK HOLD (预算保护 cash=526 aav帽=ok aav=4)
[17:56:28] t=5066 MOVE assault x47 -> (70,117)
[17:56:28] {"kind": "action", "what": "attack_move", "name": null, "qty": null, "tid": null, "ts": "17:56:28"}
[17:56:30] t=5068 jev VEH HTNK HOLD (预算保护 cash=526 aav帽=ok aav=4)
[17:56:32] t=5071 jev VEH HTNK HOLD (预算保护 cash=526 aav帽=ok aav=4)
[17:56:34] t=5073 jev VEH HARV HOLD (预算保护 cash=526 aav帽=ok aav=4)
[17:56:34] t=5076 ESCORT 坦克#3028 -> 护航矿车@[121, 103]
[17:56:34] {"kind": "action", "what": "attack_move", "name": null, "qty": null, "tid": null, "ts": "17:56:34"}
[17:56:36] t=5076 jev VEH HTNK HOLD (预算保护 cash=526 aav帽=ok aav=4)
[17:56:36] t=5076 MOVE aahunt x2 -> (125,84)
[17:56:36] {"kind": "action", "what": "attack_move", "name": null, "qty": null, "tid": null, "ts": "17:56:36"}
[17:56:38] t=5079 jev VEH HTNK HOLD (预算保护 cash=526 aav帽=ok aav=4)
[17:56:40] t=5081 jev VEH HTNK HOLD (预算保护 cash=526 aav帽=ok aav=4)
[17:56:42] t=5084 jev VEH HTNK HOLD (预算保护 cash=526 aav帽=ok aav=4)
[17:56:42] t=5084 MOVE raid x2 -> (81,118); assault x47 -> (70,117); hold_a x2 -> (133,86)
[17:56:42] {"kind": "action", "what": "attack_move", "name": null, "qty": null, "tid": null, "ts": "17:56:42"}
[17:56:42] {"kind": "action", "what": "attack_move", "name": null, "qty": null, "tid": null, "ts": "17:56:42"}
[17:56:42] {"kind": "action", "what": "attack_move", "name": null, "qty": null, "tid": null, "ts": "17:56:42"}
[17:56:44] t=5087 jev VEH HTNK HOLD (预算保护 cash=526 aav帽=ok aav=4)
[17:56:46] t=5089 jev VEH HTNK HOLD (预算保护 cash=526 aav帽=ok aav=4)
[17:56:46] t=5092 TANK HTNK x1
[17:56:46] t=5092 DEBT-GATE HTNK x1 (debt=0 eff=826 < 900)
[17:56:48] t=5092 jev VEH HTNK HOLD (预算保护 cash=826 aav帽=ok aav=4)
[17:56:48] t=5094 TANK HTNK x1
[17:56:48] t=5094 DEBT-GATE HTNK x1 (debt=0 eff=826 < 900)
[17:56:50] t=5094 jev VEH HTNK HOLD (预算保护 cash=826 aav帽=ok aav=4)
[17:56:50] t=5097 TANK HTNK x1
[17:56:50] t=5097 DEBT-GATE HTNK x1 (debt=0 eff=826 < 900)
[17:56:52] t=5097 jev VEH HTNK HOLD (预算保护 cash=826 aav帽=ok aav=4)
[17:56:52] t=5100 TANK HTNK x1
[17:56:52] t=5100 DEBT-GATE HTNK x1 (debt=0 eff=826 < 900)
[17:56:54] t=5100 jev VEH HTNK HOLD (预算保护 cash=826 aav帽=ok aav=4)
[17:56:54] t=5100 tick#1950 credits=826 stance=attack | jev 1950 decisions p50=1684ms
[17:56:54] t=5102 TANK HTNK x1
[17:56:54] t=5102 DEBT-GATE HTNK x1 (debt=0 eff=826 < 900)
[17:56:56] t=5102 jev VEH HTNK HOLD (预算保护 cash=826 aav帽=ok aav=4)
[17:56:56] t=5102 MOVE assault x47 -> (70,117)
[17:56:56] {"kind": "action", "what": "attack_move", "name": null, "qty": null, "tid": null, "ts": "17:56:56"}
[17:56:56] t=5105 TANK HTNK x1
[17:56:56] t=5105 DEBT-GATE HTNK x1 (debt=0 eff=826 < 900)
[17:56:58] t=5105 jev VEH HTNK HOLD (预算保护 cash=826 aav帽=ok aav=4)
[17:56:58] t=5108 TANK HTNK x1
[17:56:58] t=5108 DEBT-GATE HTNK x1 (debt=0 eff=826 < 900)
[17:57:00] t=5108 jev VEH HTNK HOLD (预算保护 cash=826 aav帽=ok aav=4)
[17:57:00] t=5110 TANK HTNK x1
[17:57:00] t=5110 DEBT-GATE HTNK x1 (debt=0 eff=826 < 900)
[17:57:02] t=5110 jev VEH HTNK HOLD (预算保护 cash=826 aav帽=ok aav=4)
[17:57:02] t=5113 TANK HTNK x1
[17:57:02] t=5113 DEBT-GATE HTNK x1 (debt=0 eff=826 < 900)
[17:57:04] t=5113 jev VEH HTNK HOLD (预算保护 cash=826 aav帽=ok aav=4)
[17:57:04] t=5113 MOVE raid x2 -> (81,118)
[17:57:04] {"kind": "action", "what": "attack_move", "name": null, "qty": null, "tid": null, "ts": "17:57:04"}
[17:57:04] t=5116 TANK HTNK x1
[17:57:04] t=5116 DEBT-GATE HTNK x1 (debt=0 eff=826 < 900)
[17:57:06] t=5116 jev VEH HTNK HOLD (预算保护 cash=826 aav帽=ok aav=4)
[17:57:06] t=5118 TANK HTNK x1
[17:57:06] t=5118 ESCORT 坦克#3146 -> 护航矿车@[127, 105]
[17:57:06] t=5118 DEBT-GATE HTNK x1 (debt=0 eff=826 < 900)
[17:57:06] {"kind": "action", "what": "attack_move", "name": null, "qty": null, "tid": null, "ts": "17:57:06"}
[17:57:08] t=5118 jev VEH HTNK HOLD (预算保护 cash=826 aav帽=ok aav=4)
[17:57:08] t=5118 MOVE aahunt x2 -> (125,84)
[17:57:08] {"kind": "action", "what": "attack_move", "name": null, "qty": null, "tid": null, "ts": "17:57:08"}
[17:57:08] t=5121 TANK HTNK x1
[17:57:08] t=5121 DEBT-GATE HTNK x1 (debt=0 eff=826 < 900)
[17:57:10] t=5121 jev VEH HTNK HOLD (预算保护 cash=826 aav帽=ok aav=4)
[17:57:10] t=5121 MOVE assault x47 -> (70,117)
[17:57:10] {"kind": "action", "what": "attack_move", "name": null, "qty": null, "tid": null, "ts": "17:57:10"}
[17:57:10] t=5124 TANK HTNK x1
[17:57:10] t=5124 DEBT-GATE HTNK x1 (debt=0 eff=826 < 900)
[17:57:12] t=5124 jev VEH HTNK HOLD (预算保护 cash=826 aav帽=ok aav=4)
[17:57:12] t=5126 TANK HTNK x1
[17:57:12] t=5126 DEBT-GATE HTNK x1 (debt=0 eff=826 < 900)
[17:57:14] t=5126 jev VEH HTNK HOLD (预算保护 cash=826 aav帽=ok aav=4)
[17:57:14] t=5129 TANK HTNK x1
[17:57:14] t=5129 DEBT-GATE HTNK x1 (debt=0 eff=826 < 900)
[17:57:16] t=5129 jev VEH HTNK HOLD (预算保护 cash=826 aav帽=ok aav=4)
[17:57:16] t=5131 TANK HTNK x1
[17:57:16] t=5131 DEBT-GATE HTNK x1 (debt=0 eff=826 < 900)
[17:57:18] t=5131 jev VEH HTNK HOLD (预算保护 cash=826 aav帽=ok aav=4)
[17:57:18] t=5134 TANK HTNK x1
[17:57:18] t=5134 DEBT-GATE HTNK x1 (debt=0 eff=826 < 900)
[17:57:20] t=5134 jev VEH HTNK HOLD (预算保护 cash=826 aav帽=ok aav=4)
[17:57:20] t=5137 TANK HTNK x1
[17:57:20] t=5137 DEBT-GATE HTNK x1 (debt=0 eff=826 < 900)
[17:57:22] t=5137 jev VEH HTNK HOLD (预算保护 cash=826 aav帽=ok aav=4)
[17:57:22] t=5137 MOVE hold_b x2 -> (126,75)
[17:57:22] {"kind": "action", "what": "attack_move", "name": null, "qty": null, "tid": null, "ts": "17:57:22"}
[17:57:22] t=5139 TANK HTNK x1
[17:57:22] t=5139 DEBT-GATE HTNK x1 (debt=0 eff=826 < 900)
[17:57:24] t=5139 jev VEH HTNK HOLD (预算保护 cash=826 aav帽=ok aav=4)
[17:57:24] t=5139 MOVE assault x47 -> (70,117)
[17:57:24] {"kind": "action", "what": "attack_move", "name": null, "qty": null, "tid": null, "ts": "17:57:24"}
[17:57:24] t=5142 TANK HTNK x1
[17:57:24] t=5142 DEBT-GATE HTNK x1 (debt=0 eff=826 < 900)
[17:57:26] t=5142 jev VEH HTNK HOLD (预算保护 cash=826 aav帽=ok aav=4)
[17:57:26] t=5142 MOVE raid x2 -> (81,118)
[17:57:26] {"kind": "action", "what": "attack_move", "name": null, "qty": null, "tid": null, "ts": "17:57:26"}
[17:57:26] t=5145 TANK HTNK x1
[17:57:26] t=5145 DEBT-GATE HTNK x1 (debt=0 eff=826 < 900)
[17:57:28] t=5145 jev VEH HTNK HOLD (预算保护 cash=826 aav帽=ok aav=4)
[17:57:28] t=5147 TANK HTNK x1
[17:57:28] t=5147 DEBT-GATE HTNK x1 (debt=0 eff=826 < 900)
[17:57:30] t=5147 jev VEH HTNK HOLD (预算保护 cash=826 aav帽=ok aav=4)
[17:57:30] t=5150 TANK HTNK x1
[17:57:30] t=5150 DEBT-GATE HTNK x1 (debt=0 eff=826 < 900)
[17:57:31] t=5150 jev VEH HTNK HOLD (预算保护 cash=826 aav帽=ok aav=4)
[17:57:32] t=5153 TANK HTNK x1
[17:57:32] t=5153 DEBT-GATE HTNK x1 (debt=0 eff=826 < 900)
[17:57:33] t=5153 jev VEH HTNK HOLD (预算保护 cash=826 aav帽=ok aav=4)
[17:57:34] t=5155 TANK HTNK x1
[17:57:34] t=5155 DEBT-GATE HTNK x1 (debt=0 eff=826 < 900)
[17:57:35] t=5155 jev VEH HTNK HOLD (预算保护 cash=826 aav帽=ok aav=4)
[17:57:36] t=5158 TANK HTNK x1
[17:57:36] t=5158 RETREAT HTNK(31%)
[17:57:36] t=5158 DEBT-GATE HTNK x1 (debt=0 eff=826 < 900)
[17:57:36] {"kind": "action", "what": "move", "name": null, "qty": null, "tid": null, "ts": "17:57:36"}
[17:57:37] t=5158 jev VEH HTNK HOLD (预算保护 cash=826 aav帽=ok aav=4)
[17:57:37] t=5158 MOVE assault x47 -> (70,117)
[17:57:37] {"kind": "action", "what": "attack_move", "name": null, "qty": null, "tid": null, "ts": "17:57:37"}
[17:57:38] t=5160 TANK HTNK x1
[17:57:38] t=5160 ESCORT 坦克#2869 -> 护航矿车@[117, 133]
[17:57:38] t=5160 DEBT-GATE HTNK x1 (debt=0 eff=826 < 900)
[17:57:38] {"kind": "action", "what": "attack_move", "name": null, "qty": null, "tid": null, "ts": "17:57:38"}
[17:57:39] t=5160 jev VEH HTNK HOLD (预算保护 cash=826 aav帽=ok aav=4)
[17:57:39] t=5160 MOVE aahunt x2 -> (125,84)
[17:57:39] {"kind": "action", "what": "attack_move", "name": null, "qty": null, "tid": null, "ts": "17:57:39"}
[17:57:40] t=5163 TANK HTNK x1
[17:57:40] t=5163 DEBT-GATE HTNK x1 (debt=0 eff=826 < 900)
[17:57:41] t=5163 jev VEH HTNK HOLD (预算保护 cash=826 aav帽=ok aav=4)
[17:57:42] t=5166 TANK HTNK x1
[17:57:42] {"kind": "action", "what": "produce", "name": "HTNK", "qty": 1, "tid": null, "ts": "17:57:42"}
[17:57:43] t=5166 MOVE hold_a x2 -> (133,86)
[17:57:43] {"kind": "action", "what": "attack_move", "name": null, "qty": null, "tid": null, "ts": "17:57:43"}
[17:57:43] t=5166 tick#1975 credits=1051 stance=attack | jev 1975 decisions p50=1684ms
[17:57:47] t=5171 MOVE raid x2 -> (81,118)
[17:57:47] {"kind": "action", "what": "attack_move", "name": null, "qty": null, "tid": null, "ts": "17:57:47"}
[17:57:49] t=5174 jev VEH HTNK HOLD (预算保护 cash=151 aav帽=ok aav=4)
[17:57:51] t=5176 jev VEH HTNK HOLD (预算保护 cash=151 aav帽=ok aav=4)
[17:57:51] t=5176 MOVE assault x48 -> (70,117)
[17:57:51] {"kind": "action", "what": "attack_move", "name": null, "qty": null, "tid": null, "ts": "17:57:51"}
[17:57:53] t=5179 jev VEH HTNK HOLD (预算保护 cash=151 aav帽=ok aav=4)
[17:57:55] t=5182 jev VEH HTNK HOLD (预算保护 cash=151 aav帽=ok aav=4)
[17:57:57] t=5184 jev VEH HTNK HOLD (预算保护 cash=151 aav帽=ok aav=4)
[17:57:59] t=5187 jev VEH HTNK HOLD (预算保护 cash=151 aav帽=ok aav=4)
[17:58:01] t=5189 jev VEH HTNK HOLD (预算保护 cash=151 aav帽=ok aav=4)
[17:58:03] t=5192 jev VEH HTNK HOLD (预算保护 cash=601 aav帽=ok aav=4)
[17:58:05] t=5195 jev VEH HTNK HOLD (预算保护 cash=601 aav帽=ok aav=4)
[17:58:05] t=5195 MOVE assault x48 -> (70,117)
[17:58:05] {"kind": "action", "what": "attack_move", "name": null, "qty": null, "tid": null, "ts": "17:58:05"}
[17:58:07] t=5197 jev VEH HTNK HOLD (预算保护 cash=601 aav帽=ok aav=4)
[17:58:09] t=5200 jev VEH HTNK HOLD (预算保护 cash=601 aav帽=ok aav=4)
[17:58:09] t=5200 MOVE raid x2 -> (81,118)
[17:58:09] {"kind": "action", "what": "attack_move", "name": null, "qty": null, "tid": null, "ts": "17:58:09"}
[17:58:09] t=5203 ESCORT 坦克#3087 -> 护航矿车@[120, 108]
[17:58:09] {"kind": "action", "what": "attack_move", "name": null, "qty": null, "tid": null, "ts": "17:58:09"}
[17:58:11] t=5203 jev VEH HTNK HOLD (预算保护 cash=601 aav帽=ok aav=4)
[17:58:11] t=5203 MOVE aahunt x2 -> (125,84)
[17:58:11] {"kind": "action", "what": "attack_move", "name": null, "qty": null, "tid": null, "ts": "17:58:11"}
[17:58:13] t=5205 jev VEH HTNK HOLD (预算保护 cash=601 aav帽=ok aav=4)
[17:58:15] t=5208 jev VEH HTNK HOLD (预算保护 cash=601 aav帽=ok aav=4)
[17:58:17] t=5211 jev VEH HTNK HOLD (预算保护 cash=601 aav帽=ok aav=4)
[17:58:19] t=5213 jev VEH HTNK HOLD (预算保护 cash=601 aav帽=ok aav=4)
[17:58:19] t=5213 MOVE assault x48 -> (70,117)
[17:58:19] {"kind": "action", "what": "attack_move", "name": null, "qty": null, "tid": null, "ts": "17:58:19"}
[17:58:21] t=5216 jev VEH HTNK HOLD (预算保护 cash=601 aav帽=ok aav=4)
[17:58:23] t=5218 jev VEH HTNK HOLD (预算保护 cash=601 aav帽=ok aav=4)
[17:58:23] t=5218 MOVE hold_b x2 -> (126,75)
[17:58:23] {"kind": "action", "what": "attack_move", "name": null, "qty": null, "tid": null, "ts": "17:58:23"}
[17:58:25] t=5221 jev VEH HTNK HOLD (预算保护 cash=601 aav帽=ok aav=4)
[17:58:27] t=5224 jev VEH HTNK HOLD (预算保护 cash=601 aav帽=ok aav=4)
[17:58:29] t=5226 jev VEH HTNK HOLD (预算保护 cash=601 aav帽=ok aav=4)
[17:58:31] t=5229 jev VEH HTNK HOLD (预算保护 cash=601 aav帽=ok aav=4)
[17:58:31] t=5229 MOVE raid x2 -> (81,118)
[17:58:31] {"kind": "action", "what": "attack_move", "name": null, "qty": null, "tid": null, "ts": "17:58:31"}
[17:58:33] t=5232 jev VEH HTNK HOLD (预算保护 cash=601 aav帽=ok aav=4)
[17:58:33] t=5232 MOVE assault x48 -> (70,117)
[17:58:33] {"kind": "action", "what": "attack_move", "name": null, "qty": null, "tid": null, "ts": "17:58:33"}
[17:58:33] t=5232 tick#2000 credits=601 stance=attack | jev 2000 decisions p50=1683ms
[17:58:35] t=5234 jev VEH HTNK HOLD (预算保护 cash=601 aav帽=ok aav=4)
[17:58:37] t=5237 jev VEH HTNK HOLD (预算保护 cash=601 aav帽=ok aav=4)
[17:58:37] t=5239 TANK HTNK x2
[17:58:37] t=5239 DEBT-GATE HTNK x2 (debt=0 eff=1201 < 1800)
[17:58:39] t=5239 jev VEH HTNK HOLD (预算保护 cash=1201 aav帽=ok aav=4)
[17:58:39] t=5242 TANK HTNK x2
[17:58:39] t=5242 DEBT-GATE HTNK x2 (debt=0 eff=1201 < 1800)
[17:58:41] t=5242 jev VEH HTNK HOLD (预算保护 cash=1201 aav帽=ok aav=4)
[17:58:41] t=5245 TANK HTNK x2
[17:58:41] t=5245 ESCORT 坦克#3087 -> 护航矿车@[128, 105]
[17:58:41] t=5245 DEBT-GATE HTNK x2 (debt=0 eff=1201 < 1800)
[17:58:41] {"kind": "action", "what": "attack_move", "name": null, "qty": null, "tid": null, "ts": "17:58:41"}
[17:58:43] t=5245 jev VEH HTNK HOLD (预算保护 cash=1201 aav帽=ok aav=4)
[17:58:43] t=5245 MOVE aahunt x2 -> (125,84)
[17:58:43] {"kind": "action", "what": "attack_move", "name": null, "qty": null, "tid": null, "ts": "17:58:43"}
[17:58:43] t=5247 TANK HTNK x2
[17:58:43] t=5247 DEBT-GATE HTNK x2 (debt=0 eff=1201 < 1800)
[17:58:45] t=5247 jev VEH HTNK HOLD (预算保护 cash=1201 aav帽=ok aav=4)
[17:58:45] t=5247 MOVE hold_a x2 -> (133,86)
[17:58:45] {"kind": "action", "what": "attack_move", "name": null, "qty": null, "tid": null, "ts": "17:58:45"}
[17:58:45] t=5250 TANK HTNK x2
[17:58:45] t=5250 DEBT-GATE HTNK x2 (debt=0 eff=1201 < 1800)
[17:58:47] t=5250 jev VEH HTNK HOLD (预算保护 cash=1201 aav帽=ok aav=4)
[17:58:47] t=5250 MOVE assault x48 -> (70,117)
[17:58:47] {"kind": "action", "what": "attack_move", "name": null, "qty": null, "tid": null, "ts": "17:58:47"}
[17:58:47] t=5253 TANK HTNK x2
[17:58:47] t=5253 DEBT-GATE HTNK x2 (debt=0 eff=1501 < 1800)
[17:58:48] t=5253 jev VEH HTNK HOLD (预算保护 cash=1501 aav帽=ok aav=4)
[17:58:49] t=5255 TANK HTNK x2
[17:58:49] t=5255 DEBT-GATE HTNK x2 (debt=0 eff=1501 < 1800)
[17:58:50] t=5255 jev VEH HTNK HOLD (预算保护 cash=1501 aav帽=ok aav=4)
[17:58:51] t=5258 TANK HTNK x2
[17:58:51] t=5258 DEBT-GATE HTNK x2 (debt=0 eff=1501 < 1800)
[17:58:52] t=5258 jev VEH HTNK HOLD (预算保护 cash=1501 aav帽=ok aav=4)
[17:58:52] t=5258 MOVE raid x2 -> (81,118)
[17:58:52] {"kind": "action", "what": "attack_move", "name": null, "qty": null, "tid": null, "ts": "17:58:52"}
[17:58:53] t=5260 TANK HTNK x2
[17:58:53] t=5260 DEBT-GATE HTNK x2 (debt=0 eff=1501 < 1800)
[17:58:54] t=5260 jev VEH HTNK HOLD (预算保护 cash=1501 aav帽=ok aav=4)
[17:58:55] t=5263 TANK HTNK x2
[17:58:55] t=5263 DEBT-GATE HTNK x2 (debt=0 eff=1501 < 1800)
[17:58:56] t=5263 jev VEH HTNK HOLD (预算保护 cash=1501 aav帽=ok aav=4)
[17:58:57] t=5266 TANK HTNK x2
[17:58:57] t=5266 DEBT-GATE HTNK x2 (debt=0 eff=1501 < 1800)
[17:58:58] t=5266 jev VEH HTNK HOLD (预算保护 cash=1501 aav帽=ok aav=4)
[17:58:59] t=5268 TANK HTNK x2
[17:58:59] t=5268 DEBT-GATE HTNK x2 (debt=0 eff=1501 < 1800)
[17:59:00] t=5268 jev VEH HTNK HOLD (预算保护 cash=1501 aav帽=ok aav=4)
[17:59:00] t=5268 MOVE assault x48 -> (70,117)
[17:59:00] {"kind": "action", "what": "attack_move", "name": null, "qty": null, "tid": null, "ts": "17:59:00"}
[17:59:01] t=5271 TANK HTNK x2
[17:59:01] t=5271 DEBT-GATE HTNK x2 (debt=0 eff=1501 < 1800)
[17:59:02] t=5271 jev VEH HTNK HOLD (预算保护 cash=1501 aav帽=ok aav=4)
[17:59:03] t=5274 TANK HTNK x2
[17:59:03] t=5274 DEBT-GATE HTNK x2 (debt=0 eff=1501 < 1800)
[17:59:04] t=5274 jev VEH HTNK HOLD (预算保护 cash=1501 aav帽=ok aav=4)
[17:59:04] t=5276 TANK HTNK x2
[17:59:04] t=5276 DEBT-GATE HTNK x2 (debt=0 eff=1501 < 1800)
[17:59:06] t=5276 jev VEH HTNK HOLD (预算保护 cash=1501 aav帽=ok aav=4)
[17:59:06] t=5279 TANK HTNK x2
[17:59:06] t=5279 DEBT-GATE HTNK x2 (debt=0 eff=1501 < 1800)
[17:59:08] t=5279 jev VEH HTNK HOLD (预算保护 cash=1501 aav帽=ok aav=4)
[17:59:08] t=5281 TANK HTNK x2
[17:59:08] t=5281 DEBT-GATE HTNK x2 (debt=0 eff=1501 < 1800)
[17:59:10] t=5281 jev VEH HTNK HOLD (预算保护 cash=1501 aav帽=ok aav=4)
[17:59:10] t=5284 TANK HTNK x2
[17:59:10] t=5284 DEBT-GATE HTNK x2 (debt=0 eff=1501 < 1800)
[17:59:12] t=5284 jev VEH HTNK HOLD (预算保护 cash=1501 aav帽=ok aav=4)
[17:59:12] t=5287 TANK HTNK x2
[17:59:12] t=5287 ESCORT 坦克#2869 -> 护航矿车@[117, 135]
[17:59:12] t=5287 DEBT-GATE HTNK x2 (debt=0 eff=1501 < 1800)
[17:59:12] {"kind": "action", "what": "attack_move", "name": null, "qty": null, "tid": null, "ts": "17:59:12"}
[17:59:14] t=5287 jev VEH HTNK HOLD (预算保护 cash=1501 aav帽=ok aav=4)
[17:59:14] t=5287 MOVE raid x2 -> (81,118); assault x48 -> (70,117); aahunt x2 -> (125,84)
[17:59:14] {"kind": "action", "what": "attack_move", "name": null, "qty": null, "tid": null, "ts": "17:59:14"}
[17:59:14] {"kind": "action", "what": "attack_move", "name": null, "qty": null, "tid": null, "ts": "17:59:14"}
[17:59:14] {"kind": "action", "what": "attack_move", "name": null, "qty": null, "tid": null, "ts": "17:59:14"}
[17:59:14] t=5289 TANK HTNK x2
[17:59:14] t=5289 DEBT-GATE HTNK x2 (debt=0 eff=1501 < 1800)
[17:59:16] t=5289 jev VEH HTNK HOLD (预算保护 cash=1501 aav帽=ok aav=4)
[17:59:16] t=5292 TANK HTNK x2
[17:59:16] t=5292 DEBT-GATE HTNK x2 (debt=0 eff=1501 < 1800)
[17:59:18] t=5292 jev VEH HTNK HOLD (预算保护 cash=1501 aav帽=ok aav=4)
[17:59:18] t=5295 TANK HTNK x2
[17:59:18] t=5295 RETREAT HTNK(30%)
[17:59:18] t=5295 DEBT-GATE HTNK x2 (debt=0 eff=1501 < 1800)
[17:59:18] {"kind": "action", "what": "move", "name": null, "qty": null, "tid": null, "ts": "17:59:18"}
[17:59:20] t=5295 jev VEH HTNK HOLD (预算保护 cash=1501 aav帽=ok aav=4)
[17:59:20] t=5297 TANK HTNK x2
[17:59:20] t=5297 DEBT-GATE HTNK x2 (debt=0 eff=1501 < 1800)
[17:59:22] t=5297 jev VEH HTNK HOLD (预算保护 cash=1501 aav帽=ok aav=4)
[17:59:22] t=5297 tick#2025 credits=1501 stance=attack | jev 2025 decisions p50=1683ms
[17:59:22] t=5300 TANK HTNK x2
[17:59:22] t=5300 DEBT-GATE HTNK x2 (debt=0 eff=1501 < 1800)
[17:59:24] t=5300 jev VEH HTNK HOLD (预算保护 cash=1501 aav帽=ok aav=4)
[17:59:24] t=5300 MOVE hold_b x2 -> (126,75)
[17:59:24] {"kind": "action", "what": "attack_move", "name": null, "qty": null, "tid": null, "ts": "17:59:24"}
[17:59:24] t=5303 TANK HTNK x2
[17:59:24] t=5303 DEBT-GATE HTNK x2 (debt=0 eff=1501 < 1800)
[17:59:26] t=5303 jev VEH HTNK HOLD (预算保护 cash=1501 aav帽=ok aav=4)
[17:59:26] t=5305 TANK HTNK x2
[17:59:26] t=5305 DEBT-GATE HTNK x2 (debt=0 eff=1501 < 1800)
[17:59:28] t=5305 jev VEH HTNK HOLD (预算保护 cash=1501 aav帽=ok aav=4)
[17:59:28] t=5305 MOVE assault x48 -> (70,117)
[17:59:28] {"kind": "action", "what": "attack_move", "name": null, "qty": null, "tid": null, "ts": "17:59:28"}
[17:59:28] t=5308 TANK HTNK x2
[17:59:28] t=5308 DEBT-GATE HTNK x2 (debt=0 eff=1501 < 1800)
[17:59:30] t=5308 jev VEH HTNK HOLD (预算保护 cash=1501 aav帽=ok aav=4)
[17:59:30] t=5311 TANK HTNK x2
[17:59:30] t=5311 DEBT-GATE HTNK x2 (debt=0 eff=1501 < 1800)
[17:59:32] t=5311 jev VEH HTNK HOLD (预算保护 cash=1501 aav帽=ok aav=4)
[17:59:32] t=5313 TANK HTNK x2
[17:59:32] t=5313 DEBT-GATE HTNK x2 (debt=0 eff=1501 < 1800)
[17:59:34] t=5313 jev VEH HTNK HOLD (预算保护 cash=1501 aav帽=ok aav=4)
[17:59:34] t=5316 TANK HTNK x2
[17:59:34] {"kind": "action", "what": "produce", "name": "HTNK", "qty": 2, "tid": null, "ts": "17:59:34"}
[17:59:36] t=5316 MOVE raid x2 -> (81,118)
[17:59:36] {"kind": "action", "what": "attack_move", "name": null, "qty": null, "tid": null, "ts": "17:59:36"}
[17:59:42] t=5324 MOVE assault x49 -> (70,117)
[17:59:42] {"kind": "action", "what": "attack_move", "name": null, "qty": null, "tid": null, "ts": "17:59:42"}
[17:59:44] t=5329 ESCORT 坦克#2869 -> 护航矿车@[117, 135]
[17:59:44] {"kind": "action", "what": "attack_move", "name": null, "qty": null, "tid": null, "ts": "17:59:44"}
[17:59:46] t=5329 MOVE hold_a x2 -> (133,86); aahunt x2 -> (125,84)
[17:59:46] {"kind": "action", "what": "attack_move", "name": null, "qty": null, "tid": null, "ts": "17:59:46"}
[17:59:46] {"kind": "action", "what": "attack_move", "name": null, "qty": null, "tid": null, "ts": "17:59:46"}
[17:59:48] t=5332 jev VEH HTNK HOLD (预算保护 cash=76 aav帽=ok aav=4)
[17:59:50] t=5334 jev VEH HTNK HOLD (预算保护 cash=76 aav帽=ok aav=4)
[17:59:52] t=5337 jev VEH HTNK HOLD (预算保护 cash=76 aav帽=ok aav=4)
[17:59:54] t=5340 jev VEH HTNK HOLD (预算保护 cash=376 aav帽=ok aav=4)
[17:59:56] t=5342 jev VEH HTNK HOLD (预算保护 cash=376 aav帽=ok aav=4)
[17:59:56] t=5342 MOVE assault x50 -> (70,117)
[17:59:56] {"kind": "action", "what": "attack_move", "name": null, "qty": null, "tid": null, "ts": "17:59:56"}
[17:59:58] t=5345 jev VEH HTNK HOLD (预算保护 cash=376 aav帽=ok aav=4)
[17:59:58] t=5345 MOVE raid x2 -> (81,118)
[17:59:58] {"kind": "action", "what": "attack_move", "name": null, "qty": null, "tid": null, "ts": "17:59:58"}
[18:00:00] t=5348 jev VEH HTNK HOLD (预算保护 cash=376 aav帽=ok aav=4)
[18:00:02] t=5350 jev VEH HTNK HOLD (预算保护 cash=376 aav帽=ok aav=4)
[18:00:04] t=5353 jev VEH HTNK HOLD (预算保护 cash=376 aav帽=ok aav=4)
[18:00:06] t=5356 jev VEH HTNK HOLD (预算保护 cash=376 aav帽=ok aav=4)
[18:00:08] t=5358 jev VEH HTNK HOLD (预算保护 cash=376 aav帽=ok aav=4)
[18:00:10] t=5361 jev VEH HTNK HOLD (预算保护 cash=376 aav帽=ok aav=4)
[18:00:10] t=5361 MOVE assault x50 -> (70,117)
[18:00:10] {"kind": "action", "what": "attack_move", "name": null, "qty": null, "tid": null, "ts": "18:00:10"}
[18:00:12] t=5363 jev VEH HTNK HOLD (预算保护 cash=376 aav帽=ok aav=4)
[18:00:12] t=5363 tick#2050 credits=376 stance=attack | jev 2050 decisions p50=1684ms
[18:00:14] t=5366 jev VEH HTNK HOLD (预算保护 cash=376 aav帽=ok aav=4)
[18:00:16] t=5369 jev VEH HTNK HOLD (预算保护 cash=376 aav帽=ok aav=4)
[18:00:16] t=5371 ESCORT 坦克#3087 -> 护航矿车@[127, 105]
[18:00:16] {"kind": "action", "what": "attack_move", "name": null, "qty": null, "tid": null, "ts": "18:00:16"}
[18:00:18] t=5371 jev VEH HTNK HOLD (预算保护 cash=376 aav帽=ok aav=4)
[18:00:18] t=5371 MOVE aahunt x2 -> (125,84)
[18:00:18] {"kind": "action", "what": "attack_move", "name": null, "qty": null, "tid": null, "ts": "18:00:18"}
[18:00:20] t=5374 jev VEH HTNK HOLD (预算保护 cash=376 aav帽=ok aav=4)
[18:00:20] t=5374 MOVE raid x2 -> (81,118)
[18:00:20] {"kind": "action", "what": "attack_move", "name": null, "qty": null, "tid": null, "ts": "18:00:20"}
[18:00:22] t=5377 jev VEH HTNK HOLD (预算保护 cash=376 aav帽=ok aav=4)
[18:00:23] t=5379 jev VEH HTNK HOLD (预算保护 cash=376 aav帽=ok aav=4)
[18:00:23] t=5379 MOVE assault x50 -> (70,117)
[18:00:24] {"kind": "action", "what": "attack_move", "name": null, "qty": null, "tid": null, "ts": "18:00:24"}
[18:00:25] t=5382 jev VEH HTNK HOLD (预算保护 cash=376 aav帽=ok aav=4)
[18:00:25] t=5382 MOVE hold_b x2 -> (126,75)
[18:00:25] {"kind": "action", "what": "attack_move", "name": null, "qty": null, "tid": null, "ts": "18:00:25"}
[18:00:27] t=5385 jev VEH HTNK HOLD (预算保护 cash=376 aav帽=ok aav=4)
[18:00:29] t=5387 jev VEH HTNK HOLD (预算保护 cash=376 aav帽=ok aav=4)
[18:00:31] t=5390 jev VEH HTNK HOLD (预算保护 cash=376 aav帽=ok aav=4)
[18:00:33] t=5392 jev VEH HTNK HOLD (预算保护 cash=376 aav帽=ok aav=4)
[18:00:35] t=5395 jev VEH HTNK HOLD (预算保护 cash=376 aav帽=ok aav=4)
[18:00:37] t=5398 jev VEH HTNK HOLD (预算保护 cash=376 aav帽=ok aav=4)
[18:00:37] t=5398 MOVE assault x50 -> (70,117)
[18:00:37] {"kind": "action", "what": "attack_move", "name": null, "qty": null, "tid": null, "ts": "18:00:37"}
[18:00:39] t=5400 jev VEH HTNK HOLD (预算保护 cash=376 aav帽=ok aav=4)
[18:00:41] t=5403 jev VEH HTNK HOLD (预算保护 cash=376 aav帽=ok aav=4)
[18:00:41] t=5403 MOVE raid x2 -> (81,118)
[18:00:41] {"kind": "action", "what": "attack_move", "name": null, "qty": null, "tid": null, "ts": "18:00:41"}
[18:00:43] t=5406 jev VEH HTNK HOLD (预算保护 cash=376 aav帽=ok aav=4)
[18:00:45] t=5408 jev VEH HTNK HOLD (预算保护 cash=376 aav帽=ok aav=4)
[18:00:47] t=5411 jev VEH HTNK HOLD (预算保护 cash=376 aav帽=ok aav=4)
[18:00:47] t=5411 MOVE hold_a x2 -> (133,86)
[18:00:47] {"kind": "action", "what": "attack_move", "name": null, "qty": null, "tid": null, "ts": "18:00:47"}
[18:00:47] t=5413 TANK HTNK x1
[18:00:47] {"kind": "action", "what": "produce", "name": "HTNK", "qty": 1, "tid": null, "ts": "18:00:47"}
[18:00:49] t=5413 MOVE aahunt x2 -> (125,84)
[18:00:49] {"kind": "action", "what": "attack_move", "name": null, "qty": null, "tid": null, "ts": "18:00:49"}
[18:00:51] t=5416 MOVE assault x50 -> (70,117)
[18:00:51] {"kind": "action", "what": "attack_move", "name": null, "qty": null, "tid": null, "ts": "18:00:51"}
[18:00:55] t=5421 jev VEH HTNK HOLD (预算保护 cash=76 aav帽=ok aav=4)
[18:00:57] t=5424 jev VEH HTNK HOLD (预算保护 cash=76 aav帽=ok aav=4)
[18:00:59] t=5427 jev VEH HTNK HOLD (预算保护 cash=376 aav帽=ok aav=4)
[18:01:01] t=5429 jev VEH HTNK HOLD (预算保护 cash=376 aav帽=ok aav=4)
[18:01:01] t=5429 tick#2075 credits=376 stance=attack | jev 2075 decisions p50=1683ms
[18:01:01] t=5432 ESCORT 坦克#3087 -> 护航矿车@[122, 101]
[18:01:01] {"kind": "action", "what": "attack_move", "name": null, "qty": null, "tid": null, "ts": "18:01:01"}
[18:01:03] t=5432 jev VEH HTNK HOLD (预算保护 cash=376 aav帽=ok aav=4)
[18:01:03] t=5432 MOVE raid x2 -> (81,118)
[18:01:03] {"kind": "action", "what": "attack_move", "name": null, "qty": null, "tid": null, "ts": "18:01:03"}
[18:01:05] t=5435 jev VEH HTNK HOLD (预算保护 cash=376 aav帽=ok aav=4)
[18:01:05] t=5435 MOVE assault x51 -> (70,117)
[18:01:05] {"kind": "action", "what": "attack_move", "name": null, "qty": null, "tid": null, "ts": "18:01:05"}
[18:01:07] t=5437 jev VEH HTNK HOLD (预算保护 cash=376 aav帽=ok aav=4)
[18:01:09] t=5440 jev VEH HTNK HOLD (预算保护 cash=376 aav帽=ok aav=4)
[18:01:09] t=5442 TANK HTNK x1
[18:01:11] t=5442 jev VEH HTNK HOLD (预算保护 cash=826 aav帽=ok aav=4)
[18:01:11] t=5445 TANK HTNK x1
[18:01:13] t=5445 jev VEH HTNK HOLD (预算保护 cash=826 aav帽=ok aav=4)
[18:01:13] t=5448 TANK HTNK x1
[18:01:13] t=5448 DEBT-GATE HTNK x1 (debt=0 eff=826 < 900)
[18:01:15] t=5448 jev VEH HTNK HOLD (预算保护 cash=826 aav帽=ok aav=4)
[18:01:15] t=5450 TANK HTNK x1
[18:01:15] t=5450 DEBT-GATE HTNK x1 (debt=0 eff=826 < 900)
[18:01:17] t=5450 jev VEH HTNK HOLD (预算保护 cash=826 aav帽=ok aav=4)
[18:01:17] t=5453 TANK HTNK x1
[18:01:17] t=5453 DEBT-GATE HTNK x1 (debt=0 eff=826 < 900)
[18:01:19] t=5453 jev VEH HTNK HOLD (预算保护 cash=826 aav帽=ok aav=4)
[18:01:19] t=5453 MOVE assault x51 -> (70,117)
[18:01:19] {"kind": "action", "what": "attack_move", "name": null, "qty": null, "tid": null, "ts": "18:01:19"}
[18:01:19] t=5455 TANK HTNK x1
[18:01:19] t=5455 DEBT-GATE HTNK x1 (debt=0 eff=826 < 900)
[18:01:21] t=5455 jev VEH HTNK HOLD (预算保护 cash=826 aav帽=ok aav=4)
[18:01:21] t=5455 MOVE aahunt x2 -> (125,84)
[18:01:21] {"kind": "action", "what": "attack_move", "name": null, "qty": null, "tid": null, "ts": "18:01:21"}
[18:01:21] t=5458 TANK HTNK x1
[18:01:21] t=5458 DEBT-GATE HTNK x1 (debt=0 eff=826 < 900)
[18:01:23] t=5458 jev VEH HTNK HOLD (预算保护 cash=826 aav帽=ok aav=4)
[18:01:23] t=5461 TANK HTNK x1
[18:01:23] t=5461 RETREAT HTNK(31%)
[18:01:23] t=5461 DEBT-GATE HTNK x1 (debt=0 eff=826 < 900)
[18:01:23] {"kind": "action", "what": "move", "name": null, "qty": null, "tid": null, "ts": "18:01:23"}
[18:01:25] t=5461 jev VEH HTNK HOLD (预算保护 cash=826 aav帽=ok aav=4)
[18:01:25] t=5461 MOVE raid x2 -> (81,118)
[18:01:25] {"kind": "action", "what": "attack_move", "name": null, "qty": null, "tid": null, "ts": "18:01:25"}
[18:01:25] t=5463 TANK HTNK x1
[18:01:25] t=5463 DEBT-GATE HTNK x1 (debt=0 eff=826 < 900)
[18:01:27] t=5463 jev VEH HTNK HOLD (预算保护 cash=826 aav帽=ok aav=4)
[18:01:27] t=5463 MOVE hold_b x2 -> (126,75)
[18:01:27] {"kind": "action", "what": "attack_move", "name": null, "qty": null, "tid": null, "ts": "18:01:27"}
[18:01:27] t=5466 TANK HTNK x1
[18:01:27] t=5466 DEBT-GATE HTNK x1 (debt=0 eff=826 < 900)
[18:01:29] t=5466 jev VEH HTNK HOLD (预算保护 cash=826 aav帽=ok aav=4)
[18:01:29] t=5469 TANK HTNK x1
[18:01:29] t=5469 DEBT-GATE HTNK x1 (debt=0 eff=826 < 900)
[18:01:31] t=5469 jev VEH HTNK HOLD (预算保护 cash=826 aav帽=ok aav=4)
[18:01:31] t=5471 TANK HTNK x1
[18:01:31] t=5471 DEBT-GATE HTNK x1 (debt=0 eff=826 < 900)
[18:01:32] t=5471 jev VEH HTNK HOLD (预算保护 cash=826 aav帽=ok aav=4)
[18:01:32] t=5471 MOVE assault x51 -> (70,117)
[18:01:33] {"kind": "action", "what": "attack_move", "name": null, "qty": null, "tid": null, "ts": "18:01:33"}
[18:01:33] t=5474 TANK HTNK x1
[18:01:33] t=5474 ESCORT 坦克#3141 -> 护航矿车@[127, 105]
[18:01:33] t=5474 DEBT-GATE HTNK x1 (debt=0 eff=826 < 900)
[18:01:33] {"kind": "action", "what": "attack_move", "name": null, "qty": null, "tid": null, "ts": "18:01:33"}
[18:01:35] t=5474 jev VEH HTNK HOLD (预算保护 cash=826 aav帽=ok aav=4)
[18:01:35] t=5477 TANK HTNK x1
[18:01:35] t=5477 DEBT-GATE HTNK x1 (debt=0 eff=826 < 900)
[18:01:36] t=5477 jev VEH HTNK HOLD (预算保护 cash=826 aav帽=ok aav=4)
[18:01:37] t=5479 TANK HTNK x1
[18:01:37] t=5479 DEBT-GATE HTNK x1 (debt=0 eff=826 < 900)
[18:01:38] t=5479 jev VEH HTNK HOLD (预算保护 cash=826 aav帽=ok aav=4)
[18:01:39] t=5482 TANK HTNK x1
[18:01:39] t=5482 DEBT-GATE HTNK x1 (debt=0 eff=826 < 900)
[18:01:40] t=5482 jev VEH HTNK HOLD (预算保护 cash=826 aav帽=ok aav=4)
[18:01:41] t=5484 TANK HTNK x1
[18:01:41] t=5484 DEBT-GATE HTNK x1 (debt=0 eff=826 < 900)
[18:01:42] t=5484 jev VEH HTNK HOLD (预算保护 cash=826 aav帽=ok aav=4)
[18:01:43] t=5487 TANK HTNK x1
[18:01:43] t=5487 DEBT-GATE HTNK x1 (debt=0 eff=826 < 900)
[18:01:44] t=5487 jev VEH HTNK HOLD (预算保护 cash=826 aav帽=ok aav=4)
[18:01:45] t=5490 TANK HTNK x1
[18:01:45] t=5490 DEBT-GATE HTNK x1 (debt=0 eff=826 < 900)
[18:01:46] t=5490 jev VEH HTNK HOLD (预算保护 cash=826 aav帽=ok aav=4)
[18:01:46] t=5490 MOVE raid x2 -> (81,118); assault x51 -> (70,117)
[18:01:46] {"kind": "action", "what": "attack_move", "name": null, "qty": null, "tid": null, "ts": "18:01:46"}
[18:01:46] {"kind": "action", "what": "attack_move", "name": null, "qty": null, "tid": null, "ts": "18:01:46"}
[18:01:47] t=5492 TANK HTNK x1
[18:01:47] t=5492 DEBT-GATE HTNK x1 (debt=0 eff=826 < 900)
[18:01:48] t=5492 jev VEH HTNK HOLD (预算保护 cash=826 aav帽=ok aav=4)
[18:01:48] t=5492 MOVE hold_a x2 -> (133,86)
[18:01:48] {"kind": "action", "what": "attack_move", "name": null, "qty": null, "tid": null, "ts": "18:01:48"}
[18:01:49] t=5495 TANK HTNK x1
[18:01:49] t=5495 DEBT-GATE HTNK x1 (debt=0 eff=826 < 900)
[18:01:50] t=5495 jev VEH HTNK HOLD (预算保护 cash=826 aav帽=ok aav=4)
[18:01:50] t=5495 tick#2100 credits=826 stance=attack | jev 2100 decisions p50=1683ms
[18:01:51] t=5498 TANK HTNK x1
[18:01:51] t=5498 DEBT-GATE HTNK x1 (debt=0 eff=826 < 900)
[18:01:52] t=5498 jev VEH HTNK HOLD (预算保护 cash=826 aav帽=ok aav=4)
[18:01:52] t=5498 MOVE aahunt x2 -> (125,84)
[18:01:52] {"kind": "action", "what": "attack_move", "name": null, "qty": null, "tid": null, "ts": "18:01:52"}
[18:01:53] t=5500 TANK HTNK x1
[18:01:53] {"kind": "action", "what": "produce", "name": "HTNK", "qty": 1, "tid": null, "ts": "18:01:53"}
[18:02:00] t=5508 jev VEH HARV HOLD (预算保护 cash=151 aav帽=ok aav=4)
[18:02:00] t=5508 MOVE assault x52 -> (70,117)
[18:02:00] {"kind": "action", "what": "attack_move", "name": null, "qty": null, "tid": null, "ts": "18:02:00"}
[18:02:02] t=5511 jev VEH HTNK HOLD (预算保护 cash=151 aav帽=ok aav=4)
[18:02:04] t=5514 jev VEH HARV HOLD (预算保护 cash=151 aav帽=ok aav=4)
[18:02:04] t=5516 ESCORT 坦克#2869 -> 护航矿车@[117, 133]
[18:02:04] {"kind": "action", "what": "attack_move", "name": null, "qty": null, "tid": null, "ts": "18:02:04"}
[18:02:06] t=5516 jev VEH HARV HOLD (预算保护 cash=151 aav帽=ok aav=4)
[18:02:08] t=5519 jev VEH HTNK HOLD (预算保护 cash=151 aav帽=ok aav=4)
[18:02:08] t=5519 MOVE raid x2 -> (81,118)
[18:02:08] {"kind": "action", "what": "attack_move", "name": null, "qty": null, "tid": null, "ts": "18:02:08"}
[18:02:10] t=5521 jev VEH HARV HOLD (预算保护 cash=151 aav帽=ok aav=4)
[18:02:12] t=5524 jev VEH HARV HOLD (预算保护 cash=151 aav帽=ok aav=4)
[18:02:14] t=5527 jev VEH HTNK HOLD (预算保护 cash=151 aav帽=ok aav=4)
[18:02:14] t=5527 MOVE assault x52 -> (70,117)
[18:02:14] {"kind": "action", "what": "attack_move", "name": null, "qty": null, "tid": null, "ts": "18:02:14"}
[18:02:16] t=5529 jev VEH HARV HOLD (预算保护 cash=151 aav帽=ok aav=4)
[18:02:18] t=5532 jev VEH HARV HOLD (预算保护 cash=151 aav帽=ok aav=4)
[18:02:20] t=5535 jev VEH HARV HOLD (预算保护 cash=151 aav帽=ok aav=4)
[18:02:22] t=5537 jev VEH HARV HOLD (预算保护 cash=151 aav帽=ok aav=4)
[18:02:24] t=5540 jev VEH HARV HOLD (预算保护 cash=151 aav帽=ok aav=4)
[18:02:24] t=5540 MOVE aahunt x2 -> (125,84)
[18:02:24] {"kind": "action", "what": "attack_move", "name": null, "qty": null, "tid": null, "ts": "18:02:24"}
[18:02:26] t=5542 jev VEH HARV HOLD (预算保护 cash=151 aav帽=ok aav=4)
[18:02:28] t=5545 jev VEH HARV HOLD (预算保护 cash=151 aav帽=ok aav=4)
[18:02:28] t=5545 MOVE assault x52 -> (70,117); hold_b x2 -> (126,75)
[18:02:28] {"kind": "action", "what": "attack_move", "name": null, "qty": null, "tid": null, "ts": "18:02:28"}
[18:02:28] {"kind": "action", "what": "attack_move", "name": null, "qty": null, "tid": null, "ts": "18:02:28"}
[18:02:30] t=5548 jev VEH HARV HOLD (预算保护 cash=526 aav帽=ok aav=4)
[18:02:30] t=5548 MOVE raid x2 -> (81,118)
[18:02:30] {"kind": "action", "what": "attack_move", "name": null, "qty": null, "tid": null, "ts": "18:02:30"}
[18:02:32] t=5550 jev VEH HARV HOLD (预算保护 cash=526 aav帽=ok aav=4)
[18:02:34] t=5553 jev VEH HARV HOLD (预算保护 cash=526 aav帽=ok aav=4)
[18:02:36] t=5556 jev VEH HARV HOLD (预算保护 cash=526 aav帽=ok aav=4)
[18:02:36] t=5558 ESCORT 坦克#3087 -> 护航矿车@[120, 111]
[18:02:36] {"kind": "action", "what": "attack_move", "name": null, "qty": null, "tid": null, "ts": "18:02:36"}
[18:02:38] t=5558 jev VEH HARV HOLD (预算保护 cash=526 aav帽=ok aav=4)
[18:02:40] t=5561 jev VEH HARV HOLD (预算保护 cash=526 aav帽=ok aav=4)
[18:02:40] t=5561 tick#2125 credits=526 stance=attack | jev 2125 decisions p50=1683ms
[18:02:42] t=5563 jev VEH HTNK HOLD (预算保护 cash=526 aav帽=ok aav=4)
[18:02:42] t=5563 MOVE assault x52 -> (70,117)
[18:02:42] {"kind": "action", "what": "attack_move", "name": null, "qty": null, "tid": null, "ts": "18:02:42"}
[18:02:44] t=5566 jev VEH HARV HOLD (预算保护 cash=526 aav帽=ok aav=4)
[18:02:46] t=5569 jev VEH HARV HOLD (预算保护 cash=526 aav帽=ok aav=4)
[18:02:48] t=5571 jev VEH HTNK HOLD (预算保护 cash=526 aav帽=ok aav=4)
[18:02:49] t=5574 jev VEH HTNK HOLD (预算保护 cash=526 aav帽=ok aav=4)
[18:02:49] t=5574 MOVE hold_a x2 -> (133,86)
[18:02:49] {"kind": "action", "what": "attack_move", "name": null, "qty": null, "tid": null, "ts": "18:02:49"}
[18:02:51] t=5577 jev VEH HTNK HOLD (预算保护 cash=526 aav帽=ok aav=4)
[18:02:51] t=5577 MOVE raid x2 -> (81,118)
[18:02:51] {"kind": "action", "what": "attack_move", "name": null, "qty": null, "tid": null, "ts": "18:02:51"}
[18:02:53] t=5579 jev VEH HTNK HOLD (预算保护 cash=526 aav帽=ok aav=4)
[18:02:55] t=5582 jev VEH HARV HOLD (预算保护 cash=526 aav帽=ok aav=4)
[18:02:55] t=5582 MOVE assault x52 -> (70,117); aahunt x2 -> (125,84)
[18:02:55] {"kind": "action", "what": "attack_move", "name": null, "qty": null, "tid": null, "ts": "18:02:55"}
[18:02:55] {"kind": "action", "what": "attack_move", "name": null, "qty": null, "tid": null, "ts": "18:02:55"}
[18:02:57] t=5584 jev VEH HTNK HOLD (预算保护 cash=526 aav帽=ok aav=4)
[18:02:58] t=5587 TANK HTNK x1
[18:02:58] t=5587 DEBT-GATE HTNK x1 (debt=0 eff=826 < 900)
[18:02:59] t=5587 jev VEH HTNK HOLD (预算保护 cash=826 aav帽=ok aav=4)
[18:03:00] t=5590 TANK HTNK x1
[18:03:00] t=5590 DEBT-GATE HTNK x1 (debt=0 eff=826 < 900)
[18:03:01] t=5590 jev VEH HTNK HOLD (预算保护 cash=826 aav帽=ok aav=4)
[18:03:02] t=5592 TANK HTNK x1
[18:03:02] t=5592 DEBT-GATE HTNK x1 (debt=0 eff=826 < 900)
[18:03:03] t=5592 jev VEH HTNK HOLD (预算保护 cash=826 aav帽=ok aav=4)
[18:03:04] t=5595 TANK HTNK x1
[18:03:04] t=5595 DEBT-GATE HTNK x1 (debt=0 eff=826 < 900)
[18:03:05] t=5595 jev VEH HTNK HOLD (预算保护 cash=826 aav帽=ok aav=4)
[18:03:05] t=5598 TANK HTNK x2
[18:03:05] t=5598 RETREAT HTNK(30%)
[18:03:05] t=5598 DEBT-GATE HTNK x2 (debt=0 eff=1426 < 1800)
[18:03:06] {"kind": "action", "what": "move", "name": null, "qty": null, "tid": null, "ts": "18:03:06"}
[18:03:07] t=5598 jev VEH HTNK HOLD (预算保护 cash=1426 aav帽=ok aav=4)
[18:03:07] t=5600 TANK HTNK x2
[18:03:07] t=5600 ESCORT 坦克#3087 -> 护航矿车@[128, 105]
[18:03:07] t=5600 DEBT-GATE HTNK x2 (debt=0 eff=1426 < 1800)
[18:03:07] {"kind": "action", "what": "attack_move", "name": null, "qty": null, "tid": null, "ts": "18:03:07"}
[18:03:09] t=5600 jev VEH HTNK HOLD (预算保护 cash=1426 aav帽=ok aav=4)
[18:03:09] t=5600 MOVE assault x52 -> (70,117)
[18:03:09] {"kind": "action", "what": "attack_move", "name": null, "qty": null, "tid": null, "ts": "18:03:09"}
[18:03:09] t=5603 TANK HTNK x2
[18:03:09] t=5603 DEBT-GATE HTNK x2 (debt=0 eff=1426 < 1800)
[18:03:11] t=5603 jev VEH HTNK HOLD (预算保护 cash=1426 aav帽=ok aav=4)
[18:03:11] t=5605 TANK HTNK x2
[18:03:11] t=5605 DEBT-GATE HTNK x2 (debt=0 eff=1426 < 1800)
[18:03:13] t=5605 jev VEH HTNK HOLD (预算保护 cash=1426 aav帽=ok aav=4)
[18:03:13] t=5605 MOVE raid x2 -> (81,118)
[18:03:13] {"kind": "action", "what": "attack_move", "name": null, "qty": null, "tid": null, "ts": "18:03:13"}
[18:03:13] t=5608 TANK HTNK x2
[18:03:13] t=5608 DEBT-GATE HTNK x2 (debt=0 eff=1426 < 1800)
[18:03:15] t=5608 jev VEH HTNK HOLD (预算保护 cash=1426 aav帽=ok aav=4)
[18:03:15] t=5611 TANK HTNK x2
[18:03:15] t=5611 DEBT-GATE HTNK x2 (debt=0 eff=1426 < 1800)
[18:03:17] t=5611 jev VEH HTNK HOLD (预算保护 cash=1426 aav帽=ok aav=4)
[18:03:17] t=5613 TANK HTNK x2
[18:03:17] t=5613 DEBT-GATE HTNK x2 (debt=0 eff=1426 < 1800)
[18:03:19] t=5613 jev VEH HTNK HOLD (预算保护 cash=1426 aav帽=ok aav=4)
[18:03:19] t=5616 TANK HTNK x2
[18:03:19] t=5616 DEBT-GATE HTNK x2 (debt=0 eff=1426 < 1800)
[18:03:21] t=5616 jev VEH HTNK HOLD (预算保护 cash=1426 aav帽=ok aav=4)
[18:03:21] t=5619 TANK HTNK x2
[18:03:21] t=5619 DEBT-GATE HTNK x2 (debt=0 eff=1426 < 1800)
[18:03:23] t=5619 jev VEH HTNK HOLD (预算保护 cash=1426 aav帽=ok aav=4)
[18:03:23] t=5619 MOVE assault x52 -> (70,117)
[18:03:23] {"kind": "action", "what": "attack_move", "name": null, "qty": null, "tid": null, "ts": "18:03:23"}
[18:03:23] t=5621 TANK HTNK x2
[18:03:23] t=5621 DEBT-GATE HTNK x2 (debt=0 eff=1426 < 1800)
[18:03:25] t=5621 jev VEH HTNK HOLD (预算保护 cash=1426 aav帽=ok aav=4)
[18:03:25] t=5624 TANK HTNK x2
[18:03:25] t=5624 DEBT-GATE HTNK x2 (debt=0 eff=1426 < 1800)
[18:03:27] t=5624 jev VEH HTNK HOLD (预算保护 cash=1426 aav帽=ok aav=4)
[18:03:27] t=5624 MOVE aahunt x2 -> (125,84)
[18:03:27] {"kind": "action", "what": "attack_move", "name": null, "qty": null, "tid": null, "ts": "18:03:27"}
[18:03:27] t=5626 TANK HTNK x2
[18:03:27] t=5626 DEBT-GATE HTNK x2 (debt=0 eff=1426 < 1800)
[18:03:29] t=5626 jev VEH HTNK HOLD (预算保护 cash=1426 aav帽=ok aav=4)
[18:03:29] t=5626 MOVE hold_b x2 -> (126,75)
[18:03:29] {"kind": "action", "what": "attack_move", "name": null, "qty": null, "tid": null, "ts": "18:03:29"}
[18:03:29] t=5626 tick#2150 credits=1426 stance=attack | jev 2150 decisions p50=1682ms
[18:03:29] t=5629 TANK HTNK x2
[18:03:29] t=5629 DEBT-GATE HTNK x2 (debt=0 eff=1426 < 1800)
[18:03:31] t=5629 jev VEH HTNK HOLD (预算保护 cash=1426 aav帽=ok aav=4)
[18:03:31] t=5632 TANK HTNK x2
[18:03:31] t=5632 DEBT-GATE HTNK x2 (debt=0 eff=1426 < 1800)
[18:03:33] t=5632 jev VEH HTNK HOLD (预算保护 cash=1426 aav帽=ok aav=4)
[18:03:33] t=5634 TANK HTNK x2
[18:03:33] t=5634 DEBT-GATE HTNK x2 (debt=0 eff=1426 < 1800)
[18:03:35] t=5634 jev VEH HTNK HOLD (预算保护 cash=1426 aav帽=ok aav=4)
[18:03:35] t=5634 MOVE raid x2 -> (81,118)
[18:03:35] {"kind": "action", "what": "attack_move", "name": null, "qty": null, "tid": null, "ts": "18:03:35"}
[18:03:35] t=5637 TANK HTNK x2
[18:03:35] t=5637 DEBT-GATE HTNK x2 (debt=0 eff=1426 < 1800)
[18:03:37] t=5637 jev VEH HTNK HOLD (预算保护 cash=1426 aav帽=ok aav=4)
[18:03:37] t=5637 MOVE assault x52 -> (70,117)
[18:03:37] {"kind": "action", "what": "attack_move", "name": null, "qty": null, "tid": null, "ts": "18:03:37"}
[18:03:37] t=5640 TANK HTNK x2
[18:03:37] t=5640 DEBT-GATE HTNK x2 (debt=0 eff=1426 < 1800)
[18:03:39] t=5640 jev VEH HTNK HOLD (预算保护 cash=1426 aav帽=ok aav=4)
[18:03:39] t=5642 TANK HTNK x2
[18:03:39] t=5642 ESCORT 坦克#2869 -> 护航矿车@[117, 134]
[18:03:39] t=5642 DEBT-GATE HTNK x2 (debt=0 eff=1426 < 1800)
[18:03:39] {"kind": "action", "what": "attack_move", "name": null, "qty": null, "tid": null, "ts": "18:03:39"}
[18:03:41] t=5642 jev VEH HTNK HOLD (预算保护 cash=1426 aav帽=ok aav=4)
[18:03:41] t=5645 TANK HTNK x2
[18:03:41] t=5645 DEBT-GATE HTNK x2 (debt=0 eff=1726 < 1800)
[18:03:43] t=5645 jev VEH HTNK (conf 0.10)
[18:03:43] {"kind": "action", "what": "produce", "name": "HTNK", "qty": 1, "tid": null, "ts": "18:03:43"}
[18:03:49] t=5656 TANK HTNK x1
[18:03:51] t=5656 jev VEH HTNK HOLD (预算保护 cash=826 aav帽=ok aav=4)
[18:03:51] t=5656 MOVE assault x53 -> (70,117); hold_a x2 -> (133,86)
[18:03:51] {"kind": "action", "what": "attack_move", "name": null, "qty": null, "tid": null, "ts": "18:03:51"}
[18:03:51] {"kind": "action", "what": "attack_move", "name": null, "qty": null, "tid": null, "ts": "18:03:51"}
[18:03:51] t=5658 TANK HTNK x1
[18:03:53] t=5658 jev VEH HTNK HOLD (预算保护 cash=826 aav帽=ok aav=4)
[18:03:53] t=5661 TANK HTNK x1
[18:03:55] t=5661 jev VEH HTNK HOLD (预算保护 cash=826 aav帽=ok aav=4)
[18:03:55] t=5663 TANK HTNK x1
[18:03:57] t=5663 jev VEH HTNK HOLD (预算保护 cash=826 aav帽=ok aav=4)
[18:03:57] t=5663 MOVE raid x2 -> (81,118)
[18:03:57] {"kind": "action", "what": "attack_move", "name": null, "qty": null, "tid": null, "ts": "18:03:57"}
[18:03:57] t=5666 TANK HTNK x1
[18:03:59] t=5666 jev VEH HTNK HOLD (预算保护 cash=826 aav帽=ok aav=4)
[18:03:59] t=5666 MOVE aahunt x2 -> (125,84)
[18:03:59] {"kind": "action", "what": "attack_move", "name": null, "qty": null, "tid": null, "ts": "18:03:59"}
[18:03:59] t=5669 TANK HTNK x1
[18:04:01] t=5669 jev VEH HTNK HOLD (预算保护 cash=826 aav帽=ok aav=4)
[18:04:01] t=5671 TANK HTNK x1
[18:04:03] t=5671 jev VEH HTNK HOLD (预算保护 cash=826 aav帽=ok aav=4)
[18:04:03] t=5674 TANK HTNK x1
[18:04:05] t=5674 jev VEH HTNK HOLD (预算保护 cash=1126 aav帽=ok aav=4)
[18:04:05] t=5674 MOVE assault x53 -> (70,117)
[18:04:05] {"kind": "action", "what": "attack_move", "name": null, "qty": null, "tid": null, "ts": "18:04:05"}
[18:04:05] t=5677 TANK HTNK x1
[18:04:07] t=5677 jev VEH HTNK HOLD (预算保护 cash=1126 aav帽=ok aav=4)
[18:04:07] t=5679 TANK HTNK x1
[18:04:09] t=5679 jev VEH HTNK HOLD (预算保护 cash=1126 aav帽=ok aav=4)
[18:04:09] t=5682 TANK HTNK x1
[18:04:09] {"kind": "action", "what": "produce", "name": "HTNK", "qty": 1, "tid": null, "ts": "18:04:09"}
[18:04:11] t=5685 ESCORT 坦克#3087 -> 护航矿车@[128, 105]
[18:04:11] {"kind": "action", "what": "attack_move", "name": null, "qty": null, "tid": null, "ts": "18:04:11"}
[18:04:16] t=5690 jev VEH HTNK HOLD (预算保护 cash=226 aav帽=ok aav=4)
[18:04:18] t=5693 jev VEH HTNK HOLD (预算保护 cash=226 aav帽=ok aav=4)
[18:04:18] t=5693 MOVE raid x2 -> (81,118); assault x54 -> (70,117)
[18:04:18] {"kind": "action", "what": "attack_move", "name": null, "qty": null, "tid": null, "ts": "18:04:18"}
[18:04:19] {"kind": "action", "what": "attack_move", "name": null, "qty": null, "tid": null, "ts": "18:04:19"}
[18:04:19] t=5693 tick#2175 credits=226 stance=attack | jev 2175 decisions p50=1683ms
[18:04:21] t=5695 jev VEH HTNK HOLD (预算保护 cash=226 aav帽=ok aav=4)
[18:04:22] t=5698 jev VEH HTNK HOLD (预算保护 cash=226 aav帽=ok aav=4)
[18:04:24] t=5701 jev VEH HTNK HOLD (预算保护 cash=226 aav帽=ok aav=4)
[18:04:26] t=5703 jev VEH HTNK HOLD (预算保护 cash=226 aav帽=ok aav=4)
[18:04:28] t=5706 jev VEH HTNK HOLD (预算保护 cash=226 aav帽=ok aav=4)
[18:04:30] t=5708 jev VEH HTNK HOLD (预算保护 cash=226 aav帽=ok aav=4)
[18:04:30] t=5708 MOVE hold_b x2 -> (126,75); aahunt x2 -> (125,84)
[18:04:30] {"kind": "action", "what": "attack_move", "name": null, "qty": null, "tid": null, "ts": "18:04:30"}
[18:04:30] {"kind": "action", "what": "attack_move", "name": null, "qty": null, "tid": null, "ts": "18:04:30"}
[18:04:32] t=5711 jev VEH HTNK HOLD (预算保护 cash=226 aav帽=ok aav=4)
[18:04:32] t=5711 MOVE assault x54 -> (70,117)
[18:04:32] {"kind": "action", "what": "attack_move", "name": null, "qty": null, "tid": null, "ts": "18:04:32"}
[18:04:34] t=5714 jev VEH HTNK HOLD (预算保护 cash=226 aav帽=ok aav=4)
[18:04:36] t=5716 jev VEH HTNK HOLD (预算保护 cash=226 aav帽=ok aav=4)
[18:04:38] t=5719 jev VEH HTNK HOLD (预算保护 cash=226 aav帽=ok aav=4)
[18:04:40] t=5722 jev VEH HTNK HOLD (预算保护 cash=226 aav帽=ok aav=4)
[18:04:40] t=5722 MOVE raid x2 -> (81,118)
[18:04:40] {"kind": "action", "what": "attack_move", "name": null, "qty": null, "tid": null, "ts": "18:04:40"}
[18:04:42] t=5724 jev VEH HTNK HOLD (预算保护 cash=226 aav帽=ok aav=4)
[18:04:43] t=5727 ESCORT 坦克#3028 -> 护航矿车@[120, 124]
[18:04:43] {"kind": "action", "what": "attack_move", "name": null, "qty": null, "tid": null, "ts": "18:04:43"}
[18:04:44] t=5727 jev VEH HTNK HOLD (预算保护 cash=226 aav帽=ok aav=4)
[18:04:46] t=5730 jev VEH HTNK HOLD (预算保护 cash=226 aav帽=ok aav=4)
[18:04:46] t=5730 MOVE assault x54 -> (70,117)
[18:04:46] {"kind": "action", "what": "attack_move", "name": null, "qty": null, "tid": null, "ts": "18:04:46"}
[18:04:48] t=5732 jev VEH HTNK HOLD (预算保护 cash=226 aav帽=ok aav=4)
[18:04:50] t=5735 jev VEH HTNK HOLD (预算保护 cash=226 aav帽=ok aav=4)
[18:04:52] t=5737 jev VEH HTNK HOLD (预算保护 cash=226 aav帽=ok aav=4)
[18:04:52] t=5737 MOVE hold_a x2 -> (133,86)
[18:04:52] {"kind": "action", "what": "attack_move", "name": null, "qty": null, "tid": null, "ts": "18:04:52"}
[18:04:54] t=5740 jev VEH HTNK HOLD (预算保护 cash=226 aav帽=ok aav=4)
[18:04:56] t=5743 jev VEH HTNK HOLD (预算保护 cash=226 aav帽=ok aav=4)
[18:04:58] t=5745 jev VEH HTNK HOLD (预算保护 cash=226 aav帽=ok aav=4)
[18:05:00] t=5748 jev VEH HTNK HOLD (预算保护 cash=451 aav帽=ok aav=4)
[18:05:00] t=5748 MOVE assault x54 -> (70,117)
[18:05:00] {"kind": "action", "what": "attack_move", "name": null, "qty": null, "tid": null, "ts": "18:05:00"}
[18:05:02] t=5751 jev VEH HTNK HOLD (预算保护 cash=451 aav帽=ok aav=4)
[18:05:02] t=5751 MOVE raid x2 -> (81,118); aahunt x2 -> (125,84)
[18:05:02] {"kind": "action", "what": "attack_move", "name": null, "qty": null, "tid": null, "ts": "18:05:02"}
[18:05:02] {"kind": "action", "what": "attack_move", "name": null, "qty": null, "tid": null, "ts": "18:05:02"}
[18:05:04] t=5753 jev VEH HTNK HOLD (预算保护 cash=451 aav帽=ok aav=4)
[18:05:06] t=5756 jev VEH HTNK HOLD (预算保护 cash=451 aav帽=ok aav=4)
[18:05:08] t=5759 jev VEH HTNK HOLD (预算保护 cash=451 aav帽=ok aav=4)
[18:05:08] t=5759 tick#2200 credits=451 stance=attack | jev 2200 decisions p50=1683ms
[18:05:10] t=5761 jev VEH HTNK HOLD (预算保护 cash=451 aav帽=ok aav=4)
[18:05:10] t=5764 RETREAT HTNK(31%)
[18:05:10] {"kind": "action", "what": "move", "name": null, "qty": null, "tid": null, "ts": "18:05:10"}
[18:05:12] t=5764 jev VEH HTNK HOLD (预算保护 cash=451 aav帽=ok aav=4)
[18:05:14] t=5766 jev VEH HTNK HOLD (预算保护 cash=451 aav帽=ok aav=4)
[18:05:14] t=5766 MOVE assault x54 -> (70,117)
[18:05:14] {"kind": "action", "what": "attack_move", "name": null, "qty": null, "tid": null, "ts": "18:05:14"}
[18:05:14] t=5769 TANK HTNK x1
[18:05:14] {"kind": "action", "what": "produce", "name": "HTNK", "qty": 1, "tid": null, "ts": "18:05:14"}
[18:05:22] t=5777 jev VEH HTNK HOLD (预算保护 cash=601 aav帽=ok aav=4)
[18:05:24] t=5780 jev VEH HARV HOLD (预算保护 cash=601 aav帽=ok aav=4)
[18:05:24] t=5780 MOVE raid x2 -> (81,118)
[18:05:24] {"kind": "action", "what": "attack_move", "name": null, "qty": null, "tid": null, "ts": "18:05:24"}
[18:05:26] t=5782 jev VEH HARV HOLD (预算保护 cash=601 aav帽=ok aav=4)
[18:05:28] t=5785 jev VEH HTNK HOLD (预算保护 cash=601 aav帽=ok aav=4)
[18:05:28] t=5785 MOVE assault x55 -> (70,117)
[18:05:28] {"kind": "action", "what": "attack_move", "name": null, "qty": null, "tid": null, "ts": "18:05:28"}
[18:05:30] t=5787 jev VEH HTNK HOLD (预算保护 cash=601 aav帽=ok aav=4)
[18:05:32] t=5790 jev VEH HARV HOLD (预算保护 cash=601 aav帽=ok aav=4)
[18:05:32] t=5790 MOVE hold_b x2 -> (126,75)
[18:05:32] {"kind": "action", "what": "attack_move", "name": null, "qty": null, "tid": null, "ts": "18:05:32"}
[18:05:34] t=5793 jev VEH HARV HOLD (预算保护 cash=601 aav帽=ok aav=4)
[18:05:34] t=5793 MOVE aahunt x2 -> (125,84)
[18:05:34] {"kind": "action", "what": "attack_move", "name": null, "qty": null, "tid": null, "ts": "18:05:34"}
[18:05:34] t=5795 ESCORT 坦克#3087 -> 护航矿车@[122, 101]
[18:05:34] {"kind": "action", "what": "attack_move", "name": null, "qty": null, "tid": null, "ts": "18:05:34"}
[18:05:36] t=5795 jev VEH HTNK HOLD (预算保护 cash=601 aav帽=ok aav=4)
[18:05:38] t=5798 jev VEH HTNK HOLD (预算保护 cash=601 aav帽=ok aav=4)
[18:05:39] t=5801 jev VEH HARV HOLD (预算保护 cash=601 aav帽=ok aav=4)
[18:05:41] t=5803 jev VEH HARV HOLD (预算保护 cash=601 aav帽=ok aav=4)
[18:05:41] t=5803 MOVE assault x55 -> (70,117)
[18:05:42] {"kind": "action", "what": "attack_move", "name": null, "qty": null, "tid": null, "ts": "18:05:42"}
[18:05:43] t=5806 jev VEH HTNK HOLD (预算保护 cash=601 aav帽=ok aav=4)
[18:05:45] t=5809 jev VEH HTNK HOLD (预算保护 cash=601 aav帽=ok aav=4)
[18:05:45] t=5809 MOVE raid x2 -> (81,118)
[18:05:45] {"kind": "action", "what": "attack_move", "name": null, "qty": null, "tid": null, "ts": "18:05:45"}
[18:05:47] t=5811 jev VEH HARV HOLD (预算保护 cash=601 aav帽=ok aav=4)
[18:05:49] t=5814 jev VEH HTNK HOLD (预算保护 cash=601 aav帽=ok aav=4)
[18:05:51] t=5816 jev VEH HARV HOLD (预算保护 cash=601 aav帽=ok aav=4)
[18:05:53] t=5819 jev VEH HTNK HOLD (预算保护 cash=601 aav帽=ok aav=4)
[18:05:53] t=5819 MOVE hold_a x2 -> (133,86)
[18:05:53] {"kind": "action", "what": "attack_move", "name": null, "qty": null, "tid": null, "ts": "18:05:53"}
[18:05:55] t=5822 jev VEH HARV HOLD (预算保护 cash=601 aav帽=ok aav=4)
[18:05:55] t=5822 MOVE assault x55 -> (70,117)
[18:05:55] {"kind": "action", "what": "attack_move", "name": null, "qty": null, "tid": null, "ts": "18:05:55"}
[18:05:57] t=5824 jev VEH HARV HOLD (预算保护 cash=601 aav帽=ok aav=4)
[18:05:57] t=5824 tick#2225 credits=601 stance=attack | jev 2225 decisions p50=1683ms
[18:05:59] t=5827 jev VEH HTNK HOLD (预算保护 cash=601 aav帽=ok aav=4)
[18:06:01] t=5830 jev VEH HTNK HOLD (预算保护 cash=601 aav帽=ok aav=4)
[18:06:03] t=5832 jev VEH HTNK HOLD (预算保护 cash=601 aav帽=ok aav=4)
[18:06:03] t=5835 TANK HTNK x1
[18:06:03] {"kind": "action", "what": "produce", "name": "HTNK", "qty": 1, "tid": null, "ts": "18:06:03"}
[18:06:05] t=5835 MOVE aahunt x2 -> (125,84)
[18:06:05] {"kind": "action", "what": "attack_move", "name": null, "qty": null, "tid": null, "ts": "18:06:05"}
[18:06:05] t=5838 ESCORT 坦克#3087 -> 护航矿车@[127, 105]
[18:06:05] {"kind": "action", "what": "attack_move", "name": null, "qty": null, "tid": null, "ts": "18:06:05"}
[18:06:07] t=5838 MOVE raid x2 -> (81,118)
[18:06:07] {"kind": "action", "what": "attack_move", "name": null, "qty": null, "tid": null, "ts": "18:06:07"}
[18:06:09] t=5840 MOVE assault x55 -> (70,117)
[18:06:09] {"kind": "action", "what": "attack_move", "name": null, "qty": null, "tid": null, "ts": "18:06:09"}
[18:06:11] t=5843 jev VEH HTNK HOLD (预算保护 cash=1 aav帽=ok aav=4)
[18:06:13] t=5846 jev VEH HTNK HOLD (预算保护 cash=1 aav帽=ok aav=4)
[18:06:15] t=5848 jev VEH HTNK HOLD (预算保护 cash=1 aav帽=ok aav=4)
[18:06:17] t=5851 jev VEH HTNK HOLD (预算保护 cash=1 aav帽=ok aav=4)
[18:06:19] t=5853 jev VEH HTNK HOLD (预算保护 cash=1 aav帽=ok aav=4)
[18:06:21] t=5856 jev VEH HTNK HOLD (预算保护 cash=1 aav帽=ok aav=4)
[18:06:23] t=5859 jev VEH HTNK HOLD (预算保护 cash=1 aav帽=ok aav=4)
[18:06:23] t=5859 MOVE assault x56 -> (70,117)
[18:06:23] {"kind": "action", "what": "attack_move", "name": null, "qty": null, "tid": null, "ts": "18:06:23"}
[18:06:25] t=5861 jev VEH HTNK HOLD (预算保护 cash=1 aav帽=ok aav=4)
[18:06:27] t=5864 jev VEH HTNK HOLD (预算保护 cash=1 aav帽=ok aav=4)
[18:06:29] t=5867 jev VEH HTNK HOLD (预算保护 cash=1 aav帽=ok aav=4)
[18:06:29] t=5867 MOVE raid x2 -> (81,118)
[18:06:29] {"kind": "action", "what": "attack_move", "name": null, "qty": null, "tid": null, "ts": "18:06:29"}
[18:06:31] t=5869 jev VEH HTNK HOLD (预算保护 cash=1 aav帽=ok aav=4)
[18:06:33] t=5872 jev VEH HTNK HOLD (预算保护 cash=1 aav帽=ok aav=4)
[18:06:33] t=5872 MOVE hold_b x2 -> (126,75)
[18:06:33] {"kind": "action", "what": "attack_move", "name": null, "qty": null, "tid": null, "ts": "18:06:33"}
[18:06:35] t=5875 jev VEH HTNK HOLD (预算保护 cash=1 aav帽=ok aav=4)
[18:06:37] t=5877 jev VEH HTNK HOLD (预算保护 cash=1 aav帽=ok aav=4)
[18:06:37] t=5877 MOVE assault x56 -> (70,117); aahunt x2 -> (125,84)
[18:06:37] {"kind": "action", "what": "attack_move", "name": null, "qty": null, "tid": null, "ts": "18:06:37"}
[18:06:37] {"kind": "action", "what": "attack_move", "name": null, "qty": null, "tid": null, "ts": "18:06:37"}
[18:06:37] t=5880 ESCORT 坦克#2869 -> 护航矿车@[115, 133]
[18:06:37] {"kind": "action", "what": "attack_move", "name": null, "qty": null, "tid": null, "ts": "18:06:37"}
[18:06:39] t=5880 jev VEH HTNK HOLD (预算保护 cash=1 aav帽=ok aav=4)
[18:06:41] t=5883 jev VEH HTNK HOLD (预算保护 cash=1 aav帽=ok aav=4)
[18:06:43] t=5885 jev VEH HTNK HOLD (预算保护 cash=376 aav帽=ok aav=4)
[18:06:45] t=5888 jev VEH HTNK HOLD (预算保护 cash=376 aav帽=ok aav=4)
[18:06:47] t=5890 jev VEH HTNK HOLD (预算保护 cash=376 aav帽=ok aav=4)
[18:06:47] t=5890 tick#2250 credits=376 stance=attack | jev 2250 decisions p50=1684ms
[18:06:49] t=5893 jev VEH HTNK HOLD (预算保护 cash=376 aav帽=ok aav=4)
[18:06:51] t=5896 jev VEH HTNK HOLD (预算保护 cash=376 aav帽=ok aav=4)
[18:06:51] t=5896 MOVE raid x2 -> (81,118); assault x56 -> (70,117)
[18:06:51] {"kind": "action", "what": "attack_move", "name": null, "qty": null, "tid": null, "ts": "18:06:51"}
[18:06:51] {"kind": "action", "what": "attack_move", "name": null, "qty": null, "tid": null, "ts": "18:06:51"}
[18:06:53] t=5898 jev VEH HTNK HOLD (预算保护 cash=376 aav帽=ok aav=4)
[18:06:53] t=5901 RETREAT HTNK(30%)
[18:06:53] {"kind": "action", "what": "move", "name": null, "qty": null, "tid": null, "ts": "18:06:53"}
[18:06:55] t=5901 jev VEH HTNK HOLD (预算保护 cash=376 aav帽=ok aav=4)
[18:06:55] t=5901 MOVE hold_a x2 -> (133,86)
[18:06:55] {"kind": "action", "what": "attack_move", "name": null, "qty": null, "tid": null, "ts": "18:06:55"}
[18:06:57] t=5904 jev VEH HTNK HOLD (预算保护 cash=376 aav帽=ok aav=4)
[18:06:59] t=5906 jev VEH HTNK HOLD (预算保护 cash=376 aav帽=ok aav=4)
[18:07:01] t=5909 jev VEH HTNK HOLD (预算保护 cash=376 aav帽=ok aav=4)
[18:07:03] t=5912 jev VEH HTNK HOLD (预算保护 cash=376 aav帽=ok aav=4)
[18:07:05] t=5914 jev VEH HTNK HOLD (预算保护 cash=376 aav帽=ok aav=4)
[18:07:05] t=5914 MOVE assault x56 -> (70,117)
[18:07:05] {"kind": "action", "what": "attack_move", "name": null, "qty": null, "tid": null, "ts": "18:07:05"}
[18:07:07] t=5917 jev VEH HTNK HOLD (预算保护 cash=376 aav帽=ok aav=4)
[18:07:09] t=5920 jev VEH HTNK HOLD (预算保护 cash=376 aav帽=ok aav=4)
[18:07:09] t=5920 MOVE aahunt x2 -> (125,84)
[18:07:09] {"kind": "action", "what": "attack_move", "name": null, "qty": null, "tid": null, "ts": "18:07:09"}
[18:07:09] t=5922 ESCORT 坦克#3087 -> 护航矿车@[127, 105]
[18:07:09] {"kind": "action", "what": "attack_move", "name": null, "qty": null, "tid": null, "ts": "18:07:09"}
[18:07:11] t=5922 jev VEH HTNK HOLD (预算保护 cash=676 aav帽=ok aav=4)
[18:07:13] t=5925 jev VEH HTNK HOLD (预算保护 cash=676 aav帽=ok aav=4)
[18:07:13] t=5925 MOVE raid x2 -> (81,118)
[18:07:13] {"kind": "action", "what": "attack_move", "name": null, "qty": null, "tid": null, "ts": "18:07:13"}
[18:07:15] t=5928 jev VEH HTNK HOLD (预算保护 cash=676 aav帽=ok aav=4)
[18:07:17] t=5930 jev VEH HTNK HOLD (预算保护 cash=676 aav帽=ok aav=4)
[18:07:19] t=5933 jev VEH HTNK HOLD (预算保护 cash=676 aav帽=ok aav=4)
[18:07:19] t=5933 MOVE assault x56 -> (70,117)
[18:07:19] {"kind": "action", "what": "attack_move", "name": null, "qty": null, "tid": null, "ts": "18:07:19"}
[18:07:21] t=5935 jev VEH HTNK HOLD (预算保护 cash=676 aav帽=ok aav=4)
[18:07:23] t=5938 jev VEH HTNK HOLD (预算保护 cash=676 aav帽=ok aav=4)
[18:07:25] t=5941 jev VEH HTNK HOLD (预算保护 cash=676 aav帽=ok aav=4)
[18:07:26] t=5943 jev VEH HTNK HOLD (预算保护 cash=676 aav帽=ok aav=4)
[18:07:28] t=5946 jev VEH HTNK HOLD (预算保护 cash=676 aav帽=ok aav=4)
[18:07:30] t=5949 jev VEH HTNK HOLD (预算保护 cash=676 aav帽=ok aav=4)
[18:07:32] t=5951 jev VEH HTNK HOLD (预算保护 cash=676 aav帽=ok aav=4)
[18:07:32] t=5951 MOVE assault x56 -> (70,117)
[18:07:32] {"kind": "action", "what": "attack_move", "name": null, "qty": null, "tid": null, "ts": "18:07:32"}
[18:07:34] t=5954 jev VEH HTNK HOLD (预算保护 cash=676 aav帽=ok aav=4)
[18:07:34] t=5954 MOVE raid x2 -> (81,118); hold_b x2 -> (126,75)
[18:07:34] {"kind": "action", "what": "attack_move", "name": null, "qty": null, "tid": null, "ts": "18:07:34"}
[18:07:34] {"kind": "action", "what": "attack_move", "name": null, "qty": null, "tid": null, "ts": "18:07:34"}
[18:07:36] t=5956 jev VEH HTNK HOLD (预算保护 cash=676 aav帽=ok aav=4)
[18:07:36] t=5956 tick#2275 credits=676 stance=attack | jev 2275 decisions p50=1683ms
[18:07:38] t=5959 jev VEH HTNK HOLD (预算保护 cash=676 aav帽=ok aav=4)
[18:07:40] t=5962 jev VEH HTNK HOLD (预算保护 cash=676 aav帽=ok aav=4)
[18:07:40] t=5962 MOVE aahunt x2 -> (125,84)
[18:07:40] {"kind": "action", "what": "attack_move", "name": null, "qty": null, "tid": null, "ts": "18:07:40"}
[18:07:41] t=5964 ESCORT 坦克#3087 -> 护航矿车@[128, 105]
[18:07:41] {"kind": "action", "what": "attack_move", "name": null, "qty": null, "tid": null, "ts": "18:07:41"}
[18:07:42] t=5964 jev VEH HTNK HOLD (预算保护 cash=676 aav帽=ok aav=4)
[18:07:44] t=5967 jev VEH HTNK HOLD (预算保护 cash=676 aav帽=ok aav=4)
[18:07:46] t=5970 jev VEH HTNK HOLD (预算保护 cash=676 aav帽=ok aav=4)
[18:07:46] t=5970 MOVE assault x56 -> (70,117)
[18:07:46] {"kind": "action", "what": "attack_move", "name": null, "qty": null, "tid": null, "ts": "18:07:46"}
[18:07:48] t=5972 jev VEH HTNK HOLD (预算保护 cash=676 aav帽=ok aav=4)
[18:07:50] t=5975 jev VEH HTNK HOLD (预算保护 cash=676 aav帽=ok aav=4)
[18:07:52] t=5977 jev VEH HTNK HOLD (预算保护 cash=676 aav帽=ok aav=4)
[18:07:54] t=5980 jev VEH HTNK HOLD (预算保护 cash=676 aav帽=ok aav=4)
[18:07:56] t=5983 jev VEH HTNK HOLD (预算保护 cash=676 aav帽=ok aav=4)
[18:07:56] t=5983 MOVE raid x2 -> (81,118); hold_a x2 -> (133,86)
[18:07:56] {"kind": "action", "what": "attack_move", "name": null, "qty": null, "tid": null, "ts": "18:07:56"}
[18:07:56] {"kind": "action", "what": "attack_move", "name": null, "qty": null, "tid": null, "ts": "18:07:56"}
[18:07:56] t=5985 TANK HTNK x2
[18:07:56] t=5985 DEBT-GATE HTNK x2 (debt=0 eff=1351 < 1800)
[18:07:58] t=5985 jev VEH HTNK HOLD (预算保护 cash=1351 aav帽=ok aav=4)
[18:07:58] t=5988 TANK HTNK x2
[18:07:58] t=5988 DEBT-GATE HTNK x2 (debt=0 eff=1351 < 1800)
[18:08:00] t=5988 jev VEH HTNK HOLD (预算保护 cash=1351 aav帽=ok aav=4)
[18:08:00] t=5988 MOVE assault x56 -> (70,117)
[18:08:00] {"kind": "action", "what": "attack_move", "name": null, "qty": null, "tid": null, "ts": "18:08:00"}
[18:08:00] t=5991 TANK HTNK x2
[18:08:00] t=5991 DEBT-GATE HTNK x2 (debt=0 eff=1351 < 1800)
[18:08:02] t=5991 jev VEH HTNK HOLD (预算保护 cash=1351 aav帽=ok aav=4)
[18:08:02] t=5993 TANK HTNK x2
[18:08:02] t=5993 DEBT-GATE HTNK x2 (debt=0 eff=1351 < 1800)
[18:08:04] t=5993 jev VEH HTNK HOLD (预算保护 cash=1351 aav帽=ok aav=4)
[18:08:04] t=5996 TANK HTNK x2
[18:08:04] t=5996 DEBT-GATE HTNK x2 (debt=0 eff=1351 < 1800)
[18:08:06] t=5996 jev VEH HTNK HOLD (预算保护 cash=1351 aav帽=ok aav=4)
[18:08:06] t=5998 TANK HTNK x2
[18:08:06] t=5998 DEBT-GATE HTNK x2 (debt=0 eff=1351 < 1800)
[18:08:08] t=5998 jev VEH HTNK HOLD (预算保护 cash=1351 aav帽=ok aav=4)
[18:08:08] t=6001 TANK HTNK x2
[18:08:08] t=6001 DEBT-GATE HTNK x2 (debt=0 eff=1351 < 1800)
[18:08:10] t=6001 jev VEH HTNK HOLD (预算保护 cash=1351 aav帽=ok aav=4)
[18:08:10] t=6004 TANK HTNK x2
[18:08:10] t=6004 DEBT-GATE HTNK x2 (debt=0 eff=1351 < 1800)
[18:08:12] t=6004 jev VEH HTNK HOLD (预算保护 cash=1351 aav帽=ok aav=4)
[18:08:12] t=6004 MOVE aahunt x2 -> (125,84)
[18:08:12] {"kind": "action", "what": "attack_move", "name": null, "qty": null, "tid": null, "ts": "18:08:12"}
[18:08:12] t=6006 TANK HTNK x2
[18:08:12] t=6006 DEBT-GATE HTNK x2 (debt=0 eff=1351 < 1800)
[18:08:14] t=6006 jev VEH HTNK HOLD (预算保护 cash=1351 aav帽=ok aav=4)
[18:08:14] t=6006 MOVE assault x56 -> (70,117)
[18:08:14] {"kind": "action", "what": "attack_move", "name": null, "qty": null, "tid": null, "ts": "18:08:14"}
[18:08:14] t=6009 TANK HTNK x2
[18:08:14] {"kind": "action", "what": "produce", "name": "HTNK", "qty": 2, "tid": null, "ts": "18:08:14"}
[18:08:16] t=6012 ESCORT 坦克#3087 -> 护航矿车@[122, 104]
[18:08:16] {"kind": "action", "what": "attack_move", "name": null, "qty": null, "tid": null, "ts": "18:08:16"}
[18:08:18] t=6012 MOVE raid x2 -> (81,118)
[18:08:18] {"kind": "action", "what": "attack_move", "name": null, "qty": null, "tid": null, "ts": "18:08:18"}
[18:08:26] t=6022 tick#2300 credits=376 stance=attack | jev 2300 decisions p50=1683ms
[18:08:28] t=6025 jev VEH HTNK HOLD (预算保护 cash=226 aav帽=ok aav=4)
[18:08:28] t=6025 MOVE assault x58 -> (70,117)
[18:08:28] {"kind": "action", "what": "attack_move", "name": null, "qty": null, "tid": null, "ts": "18:08:28"}
[18:08:30] t=6027 jev VEH HTNK HOLD (预算保护 cash=226 aav帽=ok aav=4)
[18:08:32] t=6030 jev VEH HTNK HOLD (预算保护 cash=226 aav帽=ok aav=4)
[18:08:34] t=6033 jev VEH HTNK HOLD (预算保护 cash=226 aav帽=ok aav=4)
[18:08:35] t=6035 jev VEH HTNK HOLD (预算保护 cash=226 aav帽=ok aav=4)
[18:08:35] t=6035 MOVE hold_b x2 -> (126,75)
[18:08:36] {"kind": "action", "what": "attack_move", "name": null, "qty": null, "tid": null, "ts": "18:08:36"}
[18:08:37] t=6038 jev VEH HTNK HOLD (预算保护 cash=226 aav帽=ok aav=4)
[18:08:39] t=6041 jev VEH HTNK HOLD (预算保护 cash=226 aav帽=ok aav=4)
[18:08:39] t=6041 MOVE raid x2 -> (81,118)
[18:08:39] {"kind": "action", "what": "attack_move", "name": null, "qty": null, "tid": null, "ts": "18:08:39"}
[18:08:41] t=6043 jev VEH HTNK HOLD (预算保护 cash=226 aav帽=ok aav=4)
[18:08:41] t=6043 MOVE assault x58 -> (70,117)
[18:08:41] {"kind": "action", "what": "attack_move", "name": null, "qty": null, "tid": null, "ts": "18:08:41"}
[18:08:43] t=6046 jev VEH HTNK HOLD (预算保护 cash=226 aav帽=ok aav=4)
[18:08:43] t=6046 MOVE aahunt x2 -> (125,84)
[18:08:43] {"kind": "action", "what": "attack_move", "name": null, "qty": null, "tid": null, "ts": "18:08:43"}
[18:08:45] t=6049 jev VEH HTNK HOLD (预算保护 cash=226 aav帽=ok aav=4)
[18:08:47] t=6051 jev VEH HTNK HOLD (预算保护 cash=226 aav帽=ok aav=4)
[18:08:48] t=6054 ESCORT 坦克#3087 -> 护航矿车@[128, 104]
[18:08:48] {"kind": "action", "what": "attack_move", "name": null, "qty": null, "tid": null, "ts": "18:08:48"}
[18:08:49] t=6054 jev VEH HTNK HOLD (预算保护 cash=226 aav帽=ok aav=4)
[18:08:51] t=6056 jev VEH HTNK HOLD (预算保护 cash=226 aav帽=ok aav=4)
[18:08:53] t=6059 jev VEH HTNK HOLD (预算保护 cash=226 aav帽=ok aav=4)
[18:08:55] t=6062 jev VEH HTNK HOLD (预算保护 cash=226 aav帽=ok aav=4)
[18:08:55] t=6062 MOVE assault x58 -> (70,117)
[18:08:55] {"kind": "action", "what": "attack_move", "name": null, "qty": null, "tid": null, "ts": "18:08:55"}
[18:08:57] t=6064 jev VEH HTNK HOLD (预算保护 cash=226 aav帽=ok aav=4)
[18:08:57] t=6064 MOVE hold_a x2 -> (133,86)
[18:08:57] {"kind": "action", "what": "attack_move", "name": null, "qty": null, "tid": null, "ts": "18:08:57"}
[18:08:58] t=6067 RETREAT HTNK(31%)
[18:08:58] {"kind": "action", "what": "move", "name": null, "qty": null, "tid": null, "ts": "18:08:58"}
[18:08:59] t=6067 jev VEH HTNK HOLD (预算保护 cash=226 aav帽=ok aav=4)
[18:09:01] t=6070 jev VEH HTNK HOLD (预算保护 cash=226 aav帽=ok aav=4)
[18:09:01] t=6070 MOVE raid x2 -> (81,118)
[18:09:01] {"kind": "action", "what": "attack_move", "name": null, "qty": null, "tid": null, "ts": "18:09:01"}
[18:09:03] t=6072 jev VEH HTNK HOLD (预算保护 cash=226 aav帽=ok aav=4)
[18:09:05] t=6075 jev VEH HTNK HOLD (预算保护 cash=226 aav帽=ok aav=4)
[18:09:07] t=6078 jev VEH HTNK HOLD (预算保护 cash=226 aav帽=ok aav=4)
[18:09:09] t=6080 jev VEH HARV HOLD (预算保护 cash=451 aav帽=ok aav=4)
[18:09:09] t=6080 MOVE assault x58 -> (70,117)
[18:09:09] {"kind": "action", "what": "attack_move", "name": null, "qty": null, "tid": null, "ts": "18:09:09"}
[18:09:11] t=6083 jev VEH HARV HOLD (预算保护 cash=451 aav帽=ok aav=4)
[18:09:13] t=6086 jev VEH HARV HOLD (预算保护 cash=451 aav帽=ok aav=4)
[18:09:15] t=6088 jev VEH HARV HOLD (预算保护 cash=451 aav帽=ok aav=4)
[18:09:15] t=6088 MOVE aahunt x2 -> (125,84)
[18:09:15] {"kind": "action", "what": "attack_move", "name": null, "qty": null, "tid": null, "ts": "18:09:15"}
[18:09:15] t=6088 tick#2325 credits=451 stance=attack | jev 2325 decisions p50=1684ms
[18:09:17] t=6091 jev VEH HTNK HOLD (预算保护 cash=451 aav帽=ok aav=4)
[18:09:19] t=6093 jev VEH HTNK HOLD (预算保护 cash=451 aav帽=ok aav=4)
[18:09:19] t=6096 ESCORT 坦克#2869 -> 护航矿车@[115, 133]
[18:09:19] {"kind": "action", "what": "attack_move", "name": null, "qty": null, "tid": null, "ts": "18:09:19"}
[18:09:21] t=6096 jev VEH HTNK HOLD (预算保护 cash=451 aav帽=ok aav=4)
[18:09:23] t=6099 jev VEH HTNK HOLD (预算保护 cash=451 aav帽=ok aav=4)
[18:09:23] t=6099 MOVE raid x2 -> (81,118); assault x58 -> (70,117)
[18:09:23] {"kind": "action", "what": "attack_move", "name": null, "qty": null, "tid": null, "ts": "18:09:23"}
[18:09:23] {"kind": "action", "what": "attack_move", "name": null, "qty": null, "tid": null, "ts": "18:09:23"}
[18:09:25] t=6101 jev VEH HTNK HOLD (预算保护 cash=451 aav帽=ok aav=4)
[18:09:27] t=6104 jev VEH HTNK HOLD (预算保护 cash=451 aav帽=ok aav=4)
[18:09:29] t=6107 jev VEH HTNK HOLD (预算保护 cash=451 aav帽=ok aav=4)
[18:09:31] t=6109 jev VEH HTNK HOLD (预算保护 cash=451 aav帽=ok aav=4)
[18:09:33] t=6112 jev VEH HTNK HOLD (预算保护 cash=451 aav帽=ok aav=4)
[18:09:35] t=6114 jev VEH HTNK HOLD (预算保护 cash=451 aav帽=ok aav=4)
[18:09:37] t=6117 jev VEH HTNK HOLD (预算保护 cash=451 aav帽=ok aav=4)
[18:09:37] t=6117 MOVE assault x58 -> (70,117); hold_b x2 -> (126,75)
[18:09:37] {"kind": "action", "what": "attack_move", "name": null, "qty": null, "tid": null, "ts": "18:09:37"}
[18:09:37] {"kind": "action", "what": "attack_move", "name": null, "qty": null, "tid": null, "ts": "18:09:37"}
[18:09:39] t=6120 jev VEH HTNK HOLD (预算保护 cash=451 aav帽=ok aav=4)
[18:09:41] t=6122 jev VEH HTNK HOLD (预算保护 cash=451 aav帽=ok aav=4)
[18:09:43] t=6125 jev VEH HTNK HOLD (预算保护 cash=451 aav帽=ok aav=4)
[18:09:45] t=6128 jev VEH HTNK HOLD (预算保护 cash=451 aav帽=ok aav=4)
[18:09:45] t=6128 MOVE raid x2 -> (81,118)
[18:09:45] {"kind": "action", "what": "attack_move", "name": null, "qty": null, "tid": null, "ts": "18:09:45"}
[18:09:47] t=6130 jev VEH HTNK HOLD (预算保护 cash=451 aav帽=ok aav=4)
[18:09:47] t=6130 MOVE aahunt x2 -> (125,84)
[18:09:47] {"kind": "action", "what": "attack_move", "name": null, "qty": null, "tid": null, "ts": "18:09:47"}
[18:09:49] t=6133 jev VEH HTNK HOLD (预算保护 cash=451 aav帽=ok aav=4)
[18:09:49] t=6136 TANK HTNK x1
[18:09:49] {"kind": "action", "what": "produce", "name": "HTNK", "qty": 1, "tid": null, "ts": "18:09:49"}
[18:09:51] t=6136 MOVE assault x58 -> (70,117)
[18:09:51] {"kind": "action", "what": "attack_move", "name": null, "qty": null, "tid": null, "ts": "18:09:51"}
[18:09:51] t=6138 ESCORT 坦克#2869 -> 护航矿车@[117, 135]
[18:09:51] {"kind": "action", "what": "attack_move", "name": null, "qty": null, "tid": null, "ts": "18:09:51"}
[18:09:57] t=6144 jev VEH HTNK HOLD (预算保护 cash=1 aav帽=ok aav=4)
[18:09:59] t=6146 jev VEH HTNK HOLD (预算保护 cash=1 aav帽=ok aav=4)
[18:09:59] t=6146 MOVE hold_a x2 -> (133,86)
[18:09:59] {"kind": "action", "what": "attack_move", "name": null, "qty": null, "tid": null, "ts": "18:09:59"}
[18:10:01] t=6149 jev VEH HTNK HOLD (预算保护 cash=1 aav帽=ok aav=4)
[18:10:03] t=6152 jev VEH HTNK HOLD (预算保护 cash=1 aav帽=ok aav=4)
[18:10:05] t=6154 jev VEH HTNK HOLD (预算保护 cash=1 aav帽=ok aav=4)
[18:10:05] t=6154 MOVE assault x59 -> (70,117)
[18:10:05] {"kind": "action", "what": "attack_move", "name": null, "qty": null, "tid": null, "ts": "18:10:05"}
[18:10:05] t=6154 tick#2350 credits=1 stance=attack | jev 2350 decisions p50=1683ms
[18:10:07] t=6157 jev VEH HTNK HOLD (预算保护 cash=1 aav帽=ok aav=4)
[18:10:07] t=6157 MOVE raid x2 -> (81,118)
[18:10:07] {"kind": "action", "what": "attack_move", "name": null, "qty": null, "tid": null, "ts": "18:10:07"}
[18:10:09] t=6159 jev VEH HTNK HOLD (预算保护 cash=1 aav帽=ok aav=4)
[18:10:11] t=6162 jev VEH HTNK HOLD (预算保护 cash=1 aav帽=ok aav=4)
[18:10:12] t=6165 jev VEH HTNK HOLD (预算保护 cash=1 aav帽=ok aav=4)
[18:10:14] t=6167 jev VEH HTNK HOLD (预算保护 cash=301 aav帽=ok aav=4)
[18:10:16] t=6170 jev VEH HTNK HOLD (预算保护 cash=301 aav帽=ok aav=4)
[18:10:18] t=6172 jev VEH HTNK HOLD (预算保护 cash=301 aav帽=ok aav=4)
[18:10:18] t=6172 MOVE assault x59 -> (70,117); aahunt x2 -> (125,84)
[18:10:18] {"kind": "action", "what": "attack_move", "name": null, "qty": null, "tid": null, "ts": "18:10:18"}
[18:10:18] {"kind": "action", "what": "attack_move", "name": null, "qty": null, "tid": null, "ts": "18:10:18"}
[18:10:20] t=6175 jev VEH HTNK HOLD (预算保护 cash=301 aav帽=ok aav=4)
[18:10:22] t=6178 jev VEH HTNK HOLD (预算保护 cash=301 aav帽=ok aav=4)
[18:10:23] t=6180 ESCORT 坦克#3087 -> 护航矿车@[128, 104]
[18:10:23] {"kind": "action", "what": "attack_move", "name": null, "qty": null, "tid": null, "ts": "18:10:23"}
[18:10:24] t=6180 jev VEH HTNK HOLD (预算保护 cash=301 aav帽=ok aav=4)
[18:10:26] t=6183 jev VEH HTNK HOLD (预算保护 cash=301 aav帽=ok aav=4)
[18:10:28] t=6186 jev VEH HTNK HOLD (预算保护 cash=301 aav帽=ok aav=4)
[18:10:28] t=6186 MOVE raid x2 -> (81,118)
[18:10:28] {"kind": "action", "what": "attack_move", "name": null, "qty": null, "tid": null, "ts": "18:10:28"}
[18:10:30] t=6188 jev VEH HTNK HOLD (预算保护 cash=301 aav帽=ok aav=4)
[18:10:32] t=6191 jev VEH HTNK HOLD (预算保护 cash=301 aav帽=ok aav=4)
[18:10:32] t=6191 MOVE assault x59 -> (70,117)
[18:10:32] {"kind": "action", "what": "attack_move", "name": null, "qty": null, "tid": null, "ts": "18:10:32"}
[18:10:34] t=6194 jev VEH HTNK HOLD (预算保护 cash=301 aav帽=ok aav=4)
[18:10:34] t=6196 TANK HTNK x1
[18:10:34] {"kind": "action", "what": "produce", "name": "HTNK", "qty": 1, "tid": null, "ts": "18:10:34"}
[18:10:38] t=6199 MOVE hold_b x2 -> (126,75)
[18:10:38] {"kind": "action", "what": "attack_move", "name": null, "qty": null, "tid": null, "ts": "18:10:38"}
[18:10:40] t=6204 RETREAT HTNK(30%)
[18:10:40] {"kind": "action", "what": "move", "name": null, "qty": null, "tid": null, "ts": "18:10:40"}
[18:10:42] t=6204 jev VEH HTNK HOLD (预算保护 cash=151 aav帽=ok aav=4)
[18:10:44] t=6207 jev VEH HTNK HOLD (预算保护 cash=151 aav帽=ok aav=4)
[18:10:46] t=6209 jev VEH HTNK HOLD (预算保护 cash=151 aav帽=ok aav=4)
[18:10:46] t=6209 MOVE assault x60 -> (70,117)
[18:10:46] {"kind": "action", "what": "attack_move", "name": null, "qty": null, "tid": null, "ts": "18:10:46"}
[18:10:48] t=6212 jev VEH HTNK HOLD (预算保护 cash=151 aav帽=ok aav=4)
[18:10:50] t=6215 jev VEH HTNK HOLD (预算保护 cash=151 aav帽=ok aav=4)
[18:10:50] t=6215 MOVE raid x2 -> (81,118); aahunt x2 -> (125,84)
[18:10:50] {"kind": "action", "what": "attack_move", "name": null, "qty": null, "tid": null, "ts": "18:10:50"}
[18:10:50] {"kind": "action", "what": "attack_move", "name": null, "qty": null, "tid": null, "ts": "18:10:50"}
[18:10:52] t=6217 jev VEH HTNK HOLD (预算保护 cash=151 aav帽=ok aav=4)
[18:10:54] t=6220 jev VEH HTNK HOLD (预算保护 cash=151 aav帽=ok aav=4)
[18:10:54] t=6220 tick#2375 credits=151 stance=attack | jev 2375 decisions p50=1683ms
[18:10:54] t=6222 ESCORT 坦克#3087 -> 护航矿车@[120, 109]
[18:10:54] {"kind": "action", "what": "attack_move", "name": null, "qty": null, "tid": null, "ts": "18:10:54"}
[18:10:56] t=6222 jev VEH HTNK HOLD (预算保护 cash=151 aav帽=ok aav=4)
[18:10:58] t=6225 jev VEH HTNK HOLD (预算保护 cash=151 aav帽=ok aav=4)
[18:11:00] t=6228 jev VEH HTNK HOLD (预算保护 cash=151 aav帽=ok aav=4)
[18:11:00] t=6228 MOVE assault x60 -> (70,117); hold_a x2 -> (133,86)
[18:11:00] {"kind": "action", "what": "attack_move", "name": null, "qty": null, "tid": null, "ts": "18:11:00"}
[18:11:00] {"kind": "action", "what": "attack_move", "name": null, "qty": null, "tid": null, "ts": "18:11:00"}
[18:11:02] t=6230 jev VEH HTNK HOLD (预算保护 cash=151 aav帽=ok aav=4)
[18:11:04] t=6233 jev VEH HTNK HOLD (预算保护 cash=151 aav帽=ok aav=4)
[18:11:06] t=6236 jev VEH HTNK HOLD (预算保护 cash=151 aav帽=ok aav=4)
[18:11:08] t=6238 jev VEH HTNK HOLD (预算保护 cash=151 aav帽=ok aav=4)
[18:11:10] t=6241 jev VEH HTNK HOLD (预算保护 cash=526 aav帽=ok aav=4)
[18:11:12] t=6243 jev VEH HTNK HOLD (预算保护 cash=526 aav帽=ok aav=4)
[18:11:12] t=6243 MOVE raid x2 -> (81,118)
[18:11:12] {"kind": "action", "what": "attack_move", "name": null, "qty": null, "tid": null, "ts": "18:11:12"}
[18:11:14] t=6246 jev VEH HTNK HOLD (预算保护 cash=526 aav帽=ok aav=4)
[18:11:14] t=6246 MOVE assault x60 -> (70,117)
[18:11:14] {"kind": "action", "what": "attack_move", "name": null, "qty": null, "tid": null, "ts": "18:11:14"}
[18:11:16] t=6249 jev VEH HTNK HOLD (预算保护 cash=526 aav帽=ok aav=4)
[18:11:18] t=6251 jev VEH HTNK HOLD (预算保护 cash=526 aav帽=ok aav=4)
[18:11:20] t=6254 jev VEH HTNK HOLD (预算保护 cash=526 aav帽=ok aav=4)
[18:11:22] t=6257 jev VEH HTNK HOLD (预算保护 cash=526 aav帽=ok aav=4)
[18:11:22] t=6257 MOVE aahunt x2 -> (125,84)
[18:11:22] {"kind": "action", "what": "attack_move", "name": null, "qty": null, "tid": null, "ts": "18:11:22"}
[18:11:22] t=6259 TANK HTNK x1
[18:11:22] t=6259 DEBT-GATE HTNK x1 (debt=0 eff=826 < 900)
[18:11:24] t=6259 jev VEH HTNK HOLD (预算保护 cash=826 aav帽=ok aav=4)
[18:11:24] t=6262 TANK HTNK x1
[18:11:24] t=6262 DEBT-GATE HTNK x1 (debt=0 eff=826 < 900)
[18:11:25] t=6262 jev VEH HTNK HOLD (预算保护 cash=826 aav帽=ok aav=4)
[18:11:26] t=6265 TANK HTNK x1
[18:11:26] t=6265 ESCORT 坦克#3087 -> 护航矿车@[127, 105]
[18:11:26] t=6265 DEBT-GATE HTNK x1 (debt=0 eff=826 < 900)
[18:11:26] {"kind": "action", "what": "attack_move", "name": null, "qty": null, "tid": null, "ts": "18:11:26"}
[18:11:28] t=6265 jev VEH HTNK HOLD (预算保护 cash=826 aav帽=ok aav=4)
[18:11:28] t=6265 MOVE assault x60 -> (70,117)
[18:11:28] {"kind": "action", "what": "attack_move", "name": null, "qty": null, "tid": null, "ts": "18:11:28"}
[18:11:28] t=6267 TANK HTNK x1
[18:11:28] t=6267 DEBT-GATE HTNK x1 (debt=0 eff=826 < 900)
[18:11:30] t=6267 jev VEH HTNK HOLD (预算保护 cash=826 aav帽=ok aav=4)
[18:11:30] t=6270 TANK HTNK x1
[18:11:30] t=6270 DEBT-GATE HTNK x1 (debt=0 eff=826 < 900)
[18:11:31] t=6270 jev VEH HTNK HOLD (预算保护 cash=826 aav帽=ok aav=4)
[18:11:32] t=6273 TANK HTNK x1
[18:11:32] t=6273 DEBT-GATE HTNK x1 (debt=0 eff=826 < 900)
[18:11:33] t=6273 jev VEH HTNK HOLD (预算保护 cash=826 aav帽=ok aav=4)
[18:11:33] t=6273 MOVE raid x2 -> (81,118)
[18:11:33] {"kind": "action", "what": "attack_move", "name": null, "qty": null, "tid": null, "ts": "18:11:33"}
[18:11:34] t=6275 TANK HTNK x1
[18:11:34] t=6275 DEBT-GATE HTNK x1 (debt=0 eff=826 < 900)
[18:11:35] t=6275 jev VEH HTNK HOLD (预算保护 cash=826 aav帽=ok aav=4)
[18:11:36] t=6278 TANK HTNK x1
[18:11:36] t=6278 DEBT-GATE HTNK x1 (debt=0 eff=826 < 900)
[18:11:37] t=6278 jev VEH HTNK HOLD (预算保护 cash=826 aav帽=ok aav=4)
[18:11:38] t=6280 TANK HTNK x1
[18:11:38] t=6280 DEBT-GATE HTNK x1 (debt=0 eff=826 < 900)
[18:11:39] t=6280 jev VEH HTNK HOLD (预算保护 cash=826 aav帽=ok aav=4)
[18:11:39] t=6280 MOVE hold_b x2 -> (126,75)
[18:11:39] {"kind": "action", "what": "attack_move", "name": null, "qty": null, "tid": null, "ts": "18:11:39"}
[18:11:40] t=6283 TANK HTNK x1
[18:11:40] t=6283 DEBT-GATE HTNK x1 (debt=0 eff=826 < 900)
[18:11:41] t=6283 jev VEH HTNK HOLD (预算保护 cash=826 aav帽=ok aav=4)
[18:11:41] t=6283 MOVE assault x60 -> (70,117)
[18:11:41] {"kind": "action", "what": "attack_move", "name": null, "qty": null, "tid": null, "ts": "18:11:41"}
[18:11:42] t=6286 TANK HTNK x1
[18:11:42] t=6286 DEBT-GATE HTNK x1 (debt=0 eff=826 < 900)
[18:11:43] t=6286 jev VEH HTNK HOLD (预算保护 cash=826 aav帽=ok aav=4)
[18:11:43] t=6286 tick#2400 credits=826 stance=attack | jev 2400 decisions p50=1683ms
[18:11:44] t=6288 TANK HTNK x1
[18:11:44] t=6288 DEBT-GATE HTNK x1 (debt=0 eff=826 < 900)
[18:11:45] t=6288 jev VEH HTNK HOLD (预算保护 cash=826 aav帽=ok aav=4)
[18:11:46] t=6291 TANK HTNK x1
[18:11:46] t=6291 DEBT-GATE HTNK x1 (debt=0 eff=826 < 900)
[18:11:47] t=6291 jev VEH HTNK HOLD (预算保护 cash=826 aav帽=ok aav=4)
[18:11:48] t=6294 TANK HTNK x1
[18:11:48] t=6294 DEBT-GATE HTNK x1 (debt=0 eff=826 < 900)
[18:11:49] t=6294 jev VEH HTNK HOLD (预算保护 cash=826 aav帽=ok aav=4)
[18:11:50] t=6296 TANK HTNK x1
[18:11:50] t=6296 DEBT-GATE HTNK x1 (debt=0 eff=826 < 900)
[18:11:51] t=6296 jev VEH HTNK HOLD (预算保护 cash=826 aav帽=ok aav=4)
[18:11:51] t=6299 TANK HTNK x1
[18:11:51] t=6299 DEBT-GATE HTNK x1 (debt=0 eff=826 < 900)
[18:11:53] t=6299 jev VEH HTNK HOLD (预算保护 cash=826 aav帽=ok aav=4)
[18:11:53] t=6299 MOVE aahunt x2 -> (125,84)
[18:11:53] {"kind": "action", "what": "attack_move", "name": null, "qty": null, "tid": null, "ts": "18:11:53"}
[18:11:54] t=6302 TANK HTNK x1
[18:11:54] t=6302 DEBT-GATE HTNK x1 (debt=0 eff=826 < 900)
[18:11:55] t=6302 jev VEH HTNK HOLD (预算保护 cash=826 aav帽=ok aav=4)
[18:11:55] t=6302 MOVE raid x2 -> (81,118); assault x60 -> (70,117)
[18:11:55] {"kind": "action", "what": "attack_move", "name": null, "qty": null, "tid": null, "ts": "18:11:55"}
[18:11:55] {"kind": "action", "what": "attack_move", "name": null, "qty": null, "tid": null, "ts": "18:11:55"}
[18:11:56] t=6304 TANK HTNK x1
[18:11:56] t=6304 DEBT-GATE HTNK x1 (debt=0 eff=826 < 900)
[18:11:57] t=6304 jev VEH HTNK HOLD (预算保护 cash=826 aav帽=ok aav=4)
[18:11:57] t=6307 TANK HTNK x1
[18:11:57] t=6307 ESCORT 坦克#2869 -> 护航矿车@[117, 133]
[18:11:57] t=6307 DEBT-GATE HTNK x1 (debt=0 eff=826 < 900)
[18:11:58] {"kind": "action", "what": "attack_move", "name": null, "qty": null, "tid": null, "ts": "18:11:58"}
[18:11:59] t=6307 jev VEH HTNK HOLD (预算保护 cash=826 aav帽=ok aav=4)
[18:11:59] t=6310 TANK HTNK x1
[18:11:59] t=6310 DEBT-GATE HTNK x1 (debt=0 eff=826 < 900)
[18:12:01] t=6310 jev VEH HTNK HOLD (预算保护 cash=826 aav帽=ok aav=4)
[18:12:01] t=6310 MOVE hold_a x2 -> (133,86)
[18:12:01] {"kind": "action", "what": "attack_move", "name": null, "qty": null, "tid": null, "ts": "18:12:01"}
[18:12:02] t=6312 TANK HTNK x1
[18:12:02] t=6312 DEBT-GATE HTNK x1 (debt=0 eff=826 < 900)
[18:12:03] t=6312 jev VEH HTNK HOLD (预算保护 cash=826 aav帽=ok aav=4)
[18:12:03] t=6315 TANK HTNK x1
[18:12:03] t=6315 DEBT-GATE HTNK x1 (debt=0 eff=826 < 900)
[18:12:05] t=6315 jev VEH HTNK HOLD (预算保护 cash=826 aav帽=ok aav=4)
[18:12:05] t=6317 TANK HTNK x1
[18:12:05] t=6317 DEBT-GATE HTNK x1 (debt=0 eff=826 < 900)
[18:12:07] t=6317 jev VEH HTNK HOLD (预算保护 cash=826 aav帽=ok aav=4)
[18:12:07] t=6320 TANK HTNK x1
[18:12:07] t=6320 DEBT-GATE HTNK x1 (debt=0 eff=826 < 900)
[18:12:09] t=6320 jev VEH HTNK HOLD (预算保护 cash=826 aav帽=ok aav=4)
[18:12:09] t=6320 MOVE assault x60 -> (70,117)
[18:12:09] {"kind": "action", "what": "attack_move", "name": null, "qty": null, "tid": null, "ts": "18:12:09"}
[18:12:09] t=6323 TANK HTNK x1
[18:12:09] t=6323 DEBT-GATE HTNK x1 (debt=0 eff=826 < 900)
[18:12:11] t=6323 jev VEH HTNK HOLD (预算保护 cash=826 aav帽=ok aav=4)
[18:12:11] t=6325 TANK HTNK x1
[18:12:11] t=6325 DEBT-GATE HTNK x1 (debt=0 eff=826 < 900)
[18:12:13] t=6325 jev VEH HTNK HOLD (预算保护 cash=826 aav帽=ok aav=4)
[18:12:13] t=6328 TANK HTNK x1
[18:12:13] t=6328 DEBT-GATE HTNK x1 (debt=0 eff=826 < 900)
[18:12:15] t=6328 jev VEH HTNK HOLD (预算保护 cash=826 aav帽=ok aav=4)
[18:12:15] t=6331 TANK HTNK x1
[18:12:15] t=6331 DEBT-GATE HTNK x1 (debt=0 eff=826 < 900)
[18:12:17] t=6331 jev VEH HTNK HOLD (预算保护 cash=826 aav帽=ok aav=4)
[18:12:17] t=6331 MOVE raid x2 -> (81,118)
[18:12:17] {"kind": "action", "what": "attack_move", "name": null, "qty": null, "tid": null, "ts": "18:12:17"}
[18:12:17] t=6333 TANK HTNK x1
[18:12:17] t=6333 DEBT-GATE HTNK x1 (debt=0 eff=826 < 900)
[18:12:19] t=6333 jev VEH HTNK HOLD (预算保护 cash=826 aav帽=ok aav=4)
[18:12:19] t=6336 TANK HTNK x1
[18:12:19] t=6336 DEBT-GATE HTNK x1 (debt=0 eff=826 < 900)
[18:12:21] t=6336 jev VEH HTNK HOLD (预算保护 cash=826 aav帽=ok aav=4)
[18:12:21] t=6338 TANK HTNK x1
[18:12:21] t=6338 DEBT-GATE HTNK x1 (debt=0 eff=826 < 900)
[18:12:23] t=6338 jev VEH HTNK HOLD (预算保护 cash=826 aav帽=ok aav=4)
[18:12:23] t=6338 MOVE assault x60 -> (70,117)
[18:12:23] {"kind": "action", "what": "attack_move", "name": null, "qty": null, "tid": null, "ts": "18:12:23"}
[18:12:23] t=6341 TANK HTNK x1
[18:12:23] {"kind": "action", "what": "produce", "name": "HTNK", "qty": 1, "tid": null, "ts": "18:12:23"}
[18:12:25] t=6341 MOVE aahunt x2 -> (125,84)
[18:12:25] {"kind": "action", "what": "attack_move", "name": null, "qty": null, "tid": null, "ts": "18:12:25"}
[18:12:29] t=6349 ESCORT 坦克#3087 -> 护航矿车@[120, 102]
[18:12:29] {"kind": "action", "what": "attack_move", "name": null, "qty": null, "tid": null, "ts": "18:12:29"}
[18:12:31] t=6349 jev VEH HTNK HOLD (预算保护 cash=526 aav帽=ok aav=4)
[18:12:33] t=6352 jev VEH HTNK HOLD (预算保护 cash=526 aav帽=ok aav=4)
[18:12:33] t=6352 tick#2425 credits=526 stance=attack | jev 2425 decisions p50=1684ms
[18:12:35] t=6354 jev VEH HTNK HOLD (预算保护 cash=526 aav帽=ok aav=4)
[18:12:37] t=6357 jev VEH HTNK HOLD (预算保护 cash=526 aav帽=ok aav=4)
[18:12:37] t=6357 MOVE assault x61 -> (70,117)
[18:12:37] {"kind": "action", "what": "attack_move", "name": null, "qty": null, "tid": null, "ts": "18:12:37"}
[18:12:39] t=6360 jev VEH HTNK HOLD (预算保护 cash=526 aav帽=ok aav=4)
[18:12:39] t=6360 MOVE raid x2 -> (81,118)
[18:12:39] {"kind": "action", "what": "attack_move", "name": null, "qty": null, "tid": null, "ts": "18:12:39"}
[18:12:41] t=6362 jev VEH HTNK HOLD (预算保护 cash=526 aav帽=ok aav=4)
[18:12:41] t=6362 MOVE hold_b x2 -> (126,75)
[18:12:41] {"kind": "action", "what": "attack_move", "name": null, "qty": null, "tid": null, "ts": "18:12:41"}
[18:12:43] t=6365 jev VEH HTNK HOLD (预算保护 cash=526 aav帽=ok aav=4)
[18:12:43] t=6368 RETREAT HTNK(31%)
[18:12:43] {"kind": "action", "what": "move", "name": null, "qty": null, "tid": null, "ts": "18:12:43"}
[18:12:45] t=6368 jev VEH HTNK HOLD (预算保护 cash=526 aav帽=ok aav=4)
[18:12:47] t=6370 jev VEH HTNK HOLD (预算保护 cash=526 aav帽=ok aav=4)
[18:12:49] t=6373 jev VEH HTNK HOLD (预算保护 cash=526 aav帽=ok aav=4)
[18:12:51] t=6375 jev VEH HTNK HOLD (预算保护 cash=526 aav帽=ok aav=4)
[18:12:51] t=6375 MOVE assault x61 -> (70,117)
[18:12:51] {"kind": "action", "what": "attack_move", "name": null, "qty": null, "tid": null, "ts": "18:12:51"}
[18:12:53] t=6378 jev VEH HTNK HOLD (预算保护 cash=526 aav帽=ok aav=4)
[18:12:53] t=6381 TANK HTNK x1
[18:12:53] {"kind": "action", "what": "produce", "name": "HTNK", "qty": 1, "tid": null, "ts": "18:12:53"}
[18:12:57] t=6383 MOVE aahunt x2 -> (125,84)
[18:12:57] {"kind": "action", "what": "attack_move", "name": null, "qty": null, "tid": null, "ts": "18:12:57"}
[18:13:00] t=6389 jev VEH HTNK HOLD (预算保护 cash=226 aav帽=ok aav=4)
[18:13:00] t=6389 MOVE raid x2 -> (81,118)
[18:13:00] {"kind": "action", "what": "attack_move", "name": null, "qty": null, "tid": null, "ts": "18:13:00"}
[18:13:01] t=6391 ESCORT 坦克#3087 -> 护航矿车@[127, 105]
[18:13:01] {"kind": "action", "what": "attack_move", "name": null, "qty": null, "tid": null, "ts": "18:13:01"}
[18:13:02] t=6391 jev VEH HTNK HOLD (预算保护 cash=226 aav帽=ok aav=4)
[18:13:02] t=6391 MOVE hold_a x2 -> (133,86)
[18:13:03] {"kind": "action", "what": "attack_move", "name": null, "qty": null, "tid": null, "ts": "18:13:03"}
[18:13:04] t=6394 jev VEH HTNK HOLD (预算保护 cash=226 aav帽=ok aav=4)
[18:13:04] t=6394 MOVE assault x62 -> (70,117)
[18:13:05] {"kind": "action", "what": "attack_move", "name": null, "qty": null, "tid": null, "ts": "18:13:05"}
[18:13:06] t=6397 jev VEH HTNK HOLD (预算保护 cash=226 aav帽=ok aav=4)
[18:13:08] t=6399 jev VEH HTNK HOLD (预算保护 cash=226 aav帽=ok aav=4)
[18:13:10] t=6402 jev VEH HTNK HOLD (预算保护 cash=226 aav帽=ok aav=4)
[18:13:12] t=6404 jev VEH HTNK HOLD (预算保护 cash=226 aav帽=ok aav=4)
[18:13:14] t=6407 jev VEH HTNK HOLD (预算保护 cash=226 aav帽=ok aav=4)
[18:13:16] t=6410 jev VEH HTNK HOLD (预算保护 cash=226 aav帽=ok aav=4)
[18:13:18] t=6412 jev VEH HTNK HOLD (预算保护 cash=226 aav帽=ok aav=4)
[18:13:18] t=6412 MOVE assault x62 -> (70,117)
[18:13:18] {"kind": "action", "what": "attack_move", "name": null, "qty": null, "tid": null, "ts": "18:13:18"}
[18:13:20] t=6415 jev VEH HTNK HOLD (预算保护 cash=226 aav帽=ok aav=4)
[18:13:22] t=6418 jev VEH HTNK HOLD (预算保护 cash=226 aav帽=ok aav=4)
[18:13:22] t=6418 MOVE raid x2 -> (81,118)
[18:13:22] {"kind": "action", "what": "attack_move", "name": null, "qty": null, "tid": null, "ts": "18:13:22"}
[18:13:22] t=6418 tick#2450 credits=226 stance=attack | jev 2450 decisions p50=1684ms
[18:13:24] t=6420 jev VEH HTNK HOLD (预算保护 cash=226 aav帽=ok aav=4)
[18:13:26] t=6423 jev VEH HTNK HOLD (预算保护 cash=226 aav帽=ok aav=4)
[18:13:28] t=6425 jev VEH HTNK HOLD (预算保护 cash=226 aav帽=ok aav=4)
[18:13:28] t=6425 MOVE aahunt x2 -> (125,84)
[18:13:28] {"kind": "action", "what": "attack_move", "name": null, "qty": null, "tid": null, "ts": "18:13:28"}
[18:13:30] t=6428 jev VEH HTNK HOLD (预算保护 cash=226 aav帽=ok aav=4)
[18:13:32] t=6431 jev VEH HTNK HOLD (预算保护 cash=526 aav帽=ok aav=4)
[18:13:32] t=6431 MOVE assault x62 -> (70,117)
[18:13:32] {"kind": "action", "what": "attack_move", "name": null, "qty": null, "tid": null, "ts": "18:13:32"}
[18:13:32] t=6433 ESCORT 坦克#2869 -> 护航矿车@[117, 135]
[18:13:32] {"kind": "action", "what": "attack_move", "name": null, "qty": null, "tid": null, "ts": "18:13:32"}
[18:13:34] t=6433 jev VEH HTNK HOLD (预算保护 cash=526 aav帽=ok aav=4)
[18:13:36] t=6436 jev VEH HTNK HOLD (预算保护 cash=526 aav帽=ok aav=4)
[18:13:38] t=6439 jev VEH HTNK HOLD (预算保护 cash=526 aav帽=ok aav=4)
[18:13:40] t=6441 jev VEH HTNK HOLD (预算保护 cash=526 aav帽=ok aav=4)
[18:13:42] t=6444 jev VEH HTNK HOLD (预算保护 cash=526 aav帽=ok aav=4)
[18:13:42] t=6444 MOVE hold_b x2 -> (126,75)
[18:13:42] {"kind": "action", "what": "attack_move", "name": null, "qty": null, "tid": null, "ts": "18:13:42"}
[18:13:44] t=6447 jev VEH HTNK HOLD (预算保护 cash=526 aav帽=ok aav=4)
[18:13:44] t=6447 MOVE raid x2 -> (81,118)
[18:13:44] {"kind": "action", "what": "attack_move", "name": null, "qty": null, "tid": null, "ts": "18:13:44"}
[18:13:46] t=6449 jev VEH HTNK HOLD (预算保护 cash=526 aav帽=ok aav=4)
[18:13:46] t=6449 MOVE assault x62 -> (70,117)
[18:13:46] {"kind": "action", "what": "attack_move", "name": null, "qty": null, "tid": null, "ts": "18:13:46"}
[18:13:48] t=6452 jev VEH HTNK HOLD (预算保护 cash=526 aav帽=ok aav=4)
[18:13:50] t=6455 jev VEH HTNK HOLD (预算保护 cash=526 aav帽=ok aav=4)
[18:13:52] t=6457 jev VEH HTNK HOLD (预算保护 cash=526 aav帽=ok aav=4)
[18:13:54] t=6460 jev VEH HTNK HOLD (预算保护 cash=526 aav帽=ok aav=4)
[18:13:56] t=6462 jev VEH HTNK HOLD (预算保护 cash=526 aav帽=ok aav=4)
[18:13:58] t=6465 jev VEH HTNK HOLD (预算保护 cash=526 aav帽=ok aav=4)
[18:13:58] t=6468 TANK HTNK x1
[18:13:58] {"kind": "action", "what": "produce", "name": "HTNK", "qty": 1, "tid": null, "ts": "18:13:58"}
[18:14:00] t=6468 MOVE assault x62 -> (70,117); aahunt x2 -> (125,84)
[18:14:00] {"kind": "action", "what": "attack_move", "name": null, "qty": null, "tid": null, "ts": "18:14:00"}
[18:14:00] {"kind": "action", "what": "attack_move", "name": null, "qty": null, "tid": null, "ts": "18:14:00"}
[18:14:04] t=6473 MOVE hold_a x2 -> (133,86)
[18:14:04] {"kind": "action", "what": "attack_move", "name": null, "qty": null, "tid": null, "ts": "18:14:04"}
[18:14:04] t=6476 ESCORT 坦克#2869 -> 护航矿车@[115, 133]
[18:14:04] {"kind": "action", "what": "attack_move", "name": null, "qty": null, "tid": null, "ts": "18:14:04"}
[18:14:06] t=6476 jev VEH HTNK HOLD (预算保护 cash=76 aav帽=ok aav=4)
[18:14:06] t=6476 MOVE raid x2 -> (81,118)
[18:14:06] {"kind": "action", "what": "attack_move", "name": null, "qty": null, "tid": null, "ts": "18:14:06"}
[18:14:08] t=6479 jev VEH HTNK HOLD (预算保护 cash=76 aav帽=ok aav=4)
[18:14:10] t=6481 jev VEH HTNK HOLD (预算保护 cash=76 aav帽=ok aav=4)
[18:14:12] t=6484 jev VEH HTNK HOLD (预算保护 cash=76 aav帽=ok aav=4)
[18:14:12] t=6484 tick#2475 credits=76 stance=attack | jev 2475 decisions p50=1684ms
[18:14:14] t=6486 jev VEH HTNK HOLD (预算保护 cash=76 aav帽=ok aav=4)
[18:14:14] t=6486 MOVE assault x63 -> (70,117)
[18:14:14] {"kind": "action", "what": "attack_move", "name": null, "qty": null, "tid": null, "ts": "18:14:14"}
[18:14:16] t=6489 jev VEH HTNK HOLD (预算保护 cash=76 aav帽=ok aav=4)
[18:14:18] t=6492 jev VEH HTNK HOLD (预算保护 cash=76 aav帽=ok aav=4)
[18:14:20] t=6494 jev VEH HTNK HOLD (预算保护 cash=76 aav帽=ok aav=4)
[18:14:22] t=6497 jev VEH HTNK HOLD (预算保护 cash=76 aav帽=ok aav=4)
[18:14:24] t=6500 jev VEH HTNK HOLD (预算保护 cash=76 aav帽=ok aav=4)
[18:14:26] t=6502 jev VEH HTNK HOLD (预算保护 cash=76 aav帽=ok aav=4)
[18:14:26] t=6505 RETREAT HTNK(30%)
[18:14:26] {"kind": "action", "what": "move", "name": null, "qty": null, "tid": null, "ts": "18:14:26"}
[18:14:28] t=6505 jev VEH HTNK HOLD (预算保护 cash=301 aav帽=ok aav=4)
[18:14:28] t=6505 MOVE raid x2 -> (81,118); assault x63 -> (70,117)
[18:14:28] {"kind": "action", "what": "attack_move", "name": null, "qty": null, "tid": null, "ts": "18:14:28"}
[18:14:28] {"kind": "action", "what": "attack_move", "name": null, "qty": null, "tid": null, "ts": "18:14:28"}
[18:14:30] t=6508 jev VEH HTNK HOLD (预算保护 cash=301 aav帽=ok aav=4)
[18:14:32] t=6510 jev VEH HTNK HOLD (预算保护 cash=301 aav帽=ok aav=4)
[18:14:32] t=6510 MOVE aahunt x2 -> (125,84)
[18:14:32] {"kind": "action", "what": "attack_move", "name": null, "qty": null, "tid": null, "ts": "18:14:32"}
[18:14:34] t=6513 jev VEH HTNK HOLD (预算保护 cash=301 aav帽=ok aav=4)
[18:14:36] t=6515 jev VEH HTNK HOLD (预算保护 cash=301 aav帽=ok aav=4)
[18:14:36] t=6518 ESCORT 坦克#3087 -> 护航矿车@[128, 105]
[18:14:36] {"kind": "action", "what": "attack_move", "name": null, "qty": null, "tid": null, "ts": "18:14:36"}
[18:14:38] t=6518 jev VEH HTNK HOLD (预算保护 cash=301 aav帽=ok aav=4)
[18:14:40] t=6521 jev VEH HTNK HOLD (预算保护 cash=301 aav帽=ok aav=4)
[18:14:42] t=6523 jev VEH HTNK HOLD (预算保护 cash=301 aav帽=ok aav=4)
[18:14:42] t=6523 MOVE assault x63 -> (70,117)
[18:14:42] {"kind": "action", "what": "attack_move", "name": null, "qty": null, "tid": null, "ts": "18:14:42"}
[18:14:44] t=6526 jev VEH HTNK HOLD (预算保护 cash=301 aav帽=ok aav=4)
[18:14:44] t=6526 MOVE hold_b x2 -> (126,75)
[18:14:44] {"kind": "action", "what": "attack_move", "name": null, "qty": null, "tid": null, "ts": "18:14:44"}
[18:14:46] t=6529 jev VEH HTNK HOLD (预算保护 cash=301 aav帽=ok aav=4)
[18:14:47] t=6531 jev VEH HTNK HOLD (预算保护 cash=301 aav帽=ok aav=4)
[18:14:49] t=6534 jev VEH HTNK HOLD (预算保护 cash=301 aav帽=ok aav=4)
[18:14:49] t=6534 MOVE raid x2 -> (81,118)
[18:14:49] {"kind": "action", "what": "attack_move", "name": null, "qty": null, "tid": null, "ts": "18:14:49"}
[18:14:51] t=6537 jev VEH HTNK HOLD (预算保护 cash=301 aav帽=ok aav=4)
[18:14:53] t=6539 jev VEH HTNK HOLD (预算保护 cash=301 aav帽=ok aav=4)
[18:14:55] t=6542 jev VEH HTNK HOLD (预算保护 cash=301 aav帽=ok aav=4)
[18:14:55] t=6542 MOVE assault x63 -> (70,117)
[18:14:55] {"kind": "action", "what": "attack_move", "name": null, "qty": null, "tid": null, "ts": "18:14:55"}
[18:14:57] t=6544 jev VEH HTNK HOLD (预算保护 cash=301 aav帽=ok aav=4)
[18:14:59] t=6547 jev VEH HTNK HOLD (预算保护 cash=301 aav帽=ok aav=4)
[18:15:01] t=6550 jev VEH HTNK HOLD (预算保护 cash=301 aav帽=ok aav=4)
[18:15:01] t=6550 tick#2500 credits=301 stance=attack | jev 2500 decisions p50=1684ms
[18:15:03] t=6552 jev VEH HTNK HOLD (预算保护 cash=301 aav帽=ok aav=4)
[18:15:03] t=6552 MOVE aahunt x2 -> (125,84)
[18:15:03] {"kind": "action", "what": "attack_move", "name": null, "qty": null, "tid": null, "ts": "18:15:03"}
[18:15:05] t=6555 jev VEH HTNK HOLD (预算保护 cash=301 aav帽=ok aav=4)
[18:15:05] t=6555 MOVE hold_a x2 -> (133,86)
[18:15:05] {"kind": "action", "what": "attack_move", "name": null, "qty": null, "tid": null, "ts": "18:15:05"}
[18:15:07] t=6557 jev VEH HTNK HOLD (预算保护 cash=301 aav帽=ok aav=4)
[18:15:09] t=6560 jev VEH HTNK HOLD (预算保护 cash=301 aav帽=ok aav=4)
[18:15:09] t=6560 MOVE assault x63 -> (70,117)
[18:15:09] {"kind": "action", "what": "attack_move", "name": null, "qty": null, "tid": null, "ts": "18:15:09"}
[18:15:11] t=6563 jev VEH HTNK HOLD (预算保护 cash=301 aav帽=ok aav=4)
[18:15:11] t=6563 MOVE raid x2 -> (81,118)
[18:15:11] {"kind": "action", "what": "attack_move", "name": null, "qty": null, "tid": null, "ts": "18:15:11"}
[18:15:13] t=6565 jev VEH HTNK HOLD (预算保护 cash=301 aav帽=ok aav=4)
[18:15:15] t=6568 jev VEH HTNK HOLD (预算保护 cash=301 aav帽=ok aav=4)
[18:15:17] t=6571 jev VEH HTNK HOLD (预算保护 cash=301 aav帽=ok aav=4)
[18:15:19] t=6573 jev VEH HTNK HOLD (预算保护 cash=301 aav帽=ok aav=4)
[18:15:21] t=6576 jev VEH HTNK HOLD (预算保护 cash=301 aav帽=ok aav=4)
[18:15:23] t=6578 jev VEH HTNK HOLD (预算保护 cash=301 aav帽=ok aav=4)
[18:15:23] t=6578 MOVE assault x63 -> (70,117)
[18:15:23] {"kind": "action", "what": "attack_move", "name": null, "qty": null, "tid": null, "ts": "18:15:23"}
[18:15:23] t=6581 TANK HTNK x1
[18:15:23] {"kind": "action", "what": "produce", "name": "HTNK", "qty": 1, "tid": null, "ts": "18:15:23"}
[18:15:31] t=6589 jev VEH HTNK HOLD (预算保护 cash=76 aav帽=ok aav=4)
[18:15:33] t=6591 jev VEH HTNK HOLD (预算保护 cash=376 aav帽=ok aav=4)
[18:15:33] t=6591 MOVE raid x2 -> (81,118)
[18:15:33] {"kind": "action", "what": "attack_move", "name": null, "qty": null, "tid": null, "ts": "18:15:33"}
[18:15:33] t=6594 TANK HTNK x1
[18:15:35] t=6594 jev VEH HTNK HOLD (预算保护 cash=826 aav帽=ok aav=4)
[18:15:35] t=6594 MOVE aahunt x2 -> (125,84)
[18:15:35] {"kind": "action", "what": "attack_move", "name": null, "qty": null, "tid": null, "ts": "18:15:35"}
[18:15:35] t=6597 TANK HTNK x1
[18:15:37] t=6597 jev VEH HARV HOLD (预算保护 cash=826 aav帽=ok aav=4)
[18:15:37] t=6597 MOVE assault x64 -> (70,117)
[18:15:37] {"kind": "action", "what": "attack_move", "name": null, "qty": null, "tid": null, "ts": "18:15:37"}
[18:15:37] t=6599 TANK HTNK x1
[18:15:37] t=6599 ESCORT 坦克#3243 -> 护航矿车@[122, 101]
[18:15:37] {"kind": "action", "what": "attack_move", "name": null, "qty": null, "tid": null, "ts": "18:15:37"}
[18:15:39] t=6599 jev VEH HTNK HOLD (预算保护 cash=826 aav帽=ok aav=4)
[18:15:39] t=6602 TANK HTNK x1
[18:15:41] t=6602 jev VEH HARV HOLD (预算保护 cash=826 aav帽=ok aav=4)
[18:15:41] t=6605 TANK HTNK x1
[18:15:42] t=6605 jev VEH HARV HOLD (预算保护 cash=826 aav帽=ok aav=4)
[18:15:43] t=6607 TANK HTNK x1
[18:15:44] t=6607 jev VEH HARV HOLD (预算保护 cash=826 aav帽=ok aav=4)
[18:15:44] t=6607 MOVE hold_b x2 -> (126,75)
[18:15:44] {"kind": "action", "what": "attack_move", "name": null, "qty": null, "tid": null, "ts": "18:15:44"}
[18:15:45] t=6610 TANK HTNK x1
[18:15:46] t=6610 jev VEH HTNK HOLD (预算保护 cash=826 aav帽=ok aav=4)
[18:15:47] t=6612 TANK HTNK x1
[18:15:48] t=6612 jev VEH HTNK HOLD (预算保护 cash=826 aav帽=ok aav=4)
[18:15:49] t=6615 TANK HTNK x1
[18:15:49] t=6615 DEBT-GATE HTNK x1 (debt=0 eff=826 < 900)
[18:15:50] t=6615 jev VEH HTNK HOLD (预算保护 cash=826 aav帽=ok aav=4)
[18:15:50] t=6615 MOVE assault x64 -> (70,117)
[18:15:50] {"kind": "action", "what": "attack_move", "name": null, "qty": null, "tid": null, "ts": "18:15:50"}
[18:15:50] t=6615 tick#2525 credits=826 stance=attack | jev 2525 decisions p50=1684ms
[18:15:51] t=6618 TANK HTNK x1
[18:15:51] t=6618 DEBT-GATE HTNK x1 (debt=0 eff=826 < 900)
[18:15:52] t=6618 jev VEH HTNK HOLD (预算保护 cash=826 aav帽=ok aav=4)
[18:15:53] t=6620 TANK HTNK x1
[18:15:53] t=6620 DEBT-GATE HTNK x1 (debt=0 eff=826 < 900)
[18:15:54] t=6620 jev VEH HTNK HOLD (预算保护 cash=826 aav帽=ok aav=4)
[18:15:54] t=6620 MOVE raid x2 -> (81,118)
[18:15:54] {"kind": "action", "what": "attack_move", "name": null, "qty": null, "tid": null, "ts": "18:15:54"}
[18:15:55] t=6623 TANK HTNK x1
[18:15:55] t=6623 DEBT-GATE HTNK x1 (debt=0 eff=826 < 900)
[18:15:56] t=6623 jev VEH HTNK HOLD (预算保护 cash=826 aav帽=ok aav=4)
[18:15:56] t=6626 TANK HTNK x1
[18:15:56] t=6626 DEBT-GATE HTNK x1 (debt=0 eff=826 < 900)
[18:15:58] t=6626 jev VEH HTNK HOLD (预算保护 cash=826 aav帽=ok aav=4)
[18:15:58] t=6628 TANK HTNK x1
[18:15:58] t=6628 DEBT-GATE HTNK x1 (debt=0 eff=826 < 900)
[18:16:00] t=6628 jev VEH HTNK HOLD (预算保护 cash=826 aav帽=ok aav=4)
[18:16:00] t=6631 TANK HTNK x1
[18:16:00] t=6631 DEBT-GATE HTNK x1 (debt=0 eff=826 < 900)
[18:16:02] t=6631 jev VEH HTNK HOLD (预算保护 cash=826 aav帽=ok aav=4)
[18:16:02] t=6633 TANK HTNK x1
[18:16:02] t=6633 DEBT-GATE HTNK x1 (debt=0 eff=826 < 900)
[18:16:04] t=6633 jev VEH HTNK HOLD (预算保护 cash=826 aav帽=ok aav=4)
[18:16:04] t=6633 MOVE assault x64 -> (70,117)
[18:16:04] {"kind": "action", "what": "attack_move", "name": null, "qty": null, "tid": null, "ts": "18:16:04"}
[18:16:04] t=6636 TANK HTNK x1
[18:16:04] t=6636 DEBT-GATE HTNK x1 (debt=0 eff=826 < 900)
[18:16:06] t=6636 jev VEH HTNK HOLD (预算保护 cash=826 aav帽=ok aav=4)
[18:16:06] t=6636 MOVE hold_a x2 -> (133,86); aahunt x2 -> (125,84)
[18:16:06] {"kind": "action", "what": "attack_move", "name": null, "qty": null, "tid": null, "ts": "18:16:06"}
[18:16:06] {"kind": "action", "what": "attack_move", "name": null, "qty": null, "tid": null, "ts": "18:16:06"}
[18:16:06] t=6639 TANK HTNK x1
[18:16:06] t=6639 DEBT-GATE HTNK x1 (debt=0 eff=826 < 900)
[18:16:08] t=6639 jev VEH HTNK HOLD (预算保护 cash=826 aav帽=ok aav=4)
[18:16:08] t=6641 TANK HTNK x1
[18:16:08] t=6641 ESCORT 坦克#3087 -> 护航矿车@[126, 105]
[18:16:08] t=6641 DEBT-GATE HTNK x1 (debt=0 eff=826 < 900)
[18:16:08] {"kind": "action", "what": "attack_move", "name": null, "qty": null, "tid": null, "ts": "18:16:08"}
[18:16:10] t=6641 jev VEH HTNK HOLD (预算保护 cash=826 aav帽=ok aav=4)
[18:16:10] t=6644 TANK HTNK x1
[18:16:10] t=6644 DEBT-GATE HTNK x1 (debt=0 eff=826 < 900)
[18:16:12] t=6644 jev VEH HTNK HOLD (预算保护 cash=826 aav帽=ok aav=4)
[18:16:12] t=6647 TANK HTNK x1
[18:16:12] t=6647 DEBT-GATE HTNK x1 (debt=0 eff=826 < 900)
[18:16:14] t=6647 jev VEH HTNK HOLD (预算保护 cash=826 aav帽=ok aav=4)
[18:16:14] t=6649 TANK HTNK x1
[18:16:14] t=6649 DEBT-GATE HTNK x1 (debt=0 eff=826 < 900)
[18:16:16] t=6649 jev VEH HTNK HOLD (预算保护 cash=826 aav帽=ok aav=4)
[18:16:16] t=6649 MOVE raid x2 -> (81,118)
[18:16:16] {"kind": "action", "what": "attack_move", "name": null, "qty": null, "tid": null, "ts": "18:16:16"}
[18:16:16] t=6652 TANK HTNK x1
[18:16:16] t=6652 DEBT-GATE HTNK x1 (debt=0 eff=826 < 900)
[18:16:18] t=6652 jev VEH HTNK HOLD (预算保护 cash=826 aav帽=ok aav=4)
[18:16:18] t=6652 MOVE assault x64 -> (70,117)
[18:16:18] {"kind": "action", "what": "attack_move", "name": null, "qty": null, "tid": null, "ts": "18:16:18"}
[18:16:18] t=6655 TANK HTNK x1
[18:16:18] t=6655 DEBT-GATE HTNK x1 (debt=0 eff=826 < 900)
[18:16:20] t=6655 jev VEH HTNK HOLD (预算保护 cash=826 aav帽=ok aav=4)
[18:16:20] t=6657 TANK HTNK x1
[18:16:20] t=6657 DEBT-GATE HTNK x1 (debt=0 eff=826 < 900)
[18:16:22] t=6657 jev VEH HTNK HOLD (预算保护 cash=826 aav帽=ok aav=4)
[18:16:22] t=6660 TANK HTNK x1
[18:16:22] t=6660 DEBT-GATE HTNK x1 (debt=0 eff=826 < 900)
[18:16:24] t=6660 jev VEH HTNK HOLD (预算保护 cash=826 aav帽=ok aav=4)
[18:16:24] t=6662 TANK HTNK x1
[18:16:24] t=6662 DEBT-GATE HTNK x1 (debt=0 eff=826 < 900)
[18:16:26] t=6662 jev VEH HTNK HOLD (预算保护 cash=826 aav帽=ok aav=4)
[18:16:26] t=6665 TANK HTNK x1
[18:16:26] t=6665 DEBT-GATE HTNK x1 (debt=0 eff=826 < 900)
[18:16:28] t=6665 jev VEH HTNK HOLD (预算保护 cash=826 aav帽=ok aav=4)
[18:16:28] t=6668 TANK HTNK x1
[18:16:28] t=6668 DEBT-GATE HTNK x1 (debt=0 eff=826 < 900)
[18:16:30] t=6668 jev VEH HTNK HOLD (预算保护 cash=826 aav帽=ok aav=4)
[18:16:30] t=6670 TANK HTNK x1
[18:16:30] t=6670 RETREAT HTNK(31%)
[18:16:30] t=6670 DEBT-GATE HTNK x1 (debt=0 eff=826 < 900)
[18:16:30] {"kind": "action", "what": "move", "name": null, "qty": null, "tid": null, "ts": "18:16:30"}
[18:16:32] t=6670 jev VEH HTNK HOLD (预算保护 cash=826 aav帽=ok aav=4)
[18:16:32] t=6670 MOVE assault x64 -> (70,117)
[18:16:32] {"kind": "action", "what": "attack_move", "name": null, "qty": null, "tid": null, "ts": "18:16:32"}
[18:16:32] t=6673 TANK HTNK x1
[18:16:32] t=6673 DEBT-GATE HTNK x1 (debt=0 eff=826 < 900)
[18:16:34] t=6673 jev VEH HTNK HOLD (预算保护 cash=826 aav帽=ok aav=4)
[18:16:34] t=6676 TANK HTNK x1
[18:16:34] t=6676 DEBT-GATE HTNK x1 (debt=0 eff=826 < 900)
[18:16:36] t=6676 jev VEH HTNK HOLD (预算保护 cash=826 aav帽=ok aav=4)
[18:16:36] t=6678 TANK HTNK x1
[18:16:36] {"kind": "action", "what": "produce", "name": "HTNK", "qty": 1, "tid": null, "ts": "18:16:36"}
[18:16:38] t=6678 MOVE raid x2 -> (81,118); aahunt x2 -> (125,84)
[18:16:38] {"kind": "action", "what": "attack_move", "name": null, "qty": null, "tid": null, "ts": "18:16:38"}
[18:16:38] {"kind": "action", "what": "attack_move", "name": null, "qty": null, "tid": null, "ts": "18:16:38"}
[18:16:40] t=6681 tick#2550 credits=793 stance=attack | jev 2550 decisions p50=1683ms
[18:16:40] t=6684 ESCORT 坦克#2869 -> 护航矿车@[115, 133]
[18:16:40] {"kind": "action", "what": "attack_move", "name": null, "qty": null, "tid": null, "ts": "18:16:40"}
[18:16:44] t=6686 jev VEH HTNK HOLD (预算保护 cash=226 aav帽=ok aav=4)
[18:16:46] t=6689 jev VEH HTNK HOLD (预算保护 cash=226 aav帽=ok aav=4)
[18:16:46] t=6689 MOVE assault x65 -> (70,117); hold_b x2 -> (126,75)
[18:16:46] {"kind": "action", "what": "attack_move", "name": null, "qty": null, "tid": null, "ts": "18:16:46"}
[18:16:46] {"kind": "action", "what": "attack_move", "name": null, "qty": null, "tid": null, "ts": "18:16:46"}
[18:16:48] t=6692 jev VEH HTNK HOLD (预算保护 cash=226 aav帽=ok aav=4)
[18:16:50] t=6694 jev VEH HTNK HOLD (预算保护 cash=226 aav帽=ok aav=4)
[18:16:52] t=6697 jev VEH HTNK HOLD (预算保护 cash=226 aav帽=ok aav=4)
[18:16:54] t=6700 jev VEH HTNK HOLD (预算保护 cash=226 aav帽=ok aav=4)
[18:16:56] t=6702 jev VEH HTNK HOLD (预算保护 cash=226 aav帽=ok aav=4)
[18:16:58] t=6705 jev VEH HTNK HOLD (预算保护 cash=226 aav帽=ok aav=4)
[18:17:00] t=6707 jev VEH HTNK HOLD (预算保护 cash=226 aav帽=ok aav=4)
[18:17:00] t=6707 MOVE raid x2 -> (81,118); assault x65 -> (70,117)
[18:17:00] {"kind": "action", "what": "attack_move", "name": null, "qty": null, "tid": null, "ts": "18:17:00"}
[18:17:00] {"kind": "action", "what": "attack_move", "name": null, "qty": null, "tid": null, "ts": "18:17:00"}
[18:17:02] t=6710 jev VEH HTNK HOLD (预算保护 cash=601 aav帽=ok aav=4)
[18:17:04] t=6713 jev VEH HTNK HOLD (预算保护 cash=601 aav帽=ok aav=4)
[18:17:06] t=6715 jev VEH HTNK HOLD (预算保护 cash=601 aav帽=ok aav=4)
[18:17:08] t=6718 jev VEH HTNK HOLD (预算保护 cash=601 aav帽=ok aav=4)
[18:17:08] t=6718 MOVE hold_a x2 -> (133,86)
[18:17:08] {"kind": "action", "what": "attack_move", "name": null, "qty": null, "tid": null, "ts": "18:17:08"}
[18:17:10] t=6721 jev VEH HTNK HOLD (预算保护 cash=601 aav帽=ok aav=4)
[18:17:10] t=6721 MOVE aahunt x2 -> (125,84)
[18:17:10] {"kind": "action", "what": "attack_move", "name": null, "qty": null, "tid": null, "ts": "18:17:10"}
[18:17:12] t=6723 jev VEH HTNK HOLD (预算保护 cash=601 aav帽=ok aav=4)
[18:17:12] t=6726 ESCORT 坦克#2869 -> 护航矿车@[117, 134]
[18:17:12] {"kind": "action", "what": "attack_move", "name": null, "qty": null, "tid": null, "ts": "18:17:12"}
[18:17:14] t=6726 jev VEH HTNK HOLD (预算保护 cash=601 aav帽=ok aav=4)
[18:17:14] t=6726 MOVE assault x65 -> (70,117)
[18:17:14] {"kind": "action", "what": "attack_move", "name": null, "qty": null, "tid": null, "ts": "18:17:14"}
[18:17:16] t=6729 jev VEH HTNK HOLD (预算保护 cash=601 aav帽=ok aav=4)
[18:17:17] t=6731 jev VEH HTNK HOLD (预算保护 cash=601 aav帽=ok aav=4)
[18:17:19] t=6734 jev VEH HTNK HOLD (预算保护 cash=601 aav帽=ok aav=4)
[18:17:21] t=6736 jev VEH HTNK HOLD (预算保护 cash=601 aav帽=ok aav=4)
[18:17:21] t=6736 MOVE raid x2 -> (81,118)
[18:17:21] {"kind": "action", "what": "attack_move", "name": null, "qty": null, "tid": null, "ts": "18:17:21"}
[18:17:23] t=6739 jev VEH HTNK HOLD (预算保护 cash=601 aav帽=ok aav=4)
[18:17:25] t=6742 jev VEH HTNK HOLD (预算保护 cash=601 aav帽=ok aav=4)
[18:17:27] t=6744 jev VEH HTNK HOLD (预算保护 cash=601 aav帽=ok aav=4)
[18:17:27] t=6744 MOVE assault x65 -> (70,117)
[18:17:27] {"kind": "action", "what": "attack_move", "name": null, "qty": null, "tid": null, "ts": "18:17:27"}
[18:17:29] t=6747 jev VEH HTNK HOLD (预算保护 cash=601 aav帽=ok aav=4)
[18:17:29] t=6747 tick#2575 credits=601 stance=attack | jev 2575 decisions p50=1683ms
[18:17:31] t=6750 jev VEH HTNK HOLD (预算保护 cash=601 aav帽=ok aav=4)
[18:17:33] t=6752 jev VEH HTNK HOLD (预算保护 cash=601 aav帽=ok aav=4)
[18:17:35] t=6755 jev VEH HTNK HOLD (预算保护 cash=601 aav帽=ok aav=4)
[18:17:37] t=6757 jev VEH HTNK HOLD (预算保护 cash=601 aav帽=ok aav=4)
[18:17:39] t=6760 jev VEH HARV HOLD (预算保护 cash=601 aav帽=ok aav=4)
[18:17:41] t=6763 jev VEH HTNK HOLD (预算保护 cash=601 aav帽=ok aav=4)
[18:17:41] t=6763 MOVE assault x65 -> (70,117); aahunt x2 -> (125,84)
[18:17:41] {"kind": "action", "what": "attack_move", "name": null, "qty": null, "tid": null, "ts": "18:17:41"}
[18:17:41] {"kind": "action", "what": "attack_move", "name": null, "qty": null, "tid": null, "ts": "18:17:41"}
[18:17:41] t=6765 TANK HTNK x1
[18:17:41] {"kind": "action", "what": "produce", "name": "HTNK", "qty": 1, "tid": null, "ts": "18:17:41"}
[18:17:43] t=6765 MOVE raid x2 -> (81,118)
[18:17:43] {"kind": "action", "what": "attack_move", "name": null, "qty": null, "tid": null, "ts": "18:17:43"}
[18:17:43] t=6768 ESCORT 坦克#3087 -> 护航矿车@[127, 105]
[18:17:43] {"kind": "action", "what": "attack_move", "name": null, "qty": null, "tid": null, "ts": "18:17:43"}
[18:17:47] t=6771 MOVE hold_b x2 -> (126,75)
[18:17:47] {"kind": "action", "what": "attack_move", "name": null, "qty": null, "tid": null, "ts": "18:17:47"}
[18:17:49] t=6773 jev VEH HARV HOLD (预算保护 cash=1 aav帽=ok aav=4)
[18:17:51] t=6776 jev VEH HTNK HOLD (预算保护 cash=1 aav帽=ok aav=4)
[18:17:53] t=6779 jev VEH HARV HOLD (预算保护 cash=1 aav帽=ok aav=4)
[18:17:55] t=6781 jev VEH HARV HOLD (预算保护 cash=676 aav帽=ok aav=4)
[18:17:55] t=6781 MOVE assault x66 -> (70,117)
[18:17:55] {"kind": "action", "what": "attack_move", "name": null, "qty": null, "tid": null, "ts": "18:17:55"}
[18:17:57] t=6784 jev VEH HARV HOLD (预算保护 cash=676 aav帽=ok aav=4)
[18:17:59] t=6787 jev VEH HTNK HOLD (预算保护 cash=676 aav帽=ok aav=4)
[18:18:01] t=6789 jev VEH HARV HOLD (预算保护 cash=676 aav帽=ok aav=4)
[18:18:03] t=6792 jev VEH HARV HOLD (预算保护 cash=676 aav帽=ok aav=4)
[18:18:05] t=6794 jev VEH HTNK HOLD (预算保护 cash=676 aav帽=ok aav=4)
[18:18:05] t=6794 MOVE raid x2 -> (81,118)
[18:18:05] {"kind": "action", "what": "attack_move", "name": null, "qty": null, "tid": null, "ts": "18:18:05"}
[18:18:07] t=6797 jev VEH HTNK HOLD (预算保护 cash=676 aav帽=ok aav=4)
[18:18:09] t=6800 jev VEH HARV HOLD (预算保护 cash=676 aav帽=ok aav=4)
[18:18:09] t=6800 MOVE assault x66 -> (70,117); hold_a x2 -> (133,86)
[18:18:09] {"kind": "action", "what": "attack_move", "name": null, "qty": null, "tid": null, "ts": "18:18:09"}
[18:18:09] {"kind": "action", "what": "attack_move", "name": null, "qty": null, "tid": null, "ts": "18:18:09"}
[18:18:11] t=6802 jev VEH HTNK HOLD (预算保护 cash=676 aav帽=ok aav=4)
[18:18:13] t=6805 jev VEH HTNK HOLD (预算保护 cash=676 aav帽=ok aav=4)
[18:18:13] t=6805 MOVE aahunt x2 -> (125,84)
[18:18:13] {"kind": "action", "what": "attack_move", "name": null, "qty": null, "tid": null, "ts": "18:18:13"}
[18:18:13] t=6808 RETREAT HTNK(30%)
[18:18:13] {"kind": "action", "what": "move", "name": null, "qty": null, "tid": null, "ts": "18:18:13"}
[18:18:15] t=6808 jev VEH HARV HOLD (预算保护 cash=676 aav帽=ok aav=4)
[18:18:15] t=6810 ESCORT 坦克#3028 -> 护航矿车@[120, 113]
[18:18:15] {"kind": "action", "what": "attack_move", "name": null, "qty": null, "tid": null, "ts": "18:18:15"}
[18:18:17] t=6810 jev VEH HARV HOLD (预算保护 cash=676 aav帽=ok aav=4)
[18:18:19] t=6813 jev VEH HARV HOLD (预算保护 cash=676 aav帽=ok aav=4)
[18:18:19] t=6813 tick#2600 credits=676 stance=attack | jev 2600 decisions p50=1683ms
[18:18:21] t=6815 jev VEH HTNK HOLD (预算保护 cash=676 aav帽=ok aav=4)
[18:18:23] t=6818 jev VEH HTNK HOLD (预算保护 cash=676 aav帽=ok aav=4)
[18:18:23] t=6818 MOVE assault x66 -> (70,117)
[18:18:23] {"kind": "action", "what": "attack_move", "name": null, "qty": null, "tid": null, "ts": "18:18:23"}
[18:18:25] t=6821 jev VEH HTNK HOLD (预算保护 cash=676 aav帽=ok aav=4)
[18:18:27] t=6823 jev VEH HTNK HOLD (预算保护 cash=676 aav帽=ok aav=4)
[18:18:27] t=6823 MOVE raid x2 -> (81,118)
[18:18:27] {"kind": "action", "what": "attack_move", "name": null, "qty": null, "tid": null, "ts": "18:18:27"}
[18:18:29] t=6826 jev VEH HTNK HOLD (预算保护 cash=676 aav帽=ok aav=4)
[18:18:30] t=6829 jev VEH HTNK HOLD (预算保护 cash=676 aav帽=ok aav=4)
[18:18:32] t=6831 jev VEH HTNK HOLD (预算保护 cash=676 aav帽=ok aav=4)
[18:18:33] t=6834 TANK HTNK x1
[18:18:33] {"kind": "action", "what": "produce", "name": "HTNK", "qty": 1, "tid": null, "ts": "18:18:33"}
[18:18:36] t=6837 MOVE assault x66 -> (70,117)
[18:18:36] {"kind": "action", "what": "attack_move", "name": null, "qty": null, "tid": null, "ts": "18:18:36"}
[18:18:40] t=6842 jev VEH HTNK HOLD (预算保护 cash=376 aav帽=ok aav=4)
[18:18:42] t=6844 jev VEH HTNK HOLD (预算保护 cash=376 aav帽=ok aav=4)
[18:18:44] t=6847 jev VEH HTNK HOLD (预算保护 cash=376 aav帽=ok aav=4)
[18:18:44] t=6847 MOVE aahunt x2 -> (125,84)
[18:18:44] {"kind": "action", "what": "attack_move", "name": null, "qty": null, "tid": null, "ts": "18:18:44"}
[18:18:46] t=6850 jev VEH HTNK HOLD (预算保护 cash=376 aav帽=ok aav=4)
[18:18:47] t=6852 ESCORT 坦克#2869 -> 护航矿车@[116, 135]
[18:18:47] {"kind": "action", "what": "attack_move", "name": null, "qty": null, "tid": null, "ts": "18:18:47"}
[18:18:48] t=6852 jev VEH HTNK HOLD (预算保护 cash=376 aav帽=ok aav=4)
[18:18:48] t=6852 MOVE raid x2 -> (81,118); hold_b x2 -> (126,75)
[18:18:48] {"kind": "action", "what": "attack_move", "name": null, "qty": null, "tid": null, "ts": "18:18:48"}
[18:18:48] {"kind": "action", "what": "attack_move", "name": null, "qty": null, "tid": null, "ts": "18:18:48"}
[18:18:50] t=6855 jev VEH HTNK HOLD (预算保护 cash=376 aav帽=ok aav=4)
[18:18:50] t=6855 MOVE assault x67 -> (70,117)
[18:18:50] {"kind": "action", "what": "attack_move", "name": null, "qty": null, "tid": null, "ts": "18:18:50"}
[18:18:52] t=6858 jev VEH HTNK HOLD (预算保护 cash=376 aav帽=ok aav=4)
[18:18:54] t=6860 jev VEH HTNK HOLD (预算保护 cash=376 aav帽=ok aav=4)
[18:18:56] t=6863 jev VEH HTNK HOLD (预算保护 cash=376 aav帽=ok aav=4)
[18:18:58] t=6866 jev VEH HTNK HOLD (预算保护 cash=376 aav帽=ok aav=4)
[18:19:00] t=6868 jev VEH HTNK HOLD (预算保护 cash=376 aav帽=ok aav=4)
[18:19:02] t=6871 jev VEH HTNK HOLD (预算保护 cash=376 aav帽=ok aav=4)
[18:19:04] t=6873 jev VEH HTNK HOLD (预算保护 cash=376 aav帽=ok aav=4)
[18:19:04] t=6873 MOVE assault x67 -> (70,117)
[18:19:04] {"kind": "action", "what": "attack_move", "name": null, "qty": null, "tid": null, "ts": "18:19:04"}
[18:19:06] t=6876 jev VEH HTNK HOLD (预算保护 cash=376 aav帽=ok aav=4)
[18:19:08] t=6879 jev VEH HTNK HOLD (预算保护 cash=376 aav帽=ok aav=4)
[18:19:08] t=6879 tick#2625 credits=376 stance=attack | jev 2625 decisions p50=1682ms
[18:19:10] t=6881 jev VEH HTNK HOLD (预算保护 cash=376 aav帽=ok aav=4)
[18:19:10] t=6881 MOVE raid x2 -> (81,118); hold_a x2 -> (133,86)
[18:19:10] {"kind": "action", "what": "attack_move", "name": null, "qty": null, "tid": null, "ts": "18:19:10"}
[18:19:10] {"kind": "action", "what": "attack_move", "name": null, "qty": null, "tid": null, "ts": "18:19:10"}
[18:19:12] t=6884 jev VEH HTNK HOLD (预算保护 cash=376 aav帽=ok aav=4)
[18:19:14] t=6887 jev VEH HTNK HOLD (预算保护 cash=376 aav帽=ok aav=4)
[18:19:16] t=6889 jev VEH HTNK HOLD (预算保护 cash=376 aav帽=ok aav=4)
[18:19:16] t=6889 MOVE aahunt x2 -> (125,84)
[18:19:16] {"kind": "action", "what": "attack_move", "name": null, "qty": null, "tid": null, "ts": "18:19:16"}
[18:19:18] t=6892 jev VEH HTNK HOLD (预算保护 cash=376 aav帽=ok aav=4)
[18:19:18] t=6892 MOVE assault x67 -> (70,117)
[18:19:18] {"kind": "action", "what": "attack_move", "name": null, "qty": null, "tid": null, "ts": "18:19:18"}
[18:19:18] t=6895 ESCORT 坦克#3529 -> 护航矿车@[126, 105]
[18:19:18] {"kind": "action", "what": "attack_move", "name": null, "qty": null, "tid": null, "ts": "18:19:18"}
[18:19:20] t=6895 jev VEH HTNK HOLD (预算保护 cash=376 aav帽=ok aav=4)
[18:19:22] t=6897 jev VEH HTNK HOLD (预算保护 cash=376 aav帽=ok aav=4)
[18:19:24] t=6900 jev VEH HTNK HOLD (预算保护 cash=376 aav帽=ok aav=4)
[18:19:26] t=6903 jev VEH HTNK HOLD (预算保护 cash=376 aav帽=ok aav=4)
[18:19:28] t=6905 jev VEH HTNK HOLD (预算保护 cash=376 aav帽=ok aav=4)
[18:19:30] t=6908 jev VEH HTNK HOLD (预算保护 cash=376 aav帽=ok aav=4)
[18:19:32] t=6910 jev VEH HTNK HOLD (预算保护 cash=376 aav帽=ok aav=4)
[18:19:32] t=6910 MOVE raid x2 -> (81,118); assault x67 -> (70,117)
[18:19:32] {"kind": "action", "what": "attack_move", "name": null, "qty": null, "tid": null, "ts": "18:19:32"}
[18:19:32] {"kind": "action", "what": "attack_move", "name": null, "qty": null, "tid": null, "ts": "18:19:32"}
[18:19:34] t=6913 jev VEH HTNK HOLD (预算保护 cash=376 aav帽=ok aav=4)
[18:19:36] t=6916 jev VEH HTNK HOLD (预算保护 cash=376 aav帽=ok aav=4)
[18:19:38] t=6918 jev VEH HTNK HOLD (预算保护 cash=376 aav帽=ok aav=4)
[18:19:40] t=6921 jev VEH HTNK HOLD (预算保护 cash=376 aav帽=ok aav=4)
[18:19:42] t=6924 jev VEH HTNK HOLD (预算保护 cash=376 aav帽=ok aav=4)
[18:19:44] t=6926 jev VEH HTNK HOLD (预算保护 cash=676 aav帽=ok aav=4)
[18:19:46] t=6929 jev VEH HTNK HOLD (预算保护 cash=676 aav帽=ok aav=4)
[18:19:46] t=6929 MOVE assault x67 -> (70,117)
[18:19:46] {"kind": "action", "what": "attack_move", "name": null, "qty": null, "tid": null, "ts": "18:19:46"}
[18:19:48] t=6932 jev VEH HTNK HOLD (预算保护 cash=676 aav帽=ok aav=4)
[18:19:48] t=6932 MOVE aahunt x2 -> (125,84)
[18:19:48] {"kind": "action", "what": "attack_move", "name": null, "qty": null, "tid": null, "ts": "18:19:48"}
[18:19:50] t=6934 jev VEH HTNK HOLD (预算保护 cash=676 aav帽=ok aav=4)
[18:19:50] t=6934 MOVE hold_b x2 -> (126,75)
[18:19:50] {"kind": "action", "what": "attack_move", "name": null, "qty": null, "tid": null, "ts": "18:19:50"}
[18:19:50] t=6937 ESCORT 坦克#3028 -> 护航矿车@[120, 122]
[18:19:50] {"kind": "action", "what": "attack_move", "name": null, "qty": null, "tid": null, "ts": "18:19:50"}
[18:19:52] t=6937 jev VEH HTNK HOLD (预算保护 cash=676 aav帽=ok aav=4)
[18:19:54] t=6940 jev VEH HTNK HOLD (预算保护 cash=676 aav帽=ok aav=4)
[18:19:54] t=6940 MOVE raid x2 -> (81,118)
[18:19:54] {"kind": "action", "what": "attack_move", "name": null, "qty": null, "tid": null, "ts": "18:19:54"}
[18:19:56] t=6942 jev VEH HTNK HOLD (预算保护 cash=676 aav帽=ok aav=4)
[18:19:58] t=6945 jev VEH HTNK HOLD (预算保护 cash=676 aav帽=ok aav=4)
[18:19:58] t=6945 tick#2650 credits=676 stance=attack | jev 2650 decisions p50=1682ms
[18:20:00] t=6947 jev VEH HTNK HOLD (预算保护 cash=676 aav帽=ok aav=4)
[18:20:00] t=6947 MOVE assault x67 -> (70,117)
[18:20:00] {"kind": "action", "what": "attack_move", "name": null, "qty": null, "tid": null, "ts": "18:20:00"}
[18:20:02] t=6950 jev VEH HTNK HOLD (预算保护 cash=676 aav帽=ok aav=4)
[18:20:04] t=6953 jev VEH HTNK HOLD (预算保护 cash=676 aav帽=ok aav=4)
[18:20:05] t=6955 jev VEH HTNK HOLD (预算保护 cash=676 aav帽=ok aav=4)
[18:20:07] t=6958 jev VEH HTNK HOLD (预算保护 cash=676 aav帽=ok aav=4)
[18:20:08] t=6960 TANK HTNK x1
[18:20:08] {"kind": "action", "what": "produce", "name": "HTNK", "qty": 1, "tid": null, "ts": "18:20:08"}
[18:20:11] t=6963 MOVE hold_a x2 -> (133,86)
[18:20:11] {"kind": "action", "what": "attack_move", "name": null, "qty": null, "tid": null, "ts": "18:20:11"}
[18:20:13] t=6966 MOVE assault x67 -> (70,117)
[18:20:13] {"kind": "action", "what": "attack_move", "name": null, "qty": null, "tid": null, "ts": "18:20:13"}
[18:20:15] t=6968 jev VEH HTNK HOLD (预算保护 cash=226 aav帽=ok aav=4)
[18:20:15] t=6968 MOVE raid x2 -> (81,118)
[18:20:15] {"kind": "action", "what": "attack_move", "name": null, "qty": null, "tid": null, "ts": "18:20:15"}
[18:20:16] t=6971 RETREAT HTNK(31%)
[18:20:16] {"kind": "action", "what": "move", "name": null, "qty": null, "tid": null, "ts": "18:20:16"}
[18:20:17] t=6971 jev VEH HTNK HOLD (预算保护 cash=226 aav帽=ok aav=4)
[18:20:19] t=6974 jev VEH HTNK HOLD (预算保护 cash=226 aav帽=ok aav=4)
[18:20:19] t=6974 MOVE aahunt x2 -> (125,84)
[18:20:19] {"kind": "action", "what": "attack_move", "name": null, "qty": null, "tid": null, "ts": "18:20:19"}
[18:20:21] t=6976 jev VEH HTNK HOLD (预算保护 cash=226 aav帽=ok aav=4)
[18:20:23] t=6979 jev VEH HTNK HOLD (预算保护 cash=226 aav帽=ok aav=4)
[18:20:25] t=6982 jev VEH HTNK HOLD (预算保护 cash=226 aav帽=ok aav=4)
[18:20:27] t=6984 jev VEH HTNK HOLD (预算保护 cash=226 aav帽=ok aav=4)
[18:20:27] t=6984 MOVE assault x68 -> (70,117)
[18:20:27] {"kind": "action", "what": "attack_move", "name": null, "qty": null, "tid": null, "ts": "18:20:27"}
[18:20:28] t=6987 ESCORT 坦克#3529 -> 护航矿车@[126, 103]
[18:20:28] {"kind": "action", "what": "attack_move", "name": null, "qty": null, "tid": null, "ts": "18:20:28"}
[18:20:29] t=6987 jev VEH HTNK HOLD (预算保护 cash=226 aav帽=ok aav=4)
[18:20:30] t=6990 TANK HTNK x1
[18:20:31] t=6990 jev VEH HTNK HOLD (预算保护 cash=901 aav帽=ok aav=4)
[18:20:31] t=6992 TANK HTNK x1
[18:20:33] t=6992 jev VEH HTNK HOLD (预算保护 cash=901 aav帽=ok aav=4)
[18:20:33] t=6995 TANK HTNK x1
[18:20:33] {"kind": "action", "what": "produce", "name": "HTNK", "qty": 1, "tid": null, "ts": "18:20:33"}
[18:20:37] t=6997 MOVE raid x2 -> (81,118)
[18:20:37] {"kind": "action", "what": "attack_move", "name": null, "qty": null, "tid": null, "ts": "18:20:37"}
[18:20:41] t=7003 jev VEH HTNK HOLD (预算保护 cash=1 aav帽=ok aav=4)
[18:20:41] t=7003 MOVE assault x69 -> (70,117)
[18:20:41] {"kind": "action", "what": "attack_move", "name": null, "qty": null, "tid": null, "ts": "18:20:41"}
[18:20:43] t=7005 jev VEH HTNK HOLD (预算保护 cash=1 aav帽=ok aav=4)
[18:20:45] t=7008 jev VEH HTNK HOLD (预算保护 cash=1 aav帽=ok aav=4)
[18:20:47] t=7011 jev VEH HTNK HOLD (预算保护 cash=1 aav帽=ok aav=4)
[18:20:47] t=7011 tick#2675 credits=1 stance=attack | jev 2675 decisions p50=1682ms
[18:20:49] t=7013 jev VEH HTNK HOLD (预算保护 cash=301 aav帽=ok aav=4)
[18:20:51] t=7016 jev VEH HTNK HOLD (预算保护 cash=301 aav帽=ok aav=4)
[18:20:51] t=7016 MOVE hold_b x2 -> (126,75); aahunt x2 -> (125,84)
[18:20:51] {"kind": "action", "what": "attack_move", "name": null, "qty": null, "tid": null, "ts": "18:20:51"}
[18:20:51] {"kind": "action", "what": "attack_move", "name": null, "qty": null, "tid": null, "ts": "18:20:51"}
[18:20:53] t=7019 jev VEH HTNK HOLD (预算保护 cash=301 aav帽=ok aav=4)
[18:20:55] t=7021 jev VEH HTNK HOLD (预算保护 cash=301 aav帽=ok aav=4)
[18:20:55] t=7021 MOVE assault x69 -> (70,117)
[18:20:55] {"kind": "action", "what": "attack_move", "name": null, "qty": null, "tid": null, "ts": "18:20:55"}
[18:20:57] t=7024 jev VEH HTNK HOLD (预算保护 cash=301 aav帽=ok aav=4)
[18:20:59] t=7026 jev VEH HTNK HOLD (预算保护 cash=301 aav帽=ok aav=4)
[18:20:59] t=7026 MOVE raid x2 -> (81,118)
[18:20:59] {"kind": "action", "what": "attack_move", "name": null, "qty": null, "tid": null, "ts": "18:20:59"}
[18:20:59] t=7029 ESCORT 坦克#3087 -> 护航矿车@[126, 105]
[18:20:59] {"kind": "action", "what": "attack_move", "name": null, "qty": null, "tid": null, "ts": "18:20:59"}
[18:21:01] t=7029 jev VEH HTNK HOLD (预算保护 cash=301 aav帽=ok aav=4)
[18:21:03] t=7032 jev VEH HTNK HOLD (预算保护 cash=301 aav帽=ok aav=4)
[18:21:05] t=7034 jev VEH HTNK HOLD (预算保护 cash=301 aav帽=ok aav=4)
[18:21:07] t=7037 jev VEH HTNK HOLD (预算保护 cash=301 aav帽=ok aav=4)
[18:21:09] t=7040 jev VEH HTNK HOLD (预算保护 cash=301 aav帽=ok aav=4)
[18:21:09] t=7040 MOVE assault x69 -> (70,117)
[18:21:09] {"kind": "action", "what": "attack_move", "name": null, "qty": null, "tid": null, "ts": "18:21:09"}
[18:21:11] t=7042 jev VEH HTNK HOLD (预算保护 cash=301 aav帽=ok aav=4)
[18:21:13] t=7045 jev VEH HTNK HOLD (预算保护 cash=301 aav帽=ok aav=4)
[18:21:13] t=7045 MOVE hold_a x2 -> (133,86)
[18:21:13] {"kind": "action", "what": "attack_move", "name": null, "qty": null, "tid": null, "ts": "18:21:13"}
[18:21:15] t=7048 jev VEH HTNK HOLD (预算保护 cash=301 aav帽=ok aav=4)
[18:21:17] t=7050 jev VEH HTNK HOLD (预算保护 cash=301 aav帽=ok aav=4)
[18:21:19] t=7053 jev VEH HTNK HOLD (预算保护 cash=301 aav帽=ok aav=4)
[18:21:21] t=7055 jev VEH HTNK HOLD (预算保护 cash=301 aav帽=ok aav=4)
[18:21:21] t=7055 MOVE raid x2 -> (81,118)
[18:21:21] {"kind": "action", "what": "attack_move", "name": null, "qty": null, "tid": null, "ts": "18:21:21"}
[18:21:23] t=7058 jev VEH HTNK HOLD (预算保护 cash=301 aav帽=ok aav=4)
[18:21:23] t=7058 MOVE assault x69 -> (70,117); aahunt x2 -> (125,84)
[18:21:23] {"kind": "action", "what": "attack_move", "name": null, "qty": null, "tid": null, "ts": "18:21:23"}
[18:21:23] {"kind": "action", "what": "attack_move", "name": null, "qty": null, "tid": null, "ts": "18:21:23"}
[18:21:25] t=7061 jev VEH HTNK HOLD (预算保护 cash=301 aav帽=ok aav=4)
[18:21:27] t=7063 jev VEH HTNK HOLD (预算保护 cash=301 aav帽=ok aav=4)
[18:21:29] t=7066 jev VEH HTNK HOLD (预算保护 cash=676 aav帽=ok aav=4)
[18:21:31] t=7069 jev VEH HTNK HOLD (预算保护 cash=676 aav帽=ok aav=4)
[18:21:31] t=7071 ESCORT 坦克#2869 -> 护航矿车@[115, 135]
[18:21:31] {"kind": "action", "what": "attack_move", "name": null, "qty": null, "tid": null, "ts": "18:21:31"}
[18:21:33] t=7071 jev VEH HTNK HOLD (预算保护 cash=676 aav帽=ok aav=4)
[18:21:35] t=7074 jev VEH HTNK HOLD (预算保护 cash=676 aav帽=ok aav=4)
[18:21:36] t=7077 jev VEH HTNK HOLD (预算保护 cash=676 aav帽=ok aav=4)
[18:21:36] t=7077 MOVE assault x69 -> (70,117)
[18:21:37] {"kind": "action", "what": "attack_move", "name": null, "qty": null, "tid": null, "ts": "18:21:37"}
[18:21:37] t=7077 tick#2700 credits=676 stance=attack | jev 2700 decisions p50=1682ms
[18:21:38] t=7079 jev VEH HTNK HOLD (预算保护 cash=676 aav帽=ok aav=4)
[18:21:40] t=7082 jev VEH HTNK HOLD (预算保护 cash=676 aav帽=ok aav=4)
[18:21:42] t=7085 jev VEH HTNK HOLD (预算保护 cash=676 aav帽=ok aav=4)
[18:21:42] t=7085 MOVE raid x2 -> (81,118)
[18:21:42] {"kind": "action", "what": "attack_move", "name": null, "qty": null, "tid": null, "ts": "18:21:42"}
[18:21:43] t=7087 TANK HTNK x1
[18:21:43] {"kind": "action", "what": "produce", "name": "HTNK", "qty": 1, "tid": null, "ts": "18:21:43"}
[18:21:50] t=7095 jev VEH HTNK HOLD (预算保护 cash=1 aav帽=ok aav=4)
[18:21:50] t=7095 MOVE assault x70 -> (70,117)
[18:21:50] {"kind": "action", "what": "attack_move", "name": null, "qty": null, "tid": null, "ts": "18:21:50"}
[18:21:52] t=7098 jev VEH HTNK HOLD (预算保护 cash=1 aav帽=ok aav=4)
[18:21:52] t=7098 MOVE hold_b x2 -> (126,75)
[18:21:52] {"kind": "action", "what": "attack_move", "name": null, "qty": null, "tid": null, "ts": "18:21:52"}
[18:21:54] t=7100 jev VEH HTNK HOLD (预算保护 cash=1 aav帽=ok aav=4)
[18:21:54] t=7100 MOVE aahunt x2 -> (125,84)
[18:21:54] {"kind": "action", "what": "attack_move", "name": null, "qty": null, "tid": null, "ts": "18:21:54"}
[18:21:56] t=7103 jev VEH HTNK HOLD (预算保护 cash=1 aav帽=ok aav=4)
[18:21:58] t=7106 jev VEH HTNK HOLD (预算保护 cash=1 aav帽=ok aav=4)
[18:22:00] t=7108 jev VEH HTNK HOLD (预算保护 cash=1 aav帽=ok aav=4)
[18:22:01] t=7111 RETREAT HTNK(30%)
[18:22:01] {"kind": "action", "what": "move", "name": null, "qty": null, "tid": null, "ts": "18:22:01"}
[18:22:02] t=7111 jev VEH HTNK HOLD (预算保护 cash=1 aav帽=ok aav=4)
[18:22:03] t=7114 ESCORT 坦克#3087 -> 护航矿车@[128, 105]
[18:22:03] {"kind": "action", "what": "attack_move", "name": null, "qty": null, "tid": null, "ts": "18:22:03"}
[18:22:04] t=7114 jev VEH HTNK HOLD (预算保护 cash=1 aav帽=ok aav=4)
[18:22:04] t=7114 MOVE raid x2 -> (81,118); assault x70 -> (70,117)
[18:22:04] {"kind": "action", "what": "attack_move", "name": null, "qty": null, "tid": null, "ts": "18:22:04"}
[18:22:04] {"kind": "action", "what": "attack_move", "name": null, "qty": null, "tid": null, "ts": "18:22:04"}
[18:22:06] t=7116 jev VEH HTNK HOLD (预算保护 cash=1 aav帽=ok aav=4)
[18:22:08] t=7119 jev VEH HTNK HOLD (预算保护 cash=1 aav帽=ok aav=4)
[18:22:10] t=7122 jev VEH HTNK HOLD (预算保护 cash=1 aav帽=ok aav=4)
[18:22:12] t=7124 jev VEH HTNK HOLD (预算保护 cash=1 aav帽=ok aav=4)
[18:22:14] t=7127 jev VEH HTNK HOLD (预算保护 cash=1 aav帽=ok aav=4)
[18:22:14] t=7127 MOVE hold_a x2 -> (133,86)
[18:22:14] {"kind": "action", "what": "attack_move", "name": null, "qty": null, "tid": null, "ts": "18:22:14"}
[18:22:16] t=7130 jev VEH HTNK HOLD (预算保护 cash=1 aav帽=ok aav=4)
[18:22:18] t=7132 jev VEH HTNK HOLD (预算保护 cash=1 aav帽=ok aav=4)
[18:22:18] t=7132 MOVE assault x70 -> (70,117)
[18:22:18] {"kind": "action", "what": "attack_move", "name": null, "qty": null, "tid": null, "ts": "18:22:18"}
[18:22:20] t=7135 jev VEH HTNK HOLD (预算保护 cash=1 aav帽=ok aav=4)
[18:22:22] t=7138 jev VEH HTNK HOLD (预算保护 cash=1 aav帽=ok aav=4)
[18:22:24] t=7140 jev VEH HTNK HOLD (预算保护 cash=1 aav帽=ok aav=4)
[18:22:26] t=7143 jev VEH HTNK HOLD (预算保护 cash=1 aav帽=ok aav=4)
[18:22:26] t=7143 MOVE raid x2 -> (81,118); aahunt x2 -> (125,84)
[18:22:26] {"kind": "action", "what": "attack_move", "name": null, "qty": null, "tid": null, "ts": "18:22:26"}
[18:22:26] {"kind": "action", "what": "attack_move", "name": null, "qty": null, "tid": null, "ts": "18:22:26"}
[18:22:26] t=7143 tick#2725 credits=1 stance=attack | jev 2725 decisions p50=1683ms
[18:22:28] t=7146 jev VEH HTNK HOLD (预算保护 cash=1 aav帽=ok aav=4)
[18:22:30] t=7148 jev VEH HTNK HOLD (预算保护 cash=1 aav帽=ok aav=4)
[18:22:32] t=7151 jev VEH HTNK HOLD (预算保护 cash=1 aav帽=ok aav=4)
[18:22:32] t=7151 MOVE assault x70 -> (70,117)
[18:22:32] {"kind": "action", "what": "attack_move", "name": null, "qty": null, "tid": null, "ts": "18:22:32"}
[18:22:34] t=7153 jev VEH HTNK HOLD (预算保护 cash=1 aav帽=ok aav=4)
[18:22:34] t=7156 ESCORT 坦克#3028 -> 护航矿车@[120, 123]
[18:22:34] {"kind": "action", "what": "attack_move", "name": null, "qty": null, "tid": null, "ts": "18:22:34"}
[18:22:36] t=7156 jev VEH HTNK HOLD (预算保护 cash=1 aav帽=ok aav=4)
[18:22:38] t=7159 jev VEH HTNK HOLD (预算保护 cash=1 aav帽=ok aav=4)
[18:22:40] t=7161 jev VEH HTNK HOLD (预算保护 cash=1 aav帽=ok aav=4)
[18:22:42] t=7164 jev VEH HTNK HOLD (预算保护 cash=301 aav帽=ok aav=4)
[18:22:44] t=7166 jev VEH HTNK HOLD (预算保护 cash=301 aav帽=ok aav=4)
[18:22:46] t=7169 jev VEH HTNK HOLD (预算保护 cash=301 aav帽=ok aav=4)
[18:22:46] t=7169 MOVE assault x70 -> (70,117)
[18:22:46] {"kind": "action", "what": "attack_move", "name": null, "qty": null, "tid": null, "ts": "18:22:46"}
[18:22:48] t=7172 jev VEH HTNK HOLD (预算保护 cash=301 aav帽=ok aav=4)
[18:22:48] t=7172 MOVE raid x2 -> (81,118)
[18:22:48] {"kind": "action", "what": "attack_move", "name": null, "qty": null, "tid": null, "ts": "18:22:48"}
[18:22:50] t=7174 jev VEH HTNK HOLD (预算保护 cash=601 aav帽=ok aav=4)
[18:22:52] t=7177 jev VEH HTNK HOLD (预算保护 cash=601 aav帽=ok aav=4)
[18:22:54] t=7180 jev VEH HTNK HOLD (预算保护 cash=601 aav帽=ok aav=4)
[18:22:54] t=7180 MOVE hold_b x2 -> (126,75)
[18:22:54] {"kind": "action", "what": "attack_move", "name": null, "qty": null, "tid": null, "ts": "18:22:54"}
[18:22:56] t=7182 jev VEH HTNK HOLD (预算保护 cash=601 aav帽=ok aav=4)
[18:22:58] t=7185 jev VEH HTNK HOLD (预算保护 cash=601 aav帽=ok aav=4)
[18:22:58] t=7185 MOVE aahunt x2 -> (125,84)
[18:22:58] {"kind": "action", "what": "attack_move", "name": null, "qty": null, "tid": null, "ts": "18:22:58"}
[18:23:00] t=7187 jev VEH HTNK HOLD (预算保护 cash=601 aav帽=ok aav=4)
[18:23:00] t=7187 MOVE assault x70 -> (70,117)
[18:23:00] {"kind": "action", "what": "attack_move", "name": null, "qty": null, "tid": null, "ts": "18:23:00"}
[18:23:02] t=7190 jev VEH HTNK HOLD (预算保护 cash=601 aav帽=ok aav=4)
[18:23:04] t=7193 jev VEH HTNK HOLD (预算保护 cash=601 aav帽=ok aav=4)
[18:23:06] t=7195 jev VEH HTNK HOLD (预算保护 cash=601 aav帽=ok aav=4)
[18:23:06] t=7198 ESCORT 坦克#3539 -> 护航矿车@[128, 105]
[18:23:06] {"kind": "action", "what": "attack_move", "name": null, "qty": null, "tid": null, "ts": "18:23:06"}
[18:23:08] t=7198 jev VEH HTNK HOLD (预算保护 cash=601 aav帽=ok aav=4)
[18:23:10] t=7201 jev VEH HTNK HOLD (预算保护 cash=601 aav帽=ok aav=4)
[18:23:10] t=7201 MOVE raid x2 -> (81,118)
[18:23:10] {"kind": "action", "what": "attack_move", "name": null, "qty": null, "tid": null, "ts": "18:23:10"}
[18:23:10] t=7203 TANK HTNK x2
[18:23:10] t=7203 DEBT-GATE HTNK x2 (debt=0 eff=1351 < 1800)
[18:23:12] t=7203 jev VEH HTNK HOLD (预算保护 cash=1351 aav帽=ok aav=4)
[18:23:12] t=7206 TANK HTNK x2
[18:23:12] t=7206 DEBT-GATE HTNK x2 (debt=0 eff=1351 < 1800)
[18:23:13] t=7206 jev VEH HTNK HOLD (预算保护 cash=1351 aav帽=ok aav=4)
[18:23:13] t=7206 MOVE assault x70 -> (70,117)
[18:23:14] {"kind": "action", "what": "attack_move", "name": null, "qty": null, "tid": null, "ts": "18:23:14"}
[18:23:14] t=7209 TANK HTNK x2
[18:23:14] t=7209 DEBT-GATE HTNK x2 (debt=0 eff=1351 < 1800)
[18:23:15] t=7209 jev VEH HTNK HOLD (预算保护 cash=1351 aav帽=ok aav=4)
[18:23:15] t=7209 MOVE hold_a x2 -> (133,86)
[18:23:16] {"kind": "action", "what": "attack_move", "name": null, "qty": null, "tid": null, "ts": "18:23:16"}
[18:23:16] t=7209 tick#2750 credits=1351 stance=attack | jev 2750 decisions p50=1683ms
[18:23:16] t=7211 TANK HTNK x2
[18:23:16] t=7211 DEBT-GATE HTNK x2 (debt=0 eff=1351 < 1800)
[18:23:17] t=7211 jev VEH HTNK HOLD (预算保护 cash=1351 aav帽=ok aav=4)
[18:23:18] t=7214 TANK HTNK x2
[18:23:18] t=7214 DEBT-GATE HTNK x2 (debt=0 eff=1351 < 1800)
[18:23:19] t=7214 jev VEH HTNK HOLD (预算保护 cash=1351 aav帽=ok aav=4)
[18:23:20] t=7217 TANK HTNK x2
[18:23:20] t=7217 DEBT-GATE HTNK x2 (debt=0 eff=1351 < 1800)
[18:23:21] t=7217 jev VEH HTNK HOLD (预算保护 cash=1351 aav帽=ok aav=4)
[18:23:22] t=7219 TANK HTNK x2
[18:23:22] t=7219 DEBT-GATE HTNK x2 (debt=0 eff=1351 < 1800)
[18:23:23] t=7219 jev VEH HTNK HOLD (预算保护 cash=1351 aav帽=ok aav=4)
[18:23:24] t=7222 TANK HTNK x2
[18:23:24] t=7222 DEBT-GATE HTNK x2 (debt=0 eff=1351 < 1800)
[18:23:25] t=7222 jev VEH HTNK HOLD (预算保护 cash=1351 aav帽=ok aav=4)
[18:23:26] t=7224 TANK HTNK x2
[18:23:26] t=7224 DEBT-GATE HTNK x2 (debt=0 eff=1351 < 1800)
[18:23:27] t=7224 jev VEH HTNK HOLD (预算保护 cash=1351 aav帽=ok aav=4)
[18:23:27] t=7224 MOVE assault x70 -> (70,117)
[18:23:27] {"kind": "action", "what": "attack_move", "name": null, "qty": null, "tid": null, "ts": "18:23:27"}
[18:23:28] t=7227 TANK HTNK x2
[18:23:28] t=7227 DEBT-GATE HTNK x2 (debt=0 eff=1351 < 1800)
[18:23:29] t=7227 jev VEH HTNK HOLD (预算保护 cash=1351 aav帽=ok aav=4)
[18:23:29] t=7227 MOVE aahunt x2 -> (125,84)
[18:23:29] {"kind": "action", "what": "attack_move", "name": null, "qty": null, "tid": null, "ts": "18:23:29"}
[18:23:29] t=7230 TANK HTNK x2
[18:23:29] t=7230 DEBT-GATE HTNK x2 (debt=0 eff=1351 < 1800)
[18:23:31] t=7230 jev VEH HTNK HOLD (预算保护 cash=1351 aav帽=ok aav=4)
[18:23:31] t=7230 MOVE raid x2 -> (81,118)
[18:23:31] {"kind": "action", "what": "attack_move", "name": null, "qty": null, "tid": null, "ts": "18:23:31"}
[18:23:31] t=7232 TANK HTNK x2
[18:23:31] t=7232 DEBT-GATE HTNK x2 (debt=0 eff=1351 < 1800)
[18:23:33] t=7232 jev VEH HTNK HOLD (预算保护 cash=1351 aav帽=ok aav=4)
[18:23:33] t=7235 TANK HTNK x2
[18:23:33] t=7235 DEBT-GATE HTNK x2 (debt=0 eff=1351 < 1800)
[18:23:35] t=7235 jev VEH HTNK HOLD (预算保护 cash=1351 aav帽=ok aav=4)
[18:23:35] t=7237 TANK HTNK x2
[18:23:35] t=7237 DEBT-GATE HTNK x2 (debt=0 eff=1351 < 1800)
[18:23:37] t=7237 jev VEH HTNK HOLD (预算保护 cash=1351 aav帽=ok aav=4)
[18:23:37] t=7240 TANK HTNK x2
[18:23:37] t=7240 ESCORT 坦克#3243 -> 护航矿车@[128, 105]
[18:23:37] t=7240 DEBT-GATE HTNK x2 (debt=0 eff=1351 < 1800)
[18:23:37] {"kind": "action", "what": "attack_move", "name": null, "qty": null, "tid": null, "ts": "18:23:37"}
[18:23:39] t=7240 jev VEH HTNK HOLD (预算保护 cash=1351 aav帽=ok aav=4)
[18:23:39] t=7243 TANK HTNK x2
[18:23:39] t=7243 DEBT-GATE HTNK x2 (debt=0 eff=1351 < 1800)
[18:23:41] t=7243 jev VEH HTNK HOLD (预算保护 cash=1351 aav帽=ok aav=4)
[18:23:41] t=7243 MOVE assault x70 -> (70,117)
[18:23:41] {"kind": "action", "what": "attack_move", "name": null, "qty": null, "tid": null, "ts": "18:23:41"}
[18:23:41] t=7245 TANK HTNK x2
[18:23:41] t=7245 DEBT-GATE HTNK x2 (debt=0 eff=1351 < 1800)
[18:23:43] t=7245 jev VEH HTNK HOLD (预算保护 cash=1351 aav帽=ok aav=4)
[18:23:43] t=7248 TANK HTNK x2
[18:23:43] t=7248 DEBT-GATE HTNK x2 (debt=0 eff=1351 < 1800)
[18:23:45] t=7248 jev VEH HTNK HOLD (预算保护 cash=1351 aav帽=ok aav=4)
[18:23:45] t=7251 TANK HTNK x2
[18:23:45] t=7251 DEBT-GATE HTNK x2 (debt=0 eff=1351 < 1800)
[18:23:47] t=7251 jev VEH HTNK HOLD (预算保护 cash=1351 aav帽=ok aav=4)
[18:23:47] t=7253 TANK HTNK x2
[18:23:47] t=7253 DEBT-GATE HTNK x2 (debt=0 eff=1351 < 1800)
[18:23:49] t=7253 jev VEH HTNK HOLD (预算保护 cash=1351 aav帽=ok aav=4)
[18:23:49] t=7256 TANK HTNK x2
[18:23:49] t=7256 DEBT-GATE HTNK x2 (debt=0 eff=1351 < 1800)
[18:23:51] t=7256 jev VEH HTNK HOLD (预算保护 cash=1351 aav帽=ok aav=4)
[18:23:51] t=7258 TANK HTNK x2
[18:23:51] t=7258 DEBT-GATE HTNK x2 (debt=0 eff=1351 < 1800)
[18:23:53] t=7258 jev VEH HTNK HOLD (预算保护 cash=1351 aav帽=ok aav=4)
[18:23:53] t=7258 MOVE raid x2 -> (81,118)
[18:23:53] {"kind": "action", "what": "attack_move", "name": null, "qty": null, "tid": null, "ts": "18:23:53"}
[18:23:53] t=7261 TANK HTNK x2
[18:23:53] t=7261 DEBT-GATE HTNK x2 (debt=0 eff=1651 < 1800)
[18:23:55] t=7261 jev VEH HTNK HOLD (预算保护 cash=1651 aav帽=ok aav=4)
[18:23:55] t=7261 MOVE assault x70 -> (70,117); hold_b x2 -> (126,75)
[18:23:55] {"kind": "action", "what": "attack_move", "name": null, "qty": null, "tid": null, "ts": "18:23:55"}
[18:23:55] {"kind": "action", "what": "attack_move", "name": null, "qty": null, "tid": null, "ts": "18:23:55"}
[18:23:55] t=7264 TANK HTNK x2
[18:23:55] t=7264 DEBT-GATE HTNK x2 (debt=0 eff=1651 < 1800)
[18:23:57] t=7264 jev VEH HTNK HOLD (预算保护 cash=1651 aav帽=ok aav=4)
[18:23:57] t=7266 TANK HTNK x2
[18:23:57] t=7266 DEBT-GATE HTNK x2 (debt=0 eff=1651 < 1800)
[18:23:59] t=7266 jev VEH HTNK HOLD (预算保护 cash=1651 aav帽=ok aav=4)
[18:23:59] t=7269 TANK HTNK x2
[18:23:59] t=7269 DEBT-GATE HTNK x2 (debt=0 eff=1651 < 1800)
[18:24:01] t=7269 jev VEH HTNK HOLD (预算保护 cash=1651 aav帽=ok aav=4)
[18:24:01] t=7269 MOVE aahunt x2 -> (125,84)
[18:24:01] {"kind": "action", "what": "attack_move", "name": null, "qty": null, "tid": null, "ts": "18:24:01"}
[18:24:01] t=7272 TANK HTNK x2
[18:24:01] t=7272 RETREAT HTNK(31%)
[18:24:01] t=7272 DEBT-GATE HTNK x2 (debt=0 eff=1651 < 1800)
[18:24:01] {"kind": "action", "what": "move", "name": null, "qty": null, "tid": null, "ts": "18:24:01"}
[18:24:03] t=7272 jev VEH HTNK HOLD (预算保护 cash=1651 aav帽=ok aav=4)
[18:24:03] t=7274 TANK HTNK x2
[18:24:03] t=7274 DEBT-GATE HTNK x2 (debt=0 eff=1651 < 1800)
[18:24:05] t=7274 jev VEH HTNK HOLD (预算保护 cash=1651 aav帽=ok aav=4)
[18:24:05] t=7274 tick#2775 credits=1651 stance=attack | jev 2775 decisions p50=1681ms
[18:24:05] t=7277 TANK HTNK x2
[18:24:05] t=7277 DEBT-GATE HTNK x2 (debt=0 eff=1651 < 1800)
[18:24:07] t=7277 jev VEH HTNK HOLD (预算保护 cash=1651 aav帽=ok aav=4)
[18:24:07] t=7280 TANK HTNK x2
[18:24:07] t=7280 DEBT-GATE HTNK x2 (debt=0 eff=1651 < 1800)
[18:24:09] t=7280 jev VEH HTNK HOLD (预算保护 cash=1651 aav帽=ok aav=4)
[18:24:09] t=7280 MOVE assault x70 -> (70,117)
[18:24:09] {"kind": "action", "what": "attack_move", "name": null, "qty": null, "tid": null, "ts": "18:24:09"}
[18:24:09] t=7282 TANK HTNK x2
[18:24:09] t=7282 ESCORT 坦克#2869 -> 护航矿车@[115, 135]
[18:24:09] t=7282 DEBT-GATE HTNK x2 (debt=0 eff=1651 < 1800)
[18:24:09] {"kind": "action", "what": "attack_move", "name": null, "qty": null, "tid": null, "ts": "18:24:09"}
[18:24:11] t=7282 jev VEH HTNK HOLD (预算保护 cash=1651 aav帽=ok aav=4)
[18:24:11] t=7285 TANK HTNK x2
[18:24:11] t=7285 DEBT-GATE HTNK x2 (debt=0 eff=1651 < 1800)
[18:24:13] t=7285 jev VEH HTNK HOLD (预算保护 cash=1651 aav帽=ok aav=4)
[18:24:13] t=7287 TANK HTNK x2
[18:24:13] {"kind": "action", "what": "produce", "name": "HTNK", "qty": 2, "tid": null, "ts": "18:24:13"}
[18:24:15] t=7287 MOVE raid x2 -> (81,118)
[18:24:15] {"kind": "action", "what": "attack_move", "name": null, "qty": null, "tid": null, "ts": "18:24:15"}
[18:24:17] t=7290 MOVE hold_a x2 -> (133,86)
[18:24:17] {"kind": "action", "what": "attack_move", "name": null, "qty": null, "tid": null, "ts": "18:24:17"}
[18:24:21] t=7296 MOVE assault x71 -> (70,117)
[18:24:21] {"kind": "action", "what": "attack_move", "name": null, "qty": null, "tid": null, "ts": "18:24:21"}
[18:24:27] t=7303 jev VEH HTNK HOLD (预算保护 cash=301 aav帽=ok aav=4)
[18:24:29] t=7306 jev VEH HTNK HOLD (预算保护 cash=301 aav帽=ok aav=4)
[18:24:31] t=7309 jev VEH HTNK HOLD (预算保护 cash=301 aav帽=ok aav=4)
[18:24:32] t=7311 jev VEH HTNK HOLD (预算保护 cash=301 aav帽=ok aav=4)
[18:24:32] t=7311 MOVE aahunt x2 -> (125,84)
[18:24:33] {"kind": "action", "what": "attack_move", "name": null, "qty": null, "tid": null, "ts": "18:24:33"}
[18:24:34] t=7314 jev VEH HTNK HOLD (预算保护 cash=301 aav帽=ok aav=4)
[18:24:34] t=7314 MOVE assault x72 -> (70,117)
[18:24:35] {"kind": "action", "what": "attack_move", "name": null, "qty": null, "tid": null, "ts": "18:24:35"}
[18:24:36] t=7317 jev VEH HTNK HOLD (预算保护 cash=301 aav帽=ok aav=4)
[18:24:36] t=7317 MOVE raid x2 -> (81,118)
[18:24:37] {"kind": "action", "what": "attack_move", "name": null, "qty": null, "tid": null, "ts": "18:24:37"}
[18:24:38] t=7319 jev VEH HTNK HOLD (预算保护 cash=301 aav帽=ok aav=4)
[18:24:40] t=7322 jev VEH HTNK HOLD (预算保护 cash=301 aav帽=ok aav=4)
[18:24:41] t=7324 ESCORT 坦克#3243 -> 护航矿车@[128, 105]
[18:24:41] {"kind": "action", "what": "attack_move", "name": null, "qty": null, "tid": null, "ts": "18:24:41"}
[18:24:42] t=7324 jev VEH HTNK HOLD (预算保护 cash=301 aav帽=ok aav=4)
[18:24:44] t=7327 jev VEH HTNK HOLD (预算保护 cash=301 aav帽=ok aav=4)
[18:24:46] t=7330 jev VEH HTNK HOLD (预算保护 cash=301 aav帽=ok aav=4)
[18:24:48] t=7332 jev VEH HTNK HOLD (预算保护 cash=301 aav帽=ok aav=4)
[18:24:48] t=7332 MOVE assault x72 -> (70,117)
[18:24:48] {"kind": "action", "what": "attack_move", "name": null, "qty": null, "tid": null, "ts": "18:24:48"}
[18:24:50] t=7335 jev VEH HTNK HOLD (预算保护 cash=301 aav帽=ok aav=4)
[18:24:52] t=7338 jev VEH HTNK HOLD (预算保护 cash=301 aav帽=ok aav=4)
[18:24:54] t=7340 jev VEH HTNK HOLD (预算保护 cash=301 aav帽=ok aav=4)
[18:24:54] t=7340 tick#2800 credits=301 stance=attack | jev 2800 decisions p50=1681ms
[18:24:56] t=7343 jev VEH HTNK HOLD (预算保护 cash=301 aav帽=ok aav=4)
[18:24:56] t=7343 MOVE hold_b x2 -> (126,75)
[18:24:56] {"kind": "action", "what": "attack_move", "name": null, "qty": null, "tid": null, "ts": "18:24:56"}
[18:24:58] t=7346 jev VEH HTNK HOLD (预算保护 cash=301 aav帽=ok aav=4)
[18:24:58] t=7346 MOVE raid x2 -> (81,118)
[18:24:58] {"kind": "action", "what": "attack_move", "name": null, "qty": null, "tid": null, "ts": "18:24:58"}
[18:25:00] t=7348 jev VEH HARV HOLD (预算保护 cash=601 aav帽=ok aav=4)
[18:25:02] t=7351 jev VEH HTNK HOLD (预算保护 cash=601 aav帽=ok aav=4)
[18:25:02] t=7351 MOVE assault x72 -> (70,117)
[18:25:02] {"kind": "action", "what": "attack_move", "name": null, "qty": null, "tid": null, "ts": "18:25:02"}
[18:25:04] t=7353 jev VEH HTNK HOLD (预算保护 cash=601 aav帽=ok aav=4)
[18:25:04] t=7353 MOVE aahunt x2 -> (125,84)
[18:25:04] {"kind": "action", "what": "attack_move", "name": null, "qty": null, "tid": null, "ts": "18:25:04"}
[18:25:06] t=7356 jev VEH HTNK HOLD (预算保护 cash=601 aav帽=ok aav=4)
[18:25:08] t=7359 jev VEH HTNK HOLD (预算保护 cash=601 aav帽=ok aav=4)
[18:25:10] t=7361 jev VEH HTNK HOLD (预算保护 cash=601 aav帽=ok aav=4)
[18:25:12] t=7364 jev VEH HTNK HOLD (预算保护 cash=601 aav帽=ok aav=4)
[18:25:14] t=7367 jev VEH HTNK HOLD (预算保护 cash=601 aav帽=ok aav=4)
[18:25:16] t=7369 jev VEH HTNK HOLD (预算保护 cash=601 aav帽=ok aav=4)
[18:25:16] t=7369 MOVE assault x72 -> (70,117)
[18:25:16] {"kind": "action", "what": "attack_move", "name": null, "qty": null, "tid": null, "ts": "18:25:16"}
[18:25:18] t=7372 jev VEH HTNK HOLD (预算保护 cash=601 aav帽=ok aav=4)
[18:25:18] t=7372 MOVE hold_a x2 -> (133,86)
[18:25:18] {"kind": "action", "what": "attack_move", "name": null, "qty": null, "tid": null, "ts": "18:25:18"}
[18:25:20] t=7374 jev VEH HTNK HOLD (预算保护 cash=601 aav帽=ok aav=4)
[18:25:20] t=7374 MOVE raid x2 -> (81,118)
[18:25:20] {"kind": "action", "what": "attack_move", "name": null, "qty": null, "tid": null, "ts": "18:25:20"}
[18:25:22] t=7377 jev VEH HTNK HOLD (预算保护 cash=601 aav帽=ok aav=4)
[18:25:24] t=7380 jev VEH HTNK HOLD (预算保护 cash=601 aav帽=ok aav=4)
[18:25:26] t=7382 jev VEH HTNK HOLD (预算保护 cash=601 aav帽=ok aav=4)
[18:25:26] t=7385 TANK HTNK x2
[18:25:26] t=7385 DEBT-GATE HTNK x2 (debt=0 eff=1201 < 1800)
[18:25:28] t=7385 jev VEH HTNK HOLD (预算保护 cash=1201 aav帽=ok aav=4)
[18:25:28] t=7388 TANK HTNK x2
[18:25:28] t=7388 DEBT-GATE HTNK x2 (debt=0 eff=1201 < 1800)
[18:25:30] t=7388 jev VEH HTNK HOLD (预算保护 cash=1201 aav帽=ok aav=4)
[18:25:30] t=7388 MOVE assault x72 -> (70,117)
[18:25:30] {"kind": "action", "what": "attack_move", "name": null, "qty": null, "tid": null, "ts": "18:25:30"}
[18:25:30] t=7390 TANK HTNK x2
[18:25:30] t=7390 DEBT-GATE HTNK x2 (debt=0 eff=1201 < 1800)
[18:25:32] t=7390 jev VEH HTNK HOLD (预算保护 cash=1201 aav帽=ok aav=4)
[18:25:32] t=7393 TANK HTNK x2
[18:25:32] t=7393 DEBT-GATE HTNK x2 (debt=0 eff=1201 < 1800)
[18:25:34] t=7393 jev VEH HTNK HOLD (预算保护 cash=1201 aav帽=ok aav=4)
[18:25:34] t=7395 TANK HTNK x2
[18:25:34] t=7395 DEBT-GATE HTNK x2 (debt=0 eff=1201 < 1800)
[18:25:36] t=7395 jev VEH HTNK HOLD (预算保护 cash=1201 aav帽=ok aav=4)
[18:25:36] t=7395 MOVE aahunt x2 -> (125,84)
[18:25:36] {"kind": "action", "what": "attack_move", "name": null, "qty": null, "tid": null, "ts": "18:25:36"}
[18:25:36] t=7398 TANK HTNK x2
[18:25:36] t=7398 DEBT-GATE HTNK x2 (debt=0 eff=1201 < 1800)
[18:25:38] t=7398 jev VEH HTNK HOLD (预算保护 cash=1201 aav帽=ok aav=4)
[18:25:38] t=7401 TANK HTNK x2
[18:25:38] t=7401 DEBT-GATE HTNK x2 (debt=0 eff=1201 < 1800)
[18:25:40] t=7401 jev VEH HTNK HOLD (预算保护 cash=1201 aav帽=ok aav=4)
[18:25:40] t=7403 TANK HTNK x2
[18:25:40] t=7403 ESCORT 坦克#3539 -> 护航矿车@[122, 101]
[18:25:40] t=7403 DEBT-GATE HTNK x2 (debt=0 eff=1576 < 1800)
[18:25:40] {"kind": "action", "what": "attack_move", "name": null, "qty": null, "tid": null, "ts": "18:25:40"}
[18:25:42] t=7403 jev VEH HTNK HOLD (预算保护 cash=1576 aav帽=ok aav=4)
[18:25:42] t=7403 MOVE raid x2 -> (81,118)
[18:25:42] {"kind": "action", "what": "attack_move", "name": null, "qty": null, "tid": null, "ts": "18:25:42"}
[18:25:42] t=7406 TANK HTNK x2
[18:25:42] t=7406 DEBT-GATE HTNK x2 (debt=0 eff=1576 < 1800)
[18:25:44] t=7406 jev VEH HTNK HOLD (预算保护 cash=1576 aav帽=ok aav=4)
[18:25:44] t=7406 MOVE assault x72 -> (70,117)
[18:25:44] {"kind": "action", "what": "attack_move", "name": null, "qty": null, "tid": null, "ts": "18:25:44"}
[18:25:44] t=7406 tick#2825 credits=1576 stance=attack | jev 2825 decisions p50=1682ms
[18:25:44] t=7409 TANK HTNK x2
[18:25:44] t=7409 DEBT-GATE HTNK x2 (debt=0 eff=1576 < 1800)
[18:25:46] t=7409 jev VEH HTNK HOLD (预算保护 cash=1576 aav帽=ok aav=4)
[18:25:46] t=7411 TANK HTNK x2
[18:25:46] t=7411 DEBT-GATE HTNK x2 (debt=0 eff=1576 < 1800)
[18:25:48] t=7411 jev VEH HTNK HOLD (预算保护 cash=1576 aav帽=ok aav=4)
[18:25:48] t=7414 TANK HTNK x2
[18:25:48] t=7414 RETREAT HTNK(30%)
[18:25:48] t=7414 DEBT-GATE HTNK x2 (debt=0 eff=1576 < 1800)
[18:25:48] {"kind": "action", "what": "move", "name": null, "qty": null, "tid": null, "ts": "18:25:48"}
[18:25:50] t=7414 jev VEH HTNK HOLD (预算保护 cash=1576 aav帽=ok aav=4)
[18:25:50] t=7417 TANK HTNK x2
[18:25:50] t=7417 DEBT-GATE HTNK x2 (debt=0 eff=1576 < 1800)
[18:25:51] t=7417 jev VEH HTNK HOLD (预算保护 cash=1576 aav帽=ok aav=4)
[18:25:52] t=7419 TANK HTNK x2
[18:25:52] t=7419 DEBT-GATE HTNK x2 (debt=0 eff=1576 < 1800)
[18:25:53] t=7419 jev VEH HTNK HOLD (预算保护 cash=1576 aav帽=ok aav=4)
[18:25:54] t=7422 TANK HTNK x2
[18:25:54] {"kind": "action", "what": "produce", "name": "HTNK", "qty": 2, "tid": null, "ts": "18:25:54"}
[18:25:57] t=7424 MOVE assault x72 -> (70,117); hold_b x2 -> (126,75)
[18:25:57] {"kind": "action", "what": "attack_move", "name": null, "qty": null, "tid": null, "ts": "18:25:57"}
[18:25:57] {"kind": "action", "what": "attack_move", "name": null, "qty": null, "tid": null, "ts": "18:25:57"}
[18:26:03] t=7432 MOVE raid x2 -> (81,118)
[18:26:03] {"kind": "action", "what": "attack_move", "name": null, "qty": null, "tid": null, "ts": "18:26:03"}
[18:26:07] t=7438 jev VEH HTNK HOLD (预算保护 cash=1 aav帽=ok aav=4)
[18:26:07] t=7438 MOVE aahunt x2 -> (125,84)
[18:26:07] {"kind": "action", "what": "attack_move", "name": null, "qty": null, "tid": null, "ts": "18:26:07"}
[18:26:09] t=7440 jev VEH HTNK HOLD (预算保护 cash=1 aav帽=ok aav=4)
[18:26:11] t=7443 jev VEH HTNK HOLD (预算保护 cash=1 aav帽=ok aav=4)
[18:26:11] t=7443 MOVE assault x74 -> (70,117)
[18:26:11] {"kind": "action", "what": "attack_move", "name": null, "qty": null, "tid": null, "ts": "18:26:11"}
[18:26:12] t=7446 ESCORT 坦克#3243 -> 护航矿车@[128, 104]
[18:26:12] {"kind": "action", "what": "attack_move", "name": null, "qty": null, "tid": null, "ts": "18:26:12"}
[18:26:13] t=7446 jev VEH HTNK HOLD (预算保护 cash=1 aav帽=ok aav=4)
[18:26:15] t=7448 jev VEH HTNK HOLD (预算保护 cash=1 aav帽=ok aav=4)
[18:26:17] t=7451 jev VEH HTNK HOLD (预算保护 cash=1 aav帽=ok aav=4)
[18:26:19] t=7454 jev VEH HTNK HOLD (预算保护 cash=1 aav帽=ok aav=4)
[18:26:19] t=7454 MOVE hold_a x2 -> (133,86)
[18:26:19] {"kind": "action", "what": "attack_move", "name": null, "qty": null, "tid": null, "ts": "18:26:19"}
[18:26:21] t=7456 jev VEH HTNK HOLD (预算保护 cash=1 aav帽=ok aav=4)
[18:26:23] t=7459 jev VEH HTNK HOLD (预算保护 cash=1 aav帽=ok aav=4)
[18:26:25] t=7462 jev VEH HTNK HOLD (预算保护 cash=1 aav帽=ok aav=4)
[18:26:25] t=7462 MOVE raid x2 -> (81,118); assault x74 -> (70,117)
[18:26:25] {"kind": "action", "what": "attack_move", "name": null, "qty": null, "tid": null, "ts": "18:26:25"}
[18:26:25] {"kind": "action", "what": "attack_move", "name": null, "qty": null, "tid": null, "ts": "18:26:25"}
[18:26:27] t=7464 jev VEH HTNK HOLD (预算保护 cash=1 aav帽=ok aav=4)
[18:26:29] t=7467 jev VEH HTNK HOLD (预算保护 cash=1 aav帽=ok aav=4)
[18:26:31] t=7470 jev VEH HTNK HOLD (预算保护 cash=1 aav帽=ok aav=4)
[18:26:33] t=7472 jev VEH HTNK HOLD (预算保护 cash=1 aav帽=ok aav=4)
[18:26:33] t=7472 tick#2850 credits=1 stance=attack | jev 2850 decisions p50=1683ms
[18:26:35] t=7475 jev VEH HTNK HOLD (预算保护 cash=1 aav帽=ok aav=4)
[18:26:37] t=7477 jev VEH HTNK HOLD (预算保护 cash=1 aav帽=ok aav=4)
[18:26:39] t=7480 jev VEH HTNK HOLD (预算保护 cash=1 aav帽=ok aav=4)
[18:26:39] t=7480 MOVE assault x74 -> (70,117); aahunt x2 -> (125,84)
[18:26:39] {"kind": "action", "what": "attack_move", "name": null, "qty": null, "tid": null, "ts": "18:26:39"}
[18:26:39] {"kind": "action", "what": "attack_move", "name": null, "qty": null, "tid": null, "ts": "18:26:39"}
[18:26:41] t=7483 jev VEH HTNK HOLD (预算保护 cash=1 aav帽=ok aav=4)
[18:26:43] t=7485 jev VEH HTNK HOLD (预算保护 cash=1 aav帽=ok aav=4)
[18:26:43] t=7488 ESCORT 坦克#2869 -> 护航矿车@[115, 133]
[18:26:43] {"kind": "action", "what": "attack_move", "name": null, "qty": null, "tid": null, "ts": "18:26:43"}
[18:26:45] t=7488 jev VEH HTNK HOLD (预算保护 cash=1 aav帽=ok aav=4)
[18:26:47] t=7491 jev VEH HTNK HOLD (预算保护 cash=1 aav帽=ok aav=4)
[18:26:47] t=7491 MOVE raid x2 -> (81,118)
[18:26:47] {"kind": "action", "what": "attack_move", "name": null, "qty": null, "tid": null, "ts": "18:26:47"}
[18:26:49] t=7493 jev VEH HTNK HOLD (预算保护 cash=1 aav帽=ok aav=4)
[18:26:51] t=7496 jev VEH HTNK HOLD (预算保护 cash=1 aav帽=ok aav=4)
[18:26:53] t=7499 jev VEH HTNK HOLD (预算保护 cash=1 aav帽=ok aav=4)
[18:26:53] t=7499 MOVE assault x74 -> (70,117)
[18:26:53] {"kind": "action", "what": "attack_move", "name": null, "qty": null, "tid": null, "ts": "18:26:53"}
[18:26:55] t=7501 jev VEH HTNK HOLD (预算保护 cash=1 aav帽=ok aav=4)
[18:26:57] t=7504 jev VEH HTNK HOLD (预算保护 cash=1 aav帽=ok aav=4)
[18:26:59] t=7506 jev VEH HTNK HOLD (预算保护 cash=301 aav帽=ok aav=4)
[18:26:59] t=7506 MOVE hold_b x2 -> (126,75)
[18:26:59] {"kind": "action", "what": "attack_move", "name": null, "qty": null, "tid": null, "ts": "18:26:59"}
[18:27:01] t=7509 jev VEH HTNK HOLD (预算保护 cash=301 aav帽=ok aav=4)
[18:27:03] t=7512 jev VEH HTNK HOLD (预算保护 cash=301 aav帽=ok aav=4)
[18:27:05] t=7514 jev VEH HTNK HOLD (预算保护 cash=301 aav帽=ok aav=4)
[18:27:07] t=7517 jev VEH HTNK HOLD (预算保护 cash=301 aav帽=ok aav=4)
[18:27:07] t=7517 MOVE assault x74 -> (70,117)
[18:27:07] {"kind": "action", "what": "attack_move", "name": null, "qty": null, "tid": null, "ts": "18:27:07"}
[18:27:09] t=7520 jev VEH HTNK HOLD (预算保护 cash=301 aav帽=ok aav=4)
[18:27:09] t=7520 MOVE raid x2 -> (81,118)
[18:27:09] {"kind": "action", "what": "attack_move", "name": null, "qty": null, "tid": null, "ts": "18:27:09"}
[18:27:11] t=7522 jev VEH HTNK HOLD (预算保护 cash=301 aav帽=ok aav=4)
[18:27:11] t=7522 MOVE aahunt x2 -> (125,84)
[18:27:11] {"kind": "action", "what": "attack_move", "name": null, "qty": null, "tid": null, "ts": "18:27:11"}
[18:27:13] t=7525 jev VEH HTNK HOLD (预算保护 cash=301 aav帽=ok aav=4)
[18:27:15] t=7528 jev VEH HTNK HOLD (预算保护 cash=676 aav帽=ok aav=4)
[18:27:15] t=7530 ESCORT 坦克#2869 -> 护航矿车@[117, 134]
[18:27:15] {"kind": "action", "what": "attack_move", "name": null, "qty": null, "tid": null, "ts": "18:27:15"}
[18:27:17] t=7530 jev VEH HTNK HOLD (预算保护 cash=676 aav帽=ok aav=4)
[18:27:19] t=7533 jev VEH HTNK HOLD (预算保护 cash=676 aav帽=ok aav=4)
[18:27:21] t=7536 jev VEH HTNK HOLD (预算保护 cash=676 aav帽=ok aav=4)
[18:27:21] t=7536 MOVE assault x74 -> (70,117); hold_a x2 -> (133,86)
[18:27:21] {"kind": "action", "what": "attack_move", "name": null, "qty": null, "tid": null, "ts": "18:27:21"}
[18:27:21] {"kind": "action", "what": "attack_move", "name": null, "qty": null, "tid": null, "ts": "18:27:21"}
[18:27:23] t=7538 jev VEH HTNK HOLD (预算保护 cash=676 aav帽=ok aav=4)
[18:27:23] t=7538 tick#2875 credits=676 stance=attack | jev 2875 decisions p50=1683ms
[18:27:25] t=7541 jev VEH HTNK HOLD (预算保护 cash=676 aav帽=ok aav=4)
[18:27:27] t=7543 jev VEH HTNK HOLD (预算保护 cash=676 aav帽=ok aav=4)
[18:27:29] t=7546 jev VEH HTNK HOLD (预算保护 cash=676 aav帽=ok aav=4)
[18:27:31] t=7549 jev VEH HTNK HOLD (预算保护 cash=676 aav帽=ok aav=4)
[18:27:31] t=7549 MOVE raid x2 -> (81,118)
[18:27:31] {"kind": "action", "what": "attack_move", "name": null, "qty": null, "tid": null, "ts": "18:27:31"}
[18:27:32] t=7551 jev VEH HTNK HOLD (预算保护 cash=676 aav帽=ok aav=4)
[18:27:34] t=7554 jev VEH HTNK HOLD (预算保护 cash=676 aav帽=ok aav=4)
[18:27:34] t=7554 MOVE assault x74 -> (70,117)
[18:27:34] {"kind": "action", "what": "attack_move", "name": null, "qty": null, "tid": null, "ts": "18:27:34"}
[18:27:36] t=7557 jev VEH HTNK HOLD (预算保护 cash=676 aav帽=ok aav=4)
[18:27:38] t=7559 jev VEH HTNK HOLD (预算保护 cash=676 aav帽=ok aav=4)
[18:27:40] t=7562 jev VEH HTNK HOLD (预算保护 cash=676 aav帽=ok aav=4)
[18:27:42] t=7564 jev VEH HTNK HOLD (预算保护 cash=676 aav帽=ok aav=4)
[18:27:42] t=7564 MOVE aahunt x2 -> (125,84)
[18:27:42] {"kind": "action", "what": "attack_move", "name": null, "qty": null, "tid": null, "ts": "18:27:42"}
[18:27:44] t=7567 jev VEH HTNK HOLD (预算保护 cash=676 aav帽=ok aav=4)
[18:27:46] t=7570 jev VEH HTNK HOLD (预算保护 cash=676 aav帽=ok aav=4)
[18:27:47] t=7572 ESCORT 坦克#3539 -> 护航矿车@[128, 104]
[18:27:47] {"kind": "action", "what": "attack_move", "name": null, "qty": null, "tid": null, "ts": "18:27:47"}
[18:27:48] t=7572 jev VEH HTNK HOLD (预算保护 cash=676 aav帽=ok aav=4)
[18:27:48] t=7572 MOVE assault x74 -> (70,117)
[18:27:48] {"kind": "action", "what": "attack_move", "name": null, "qty": null, "tid": null, "ts": "18:27:48"}
[18:27:49] t=7575 RETREAT HTNK(31%)
[18:27:49] {"kind": "action", "what": "move", "name": null, "qty": null, "tid": null, "ts": "18:27:49"}
[18:27:50] t=7575 jev VEH HTNK HOLD (预算保护 cash=676 aav帽=ok aav=4)
[18:27:52] t=7578 jev VEH HTNK HOLD (预算保护 cash=676 aav帽=ok aav=4)
[18:27:52] t=7578 MOVE raid x2 -> (81,118)
[18:27:52] {"kind": "action", "what": "attack_move", "name": null, "qty": null, "tid": null, "ts": "18:27:52"}
[18:27:54] t=7580 jev VEH HTNK HOLD (预算保护 cash=676 aav帽=ok aav=4)
[18:27:56] t=7583 jev VEH HTNK HOLD (预算保护 cash=676 aav帽=ok aav=4)
[18:27:56] t=7586 TANK HTNK x2
[18:27:56] t=7586 DEBT-GATE HTNK x2 (debt=0 eff=1351 < 1800)
[18:27:58] t=7586 jev VEH HTNK HOLD (预算保护 cash=1351 aav帽=ok aav=4)
[18:27:58] t=7588 TANK HTNK x2
[18:27:58] t=7588 DEBT-GATE HTNK x2 (debt=0 eff=1351 < 1800)
[18:28:00] t=7588 jev VEH HTNK HOLD (预算保护 cash=1351 aav帽=ok aav=4)
[18:28:00] t=7588 MOVE hold_b x2 -> (126,75)
[18:28:00] {"kind": "action", "what": "attack_move", "name": null, "qty": null, "tid": null, "ts": "18:28:00"}
[18:28:00] t=7591 TANK HTNK x2
[18:28:00] t=7591 DEBT-GATE HTNK x2 (debt=0 eff=1351 < 1800)
[18:28:02] t=7591 jev VEH HTNK HOLD (预算保护 cash=1351 aav帽=ok aav=4)
[18:28:02] t=7591 MOVE assault x74 -> (70,117)
[18:28:02] {"kind": "action", "what": "attack_move", "name": null, "qty": null, "tid": null, "ts": "18:28:02"}
[18:28:02] t=7593 TANK HTNK x2
[18:28:02] t=7593 DEBT-GATE HTNK x2 (debt=0 eff=1351 < 1800)
[18:28:04] t=7593 jev VEH HTNK HOLD (预算保护 cash=1351 aav帽=ok aav=4)
[18:28:04] t=7596 TANK HTNK x2
[18:28:04] t=7596 DEBT-GATE HTNK x2 (debt=0 eff=1351 < 1800)
[18:28:06] t=7596 jev VEH HTNK HOLD (预算保护 cash=1351 aav帽=ok aav=4)
[18:28:06] t=7599 TANK HTNK x2
[18:28:06] t=7599 DEBT-GATE HTNK x2 (debt=0 eff=1351 < 1800)
[18:28:08] t=7599 jev VEH HTNK HOLD (预算保护 cash=1351 aav帽=ok aav=4)
[18:28:08] t=7601 TANK HTNK x2
[18:28:08] t=7601 DEBT-GATE HTNK x2 (debt=0 eff=1351 < 1800)
[18:28:10] t=7601 jev VEH HTNK HOLD (预算保护 cash=1351 aav帽=ok aav=4)
[18:28:10] t=7604 TANK HTNK x2
[18:28:10] t=7604 DEBT-GATE HTNK x2 (debt=0 eff=1351 < 1800)
[18:28:12] t=7604 jev VEH HTNK HOLD (预算保护 cash=1351 aav帽=ok aav=4)
[18:28:12] t=7604 tick#2900 credits=1351 stance=attack | jev 2900 decisions p50=1683ms
[18:28:12] t=7606 TANK HTNK x2
[18:28:12] t=7606 DEBT-GATE HTNK x2 (debt=0 eff=1351 < 1800)
[18:28:14] t=7606 jev VEH HTNK HOLD (预算保护 cash=1351 aav帽=ok aav=4)
[18:28:14] t=7606 MOVE raid x2 -> (81,118); aahunt x2 -> (125,84)
[18:28:14] {"kind": "action", "what": "attack_move", "name": null, "qty": null, "tid": null, "ts": "18:28:14"}
[18:28:14] {"kind": "action", "what": "attack_move", "name": null, "qty": null, "tid": null, "ts": "18:28:14"}
[18:28:14] t=7609 TANK HTNK x2
[18:28:14] t=7609 DEBT-GATE HTNK x2 (debt=0 eff=1351 < 1800)
[18:28:16] t=7609 jev VEH HTNK HOLD (预算保护 cash=1351 aav帽=ok aav=4)
[18:28:16] t=7609 MOVE assault x74 -> (70,117)
[18:28:16] {"kind": "action", "what": "attack_move", "name": null, "qty": null, "tid": null, "ts": "18:28:16"}
[18:28:16] t=7612 TANK HTNK x2
[18:28:16] t=7612 DEBT-GATE HTNK x2 (debt=0 eff=1651 < 1800)
[18:28:18] t=7612 jev VEH HTNK HOLD (预算保护 cash=1651 aav帽=ok aav=4)
[18:28:18] t=7614 TANK HTNK x2
[18:28:18] t=7614 ESCORT 坦克#3028 -> 护航矿车@[120, 113]
[18:28:18] t=7614 DEBT-GATE HTNK x2 (debt=0 eff=1651 < 1800)
[18:28:18] {"kind": "action", "what": "attack_move", "name": null, "qty": null, "tid": null, "ts": "18:28:18"}
[18:28:20] t=7614 jev VEH HTNK HOLD (预算保护 cash=1651 aav帽=ok aav=4)
[18:28:20] t=7617 TANK HTNK x2
[18:28:20] t=7617 DEBT-GATE HTNK x2 (debt=0 eff=1651 < 1800)
[18:28:22] t=7617 jev VEH HTNK HOLD (预算保护 cash=1651 aav帽=ok aav=4)
[18:28:22] t=7617 MOVE hold_a x2 -> (133,86)
[18:28:22] {"kind": "action", "what": "attack_move", "name": null, "qty": null, "tid": null, "ts": "18:28:22"}
[18:28:22] t=7620 TANK HTNK x2
[18:28:22] t=7620 DEBT-GATE HTNK x2 (debt=0 eff=1651 < 1800)
[18:28:24] t=7620 jev VEH HTNK HOLD (预算保护 cash=1651 aav帽=ok aav=4)
[18:28:24] t=7622 TANK HTNK x2
[18:28:24] t=7622 DEBT-GATE HTNK x2 (debt=0 eff=1651 < 1800)
[18:28:26] t=7622 jev VEH HTNK HOLD (预算保护 cash=1651 aav帽=ok aav=4)
[18:28:26] t=7625 TANK HTNK x2
[18:28:26] t=7625 DEBT-GATE HTNK x2 (debt=0 eff=1651 < 1800)
[18:28:28] t=7625 jev VEH HTNK HOLD (预算保护 cash=1651 aav帽=ok aav=4)
[18:28:28] t=7628 TANK HTNK x2
[18:28:28] t=7628 DEBT-GATE HTNK x2 (debt=0 eff=1651 < 1800)
[18:28:30] t=7628 jev VEH HTNK HOLD (预算保护 cash=1651 aav帽=ok aav=4)
[18:28:30] t=7628 MOVE assault x74 -> (70,117)
[18:28:30] {"kind": "action", "what": "attack_move", "name": null, "qty": null, "tid": null, "ts": "18:28:30"}
[18:28:30] t=7630 TANK HTNK x2
[18:28:30] t=7630 DEBT-GATE HTNK x2 (debt=0 eff=1651 < 1800)
[18:28:32] t=7630 jev VEH HTNK HOLD (预算保护 cash=1651 aav帽=ok aav=4)
[18:28:32] t=7633 TANK HTNK x2
[18:28:32] t=7633 DEBT-GATE HTNK x2 (debt=0 eff=1651 < 1800)
[18:28:34] t=7633 jev VEH HTNK HOLD (预算保护 cash=1651 aav帽=ok aav=4)
[18:28:34] t=7635 TANK HTNK x2
[18:28:34] t=7635 DEBT-GATE HTNK x2 (debt=0 eff=1651 < 1800)
[18:28:36] t=7635 jev VEH HTNK HOLD (预算保护 cash=1651 aav帽=ok aav=4)
[18:28:36] t=7635 MOVE raid x2 -> (81,118)
[18:28:36] {"kind": "action", "what": "attack_move", "name": null, "qty": null, "tid": null, "ts": "18:28:36"}
[18:28:36] t=7638 TANK HTNK x2
[18:28:36] t=7638 DEBT-GATE HTNK x2 (debt=0 eff=1651 < 1800)
[18:28:38] t=7638 jev VEH HTNK HOLD (预算保护 cash=1651 aav帽=ok aav=4)
[18:28:38] t=7641 TANK HTNK x2
[18:28:38] t=7641 DEBT-GATE HTNK x2 (debt=0 eff=1651 < 1800)
[18:28:40] t=7641 jev VEH HTNK HOLD (预算保护 cash=1651 aav帽=ok aav=4)
[18:28:40] t=7643 TANK HTNK x2
[18:28:40] t=7643 DEBT-GATE HTNK x2 (debt=0 eff=1651 < 1800)
[18:28:41] t=7643 jev VEH HTNK HOLD (预算保护 cash=1651 aav帽=ok aav=4)
[18:28:42] t=7646 TANK HTNK x2
[18:28:42] {"kind": "action", "what": "produce", "name": "HTNK", "qty": 2, "tid": null, "ts": "18:28:42"}
[18:28:43] t=7646 MOVE assault x74 -> (70,117)
[18:28:44] {"kind": "action", "what": "attack_move", "name": null, "qty": null, "tid": null, "ts": "18:28:44"}
[18:28:45] t=7649 MOVE aahunt x2 -> (125,84)
[18:28:46] {"kind": "action", "what": "attack_move", "name": null, "qty": null, "tid": null, "ts": "18:28:46"}
[18:28:50] t=7657 ESCORT 坦克#2869 -> 护航矿车@[116, 135]
[18:28:50] {"kind": "action", "what": "attack_move", "name": null, "qty": null, "tid": null, "ts": "18:28:50"}
[18:28:55] t=7662 jev VEH HARV HOLD (预算保护 cash=301 aav帽=ok aav=4)
[18:28:57] t=7664 jev VEH HARV HOLD (预算保护 cash=301 aav帽=ok aav=4)
[18:28:57] t=7664 MOVE raid x2 -> (81,118); assault x76 -> (70,117)
[18:28:57] {"kind": "action", "what": "attack_move", "name": null, "qty": null, "tid": null, "ts": "18:28:57"}
[18:28:57] {"kind": "action", "what": "attack_move", "name": null, "qty": null, "tid": null, "ts": "18:28:57"}
[18:28:59] t=7667 jev VEH HTNK HOLD (预算保护 cash=301 aav帽=ok aav=4)
[18:29:01] t=7670 jev VEH HARV HOLD (预算保护 cash=301 aav帽=ok aav=4)
[18:29:01] t=7670 MOVE hold_b x2 -> (126,75)
[18:29:01] {"kind": "action", "what": "attack_move", "name": null, "qty": null, "tid": null, "ts": "18:29:01"}
[18:29:01] t=7670 tick#2925 credits=301 stance=attack | jev 2925 decisions p50=1683ms
[18:29:03] t=7673 jev VEH HTNK HOLD (预算保护 cash=301 aav帽=ok aav=4)
[18:29:05] t=7675 jev VEH HTNK HOLD (预算保护 cash=301 aav帽=ok aav=4)
[18:29:07] t=7678 jev VEH HTNK HOLD (预算保护 cash=301 aav帽=ok aav=4)
[18:29:09] t=7680 jev VEH HTNK HOLD (预算保护 cash=301 aav帽=ok aav=4)
[18:29:11] t=7683 jev VEH HTNK HOLD (预算保护 cash=301 aav帽=ok aav=4)
[18:29:11] t=7683 MOVE assault x76 -> (70,117)
[18:29:11] {"kind": "action", "what": "attack_move", "name": null, "qty": null, "tid": null, "ts": "18:29:11"}
[18:29:13] t=7686 jev VEH HTNK HOLD (预算保护 cash=301 aav帽=ok aav=4)
[18:29:15] t=7688 jev VEH HTNK HOLD (预算保护 cash=301 aav帽=ok aav=4)
[18:29:17] t=7691 jev VEH HTNK HOLD (预算保护 cash=301 aav帽=ok aav=4)
[18:29:17] t=7691 MOVE aahunt x2 -> (125,84)
[18:29:17] {"kind": "action", "what": "attack_move", "name": null, "qty": null, "tid": null, "ts": "18:29:17"}
[18:29:19] t=7694 jev VEH HTNK HOLD (预算保护 cash=301 aav帽=ok aav=4)
[18:29:19] t=7694 MOVE raid x2 -> (81,118)
[18:29:19] {"kind": "action", "what": "attack_move", "name": null, "qty": null, "tid": null, "ts": "18:29:19"}
[18:29:21] t=7696 jev VEH HTNK HOLD (预算保护 cash=301 aav帽=ok aav=4)
[18:29:21] t=7699 ESCORT 坦克#3539 -> 护航矿车@[128, 105]
[18:29:22] {"kind": "action", "what": "attack_move", "name": null, "qty": null, "tid": null, "ts": "18:29:22"}
[18:29:23] t=7699 jev VEH HTNK HOLD (预算保护 cash=301 aav帽=ok aav=4)
[18:29:23] t=7699 MOVE hold_a x2 -> (133,86)
[18:29:23] {"kind": "action", "what": "attack_move", "name": null, "qty": null, "tid": null, "ts": "18:29:23"}
[18:29:25] t=7702 jev VEH HTNK HOLD (预算保护 cash=301 aav帽=ok aav=4)
[18:29:25] t=7702 MOVE assault x76 -> (70,117)
[18:29:25] {"kind": "action", "what": "attack_move", "name": null, "qty": null, "tid": null, "ts": "18:29:25"}
[18:29:27] t=7704 jev VEH HTNK HOLD (预算保护 cash=301 aav帽=ok aav=4)
[18:29:29] t=7707 jev VEH HTNK HOLD (预算保护 cash=301 aav帽=ok aav=4)
[18:29:31] t=7710 jev VEH HTNK HOLD (预算保护 cash=301 aav帽=ok aav=4)
[18:29:33] t=7712 jev VEH HTNK HOLD (预算保护 cash=676 aav帽=ok aav=4)
[18:29:33] t=7715 RETREAT HTNK(30%)
[18:29:33] {"kind": "action", "what": "move", "name": null, "qty": null, "tid": null, "ts": "18:29:33"}
[18:29:35] t=7715 jev VEH HTNK HOLD (预算保护 cash=676 aav帽=ok aav=4)
[18:29:37] t=7718 jev VEH HTNK HOLD (预算保护 cash=676 aav帽=ok aav=4)
[18:29:39] t=7720 jev VEH HTNK HOLD (预算保护 cash=676 aav帽=ok aav=4)
[18:29:39] t=7720 MOVE assault x76 -> (70,117)
[18:29:39] {"kind": "action", "what": "attack_move", "name": null, "qty": null, "tid": null, "ts": "18:29:39"}
[18:29:41] t=7723 jev VEH HTNK HOLD (预算保护 cash=676 aav帽=ok aav=4)
[18:29:41] t=7723 MOVE raid x2 -> (81,118)
[18:29:41] {"kind": "action", "what": "attack_move", "name": null, "qty": null, "tid": null, "ts": "18:29:41"}
[18:29:43] t=7725 jev VEH HTNK HOLD (预算保护 cash=676 aav帽=ok aav=4)
[18:29:45] t=7728 jev VEH HTNK HOLD (预算保护 cash=676 aav帽=ok aav=4)
[18:29:47] t=7731 jev VEH HTNK HOLD (预算保护 cash=676 aav帽=ok aav=4)
[18:29:49] t=7733 jev VEH HTNK HOLD (预算保护 cash=676 aav帽=ok aav=4)
[18:29:49] t=7733 MOVE aahunt x2 -> (125,84)
[18:29:49] {"kind": "action", "what": "attack_move", "name": null, "qty": null, "tid": null, "ts": "18:29:49"}
[18:29:51] t=7736 jev VEH HTNK HOLD (预算保护 cash=676 aav帽=ok aav=4)
[18:29:51] t=7736 tick#2950 credits=676 stance=attack | jev 2950 decisions p50=1684ms
[18:29:53] t=7739 jev VEH HTNK HOLD (预算保护 cash=676 aav帽=ok aav=4)
[18:29:53] t=7739 MOVE assault x76 -> (70,117)
[18:29:53] {"kind": "action", "what": "attack_move", "name": null, "qty": null, "tid": null, "ts": "18:29:53"}
[18:29:53] t=7741 ESCORT 坦克#2869 -> 护航矿车@[119, 128]
[18:29:53] {"kind": "action", "what": "attack_move", "name": null, "qty": null, "tid": null, "ts": "18:29:53"}
[18:29:55] t=7741 jev VEH HTNK HOLD (预算保护 cash=676 aav帽=ok aav=4)
[18:29:55] t=7744 TANK HTNK x1
[18:29:55] {"kind": "action", "what": "produce", "name": "HTNK", "qty": 1, "tid": null, "ts": "18:29:55"}
[18:30:03] t=7752 jev VEH HTNK HOLD (预算保护 cash=76 aav帽=ok aav=4)
[18:30:03] t=7752 MOVE raid x2 -> (81,118); hold_b x2 -> (126,75)
[18:30:03] {"kind": "action", "what": "attack_move", "name": null, "qty": null, "tid": null, "ts": "18:30:03"}
[18:30:03] {"kind": "action", "what": "attack_move", "name": null, "qty": null, "tid": null, "ts": "18:30:03"}
[18:30:05] t=7755 jev VEH HTNK HOLD (预算保护 cash=76 aav帽=ok aav=4)
[18:30:07] t=7757 jev VEH HTNK HOLD (预算保护 cash=76 aav帽=ok aav=4)
[18:30:07] t=7757 MOVE assault x77 -> (70,117)
[18:30:07] {"kind": "action", "what": "attack_move", "name": null, "qty": null, "tid": null, "ts": "18:30:07"}
[18:30:09] t=7760 jev VEH HTNK HOLD (预算保护 cash=76 aav帽=ok aav=4)
[18:30:11] t=7762 jev VEH HTNK HOLD (预算保护 cash=76 aav帽=ok aav=4)
[18:30:13] t=7765 jev VEH HTNK HOLD (预算保护 cash=76 aav帽=ok aav=4)
[18:30:15] t=7768 jev VEH HTNK HOLD (预算保护 cash=76 aav帽=ok aav=4)
[18:30:17] t=7770 jev VEH HTNK HOLD (预算保护 cash=76 aav帽=ok aav=4)
[18:30:19] t=7773 jev VEH HTNK HOLD (预算保护 cash=76 aav帽=ok aav=4)
[18:30:21] t=7775 jev VEH HTNK HOLD (预算保护 cash=76 aav帽=ok aav=4)
[18:30:21] t=7775 MOVE assault x77 -> (70,117); aahunt x2 -> (125,84)
[18:30:21] {"kind": "action", "what": "attack_move", "name": null, "qty": null, "tid": null, "ts": "18:30:21"}
[18:30:21] {"kind": "action", "what": "attack_move", "name": null, "qty": null, "tid": null, "ts": "18:30:21"}
[18:30:23] t=7778 jev VEH HTNK HOLD (预算保护 cash=76 aav帽=ok aav=4)
[18:30:25] t=7781 jev VEH HTNK HOLD (预算保护 cash=76 aav帽=ok aav=4)
[18:30:25] t=7781 MOVE raid x2 -> (81,118); hold_a x2 -> (133,86)
[18:30:25] {"kind": "action", "what": "attack_move", "name": null, "qty": null, "tid": null, "ts": "18:30:25"}
[18:30:25] {"kind": "action", "what": "attack_move", "name": null, "qty": null, "tid": null, "ts": "18:30:25"}
[18:30:25] t=7783 ESCORT 坦克#3243 -> 护航矿车@[128, 105]
[18:30:25] {"kind": "action", "what": "attack_move", "name": null, "qty": null, "tid": null, "ts": "18:30:25"}
[18:30:27] t=7783 jev VEH HTNK HOLD (预算保护 cash=76 aav帽=ok aav=4)
[18:30:29] t=7786 jev VEH HTNK HOLD (预算保护 cash=76 aav帽=ok aav=4)
[18:30:31] t=7789 jev VEH HTNK HOLD (预算保护 cash=76 aav帽=ok aav=4)
[18:30:31] t=7791 TANK HTNK x1
[18:30:31] t=7791 DEBT-GATE HTNK x1 (debt=0 eff=826 < 900)
[18:30:32] t=7791 jev VEH HTNK HOLD (预算保护 cash=826 aav帽=ok aav=4)
[18:30:33] t=7794 TANK HTNK x1
[18:30:33] t=7794 DEBT-GATE HTNK x1 (debt=0 eff=826 < 900)
[18:30:34] t=7794 jev VEH HTNK HOLD (预算保护 cash=826 aav帽=ok aav=4)
[18:30:34] t=7794 MOVE assault x77 -> (70,117)
[18:30:34] {"kind": "action", "what": "attack_move", "name": null, "qty": null, "tid": null, "ts": "18:30:34"}
[18:30:35] t=7797 TANK HTNK x1
[18:30:35] t=7797 DEBT-GATE HTNK x1 (debt=0 eff=826 < 900)
[18:30:36] t=7797 jev VEH HTNK HOLD (预算保护 cash=826 aav帽=ok aav=4)
[18:30:37] t=7799 TANK HTNK x1
[18:30:37] t=7799 DEBT-GATE HTNK x1 (debt=0 eff=826 < 900)
[18:30:38] t=7799 jev VEH HTNK HOLD (预算保护 cash=826 aav帽=ok aav=4)
[18:30:39] t=7802 TANK HTNK x1
[18:30:39] t=7802 DEBT-GATE HTNK x1 (debt=0 eff=826 < 900)
[18:30:40] t=7802 jev VEH HTNK HOLD (预算保护 cash=826 aav帽=ok aav=4)
[18:30:40] t=7802 tick#2975 credits=826 stance=attack | jev 2975 decisions p50=1683ms
[18:30:41] t=7804 TANK HTNK x1
[18:30:41] t=7804 DEBT-GATE HTNK x1 (debt=0 eff=826 < 900)
[18:30:42] t=7804 jev VEH HTNK HOLD (预算保护 cash=826 aav帽=ok aav=4)
[18:30:43] t=7807 TANK HTNK x1
[18:30:43] t=7807 DEBT-GATE HTNK x1 (debt=0 eff=826 < 900)
[18:30:44] t=7807 jev VEH HTNK HOLD (预算保护 cash=826 aav帽=ok aav=4)
[18:30:44] t=7810 TANK HTNK x1
[18:30:44] t=7810 DEBT-GATE HTNK x1 (debt=0 eff=826 < 900)
[18:30:46] t=7810 jev VEH HTNK HOLD (预算保护 cash=826 aav帽=ok aav=4)
[18:30:46] t=7810 MOVE raid x2 -> (81,118)
[18:30:46] {"kind": "action", "what": "attack_move", "name": null, "qty": null, "tid": null, "ts": "18:30:46"}
[18:30:46] t=7812 TANK HTNK x1
[18:30:46] t=7812 DEBT-GATE HTNK x1 (debt=0 eff=826 < 900)
[18:30:48] t=7812 jev VEH HTNK HOLD (预算保护 cash=826 aav帽=ok aav=4)
[18:30:48] t=7812 MOVE assault x77 -> (70,117)
[18:30:48] {"kind": "action", "what": "attack_move", "name": null, "qty": null, "tid": null, "ts": "18:30:48"}
[18:30:48] t=7815 TANK HTNK x1
[18:30:48] t=7815 DEBT-GATE HTNK x1 (debt=0 eff=826 < 900)
[18:30:50] t=7815 jev VEH HTNK HOLD (预算保护 cash=826 aav帽=ok aav=4)
[18:30:50] t=7817 TANK HTNK x1
[18:30:50] {"kind": "action", "what": "produce", "name": "HTNK", "qty": 1, "tid": null, "ts": "18:30:50"}
[18:30:52] t=7817 MOVE aahunt x2 -> (125,84)
[18:30:52] {"kind": "action", "what": "attack_move", "name": null, "qty": null, "tid": null, "ts": "18:30:52"}
[18:30:56] t=7825 ESCORT 坦克#3028 -> 护航矿车@[120, 120]
[18:30:56] {"kind": "action", "what": "attack_move", "name": null, "qty": null, "tid": null, "ts": "18:30:56"}
[18:30:58] t=7825 jev VEH HTNK HOLD (预算保护 cash=226 aav帽=ok aav=4)
[18:31:00] t=7828 jev VEH HTNK HOLD (预算保护 cash=226 aav帽=ok aav=4)
[18:31:02] t=7831 jev VEH HTNK HOLD (预算保护 cash=226 aav帽=ok aav=4)
[18:31:02] t=7831 MOVE assault x78 -> (70,117)
[18:31:02] {"kind": "action", "what": "attack_move", "name": null, "qty": null, "tid": null, "ts": "18:31:02"}
[18:31:04] t=7833 jev VEH HTNK HOLD (预算保护 cash=226 aav帽=ok aav=4)
[18:31:04] t=7833 MOVE hold_b x2 -> (126,75)
[18:31:04] {"kind": "action", "what": "attack_move", "name": null, "qty": null, "tid": null, "ts": "18:31:04"}
[18:31:06] t=7836 jev VEH HTNK HOLD (预算保护 cash=226 aav帽=ok aav=4)
[18:31:08] t=7839 jev VEH HTNK HOLD (预算保护 cash=226 aav帽=ok aav=4)
[18:31:08] t=7839 MOVE raid x2 -> (81,118)
[18:31:08] {"kind": "action", "what": "attack_move", "name": null, "qty": null, "tid": null, "ts": "18:31:08"}
[18:31:10] t=7841 jev VEH HTNK HOLD (预算保护 cash=226 aav帽=ok aav=4)
[18:31:12] t=7844 jev VEH HTNK HOLD (预算保护 cash=226 aav帽=ok aav=4)
[18:31:14] t=7846 jev VEH HTNK HOLD (预算保护 cash=226 aav帽=ok aav=4)
[18:31:16] t=7849 jev VEH HTNK HOLD (预算保护 cash=226 aav帽=ok aav=4)
[18:31:16] t=7849 MOVE assault x78 -> (70,117)
[18:31:16] {"kind": "action", "what": "attack_move", "name": null, "qty": null, "tid": null, "ts": "18:31:16"}
[18:31:18] t=7852 jev VEH HTNK HOLD (预算保护 cash=226 aav帽=ok aav=4)
[18:31:20] t=7854 jev VEH HTNK HOLD (预算保护 cash=226 aav帽=ok aav=4)
[18:31:22] t=7857 jev VEH HTNK HOLD (预算保护 cash=226 aav帽=ok aav=4)
[18:31:24] t=7860 jev VEH HARV HOLD (预算保护 cash=226 aav帽=ok aav=4)
[18:31:24] t=7860 MOVE aahunt x2 -> (125,84)
[18:31:24] {"kind": "action", "what": "attack_move", "name": null, "qty": null, "tid": null, "ts": "18:31:24"}
[18:31:26] t=7862 jev VEH HTNK HOLD (预算保护 cash=226 aav帽=ok aav=4)
[18:31:26] t=7862 MOVE hold_a x2 -> (133,86)
[18:31:26] {"kind": "action", "what": "attack_move", "name": null, "qty": null, "tid": null, "ts": "18:31:26"}
[18:31:28] t=7865 jev VEH HTNK HOLD (预算保护 cash=226 aav帽=ok aav=4)
[18:31:28] t=7868 ESCORT 坦克#2869 -> 护航矿车@[115, 135]
[18:31:28] {"kind": "action", "what": "attack_move", "name": null, "qty": null, "tid": null, "ts": "18:31:28"}
[18:31:30] t=7868 jev VEH HARV HOLD (预算保护 cash=676 aav帽=ok aav=4)
[18:31:30] t=7868 MOVE raid x2 -> (81,118); assault x78 -> (70,117)
[18:31:30] {"kind": "action", "what": "attack_move", "name": null, "qty": null, "tid": null, "ts": "18:31:30"}
[18:31:30] {"kind": "action", "what": "attack_move", "name": null, "qty": null, "tid": null, "ts": "18:31:30"}
[18:31:30] t=7868 tick#3000 credits=676 stance=attack | jev 3000 decisions p50=1683ms
[18:31:32] t=7870 jev VEH HTNK HOLD (预算保护 cash=676 aav帽=ok aav=4)
[18:31:34] t=7873 jev VEH HTNK HOLD (预算保护 cash=676 aav帽=ok aav=4)
[18:31:34] t=7876 RETREAT HTNK(31%)
[18:31:34] {"kind": "action", "what": "move", "name": null, "qty": null, "tid": null, "ts": "18:31:34"}
[18:31:36] t=7876 jev VEH HTNK HOLD (预算保护 cash=676 aav帽=ok aav=4)
[18:31:38] t=7878 jev VEH HTNK HOLD (预算保护 cash=676 aav帽=ok aav=4)
[18:31:40] t=7881 jev VEH HTNK HOLD (预算保护 cash=676 aav帽=ok aav=4)
[18:31:42] t=7884 jev VEH HTNK HOLD (预算保护 cash=676 aav帽=ok aav=4)
[18:31:44] t=7886 jev VEH HTNK HOLD (预算保护 cash=676 aav帽=ok aav=4)
[18:31:44] t=7886 MOVE assault x78 -> (70,117)
[18:31:44] {"kind": "action", "what": "attack_move", "name": null, "qty": null, "tid": null, "ts": "18:31:44"}
[18:31:46] t=7889 jev VEH HTNK HOLD (预算保护 cash=676 aav帽=ok aav=4)
[18:31:48] t=7891 jev VEH HTNK HOLD (预算保护 cash=676 aav帽=ok aav=4)
[18:31:50] t=7894 jev VEH HTNK HOLD (预算保护 cash=676 aav帽=ok aav=4)
[18:31:52] t=7897 jev VEH HTNK HOLD (预算保护 cash=676 aav帽=ok aav=4)
[18:31:52] t=7897 MOVE raid x2 -> (81,118)
[18:31:52] {"kind": "action", "what": "attack_move", "name": null, "qty": null, "tid": null, "ts": "18:31:52"}
[18:31:54] t=7899 jev VEH HTNK HOLD (预算保护 cash=676 aav帽=ok aav=4)
[18:31:56] t=7902 jev VEH HTNK HOLD (预算保护 cash=676 aav帽=ok aav=4)
[18:31:56] t=7902 MOVE aahunt x2 -> (125,84)
[18:31:56] {"kind": "action", "what": "attack_move", "name": null, "qty": null, "tid": null, "ts": "18:31:56"}
[18:31:58] t=7905 jev VEH HTNK HOLD (预算保护 cash=676 aav帽=ok aav=4)
[18:31:58] t=7905 MOVE assault x78 -> (70,117)
[18:31:58] {"kind": "action", "what": "attack_move", "name": null, "qty": null, "tid": null, "ts": "18:31:58"}
[18:32:00] t=7907 jev VEH HTNK HOLD (预算保护 cash=676 aav帽=ok aav=4)
[18:32:00] t=7910 ESCORT 坦克#3087 -> 护航矿车@[127, 105]
[18:32:00] {"kind": "action", "what": "attack_move", "name": null, "qty": null, "tid": null, "ts": "18:32:00"}
[18:32:02] t=7910 jev VEH HTNK HOLD (预算保护 cash=676 aav帽=ok aav=4)
[18:32:04] t=7913 jev VEH HTNK HOLD (预算保护 cash=676 aav帽=ok aav=4)
[18:32:05] t=7915 jev VEH HTNK HOLD (预算保护 cash=676 aav帽=ok aav=4)
[18:32:05] t=7915 MOVE hold_b x2 -> (126,75)
[18:32:05] {"kind": "action", "what": "attack_move", "name": null, "qty": null, "tid": null, "ts": "18:32:05"}
[18:32:07] t=7918 jev VEH HTNK HOLD (预算保护 cash=676 aav帽=ok aav=4)
[18:32:09] t=7920 jev VEH HTNK HOLD (预算保护 cash=676 aav帽=ok aav=4)
[18:32:11] t=7923 jev VEH HTNK HOLD (预算保护 cash=676 aav帽=ok aav=4)
[18:32:11] t=7923 MOVE assault x78 -> (70,117)
[18:32:11] {"kind": "action", "what": "attack_move", "name": null, "qty": null, "tid": null, "ts": "18:32:11"}
[18:32:13] t=7926 jev VEH HTNK HOLD (预算保护 cash=676 aav帽=ok aav=4)
[18:32:13] t=7926 MOVE raid x2 -> (81,118)
[18:32:13] {"kind": "action", "what": "attack_move", "name": null, "qty": null, "tid": null, "ts": "18:32:13"}
[18:32:15] t=7928 jev VEH HTNK HOLD (预算保护 cash=676 aav帽=ok aav=4)
[18:32:16] t=7931 TANK HTNK x1
[18:32:16] {"kind": "action", "what": "produce", "name": "HTNK", "qty": 1, "tid": null, "ts": "18:32:16"}
[18:32:19] t=7934 tick#3025 credits=810 stance=attack | jev 3025 decisions p50=1683ms
[18:32:23] t=7939 jev VEH HTNK HOLD (预算保护 cash=226 aav帽=ok aav=4)
[18:32:25] t=7942 jev VEH HTNK HOLD (预算保护 cash=226 aav帽=ok aav=4)
[18:32:25] t=7942 MOVE assault x79 -> (70,117)
[18:32:25] {"kind": "action", "what": "attack_move", "name": null, "qty": null, "tid": null, "ts": "18:32:25"}
[18:32:27] t=7944 jev VEH HTNK HOLD (预算保护 cash=226 aav帽=ok aav=4)
[18:32:27] t=7944 MOVE hold_a x2 -> (133,86); aahunt x2 -> (125,84)
[18:32:27] {"kind": "action", "what": "attack_move", "name": null, "qty": null, "tid": null, "ts": "18:32:27"}
[18:32:27] {"kind": "action", "what": "attack_move", "name": null, "qty": null, "tid": null, "ts": "18:32:27"}
[18:32:29] t=7947 jev VEH HTNK HOLD (预算保护 cash=226 aav帽=ok aav=4)
[18:32:31] t=7950 jev VEH HTNK HOLD (预算保护 cash=226 aav帽=ok aav=4)
[18:32:33] t=7952 jev VEH HTNK HOLD (预算保护 cash=226 aav帽=ok aav=4)
[18:32:35] t=7955 jev VEH HTNK HOLD (预算保护 cash=226 aav帽=ok aav=4)
[18:32:35] t=7955 MOVE raid x2 -> (81,118)
[18:32:35] {"kind": "action", "what": "attack_move", "name": null, "qty": null, "tid": null, "ts": "18:32:35"}
[18:32:37] t=7957 jev VEH HTNK HOLD (预算保护 cash=226 aav帽=ok aav=4)
[18:32:39] t=7960 jev VEH HTNK HOLD (预算保护 cash=226 aav帽=ok aav=4)
[18:32:39] t=7960 MOVE assault x79 -> (70,117)
[18:32:39] {"kind": "action", "what": "attack_move", "name": null, "qty": null, "tid": null, "ts": "18:32:39"}
[18:32:41] t=7963 jev VEH HTNK HOLD (预算保护 cash=226 aav帽=ok aav=4)
[18:32:43] t=7965 jev VEH HTNK HOLD (预算保护 cash=751 aav帽=ok aav=4)
[18:32:45] t=7968 jev VEH HTNK HOLD (预算保护 cash=751 aav帽=ok aav=4)
[18:32:47] t=7971 jev VEH HTNK HOLD (预算保护 cash=751 aav帽=ok aav=4)
[18:32:49] t=7973 jev VEH HTNK HOLD (预算保护 cash=751 aav帽=ok aav=4)
[18:32:51] t=7976 jev VEH HTNK HOLD (预算保护 cash=751 aav帽=ok aav=4)
[18:32:53] t=7978 jev VEH HTNK HOLD (预算保护 cash=751 aav帽=ok aav=4)
[18:32:53] t=7978 MOVE assault x79 -> (70,117)
[18:32:53] {"kind": "action", "what": "attack_move", "name": null, "qty": null, "tid": null, "ts": "18:32:53"}
[18:32:55] t=7981 jev VEH HTNK HOLD (预算保护 cash=751 aav帽=ok aav=4)
[18:32:55] t=7984 TANK HTNK x1
[18:32:55] t=7984 ESCORT 坦克#3087 -> 护航矿车@[121, 102]
[18:32:55] {"kind": "action", "what": "produce", "name": "HTNK", "qty": 1, "tid": null, "ts": "18:32:55"}
[18:32:55] {"kind": "action", "what": "attack_move", "name": null, "qty": null, "tid": null, "ts": "18:32:55"}
[18:32:57] t=7984 MOVE raid x2 -> (81,118)
[18:32:57] {"kind": "action", "what": "attack_move", "name": null, "qty": null, "tid": null, "ts": "18:32:57"}
[18:32:59] t=7986 MOVE aahunt x2 -> (125,84)
[18:32:59] {"kind": "action", "what": "attack_move", "name": null, "qty": null, "tid": null, "ts": "18:32:59"}
[18:33:03] t=7992 jev VEH HTNK HOLD (预算保护 cash=226 aav帽=ok aav=4)
[18:33:05] t=7994 jev VEH HTNK HOLD (预算保护 cash=226 aav帽=ok aav=4)
[18:33:07] t=7997 jev VEH HTNK HOLD (预算保护 cash=226 aav帽=ok aav=4)
[18:33:07] t=7997 MOVE assault x80 -> (70,117); hold_b x2 -> (126,75)
[18:33:07] {"kind": "action", "what": "attack_move", "name": null, "qty": null, "tid": null, "ts": "18:33:07"}
[18:33:07] {"kind": "action", "what": "attack_move", "name": null, "qty": null, "tid": null, "ts": "18:33:07"}
[18:33:09] t=8000 jev VEH HTNK HOLD (预算保护 cash=226 aav帽=ok aav=4)
[18:33:09] t=8000 tick#3050 credits=226 stance=attack | jev 3050 decisions p50=1683ms
[18:33:11] t=8002 jev VEH HTNK HOLD (预算保护 cash=226 aav帽=ok aav=4)
[18:33:13] t=8005 jev VEH HTNK HOLD (预算保护 cash=226 aav帽=ok aav=4)
[18:33:15] t=8007 jev VEH HTNK HOLD (预算保护 cash=226 aav帽=ok aav=4)
[18:33:17] t=8010 jev VEH HTNK HOLD (预算保护 cash=226 aav帽=ok aav=4)
[18:33:19] t=8013 jev VEH HTNK HOLD (预算保护 cash=226 aav帽=ok aav=4)
[18:33:19] t=8013 MOVE raid x2 -> (81,118)
[18:33:19] {"kind": "action", "what": "attack_move", "name": null, "qty": null, "tid": null, "ts": "18:33:19"}
[18:33:21] t=8015 jev VEH HTNK HOLD (预算保护 cash=226 aav帽=ok aav=4)
[18:33:21] t=8015 MOVE assault x80 -> (70,117)
[18:33:21] {"kind": "action", "what": "attack_move", "name": null, "qty": null, "tid": null, "ts": "18:33:21"}
[18:33:21] t=8018 RETREAT HTNK(30%)
[18:33:21] {"kind": "action", "what": "move", "name": null, "qty": null, "tid": null, "ts": "18:33:21"}
[18:33:23] t=8018 jev VEH HTNK HOLD (预算保护 cash=526 aav帽=ok aav=4)
[18:33:25] t=8021 jev VEH HTNK HOLD (预算保护 cash=526 aav帽=ok aav=4)
[18:33:26] t=8023 jev VEH HTNK HOLD (预算保护 cash=526 aav帽=ok aav=4)
[18:33:27] t=8026 ESCORT 坦克#3539 -> 护航矿车@[128, 104]
[18:33:27] {"kind": "action", "what": "attack_move", "name": null, "qty": null, "tid": null, "ts": "18:33:27"}
[18:33:28] t=8026 jev VEH HTNK HOLD (预算保护 cash=526 aav帽=ok aav=4)
[18:33:28] t=8026 MOVE hold_a x2 -> (133,86)
[18:33:29] {"kind": "action", "what": "attack_move", "name": null, "qty": null, "tid": null, "ts": "18:33:29"}
[18:33:30] t=8029 jev VEH HTNK HOLD (预算保护 cash=526 aav帽=ok aav=4)
[18:33:30] t=8029 MOVE aahunt x2 -> (125,84)
[18:33:31] {"kind": "action", "what": "attack_move", "name": null, "qty": null, "tid": null, "ts": "18:33:31"}
[18:33:32] t=8031 jev VEH HTNK HOLD (预算保护 cash=526 aav帽=ok aav=4)
[18:33:34] t=8034 jev VEH HTNK HOLD (预算保护 cash=526 aav帽=ok aav=4)
[18:33:34] t=8034 MOVE assault x80 -> (70,117)
[18:33:34] {"kind": "action", "what": "attack_move", "name": null, "qty": null, "tid": null, "ts": "18:33:34"}
[18:33:36] t=8037 jev VEH HTNK HOLD (预算保护 cash=526 aav帽=ok aav=4)
[18:33:38] t=8039 jev VEH HTNK HOLD (预算保护 cash=526 aav帽=ok aav=4)
[18:33:40] t=8042 jev VEH HTNK HOLD (预算保护 cash=526 aav帽=ok aav=4)
[18:33:40] t=8042 MOVE raid x2 -> (81,118)
[18:33:40] {"kind": "action", "what": "attack_move", "name": null, "qty": null, "tid": null, "ts": "18:33:40"}
[18:33:42] t=8044 jev VEH HTNK HOLD (预算保护 cash=526 aav帽=ok aav=4)
[18:33:44] t=8047 jev VEH HTNK HOLD (预算保护 cash=526 aav帽=ok aav=4)
[18:33:46] t=8050 jev VEH HTNK HOLD (预算保护 cash=526 aav帽=ok aav=4)
[18:33:48] t=8052 jev VEH HTNK HOLD (预算保护 cash=526 aav帽=ok aav=4)
[18:33:48] t=8052 MOVE assault x80 -> (70,117)
[18:33:48] {"kind": "action", "what": "attack_move", "name": null, "qty": null, "tid": null, "ts": "18:33:48"}
[18:33:50] t=8055 jev VEH HTNK HOLD (预算保护 cash=526 aav帽=ok aav=4)
[18:33:52] t=8058 jev VEH HTNK HOLD (预算保护 cash=526 aav帽=ok aav=4)
[18:33:54] t=8060 jev VEH HTNK HOLD (预算保护 cash=526 aav帽=ok aav=4)
[18:33:56] t=8063 jev VEH HTNK HOLD (预算保护 cash=526 aav帽=ok aav=4)
[18:33:58] t=8065 jev VEH HTNK HOLD (预算保护 cash=526 aav帽=ok aav=4)
[18:33:58] t=8065 tick#3075 credits=526 stance=attack | jev 3075 decisions p50=1683ms
[18:33:58] t=8068 ESCORT 坦克#2869 -> 护航矿车@[117, 133]
[18:33:58] {"kind": "action", "what": "attack_move", "name": null, "qty": null, "tid": null, "ts": "18:33:58"}
[18:34:00] t=8068 jev VEH HTNK HOLD (预算保护 cash=526 aav帽=ok aav=4)
[18:34:02] t=8071 jev VEH HTNK HOLD (预算保护 cash=526 aav帽=ok aav=4)
[18:34:02] t=8071 MOVE raid x2 -> (81,118); assault x80 -> (70,117); aahunt x2 -> (125,84)
[18:34:02] {"kind": "action", "what": "attack_move", "name": null, "qty": null, "tid": null, "ts": "18:34:02"}
[18:34:02] {"kind": "action", "what": "attack_move", "name": null, "qty": null, "tid": null, "ts": "18:34:02"}
[18:34:02] {"kind": "action", "what": "attack_move", "name": null, "qty": null, "tid": null, "ts": "18:34:02"}
[18:34:04] t=8074 jev VEH HARV HOLD (预算保护 cash=526 aav帽=ok aav=4)
[18:34:06] t=8076 jev VEH HARV HOLD (预算保护 cash=526 aav帽=ok aav=4)
[18:34:08] t=8079 jev VEH HARV HOLD (预算保护 cash=526 aav帽=ok aav=4)
[18:34:08] t=8079 MOVE hold_b x2 -> (126,75)
[18:34:08] {"kind": "action", "what": "attack_move", "name": null, "qty": null, "tid": null, "ts": "18:34:08"}
[18:34:10] t=8081 jev VEH HTNK HOLD (预算保护 cash=526 aav帽=ok aav=4)
[18:34:12] t=8084 jev VEH HTNK HOLD (预算保护 cash=526 aav帽=ok aav=4)
[18:34:14] t=8087 jev VEH HTNK HOLD (预算保护 cash=526 aav帽=ok aav=4)
[18:34:16] t=8089 jev VEH HTNK HOLD (预算保护 cash=526 aav帽=ok aav=4)
[18:34:16] t=8089 MOVE assault x80 -> (70,117)
[18:34:16] {"kind": "action", "what": "attack_move", "name": null, "qty": null, "tid": null, "ts": "18:34:16"}
[18:34:18] t=8092 jev VEH HTNK HOLD (预算保护 cash=751 aav帽=ok aav=4)
[18:34:20] t=8095 jev VEH HTNK HOLD (预算保护 cash=751 aav帽=ok aav=4)
[18:34:22] t=8097 jev VEH HTNK HOLD (预算保护 cash=751 aav帽=ok aav=4)
[18:34:24] t=8100 jev VEH HTNK HOLD (预算保护 cash=751 aav帽=ok aav=4)
[18:34:24] t=8100 MOVE raid x2 -> (81,118)
[18:34:24] {"kind": "action", "what": "attack_move", "name": null, "qty": null, "tid": null, "ts": "18:34:24"}
[18:34:26] t=8102 jev VEH HTNK HOLD (预算保护 cash=751 aav帽=ok aav=4)
[18:34:28] t=8105 jev VEH HTNK HOLD (预算保护 cash=751 aav帽=ok aav=4)
[18:34:28] t=8108 TANK HTNK x1
[18:34:28] {"kind": "action", "what": "produce", "name": "HTNK", "qty": 1, "tid": null, "ts": "18:34:28"}
[18:34:30] t=8108 MOVE assault x80 -> (70,117); hold_a x2 -> (133,86)
[18:34:30] {"kind": "action", "what": "attack_move", "name": null, "qty": null, "tid": null, "ts": "18:34:30"}
[18:34:30] {"kind": "action", "what": "attack_move", "name": null, "qty": null, "tid": null, "ts": "18:34:30"}
[18:34:30] t=8110 ESCORT 坦克#3584 -> 护航矿车@[123, 102]
[18:34:30] {"kind": "action", "what": "attack_move", "name": null, "qty": null, "tid": null, "ts": "18:34:30"}
[18:34:34] t=8113 MOVE aahunt x2 -> (125,84)
[18:34:34] {"kind": "action", "what": "attack_move", "name": null, "qty": null, "tid": null, "ts": "18:34:34"}
[18:34:36] t=8116 jev VEH HTNK HOLD (预算保护 cash=226 aav帽=ok aav=4)
[18:34:38] t=8118 jev VEH HTNK HOLD (预算保护 cash=226 aav帽=ok aav=4)
[18:34:40] t=8121 jev VEH HTNK HOLD (预算保护 cash=226 aav帽=ok aav=4)
[18:34:42] t=8124 jev VEH HARV HOLD (预算保护 cash=226 aav帽=ok aav=4)
[18:34:44] t=8126 jev VEH HTNK HOLD (预算保护 cash=226 aav帽=ok aav=4)
[18:34:44] t=8126 MOVE assault x81 -> (70,117)
[18:34:44] {"kind": "action", "what": "attack_move", "name": null, "qty": null, "tid": null, "ts": "18:34:44"}
[18:34:46] t=8129 jev VEH HTNK HOLD (预算保护 cash=226 aav帽=ok aav=4)
[18:34:46] t=8129 MOVE raid x2 -> (81,118)
[18:34:46] {"kind": "action", "what": "attack_move", "name": null, "qty": null, "tid": null, "ts": "18:34:46"}
[18:34:48] t=8131 jev VEH HTNK HOLD (预算保护 cash=226 aav帽=ok aav=4)
[18:34:48] t=8131 tick#3100 credits=226 stance=attack | jev 3100 decisions p50=1683ms
[18:34:50] t=8134 jev VEH HTNK HOLD (预算保护 cash=226 aav帽=ok aav=4)
[18:34:52] t=8137 jev VEH HTNK HOLD (预算保护 cash=226 aav帽=ok aav=4)
[18:34:54] t=8139 jev VEH HTNK HOLD (预算保护 cash=226 aav帽=ok aav=4)
[18:34:55] t=8142 jev VEH HTNK HOLD (预算保护 cash=226 aav帽=ok aav=4)
[18:34:57] t=8145 jev VEH HTNK HOLD (预算保护 cash=226 aav帽=ok aav=4)
[18:34:57] t=8145 MOVE assault x81 -> (70,117)
[18:34:57] {"kind": "action", "what": "attack_move", "name": null, "qty": null, "tid": null, "ts": "18:34:57"}
[18:34:58] t=8147 TANK HTNK x1
[18:34:58] t=8147 DEBT-GATE HTNK x1 (debt=0 eff=826 < 900)
[18:34:59] t=8147 jev VEH HTNK HOLD (预算保护 cash=826 aav帽=ok aav=4)
[18:35:00] t=8150 TANK HTNK x1
[18:35:00] t=8150 DEBT-GATE HTNK x1 (debt=0 eff=826 < 900)
[18:35:01] t=8150 jev VEH HTNK HOLD (预算保护 cash=826 aav帽=ok aav=4)
[18:35:02] t=8152 TANK HTNK x1
[18:35:02] t=8152 ESCORT 坦克#3584 -> 护航矿车@[128, 104]
[18:35:02] t=8152 DEBT-GATE HTNK x1 (debt=0 eff=826 < 900)
[18:35:02] {"kind": "action", "what": "attack_move", "name": null, "qty": null, "tid": null, "ts": "18:35:02"}
[18:35:03] t=8152 jev VEH HTNK HOLD (预算保护 cash=826 aav帽=ok aav=4)
[18:35:04] t=8155 TANK HTNK x1
[18:35:04] t=8155 DEBT-GATE HTNK x1 (debt=0 eff=826 < 900)
[18:35:05] t=8155 jev VEH HTNK HOLD (预算保护 cash=826 aav帽=ok aav=4)
[18:35:05] t=8155 MOVE aahunt x2 -> (125,84)
[18:35:05] {"kind": "action", "what": "attack_move", "name": null, "qty": null, "tid": null, "ts": "18:35:05"}
[18:35:06] t=8158 TANK HTNK x1
[18:35:06] t=8158 DEBT-GATE HTNK x1 (debt=0 eff=826 < 900)
[18:35:07] t=8158 jev VEH HTNK HOLD (预算保护 cash=826 aav帽=ok aav=4)
[18:35:07] t=8158 MOVE raid x2 -> (81,118)
[18:35:07] {"kind": "action", "what": "attack_move", "name": null, "qty": null, "tid": null, "ts": "18:35:07"}
[18:35:08] t=8160 TANK HTNK x1
[18:35:08] t=8160 DEBT-GATE HTNK x1 (debt=0 eff=826 < 900)
[18:35:09] t=8160 jev VEH HTNK HOLD (预算保护 cash=826 aav帽=ok aav=4)
[18:35:09] t=8160 MOVE hold_b x2 -> (126,75)
[18:35:09] {"kind": "action", "what": "attack_move", "name": null, "qty": null, "tid": null, "ts": "18:35:09"}
[18:35:10] t=8163 TANK HTNK x1
[18:35:10] t=8163 DEBT-GATE HTNK x1 (debt=0 eff=826 < 900)
[18:35:11] t=8163 jev VEH HTNK HOLD (预算保护 cash=826 aav帽=ok aav=4)
[18:35:11] t=8163 MOVE assault x81 -> (70,117)
[18:35:11] {"kind": "action", "what": "attack_move", "name": null, "qty": null, "tid": null, "ts": "18:35:11"}
[18:35:12] t=8166 TANK HTNK x1
[18:35:12] t=8166 DEBT-GATE HTNK x1 (debt=0 eff=826 < 900)
[18:35:13] t=8166 jev VEH HTNK HOLD (预算保护 cash=826 aav帽=ok aav=4)
[18:35:14] t=8168 TANK HTNK x1
[18:35:14] t=8168 DEBT-GATE HTNK x1 (debt=0 eff=826 < 900)
[18:35:15] t=8168 jev VEH HTNK HOLD (预算保护 cash=826 aav帽=ok aav=4)
[18:35:16] t=8171 TANK HTNK x1
[18:35:16] t=8171 DEBT-GATE HTNK x1 (debt=0 eff=826 < 900)
[18:35:17] t=8171 jev VEH HTNK HOLD (预算保护 cash=826 aav帽=ok aav=4)
[18:35:17] t=8174 TANK HTNK x1
[18:35:17] t=8174 DEBT-GATE HTNK x1 (debt=0 eff=826 < 900)
[18:35:19] t=8174 jev VEH HTNK HOLD (预算保护 cash=826 aav帽=ok aav=4)
[18:35:19] t=8176 TANK HTNK x1
[18:35:19] t=8176 DEBT-GATE HTNK x1 (debt=0 eff=826 < 900)
[18:35:21] t=8176 jev VEH HTNK HOLD (预算保护 cash=826 aav帽=ok aav=4)
[18:35:21] t=8179 TANK HTNK x1
[18:35:21] t=8179 RETREAT HTNK(31%)
[18:35:21] {"kind": "action", "what": "produce", "name": "HTNK", "qty": 1, "tid": null, "ts": "18:35:21"}
[18:35:21] {"kind": "action", "what": "move", "name": null, "qty": null, "tid": null, "ts": "18:35:21"}
[18:35:25] t=8181 MOVE assault x81 -> (70,117)
[18:35:25] {"kind": "action", "what": "attack_move", "name": null, "qty": null, "tid": null, "ts": "18:35:25"}
[18:35:29] t=8187 jev VEH HTNK HOLD (预算保护 cash=226 aav帽=ok aav=4)
[18:35:29] t=8187 MOVE raid x2 -> (81,118)
[18:35:29] {"kind": "action", "what": "attack_move", "name": null, "qty": null, "tid": null, "ts": "18:35:29"}
[18:35:31] t=8189 jev VEH HTNK HOLD (预算保护 cash=226 aav帽=ok aav=4)
[18:35:31] t=8189 MOVE hold_a x2 -> (133,86)
[18:35:31] {"kind": "action", "what": "attack_move", "name": null, "qty": null, "tid": null, "ts": "18:35:31"}
[18:35:33] t=8192 jev VEH HTNK HOLD (预算保护 cash=226 aav帽=ok aav=4)
[18:35:33] t=8195 ESCORT 坦克#2869 -> 护航矿车@[119, 130]
[18:35:33] {"kind": "action", "what": "attack_move", "name": null, "qty": null, "tid": null, "ts": "18:35:33"}
[18:35:35] t=8195 jev VEH HTNK HOLD (预算保护 cash=226 aav帽=ok aav=4)
[18:35:37] t=8197 jev VEH HTNK HOLD (预算保护 cash=226 aav帽=ok aav=4)
[18:35:37] t=8197 MOVE aahunt x2 -> (125,84)
[18:35:37] {"kind": "action", "what": "attack_move", "name": null, "qty": null, "tid": null, "ts": "18:35:37"}
[18:35:37] t=8197 tick#3125 credits=226 stance=attack | jev 3125 decisions p50=1683ms
[18:35:39] t=8200 jev VEH HTNK HOLD (预算保护 cash=226 aav帽=ok aav=4)
[18:35:39] t=8200 MOVE assault x82 -> (70,117)
[18:35:39] {"kind": "action", "what": "attack_move", "name": null, "qty": null, "tid": null, "ts": "18:35:39"}
[18:35:41] t=8203 jev VEH HTNK HOLD (预算保护 cash=226 aav帽=ok aav=4)
[18:35:43] t=8205 jev VEH HTNK HOLD (预算保护 cash=226 aav帽=ok aav=4)
[18:35:45] t=8208 jev VEH HTNK HOLD (预算保护 cash=226 aav帽=ok aav=4)
[18:35:47] t=8211 jev VEH HTNK HOLD (预算保护 cash=226 aav帽=ok aav=4)
[18:35:49] t=8213 jev VEH HTNK HOLD (预算保护 cash=226 aav帽=ok aav=4)
[18:35:51] t=8216 jev VEH HTNK HOLD (预算保护 cash=226 aav帽=ok aav=4)
[18:35:51] t=8216 MOVE raid x2 -> (81,118)
[18:35:51] {"kind": "action", "what": "attack_move", "name": null, "qty": null, "tid": null, "ts": "18:35:51"}
[18:35:53] t=8218 jev VEH HTNK HOLD (预算保护 cash=226 aav帽=ok aav=4)
[18:35:53] t=8218 MOVE assault x82 -> (70,117)
[18:35:53] {"kind": "action", "what": "attack_move", "name": null, "qty": null, "tid": null, "ts": "18:35:53"}
[18:35:55] t=8221 jev VEH HTNK HOLD (预算保护 cash=226 aav帽=ok aav=4)
[18:35:57] t=8224 jev VEH HTNK HOLD (预算保护 cash=226 aav帽=ok aav=4)
[18:35:59] t=8226 jev VEH HTNK HOLD (预算保护 cash=226 aav帽=ok aav=4)
[18:36:01] t=8229 jev VEH HTNK HOLD (预算保护 cash=226 aav帽=ok aav=4)
[18:36:03] t=8232 jev VEH HTNK HOLD (预算保护 cash=226 aav帽=ok aav=4)
[18:36:05] t=8234 jev VEH HTNK HOLD (预算保护 cash=676 aav帽=ok aav=4)
[18:36:05] t=8237 ESCORT 坦克#2869 -> 护航矿车@[117, 135]
[18:36:05] {"kind": "action", "what": "attack_move", "name": null, "qty": null, "tid": null, "ts": "18:36:05"}
[18:36:07] t=8237 jev VEH HTNK HOLD (预算保护 cash=676 aav帽=ok aav=4)
[18:36:07] t=8237 MOVE assault x82 -> (70,117)
[18:36:07] {"kind": "action", "what": "attack_move", "name": null, "qty": null, "tid": null, "ts": "18:36:07"}
[18:36:09] t=8240 jev VEH HTNK HOLD (预算保护 cash=676 aav帽=ok aav=4)
[18:36:09] t=8240 MOVE aahunt x2 -> (125,84)
[18:36:09] {"kind": "action", "what": "attack_move", "name": null, "qty": null, "tid": null, "ts": "18:36:09"}
[18:36:11] t=8242 jev VEH HTNK HOLD (预算保护 cash=676 aav帽=ok aav=4)
[18:36:11] t=8242 MOVE hold_b x2 -> (126,75)
[18:36:11] {"kind": "action", "what": "attack_move", "name": null, "qty": null, "tid": null, "ts": "18:36:11"}
[18:36:13] t=8245 jev VEH HTNK HOLD (预算保护 cash=676 aav帽=ok aav=4)
[18:36:13] t=8245 MOVE raid x2 -> (81,118)
[18:36:13] {"kind": "action", "what": "attack_move", "name": null, "qty": null, "tid": null, "ts": "18:36:13"}
[18:36:15] t=8248 jev VEH HTNK HOLD (预算保护 cash=676 aav帽=ok aav=4)
[18:36:17] t=8250 jev VEH HTNK HOLD (预算保护 cash=676 aav帽=ok aav=4)
[18:36:19] t=8253 jev VEH HTNK HOLD (预算保护 cash=676 aav帽=ok aav=4)
[18:36:21] t=8255 jev VEH HTNK HOLD (预算保护 cash=676 aav帽=ok aav=4)
[18:36:21] t=8255 MOVE assault x82 -> (70,117)
[18:36:21] {"kind": "action", "what": "attack_move", "name": null, "qty": null, "tid": null, "ts": "18:36:21"}
[18:36:23] t=8258 jev VEH HTNK HOLD (预算保护 cash=676 aav帽=ok aav=4)
[18:36:25] t=8261 jev VEH HTNK HOLD (预算保护 cash=676 aav帽=ok aav=4)
[18:36:26] t=8263 jev VEH HTNK HOLD (预算保护 cash=676 aav帽=ok aav=4)
[18:36:26] t=8263 tick#3150 credits=676 stance=attack | jev 3150 decisions p50=1683ms
[18:36:27] t=8266 TANK HTNK x1
[18:36:27] {"kind": "action", "what": "produce", "name": "HTNK", "qty": 1, "tid": null, "ts": "18:36:27"}
[18:36:32] t=8271 MOVE hold_a x2 -> (133,86)
[18:36:32] {"kind": "action", "what": "attack_move", "name": null, "qty": null, "tid": null, "ts": "18:36:32"}
[18:36:34] t=8274 jev VEH HARV HOLD (预算保护 cash=76 aav帽=ok aav=4)
[18:36:34] t=8274 MOVE raid x2 -> (81,118); assault x83 -> (70,117)
[18:36:34] {"kind": "action", "what": "attack_move", "name": null, "qty": null, "tid": null, "ts": "18:36:34"}
[18:36:35] {"kind": "action", "what": "attack_move", "name": null, "qty": null, "tid": null, "ts": "18:36:35"}
[18:36:36] t=8277 jev VEH DRON HOLD (预算保护 cash=76 aav帽=ok aav=4)
[18:36:37] t=8279 ESCORT 坦克#3779 -> 护航矿车@[128, 104]
[18:36:37] {"kind": "action", "what": "attack_move", "name": null, "qty": null, "tid": null, "ts": "18:36:37"}
[18:36:39] t=8279 jev VEH HARV HOLD (预算保护 cash=76 aav帽=ok aav=4)
[18:36:40] t=8282 jev VEH HARV HOLD (预算保护 cash=76 aav帽=ok aav=4)
[18:36:40] t=8282 MOVE aahunt x2 -> (125,84)
[18:36:41] {"kind": "action", "what": "attack_move", "name": null, "qty": null, "tid": null, "ts": "18:36:41"}
[18:36:42] t=8285 jev VEH HARV HOLD (预算保护 cash=76 aav帽=ok aav=4)
[18:36:44] t=8287 jev VEH HARV HOLD (预算保护 cash=76 aav帽=ok aav=4)
[18:36:46] t=8290 jev VEH HARV HOLD (预算保护 cash=76 aav帽=ok aav=4)
[18:36:48] t=8292 jev VEH HARV HOLD (预算保护 cash=76 aav帽=ok aav=4)
[18:36:48] t=8292 MOVE assault x83 -> (70,117)
[18:36:48] {"kind": "action", "what": "attack_move", "name": null, "qty": null, "tid": null, "ts": "18:36:48"}
[18:36:50] t=8295 jev VEH HTNK HOLD (预算保护 cash=76 aav帽=ok aav=4)
[18:36:52] t=8298 jev VEH HARV HOLD (预算保护 cash=76 aav帽=ok aav=4)
[18:36:54] t=8300 jev VEH DRON HOLD (预算保护 cash=76 aav帽=ok aav=4)
[18:36:56] t=8303 jev VEH HARV HOLD (预算保护 cash=76 aav帽=ok aav=4)
[18:36:56] t=8303 MOVE raid x2 -> (81,118)
[18:36:56] {"kind": "action", "what": "attack_move", "name": null, "qty": null, "tid": null, "ts": "18:36:56"}
[18:36:58] t=8305 jev VEH HARV HOLD (预算保护 cash=76 aav帽=ok aav=4)
[18:37:00] t=8308 jev VEH DRON HOLD (预算保护 cash=76 aav帽=ok aav=4)
[18:37:02] t=8311 jev VEH HARV HOLD (预算保护 cash=76 aav帽=ok aav=4)
[18:37:02] t=8311 MOVE assault x83 -> (70,117)
[18:37:02] {"kind": "action", "what": "attack_move", "name": null, "qty": null, "tid": null, "ts": "18:37:02"}
[18:37:04] t=8313 jev VEH HARV HOLD (预算保护 cash=76 aav帽=ok aav=4)
[18:37:06] t=8316 jev VEH HARV HOLD (预算保护 cash=76 aav帽=ok aav=4)
[18:37:06] t=8319 RETREAT HTNK(30%)
[18:37:06] {"kind": "action", "what": "move", "name": null, "qty": null, "tid": null, "ts": "18:37:06"}
[18:37:08] t=8319 jev VEH DRON HOLD (预算保护 cash=76 aav帽=ok aav=4)
[18:37:10] t=8321 jev VEH HARV HOLD (预算保护 cash=76 aav帽=ok aav=4)
[18:37:12] t=8324 jev VEH HARV HOLD (预算保护 cash=76 aav帽=ok aav=4)
[18:37:12] t=8324 MOVE hold_b x2 -> (126,75); aahunt x2 -> (125,84)
[18:37:12] {"kind": "action", "what": "attack_move", "name": null, "qty": null, "tid": null, "ts": "18:37:12"}
[18:37:12] {"kind": "action", "what": "attack_move", "name": null, "qty": null, "tid": null, "ts": "18:37:12"}
[18:37:14] t=8326 jev VEH HARV HOLD (预算保护 cash=76 aav帽=ok aav=4)
[18:37:16] t=8329 jev VEH HARV HOLD (预算保护 cash=76 aav帽=ok aav=4)
[18:37:16] t=8329 MOVE assault x83 -> (70,117)
[18:37:16] {"kind": "action", "what": "attack_move", "name": null, "qty": null, "tid": null, "ts": "18:37:16"}
[18:37:16] t=8329 tick#3175 credits=76 stance=attack | jev 3175 decisions p50=1683ms
[18:37:18] t=8332 jev VEH HTNK HOLD (预算保护 cash=76 aav帽=ok aav=4)
[18:37:18] t=8332 MOVE raid x2 -> (81,118)
[18:37:18] {"kind": "action", "what": "attack_move", "name": null, "qty": null, "tid": null, "ts": "18:37:18"}
[18:37:20] t=8334 jev VEH HTNK HOLD (预算保护 cash=76 aav帽=ok aav=4)
[18:37:22] t=8337 jev VEH HTNK HOLD (预算保护 cash=451 aav帽=ok aav=4)
[18:37:24] t=8340 jev VEH DRON HOLD (预算保护 cash=451 aav帽=ok aav=4)
[18:37:26] t=8342 jev VEH HTNK HOLD (预算保护 cash=451 aav帽=ok aav=4)
[18:37:28] t=8345 jev VEH HTNK HOLD (预算保护 cash=451 aav帽=ok aav=4)
[18:37:30] t=8347 jev VEH HTNK HOLD (预算保护 cash=451 aav帽=ok aav=4)
[18:37:30] t=8347 MOVE assault x83 -> (70,117)
[18:37:30] {"kind": "action", "what": "attack_move", "name": null, "qty": null, "tid": null, "ts": "18:37:30"}
[18:37:32] t=8350 jev VEH HTNK HOLD (预算保护 cash=451 aav帽=ok aav=4)
[18:37:33] t=8353 jev VEH HTNK HOLD (预算保护 cash=751 aav帽=ok aav=4)
[18:37:33] t=8353 MOVE hold_a x2 -> (133,86)
[18:37:34] {"kind": "action", "what": "attack_move", "name": null, "qty": null, "tid": null, "ts": "18:37:34"}
[18:37:35] t=8355 jev VEH HTNK HOLD (预算保护 cash=751 aav帽=ok aav=4)
[18:37:36] t=8358 ESCORT 坦克#3087 -> 护航矿车@[125, 103]
[18:37:36] {"kind": "action", "what": "attack_move", "name": null, "qty": null, "tid": null, "ts": "18:37:36"}
[18:37:37] t=8358 jev VEH HTNK HOLD (预算保护 cash=751 aav帽=ok aav=4)
[18:37:38] t=8361 TANK HTNK x2
[18:37:38] t=8361 DEBT-GATE HTNK x2 (debt=0 eff=1426 < 1800)
[18:37:39] t=8361 jev VEH HTNK HOLD (预算保护 cash=1426 aav帽=ok aav=4)
[18:37:39] t=8361 MOVE raid x2 -> (81,118)
[18:37:39] {"kind": "action", "what": "attack_move", "name": null, "qty": null, "tid": null, "ts": "18:37:39"}
[18:37:40] t=8363 TANK HTNK x2
[18:37:40] t=8363 DEBT-GATE HTNK x2 (debt=0 eff=1426 < 1800)
[18:37:41] t=8363 jev VEH HTNK HOLD (预算保护 cash=1426 aav帽=ok aav=4)
[18:37:42] t=8366 TANK HTNK x2
[18:37:42] t=8366 DEBT-GATE HTNK x2 (debt=0 eff=1426 < 1800)
[18:37:43] t=8366 jev VEH HTNK HOLD (预算保护 cash=1426 aav帽=ok aav=4)
[18:37:43] t=8366 MOVE assault x83 -> (70,117); aahunt x2 -> (125,84)
[18:37:43] {"kind": "action", "what": "attack_move", "name": null, "qty": null, "tid": null, "ts": "18:37:43"}
[18:37:43] {"kind": "action", "what": "attack_move", "name": null, "qty": null, "tid": null, "ts": "18:37:43"}
[18:37:44] t=8368 TANK HTNK x2
[18:37:44] t=8368 DEBT-GATE HTNK x2 (debt=0 eff=1426 < 1800)
[18:37:45] t=8368 jev VEH HTNK HOLD (预算保护 cash=1426 aav帽=ok aav=4)
[18:37:46] t=8371 TANK HTNK x2
[18:37:46] t=8371 DEBT-GATE HTNK x2 (debt=0 eff=1426 < 1800)
[18:37:47] t=8371 jev VEH HTNK HOLD (预算保护 cash=1426 aav帽=ok aav=4)
[18:37:48] t=8374 TANK HTNK x2
[18:37:48] t=8374 DEBT-GATE HTNK x2 (debt=0 eff=1426 < 1800)
[18:37:49] t=8374 jev VEH HTNK HOLD (预算保护 cash=1426 aav帽=ok aav=4)
[18:37:50] t=8376 TANK HTNK x2
[18:37:50] t=8376 DEBT-GATE HTNK x2 (debt=0 eff=1426 < 1800)
[18:37:51] t=8376 jev VEH HTNK HOLD (预算保护 cash=1426 aav帽=ok aav=4)
[18:37:52] t=8379 TANK HTNK x2
[18:37:52] t=8379 DEBT-GATE HTNK x2 (debt=0 eff=1426 < 1800)
[18:37:53] t=8379 jev VEH HTNK HOLD (预算保护 cash=1426 aav帽=ok aav=4)
[18:37:53] t=8382 TANK HTNK x2
[18:37:53] t=8382 DEBT-GATE HTNK x2 (debt=0 eff=1426 < 1800)
[18:37:55] t=8382 jev VEH HTNK HOLD (预算保护 cash=1426 aav帽=ok aav=4)
[18:37:55] t=8384 TANK HTNK x2
[18:37:55] t=8384 DEBT-GATE HTNK x2 (debt=0 eff=1426 < 1800)
[18:37:57] t=8384 jev VEH HTNK HOLD (预算保护 cash=1426 aav帽=ok aav=4)
[18:37:57] t=8384 MOVE assault x83 -> (70,117)
[18:37:57] {"kind": "action", "what": "attack_move", "name": null, "qty": null, "tid": null, "ts": "18:37:57"}
[18:37:57] t=8387 TANK HTNK x2
[18:37:57] t=8387 DEBT-GATE HTNK x2 (debt=0 eff=1426 < 1800)
[18:37:59] t=8387 jev VEH HTNK HOLD (预算保护 cash=1426 aav帽=ok aav=4)
[18:37:59] t=8389 TANK HTNK x2
[18:37:59] t=8389 DEBT-GATE HTNK x2 (debt=0 eff=1426 < 1800)
[18:38:01] t=8389 jev VEH HTNK HOLD (预算保护 cash=1426 aav帽=ok aav=4)
[18:38:01] t=8389 MOVE raid x2 -> (81,118)
[18:38:01] {"kind": "action", "what": "attack_move", "name": null, "qty": null, "tid": null, "ts": "18:38:01"}
[18:38:01] t=8392 TANK HTNK x2
[18:38:01] t=8392 DEBT-GATE HTNK x2 (debt=0 eff=1426 < 1800)
[18:38:03] t=8392 jev VEH HTNK HOLD (预算保护 cash=1426 aav帽=ok aav=4)
[18:38:03] t=8395 TANK HTNK x2
[18:38:03] t=8395 DEBT-GATE HTNK x2 (debt=0 eff=1426 < 1800)
[18:38:05] t=8395 jev VEH HTNK HOLD (预算保护 cash=1426 aav帽=ok aav=4)
[18:38:05] t=8395 tick#3200 credits=1426 stance=attack | jev 3200 decisions p50=1683ms
[18:38:05] t=8397 TANK HTNK x2
[18:38:05] t=8397 DEBT-GATE HTNK x2 (debt=0 eff=1426 < 1800)
[18:38:07] t=8397 jev VEH HTNK HOLD (预算保护 cash=1426 aav帽=ok aav=4)
[18:38:07] t=8400 TANK HTNK x2
[18:38:07] t=8400 ESCORT 坦克#3028 -> 护航矿车@[120, 118]
[18:38:07] t=8400 DEBT-GATE HTNK x2 (debt=0 eff=1426 < 1800)
[18:38:07] {"kind": "action", "what": "attack_move", "name": null, "qty": null, "tid": null, "ts": "18:38:07"}
[18:38:09] t=8400 jev VEH HTNK HOLD (预算保护 cash=1426 aav帽=ok aav=4)
[18:38:09] t=8403 TANK HTNK x2
[18:38:09] t=8403 DEBT-GATE HTNK x2 (debt=0 eff=1426 < 1800)
[18:38:11] t=8403 jev VEH HTNK HOLD (预算保护 cash=1426 aav帽=ok aav=4)
[18:38:11] t=8403 MOVE assault x83 -> (70,117)
[18:38:11] {"kind": "action", "what": "attack_move", "name": null, "qty": null, "tid": null, "ts": "18:38:11"}
[18:38:11] t=8405 TANK HTNK x2
[18:38:11] t=8405 DEBT-GATE HTNK x2 (debt=0 eff=1426 < 1800)
[18:38:13] t=8405 jev VEH HTNK HOLD (预算保护 cash=1426 aav帽=ok aav=4)
[18:38:13] t=8405 MOVE hold_b x2 -> (126,75)
[18:38:13] {"kind": "action", "what": "attack_move", "name": null, "qty": null, "tid": null, "ts": "18:38:13"}
[18:38:13] t=8408 TANK HTNK x2
[18:38:13] t=8408 DEBT-GATE HTNK x2 (debt=0 eff=1426 < 1800)
[18:38:15] t=8408 jev VEH HTNK HOLD (预算保护 cash=1426 aav帽=ok aav=4)
[18:38:15] t=8408 MOVE aahunt x2 -> (125,84)
[18:38:15] {"kind": "action", "what": "attack_move", "name": null, "qty": null, "tid": null, "ts": "18:38:15"}
[18:38:15] t=8411 TANK HTNK x2
[18:38:15] t=8411 DEBT-GATE HTNK x2 (debt=0 eff=1426 < 1800)
[18:38:17] t=8411 jev VEH HTNK HOLD (预算保护 cash=1426 aav帽=ok aav=4)
[18:38:17] t=8413 TANK HTNK x2
[18:38:17] t=8413 DEBT-GATE HTNK x2 (debt=0 eff=1426 < 1800)
[18:38:19] t=8413 jev VEH HTNK HOLD (预算保护 cash=1426 aav帽=ok aav=4)
[18:38:19] t=8416 TANK HTNK x2
[18:38:19] t=8416 DEBT-GATE HTNK x2 (debt=0 eff=1426 < 1800)
[18:38:21] t=8416 jev VEH HTNK HOLD (预算保护 cash=1426 aav帽=ok aav=4)
[18:38:21] t=8418 TANK HTNK x2
[18:38:21] t=8418 DEBT-GATE HTNK x2 (debt=0 eff=1426 < 1800)
[18:38:23] t=8418 jev VEH HTNK HOLD (预算保护 cash=1426 aav帽=ok aav=4)
[18:38:23] t=8418 MOVE raid x2 -> (81,118)
[18:38:23] {"kind": "action", "what": "attack_move", "name": null, "qty": null, "tid": null, "ts": "18:38:23"}
[18:38:23] t=8421 TANK HTNK x2
[18:38:23] t=8421 DEBT-GATE HTNK x2 (debt=0 eff=1426 < 1800)
[18:38:25] t=8421 jev VEH HTNK HOLD (预算保护 cash=1426 aav帽=ok aav=4)
[18:38:25] t=8421 MOVE assault x83 -> (70,117)
[18:38:25] {"kind": "action", "what": "attack_move", "name": null, "qty": null, "tid": null, "ts": "18:38:25"}
[18:38:25] t=8424 TANK HTNK x2
[18:38:25] t=8424 DEBT-GATE HTNK x2 (debt=0 eff=1651 < 1800)
[18:38:27] t=8424 jev VEH HTNK HOLD (预算保护 cash=1651 aav帽=ok aav=4)
[18:38:27] t=8426 TANK HTNK x2
[18:38:27] t=8426 DEBT-GATE HTNK x2 (debt=0 eff=1651 < 1800)
[18:38:29] t=8426 jev VEH HTNK HOLD (预算保护 cash=1651 aav帽=ok aav=4)
[18:38:29] t=8429 TANK HTNK x2
[18:38:29] t=8429 DEBT-GATE HTNK x2 (debt=0 eff=1651 < 1800)
[18:38:31] t=8429 jev VEH HTNK HOLD (预算保护 cash=1651 aav帽=ok aav=4)
[18:38:31] t=8432 TANK HTNK x2
[18:38:31] t=8432 DEBT-GATE HTNK x2 (debt=0 eff=1651 < 1800)
[18:38:33] t=8432 jev VEH HTNK HOLD (预算保护 cash=1651 aav帽=ok aav=4)
[18:38:33] t=8434 TANK HTNK x2
[18:38:33] t=8434 DEBT-GATE HTNK x2 (debt=0 eff=1651 < 1800)
[18:38:35] t=8434 jev VEH HTNK HOLD (预算保护 cash=1651 aav帽=ok aav=4)
[18:38:35] t=8434 MOVE hold_a x2 -> (133,86)
[18:38:35] {"kind": "action", "what": "attack_move", "name": null, "qty": null, "tid": null, "ts": "18:38:35"}
[18:38:35] t=8437 TANK HTNK x2
[18:38:35] {"kind": "action", "what": "produce", "name": "HTNK", "qty": 2, "tid": null, "ts": "18:38:35"}
[18:38:39] t=8440 MOVE assault x83 -> (70,117)
[18:38:39] {"kind": "action", "what": "attack_move", "name": null, "qty": null, "tid": null, "ts": "18:38:39"}
[18:38:39] t=8442 ESCORT 坦克#2869 -> 护航矿车@[115, 133]
[18:38:39] {"kind": "action", "what": "attack_move", "name": null, "qty": null, "tid": null, "ts": "18:38:39"}
[18:38:45] t=8448 MOVE raid x2 -> (81,118)
[18:38:45] {"kind": "action", "what": "attack_move", "name": null, "qty": null, "tid": null, "ts": "18:38:45"}
[18:38:47] t=8450 MOVE aahunt x2 -> (125,84)
[18:38:47] {"kind": "action", "what": "attack_move", "name": null, "qty": null, "tid": null, "ts": "18:38:47"}
[18:38:49] t=8453 jev VEH HTNK HOLD (预算保护 cash=151 aav帽=ok aav=4)
[18:38:51] t=8455 jev VEH HTNK HOLD (预算保护 cash=151 aav帽=ok aav=4)
[18:38:53] t=8458 jev VEH HTNK HOLD (预算保护 cash=151 aav帽=ok aav=4)
[18:38:53] t=8458 MOVE assault x85 -> (70,117)
[18:38:53] {"kind": "action", "what": "attack_move", "name": null, "qty": null, "tid": null, "ts": "18:38:53"}
[18:38:55] t=8461 jev VEH HARV HOLD (预算保护 cash=151 aav帽=ok aav=4)
[18:38:55] t=8461 tick#3225 credits=151 stance=attack | jev 3225 decisions p50=1683ms
[18:38:57] t=8463 jev VEH HTNK HOLD (预算保护 cash=151 aav帽=ok aav=4)
[18:38:59] t=8466 jev VEH HTNK HOLD (预算保护 cash=151 aav帽=ok aav=4)
[18:39:01] t=8469 jev VEH HTNK HOLD (预算保护 cash=151 aav帽=ok aav=4)
[18:39:03] t=8471 jev VEH HTNK HOLD (预算保护 cash=151 aav帽=ok aav=4)
[18:39:05] t=8474 jev VEH HTNK HOLD (预算保护 cash=151 aav帽=ok aav=4)
[18:39:06] t=8477 jev VEH HARV HOLD (预算保护 cash=151 aav帽=ok aav=4)
[18:39:06] t=8477 MOVE raid x2 -> (81,118); assault x85 -> (70,117)
[18:39:07] {"kind": "action", "what": "attack_move", "name": null, "qty": null, "tid": null, "ts": "18:39:07"}
[18:39:07] {"kind": "action", "what": "attack_move", "name": null, "qty": null, "tid": null, "ts": "18:39:07"}
[18:39:09] t=8479 jev VEH HTNK HOLD (预算保护 cash=151 aav帽=ok aav=4)
[18:39:09] t=8482 RETREAT HTNK(31%)
[18:39:09] {"kind": "action", "what": "move", "name": null, "qty": null, "tid": null, "ts": "18:39:09"}
[18:39:11] t=8482 jev VEH HARV HOLD (预算保护 cash=151 aav帽=ok aav=4)
[18:39:11] t=8485 ESCORT 坦克#3087 -> 护航矿车@[127, 105]
[18:39:11] {"kind": "action", "what": "attack_move", "name": null, "qty": null, "tid": null, "ts": "18:39:11"}
[18:39:13] t=8485 jev VEH HTNK HOLD (预算保护 cash=151 aav帽=ok aav=4)
[18:39:14] t=8487 jev VEH HTNK HOLD (预算保护 cash=151 aav帽=ok aav=4)
[18:39:14] t=8487 MOVE hold_b x2 -> (126,75)
[18:39:15] {"kind": "action", "what": "attack_move", "name": null, "qty": null, "tid": null, "ts": "18:39:15"}
[18:39:16] t=8490 jev VEH HARV HOLD (预算保护 cash=151 aav帽=ok aav=4)
[18:39:18] t=8493 jev VEH HTNK HOLD (预算保护 cash=151 aav帽=ok aav=4)
[18:39:18] t=8493 MOVE aahunt x2 -> (125,84)
[18:39:18] {"kind": "action", "what": "attack_move", "name": null, "qty": null, "tid": null, "ts": "18:39:18"}
[18:39:20] t=8495 jev VEH HTNK HOLD (预算保护 cash=151 aav帽=ok aav=4)
[18:39:20] t=8495 MOVE assault x85 -> (70,117)
[18:39:20] {"kind": "action", "what": "attack_move", "name": null, "qty": null, "tid": null, "ts": "18:39:20"}
[18:39:22] t=8498 jev VEH HTNK HOLD (预算保护 cash=151 aav帽=ok aav=4)
[18:39:24] t=8500 jev VEH HTNK HOLD (预算保护 cash=151 aav帽=ok aav=4)
[18:39:26] t=8503 jev VEH HTNK HOLD (预算保护 cash=151 aav帽=ok aav=4)
[18:39:28] t=8506 jev VEH HTNK HOLD (预算保护 cash=151 aav帽=ok aav=4)
[18:39:28] t=8506 MOVE raid x2 -> (81,118)
[18:39:28] {"kind": "action", "what": "attack_move", "name": null, "qty": null, "tid": null, "ts": "18:39:28"}
[18:39:30] t=8508 jev VEH HTNK HOLD (预算保护 cash=151 aav帽=ok aav=4)
[18:39:32] t=8511 jev VEH HTNK HOLD (预算保护 cash=451 aav帽=ok aav=4)
[18:39:34] t=8514 jev VEH HTNK HOLD (预算保护 cash=451 aav帽=ok aav=4)
[18:39:34] t=8514 MOVE assault x85 -> (70,117)
[18:39:34] {"kind": "action", "what": "attack_move", "name": null, "qty": null, "tid": null, "ts": "18:39:34"}
[18:39:36] t=8516 jev VEH HTNK HOLD (预算保护 cash=451 aav帽=ok aav=4)
[18:39:36] t=8516 MOVE hold_a x2 -> (133,86)
[18:39:36] {"kind": "action", "what": "attack_move", "name": null, "qty": null, "tid": null, "ts": "18:39:36"}
[18:39:38] t=8519 jev VEH HTNK HOLD (预算保护 cash=451 aav帽=ok aav=4)
[18:39:40] t=8522 jev VEH HARV HOLD (预算保护 cash=451 aav帽=ok aav=4)
[18:39:42] t=8524 jev VEH HTNK HOLD (预算保护 cash=451 aav帽=ok aav=4)
[18:39:42] t=8527 ESCORT 坦克#3028 -> 护航矿车@[120, 114]
[18:39:42] {"kind": "action", "what": "attack_move", "name": null, "qty": null, "tid": null, "ts": "18:39:42"}
[18:39:44] t=8527 jev VEH HTNK HOLD (预算保护 cash=451 aav帽=ok aav=4)
[18:39:44] t=8527 tick#3250 credits=451 stance=attack | jev 3250 decisions p50=1682ms
[18:39:46] t=8529 jev VEH HTNK HOLD (预算保护 cash=451 aav帽=ok aav=4)
[18:39:48] t=8532 jev VEH HTNK HOLD (预算保护 cash=451 aav帽=ok aav=4)
[18:39:48] t=8532 MOVE assault x85 -> (70,117)
[18:39:48] {"kind": "action", "what": "attack_move", "name": null, "qty": null, "tid": null, "ts": "18:39:48"}
[18:39:50] t=8535 jev VEH HARV HOLD (预算保护 cash=451 aav帽=ok aav=4)
[18:39:50] t=8535 MOVE raid x2 -> (81,118); aahunt x2 -> (125,84)
[18:39:50] {"kind": "action", "what": "attack_move", "name": null, "qty": null, "tid": null, "ts": "18:39:50"}
[18:39:50] {"kind": "action", "what": "attack_move", "name": null, "qty": null, "tid": null, "ts": "18:39:50"}
[18:39:52] t=8537 jev VEH HTNK HOLD (预算保护 cash=451 aav帽=ok aav=4)
[18:39:54] t=8540 jev VEH HARV HOLD (预算保护 cash=451 aav帽=ok aav=4)
[18:39:56] t=8543 jev VEH HARV HOLD (预算保护 cash=451 aav帽=ok aav=4)
[18:39:58] t=8545 jev VEH HARV HOLD (预算保护 cash=451 aav帽=ok aav=4)
[18:40:00] t=8548 jev VEH HARV HOLD (预算保护 cash=451 aav帽=ok aav=4)
[18:40:02] t=8550 jev VEH HARV HOLD (预算保护 cash=451 aav帽=ok aav=4)
[18:40:02] t=8550 MOVE assault x85 -> (70,117)
[18:40:02] {"kind": "action", "what": "attack_move", "name": null, "qty": null, "tid": null, "ts": "18:40:02"}
[18:40:04] t=8553 jev VEH HTNK HOLD (预算保护 cash=451 aav帽=ok aav=4)
[18:40:06] t=8556 jev VEH HARV HOLD (预算保护 cash=451 aav帽=ok aav=4)
[18:40:08] t=8558 jev VEH HARV HOLD (预算保护 cash=451 aav帽=ok aav=4)
[18:40:08] t=8561 TANK HTNK x1
[18:40:08] {"kind": "action", "what": "produce", "name": "HTNK", "qty": 1, "tid": null, "ts": "18:40:08"}
[18:40:12] t=8564 MOVE raid x2 -> (81,118)
[18:40:12] {"kind": "action", "what": "attack_move", "name": null, "qty": null, "tid": null, "ts": "18:40:12"}
[18:40:16] t=8569 jev VEH HARV HOLD (预算保护 cash=1 aav帽=ok aav=4)
[18:40:16] t=8569 MOVE assault x86 -> (70,117); hold_b x2 -> (126,75)
[18:40:16] {"kind": "action", "what": "attack_move", "name": null, "qty": null, "tid": null, "ts": "18:40:16"}
[18:40:16] {"kind": "action", "what": "attack_move", "name": null, "qty": null, "tid": null, "ts": "18:40:16"}
[18:40:18] t=8572 jev VEH HARV HOLD (预算保护 cash=1 aav帽=ok aav=4)
[18:40:20] t=8574 jev VEH HARV HOLD (预算保护 cash=751 aav帽=ok aav=4)
[18:40:22] t=8577 jev VEH HARV HOLD (预算保护 cash=751 aav帽=ok aav=4)
[18:40:22] t=8577 MOVE aahunt x2 -> (125,84)
[18:40:22] {"kind": "action", "what": "attack_move", "name": null, "qty": null, "tid": null, "ts": "18:40:22"}
[18:40:24] t=8579 jev VEH HARV HOLD (预算保护 cash=751 aav帽=ok aav=4)
[18:40:26] t=8582 jev VEH HTNK HOLD (预算保护 cash=751 aav帽=ok aav=4)
[18:40:27] t=8585 jev VEH HARV HOLD (预算保护 cash=751 aav帽=ok aav=4)
[18:40:29] t=8587 jev VEH HARV HOLD (预算保护 cash=751 aav帽=ok aav=4)
[18:40:29] t=8587 MOVE assault x86 -> (70,117)
[18:40:29] {"kind": "action", "what": "attack_move", "name": null, "qty": null, "tid": null, "ts": "18:40:29"}
[18:40:31] t=8590 jev VEH HTNK HOLD (预算保护 cash=751 aav帽=ok aav=4)
[18:40:32] t=8592 ESCORT 坦克#3539 -> 护航矿车@[128, 105]
[18:40:32] {"kind": "action", "what": "attack_move", "name": null, "qty": null, "tid": null, "ts": "18:40:32"}
[18:40:33] t=8592 jev VEH HARV HOLD (预算保护 cash=751 aav帽=ok aav=4)
[18:40:33] t=8592 MOVE raid x2 -> (81,118)
[18:40:33] {"kind": "action", "what": "attack_move", "name": null, "qty": null, "tid": null, "ts": "18:40:33"}
[18:40:33] t=8592 tick#3275 credits=751 stance=attack | jev 3275 decisions p50=1682ms
[18:40:35] t=8595 jev VEH HARV HOLD (预算保护 cash=751 aav帽=ok aav=4)
[18:40:36] t=8598 TANK HTNK x1
[18:40:36] {"kind": "action", "what": "produce", "name": "HTNK", "qty": 1, "tid": null, "ts": "18:40:36"}
[18:40:37] t=8598 MOVE hold_a x2 -> (133,86)
[18:40:37] {"kind": "action", "what": "attack_move", "name": null, "qty": null, "tid": null, "ts": "18:40:37"}
[18:40:43] t=8606 jev VEH HTNK HOLD (预算保护 cash=151 aav帽=ok aav=4)
[18:40:43] t=8606 MOVE assault x87 -> (70,117)
[18:40:43] {"kind": "action", "what": "attack_move", "name": null, "qty": null, "tid": null, "ts": "18:40:43"}
[18:40:45] t=8608 jev VEH HARV HOLD (预算保护 cash=151 aav帽=ok aav=4)
[18:40:47] t=8611 jev VEH HTNK HOLD (预算保护 cash=151 aav帽=ok aav=4)
[18:40:49] t=8614 jev VEH HARV HOLD (预算保护 cash=151 aav帽=ok aav=4)
[18:40:51] t=8616 jev VEH HTNK HOLD (预算保护 cash=151 aav帽=ok aav=4)
[18:40:53] t=8619 jev VEH HARV HOLD (预算保护 cash=151 aav帽=ok aav=4)
[18:40:53] t=8619 MOVE aahunt x2 -> (125,84)
[18:40:53] {"kind": "action", "what": "attack_move", "name": null, "qty": null, "tid": null, "ts": "18:40:53"}
[18:40:53] t=8622 RETREAT HTNK(30%)
[18:40:53] {"kind": "action", "what": "move", "name": null, "qty": null, "tid": null, "ts": "18:40:53"}
[18:40:55] t=8622 jev VEH HARV HOLD (预算保护 cash=151 aav帽=ok aav=4)
[18:40:55] t=8622 MOVE raid x2 -> (81,118)
[18:40:55] {"kind": "action", "what": "attack_move", "name": null, "qty": null, "tid": null, "ts": "18:40:55"}
[18:40:57] t=8624 jev VEH HTNK HOLD (预算保护 cash=151 aav帽=ok aav=4)
[18:40:57] t=8624 MOVE assault x87 -> (70,117)
[18:40:57] {"kind": "action", "what": "attack_move", "name": null, "qty": null, "tid": null, "ts": "18:40:57"}
[18:40:59] t=8627 jev VEH HARV HOLD (预算保护 cash=151 aav帽=ok aav=4)
[18:41:01] t=8629 jev VEH HARV HOLD (预算保护 cash=151 aav帽=ok aav=4)
[18:41:03] t=8632 jev VEH HTNK HOLD (预算保护 cash=151 aav帽=ok aav=4)
[18:41:03] t=8635 ESCORT 坦克#3539 -> 护航矿车@[128, 105]
[18:41:03] {"kind": "action", "what": "attack_move", "name": null, "qty": null, "tid": null, "ts": "18:41:03"}
[18:41:05] t=8635 jev VEH HTNK HOLD (预算保护 cash=151 aav帽=ok aav=4)
[18:41:07] t=8637 jev VEH HTNK HOLD (预算保护 cash=151 aav帽=ok aav=4)
[18:41:09] t=8640 jev VEH HTNK HOLD (预算保护 cash=151 aav帽=ok aav=4)
[18:41:11] t=8643 jev VEH HTNK HOLD (预算保护 cash=151 aav帽=ok aav=4)
[18:41:11] t=8643 MOVE assault x87 -> (70,117)
[18:41:11] {"kind": "action", "what": "attack_move", "name": null, "qty": null, "tid": null, "ts": "18:41:11"}
[18:41:13] t=8645 jev VEH HTNK HOLD (预算保护 cash=151 aav帽=ok aav=4)
[18:41:15] t=8648 jev VEH HARV HOLD (预算保护 cash=151 aav帽=ok aav=4)
[18:41:17] t=8651 jev VEH HARV HOLD (预算保护 cash=151 aav帽=ok aav=4)
[18:41:17] t=8651 MOVE raid x2 -> (81,118); hold_b x2 -> (126,75)
[18:41:17] {"kind": "action", "what": "attack_move", "name": null, "qty": null, "tid": null, "ts": "18:41:17"}
[18:41:17] {"kind": "action", "what": "attack_move", "name": null, "qty": null, "tid": null, "ts": "18:41:17"}
[18:41:19] t=8653 jev VEH HARV HOLD (预算保护 cash=151 aav帽=ok aav=4)
[18:41:21] t=8656 jev VEH HTNK HOLD (预算保护 cash=151 aav帽=ok aav=4)
[18:41:23] t=8659 jev VEH HTNK HOLD (预算保护 cash=151 aav帽=ok aav=4)
[18:41:23] t=8659 tick#3300 credits=151 stance=attack | jev 3300 decisions p50=1683ms
[18:41:25] t=8661 jev VEH HTNK HOLD (预算保护 cash=151 aav帽=ok aav=4)
[18:41:25] t=8661 MOVE assault x87 -> (70,117); aahunt x2 -> (125,84)
[18:41:25] {"kind": "action", "what": "attack_move", "name": null, "qty": null, "tid": null, "ts": "18:41:25"}
[18:41:25] {"kind": "action", "what": "attack_move", "name": null, "qty": null, "tid": null, "ts": "18:41:25"}
[18:41:27] t=8664 jev VEH HTNK HOLD (预算保护 cash=151 aav帽=ok aav=4)
[18:41:29] t=8666 jev VEH HTNK HOLD (预算保护 cash=151 aav帽=ok aav=4)
[18:41:31] t=8669 jev VEH HTNK HOLD (预算保护 cash=151 aav帽=ok aav=4)
[18:41:33] t=8672 jev VEH HTNK HOLD (预算保护 cash=376 aav帽=ok aav=4)
[18:41:35] t=8674 jev VEH HTNK HOLD (预算保护 cash=376 aav帽=ok aav=4)
[18:41:35] t=8677 ESCORT 坦克#2869 -> 护航矿车@[116, 135]
[18:41:35] {"kind": "action", "what": "attack_move", "name": null, "qty": null, "tid": null, "ts": "18:41:35"}
[18:41:37] t=8677 jev VEH HTNK HOLD (预算保护 cash=376 aav帽=ok aav=4)
[18:41:39] t=8680 jev VEH HTNK HOLD (预算保护 cash=376 aav帽=ok aav=4)
[18:41:39] t=8680 MOVE raid x2 -> (81,118); assault x87 -> (70,117); hold_a x2 -> (133,86)
[18:41:39] {"kind": "action", "what": "attack_move", "name": null, "qty": null, "tid": null, "ts": "18:41:39"}
[18:41:39] {"kind": "action", "what": "attack_move", "name": null, "qty": null, "tid": null, "ts": "18:41:39"}
[18:41:39] {"kind": "action", "what": "attack_move", "name": null, "qty": null, "tid": null, "ts": "18:41:39"}
[18:41:41] t=8682 jev VEH HTNK HOLD (预算保护 cash=751 aav帽=ok aav=4)
[18:41:43] t=8685 jev VEH HTNK HOLD (预算保护 cash=751 aav帽=ok aav=4)
[18:41:45] t=8688 jev VEH HTNK HOLD (预算保护 cash=751 aav帽=ok aav=4)
[18:41:47] t=8690 jev VEH HTNK HOLD (预算保护 cash=751 aav帽=ok aav=4)
[18:41:49] t=8693 jev VEH HTNK HOLD (预算保护 cash=751 aav帽=ok aav=4)
[18:41:51] t=8695 jev VEH HTNK HOLD (预算保护 cash=751 aav帽=ok aav=4)
[18:41:53] t=8698 jev VEH HTNK HOLD (预算保护 cash=751 aav帽=ok aav=4)
[18:41:53] t=8698 MOVE assault x87 -> (70,117)
[18:41:53] {"kind": "action", "what": "attack_move", "name": null, "qty": null, "tid": null, "ts": "18:41:53"}
[18:41:55] t=8701 jev VEH HTNK HOLD (预算保护 cash=751 aav帽=ok aav=4)
[18:41:57] t=8703 jev VEH HTNK HOLD (预算保护 cash=751 aav帽=ok aav=4)
[18:41:57] t=8703 MOVE aahunt x2 -> (125,84)
[18:41:57] {"kind": "action", "what": "attack_move", "name": null, "qty": null, "tid": null, "ts": "18:41:57"}
[18:41:59] t=8706 jev VEH HTNK HOLD (预算保护 cash=751 aav帽=ok aav=4)
[18:42:01] t=8709 jev VEH HTNK HOLD (预算保护 cash=751 aav帽=ok aav=4)
[18:42:01] t=8709 MOVE raid x2 -> (81,118)
[18:42:01] {"kind": "action", "what": "attack_move", "name": null, "qty": null, "tid": null, "ts": "18:42:01"}
[18:42:03] t=8711 jev VEH HTNK HOLD (预算保护 cash=751 aav帽=ok aav=4)
[18:42:05] t=8714 jev VEH HTNK HOLD (预算保护 cash=751 aav帽=ok aav=4)
[18:42:06] t=8717 jev VEH HTNK HOLD (预算保护 cash=751 aav帽=ok aav=4)
[18:42:06] t=8717 MOVE assault x87 -> (70,117)
[18:42:07] {"kind": "action", "what": "attack_move", "name": null, "qty": null, "tid": null, "ts": "18:42:07"}
[18:42:07] t=8719 ESCORT 坦克#3610 -> 护航矿车@[128, 105]
[18:42:07] {"kind": "action", "what": "attack_move", "name": null, "qty": null, "tid": null, "ts": "18:42:07"}
[18:42:09] t=8719 jev VEH HTNK HOLD (预算保护 cash=751 aav帽=ok aav=4)
[18:42:10] t=8722 jev VEH HTNK HOLD (预算保护 cash=751 aav帽=ok aav=4)
[18:42:12] t=8725 jev VEH HTNK HOLD (预算保护 cash=751 aav帽=ok aav=4)
[18:42:12] t=8725 tick#3325 credits=751 stance=attack | jev 3325 decisions p50=1683ms
[18:42:14] t=8727 jev VEH HTNK HOLD (预算保护 cash=751 aav帽=ok aav=4)
[18:42:16] t=8730 jev VEH HARV HOLD (预算保护 cash=751 aav帽=ok aav=4)
[18:42:18] t=8732 jev VEH HTNK HOLD (预算保护 cash=751 aav帽=ok aav=4)
[18:42:18] t=8732 MOVE hold_b x2 -> (126,75)
[18:42:18] {"kind": "action", "what": "attack_move", "name": null, "qty": null, "tid": null, "ts": "18:42:18"}
[18:42:20] t=8735 jev VEH HARV HOLD (预算保护 cash=751 aav帽=ok aav=4)
[18:42:20] t=8735 MOVE assault x87 -> (70,117)
[18:42:20] {"kind": "action", "what": "attack_move", "name": null, "qty": null, "tid": null, "ts": "18:42:20"}
[18:42:22] t=8738 jev VEH HTNK HOLD (预算保护 cash=751 aav帽=ok aav=4)
[18:42:22] t=8738 MOVE raid x2 -> (81,118)
[18:42:22] {"kind": "action", "what": "attack_move", "name": null, "qty": null, "tid": null, "ts": "18:42:22"}
[18:42:24] t=8740 jev VEH HTNK HOLD (预算保护 cash=751 aav帽=ok aav=4)
[18:42:26] t=8743 jev VEH HTNK HOLD (预算保护 cash=751 aav帽=ok aav=4)
[18:42:28] t=8746 jev VEH HTNK HOLD (预算保护 cash=751 aav帽=ok aav=4)
[18:42:28] t=8746 MOVE aahunt x2 -> (125,84)
[18:42:28] {"kind": "action", "what": "attack_move", "name": null, "qty": null, "tid": null, "ts": "18:42:28"}
[18:42:30] t=8748 jev VEH HARV HOLD (预算保护 cash=751 aav帽=ok aav=4)
[18:42:32] t=8751 jev VEH HTNK HOLD (预算保护 cash=751 aav帽=ok aav=4)
[18:42:34] t=8754 jev VEH HTNK HOLD (预算保护 cash=751 aav帽=ok aav=4)
[18:42:34] t=8754 MOVE assault x87 -> (70,117)
[18:42:34] {"kind": "action", "what": "attack_move", "name": null, "qty": null, "tid": null, "ts": "18:42:34"}
[18:42:36] t=8756 jev VEH HARV HOLD (预算保护 cash=751 aav帽=ok aav=4)
[18:42:36] t=8759 TANK HTNK x1
[18:42:36] {"kind": "action", "what": "produce", "name": "HTNK", "qty": 1, "tid": null, "ts": "18:42:36"}
[18:42:40] t=8761 MOVE hold_a x2 -> (133,86)
[18:42:40] {"kind": "action", "what": "attack_move", "name": null, "qty": null, "tid": null, "ts": "18:42:40"}
[18:42:44] t=8767 jev VEH HARV HOLD (预算保护 cash=151 aav帽=ok aav=4)
[18:42:44] t=8767 MOVE raid x2 -> (81,118)
[18:42:44] {"kind": "action", "what": "attack_move", "name": null, "qty": null, "tid": null, "ts": "18:42:44"}
[18:42:46] t=8769 jev VEH HARV HOLD (预算保护 cash=151 aav帽=ok aav=4)
[18:42:48] t=8772 jev VEH HARV HOLD (预算保护 cash=151 aav帽=ok aav=4)
[18:42:48] t=8772 MOVE assault x88 -> (70,117)
[18:42:48] {"kind": "action", "what": "attack_move", "name": null, "qty": null, "tid": null, "ts": "18:42:48"}
[18:42:50] t=8775 jev VEH HARV HOLD (预算保护 cash=151 aav帽=ok aav=4)
[18:42:52] t=8777 jev VEH HARV HOLD (预算保护 cash=151 aav帽=ok aav=4)
[18:42:54] t=8780 jev VEH HARV HOLD (预算保护 cash=151 aav帽=ok aav=4)
[18:42:56] t=8782 jev VEH HARV HOLD (预算保护 cash=151 aav帽=ok aav=4)
[18:42:56] t=8785 RETREAT HTNK(31%)
[18:42:56] {"kind": "action", "what": "move", "name": null, "qty": null, "tid": null, "ts": "18:42:56"}
[18:42:58] t=8785 jev VEH DRON HOLD (预算保护 cash=151 aav帽=ok aav=4)
[18:42:58] t=8788 TANK HTNK x1
[18:43:00] t=8788 jev VEH HARV HOLD (预算保护 cash=901 aav帽=ok aav=4)
[18:43:00] t=8788 MOVE aahunt x2 -> (125,84)
[18:43:00] {"kind": "action", "what": "attack_move", "name": null, "qty": null, "tid": null, "ts": "18:43:00"}
[18:43:00] t=8790 TANK HTNK x1
[18:43:02] t=8790 jev VEH HTNK HOLD (预算保护 cash=901 aav帽=ok aav=4)
[18:43:02] t=8790 MOVE assault x88 -> (70,117)
[18:43:02] {"kind": "action", "what": "attack_move", "name": null, "qty": null, "tid": null, "ts": "18:43:02"}
[18:43:02] t=8790 tick#3350 credits=901 stance=attack | jev 3350 decisions p50=1683ms
[18:43:02] t=8793 TANK HTNK x1
[18:43:02] {"kind": "action", "what": "produce", "name": "HTNK", "qty": 1, "tid": null, "ts": "18:43:02"}
[18:43:06] t=8796 MOVE raid x2 -> (81,118)
[18:43:06] {"kind": "action", "what": "attack_move", "name": null, "qty": null, "tid": null, "ts": "18:43:06"}
[18:43:10] t=8801 jev VEH HTNK HOLD (预算保护 cash=376 aav帽=ok aav=4)
[18:43:12] t=8804 jev VEH HTNK HOLD (预算保护 cash=376 aav帽=ok aav=4)
[18:43:12] t=8806 ESCORT 坦克#3087 -> 护航矿车@[121, 103]
[18:43:12] {"kind": "action", "what": "attack_move", "name": null, "qty": null, "tid": null, "ts": "18:43:12"}
[18:43:14] t=8806 jev VEH HTNK HOLD (预算保护 cash=376 aav帽=ok aav=4)
[18:43:16] t=8809 jev VEH HTNK HOLD (预算保护 cash=376 aav帽=ok aav=4)
[18:43:16] t=8809 MOVE assault x89 -> (70,117)
[18:43:16] {"kind": "action", "what": "attack_move", "name": null, "qty": null, "tid": null, "ts": "18:43:16"}
[18:43:18] t=8812 jev VEH HTNK HOLD (预算保护 cash=376 aav帽=ok aav=4)
[18:43:20] t=8814 jev VEH HTNK HOLD (预算保护 cash=376 aav帽=ok aav=4)
[18:43:20] t=8814 MOVE hold_b x2 -> (126,75)
[18:43:20] {"kind": "action", "what": "attack_move", "name": null, "qty": null, "tid": null, "ts": "18:43:20"}
[18:43:22] t=8817 jev VEH HTNK HOLD (预算保护 cash=376 aav帽=ok aav=4)
[18:43:24] t=8819 jev VEH HTNK HOLD (预算保护 cash=376 aav帽=ok aav=4)
[18:43:26] t=8822 jev VEH HTNK HOLD (预算保护 cash=376 aav帽=ok aav=4)
[18:43:28] t=8825 jev VEH HTNK HOLD (预算保护 cash=376 aav帽=ok aav=4)
[18:43:28] t=8825 MOVE raid x2 -> (81,118)
[18:43:28] {"kind": "action", "what": "attack_move", "name": null, "qty": null, "tid": null, "ts": "18:43:28"}
[18:43:30] t=8827 jev VEH HTNK HOLD (预算保护 cash=376 aav帽=ok aav=4)
[18:43:30] t=8827 MOVE assault x89 -> (70,117)
[18:43:30] {"kind": "action", "what": "attack_move", "name": null, "qty": null, "tid": null, "ts": "18:43:30"}
[18:43:32] t=8830 jev VEH HTNK HOLD (预算保护 cash=376 aav帽=ok aav=4)
[18:43:32] t=8830 MOVE aahunt x2 -> (125,84)
[18:43:32] {"kind": "action", "what": "attack_move", "name": null, "qty": null, "tid": null, "ts": "18:43:32"}
[18:43:34] t=8833 jev VEH HTNK HOLD (预算保护 cash=376 aav帽=ok aav=4)
[18:43:36] t=8835 jev VEH HTNK HOLD (预算保护 cash=376 aav帽=ok aav=4)
[18:43:38] t=8838 jev VEH HTNK HOLD (预算保护 cash=376 aav帽=ok aav=4)
[18:43:40] t=8841 jev VEH HTNK HOLD (预算保护 cash=376 aav帽=ok aav=4)
[18:43:42] t=8843 jev VEH HTNK HOLD (预算保护 cash=376 aav帽=ok aav=4)
[18:43:42] t=8843 MOVE hold_a x2 -> (133,86)
[18:43:42] {"kind": "action", "what": "attack_move", "name": null, "qty": null, "tid": null, "ts": "18:43:42"}
[18:43:44] t=8846 jev VEH HTNK HOLD (预算保护 cash=676 aav帽=ok aav=4)
[18:43:44] t=8846 MOVE assault x89 -> (70,117)
[18:43:44] {"kind": "action", "what": "attack_move", "name": null, "qty": null, "tid": null, "ts": "18:43:44"}
[18:43:44] t=8849 ESCORT 坦克#3539 -> 护航矿车@[127, 105]
[18:43:44] {"kind": "action", "what": "attack_move", "name": null, "qty": null, "tid": null, "ts": "18:43:44"}
[18:43:46] t=8849 jev VEH HTNK HOLD (预算保护 cash=676 aav帽=ok aav=4)
[18:43:48] t=8851 jev VEH HTNK HOLD (预算保护 cash=676 aav帽=ok aav=4)
[18:43:49] t=8854 jev VEH HTNK HOLD (预算保护 cash=676 aav帽=ok aav=4)
[18:43:49] t=8854 MOVE raid x2 -> (81,118)
[18:43:50] {"kind": "action", "what": "attack_move", "name": null, "qty": null, "tid": null, "ts": "18:43:50"}
