[12:25:29] 进局中(全自动)...
[12:27:07] {"kind": "start", "policy": "ra2web-jev-player/1.0", "maxDecisions": 999999, "micro": {"events": [{"kind": "micro", "t": 0, "what": "start"}], "loopN": 1, "on": true, "outcome": null, "stall": false}, "ts": "12:27:07"}
[12:27:07] === ra2web-jev-player start (tick=1.5s, max_decisions=999999) ===
[12:27:07] t=1 DEPLOY mcv
[12:27:07] {"kind": "action", "what": "deploy", "ids": [1042], "ts": "12:27:07"}
[12:27:07] {"kind": "action", "what": "deploy", "name": null, "qty": null, "tid": null, "ts": "12:27:07"}
[12:27:09] t=3 jev BUILD NAPOWR HOLD (开局序列前置位保护: 等 NAREFN)
[12:27:09] t=3 jev STANCE defend->develop (conf 0.91)
[12:27:11] t=5 jev BUILD NAPOWR HOLD (开局序列前置位保护: 等 NAREFN)
[12:27:12] t=7 jev BUILD NAPOWR HOLD (开局序列前置位保护: 等 NAREFN)
[12:27:14] t=9 jev BUILD NAPOWR HOLD (开局序列前置位保护: 等 NAREFN)
[12:27:15] t=11 jev BUILD NAPOWR HOLD (开局序列前置位保护: 等 NAREFN)
[12:27:17] t=13 jev BUILD NAPOWR HOLD (开局序列前置位保护: 等 NAREFN)
[12:27:18] t=15 jev BUILD NAPOWR HOLD (开局序列前置位保护: 等 NAREFN)
[12:27:20] t=17 jev BUILD NAPOWR HOLD (开局序列前置位保护: 等 NAREFN)
[12:27:21] t=19 jev BUILD NAPOWR HOLD (开局序列前置位保护: 等 NAREFN)
[12:27:23] t=21 jev BUILD NAPOWR HOLD (开局序列前置位保护: 等 NAREFN)
[12:27:24] t=23 jev BUILD NAPOWR HOLD (开局序列前置位保护: 等 NAREFN)
[12:27:26] t=25 jev BUILD NAPOWR HOLD (开局序列前置位保护: 等 NAREFN)
[12:27:27] t=27 jev BUILD NAPOWR HOLD (开局序列前置位保护: 等 NAREFN)
[12:27:29] t=29 jev BUILD NAPOWR HOLD (开局序列前置位保护: 等 NAREFN)
[12:27:30] t=31 jev BUILD NAPOWR HOLD (开局序列前置位保护: 等 NAREFN)
[12:27:32] t=33 jev BUILD NAPOWR HOLD (开局序列前置位保护: 等 NAREFN)
[12:27:33] t=35 jev BUILD NAPOWR HOLD (开局序列前置位保护: 等 NAREFN)
[12:27:35] t=37 jev BUILD NAPOWR HOLD (开局序列前置位保护: 等 NAREFN)
[12:27:36] t=39 jev BUILD NAPOWR HOLD (开局序列前置位保护: 等 NAREFN)
[12:27:37] t=41 OPENING REJECT NAREFN (40gs 无进展, 拉黑)
[12:27:37] t=41 OPENING FALLBACK -> legacy NAPOWR-first
[12:27:37] {"kind": "action", "what": "produce", "name": "NAPOWR", "qty": 1, "tid": null, "ts": "12:27:37"}
[12:27:37] t=41 OPENING BUILD NAPOWR
[12:27:44] t=49 tick#25 credits=9780 stance=develop | jev 25 decisions p50=815ms
[12:27:56] {"kind": "action", "what": "produce", "name": "NAREFN", "qty": 1, "tid": null, "ts": "12:27:56"}
[12:27:56] t=67 OPENING BUILD NAREFN
[12:28:21] t=99 tick#50 credits=8629 stance=develop | jev 50 decisions p50=832ms
[12:28:59] t=149 tick#75 credits=7420 stance=develop | jev 75 decisions p50=875ms
[12:29:05] {"kind": "action", "what": "produce", "name": "NAHAND", "qty": 1, "tid": null, "ts": "12:29:05"}
[12:29:05] t=159 OPENING BUILD NAHAND
[12:29:23] t=183 GARRISON E2 x2 (坦克真空期常驻驻军, have 0)
[12:29:23] t=183 DEFLINE NALASR (have 0)
[12:29:23] {"kind": "action", "what": "produce", "name": "E2", "qty": 2, "tid": null, "ts": "12:29:23"}
[12:29:23] {"kind": "action", "what": "produce", "name": "NALASR", "qty": 1, "tid": null, "ts": "12:29:23"}
[12:29:24] {"kind": "action", "what": "produce", "name": "NAWEAP", "qty": 1, "tid": null, "ts": "12:29:24"}
[12:29:24] t=183 OPENING BUILD NAWEAP
[12:29:28] t=187 MOVE hold_a x1 -> (138,72)
[12:29:28] {"kind": "action", "what": "attack_move", "name": null, "qty": null, "tid": null, "ts": "12:29:28"}
[12:29:29] t=191 GARRISON E2 x2 (坦克真空期常驻驻军, have 2)
[12:29:31] t=191 MOVE hold_b x1 -> (138,85)
[12:29:31] {"kind": "action", "what": "attack_move", "name": null, "qty": null, "tid": null, "ts": "12:29:31"}
[12:29:37] t=199 tick#100 credits=5895 stance=develop | jev 100 decisions p50=886ms
[12:29:41] t=207 DEFLINE NALASR (have 1)
[12:29:52] t=221 GARRISON E2 x2 (坦克真空期常驻驻军, have 2)
[12:29:52] {"kind": "action", "what": "produce", "name": "E2", "qty": 2, "tid": null, "ts": "12:29:52"}
[12:29:58] t=229 GARRISON E2 x2 (坦克真空期常驻驻军, have 4)
[12:30:01] t=233 ALARM enemy approaching -> counter 4 vs 1 -> [127, 84]
[12:30:01] {"kind": "action", "what": "attack_move", "name": null, "qty": null, "tid": null, "ts": "12:30:01"}
[12:30:08] t=241 jev STANCE defend->develop (conf 0.55)
[12:30:10] t=243 MOVE hold_a x2 -> (134,86); hold_b x2 -> (126,76)
[12:30:10] {"kind": "action", "what": "attack_move", "name": null, "qty": null, "tid": null, "ts": "12:30:10"}
[12:30:10] {"kind": "action", "what": "attack_move", "name": null, "qty": null, "tid": null, "ts": "12:30:10"}
[12:30:19] t=255 tick#125 credits=4292 stance=develop | jev 125 decisions p50=893ms
[12:30:21] t=259 GARRISON E2 x2 (坦克真空期常驻驻军, have 4)
[12:30:21] {"kind": "action", "what": "produce", "name": "E2", "qty": 2, "tid": null, "ts": "12:30:21"}
[12:30:27] t=267 GARRISON E2 x2 (坦克真空期常驻驻军, have 6)
[12:30:27] t=267 DEFLINE NALASR (have 1)
[12:30:27] {"kind": "action", "what": "produce", "name": "NALASR", "qty": 1, "tid": null, "ts": "12:30:27"}
[12:30:31] t=273 ECON harv#2
[12:30:31] t=273 TANK HTNK x2
[12:30:31] {"kind": "action", "what": "produce", "name": "HARV", "qty": 1, "tid": null, "ts": "12:30:31"}
[12:30:31] {"kind": "action", "what": "produce", "name": "HTNK", "qty": 2, "tid": null, "ts": "12:30:31"}
[12:30:31] t=273 DEBT-GATE NAHAND x1 (debt=3200 eff=494 < 500)
[12:30:33] t=273 jev BUILD NAREFN (conf 0.33)
[12:30:33] t=273 DEBT-GATE NAREFN x1 (debt=3200 eff=494 < 2000)
[12:30:33] {"kind": "action", "what": "produce", "name": "NAHAND", "qty": 1, "tid": null, "ts": "12:30:33"}
[12:30:33] t=275 OPENING BUILD NAHAND
[12:30:44] t=291 INSURE AA building
[12:30:44] t=291 DEFLINE NALASR (have 2)
[12:30:44] {"kind": "action", "what": "produce", "name": "NAFLAK", "qty": 1, "tid": null, "ts": "12:30:44"}
[12:30:49] t=297 GARRISON E2 x2 (坦克真空期常驻驻军, have 6)
[12:30:49] {"kind": "action", "what": "produce", "name": "E2", "qty": 2, "tid": null, "ts": "12:30:49"}
[12:30:51] t=299 POWER plant (reserve 55)
[12:30:51] {"kind": "action", "what": "produce", "name": "NAPOWR", "qty": 1, "tid": null, "ts": "12:30:51"}
[12:30:59] t=308 tick#150 credits=3408 stance=develop | jev 150 decisions p50=901ms
[12:31:10] t=323 jev BUILD NAREFN (conf 0.54)
[12:31:10] {"kind": "action", "what": "produce", "name": "NAREFN", "qty": 1, "tid": null, "ts": "12:31:10"}
[12:31:10] t=323 MOVE hold_a x4 -> (134,86); hold_b x4 -> (126,76)
[12:31:10] {"kind": "action", "what": "attack_move", "name": null, "qty": null, "tid": null, "ts": "12:31:10"}
[12:31:10] {"kind": "action", "what": "attack_move", "name": null, "qty": null, "tid": null, "ts": "12:31:10"}
[12:31:39] t=362 tick#175 credits=251 stance=develop | jev 175 decisions p50=972ms
[12:31:43] t=369 SCOUT #1103->[14, 164] (敌影)
[12:31:43] {"kind": "action", "what": "attack_move", "name": null, "qty": null, "tid": null, "ts": "12:31:43"}
[12:31:45] t=371 SCOUT* #1103->[14, 164] (敌影)
[12:31:45] {"kind": "action", "what": "attack_move", "name": null, "qty": null, "tid": null, "ts": "12:31:45"}
[12:32:10] t=403 MOVE hold_a x4 -> (134,86); hold_b x4 -> (126,76)
[12:32:10] {"kind": "action", "what": "attack_move", "name": null, "qty": null, "tid": null, "ts": "12:32:10"}
[12:32:10] {"kind": "action", "what": "attack_move", "name": null, "qty": null, "tid": null, "ts": "12:32:10"}
[12:32:20] t=417 tick#200 credits=0 stance=develop | jev 200 decisions p50=1136ms
[12:32:25] t=425 DEFLINE NALASR (have 2)
[12:32:25] {"kind": "action", "what": "produce", "name": "NALASR", "qty": 1, "tid": null, "ts": "12:32:25"}
[12:33:01] t=471 tick#225 credits=0 stance=develop | jev 225 decisions p50=1151ms
[12:33:11] t=484 MOVE hold_a x4 -> (134,86); hold_b x4 -> (126,76)
[12:33:11] {"kind": "action", "what": "attack_move", "name": null, "qty": null, "tid": null, "ts": "12:33:11"}
[12:33:11] {"kind": "action", "what": "attack_move", "name": null, "qty": null, "tid": null, "ts": "12:33:11"}
[12:33:16] t=493 ECON harv#3
[12:33:16] t=493 TANK HTNK x1
[12:33:16] {"kind": "action", "what": "produce", "name": "HARV", "qty": 1, "tid": null, "ts": "12:33:16"}
[12:33:16] t=493 DEBT-GATE HTNK x1 (debt=1400 eff=807 < 900)
[12:33:18] t=493 MOVE assault x1 -> (137,82)
[12:33:18] {"kind": "action", "what": "attack_move", "name": null, "qty": null, "tid": null, "ts": "12:33:18"}
[12:33:27] t=506 jev BUILD NAREFN (conf 0.49)
[12:33:27] {"kind": "action", "what": "produce", "name": "NAREFN", "qty": 1, "tid": null, "ts": "12:33:27"}
[12:33:31] t=510 MOVE assault x1 -> (137,82)
[12:33:31] {"kind": "action", "what": "attack_move", "name": null, "qty": null, "tid": null, "ts": "12:33:31"}
[12:33:42] t=526 tick#250 credits=1957 stance=develop | jev 250 decisions p50=1188ms
[12:33:44] t=528 MOVE assault x1 -> (137,82)
[12:33:44] {"kind": "action", "what": "attack_move", "name": null, "qty": null, "tid": null, "ts": "12:33:44"}
[12:33:57] t=545 MOVE assault x1 -> (137,82)
[12:33:57] {"kind": "action", "what": "attack_move", "name": null, "qty": null, "tid": null, "ts": "12:33:57"}
[12:34:07] t=559 jev VEH HARV HOLD (预算保护 cash=558 aav帽=ok aav=0)
[12:34:10] t=563 MOVE assault x1 -> (137,82)
[12:34:10] {"kind": "action", "what": "attack_move", "name": null, "qty": null, "tid": null, "ts": "12:34:10"}
[12:34:12] t=565 MOVE hold_a x4 -> (134,86); hold_b x4 -> (126,76)
[12:34:12] {"kind": "action", "what": "attack_move", "name": null, "qty": null, "tid": null, "ts": "12:34:12"}
[12:34:12] {"kind": "action", "what": "attack_move", "name": null, "qty": null, "tid": null, "ts": "12:34:12"}
[12:34:12] t=567 ALARM enemy approaching -> counter 9 vs 1 -> [122, 82]
[12:34:12] {"kind": "action", "what": "attack_move", "name": null, "qty": null, "tid": null, "ts": "12:34:12"}
[12:34:12] t=567 SCOUT* #1103->[14, 108]
[12:34:12] {"kind": "action", "what": "attack_move", "name": null, "qty": null, "tid": null, "ts": "12:34:12"}
[12:34:14] t=567 jev VEH HTNK HOLD (预算保护 cash=344 aav帽=ok aav=0)
[12:34:16] t=570 jev VEH HTK HOLD (预算保护 cash=278 aav帽=ok aav=0)
[12:34:17] t=573 jev VEH HTNK HOLD (预算保护 cash=222 aav帽=ok aav=0)
[12:34:19] t=575 jev INF E2 HOLD (预算保护 gate=False e2=8)
[12:34:19] t=575 jev VEH HTNK HOLD (预算保护 cash=165 aav帽=ok aav=0)
[12:34:21] t=577 jev INF E2 HOLD (预算保护 gate=False e2=8)
[12:34:21] t=577 jev VEH HTNK HOLD (预算保护 cash=111 aav帽=ok aav=0)
[12:34:21] t=577 MOVE assault x1 -> 攻击目标#1099@(124,82); t=577 FOCUS-FIRE x1 -> #1099@(124,82); hold_a x4 -> (131,86); hold_b x4 -> (127,74)
[12:34:21] {"kind": "action", "what": "attack_obj", "name": null, "qty": null, "tid": 1099, "ts": "12:34:21"}
[12:34:21] {"kind": "action", "what": "attack_move", "name": null, "qty": null, "tid": null, "ts": "12:34:21"}
[12:34:21] {"kind": "action", "what": "attack_move", "name": null, "qty": null, "tid": null, "ts": "12:34:21"}
[12:34:21] t=580 ALARM enemy approaching -> counter 9 vs 3 -> [124, 82]
[12:34:21] {"kind": "action", "what": "attack_move", "name": null, "qty": null, "tid": null, "ts": "12:34:21"}
[12:34:23] t=580 jev INF E2 HOLD (预算保护 gate=False e2=8)
[12:34:23] t=580 jev VEH HTNK HOLD (预算保护 cash=49 aav帽=ok aav=0)
[12:34:23] t=582 RETREAT E2(13%)
[12:34:23] {"kind": "action", "what": "move", "name": null, "qty": null, "tid": null, "ts": "12:34:23"}
[12:34:25] t=582 jev INF E2 HOLD (预算保护 gate=False e2=8)
[12:34:25] t=582 jev VEH HTNK HOLD (预算保护 cash=0 aav帽=ok aav=0)
[12:34:25] t=582 tick#275 credits=0 stance=defend | jev 275 decisions p50=1363ms
[12:34:26] t=585 jev INF E2 HOLD (预算保护 gate=False e2=8)
[12:34:26] t=585 jev VEH HTNK HOLD (预算保护 cash=0 aav帽=ok aav=0)
[12:34:28] t=587 jev INF E2 HOLD (预算保护 gate=False e2=7)
[12:34:28] t=587 jev VEH HTNK HOLD (预算保护 cash=0 aav帽=ok aav=0)
[12:34:30] t=589 jev INF E2 HOLD (预算保护 gate=False e2=7)
[12:34:30] t=589 jev VEH HTNK HOLD (预算保护 cash=0 aav帽=ok aav=0)
[12:34:30] t=589 MOVE assault x1 -> 攻击目标#1115@(129,81); t=589 FOCUS-FIRE x1 -> #1115@(129,81); hold_b x3 -> (127,73)
[12:34:30] {"kind": "action", "what": "attack_obj", "name": null, "qty": null, "tid": 1115, "ts": "12:34:30"}
[12:34:30] {"kind": "action", "what": "attack_move", "name": null, "qty": null, "tid": null, "ts": "12:34:30"}
[12:34:30] t=592 ALARM enemy approaching -> counter 7 vs 4 -> [126, 81]
[12:34:30] {"kind": "action", "what": "attack_move", "name": null, "qty": null, "tid": null, "ts": "12:34:30"}
[12:34:30] t=592 RETREAT E2(32%)
[12:34:30] {"kind": "action", "what": "move", "name": null, "qty": null, "tid": null, "ts": "12:34:30"}
[12:34:32] t=592 jev INF E2 HOLD (预算保护 gate=False e2=7)
[12:34:32] t=592 jev VEH HTNK HOLD (预算保护 cash=0 aav帽=ok aav=0)
[12:34:34] t=594 jev INF E2 HOLD (预算保护 gate=False e2=7)
[12:34:34] t=594 jev VEH HTNK HOLD (预算保护 cash=0 aav帽=ok aav=0)
[12:34:36] t=597 jev INF E2 HOLD (预算保护 gate=False e2=7)
[12:34:36] t=597 jev VEH HTNK HOLD (预算保护 cash=0 aav帽=ok aav=0)
[12:34:37] t=599 jev INF E2 HOLD (预算保护 gate=False e2=7)
[12:34:37] t=599 jev VEH HTNK HOLD (预算保护 cash=0 aav帽=ok aav=0)
[12:34:38] t=601 RETREAT E2(30%)
[12:34:38] {"kind": "action", "what": "move", "name": null, "qty": null, "tid": null, "ts": "12:34:38"}
[12:34:39] t=601 jev INF E2 HOLD (预算保护 gate=False e2=6)
[12:34:39] t=601 jev VEH HTNK HOLD (预算保护 cash=0 aav帽=ok aav=0)
[12:34:39] t=601 MOVE assault x1 -> 攻击目标#1121@(131,81); t=601 FOCUS-FIRE x1 -> #1121@(131,81); hold_a x3 -> (138,72); hold_b x3 -> (138,85)
[12:34:39] {"kind": "action", "what": "attack_obj", "name": null, "qty": null, "tid": 1121, "ts": "12:34:39"}
[12:34:39] {"kind": "action", "what": "attack_move", "name": null, "qty": null, "tid": null, "ts": "12:34:39"}
[12:34:39] {"kind": "action", "what": "attack_move", "name": null, "qty": null, "tid": null, "ts": "12:34:39"}
[12:34:39] t=604 ALARM NAHAND under attack -> counter 6 vs 1 -> [132, 80]
[12:34:39] {"kind": "action", "what": "attack_move", "name": null, "qty": null, "tid": null, "ts": "12:34:39"}
[12:34:41] t=604 jev INF E2 HOLD (预算保护 gate=False e2=6)
[12:34:41] t=604 jev VEH HTNK HOLD (预算保护 cash=0 aav帽=ok aav=0)
[12:34:43] t=606 jev INF E2 HOLD (预算保护 gate=False e2=6)
[12:34:43] t=606 jev VEH HTNK HOLD (预算保护 cash=0 aav帽=ok aav=0)
[12:34:44] t=609 jev INF E2 HOLD (预算保护 gate=False e2=6)
[12:34:44] t=609 jev VEH HTNK HOLD (预算保护 cash=0 aav帽=ok aav=0)
[12:34:46] t=611 jev INF E2 HOLD (预算保护 gate=False e2=6)
[12:34:46] t=611 jev VEH HTNK HOLD (预算保护 cash=0 aav帽=ok aav=0)
[12:34:48] t=613 jev INF E2 HOLD (预算保护 gate=False e2=6)
[12:34:48] t=613 jev VEH HTNK HOLD (预算保护 cash=0 aav帽=ok aav=0)
[12:34:48] t=613 MOVE assault x1 -> 攻击目标#1107@(125,83); t=613 FOCUS-FIRE x1 -> #1107@(125,83); hold_a x3 -> (132,86); hold_b x3 -> (127,74)
[12:34:48] {"kind": "action", "what": "attack_obj", "name": null, "qty": null, "tid": 1107, "ts": "12:34:48"}
[12:34:48] {"kind": "action", "what": "attack_move", "name": null, "qty": null, "tid": null, "ts": "12:34:48"}
[12:34:48] {"kind": "action", "what": "attack_move", "name": null, "qty": null, "tid": null, "ts": "12:34:48"}
[12:34:50] t=616 jev INF E2 HOLD (预算保护 gate=False e2=6)
[12:34:50] t=616 jev VEH HTNK HOLD (预算保护 cash=0 aav帽=ok aav=0)
[12:34:50] t=616 MOVE assault x1 -> (137,82)
[12:34:50] {"kind": "action", "what": "attack_move", "name": null, "qty": null, "tid": null, "ts": "12:34:50"}
[12:34:51] t=618 jev INF E2 HOLD (预算保护 gate=False e2=6)
[12:34:51] t=618 jev VEH HTNK HOLD (预算保护 cash=0 aav帽=ok aav=0)
[12:34:53] t=620 jev INF E2 HOLD (预算保护 gate=False e2=6)
[12:34:53] t=620 jev VEH HTNK HOLD (预算保护 cash=0 aav帽=ok aav=0)
[12:34:55] t=623 jev INF E2 HOLD (预算保护 gate=False e2=6)
[12:34:55] t=623 jev VEH HTNK HOLD (预算保护 cash=0 aav帽=ok aav=0)
[12:34:57] t=625 jev INF E2 HOLD (预算保护 gate=False e2=6)
[12:34:57] t=625 jev VEH HTNK HOLD (预算保护 cash=0 aav帽=ok aav=0)
[12:34:57] t=627 SCOUT* #1103->[14, 132]
[12:34:57] {"kind": "action", "what": "attack_move", "name": null, "qty": null, "tid": null, "ts": "12:34:57"}
[12:34:58] t=627 jev INF E2 HOLD (预算保护 gate=False e2=6)
[12:34:58] t=627 jev VEH HTNK HOLD (预算保护 cash=0 aav帽=ok aav=0)
[12:35:00] t=630 jev INF E2 HOLD (预算保护 gate=False e2=6)
[12:35:00] t=630 jev VEH HTNK HOLD (预算保护 cash=0 aav帽=ok aav=0)
[12:35:02] t=632 jev INF E2 HOLD (预算保护 gate=False e2=6)
[12:35:02] t=632 jev VEH HTNK HOLD (预算保护 cash=0 aav帽=ok aav=0)
[12:35:02] t=632 MOVE assault x1 -> (137,82)
[12:35:02] {"kind": "action", "what": "attack_move", "name": null, "qty": null, "tid": null, "ts": "12:35:02"}
[12:35:04] t=634 jev INF E2 HOLD (预算保护 gate=False e2=6)
[12:35:04] t=634 jev VEH HTNK HOLD (预算保护 cash=0 aav帽=ok aav=0)
[12:35:05] t=636 jev INF E2 HOLD (预算保护 gate=False e2=6)
[12:35:05] t=636 jev VEH HTNK HOLD (预算保护 cash=0 aav帽=ok aav=0)
[12:35:07] t=639 jev INF E2 HOLD (预算保护 gate=False e2=6)
[12:35:07] t=639 jev VEH HTNK HOLD (预算保护 cash=0 aav帽=ok aav=0)
[12:35:07] t=641 TANK HTNK x1
[12:35:07] {"kind": "action", "what": "produce", "name": "HTNK", "qty": 1, "tid": null, "ts": "12:35:07"}
[12:35:09] t=641 jev INF E2 (conf 0.29)
[12:35:09] {"kind": "action", "what": "produce", "name": "E2", "qty": 1, "tid": null, "ts": "12:35:09"}
[12:35:09] t=641 tick#300 credits=1109 stance=defend | jev 300 decisions p50=1374ms
[12:35:14] t=648 jev INF E2 HOLD (预算保护 gate=False e2=7)
[12:35:14] t=648 MOVE assault x1 -> (137,82)
[12:35:14] {"kind": "action", "what": "attack_move", "name": null, "qty": null, "tid": null, "ts": "12:35:14"}
[12:35:16] t=650 jev INF E2 HOLD (预算保护 gate=False e2=7)
[12:35:16] t=653 ALARM enemy approaching -> counter 7 vs 1 -> [121, 84]
[12:35:16] {"kind": "action", "what": "attack_move", "name": null, "qty": null, "tid": null, "ts": "12:35:16"}
[12:35:17] t=653 jev INF E2 HOLD (预算保护 gate=False e2=7)
[12:35:18] t=655 POWER plant (reserve 55)
[12:35:18] {"kind": "action", "what": "produce", "name": "NAPOWR", "qty": 1, "tid": null, "ts": "12:35:18"}
[12:35:19] t=655 jev INF E2 (conf 0.59)
[12:35:20] t=657 RUSH-DEFENSE ON (敌9压门 vs 守9) 动员兵爆产
[12:35:20] t=657 RUSH-DEFENSE E2 x4 (敌9压门 守9)
[12:35:21] t=657 jev INF E2 (conf 0.68)
[12:35:23] t=660 jev INF E2 (conf 0.66)
[12:35:25] t=662 jev INF E2 (conf 0.68)
[12:35:25] t=662 MOVE assault x1 -> 攻击目标#1076@(124,83); t=662 FOCUS-FIRE x1 -> #1076@(124,83)(敌步兵优先); hold_a x4 -> (131,86)
[12:35:25] {"kind": "action", "what": "attack_obj", "name": null, "qty": null, "tid": 1076, "ts": "12:35:25"}
[12:35:25] {"kind": "action", "what": "attack_move", "name": null, "qty": null, "tid": null, "ts": "12:35:25"}
[12:35:25] t=665 ALARM enemy approaching -> TURTLE (7 v 10, 守塔阵不打野战)
[12:35:25] {"kind": "action", "what": "attack_move", "name": null, "qty": null, "tid": null, "ts": "12:35:25"}
[12:35:27] t=665 jev INF E2 (conf 0.67)
[12:35:28] t=667 jev INF E2 (conf 0.66)
[12:35:29] t=670 RETREAT E2(31%)
[12:35:29] {"kind": "action", "what": "move", "name": null, "qty": null, "tid": null, "ts": "12:35:29"}
[12:35:30] t=670 jev INF E2 (conf 0.66)
[12:35:30] t=672 RETREAT E2(36%)
[12:35:30] t=672 RETREAT E2(32%)
[12:35:31] {"kind": "action", "what": "move", "name": null, "qty": null, "tid": null, "ts": "12:35:31"}
[12:35:31] {"kind": "action", "what": "move", "name": null, "qty": null, "tid": null, "ts": "12:35:31"}
[12:35:32] t=672 jev INF E2 (conf 0.62)
[12:35:34] t=675 jev INF E2 (conf 0.69)
[12:35:34] {"kind": "action", "what": "produce", "name": "E2", "qty": 1, "tid": null, "ts": "12:35:34"}
[12:35:34] t=675 MOVE assault x1 -> 攻击目标#1070@(124,83); t=675 FOCUS-FIRE x1 -> #1070@(124,83)(敌步兵优先); hold_a x4 -> (130,86); hold_b x3 -> (128,73)
[12:35:34] {"kind": "action", "what": "attack_obj", "name": null, "qty": null, "tid": 1070, "ts": "12:35:34"}
[12:35:34] {"kind": "action", "what": "attack_move", "name": null, "qty": null, "tid": null, "ts": "12:35:34"}
[12:35:34] {"kind": "action", "what": "attack_move", "name": null, "qty": null, "tid": null, "ts": "12:35:34"}
[12:35:34] t=677 ALARM unit lost -> TURTLE (4 v 8, 守塔阵不打野战)
[12:35:34] {"kind": "action", "what": "attack_move", "name": null, "qty": null, "tid": null, "ts": "12:35:34"}
[12:35:36] t=680 TANK HTNK x2
[12:35:36] t=680 RETREAT E2(16%)
[12:35:36] t=680 DEBT-GATE HTNK x2 (debt=0 eff=1492 < 1800)
[12:35:36] {"kind": "action", "what": "move", "name": null, "qty": null, "tid": null, "ts": "12:35:36"}
[12:35:36] {"kind": "action", "what": "produce", "name": "NAREFN", "qty": 1, "tid": null, "ts": "12:35:36"}
[12:35:36] t=680 OPENING BUILD NAREFN
[12:35:38] t=680 jev VEH HTNK HOLD (预算保护 cash=1492 aav帽=ok aav=0)
[12:35:38] t=682 RUSH-DEFENSE E2 x4 (敌5压门 守8)
[12:35:38] t=682 TANK HTNK x2
[12:35:38] t=682 DEBT-GATE HTNK x2 (debt=0 eff=1419 < 1800)
[12:35:40] t=682 jev INF E2 (conf 0.57)
[12:35:40] t=682 jev VEH HTNK HOLD (预算保护 cash=1419 aav帽=ok aav=0)
[12:35:40] t=684 TANK HTNK x2
[12:35:40] t=684 DEBT-GATE HTNK x2 (debt=0 eff=1363 < 1800)
[12:35:41] t=684 jev INF E2 (conf 0.59)
[12:35:41] t=684 jev VEH HTNK HOLD (预算保护 cash=1363 aav帽=ok aav=0)
[12:35:42] t=687 RUSH-DEFENSE E2 x4 (敌4压门 守7)
[12:35:42] t=687 TANK HTNK x2
[12:35:42] t=687 RETREAT E2(27%)
[12:35:42] t=687 DEBT-GATE HTNK x2 (debt=0 eff=1303 < 1800)
[12:35:42] {"kind": "action", "what": "move", "name": null, "qty": null, "tid": null, "ts": "12:35:42"}
[12:35:43] t=687 jev INF E2 (conf 0.64)
[12:35:43] t=687 jev VEH HTNK HOLD (预算保护 cash=1303 aav帽=ok aav=0)
[12:35:43] t=687 MOVE assault x1 -> (137,82); t=687 RUSH-DEFENSE tanks x1 -> 塔线协防; hold_a x2 -> (138,72); hold_b x2 -> (138,85); guard x1 -> (137,82)
[12:35:43] {"kind": "action", "what": "attack_move", "name": null, "qty": null, "tid": null, "ts": "12:35:43"}
[12:35:43] {"kind": "action", "what": "attack_move", "name": null, "qty": null, "tid": null, "ts": "12:35:43"}
[12:35:43] {"kind": "action", "what": "attack_move", "name": null, "qty": null, "tid": null, "ts": "12:35:43"}
[12:35:43] {"kind": "action", "what": "attack_move", "name": null, "qty": null, "tid": null, "ts": "12:35:43"}
[12:35:44] t=689 ALARM enemy approaching -> TURTLE (4 v 4, 守塔阵不打野战)
[12:35:44] {"kind": "action", "what": "attack_move", "name": null, "qty": null, "tid": null, "ts": "12:35:44"}
[12:35:44] t=689 TANK HTNK x2
[12:35:44] t=689 DEBT-GATE HTNK x2 (debt=0 eff=1240 < 1800)
[12:35:44] t=689 SCOUT* #1103->[14, 100]
[12:35:44] {"kind": "action", "what": "attack_move", "name": null, "qty": null, "tid": null, "ts": "12:35:44"}
[12:35:45] t=689 jev INF E2 (conf 0.63)
[12:35:45] t=689 jev VEH HTNK HOLD (预算保护 cash=1240 aav帽=ok aav=0)
[12:35:45] t=692 TANK HTNK x1
[12:35:45] {"kind": "action", "what": "produce", "name": "HTNK", "qty": 1, "tid": null, "ts": "12:35:45"}
[12:35:47] t=692 jev INF E2 (conf 0.62)
[12:35:49] t=694 jev INF E2 (conf 0.62)
[12:35:51] t=697 jev INF E2 (conf 0.65)
[12:35:52] t=699 jev INF E2 (conf 0.64)
[12:35:52] t=699 MOVE assault x1 -> 攻击目标#1077@(124,85); t=699 FOCUS-FIRE x1 -> #1077@(124,85)(敌步兵优先); hold_a x2 -> (130,86); hold_b x2 -> (128,73)
[12:35:52] {"kind": "action", "what": "attack_obj", "name": null, "qty": null, "tid": 1077, "ts": "12:35:52"}
[12:35:52] {"kind": "action", "what": "attack_move", "name": null, "qty": null, "tid": null, "ts": "12:35:52"}
[12:35:52] {"kind": "action", "what": "attack_move", "name": null, "qty": null, "tid": null, "ts": "12:35:52"}
[12:35:53] t=702 ALARM enemy approaching -> TURTLE (4 v 4, 守塔阵不打野战)
[12:35:53] {"kind": "action", "what": "attack_move", "name": null, "qty": null, "tid": null, "ts": "12:35:53"}
[12:35:54] t=702 jev INF E2 (conf 0.63)
[12:35:54] t=702 tick#325 credits=1832 stance=defend | jev 325 decisions p50=1383ms
[12:35:54] t=704 RETREAT E2(39%)
[12:35:55] {"kind": "action", "what": "move", "name": null, "qty": null, "tid": null, "ts": "12:35:55"}
[12:35:56] t=704 jev INF E2 (conf 0.58)
[12:35:58] t=706 jev INF E2 (conf 0.62)
[12:36:00] t=709 jev INF E2 (conf 0.61)
[12:36:00] {"kind": "action", "what": "produce", "name": "E2", "qty": 1, "tid": null, "ts": "12:36:00"}
[12:36:01] t=711 MOVE assault x1 -> 攻击目标#1074@(123,81); t=711 FOCUS-FIRE x1 -> #1074@(123,81)(敌步兵优先)
[12:36:01] {"kind": "action", "what": "attack_obj", "name": null, "qty": null, "tid": 1074, "ts": "12:36:01"}
[12:36:02] t=714 ALARM enemy approaching -> counter 4 vs 1 -> [122, 81]
[12:36:02] {"kind": "action", "what": "attack_move", "name": null, "qty": null, "tid": null, "ts": "12:36:02"}
[12:36:04] t=716 RUSH-DEFENSE E2 x4 (敌1压门 守8)
[12:36:05] t=716 jev INF E2 (conf 0.49)
[12:36:07] t=718 jev INF E2 (conf 0.54)
[12:36:09] t=721 jev INF E2 (conf 0.52)
[12:36:10] t=723 jev INF E2 (conf 0.56)
[12:36:10] t=723 MOVE assault x1 -> 攻击目标#1079@(122,81); t=723 FOCUS-FIRE x1 -> #1079@(122,81)(敌步兵优先)
[12:36:10] {"kind": "action", "what": "attack_obj", "name": null, "qty": null, "tid": 1079, "ts": "12:36:10"}
[12:36:11] t=725 ALARM enemy approaching -> counter 5 vs 1 -> [122, 81]
[12:36:11] {"kind": "action", "what": "attack_move", "name": null, "qty": null, "tid": null, "ts": "12:36:11"}
[12:36:12] t=725 jev INF E2 (conf 0.58)
[12:36:14] t=728 jev INF E2 (conf 0.59)
[12:36:14] t=730 RUSH-DEFENSE OFF (威胁解除) 恢复原公式
[12:36:14] t=730 ESCORT 坦克#1415 -> 护航矿车@[127, 106]
[12:36:14] {"kind": "action", "what": "attack_move", "name": null, "qty": null, "tid": null, "ts": "12:36:14"}
[12:36:14] t=730 SCOUT2 #1117->[66, 121]
[12:36:14] {"kind": "action", "what": "attack_move", "name": null, "qty": null, "tid": null, "ts": "12:36:14"}
[12:36:16] t=730 jev INF E2 HOLD (预算保护 gate=False e2=5)
[12:36:16] t=730 jev VEH HTNK HOLD (预算保护 cash=391 aav帽=ok aav=0)
[12:36:17] t=733 jev INF E2 HOLD (预算保护 gate=False e2=5)
[12:36:17] t=733 jev VEH HTNK HOLD (预算保护 cash=334 aav帽=ok aav=0)
[12:36:19] t=735 jev INF E2 HOLD (预算保护 gate=False e2=5)
[12:36:19] t=735 jev VEH HTNK HOLD (预算保护 cash=279 aav帽=ok aav=0)
[12:36:19] t=735 MOVE assault x2 -> (137,82); guard x1 -> (137,82)
[12:36:19] {"kind": "action", "what": "attack_move", "name": null, "qty": null, "tid": null, "ts": "12:36:19"}
[12:36:19] {"kind": "action", "what": "attack_move", "name": null, "qty": null, "tid": null, "ts": "12:36:19"}
[12:36:19] t=737 ALARM enemy approaching -> RESCUE 预备队 3 人驰援远端 [111, 86]
[12:36:19] {"kind": "action", "what": "attack_move", "name": null, "qty": null, "tid": null, "ts": "12:36:19"}
[12:36:21] t=737 jev INF E2 HOLD (预算保护 gate=False e2=5)
[12:36:21] t=737 jev VEH DRON HOLD (预算保护 cash=221 aav帽=ok aav=0)
[12:36:23] t=740 jev INF E2 HOLD (预算保护 gate=False e2=5)
[12:36:23] t=740 jev VEH DRON HOLD (预算保护 cash=156 aav帽=ok aav=0)
[12:36:23] t=740 jev STANCE defend->rush (conf 0.45)
[12:36:25] t=742 jev VEH DRON HOLD (预算保护 cash=100 aav帽=ok aav=0)
[12:36:26] t=745 jev VEH DRON HOLD (预算保护 cash=44 aav帽=ok aav=0)
[12:36:28] t=747 jev VEH DRON HOLD (预算保护 cash=0 aav帽=ok aav=0)
[12:36:28] t=747 MOVE assault x3 -> 攻击目标#1108@(120,92); t=747 FOCUS-FIRE x3 -> #1108@(120,92); hold_a x2 -> (135,86); hold_b x2 -> (126,77)
[12:36:28] {"kind": "action", "what": "attack_obj", "name": null, "qty": null, "tid": 1108, "ts": "12:36:28"}
[12:36:28] {"kind": "action", "what": "attack_move", "name": null, "qty": null, "tid": null, "ts": "12:36:28"}
[12:36:28] {"kind": "action", "what": "attack_move", "name": null, "qty": null, "tid": null, "ts": "12:36:28"}
[12:36:29] t=749 ALARM enemy approaching -> RESCUE 预备队 3 人驰援远端 [120, 95]
[12:36:29] {"kind": "action", "what": "attack_move", "name": null, "qty": null, "tid": null, "ts": "12:36:29"}
[12:36:29] t=749 SCOUT* #1103->[39, 186]
[12:36:29] {"kind": "action", "what": "attack_move", "name": null, "qty": null, "tid": null, "ts": "12:36:29"}
[12:36:30] t=749 jev INF E2 HOLD (预算保护 gate=False e2=5)
[12:36:30] t=749 jev VEH DRON HOLD (预算保护 cash=0 aav帽=ok aav=0)
[12:36:30] t=749 THREAT 0.56 -> force defend
[12:36:32] t=752 jev INF E2 HOLD (预算保护 gate=False e2=5)
[12:36:32] t=752 jev VEH DRON HOLD (预算保护 cash=0 aav帽=ok aav=0)
[12:36:32] t=752 jev STANCE defend->rush (conf 0.47)
[12:36:34] t=754 jev INF E2 HOLD (预算保护 gate=False e2=5)
[12:36:34] t=754 jev VEH DRON HOLD (预算保护 cash=0 aav帽=ok aav=0)
[12:36:35] t=757 jev INF E2 HOLD (预算保护 gate=False e2=5)
[12:36:35] t=757 jev VEH HARV HOLD (预算保护 cash=0 aav帽=ok aav=0)
[12:36:37] t=759 jev INF E2 HOLD (预算保护 gate=False e2=5)
[12:36:37] t=759 jev VEH HARV HOLD (预算保护 cash=0 aav帽=ok aav=0)
[12:36:37] t=759 MOVE assault x3 -> (66,121); hold_a x2 -> (136,86); hold_b x2 -> (126,78)
[12:36:37] {"kind": "action", "what": "attack_move", "name": null, "qty": null, "tid": null, "ts": "12:36:37"}
[12:36:37] {"kind": "action", "what": "attack_move", "name": null, "qty": null, "tid": null, "ts": "12:36:37"}
[12:36:37] {"kind": "action", "what": "attack_move", "name": null, "qty": null, "tid": null, "ts": "12:36:37"}
[12:36:39] t=761 jev INF E2 HOLD (预算保护 gate=False e2=5)
[12:36:39] t=761 jev VEH HARV HOLD (预算保护 cash=0 aav帽=ok aav=0)
[12:36:39] t=761 tick#350 credits=0 stance=rush | jev 350 decisions p50=1389ms
[12:36:41] t=764 jev INF E2 HOLD (预算保护 gate=False e2=5)
[12:36:41] t=764 jev VEH HARV HOLD (预算保护 cash=0 aav帽=ok aav=0)
[12:36:43] t=766 jev INF E2 HOLD (预算保护 gate=False e2=5)
[12:36:43] t=766 jev VEH HARV HOLD (预算保护 cash=0 aav帽=ok aav=0)
[12:36:43] t=768 TANK HTNK x1
[12:36:43] {"kind": "action", "what": "produce", "name": "HTNK", "qty": 1, "tid": null, "ts": "12:36:43"}
[12:36:44] t=768 jev INF E2 (conf 0.35)
[12:36:44] {"kind": "action", "what": "produce", "name": "E2", "qty": 1, "tid": null, "ts": "12:36:44"}
[12:36:45] t=771 ESCORT 坦克#1117 -> 护航矿车@[128, 106]
[12:36:45] {"kind": "action", "what": "attack_move", "name": null, "qty": null, "tid": null, "ts": "12:36:45"}
[12:36:50] t=776 jev INF E2 HOLD (预算保护 gate=False e2=6)
[12:36:50] t=776 MOVE assault x4 -> (66,121); guard x1 -> (137,82)
[12:36:50] {"kind": "action", "what": "attack_move", "name": null, "qty": null, "tid": null, "ts": "12:36:50"}
[12:36:50] {"kind": "action", "what": "attack_move", "name": null, "qty": null, "tid": null, "ts": "12:36:50"}
[12:36:51] t=778 jev INF E2 HOLD (预算保护 gate=False e2=6)
[12:36:53] t=780 jev INF E2 HOLD (预算保护 gate=False e2=6)
[12:36:55] t=783 jev INF E2 HOLD (预算保护 gate=False e2=6)
[12:36:57] t=785 jev INF E2 (conf 0.34)
[12:36:58] t=787 jev BUILD NARADR HOLD (资金闸门: 坦克优先, cash=1300)
[12:36:58] t=787 jev INF E2 (conf 0.32)
[12:37:00] t=790 jev BUILD NARADR HOLD (资金闸门: 坦克优先, cash=1245)
[12:37:00] t=790 jev INF E2 (conf 0.32)
[12:37:02] t=792 jev BUILD NARADR HOLD (资金闸门: 坦克优先, cash=1189)
[12:37:02] t=792 jev INF E2 (conf 0.28)
[12:37:02] t=792 MOVE assault x4 -> (66,121)
[12:37:02] {"kind": "action", "what": "attack_move", "name": null, "qty": null, "tid": null, "ts": "12:37:02"}
[12:37:03] t=794 jev BUILD NARADR HOLD (资金闸门: 坦克优先, cash=1134)
[12:37:05] t=796 jev BUILD NARADR HOLD (资金闸门: 坦克优先, cash=1077)
[12:37:07] t=798 jev BUILD NARADR HOLD (资金闸门: 坦克优先, cash=1022)
[12:37:08] t=801 jev BUILD NARADR HOLD (资金闸门: 坦克优先, cash=965)
[12:37:08] t=801 jev INF E2 (conf 0.28)
[12:37:10] t=803 jev BUILD NARADR HOLD (资金闸门: 坦克优先, cash=910)
[12:37:10] t=803 jev INF E2 (conf 0.27)
[12:37:10] {"kind": "action", "what": "produce", "name": "E2", "qty": 1, "tid": null, "ts": "12:37:10"}
[12:37:10] t=805 TANK HTNK x1
[12:37:10] t=805 DEBT-GATE HTNK x1 (debt=0 eff=862 < 900)
[12:37:12] t=805 jev BUILD NARADR HOLD (资金闸门: 坦克优先, cash=862)
[12:37:12] t=805 jev VEH HARV HOLD (预算保护 cash=862 aav帽=ok aav=0)
[12:37:12] t=807 TANK HTNK x1
[12:37:12] t=807 DEBT-GATE HTNK x1 (debt=0 eff=807 < 900)
[12:37:13] t=807 jev BUILD NARADR HOLD (资金闸门: 坦克优先, cash=807)
[12:37:13] t=807 jev VEH HARV HOLD (预算保护 cash=807 aav帽=ok aav=0)
[12:37:14] t=810 SCOUT* #1103->[46, 186]
[12:37:14] {"kind": "action", "what": "attack_move", "name": null, "qty": null, "tid": null, "ts": "12:37:14"}
[12:37:15] t=810 jev BUILD NARADR HOLD (资金闸门: 坦克优先, cash=780)
[12:37:15] t=810 jev INF E2 HOLD (预算保护 gate=False e2=7)
[12:37:15] t=810 jev VEH HARV HOLD (预算保护 cash=780 aav帽=ok aav=0)
[12:37:15] t=810 MOVE assault x6 -> (66,121)
[12:37:15] {"kind": "action", "what": "attack_move", "name": null, "qty": null, "tid": null, "ts": "12:37:15"}
[12:37:17] t=812 jev BUILD NARADR HOLD (资金闸门: 坦克优先, cash=780)
[12:37:17] t=812 jev INF E2 HOLD (预算保护 gate=False e2=7)
[12:37:17] t=812 jev VEH HARV HOLD (预算保护 cash=780 aav帽=ok aav=0)
[12:37:19] t=814 jev BUILD NARADR HOLD (资金闸门: 坦克优先, cash=780)
[12:37:19] t=814 jev VEH DRON HOLD (预算保护 cash=780 aav帽=ok aav=0)
[12:37:19] t=814 MOVE assault x6 -> (89,113)
[12:37:19] {"kind": "action", "what": "attack_move", "name": null, "qty": null, "tid": null, "ts": "12:37:19"}
[12:37:21] t=817 jev BUILD NARADR HOLD (资金闸门: 坦克优先, cash=780)
[12:37:21] t=817 jev VEH DRON HOLD (预算保护 cash=780 aav帽=ok aav=0)
[12:37:21] t=817 MOVE assault x6 -> (89,110); guard x1 -> (137,82)
[12:37:21] {"kind": "action", "what": "attack_move", "name": null, "qty": null, "tid": null, "ts": "12:37:21"}
[12:37:21] {"kind": "action", "what": "attack_move", "name": null, "qty": null, "tid": null, "ts": "12:37:21"}
[12:37:21] t=819 V3-RESPONSE HTK x1 (alive 0, seen t0 fire t1000000819)
[12:37:21] {"kind": "action", "what": "produce", "name": "HTK", "qty": 1, "tid": null, "ts": "12:37:21"}
[12:37:21] t=819 ENEMY BASE spotted @[75, 118]
[12:37:23] t=819 MOVE assault x6 -> 攻击目标#1106@(80,122); hold_a x2 -> (133,86); hold_b x2 -> (126,76)
[12:37:23] {"kind": "action", "what": "attack_obj", "name": null, "qty": null, "tid": 1106, "ts": "12:37:23"}
[12:37:23] {"kind": "action", "what": "attack_move", "name": null, "qty": null, "tid": null, "ts": "12:37:23"}
[12:37:23] {"kind": "action", "what": "attack_move", "name": null, "qty": null, "tid": null, "ts": "12:37:23"}
[12:37:23] t=819 tick#375 credits=780 stance=rush | jev 375 decisions p50=1395ms
[12:37:27] t=825 MOVE assault x6 -> (75,118)
[12:37:27] {"kind": "action", "what": "attack_move", "name": null, "qty": null, "tid": null, "ts": "12:37:27"}
[12:37:27] {"kind": "action", "what": "produce", "name": "NAWEAP", "qty": 1, "tid": null, "ts": "12:37:27"}
[12:37:27] t=828 OPENING BUILD NAWEAP
[12:37:29] t=828 MOVE assault x6 -> 攻击目标#1084@(97,102); t=828 FOCUS-FIRE x6 -> #1084@(97,102)
[12:37:29] {"kind": "action", "what": "attack_obj", "name": null, "qty": null, "tid": 1084, "ts": "12:37:29"}
[12:37:31] t=830 MOVE assault x6 -> 攻击目标#1084@(99,102)
[12:37:31] {"kind": "action", "what": "attack_obj", "name": null, "qty": null, "tid": 1084, "ts": "12:37:31"}
[12:37:31] t=833 RETREAT E2(11%)
[12:37:31] {"kind": "action", "what": "move", "name": null, "qty": null, "tid": null, "ts": "12:37:31"}
[12:37:33] t=833 MOVE assault x6 -> 攻击目标#1084@(102,99)
[12:37:33] {"kind": "action", "what": "attack_obj", "name": null, "qty": null, "tid": 1084, "ts": "12:37:33"}
[12:37:35] t=836 MOVE assault x6 -> 攻击目标#1084@(104,96)
[12:37:35] {"kind": "action", "what": "attack_obj", "name": null, "qty": null, "tid": 1084, "ts": "12:37:35"}
[12:37:35] t=838 HARASS DRON x2 (have 0)
[12:37:35] t=838 V3-RESPONSE HTK x2 (alive 1, seen t16 fire t1000000838)
[12:37:35] t=838 TANK HTNK x2
[12:37:35] {"kind": "action", "what": "produce", "name": "DRON", "qty": 2, "tid": null, "ts": "12:37:35"}
[12:37:35] {"kind": "action", "what": "produce", "name": "HTNK", "qty": 2, "tid": null, "ts": "12:37:35"}
[12:37:37] t=838 ATTACK (tanks=6)
[12:37:37] t=838 MOVE assault x6 -> 攻击目标#1084@(104,93); aahunt x1 -> (125,84)
[12:37:37] {"kind": "action", "what": "attack_obj", "name": null, "qty": null, "tid": 1084, "ts": "12:37:37"}
[12:37:37] {"kind": "action", "what": "attack_move", "name": null, "qty": null, "tid": null, "ts": "12:37:37"}
[12:37:39] t=841 jev INF E2 (conf 0.45)
[12:37:39] {"kind": "action", "what": "produce", "name": "E2", "qty": 1, "tid": null, "ts": "12:37:39"}
[12:37:39] t=841 MOVE assault x6 -> 攻击目标#1084@(104,89); t=841 FOCUS-FIRE x6 -> #1084@(104,89)
[12:37:39] {"kind": "action", "what": "attack_obj", "name": null, "qty": null, "tid": 1084, "ts": "12:37:39"}
[12:37:41] t=843 MOVE assault x6 -> 攻击目标#1084@(106,87)
[12:37:41] {"kind": "action", "what": "attack_obj", "name": null, "qty": null, "tid": 1084, "ts": "12:37:41"}
[12:37:41] t=846 ALARM enemy approaching -> RESCUE 预备队 3 人驰援远端 [109, 84]
[12:37:41] {"kind": "action", "what": "attack_move", "name": null, "qty": null, "tid": null, "ts": "12:37:41"}
[12:37:41] t=846 RETREAT E2(39%)
[12:37:41] {"kind": "action", "what": "move", "name": null, "qty": null, "tid": null, "ts": "12:37:41"}
[12:37:45] t=849 jev INF E2 (conf 0.44)
[12:37:47] t=851 jev INF E2 (conf 0.36)
[12:37:49] t=854 jev INF E2 (conf 0.40)
[12:37:49] t=857 ESCORT 坦克#1587 -> 护航矿车@[126, 104]
[12:37:49] {"kind": "action", "what": "attack_move", "name": null, "qty": null, "tid": null, "ts": "12:37:49"}
[12:37:51] t=857 jev INF E2 (conf 0.42)
[12:37:51] t=857 MOVE raid x2 -> (115,86); assault x6 -> 攻击目标#1084@(115,86); t=857 FOCUS-FIRE x6 -> #1084@(115,86); guard x1 -> (137,82)
[12:37:51] {"kind": "action", "what": "attack_move", "name": null, "qty": null, "tid": null, "ts": "12:37:51"}
[12:37:51] {"kind": "action", "what": "attack_obj", "name": null, "qty": null, "tid": 1084, "ts": "12:37:51"}
[12:37:51] {"kind": "action", "what": "attack_move", "name": null, "qty": null, "tid": null, "ts": "12:37:51"}
[12:37:51] t=860 ALARM enemy approaching -> RESCUE 预备队 3 人驰援远端 [115, 88]
[12:37:51] {"kind": "action", "what": "attack_move", "name": null, "qty": null, "tid": null, "ts": "12:37:51"}
[12:37:53] t=860 jev INF E2 (conf 0.47)
[12:37:55] t=862 jev INF E2 (conf 0.48)
[12:37:57] t=865 jev INF E2 (conf 0.50)
[12:37:59] t=867 jev INF E2 (conf 0.50)
[12:38:01] t=870 jev INF E2 (conf 0.49)
[12:38:01] t=870 MOVE t=870 SIEGE LOCK-ON (my 6520 >= 1.5x en 2330, 敌经济死亡) 全军集结总攻; raid x2 -> (89,109); assault x14 -> (75,118)
[12:38:01] {"kind": "action", "what": "attack_move", "name": null, "qty": null, "tid": null, "ts": "12:38:01"}
[12:38:01] {"kind": "action", "what": "attack_move", "name": null, "qty": null, "tid": null, "ts": "12:38:01"}
[12:38:03] t=873 jev INF E2 (conf 0.48)
[12:38:05] t=875 jev INF E2 (conf 0.49)
[12:38:05] {"kind": "action", "what": "produce", "name": "E2", "qty": 1, "tid": null, "ts": "12:38:05"}
[12:38:05] t=875 MOVE raid x2 -> (90,107)
[12:38:05] {"kind": "action", "what": "attack_move", "name": null, "qty": null, "tid": null, "ts": "12:38:05"}
[12:38:07] t=878 MOVE raid x2 -> (90,106)
[12:38:07] {"kind": "action", "what": "attack_move", "name": null, "qty": null, "tid": null, "ts": "12:38:07"}
[12:38:09] t=881 MOVE raid x2 -> (120,108); aahunt x1 -> (125,84)
[12:38:09] {"kind": "action", "what": "attack_move", "name": null, "qty": null, "tid": null, "ts": "12:38:09"}
[12:38:09] {"kind": "action", "what": "attack_move", "name": null, "qty": null, "tid": null, "ts": "12:38:09"}
[12:38:11] t=883 jev INF E2 (conf 0.51)
[12:38:11] t=883 MOVE raid x2 -> (120,104)
[12:38:11] {"kind": "action", "what": "attack_move", "name": null, "qty": null, "tid": null, "ts": "12:38:11"}
[12:38:11] t=886 ALARM enemy approaching -> RESCUE 预备队 3 人驰援远端 [120, 101]
[12:38:11] {"kind": "action", "what": "attack_move", "name": null, "qty": null, "tid": null, "ts": "12:38:11"}
[12:38:13] t=886 jev INF E2 HOLD (预算保护 gate=False e2=9)
[12:38:13] t=886 tick#400 credits=799 stance=attack | jev 400 decisions p50=1403ms
[12:38:15] t=889 jev INF E2 HOLD (预算保护 gate=False e2=9)
[12:38:16] t=891 jev INF E2 HOLD (预算保护 gate=False e2=9)
[12:38:18] t=894 jev INF E2 HOLD (预算保护 gate=False e2=9)
[12:38:20] t=896 jev INF E2 HOLD (预算保护 gate=False e2=9)
[12:38:20] t=896 MOVE raid x1 -> (122,94); assault x14 -> (75,118)
[12:38:20] {"kind": "action", "what": "attack_move", "name": null, "qty": null, "tid": null, "ts": "12:38:20"}
[12:38:20] {"kind": "action", "what": "attack_move", "name": null, "qty": null, "tid": null, "ts": "12:38:20"}
[12:38:21] t=899 ALARM enemy approaching -> 攻势保持（塔阵守家, 前线 11 个单位继续进攻）
[12:38:21] t=899 ESCORT 坦克#1660 -> 护航矿车@[128, 105]
[12:38:21] {"kind": "action", "what": "attack_move", "name": null, "qty": null, "tid": null, "ts": "12:38:21"}
[12:38:22] t=899 jev INF E2 HOLD (预算保护 gate=False e2=9)
[12:38:22] t=899 MOVE raid x1 -> (121,92)
[12:38:22] {"kind": "action", "what": "attack_move", "name": null, "qty": null, "tid": null, "ts": "12:38:22"}
[12:38:23] t=902 ALARM unit lost -> 攻势保持（塔阵守家, 前线 10 个单位继续进攻）
[12:38:23] t=902 RETREAT E2(30%)
[12:38:23] {"kind": "action", "what": "move", "name": null, "qty": null, "tid": null, "ts": "12:38:23"}
[12:38:24] t=902 jev INF E2 HOLD (预算保护 gate=False e2=8)
[12:38:24] t=902 MOVE raid x1 -> (119,90)
[12:38:24] {"kind": "action", "what": "attack_move", "name": null, "qty": null, "tid": null, "ts": "12:38:24"}
[12:38:25] t=904 ALARM enemy approaching -> 攻势保持（塔阵守家, 前线 11 个单位继续进攻）
[12:38:26] t=904 jev INF E2 (conf 0.36)
[12:38:26] t=904 MOVE raid x1 -> (118,88)
[12:38:26] {"kind": "action", "what": "attack_move", "name": null, "qty": null, "tid": null, "ts": "12:38:26"}
[12:38:27] t=907 ALARM enemy approaching -> RESCUE 预备队 3 人驰援远端 [116, 88]
[12:38:27] {"kind": "action", "what": "attack_move", "name": null, "qty": null, "tid": null, "ts": "12:38:27"}
[12:38:28] t=907 jev INF E2 (conf 0.36)
[12:38:30] t=910 jev INF E2 HOLD (预算保护 gate=False e2=8)
[12:38:31] t=912 RETREAT HTNK(24%)
[12:38:31] {"kind": "action", "what": "move", "name": null, "qty": null, "tid": null, "ts": "12:38:31"}
[12:38:32] t=912 jev BUILD NAWEAP HOLD (资金闸门: 坦克优先, cash=632)
[12:38:32] t=912 jev INF E2 HOLD (预算保护 gate=False e2=6)
[12:38:34] t=915 jev BUILD NAWEAP HOLD (资金闸门: 坦克优先, cash=499)
[12:38:34] t=915 jev INF E2 HOLD (预算保护 gate=False e2=6)
[12:38:36] t=918 jev BUILD NAWEAP HOLD (资金闸门: 坦克优先, cash=369)
[12:38:36] t=918 jev INF E2 HOLD (预算保护 gate=False e2=6)
[12:38:36] t=918 MOVE assault x10 -> (75,118)
[12:38:36] {"kind": "action", "what": "attack_move", "name": null, "qty": null, "tid": null, "ts": "12:38:36"}
[12:38:37] t=920 ALARM unit lost -> 攻势保持（塔阵守家, 前线 8 个单位继续进攻）
[12:38:38] t=920 jev BUILD NAWEAP HOLD (资金闸门: 坦克优先, cash=239)
[12:38:38] t=920 jev INF E2 HOLD (预算保护 gate=False e2=5)
[12:38:40] t=923 jev BUILD NAWEAP HOLD (资金闸门: 坦克优先, cash=109)
[12:38:40] t=923 jev INF E2 HOLD (预算保护 gate=False e2=5)
[12:38:40] t=923 MOVE aahunt x1 -> (125,84)
[12:38:40] {"kind": "action", "what": "attack_move", "name": null, "qty": null, "tid": null, "ts": "12:38:40"}
[12:38:42] t=925 jev INF E2 HOLD (预算保护 gate=False e2=5)
[12:38:42] t=925 jev VEH HTK HOLD (预算保护 cash=0 aav帽=ok aav=1)
[12:38:44] t=928 jev INF E2 HOLD (预算保护 gate=False e2=5)
[12:38:44] t=928 jev VEH HTK HOLD (预算保护 cash=0 aav帽=ok aav=1)
[12:38:44] t=930 HARASS DRON x2 (have 0)
[12:38:44] t=930 RETREAT HTNK(29%)
[12:38:44] {"kind": "action", "what": "produce", "name": "DRON", "qty": 2, "tid": null, "ts": "12:38:44"}
[12:38:44] {"kind": "action", "what": "move", "name": null, "qty": null, "tid": null, "ts": "12:38:44"}
[12:38:46] t=930 jev BUILD NAWEAP HOLD (资金闸门: 坦克优先, cash=1125)
[12:38:46] t=930 jev INF E2 (conf 0.34)
[12:38:46] {"kind": "action", "what": "produce", "name": "E2", "qty": 1, "tid": null, "ts": "12:38:46"}
[12:38:48] t=933 jev BUILD NAWEAP HOLD (资金闸门: 坦克优先, cash=966)
[12:38:48] t=936 ALARM unit lost -> 攻势保持（塔阵守家, 前线 8 个单位继续进攻）
[12:38:50] t=936 MOVE assault x9 -> (75,118)
[12:38:50] {"kind": "action", "what": "attack_move", "name": null, "qty": null, "tid": null, "ts": "12:38:50"}
[12:38:50] t=938 ALARM unit lost -> 攻势保持（塔阵守家, 前线 10 个单位继续进攻）
[12:38:52] t=938 jev INF E2 HOLD (预算保护 gate=False e2=5)
[12:38:52] t=938 MOVE raid x1 -> (90,106)
[12:38:52] {"kind": "action", "what": "attack_move", "name": null, "qty": null, "tid": null, "ts": "12:38:52"}
[12:38:52] t=941 ALARM unit lost -> 攻势保持（塔阵守家, 前线 10 个单位继续进攻）
[12:38:52] t=941 ESCORT 坦克#2049 -> 护航矿车@[131, 107]
[12:38:52] {"kind": "action", "what": "attack_move", "name": null, "qty": null, "tid": null, "ts": "12:38:52"}
[12:38:54] t=941 jev INF E2 HOLD (预算保护 gate=False e2=4)
[12:38:54] t=944 RETREAT HTNK(35%)
[12:38:54] t=944 RETREAT E2(14%)
[12:38:54] {"kind": "action", "what": "move", "name": null, "qty": null, "tid": null, "ts": "12:38:54"}
[12:38:54] {"kind": "action", "what": "move", "name": null, "qty": null, "tid": null, "ts": "12:38:54"}
[12:38:56] t=944 jev BUILD NAWEAP HOLD (资金闸门: 坦克优先, cash=1431)
[12:38:56] t=944 jev INF E2 (conf 0.40)
[12:38:56] t=946 ALARM unit lost -> 攻势保持（塔阵守家, 前线 9 个单位继续进攻）
[12:38:56] t=946 V3-RESPONSE HTK x2 (alive 1, seen t0 fire t1000000946)
[12:38:56] {"kind": "action", "what": "produce", "name": "HTK", "qty": 2, "tid": null, "ts": "12:38:56"}
[12:38:58] t=946 jev BUILD NARADR HOLD (资金闸门: 坦克优先, cash=1360)
[12:38:58] t=946 jev INF E2 (conf 0.34)
[12:39:00] t=949 jev BUILD NARADR HOLD (资金闸门: 坦克优先, cash=1185)
[12:39:00] t=949 jev INF E2 (conf 0.36)
[12:39:02] t=951 jev BUILD NARADR HOLD (资金闸门: 坦克优先, cash=1009)
[12:39:02] t=951 jev INF E2 (conf 0.37)
[12:39:02] t=951 tick#425 credits=1009 stance=attack | jev 425 decisions p50=1438ms
[12:39:04] t=954 jev INF E2 (conf 0.35)
[12:39:04] t=954 MOVE assault x9 -> (75,118)
[12:39:04] {"kind": "action", "what": "attack_move", "name": null, "qty": null, "tid": null, "ts": "12:39:04"}
[12:39:06] t=957 jev INF E2 (conf 0.34)
[12:39:07] t=959 jev BUILD NARADR (conf 0.11)
[12:39:07] t=959 jev INF E2 (conf 0.31)
[12:39:07] {"kind": "action", "what": "produce", "name": "NARADR", "qty": 1, "tid": null, "ts": "12:39:07"}
[12:39:08] t=962 V3-RESPONSE HTK x1 (alive 3, seen t0 fire t1000000962)
[12:39:08] t=962 TANK HTNK x1
[12:39:08] {"kind": "action", "what": "produce", "name": "HTNK", "qty": 1, "tid": null, "ts": "12:39:08"}
[12:39:09] t=962 jev INF E2 (conf 0.31)
[12:39:10] t=964 ALARM unit lost -> 攻势保持（塔阵守家, 前线 11 个单位继续进攻）
[12:39:11] t=964 jev INF E2 (conf 0.35)
[12:39:11] {"kind": "action", "what": "produce", "name": "E2", "qty": 1, "tid": null, "ts": "12:39:11"}
[12:39:11] t=964 MOVE aahunt x3 -> (125,84)
[12:39:11] {"kind": "action", "what": "attack_move", "name": null, "qty": null, "tid": null, "ts": "12:39:11"}
[12:39:13] t=967 MOVE raid x2 -> (90,106)
[12:39:13] {"kind": "action", "what": "attack_move", "name": null, "qty": null, "tid": null, "ts": "12:39:13"}
[12:39:17] t=972 jev INF E2 HOLD (预算保护 gate=False e2=4)
[12:39:17] t=972 MOVE assault x9 -> (75,118)
[12:39:17] {"kind": "action", "what": "attack_move", "name": null, "qty": null, "tid": null, "ts": "12:39:17"}
[12:39:19] t=975 jev INF E2 HOLD (预算保护 gate=False e2=4)
[12:39:21] t=977 jev INF E2 HOLD (预算保护 gate=False e2=4)
[12:39:23] t=980 jev INF E2 HOLD (预算保护 gate=False e2=4)
[12:39:23] t=982 ALARM unit lost -> 攻势保持（塔阵守家, 前线 12 个单位继续进攻）
[12:39:25] t=982 jev INF E2 HOLD (预算保护 gate=False e2=3)
[12:39:25] t=982 jev VEH HTK HOLD (预算保护 cash=0 aav帽=ok aav=3)
[12:39:25] t=985 V3-RESPONSE HTK x1 (alive 3, seen t0 fire t1000000985)
[12:39:25] {"kind": "action", "what": "produce", "name": "HTK", "qty": 1, "tid": null, "ts": "12:39:25"}
[12:39:27] t=985 jev INF E2 (conf 0.28)
[12:39:27] t=987 RETREAT E2(5%)
[12:39:27] {"kind": "action", "what": "move", "name": null, "qty": null, "tid": null, "ts": "12:39:27"}
[12:39:29] t=987 jev INF E2 (conf 0.29)
[12:39:29] t=990 ALARM unit lost -> 攻势保持（塔阵守家, 前线 11 个单位继续进攻）
[12:39:31] t=990 jev INF E2 HOLD (预算保护 gate=False e2=2)
[12:39:31] t=990 MOVE assault x8 -> (75,118)
[12:39:31] {"kind": "action", "what": "attack_move", "name": null, "qty": null, "tid": null, "ts": "12:39:31"}
[12:39:33] t=993 jev INF E2 HOLD (预算保护 gate=False e2=2)
[12:39:33] t=993 jev VEH HTK HOLD (预算保护 cash=374 aav帽=hit aav=4)
[12:39:34] t=995 jev VEH HTK HOLD (预算保护 cash=320 aav帽=hit aav=4)
[12:39:34] t=995 MOVE raid x2 -> (90,106)
[12:39:34] {"kind": "action", "what": "attack_move", "name": null, "qty": null, "tid": null, "ts": "12:39:34"}
[12:39:36] t=998 jev VEH HTK HOLD (预算保护 cash=320 aav帽=hit aav=4)
[12:39:38] t=1000 jev VEH HTK HOLD (预算保护 cash=320 aav帽=hit aav=4)
[12:39:40] t=1003 jev BUILD NAWEAP HOLD (资金闸门: 坦克优先, cash=320)
[12:39:40] t=1003 jev INF FLAKT HOLD (预算保护 gate=False e2=2)
[12:39:40] t=1003 jev VEH HARV HOLD (预算保护 cash=320 aav帽=ok aav=4)
[12:39:41] t=1005 TANK HTNK x2
[12:39:41] t=1005 DEBT-GATE HTNK x2 (debt=0 eff=1445 < 1800)
[12:39:42] t=1005 jev BUILD NAWEAP HOLD (资金闸门: 坦克优先, cash=1445)
[12:39:42] t=1005 jev INF FLAKT (conf 0.34)
[12:39:42] t=1005 jev VEH HARV HOLD (预算保护 cash=1445 aav帽=ok aav=4)
[12:39:42] {"kind": "action", "what": "produce", "name": "FLAKT", "qty": 1, "tid": null, "ts": "12:39:42"}
[12:39:42] t=1005 MOVE aahunt x4 -> (125,84)
[12:39:42] {"kind": "action", "what": "attack_move", "name": null, "qty": null, "tid": null, "ts": "12:39:42"}
[12:39:43] t=1008 TANK HTNK x2
[12:39:43] t=1008 DEBT-GATE HTNK x2 (debt=0 eff=1422 < 1800)
[12:39:44] t=1008 jev BUILD NAWEAP HOLD (资金闸门: 坦克优先, cash=1422)
[12:39:44] t=1008 jev VEH HARV HOLD (预算保护 cash=1422 aav帽=ok aav=4)
[12:39:44] t=1008 MOVE assault x8 -> (75,118)
[12:39:44] {"kind": "action", "what": "attack_move", "name": null, "qty": null, "tid": null, "ts": "12:39:44"}
[12:39:45] t=1011 TANK HTNK x2
[12:39:45] t=1011 DEBT-GATE HTNK x2 (debt=0 eff=1233 < 1800)
[12:39:46] t=1011 jev BUILD NAWEAP HOLD (资金闸门: 坦克优先, cash=1233)
[12:39:46] t=1011 jev VEH HARV HOLD (预算保护 cash=1233 aav帽=ok aav=4)
[12:39:47] t=1014 TANK HTNK x1
[12:39:47] {"kind": "action", "what": "produce", "name": "HTNK", "qty": 1, "tid": null, "ts": "12:39:47"}
[12:39:49] t=1014 jev BUILD NAWEAP HOLD (资金闸门: 坦克优先, cash=1195)
[12:39:49] t=1014 jev INF FLAKT (conf 0.58)
[12:39:49] t=1016 ESCORT 坦克#2212 -> 护航矿车@[130, 105]
[12:39:49] {"kind": "action", "what": "attack_move", "name": null, "qty": null, "tid": null, "ts": "12:39:49"}
[12:39:51] t=1016 jev BUILD NAWEAP HOLD (资金闸门: 坦克优先, cash=1059)
[12:39:51] t=1016 jev INF FLAKT (conf 0.40)
[12:39:51] t=1016 tick#450 credits=1059 stance=attack | jev 450 decisions p50=1487ms
[12:39:53] t=1019 jev BUILD NAWEAP HOLD (资金闸门: 坦克优先, cash=912)
[12:39:53] t=1019 jev INF FLAKT (conf 0.48)
[12:39:53] t=1022 RETREAT HTNK(38%)
[12:39:53] {"kind": "action", "what": "move", "name": null, "qty": null, "tid": null, "ts": "12:39:53"}
[12:39:55] t=1022 jev BUILD NAWEAP HOLD (资金闸门: 坦克优先, cash=772)
[12:39:55] t=1022 jev INF FLAKT HOLD (预算保护 gate=False e2=2)
[12:39:55] t=1022 MOVE raid x2 -> (90,106)
[12:39:55] {"kind": "action", "what": "attack_move", "name": null, "qty": null, "tid": null, "ts": "12:39:55"}
[12:39:57] t=1025 jev BUILD NAWEAP HOLD (资金闸门: 坦克优先, cash=625)
[12:39:57] t=1025 jev INF FLAKT HOLD (预算保护 gate=False e2=2)
[12:39:57] t=1025 MOVE raid x2 -> (90,107); assault x9 -> (75,118)
[12:39:57] {"kind": "action", "what": "attack_move", "name": null, "qty": null, "tid": null, "ts": "12:39:57"}
[12:39:57] {"kind": "action", "what": "attack_move", "name": null, "qty": null, "tid": null, "ts": "12:39:57"}
[12:39:57] t=1028 RETREAT HTNK(8%)
[12:39:58] {"kind": "action", "what": "move", "name": null, "qty": null, "tid": null, "ts": "12:39:58"}
[12:39:59] t=1028 jev BUILD NAWEAP HOLD (资金闸门: 坦克优先, cash=479)
[12:39:59] t=1028 jev INF FLAKT HOLD (预算保护 gate=False e2=2)
[12:40:02] t=1031 jev BUILD NAWEAP HOLD (资金闸门: 坦克优先, cash=335)
[12:40:02] t=1031 jev INF FLAKT HOLD (预算保护 gate=False e2=2)
[12:40:02] t=1031 MOVE raid x2 -> (90,108); assault x6 -> 攻击目标#2400@(77,105); t=1031 SIEGE 拔防御壳 x6 -> #2400@(77,105); hold_a x2 -> (132,86); hold_b x1 -> (127,74); aahunt x4 -> (124,83)
[12:40:02] {"kind": "action", "what": "attack_move", "name": null, "qty": null, "tid": null, "ts": "12:40:02"}
[12:40:02] {"kind": "action", "what": "attack_obj", "name": null, "qty": null, "tid": 2400, "ts": "12:40:02"}
[12:40:02] {"kind": "action", "what": "attack_move", "name": null, "qty": null, "tid": null, "ts": "12:40:02"}
[12:40:02] {"kind": "action", "what": "attack_move", "name": null, "qty": null, "tid": null, "ts": "12:40:02"}
[12:40:02] {"kind": "action", "what": "attack_move", "name": null, "qty": null, "tid": null, "ts": "12:40:02"}
[12:40:04] t=1034 jev BUILD NAWEAP HOLD (资金闸门: 坦克优先, cash=295)
[12:40:04] t=1034 jev INF FLAKT HOLD (预算保护 gate=False e2=2)
[12:40:04] t=1034 jev VEH HTNK HOLD (预算保护 cash=295 aav帽=ok aav=4)
[12:40:04] t=1034 MOVE raid x2 -> (83,119); t=1034 SIEGE 拔防御壳 x7 -> #2400@(77,105)
[12:40:04] {"kind": "action", "what": "attack_move", "name": null, "qty": null, "tid": null, "ts": "12:40:04"}
[12:40:06] t=1037 jev BUILD NAWEAP HOLD (资金闸门: 坦克优先, cash=295)
[12:40:06] t=1037 jev INF FLAKT HOLD (预算保护 gate=False e2=2)
[12:40:06] t=1037 jev VEH HTNK HOLD (预算保护 cash=295 aav帽=ok aav=4)
[12:40:06] t=1037 MOVE raid x2 -> (83,115); t=1037 SIEGE 拔防御壳 x7 -> #2400@(77,105)
[12:40:06] {"kind": "action", "what": "attack_move", "name": null, "qty": null, "tid": null, "ts": "12:40:06"}
[12:40:08] t=1040 jev BUILD NAWEAP HOLD (资金闸门: 坦克优先, cash=295)
[12:40:08] t=1040 jev INF FLAKT HOLD (预算保护 gate=False e2=2)
[12:40:08] t=1040 jev VEH HTNK HOLD (预算保护 cash=295 aav帽=ok aav=4)
[12:40:08] t=1040 MOVE raid x2 -> (81,111); t=1040 SIEGE 拔防御壳 x7 -> #2400@(77,105)
[12:40:08] {"kind": "action", "what": "attack_move", "name": null, "qty": null, "tid": null, "ts": "12:40:08"}
[12:40:11] t=1043 jev BUILD NAWEAP HOLD (资金闸门: 坦克优先, cash=295)
[12:40:11] t=1043 jev INF FLAKT HOLD (预算保护 gate=False e2=2)
[12:40:11] t=1043 jev VEH HTNK HOLD (预算保护 cash=295 aav帽=ok aav=4)
[12:40:11] t=1043 MOVE raid x2 -> (78,108); t=1043 SIEGE 拔防御壳 x7 -> #2400@(77,105)
[12:40:11] {"kind": "action", "what": "attack_move", "name": null, "qty": null, "tid": null, "ts": "12:40:11"}
[12:40:13] t=1046 jev BUILD NAWEAP HOLD (资金闸门: 坦克优先, cash=295)
[12:40:13] t=1046 jev INF FLAKT HOLD (预算保护 gate=False e2=2)
[12:40:13] t=1046 jev VEH DRON HOLD (预算保护 cash=295 aav帽=ok aav=4)
[12:40:13] t=1046 MOVE raid x2 -> (89,107); t=1046 SIEGE 拔防御壳 x7 -> #2400@(77,105)
[12:40:13] {"kind": "action", "what": "attack_move", "name": null, "qty": null, "tid": null, "ts": "12:40:13"}
[12:40:15] t=1049 jev BUILD NAWEAP HOLD (资金闸门: 坦克优先, cash=295)
[12:40:15] t=1049 jev INF FLAKT HOLD (预算保护 gate=False e2=2)
[12:40:15] t=1049 jev VEH DRON HOLD (预算保护 cash=295 aav帽=ok aav=4)
[12:40:15] t=1049 MOVE assault x7 -> 攻击目标#2400@(77,105); t=1049 SIEGE 拔防御壳 x7 -> #2400@(77,105)
[12:40:15] {"kind": "action", "what": "attack_obj", "name": null, "qty": null, "tid": 2400, "ts": "12:40:15"}
[12:40:17] t=1052 jev BUILD NAWEAP HOLD (资金闸门: 坦克优先, cash=295)
[12:40:17] t=1052 jev INF FLAKT HOLD (预算保护 gate=False e2=2)
[12:40:17] t=1052 jev VEH HARV HOLD (预算保护 cash=295 aav帽=ok aav=4)
[12:40:17] t=1055 TANK HTNK x2
[12:40:17] t=1055 DEBT-GATE HTNK x2 (debt=0 eff=1420 < 1800)
[12:40:19] t=1055 jev BUILD NAWEAP HOLD (资金闸门: 坦克优先, cash=1420)
[12:40:19] t=1055 jev INF FLAKT (conf 0.39)
[12:40:19] t=1055 jev VEH HTK HOLD (预算保护 cash=1420 aav帽=hit aav=4)
[12:40:19] {"kind": "action", "what": "produce", "name": "FLAKT", "qty": 1, "tid": null, "ts": "12:40:19"}
[12:40:20] t=1058 TANK HTNK x2
[12:40:20] t=1058 ESCORT 坦克#2212 -> 护航矿车@[131, 109]
[12:40:20] t=1058 DEBT-GATE HTNK x2 (debt=0 eff=1402 < 1800)
[12:40:20] {"kind": "action", "what": "attack_move", "name": null, "qty": null, "tid": null, "ts": "12:40:20"}
[12:40:22] t=1058 jev BUILD NAWEAP HOLD (资金闸门: 坦克优先, cash=1402)
[12:40:22] t=1058 jev VEH HTK HOLD (预算保护 cash=1402 aav帽=hit aav=4)
[12:40:22] t=1060 ALARM unit lost -> 攻势保持（塔阵守家, 前线 11 个单位继续进攻）
[12:40:22] t=1060 TANK HTNK x1
[12:40:22] {"kind": "action", "what": "produce", "name": "HTNK", "qty": 1, "tid": null, "ts": "12:40:22"}
[12:40:24] t=1060 jev BUILD NAWEAP HOLD (资金闸门: 坦克优先, cash=1198)
[12:40:26] t=1063 jev BUILD NAWEAP HOLD (资金闸门: 坦克优先, cash=1027)
[12:40:26] t=1063 jev INF FLAKT (conf 0.39)
[12:40:28] t=1066 jev BUILD NAWEAP HOLD (资金闸门: 坦克优先, cash=887)
[12:40:28] t=1066 jev INF FLAKT (conf 0.32)
[12:40:28] t=1066 MOVE assault x6 -> 攻击目标#2400@(77,105); t=1066 SIEGE 拔防御壳 x6 -> #2400@(77,105)
[12:40:28] {"kind": "action", "what": "attack_obj", "name": null, "qty": null, "tid": 2400, "ts": "12:40:28"}
[12:40:30] t=1069 jev BUILD NAWEAP HOLD (资金闸门: 坦克优先, cash=740)
[12:40:30] t=1069 jev INF FLAKT HOLD (预算保护 gate=False e2=2)
[12:40:32] t=1072 jev BUILD NAWEAP HOLD (资金闸门: 坦克优先, cash=600)
[12:40:32] t=1072 jev INF FLAKT HOLD (预算保护 gate=False e2=2)
[12:40:32] t=1072 MOVE t=1072 SIEGE 拔防御壳 x6 -> #2400@(77,105); aahunt x4 -> (124,83)
[12:40:32] {"kind": "action", "what": "attack_move", "name": null, "qty": null, "tid": null, "ts": "12:40:32"}
[12:40:34] t=1075 jev BUILD NAWEAP HOLD (资金闸门: 坦克优先, cash=1582)
[12:40:34] t=1075 jev INF FLAKT (conf 0.28)
[12:40:34] t=1075 MOVE raid x2 -> (89,107); t=1075 SIEGE 拔防御壳 x6 -> #2400@(77,105)
[12:40:34] {"kind": "action", "what": "attack_move", "name": null, "qty": null, "tid": null, "ts": "12:40:34"}
[12:40:37] t=1078 jev BUILD NAWEAP HOLD (资金闸门: 坦克优先, cash=1439)
[12:40:37] t=1078 jev INF FLAKT (conf 0.27)
[12:40:37] t=1078 MOVE raid x2 -> (79,102); t=1078 SIEGE 拔防御壳 x6 -> #2400@(77,105)
[12:40:37] {"kind": "action", "what": "attack_move", "name": null, "qty": null, "tid": null, "ts": "12:40:37"}
[12:40:37] t=1081 TANK HTNK x2
[12:40:39] t=1081 jev BUILD NAWEAP HOLD (资金闸门: 坦克优先, cash=1395)
[12:40:39] t=1081 jev INF FLAKT (conf 0.26)
[12:40:39] t=1081 jev VEH DRON (conf 0.09)
[12:40:39] {"kind": "action", "what": "produce", "name": "DRON", "qty": 1, "tid": null, "ts": "12:40:39"}
[12:40:39] t=1081 MOVE raid x2 -> (89,107); t=1081 SIEGE 拔防御壳 x7 -> #2400@(77,105)
[12:40:39] {"kind": "action", "what": "attack_move", "name": null, "qty": null, "tid": null, "ts": "12:40:39"}
[12:40:41] t=1083 jev BUILD NAWEAP HOLD (资金闸门: 坦克优先, cash=1377)
[12:40:41] t=1083 jev INF FLAKT (conf 0.30)
[12:40:41] t=1083 MOVE assault x7 -> 攻击目标#2400@(77,105); t=1083 SIEGE 拔防御壳 x7 -> #2400@(77,105)
[12:40:41] {"kind": "action", "what": "attack_obj", "name": null, "qty": null, "tid": 2400, "ts": "12:40:41"}
[12:40:43] t=1086 jev BUILD NAWEAP HOLD (资金闸门: 坦克优先, cash=1218)
[12:40:43] t=1086 jev INF FLAKT (conf 0.29)
[12:40:45] t=1089 jev BUILD NAWEAP HOLD (资金闸门: 坦克优先, cash=1062)
[12:40:45] t=1089 jev INF FLAKT (conf 0.30)
[12:40:45] {"kind": "action", "what": "produce", "name": "FLAKT", "qty": 1, "tid": null, "ts": "12:40:45"}
[12:40:45] t=1089 tick#475 credits=1062 stance=attack | jev 475 decisions p50=1510ms
[12:40:45] t=1092 TANK HTNK x1
[12:40:47] t=1092 jev BUILD NAWEAP HOLD (资金闸门: 坦克优先, cash=977)
[12:40:47] t=1092 jev VEH HTNK HOLD (预算保护 cash=977 aav帽=ok aav=4)
[12:40:49] t=1095 jev BUILD NAWEAP HOLD (资金闸门: 坦克优先, cash=783)
[12:40:49] t=1095 jev VEH HTNK HOLD (预算保护 cash=783 aav帽=ok aav=4)
[12:40:51] t=1098 jev BUILD NAWEAP HOLD (资金闸门: 坦克优先, cash=745)
[12:40:51] t=1098 jev INF FLAKT HOLD (预算保护 gate=False e2=2)
[12:40:51] t=1098 jev VEH HTK HOLD (预算保护 cash=745 aav帽=hit aav=4)
[12:40:51] t=1098 MOVE raid x3 -> (85,109); t=1098 SIEGE 拔防御壳 x8 -> #2400@(77,105)
[12:40:52] {"kind": "action", "what": "attack_move", "name": null, "qty": null, "tid": null, "ts": "12:40:52"}
[12:40:54] t=1100 jev BUILD NAWEAP HOLD (资金闸门: 坦克优先, cash=745)
[12:40:54] t=1100 jev INF FLAKT HOLD (预算保护 gate=False e2=2)
[12:40:54] t=1100 jev VEH HTK HOLD (预算保护 cash=745 aav帽=hit aav=4)
[12:40:54] t=1100 MOVE raid x3 -> (86,108); assault x8 -> 攻击目标#2400@(77,105); t=1100 SIEGE 拔防御壳 x8 -> #2400@(77,105)
[12:40:54] {"kind": "action", "what": "attack_move", "name": null, "qty": null, "tid": null, "ts": "12:40:54"}
[12:40:54] {"kind": "action", "what": "attack_obj", "name": null, "qty": null, "tid": 2400, "ts": "12:40:54"}
[12:40:56] t=1103 jev BUILD NAWEAP HOLD (资金闸门: 坦克优先, cash=745)
[12:40:56] t=1103 jev INF FLAKT HOLD (预算保护 gate=False e2=2)
[12:40:56] t=1103 jev VEH HTK HOLD (预算保护 cash=745 aav帽=hit aav=4)
[12:40:56] t=1103 MOVE raid x3 -> (87,107); t=1103 SIEGE 拔防御壳 x8 -> #2400@(77,105)
[12:40:56] {"kind": "action", "what": "attack_move", "name": null, "qty": null, "tid": null, "ts": "12:40:56"}
[12:40:56] t=1106 ALARM unit lost -> 攻势保持（塔阵守家, 前线 12 个单位继续进攻）
[12:40:58] t=1106 jev BUILD NAWEAP HOLD (资金闸门: 坦克优先, cash=745)
[12:40:58] t=1106 jev INF FLAKT HOLD (预算保护 gate=False e2=2)
[12:40:58] t=1106 jev VEH HTNK HOLD (预算保护 cash=745 aav帽=ok aav=4)
[12:40:58] t=1106 MOVE raid x2 -> (89,108); t=1106 SIEGE 拔防御壳 x7 -> #2400@(77,105)
[12:40:58] {"kind": "action", "what": "attack_move", "name": null, "qty": null, "tid": null, "ts": "12:40:58"}
[12:40:58] t=1109 TESLA coil (have 0)
[12:40:58] {"kind": "action", "what": "produce", "name": "TESLA", "qty": 1, "tid": null, "ts": "12:40:58"}
[12:40:58] t=1109 DEBT-GATE NAWEAP x1 (debt=1500 eff=370 < 2000)
[12:41:01] t=1109 jev INF FLAKT (conf 0.38)
[12:41:01] t=1109 jev VEH HTNK (conf 0.10)
[12:41:01] t=1109 DEBT-GATE HTNK x1 (debt=1500 eff=370 < 900)
[12:41:01] t=1109 MOVE raid x2 -> (79,118); t=1109 SIEGE 拔防御壳 x7 -> #2400@(77,105); hold_a x3 -> (133,86); hold_b x2 -> (126,76); aahunt x4 -> (125,84)
[12:41:01] {"kind": "action", "what": "attack_move", "name": null, "qty": null, "tid": null, "ts": "12:41:01"}
[12:41:01] {"kind": "action", "what": "attack_move", "name": null, "qty": null, "tid": null, "ts": "12:41:01"}
[12:41:01] {"kind": "action", "what": "attack_move", "name": null, "qty": null, "tid": null, "ts": "12:41:01"}
[12:41:01] {"kind": "action", "what": "attack_move", "name": null, "qty": null, "tid": null, "ts": "12:41:01"}
[12:41:02] t=1113 TANK HTNK x2
[12:41:02] t=1113 DEBT-GATE HTNK x2 (debt=0 eff=1766 < 1800)
[12:41:04] t=1113 jev BUILD NAWEAP HOLD (资金闸门: 坦克优先, cash=1766)
[12:41:04] t=1113 jev INF FLAKT (conf 0.24)
[12:41:04] t=1113 jev VEH HTNK (conf 0.16)
[12:41:04] {"kind": "action", "what": "produce", "name": "HTNK", "qty": 1, "tid": null, "ts": "12:41:04"}
[12:41:04] t=1113 MOVE raid x2 -> (79,112); t=1113 SIEGE 拔防御壳 x7 -> #2400@(77,105); hold_a x3 -> (132,86); hold_b x2 -> (127,74); aahunt x4 -> (124,83)
[12:41:04] {"kind": "action", "what": "attack_move", "name": null, "qty": null, "tid": null, "ts": "12:41:04"}
[12:41:04] {"kind": "action", "what": "attack_move", "name": null, "qty": null, "tid": null, "ts": "12:41:04"}
[12:41:04] {"kind": "action", "what": "attack_move", "name": null, "qty": null, "tid": null, "ts": "12:41:04"}
[12:41:04] {"kind": "action", "what": "attack_move", "name": null, "qty": null, "tid": null, "ts": "12:41:04"}
[12:41:04] t=1117 ALARM unit lost -> 攻势保持（塔阵守家, 前线 12 个单位继续进攻）
[12:41:04] t=1117 ESCORT 坦克#2484 -> 护航矿车@[128, 104]
[12:41:04] t=1117 RETREAT HTNK(39%)
[12:41:04] {"kind": "action", "what": "attack_move", "name": null, "qty": null, "tid": null, "ts": "12:41:04"}
[12:41:04] {"kind": "action", "what": "move", "name": null, "qty": null, "tid": null, "ts": "12:41:04"}
[12:41:06] t=1117 jev BUILD NAWEAP HOLD (资金闸门: 坦克优先, cash=1660)
[12:41:06] t=1117 jev INF FLAKT (conf 0.24)
[12:41:06] t=1117 MOVE raid x1 -> (79,108); assault x6 -> 攻击目标#2400@(77,105); t=1117 SIEGE 拔防御壳 x6 -> #2400@(77,105)
[12:41:06] {"kind": "action", "what": "attack_move", "name": null, "qty": null, "tid": null, "ts": "12:41:06"}
[12:41:06] {"kind": "action", "what": "attack_obj", "name": null, "qty": null, "tid": 2400, "ts": "12:41:06"}
[12:41:09] t=1120 jev BUILD NAWEAP HOLD (资金闸门: 坦克优先, cash=1426)
[12:41:09] t=1120 jev INF FLAKT (conf 0.29)
[12:41:09] t=1120 MOVE raid x1 -> (80,105); t=1120 SIEGE 拔防御壳 x6 -> #2400@(77,105)
[12:41:09] {"kind": "action", "what": "attack_move", "name": null, "qty": null, "tid": null, "ts": "12:41:09"}
[12:41:11] t=1123 jev BUILD NAWEAP HOLD (资金闸门: 坦克优先, cash=1198)
[12:41:11] t=1123 jev INF FLAKT (conf 0.30)
[12:41:11] {"kind": "action", "what": "produce", "name": "FLAKT", "qty": 1, "tid": null, "ts": "12:41:11"}
[12:41:11] t=1123 MOVE raid x1 -> (80,101); t=1123 SIEGE 拔防御壳 x6 -> #2400@(77,105)
[12:41:11] {"kind": "action", "what": "attack_move", "name": null, "qty": null, "tid": null, "ts": "12:41:11"}
[12:41:13] t=1126 jev BUILD NAWEAP HOLD (资金闸门: 坦克优先, cash=952)
[12:41:13] t=1126 MOVE raid x1 -> (87,107); t=1126 SIEGE 拔防御壳 x6 -> #2400@(77,105)
[12:41:13] {"kind": "action", "what": "attack_move", "name": null, "qty": null, "tid": null, "ts": "12:41:13"}
[12:41:15] t=1129 jev BUILD NAWEAP HOLD (资金闸门: 坦克优先, cash=548)
[12:41:15] t=1131 ALARM unit lost -> 攻势保持（塔阵守家, 前线 11 个单位继续进攻）
[12:41:17] t=1131 jev BUILD NAWEAP HOLD (资金闸门: 坦克优先, cash=322)
[12:41:17] t=1131 jev INF E2 HOLD (预算保护 gate=False e2=2)
[12:41:19] t=1134 jev BUILD NAWEAP HOLD (资金闸门: 坦克优先, cash=123)
[12:41:19] t=1134 jev INF E2 HOLD (预算保护 gate=False e2=2)
[12:41:19] t=1134 MOVE assault x5 -> 攻击目标#2400@(77,105); t=1134 SIEGE 拔防御壳 x5 -> #2400@(77,105)
[12:41:19] {"kind": "action", "what": "attack_obj", "name": null, "qty": null, "tid": 2400, "ts": "12:41:19"}
[12:41:21] t=1137 jev BUILD NAWEAP HOLD (资金闸门: 坦克优先, cash=46)
[12:41:21] t=1137 jev INF E2 HOLD (预算保护 gate=False e2=2)
[12:41:21] t=1137 jev VEH HARV HOLD (预算保护 cash=46 aav帽=ok aav=4)
[12:41:21] t=1139 ALARM unit lost -> 攻势保持（塔阵守家, 前线 12 个单位继续进攻）
[12:41:23] t=1139 jev INF FLAKT HOLD (预算保护 gate=False e2=2)
[12:41:23] t=1139 jev VEH HARV HOLD (预算保护 cash=0 aav帽=ok aav=4)
[12:41:23] t=1139 MOVE t=1139 SIEGE 拔防御壳 x5 -> #2400@(77,105); hold_a x3 -> (133,86); hold_b x3 -> (126,76); aahunt x4 -> (125,84)
[12:41:23] {"kind": "action", "what": "attack_move", "name": null, "qty": null, "tid": null, "ts": "12:41:23"}
[12:41:23] {"kind": "action", "what": "attack_move", "name": null, "qty": null, "tid": null, "ts": "12:41:23"}
[12:41:23] {"kind": "action", "what": "attack_move", "name": null, "qty": null, "tid": null, "ts": "12:41:23"}
[12:41:25] t=1142 jev INF FLAKT HOLD (预算保护 gate=False e2=2)
[12:41:25] t=1142 jev VEH HARV HOLD (预算保护 cash=0 aav帽=ok aav=4)
[12:41:26] t=1145 RETREAT HTNK(38%)
[12:41:26] {"kind": "action", "what": "move", "name": null, "qty": null, "tid": null, "ts": "12:41:26"}
[12:41:27] t=1145 jev BUILD NAWEAP HOLD (资金闸门: 坦克优先, cash=0)
[12:41:27] t=1145 jev INF FLAKT HOLD (预算保护 gate=False e2=2)
[12:41:27] t=1145 jev VEH HARV HOLD (预算保护 cash=0 aav帽=ok aav=4)
[12:41:27] t=1145 MOVE t=1145 SIEGE 拔防御壳 x5 -> #2400@(77,105); hold_a x3 -> (132,86); hold_b x3 -> (127,74); aahunt x4 -> (124,83)
[12:41:27] {"kind": "action", "what": "attack_move", "name": null, "qty": null, "tid": null, "ts": "12:41:27"}
[12:41:27] {"kind": "action", "what": "attack_move", "name": null, "qty": null, "tid": null, "ts": "12:41:27"}
[12:41:27] {"kind": "action", "what": "attack_move", "name": null, "qty": null, "tid": null, "ts": "12:41:27"}
[12:41:30] t=1148 jev BUILD NAWEAP HOLD (资金闸门: 坦克优先, cash=0)
[12:41:30] t=1148 jev INF FLAKT HOLD (预算保护 gate=False e2=2)
[12:41:30] t=1148 jev VEH HARV HOLD (预算保护 cash=0 aav帽=ok aav=4)
[12:41:32] t=1151 jev BUILD NAWEAP HOLD (资金闸门: 坦克优先, cash=0)
[12:41:32] t=1151 jev INF FLAKT HOLD (预算保护 gate=False e2=2)
[12:41:32] t=1151 jev VEH HARV HOLD (预算保护 cash=0 aav帽=ok aav=4)
[12:41:32] t=1151 MOVE assault x5 -> 攻击目标#2400@(77,105); t=1151 SIEGE 拔防御壳 x5 -> #2400@(77,105)
[12:41:32] {"kind": "action", "what": "attack_obj", "name": null, "qty": null, "tid": 2400, "ts": "12:41:32"}
[12:41:32] t=1153 ALARM unit lost -> 攻势保持（塔阵守家, 前线 12 个单位继续进攻）
[12:41:32] t=1153 RETREAT HTNK(37%)
[12:41:32] {"kind": "action", "what": "move", "name": null, "qty": null, "tid": null, "ts": "12:41:32"}
[12:41:34] t=1153 jev BUILD NAWEAP HOLD (资金闸门: 坦克优先, cash=0)
[12:41:34] t=1153 jev INF FLAKT HOLD (预算保护 gate=False e2=2)
[12:41:34] t=1153 jev VEH HARV HOLD (预算保护 cash=0 aav帽=ok aav=4)
[12:41:34] t=1153 MOVE assault x4 -> (102,93); t=1153 SIEGE STAGING x4/5 (前沿集结, 齐冲再上)
[12:41:34] {"kind": "action", "what": "attack_move", "name": null, "qty": null, "tid": null, "ts": "12:41:34"}
[12:41:36] t=1156 jev BUILD NAWEAP HOLD (资金闸门: 坦克优先, cash=0)
[12:41:36] t=1156 jev INF FLAKT HOLD (预算保护 gate=False e2=2)
[12:41:36] t=1156 jev VEH HARV HOLD (预算保护 cash=0 aav帽=ok aav=4)
[12:41:36] t=1159 ESCORT 坦克#2484 -> 护航矿车@[104, 89]
[12:41:36] {"kind": "action", "what": "attack_move", "name": null, "qty": null, "tid": null, "ts": "12:41:36"}
[12:41:38] t=1159 jev BUILD NAWEAP HOLD (资金闸门: 坦克优先, cash=273)
[12:41:38] t=1159 jev INF FLAKT HOLD (预算保护 gate=False e2=2)
[12:41:38] t=1159 jev VEH HARV HOLD (预算保护 cash=273 aav帽=ok aav=4)
[12:41:40] t=1162 jev BUILD NAWEAP HOLD (资金闸门: 坦克优先, cash=206)
[12:41:40] t=1162 jev INF FLAKT HOLD (预算保护 gate=False e2=2)
[12:41:40] t=1162 jev VEH HARV HOLD (预算保护 cash=206 aav帽=ok aav=4)
[12:41:40] t=1162 tick#500 credits=206 stance=attack | jev 500 decisions p50=1541ms
[12:41:40] t=1164 ALARM unit lost -> 攻势保持（塔阵守家, 前线 12 个单位继续进攻）
[12:41:42] t=1164 jev BUILD NAWEAP HOLD (资金闸门: 坦克优先, cash=140)
[12:41:42] t=1164 jev INF FLAKT HOLD (预算保护 gate=False e2=2)
[12:41:42] t=1164 jev VEH HARV HOLD (预算保护 cash=140 aav帽=ok aav=4)
[12:41:44] t=1167 jev BUILD NAWEAP HOLD (资金闸门: 坦克优先, cash=77)
[12:41:44] t=1167 jev INF FLAKT HOLD (预算保护 gate=False e2=2)
[12:41:44] t=1167 jev VEH HARV HOLD (预算保护 cash=77 aav帽=ok aav=4)
[12:41:46] t=1170 jev INF FLAKT HOLD (预算保护 gate=False e2=2)
[12:41:46] t=1170 jev VEH HARV HOLD (预算保护 cash=13 aav帽=ok aav=4)
[12:41:46] t=1170 MOVE assault x3 -> (101,100); t=1170 SIEGE STAGING x3/5 (前沿集结, 齐冲再上); hold_a x3 -> (133,86); hold_b x3 -> (126,76); aahunt x4 -> (125,84)
[12:41:46] {"kind": "action", "what": "attack_move", "name": null, "qty": null, "tid": null, "ts": "12:41:46"}
[12:41:46] {"kind": "action", "what": "attack_move", "name": null, "qty": null, "tid": null, "ts": "12:41:46"}
[12:41:46] {"kind": "action", "what": "attack_move", "name": null, "qty": null, "tid": null, "ts": "12:41:46"}
[12:41:46] {"kind": "action", "what": "attack_move", "name": null, "qty": null, "tid": null, "ts": "12:41:46"}
[12:41:46] t=1173 RETREAT HTNK(37%)
[12:41:46] {"kind": "action", "what": "move", "name": null, "qty": null, "tid": null, "ts": "12:41:46"}
[12:41:48] t=1173 jev INF FLAKT HOLD (预算保护 gate=False e2=2)
[12:41:48] t=1173 jev VEH HARV HOLD (预算保护 cash=0 aav帽=ok aav=4)
[12:41:50] t=1175 jev INF FLAKT HOLD (预算保护 gate=False e2=2)
[12:41:50] t=1175 jev VEH HARV HOLD (预算保护 cash=123 aav帽=ok aav=4)
[12:41:50] t=1175 MOVE assault x3 -> (102,93); t=1175 SIEGE STAGING x3/5 (前沿集结, 齐冲再上); hold_a x3 -> (132,86); hold_b x3 -> (127,74); aahunt x4 -> (124,83)
[12:41:50] {"kind": "action", "what": "attack_move", "name": null, "qty": null, "tid": null, "ts": "12:41:50"}
[12:41:50] {"kind": "action", "what": "attack_move", "name": null, "qty": null, "tid": null, "ts": "12:41:50"}
[12:41:50] {"kind": "action", "what": "attack_move", "name": null, "qty": null, "tid": null, "ts": "12:41:50"}
[12:41:50] {"kind": "action", "what": "attack_move", "name": null, "qty": null, "tid": null, "ts": "12:41:50"}
[12:41:50] t=1178 HARASS DRON x2 (have 0)
[12:41:50] {"kind": "action", "what": "produce", "name": "DRON", "qty": 2, "tid": null, "ts": "12:41:50"}
[12:41:52] t=1178 jev INF FLAKT (conf 0.27)
[12:41:52] {"kind": "action", "what": "produce", "name": "FLAKT", "qty": 1, "tid": null, "ts": "12:41:52"}
[12:41:52] t=1181 ALARM unit lost -> 攻势保持（塔阵守家, 前线 12 个单位继续进攻）
[12:41:54] t=1181 jev BUILD NAWEAP HOLD (资金闸门: 坦克优先, cash=1561)
[12:41:56] t=1184 jev BUILD NAWEAP HOLD (资金闸门: 坦克优先, cash=1163)
[12:41:56] t=1184 MOVE t=1184 GHOST detected #2400@[77, 105] (集火150gs不倒, 拉黑); assault x2 -> (77,105)
[12:41:56] {"kind": "action", "what": "attack_move", "name": null, "qty": null, "tid": null, "ts": "12:41:56"}
[12:41:56] t=1186 ALARM unit lost -> 攻势保持（塔阵守家, 前线 14 个单位继续进攻）
[12:41:56] t=1186 SCOUT #2484->[14, 164] (敌影)
[12:41:56] {"kind": "action", "what": "attack_move", "name": null, "qty": null, "tid": null, "ts": "12:41:56"}
[12:41:58] t=1186 jev BUILD NAWEAP HOLD (资金闸门: 坦克优先, cash=916)
[12:41:58] t=1186 jev INF FLAKT (conf 0.33)
[12:41:58] t=1186 MOVE raid x1 -> (77,105)
[12:41:58] {"kind": "action", "what": "attack_move", "name": null, "qty": null, "tid": null, "ts": "12:41:58"}
[12:42:00] t=1189 jev BUILD NAWEAP HOLD (资金闸门: 坦克优先, cash=697)
[12:42:00] t=1189 jev INF FLAKT HOLD (预算保护 gate=False e2=2)
[12:42:02] t=1192 jev BUILD NAWEAP HOLD (资金闸门: 坦克优先, cash=484)
[12:42:02] t=1192 jev INF FLAKT HOLD (预算保护 gate=False e2=2)
[12:42:04] t=1194 jev BUILD NAWEAP HOLD (资金闸门: 坦克优先, cash=370)
[12:42:04] t=1194 jev INF FLAKT HOLD (预算保护 gate=False e2=2)
[12:42:04] t=1194 jev VEH HARV HOLD (预算保护 cash=370 aav帽=ok aav=4)
[12:42:04] t=1194 MOVE raid x2 -> (80,97)
[12:42:04] {"kind": "action", "what": "attack_move", "name": null, "qty": null, "tid": null, "ts": "12:42:04"}
[12:42:04] t=1197 TANK HTNK x2
[12:42:04] t=1197 DEBT-GATE HTNK x2 (debt=0 eff=1445 < 1800)
[12:42:06] t=1197 jev BUILD NAWEAP HOLD (资金闸门: 坦克优先, cash=1445)
[12:42:06] t=1197 jev INF FLAKT (conf 0.28)
[12:42:06] t=1197 jev VEH HARV HOLD (预算保护 cash=1445 aav帽=ok aav=4)
[12:42:06] t=1197 MOVE raid x2 -> (80,101)
[12:42:06] {"kind": "action", "what": "attack_move", "name": null, "qty": null, "tid": null, "ts": "12:42:06"}
[12:42:06] t=1200 TANK HTNK x2
[12:42:06] t=1200 ESCORT 坦克#2732 -> 护航矿车@[82, 91]
[12:42:06] t=1200 DEBT-GATE HTNK x2 (debt=0 eff=1445 < 1800)
[12:42:06] {"kind": "action", "what": "attack_move", "name": null, "qty": null, "tid": null, "ts": "12:42:06"}
[12:42:08] t=1200 jev INF FLAKT (conf 0.33)
[12:42:08] t=1200 jev VEH HTK HOLD (预算保护 cash=1445 aav帽=hit aav=4)
[12:42:08] t=1200 MOVE raid x2 -> (80,104); assault x3 -> (77,105)
[12:42:08] {"kind": "action", "what": "attack_move", "name": null, "qty": null, "tid": null, "ts": "12:42:08"}
[12:42:08] {"kind": "action", "what": "attack_move", "name": null, "qty": null, "tid": null, "ts": "12:42:08"}
[12:42:08] t=1202 POWER plant (reserve 5)
[12:42:08] t=1202 TANK HTNK x1
[12:42:09] {"kind": "action", "what": "produce", "name": "NAPOWR", "qty": 1, "tid": null, "ts": "12:42:09"}
[12:42:09] t=1202 DEBT-GATE HTNK x1 (debt=600 eff=845 < 900)
[12:42:10] t=1202 jev INF FLAKT (conf 0.34)
[12:42:10] t=1202 jev VEH HTK HOLD (预算保护 cash=1445 aav帽=hit aav=4)
[12:42:10] t=1202 MOVE raid x2 -> (80,108)
[12:42:10] {"kind": "action", "what": "attack_move", "name": null, "qty": null, "tid": null, "ts": "12:42:10"}
[12:42:11] t=1205 TANK HTNK x2
[12:42:11] t=1205 DEBT-GATE HTNK x2 (debt=0 eff=1368 < 1800)
[12:42:12] t=1205 jev INF FLAKT (conf 0.33)
[12:42:12] t=1205 jev VEH HTK HOLD (预算保护 cash=1368 aav帽=hit aav=4)
[12:42:12] t=1205 MOVE raid x2 -> (80,112)
[12:42:13] {"kind": "action", "what": "attack_move", "name": null, "qty": null, "tid": null, "ts": "12:42:13"}
[12:42:13] t=1208 TANK HTNK x2
[12:42:13] t=1208 DEBT-GATE HTNK x2 (debt=0 eff=1290 < 1800)
[12:42:15] t=1208 jev INF FLAKT (conf 0.34)
[12:42:15] t=1208 jev VEH HTK HOLD (预算保护 cash=1290 aav帽=hit aav=4)
[12:42:15] t=1208 MOVE raid x2 -> (80,116)
[12:42:15] {"kind": "action", "what": "attack_move", "name": null, "qty": null, "tid": null, "ts": "12:42:15"}
[12:42:15] t=1211 TANK HTNK x2
[12:42:15] t=1211 DEBT-GATE HTNK x2 (debt=0 eff=1207 < 1800)
[12:42:17] t=1211 jev INF FLAKT (conf 0.29)
[12:42:17] t=1211 jev VEH HTK HOLD (预算保护 cash=1207 aav帽=hit aav=4)
[12:42:17] t=1211 MOVE raid x2 -> (82,115)
[12:42:17] {"kind": "action", "what": "attack_move", "name": null, "qty": null, "tid": null, "ts": "12:42:17"}
[12:42:17] t=1214 TANK HTNK x1
[12:42:17] {"kind": "action", "what": "produce", "name": "HTNK", "qty": 1, "tid": null, "ts": "12:42:17"}
[12:42:19] t=1214 jev INF FLAKT (conf 0.28)
[12:42:19] t=1214 DEBT-GATE FLAKT x1 (debt=900 eff=227 < 250)
[12:42:19] t=1217 RETREAT HTNK(36%)
[12:42:20] {"kind": "action", "what": "move", "name": null, "qty": null, "tid": null, "ts": "12:42:20"}
[12:42:21] t=1217 jev INF FLAKT (conf 0.29)
[12:42:21] {"kind": "action", "what": "produce", "name": "FLAKT", "qty": 1, "tid": null, "ts": "12:42:21"}
[12:42:21] t=1217 MOVE assault x3 -> (77,105); aahunt x4 -> (124,83)
[12:42:21] {"kind": "action", "what": "attack_move", "name": null, "qty": null, "tid": null, "ts": "12:42:21"}
[12:42:22] {"kind": "action", "what": "attack_move", "name": null, "qty": null, "tid": null, "ts": "12:42:22"}
[12:42:22] t=1220 ALARM unit lost -> 攻势保持（塔阵守家, 前线 14 个单位继续进攻）
[12:42:22] t=1220 SCOUT #2732->[100, 100]
[12:42:22] {"kind": "action", "what": "attack_move", "name": null, "qty": null, "tid": null, "ts": "12:42:22"}
[12:42:28] t=1225 jev INF FLAKT HOLD (预算保护 gate=False e2=2)
[12:42:28] t=1225 MOVE raid x2 -> (78,79)
[12:42:28] {"kind": "action", "what": "attack_move", "name": null, "qty": null, "tid": null, "ts": "12:42:28"}
[12:42:28] t=1228 ALARM unit lost -> 攻势保持（塔阵守家, 前线 12 个单位继续进攻）
[12:42:30] t=1228 jev INF FLAKT HOLD (预算保护 gate=False e2=2)
[12:42:30] t=1228 MOVE raid x1 -> (80,81)
[12:42:30] {"kind": "action", "what": "attack_move", "name": null, "qty": null, "tid": null, "ts": "12:42:30"}
[12:42:30] t=1231 ALARM unit lost -> 攻势保持（塔阵守家, 前线 12 个单位继续进攻）
[12:42:30] t=1231 RETREAT DRON(12%)
[12:42:30] {"kind": "action", "what": "move", "name": null, "qty": null, "tid": null, "ts": "12:42:30"}
[12:42:32] t=1231 jev INF FLAKT HOLD (预算保护 gate=False e2=2)
[12:42:32] t=1231 MOVE raid x1 -> (81,85)
[12:42:32] {"kind": "action", "what": "attack_move", "name": null, "qty": null, "tid": null, "ts": "12:42:32"}
[12:42:32] t=1231 tick#525 credits=0 stance=attack | jev 525 decisions p50=1609ms
[12:42:32] t=1234 ALARM unit lost -> 攻势保持（塔阵守家, 前线 12 个单位继续进攻）
[12:42:34] t=1234 jev INF FLAKT HOLD (预算保护 gate=False e2=2)
[12:42:36] t=1237 jev INF FLAKT HOLD (预算保护 gate=False e2=2)
[12:42:39] t=1240 jev INF FLAKT HOLD (预算保护 gate=False e2=2)
[12:42:41] t=1242 jev BUILD NAWEAP HOLD (资金闸门: 坦克优先, cash=69)
[12:42:41] t=1242 jev INF FLAKT HOLD (预算保护 gate=False e2=2)
[12:42:43] t=1245 jev INF FLAKT HOLD (预算保护 gate=False e2=2)
[12:42:43] t=1248 RETREAT HTNK(15%)
[12:42:43] {"kind": "action", "what": "move", "name": null, "qty": null, "tid": null, "ts": "12:42:43"}
[12:42:45] t=1248 jev INF FLAKT HOLD (预算保护 gate=False e2=2)
[12:42:47] t=1251 jev INF FLAKT HOLD (预算保护 gate=False e2=2)
[12:42:49] t=1254 jev INF FLAKT HOLD (预算保护 gate=False e2=2)
[12:42:51] t=1257 jev INF FLAKT HOLD (预算保护 gate=False e2=2)
[12:42:51] t=1257 MOVE hold_a x4 -> (132,86); hold_b x4 -> (127,74)
[12:42:51] {"kind": "action", "what": "attack_move", "name": null, "qty": null, "tid": null, "ts": "12:42:51"}
[12:42:51] {"kind": "action", "what": "attack_move", "name": null, "qty": null, "tid": null, "ts": "12:42:51"}
[12:42:51] t=1259 ALARM unit lost -> 攻势保持（塔阵守家, 前线 12 个单位继续进攻）
[12:42:53] t=1259 jev BUILD NAWEAP HOLD (资金闸门: 坦克优先, cash=0)
[12:42:53] t=1259 jev INF FLAKT HOLD (预算保护 gate=False e2=2)
[12:42:53] t=1259 MOVE aahunt x4 -> (124,83)
[12:42:53] {"kind": "action", "what": "attack_move", "name": null, "qty": null, "tid": null, "ts": "12:42:53"}
[12:42:56] t=1262 jev BUILD NAWEAP HOLD (资金闸门: 坦克优先, cash=0)
[12:42:56] t=1262 jev INF E2 HOLD (预算保护 gate=False e2=2)
[12:42:58] t=1265 jev BUILD NAWEAP HOLD (资金闸门: 坦克优先, cash=0)
[12:42:58] t=1265 jev INF E2 HOLD (预算保护 gate=False e2=2)
[12:43:00] t=1268 jev BUILD NAWEAP HOLD (资金闸门: 坦克优先, cash=0)
[12:43:00] t=1268 jev INF E2 HOLD (预算保护 gate=False e2=2)
[12:43:02] t=1271 jev BUILD NAWEAP HOLD (资金闸门: 坦克优先, cash=0)
[12:43:02] t=1271 jev INF E2 HOLD (预算保护 gate=False e2=2)
[12:43:04] t=1273 jev BUILD NAWEAP HOLD (资金闸门: 坦克优先, cash=0)
[12:43:04] t=1273 jev INF E2 HOLD (预算保护 gate=False e2=2)
[12:43:06] t=1276 jev BUILD NAWEAP HOLD (资金闸门: 坦克优先, cash=0)
[12:43:06] t=1276 jev INF E2 HOLD (预算保护 gate=False e2=2)
[12:43:08] t=1279 jev BUILD NAWEAP HOLD (资金闸门: 坦克优先, cash=0)
[12:43:08] t=1279 jev INF E2 HOLD (预算保护 gate=False e2=2)
[12:43:10] t=1282 jev BUILD NAWEAP HOLD (资金闸门: 坦克优先, cash=0)
[12:43:10] t=1282 jev INF E2 HOLD (预算保护 gate=False e2=2)
[12:43:12] t=1284 jev BUILD NAWEAP HOLD (资金闸门: 坦克优先, cash=222)
[12:43:12] t=1287 ESCORT 坦克#3312 -> 护航矿车@[96, 61]
[12:43:12] {"kind": "action", "what": "attack_move", "name": null, "qty": null, "tid": null, "ts": "12:43:12"}
[12:43:12] t=1287 SCOUT #3312->[12, 100]
[12:43:12] {"kind": "action", "what": "attack_move", "name": null, "qty": null, "tid": null, "ts": "12:43:12"}
[12:43:14] t=1287 jev BUILD NAWEAP HOLD (资金闸门: 坦克优先, cash=220)
[12:43:14] t=1287 jev INF E2 HOLD (预算保护 gate=False e2=2)
[12:43:14] t=1287 jev VEH HARV HOLD (预算保护 cash=220 aav帽=ok aav=4)
[12:43:16] t=1290 jev BUILD NAWEAP HOLD (资金闸门: 坦克优先, cash=220)
[12:43:16] t=1290 jev INF E2 HOLD (预算保护 gate=False e2=2)
[12:43:16] t=1290 jev VEH HARV HOLD (预算保护 cash=220 aav帽=ok aav=4)
[12:43:18] t=1293 jev BUILD NAWEAP HOLD (资金闸门: 坦克优先, cash=220)
[12:43:18] t=1293 jev INF E2 HOLD (预算保护 gate=False e2=2)
[12:43:18] t=1293 jev VEH HARV HOLD (预算保护 cash=220 aav帽=ok aav=4)
[12:43:21] t=1296 jev BUILD NAWEAP HOLD (资金闸门: 坦克优先, cash=220)
[12:43:21] t=1296 jev INF E2 HOLD (预算保护 gate=False e2=2)
[12:43:21] t=1296 jev VEH HARV HOLD (预算保护 cash=220 aav帽=ok aav=4)
[12:43:23] t=1298 jev BUILD NAWEAP HOLD (资金闸门: 坦克优先, cash=220)
[12:43:23] t=1298 jev INF E2 HOLD (预算保护 gate=False e2=2)
[12:43:23] t=1298 jev VEH HARV HOLD (预算保护 cash=220 aav帽=ok aav=4)
[12:43:25] t=1301 jev BUILD NAWEAP HOLD (资金闸门: 坦克优先, cash=220)
[12:43:25] t=1301 jev INF E2 HOLD (预算保护 gate=False e2=2)
[12:43:25] t=1301 jev VEH HARV HOLD (预算保护 cash=220 aav帽=ok aav=4)
[12:43:25] t=1301 MOVE aahunt x4 -> (124,83)
[12:43:25] {"kind": "action", "what": "attack_move", "name": null, "qty": null, "tid": null, "ts": "12:43:25"}
[12:43:25] t=1301 tick#550 credits=220 stance=attack | jev 550 decisions p50=1635ms
[12:43:27] t=1304 jev BUILD NAWEAP HOLD (资金闸门: 坦克优先, cash=220)
[12:43:27] t=1304 jev INF E2 HOLD (预算保护 gate=False e2=2)
[12:43:27] t=1304 jev VEH HARV HOLD (预算保护 cash=220 aav帽=ok aav=4)
[12:43:29] t=1307 jev BUILD NAWEAP HOLD (资金闸门: 坦克优先, cash=220)
[12:43:29] t=1307 jev INF E2 HOLD (预算保护 gate=False e2=2)
[12:43:29] t=1307 jev VEH HARV HOLD (预算保护 cash=220 aav帽=ok aav=4)
[12:43:31] t=1310 jev BUILD NAWEAP HOLD (资金闸门: 坦克优先, cash=220)
[12:43:31] t=1310 jev INF E2 HOLD (预算保护 gate=False e2=2)
[12:43:31] t=1310 jev VEH HARV HOLD (预算保护 cash=220 aav帽=ok aav=4)
[12:43:33] t=1312 jev BUILD NAWEAP HOLD (资金闸门: 坦克优先, cash=220)
[12:43:33] t=1312 jev INF E2 HOLD (预算保护 gate=False e2=2)
[12:43:33] t=1312 jev VEH HARV HOLD (预算保护 cash=220 aav帽=ok aav=4)
[12:43:35] t=1315 jev BUILD NAWEAP HOLD (资金闸门: 坦克优先, cash=220)
[12:43:35] t=1315 jev INF E2 HOLD (预算保护 gate=False e2=2)
[12:43:35] t=1315 jev VEH HARV HOLD (预算保护 cash=220 aav帽=ok aav=4)
[12:43:37] t=1318 jev BUILD NAWEAP HOLD (资金闸门: 坦克优先, cash=220)
[12:43:37] t=1318 jev INF E2 HOLD (预算保护 gate=False e2=2)
[12:43:37] t=1318 jev VEH HARV HOLD (预算保护 cash=220 aav帽=ok aav=4)
[12:43:40] t=1321 jev BUILD NAWEAP HOLD (资金闸门: 坦克优先, cash=520)
[12:43:40] t=1321 jev INF E2 HOLD (预算保护 gate=False e2=2)
[12:43:40] t=1321 jev VEH HARV HOLD (预算保护 cash=520 aav帽=ok aav=4)
[12:43:42] t=1324 jev BUILD NAWEAP HOLD (资金闸门: 坦克优先, cash=520)
[12:43:42] t=1324 jev INF E2 HOLD (预算保护 gate=False e2=2)
[12:43:42] t=1324 jev VEH HARV HOLD (预算保护 cash=520 aav帽=ok aav=4)
[12:43:44] t=1326 jev BUILD NAWEAP HOLD (资金闸门: 坦克优先, cash=520)
[12:43:44] t=1326 jev INF E2 HOLD (预算保护 gate=False e2=2)
[12:43:44] t=1326 jev VEH HARV HOLD (预算保护 cash=520 aav帽=ok aav=4)
[12:43:46] t=1329 jev BUILD NAWEAP HOLD (资金闸门: 坦克优先, cash=520)
[12:43:46] t=1329 jev INF E2 HOLD (预算保护 gate=False e2=2)
[12:43:46] t=1329 jev VEH HARV HOLD (预算保护 cash=520 aav帽=ok aav=4)
[12:43:48] t=1332 jev BUILD NAWEAP HOLD (资金闸门: 坦克优先, cash=520)
[12:43:48] t=1332 jev INF E2 HOLD (预算保护 gate=False e2=2)
[12:43:48] t=1332 jev VEH HARV HOLD (预算保护 cash=520 aav帽=ok aav=4)
[12:43:50] t=1335 jev BUILD NAWEAP HOLD (资金闸门: 坦克优先, cash=520)
[12:43:50] t=1335 jev INF E2 HOLD (预算保护 gate=False e2=2)
[12:43:50] t=1335 jev VEH HARV HOLD (预算保护 cash=520 aav帽=ok aav=4)
[12:43:52] t=1338 jev BUILD NAWEAP HOLD (资金闸门: 坦克优先, cash=520)
[12:43:52] t=1338 jev INF E2 HOLD (预算保护 gate=False e2=2)
[12:43:52] t=1338 jev VEH HARV HOLD (预算保护 cash=520 aav帽=ok aav=4)
[12:43:52] t=1338 MOVE hold_a x4 -> (132,86); hold_b x4 -> (127,74)
[12:43:52] {"kind": "action", "what": "attack_move", "name": null, "qty": null, "tid": null, "ts": "12:43:52"}
[12:43:52] {"kind": "action", "what": "attack_move", "name": null, "qty": null, "tid": null, "ts": "12:43:52"}
[12:43:54] t=1341 jev BUILD NAWEAP HOLD (资金闸门: 坦克优先, cash=520)
[12:43:54] t=1341 jev INF E2 HOLD (预算保护 gate=False e2=2)
[12:43:54] t=1341 jev VEH HARV HOLD (预算保护 cash=520 aav帽=ok aav=4)
[12:43:56] t=1343 jev BUILD NAWEAP HOLD (资金闸门: 坦克优先, cash=520)
[12:43:56] t=1343 jev VEH HTK HOLD (预算保护 cash=520 aav帽=hit aav=4)
[12:43:56] t=1343 MOVE aahunt x4 -> (124,83)
[12:43:56] {"kind": "action", "what": "attack_move", "name": null, "qty": null, "tid": null, "ts": "12:43:56"}
[12:43:59] t=1346 jev BUILD NAWEAP HOLD (资金闸门: 坦克优先, cash=520)
[12:43:59] t=1346 jev INF FLAKT HOLD (预算保护 gate=False e2=2)
[12:43:59] t=1346 jev VEH HTK HOLD (预算保护 cash=520 aav帽=hit aav=4)
[12:44:01] t=1349 jev BUILD NAWEAP HOLD (资金闸门: 坦克优先, cash=520)
[12:44:01] t=1349 jev VEH HARV HOLD (预算保护 cash=520 aav帽=ok aav=4)
[12:44:03] t=1352 jev BUILD NAWEAP HOLD (资金闸门: 坦克优先, cash=520)
[12:44:03] t=1352 jev VEH HARV HOLD (预算保护 cash=520 aav帽=ok aav=4)
[12:44:05] t=1355 jev BUILD NAWEAP HOLD (资金闸门: 坦克优先, cash=520)
[12:44:05] t=1355 jev VEH HARV HOLD (预算保护 cash=520 aav帽=ok aav=4)
[12:44:07] t=1358 jev BUILD NAWEAP HOLD (资金闸门: 坦克优先, cash=520)
[12:44:07] t=1358 jev VEH HARV HOLD (预算保护 cash=520 aav帽=ok aav=4)
[12:44:10] t=1361 jev BUILD NAWEAP HOLD (资金闸门: 坦克优先, cash=520)
[12:44:10] t=1361 jev INF FLAKT HOLD (预算保护 gate=False e2=2)
[12:44:10] t=1361 jev VEH HARV HOLD (预算保护 cash=520 aav帽=ok aav=4)
[12:44:12] t=1364 jev BUILD NAWEAP HOLD (资金闸门: 坦克优先, cash=520)
[12:44:12] t=1364 jev VEH HARV HOLD (预算保护 cash=520 aav帽=ok aav=4)
[12:44:14] t=1367 jev BUILD NAWEAP HOLD (资金闸门: 坦克优先, cash=520)
[12:44:14] t=1367 jev INF FLAKT HOLD (预算保护 gate=False e2=2)
[12:44:14] t=1367 jev VEH HARV HOLD (预算保护 cash=520 aav帽=ok aav=4)
[12:44:16] t=1370 jev BUILD NAWEAP HOLD (资金闸门: 坦克优先, cash=520)
[12:44:16] t=1370 jev INF FLAKT HOLD (预算保护 gate=False e2=2)
[12:44:16] t=1370 jev VEH HTK HOLD (预算保护 cash=520 aav帽=hit aav=4)
[12:44:18] t=1372 jev BUILD NAWEAP HOLD (资金闸门: 坦克优先, cash=520)
[12:44:18] t=1372 jev INF FLAKT HOLD (预算保护 gate=False e2=2)
[12:44:18] t=1372 jev VEH HTK HOLD (预算保护 cash=520 aav帽=hit aav=4)
[12:44:18] t=1372 tick#575 credits=520 stance=attack | jev 575 decisions p50=1670ms
[12:44:20] t=1375 jev BUILD NAWEAP HOLD (资金闸门: 坦克优先, cash=670)
[12:44:20] t=1375 jev INF FLAKT HOLD (预算保护 gate=False e2=2)
[12:44:20] t=1375 jev VEH HTK HOLD (预算保护 cash=670 aav帽=hit aav=4)
[12:44:22] t=1378 jev BUILD NAWEAP HOLD (资金闸门: 坦克优先, cash=670)
[12:44:22] t=1378 jev INF FLAKT HOLD (预算保护 gate=False e2=2)
[12:44:22] t=1378 jev VEH HTK HOLD (预算保护 cash=670 aav帽=hit aav=4)
[12:44:23] t=1381 HARASS DRON x2 (have 0)
[12:44:23] {"kind": "action", "what": "produce", "name": "DRON", "qty": 2, "tid": null, "ts": "12:44:23"}
[12:44:25] t=1381 jev INF FLAKT (conf 0.37)
[12:44:25] t=1381 DEBT-GATE FLAKT x1 (debt=800 eff=20 < 250)
[12:44:27] t=1384 jev BUILD NAWEAP HOLD (资金闸门: 坦克优先, cash=661)
[12:44:27] t=1384 jev INF FLAKT HOLD (预算保护 gate=False e2=2)
[12:44:27] t=1384 MOVE aahunt x4 -> (124,83)
[12:44:27] {"kind": "action", "what": "attack_move", "name": null, "qty": null, "tid": null, "ts": "12:44:27"}
[12:44:27] t=1387 RETREAT HTNK(36%)
[12:44:27] {"kind": "action", "what": "move", "name": null, "qty": null, "tid": null, "ts": "12:44:27"}
[12:44:29] t=1387 jev BUILD NAWEAP HOLD (资金闸门: 坦克优先, cash=506)
[12:44:29] t=1387 jev INF FLAKT HOLD (预算保护 gate=False e2=2)
[12:44:29] t=1390 ESCORT 坦克#3441 -> 护航矿车@[85, 72]
[12:44:29] {"kind": "action", "what": "attack_move", "name": null, "qty": null, "tid": null, "ts": "12:44:29"}
[12:44:31] t=1390 jev BUILD NAWEAP HOLD (资金闸门: 坦克优先, cash=343)
[12:44:31] t=1390 jev INF FLAKT HOLD (预算保护 gate=False e2=2)
[12:44:31] t=1390 MOVE raid x1 -> (84,111); assault x1 -> (77,105)
[12:44:31] {"kind": "action", "what": "attack_move", "name": null, "qty": null, "tid": null, "ts": "12:44:31"}
[12:44:31] {"kind": "action", "what": "attack_move", "name": null, "qty": null, "tid": null, "ts": "12:44:31"}
[12:44:33] t=1393 jev BUILD NAWEAP HOLD (资金闸门: 坦克优先, cash=172)
[12:44:33] t=1393 jev INF FLAKT HOLD (预算保护 gate=False e2=2)
[12:44:35] t=1395 jev BUILD NAWEAP HOLD (资金闸门: 坦克优先, cash=20)
[12:44:35] t=1395 jev INF FLAKT HOLD (预算保护 gate=False e2=2)
[12:44:38] t=1398 jev BUILD NAWEAP HOLD (资金闸门: 坦克优先, cash=245)
[12:44:38] t=1398 jev INF FLAKT HOLD (预算保护 gate=False e2=2)
[12:44:38] t=1398 jev VEH HTK HOLD (预算保护 cash=245 aav帽=hit aav=4)
[12:44:38] t=1398 MOVE raid x2 -> (78,79)
[12:44:38] {"kind": "action", "what": "attack_move", "name": null, "qty": null, "tid": null, "ts": "12:44:38"}
[12:44:38] t=1401 ALARM unit lost -> 攻势保持（塔阵守家, 前线 14 个单位继续进攻）
[12:44:38] t=1401 SCOUT #3441->[12, 12]
[12:44:38] {"kind": "action", "what": "attack_move", "name": null, "qty": null, "tid": null, "ts": "12:44:38"}
[12:44:40] t=1401 jev BUILD NAWEAP HOLD (资金闸门: 坦克优先, cash=245)
[12:44:40] t=1401 jev INF FLAKT HOLD (预算保护 gate=False e2=2)
[12:44:40] t=1401 jev VEH HTK HOLD (预算保护 cash=245 aav帽=hit aav=4)
[12:44:40] t=1401 MOVE raid x1 -> (80,81)
[12:44:40] {"kind": "action", "what": "attack_move", "name": null, "qty": null, "tid": null, "ts": "12:44:40"}
[12:44:42] t=1404 jev BUILD NAWEAP HOLD (资金闸门: 坦克优先, cash=245)
[12:44:42] t=1404 jev INF FLAKT HOLD (预算保护 gate=False e2=2)
[12:44:42] t=1404 jev VEH HTK HOLD (预算保护 cash=245 aav帽=hit aav=4)
[12:44:42] t=1404 MOVE raid x1 -> (80,85)
[12:44:42] {"kind": "action", "what": "attack_move", "name": null, "qty": null, "tid": null, "ts": "12:44:42"}
[12:44:44] t=1407 jev BUILD NAWEAP HOLD (资金闸门: 坦克优先, cash=245)
[12:44:44] t=1407 jev INF FLAKT HOLD (预算保护 gate=False e2=2)
[12:44:44] t=1407 jev VEH HTK HOLD (预算保护 cash=245 aav帽=hit aav=4)
[12:44:44] t=1407 MOVE raid x1 -> (80,89); assault x1 -> (77,105)
[12:44:44] {"kind": "action", "what": "attack_move", "name": null, "qty": null, "tid": null, "ts": "12:44:44"}
[12:44:44] {"kind": "action", "what": "attack_move", "name": null, "qty": null, "tid": null, "ts": "12:44:44"}
[12:44:46] t=1410 jev BUILD NAWEAP HOLD (资金闸门: 坦克优先, cash=245)
[12:44:46] t=1410 jev INF FLAKT HOLD (预算保护 gate=False e2=2)
[12:44:46] t=1410 jev VEH HTK HOLD (预算保护 cash=245 aav帽=hit aav=4)
[12:44:46] t=1410 MOVE raid x1 -> (80,93)
[12:44:46] {"kind": "action", "what": "attack_move", "name": null, "qty": null, "tid": null, "ts": "12:44:46"}
[12:44:48] t=1413 jev BUILD NAWEAP HOLD (资金闸门: 坦克优先, cash=245)
[12:44:48] t=1413 jev INF FLAKT HOLD (预算保护 gate=False e2=2)
[12:44:48] t=1413 jev VEH HTK HOLD (预算保护 cash=245 aav帽=hit aav=4)
[12:44:48] t=1413 MOVE raid x1 -> (80,97)
[12:44:49] {"kind": "action", "what": "attack_move", "name": null, "qty": null, "tid": null, "ts": "12:44:49"}
[12:44:51] t=1416 jev BUILD NAWEAP HOLD (资金闸门: 坦克优先, cash=245)
[12:44:51] t=1416 jev INF FLAKT HOLD (预算保护 gate=False e2=2)
[12:44:51] t=1416 jev VEH HTK HOLD (预算保护 cash=245 aav帽=hit aav=4)
[12:44:51] t=1416 MOVE raid x1 -> (80,100)
[12:44:51] {"kind": "action", "what": "attack_move", "name": null, "qty": null, "tid": null, "ts": "12:44:51"}
[12:44:53] t=1419 jev BUILD NAWEAP HOLD (资金闸门: 坦克优先, cash=245)
[12:44:53] t=1419 jev INF FLAKT HOLD (预算保护 gate=False e2=2)
[12:44:53] t=1419 jev VEH HTK HOLD (预算保护 cash=245 aav帽=hit aav=4)
[12:44:53] t=1419 MOVE raid x1 -> (81,100); hold_a x4 -> (132,86); hold_b x4 -> (127,74)
[12:44:53] {"kind": "action", "what": "attack_move", "name": null, "qty": null, "tid": null, "ts": "12:44:53"}
[12:44:53] {"kind": "action", "what": "attack_move", "name": null, "qty": null, "tid": null, "ts": "12:44:53"}
[12:44:53] {"kind": "action", "what": "attack_move", "name": null, "qty": null, "tid": null, "ts": "12:44:53"}
[12:44:55] t=1422 jev BUILD NAWEAP HOLD (资金闸门: 坦克优先, cash=245)
[12:44:55] t=1422 jev INF FLAKT HOLD (预算保护 gate=False e2=2)
[12:44:55] t=1422 jev VEH HTK HOLD (预算保护 cash=245 aav帽=hit aav=4)
[12:44:55] t=1422 MOVE raid x1 -> (80,98)
[12:44:55] {"kind": "action", "what": "attack_move", "name": null, "qty": null, "tid": null, "ts": "12:44:55"}
[12:44:55] t=1424 TANK HTNK x2
[12:44:55] t=1424 DEBT-GATE HTNK x2 (debt=0 eff=1370 < 1800)
[12:44:57] t=1424 jev BUILD NAWEAP HOLD (资金闸门: 坦克优先, cash=1370)
[12:44:57] t=1424 jev INF FLAKT (conf 0.29)
[12:44:57] t=1424 jev VEH HTK HOLD (预算保护 cash=1370 aav帽=hit aav=4)
[12:44:57] {"kind": "action", "what": "produce", "name": "FLAKT", "qty": 1, "tid": null, "ts": "12:44:57"}
[12:44:57] t=1424 MOVE raid x1 -> (80,94); assault x1 -> (77,105); aahunt x4 -> (124,83)
[12:44:57] {"kind": "action", "what": "attack_move", "name": null, "qty": null, "tid": null, "ts": "12:44:57"}
[12:44:57] {"kind": "action", "what": "attack_move", "name": null, "qty": null, "tid": null, "ts": "12:44:57"}
[12:44:57] {"kind": "action", "what": "attack_move", "name": null, "qty": null, "tid": null, "ts": "12:44:57"}
[12:44:58] t=1427 TANK HTNK x2
[12:44:58] t=1427 DEBT-GATE HTNK x2 (debt=0 eff=1338 < 1800)
[12:44:59] t=1427 jev BUILD NAWEAP HOLD (资金闸门: 坦克优先, cash=1338)
[12:44:59] t=1427 jev VEH HTK HOLD (预算保护 cash=1338 aav帽=hit aav=4)
[12:44:59] t=1427 MOVE raid x1 -> (80,90)
[12:45:00] {"kind": "action", "what": "attack_move", "name": null, "qty": null, "tid": null, "ts": "12:45:00"}
[12:45:00] t=1430 TANK HTNK x1
[12:45:00] {"kind": "action", "what": "produce", "name": "HTNK", "qty": 1, "tid": null, "ts": "12:45:00"}
[12:45:02] t=1430 jev BUILD NAWEAP HOLD (资金闸门: 坦克优先, cash=1130)
[12:45:02] t=1430 MOVE raid x1 -> (80,86)
[12:45:02] {"kind": "action", "what": "attack_move", "name": null, "qty": null, "tid": null, "ts": "12:45:02"}
[12:45:02] t=1433 ALARM unit lost -> 攻势保持（塔阵守家, 前线 13 个单位继续进攻）
[12:45:04] t=1433 jev INF E2 (conf 0.20)
[12:45:04] {"kind": "action", "what": "produce", "name": "E2", "qty": 1, "tid": null, "ts": "12:45:04"}
[12:45:06] t=1436 jev BUILD NAWEAP HOLD (资金闸门: 坦克优先, cash=828)
[12:45:06] t=1436 MOVE raid x1 -> (79,79)
[12:45:06] {"kind": "action", "what": "attack_move", "name": null, "qty": null, "tid": null, "ts": "12:45:06"}
[12:45:08] t=1439 MOVE raid x1 -> (86,108)
[12:45:08] {"kind": "action", "what": "attack_move", "name": null, "qty": null, "tid": null, "ts": "12:45:08"}
[12:45:08] t=1442 ESCORT 坦克#3459 -> 护航矿车@[99, 101]
[12:45:08] {"kind": "action", "what": "attack_move", "name": null, "qty": null, "tid": null, "ts": "12:45:08"}
[12:45:10] t=1442 jev BUILD NAWEAP HOLD (资金闸门: 坦克优先, cash=457)
[12:45:10] t=1442 MOVE assault x1 -> (77,105)
[12:45:10] {"kind": "action", "what": "attack_move", "name": null, "qty": null, "tid": null, "ts": "12:45:10"}
[12:45:11] t=1445 ALARM unit lost -> 攻势保持（塔阵守家, 前线 13 个单位继续进攻）
[12:45:12] t=1445 jev BUILD NAWEAP HOLD (资金闸门: 坦克优先, cash=310)
[12:45:12] t=1445 tick#600 credits=310 stance=attack | jev 600 decisions p50=1711ms
[12:45:15] t=1448 jev BUILD NAWEAP HOLD (资金闸门: 坦克优先, cash=170)
[12:45:17] t=1450 jev BUILD NAWEAP HOLD (资金闸门: 坦克优先, cash=130)
[12:45:17] t=1450 jev VEH HTK HOLD (预算保护 cash=130 aav帽=hit aav=4)
[12:45:19] t=1453 jev BUILD NAWEAP HOLD (资金闸门: 坦克优先, cash=130)
[12:45:19] t=1453 jev VEH HTK HOLD (预算保护 cash=130 aav帽=hit aav=4)
[12:45:21] t=1456 jev BUILD NAWEAP HOLD (资金闸门: 坦克优先, cash=130)
[12:45:21] t=1456 jev VEH HARV HOLD (预算保护 cash=130 aav帽=ok aav=4)
[12:45:21] t=1456 MOVE raid x1 -> (77,105)
[12:45:21] {"kind": "action", "what": "attack_move", "name": null, "qty": null, "tid": null, "ts": "12:45:21"}
[12:45:21] t=1459 ALARM unit lost -> 攻势保持（塔阵守家, 前线 14 个单位继续进攻）
[12:45:21] t=1459 RETREAT DRON(10%)
[12:45:21] {"kind": "action", "what": "move", "name": null, "qty": null, "tid": null, "ts": "12:45:21"}
[12:45:21] t=1459 SCOUT #3459->[14, 164] (敌影)
[12:45:21] {"kind": "action", "what": "attack_move", "name": null, "qty": null, "tid": null, "ts": "12:45:21"}
[12:45:23] t=1459 jev BUILD NAWEAP HOLD (资金闸门: 坦克优先, cash=130)
[12:45:23] t=1459 jev VEH DRON HOLD (预算保护 cash=130 aav帽=ok aav=4)
[12:45:23] t=1459 MOVE assault x1 -> (77,105)
[12:45:23] {"kind": "action", "what": "attack_move", "name": null, "qty": null, "tid": null, "ts": "12:45:23"}
[12:45:23] t=1462 ALARM unit lost -> 攻势保持（塔阵守家, 前线 14 个单位继续进攻）
[12:45:23] t=1462 SCOUT #3563->[188, 12]
[12:45:23] {"kind": "action", "what": "attack_move", "name": null, "qty": null, "tid": null, "ts": "12:45:23"}
[12:45:25] t=1462 jev BUILD NAWEAP HOLD (资金闸门: 坦克优先, cash=130)
[12:45:25] t=1462 jev VEH DRON HOLD (预算保护 cash=130 aav帽=ok aav=4)
[12:45:27] t=1465 jev BUILD NAWEAP HOLD (资金闸门: 坦克优先, cash=130)
[12:45:27] t=1465 jev VEH DRON HOLD (预算保护 cash=130 aav帽=ok aav=4)
[12:45:27] t=1465 MOVE aahunt x4 -> (124,83)
[12:45:27] {"kind": "action", "what": "attack_move", "name": null, "qty": null, "tid": null, "ts": "12:45:27"}
[12:45:29] t=1467 jev BUILD NAWEAP HOLD (资金闸门: 坦克优先, cash=205)
[12:45:29] t=1467 jev VEH DRON HOLD (预算保护 cash=205 aav帽=ok aav=4)
[12:45:32] t=1470 jev BUILD NAWEAP HOLD (资金闸门: 坦克优先, cash=205)
[12:45:32] t=1470 jev VEH DRON HOLD (预算保护 cash=205 aav帽=ok aav=4)
[12:45:34] t=1473 jev BUILD NAWEAP HOLD (资金闸门: 坦克优先, cash=430)
[12:45:34] t=1473 jev VEH DRON HOLD (预算保护 cash=430 aav帽=ok aav=4)
[12:45:36] t=1476 jev BUILD NAWEAP HOLD (资金闸门: 坦克优先, cash=430)
[12:45:36] t=1476 jev VEH DRON HOLD (预算保护 cash=430 aav帽=ok aav=4)
[12:45:38] t=1478 jev BUILD NAWEAP HOLD (资金闸门: 坦克优先, cash=730)
[12:45:38] t=1478 jev VEH DRON HOLD (预算保护 cash=730 aav帽=ok aav=4)
[12:45:40] t=1481 jev BUILD NAWEAP HOLD (资金闸门: 坦克优先, cash=730)
[12:45:40] t=1481 jev VEH DRON HOLD (预算保护 cash=730 aav帽=ok aav=4)
[12:45:42] t=1484 jev BUILD NAWEAP HOLD (资金闸门: 坦克优先, cash=730)
[12:45:42] t=1484 jev VEH DRON HOLD (预算保护 cash=730 aav帽=ok aav=4)
[12:45:44] t=1487 jev BUILD NAWEAP HOLD (资金闸门: 坦克优先, cash=730)
[12:45:44] t=1487 jev VEH DRON HOLD (预算保护 cash=730 aav帽=ok aav=4)
[12:45:46] t=1490 jev BUILD NAWEAP HOLD (资金闸门: 坦克优先, cash=730)
[12:45:46] t=1490 jev VEH DRON HOLD (预算保护 cash=730 aav帽=ok aav=4)
[12:45:48] t=1492 jev BUILD NAWEAP HOLD (资金闸门: 坦克优先, cash=730)
[12:45:48] t=1492 jev VEH DRON HOLD (预算保护 cash=730 aav帽=ok aav=4)
[12:45:50] t=1495 jev BUILD NAWEAP HOLD (资金闸门: 坦克优先, cash=730)
[12:45:50] t=1495 jev VEH DRON HOLD (预算保护 cash=730 aav帽=ok aav=4)
[12:45:52] t=1498 jev BUILD NAWEAP HOLD (资金闸门: 坦克优先, cash=730)
[12:45:52] t=1498 jev VEH DRON HOLD (预算保护 cash=730 aav帽=ok aav=4)
[12:45:54] t=1501 jev BUILD NAWEAP HOLD (资金闸门: 坦克优先, cash=730)
[12:45:54] t=1501 jev VEH DRON HOLD (预算保护 cash=730 aav帽=ok aav=4)
[12:45:54] t=1501 MOVE hold_a x5 -> (132,86); hold_b x4 -> (127,74)
[12:45:54] {"kind": "action", "what": "attack_move", "name": null, "qty": null, "tid": null, "ts": "12:45:54"}
[12:45:54] {"kind": "action", "what": "attack_move", "name": null, "qty": null, "tid": null, "ts": "12:45:54"}
[12:45:56] t=1503 jev BUILD NAWEAP HOLD (资金闸门: 坦克优先, cash=730)
[12:45:56] t=1503 jev VEH DRON HOLD (预算保护 cash=730 aav帽=ok aav=4)
[12:45:58] t=1506 jev BUILD NAWEAP HOLD (资金闸门: 坦克优先, cash=730)
[12:45:58] t=1506 jev INF E2 HOLD (预算保护 gate=False e2=3)
[12:45:58] t=1506 jev VEH DRON HOLD (预算保护 cash=730 aav帽=ok aav=4)
[12:45:58] t=1506 MOVE aahunt x4 -> (124,83)
[12:45:58] {"kind": "action", "what": "attack_move", "name": null, "qty": null, "tid": null, "ts": "12:45:58"}
[12:46:00] t=1509 jev BUILD NAWEAP HOLD (资金闸门: 坦克优先, cash=730)
[12:46:00] t=1509 jev INF E2 HOLD (预算保护 gate=False e2=3)
[12:46:00] t=1509 jev VEH DRON HOLD (预算保护 cash=730 aav帽=ok aav=4)
[12:46:01] t=1512 TESLA coil (have 1)
[12:46:01] {"kind": "action", "what": "produce", "name": "TESLA", "qty": 1, "tid": null, "ts": "12:46:01"}
[12:46:01] t=1512 DEBT-GATE NAWEAP x1 (debt=1500 eff=355 < 2000)
[12:46:02] t=1512 jev BUILD NAWEAP (conf 0.16)
[12:46:02] t=1512 jev INF E2 (conf 0.32)
[12:46:02] t=1512 jev VEH DRON (conf 0.13)
[12:46:02] t=1512 DEBT-GATE NAWEAP x1 (debt=1500 eff=355 < 2000)
[12:46:03] {"kind": "action", "what": "produce", "name": "E2", "qty": 1, "tid": null, "ts": "12:46:03"}
[12:46:03] t=1512 DEBT-GATE DRON x1 (debt=1590 eff=265 < 400)
[12:46:03] t=1514 HARASS DRON x2 (have 0)
[12:46:03] t=1514 TANK HTNK x1
[12:46:03] {"kind": "action", "what": "produce", "name": "DRON", "qty": 2, "tid": null, "ts": "12:46:03"}
[12:46:03] {"kind": "action", "what": "produce", "name": "HTNK", "qty": 1, "tid": null, "ts": "12:46:03"}
[12:46:05] t=1514 jev BUILD NAWEAP HOLD (资金闸门: 坦克优先, cash=1783)
[12:46:05] t=1514 tick#625 credits=1783 stance=attack | jev 625 decisions p50=1769ms
[12:46:07] t=1517 jev BUILD NAWEAP HOLD (资金闸门: 坦克优先, cash=1485)
[12:46:09] t=1520 jev BUILD NAWEAP HOLD (资金闸门: 坦克优先, cash=1249)
[12:46:09] t=1523 ESCORT 坦克#3585 -> 护航矿车@[128, 105]
[12:46:09] {"kind": "action", "what": "attack_move", "name": null, "qty": null, "tid": null, "ts": "12:46:09"}
[12:46:11] t=1523 jev BUILD NAWEAP HOLD (资金闸门: 坦克优先, cash=1034)
[12:46:11] t=1523 MOVE raid x1 -> (77,75); assault x1 -> (77,105)
[12:46:11] {"kind": "action", "what": "attack_move", "name": null, "qty": null, "tid": null, "ts": "12:46:11"}
[12:46:11] {"kind": "action", "what": "attack_move", "name": null, "qty": null, "tid": null, "ts": "12:46:11"}
[12:46:11] t=1526 DEBT-GATE NAWEAP x1 (debt=0 eff=1924 < 2000)
[12:46:13] t=1526 jev BUILD NAWEAP (conf 0.18)
[12:46:13] t=1526 DEBT-GATE NAWEAP x1 (debt=0 eff=1924 < 2000)
[12:46:13] t=1526 MOVE raid x1 -> (77,78)
[12:46:13] {"kind": "action", "what": "attack_move", "name": null, "qty": null, "tid": null, "ts": "12:46:13"}
[12:46:15] t=1529 jev BUILD NAWEAP HOLD (资金闸门: 坦克优先, cash=1689)
[12:46:15] t=1529 MOVE raid x1 -> (80,81)
[12:46:15] {"kind": "action", "what": "attack_move", "name": null, "qty": null, "tid": null, "ts": "12:46:15"}
[12:46:17] t=1531 jev BUILD NAWEAP HOLD (资金闸门: 坦克优先, cash=1482)
[12:46:17] t=1531 MOVE raid x2 -> (80,85)
[12:46:17] {"kind": "action", "what": "attack_move", "name": null, "qty": null, "tid": null, "ts": "12:46:17"}
[12:46:19] t=1534 jev BUILD NAWEAP HOLD (资金闸门: 坦克优先, cash=1278)
[12:46:19] t=1534 MOVE raid x2 -> (80,88)
[12:46:19] {"kind": "action", "what": "attack_move", "name": null, "qty": null, "tid": null, "ts": "12:46:19"}
[12:46:21] t=1537 jev BUILD NAWEAP HOLD (资金闸门: 坦克优先, cash=1075)
[12:46:21] t=1537 MOVE raid x2 -> (80,92)
[12:46:21] {"kind": "action", "what": "attack_move", "name": null, "qty": null, "tid": null, "ts": "12:46:21"}
[12:46:23] t=1540 jev BUILD NAWEAP HOLD (资金闸门: 坦克优先, cash=871)
[12:46:23] t=1540 MOVE raid x2 -> (80,96); assault x2 -> (77,105)
[12:46:24] {"kind": "action", "what": "attack_move", "name": null, "qty": null, "tid": null, "ts": "12:46:24"}
[12:46:24] {"kind": "action", "what": "attack_move", "name": null, "qty": null, "tid": null, "ts": "12:46:24"}
[12:46:26] t=1542 jev BUILD NAWEAP HOLD (资金闸门: 坦克优先, cash=658)
[12:46:26] t=1542 MOVE raid x2 -> (78,74)
[12:46:26] {"kind": "action", "what": "attack_move", "name": null, "qty": null, "tid": null, "ts": "12:46:26"}
[12:46:28] t=1545 jev BUILD NAWEAP HOLD (资金闸门: 坦克优先, cash=454)
[12:46:30] t=1548 jev BUILD NAWEAP HOLD (资金闸门: 坦克优先, cash=300)
[12:46:30] t=1548 jev VEH DRON HOLD (预算保护 cash=300 aav帽=ok aav=4)
[12:46:30] t=1548 MOVE aahunt x4 -> (124,83)
[12:46:30] {"kind": "action", "what": "attack_move", "name": null, "qty": null, "tid": null, "ts": "12:46:30"}
[12:46:32] t=1551 jev BUILD NAWEAP HOLD (资金闸门: 坦克优先, cash=233)
[12:46:32] t=1551 jev VEH DRON HOLD (预算保护 cash=233 aav帽=ok aav=4)
[12:46:34] t=1553 jev BUILD NAWEAP HOLD (资金闸门: 坦克优先, cash=166)
[12:46:34] t=1553 jev VEH DRON HOLD (预算保护 cash=166 aav帽=ok aav=4)
[12:46:36] t=1556 jev BUILD NAWEAP HOLD (资金闸门: 坦克优先, cash=97)
[12:46:36] t=1556 jev VEH DRON HOLD (预算保护 cash=97 aav帽=ok aav=4)
[12:46:36] t=1556 MOVE raid x2 -> (78,73); assault x3 -> (77,105)
[12:46:36] {"kind": "action", "what": "attack_move", "name": null, "qty": null, "tid": null, "ts": "12:46:36"}
[12:46:36] {"kind": "action", "what": "attack_move", "name": null, "qty": null, "tid": null, "ts": "12:46:36"}
[12:46:38] t=1559 jev BUILD NAWEAP HOLD (资金闸门: 坦克优先, cash=27)
[12:46:38] t=1559 jev VEH DRON HOLD (预算保护 cash=27 aav帽=ok aav=4)
[12:46:40] t=1562 jev BUILD NAWEAP HOLD (资金闸门: 坦克优先, cash=131)
[12:46:40] t=1562 jev VEH DRON HOLD (预算保护 cash=131 aav帽=ok aav=4)
[12:46:41] t=1565 ESCORT 坦克#3586 -> 护航矿车@[103, 96]
[12:46:41] {"kind": "action", "what": "attack_move", "name": null, "qty": null, "tid": null, "ts": "12:46:41"}
[12:46:43] t=1565 jev BUILD NAWEAP HOLD (资金闸门: 坦克优先, cash=61)
[12:46:43] t=1565 jev VEH DRON HOLD (预算保护 cash=61 aav帽=ok aav=4)
[12:46:45] t=1568 jev BUILD NAWEAP HOLD (资金闸门: 坦克优先, cash=0)
[12:46:45] t=1568 jev VEH DRON HOLD (预算保护 cash=0 aav帽=ok aav=4)
[12:46:47] t=1571 jev BUILD NAWEAP HOLD (资金闸门: 坦克优先, cash=0)
[12:46:47] t=1571 jev VEH DRON HOLD (预算保护 cash=0 aav帽=ok aav=4)
[12:46:47] t=1571 MOVE raid x2 -> (78,75)
[12:46:47] {"kind": "action", "what": "attack_move", "name": null, "qty": null, "tid": null, "ts": "12:46:47"}
[12:46:47] t=1573 ALARM unit lost -> 攻势保持（塔阵守家, 前线 16 个单位继续进攻）
[12:46:49] t=1573 jev BUILD NAWEAP HOLD (资金闸门: 坦克优先, cash=0)
[12:46:49] t=1573 jev VEH DRON HOLD (预算保护 cash=0 aav帽=ok aav=4)
[12:46:49] t=1573 MOVE raid x1 -> (78,78); assault x2 -> (77,105)
[12:46:49] {"kind": "action", "what": "attack_move", "name": null, "qty": null, "tid": null, "ts": "12:46:49"}
[12:46:49] {"kind": "action", "what": "attack_move", "name": null, "qty": null, "tid": null, "ts": "12:46:49"}
[12:46:51] t=1576 jev BUILD NAWEAP HOLD (资金闸门: 坦克优先, cash=211)
[12:46:51] t=1576 jev VEH DRON HOLD (预算保护 cash=211 aav帽=ok aav=4)
[12:46:51] t=1576 MOVE raid x1 -> (80,81)
[12:46:51] {"kind": "action", "what": "attack_move", "name": null, "qty": null, "tid": null, "ts": "12:46:51"}
[12:46:53] t=1579 jev BUILD NAWEAP HOLD (资金闸门: 坦克优先, cash=141)
[12:46:53] t=1579 jev VEH DRON HOLD (预算保护 cash=141 aav帽=ok aav=4)
[12:46:53] t=1579 MOVE raid x1 -> (80,85)
[12:46:53] {"kind": "action", "what": "attack_move", "name": null, "qty": null, "tid": null, "ts": "12:46:53"}
[12:46:56] t=1582 jev BUILD NAWEAP HOLD (资金闸门: 坦克优先, cash=65)
[12:46:56] t=1582 jev VEH DRON HOLD (预算保护 cash=65 aav帽=ok aav=4)
[12:46:56] t=1582 MOVE raid x1 -> (80,89); hold_a x5 -> (132,86); hold_b x5 -> (127,74)
[12:46:56] {"kind": "action", "what": "attack_move", "name": null, "qty": null, "tid": null, "ts": "12:46:56"}
[12:46:56] {"kind": "action", "what": "attack_move", "name": null, "qty": null, "tid": null, "ts": "12:46:56"}
[12:46:56] {"kind": "action", "what": "attack_move", "name": null, "qty": null, "tid": null, "ts": "12:46:56"}
[12:46:58] t=1585 jev BUILD NAWEAP HOLD (资金闸门: 坦克优先, cash=65)
[12:46:58] t=1585 jev VEH DRON HOLD (预算保护 cash=65 aav帽=ok aav=4)
[12:46:58] t=1585 MOVE raid x1 -> (80,93)
[12:46:58] {"kind": "action", "what": "attack_move", "name": null, "qty": null, "tid": null, "ts": "12:46:58"}
[12:46:58] t=1585 tick#650 credits=65 stance=attack | jev 650 decisions p50=1783ms
[12:47:00] t=1588 jev BUILD NAWEAP HOLD (资金闸门: 坦克优先, cash=440)
[12:47:00] t=1588 jev INF E2 HOLD (预算保护 gate=False e2=4)
[12:47:00] t=1588 jev VEH HTNK HOLD (预算保护 cash=440 aav帽=ok aav=4)
[12:47:00] t=1588 MOVE raid x1 -> (80,97); aahunt x4 -> (124,83)
[12:47:00] {"kind": "action", "what": "attack_move", "name": null, "qty": null, "tid": null, "ts": "12:47:00"}
[12:47:00] {"kind": "action", "what": "attack_move", "name": null, "qty": null, "tid": null, "ts": "12:47:00"}
[12:47:02] t=1591 jev BUILD NAWEAP HOLD (资金闸门: 坦克优先, cash=440)
[12:47:02] t=1591 jev INF E2 HOLD (预算保护 gate=False e2=4)
[12:47:02] t=1591 jev VEH HTNK HOLD (预算保护 cash=440 aav帽=ok aav=4)
[12:47:02] t=1591 MOVE raid x1 -> (80,101); assault x2 -> (77,105)
[12:47:02] {"kind": "action", "what": "attack_move", "name": null, "qty": null, "tid": null, "ts": "12:47:02"}
[12:47:02] {"kind": "action", "what": "attack_move", "name": null, "qty": null, "tid": null, "ts": "12:47:02"}
[12:47:04] t=1594 jev BUILD NAWEAP HOLD (资金闸门: 坦克优先, cash=440)
[12:47:04] t=1594 jev INF E2 HOLD (预算保护 gate=False e2=4)
[12:47:04] t=1594 jev VEH HTNK HOLD (预算保护 cash=440 aav帽=ok aav=4)
[12:47:04] t=1594 MOVE raid x1 -> (80,104)
[12:47:04] {"kind": "action", "what": "attack_move", "name": null, "qty": null, "tid": null, "ts": "12:47:04"}
[12:47:05] t=1597 ALARM unit lost -> 攻势保持（塔阵守家, 前线 16 个单位继续进攻）
[12:47:06] t=1597 jev BUILD NAWEAP HOLD (资金闸门: 坦克优先, cash=440)
[12:47:06] t=1597 jev INF E2 HOLD (预算保护 gate=False e2=4)
[12:47:06] t=1597 jev VEH DRON HOLD (预算保护 cash=440 aav帽=ok aav=4)
[12:47:09] t=1600 jev BUILD NAWEAP HOLD (资金闸门: 坦克优先, cash=440)
[12:47:09] t=1600 jev INF E2 HOLD (预算保护 gate=False e2=4)
[12:47:09] t=1600 jev VEH DRON HOLD (预算保护 cash=440 aav帽=ok aav=4)
[12:47:11] t=1602 jev BUILD NAWEAP HOLD (资金闸门: 坦克优先, cash=440)
[12:47:11] t=1602 jev INF E2 HOLD (预算保护 gate=False e2=4)
[12:47:11] t=1602 jev VEH DRON HOLD (预算保护 cash=440 aav帽=ok aav=4)
[12:47:11] t=1605 ESCORT 坦克#3591 -> 护航矿车@[126, 104]
[12:47:11] {"kind": "action", "what": "attack_move", "name": null, "qty": null, "tid": null, "ts": "12:47:11"}
[12:47:13] t=1605 jev BUILD NAWEAP HOLD (资金闸门: 坦克优先, cash=440)
[12:47:13] t=1605 jev INF E2 HOLD (预算保护 gate=False e2=4)
[12:47:13] t=1605 jev VEH DRON HOLD (预算保护 cash=440 aav帽=ok aav=4)
[12:47:15] t=1608 jev BUILD NAWEAP HOLD (资金闸门: 坦克优先, cash=440)
[12:47:15] t=1608 jev INF E2 HOLD (预算保护 gate=False e2=4)
[12:47:15] t=1608 jev VEH DRON HOLD (预算保护 cash=440 aav帽=ok aav=4)
[12:47:15] t=1608 MOVE assault x1 -> (77,105)
[12:47:15] {"kind": "action", "what": "attack_move", "name": null, "qty": null, "tid": null, "ts": "12:47:15"}
[12:47:17] t=1611 jev BUILD NAWEAP HOLD (资金闸门: 坦克优先, cash=440)
[12:47:17] t=1611 jev INF E2 HOLD (预算保护 gate=False e2=4)
[12:47:17] t=1611 jev VEH DRON HOLD (预算保护 cash=440 aav帽=ok aav=4)
[12:47:19] t=1614 jev BUILD NAWEAP HOLD (资金闸门: 坦克优先, cash=440)
[12:47:19] t=1614 jev INF E2 HOLD (预算保护 gate=False e2=4)
[12:47:19] t=1614 jev VEH DRON HOLD (预算保护 cash=440 aav帽=ok aav=4)
[12:47:21] t=1616 jev BUILD NAWEAP HOLD (资金闸门: 坦克优先, cash=440)
[12:47:21] t=1616 jev INF E2 HOLD (预算保护 gate=False e2=4)
[12:47:21] t=1616 jev VEH DRON HOLD (预算保护 cash=440 aav帽=ok aav=4)
[12:47:23] t=1619 jev BUILD NAWEAP HOLD (资金闸门: 坦克优先, cash=440)
[12:47:23] t=1619 jev INF E2 HOLD (预算保护 gate=False e2=4)
[12:47:23] t=1619 jev VEH DRON HOLD (预算保护 cash=440 aav帽=ok aav=4)
[12:47:25] t=1622 jev BUILD NAWEAP HOLD (资金闸门: 坦克优先, cash=440)
[12:47:25] t=1622 jev INF E2 HOLD (预算保护 gate=False e2=4)
[12:47:25] t=1622 jev VEH DRON HOLD (预算保护 cash=440 aav帽=ok aav=4)
[12:47:27] t=1625 jev BUILD NAWEAP HOLD (资金闸门: 坦克优先, cash=440)
[12:47:27] t=1625 jev INF E2 HOLD (预算保护 gate=False e2=4)
[12:47:27] t=1625 jev VEH DRON HOLD (预算保护 cash=440 aav帽=ok aav=4)
[12:47:27] t=1625 MOVE assault x1 -> (77,105)
[12:47:27] {"kind": "action", "what": "attack_move", "name": null, "qty": null, "tid": null, "ts": "12:47:27"}
[12:47:30] t=1628 jev BUILD NAWEAP HOLD (资金闸门: 坦克优先, cash=440)
[12:47:30] t=1628 jev INF E2 HOLD (预算保护 gate=False e2=4)
[12:47:30] t=1628 jev VEH DRON HOLD (预算保护 cash=440 aav帽=ok aav=4)
[12:47:32] t=1630 jev BUILD NAWEAP HOLD (资金闸门: 坦克优先, cash=440)
[12:47:32] t=1630 jev INF E2 HOLD (预算保护 gate=False e2=4)
[12:47:32] t=1630 jev VEH DRON HOLD (预算保护 cash=440 aav帽=ok aav=4)
[12:47:32] t=1630 MOVE aahunt x4 -> (124,83)
[12:47:32] {"kind": "action", "what": "attack_move", "name": null, "qty": null, "tid": null, "ts": "12:47:32"}
[12:47:34] t=1633 jev BUILD NAWEAP HOLD (资金闸门: 坦克优先, cash=440)
[12:47:34] t=1633 jev INF E2 HOLD (预算保护 gate=False e2=4)
[12:47:34] t=1633 jev VEH DRON HOLD (预算保护 cash=440 aav帽=ok aav=4)
[12:47:36] t=1636 jev BUILD NAWEAP HOLD (资金闸门: 坦克优先, cash=440)
[12:47:36] t=1636 jev INF E2 HOLD (预算保护 gate=False e2=4)
[12:47:36] t=1636 jev VEH DRON HOLD (预算保护 cash=440 aav帽=ok aav=4)
[12:47:38] t=1639 jev BUILD NAWEAP HOLD (资金闸门: 坦克优先, cash=440)
[12:47:38] t=1639 jev INF E2 HOLD (预算保护 gate=False e2=4)
[12:47:38] t=1639 jev VEH DRON HOLD (预算保护 cash=440 aav帽=ok aav=4)
[12:47:40] t=1641 jev BUILD NAWEAP HOLD (资金闸门: 坦克优先, cash=440)
[12:47:40] t=1641 jev INF E2 HOLD (预算保护 gate=False e2=4)
[12:47:40] t=1641 jev VEH DRON HOLD (预算保护 cash=440 aav帽=ok aav=4)
[12:47:40] t=1641 MOVE assault x1 -> (77,105)
[12:47:40] {"kind": "action", "what": "attack_move", "name": null, "qty": null, "tid": null, "ts": "12:47:40"}
[12:47:42] t=1644 jev BUILD NAWEAP HOLD (资金闸门: 坦克优先, cash=440)
[12:47:42] t=1644 jev INF E2 HOLD (预算保护 gate=False e2=4)
[12:47:42] t=1644 jev VEH DRON HOLD (预算保护 cash=440 aav帽=ok aav=4)
[12:47:42] t=1647 ESCORT 坦克#3591 -> 护航矿车@[87, 56]
[12:47:42] {"kind": "action", "what": "attack_move", "name": null, "qty": null, "tid": null, "ts": "12:47:42"}
[12:47:44] t=1647 jev BUILD NAWEAP HOLD (资金闸门: 坦克优先, cash=440)
[12:47:44] t=1647 jev INF E2 HOLD (预算保护 gate=False e2=4)
[12:47:44] t=1647 jev VEH HARV HOLD (预算保护 cash=440 aav帽=ok aav=4)
[12:47:46] t=1650 jev BUILD NAWEAP HOLD (资金闸门: 坦克优先, cash=440)
[12:47:46] t=1650 jev INF E2 HOLD (预算保护 gate=False e2=4)
[12:47:46] t=1650 jev VEH DRON HOLD (预算保护 cash=440 aav帽=ok aav=4)
[12:47:48] t=1653 jev BUILD NAWEAP HOLD (资金闸门: 坦克优先, cash=440)
[12:47:48] t=1653 jev INF E2 HOLD (预算保护 gate=False e2=4)
[12:47:48] t=1653 jev VEH DRON HOLD (预算保护 cash=440 aav帽=ok aav=4)
[12:47:50] t=1655 jev BUILD NAWEAP HOLD (资金闸门: 坦克优先, cash=440)
[12:47:50] t=1655 jev INF E2 HOLD (预算保护 gate=False e2=4)
[12:47:50] t=1655 jev VEH DRON HOLD (预算保护 cash=440 aav帽=ok aav=4)
[12:47:50] t=1655 tick#675 credits=440 stance=attack | jev 675 decisions p50=1798ms
[12:47:53] t=1658 jev BUILD NAWEAP HOLD (资金闸门: 坦克优先, cash=440)
[12:47:53] t=1658 jev INF E2 HOLD (预算保护 gate=False e2=4)
[12:47:53] t=1658 jev VEH DRON HOLD (预算保护 cash=440 aav帽=ok aav=4)
[12:47:53] t=1658 MOVE assault x1 -> (77,105)
[12:47:53] {"kind": "action", "what": "attack_move", "name": null, "qty": null, "tid": null, "ts": "12:47:53"}
[12:47:55] t=1661 jev BUILD NAWEAP HOLD (资金闸门: 坦克优先, cash=440)
[12:47:55] t=1661 jev INF E2 HOLD (预算保护 gate=False e2=4)
[12:47:55] t=1661 jev VEH DRON HOLD (预算保护 cash=440 aav帽=ok aav=4)
[12:47:55] t=1664 HARASS DRON x2 (have 0)
[12:47:55] {"kind": "action", "what": "produce", "name": "DRON", "qty": 2, "tid": null, "ts": "12:47:55"}
[12:47:57] t=1664 jev BUILD NAWEAP HOLD (资金闸门: 坦克优先, cash=815)
[12:47:57] t=1664 jev INF E2 (conf 0.30)
[12:47:57] t=1664 DEBT-GATE E2 x1 (debt=800 eff=15 < 90)
[12:47:57] t=1664 MOVE hold_a x6 -> (132,86); hold_b x5 -> (127,74)
[12:47:57] {"kind": "action", "what": "attack_move", "name": null, "qty": null, "tid": null, "ts": "12:47:57"}
[12:47:57] {"kind": "action", "what": "attack_move", "name": null, "qty": null, "tid": null, "ts": "12:47:57"}
[12:47:57] t=1667 RETREAT HTNK(38%)
[12:47:57] {"kind": "action", "what": "move", "name": null, "qty": null, "tid": null, "ts": "12:47:57"}
[12:47:59] t=1667 jev BUILD NAWEAP HOLD (资金闸门: 坦克优先, cash=649)
[12:47:59] t=1667 jev INF E2 HOLD (预算保护 gate=False e2=4)
[12:47:59] t=1667 MOVE assault x1 -> (102,97); t=1667 SIEGE STAGING x1/5 (前沿集结, 齐冲再上); hold_a x6 -> (133,86); hold_b x5 -> (126,75); aahunt x4 -> (125,83)
[12:47:59] {"kind": "action", "what": "attack_move", "name": null, "qty": null, "tid": null, "ts": "12:47:59"}
[12:47:59] {"kind": "action", "what": "attack_move", "name": null, "qty": null, "tid": null, "ts": "12:47:59"}
[12:47:59] {"kind": "action", "what": "attack_move", "name": null, "qty": null, "tid": null, "ts": "12:47:59"}
[12:47:59] {"kind": "action", "what": "attack_move", "name": null, "qty": null, "tid": null, "ts": "12:47:59"}
[12:48:02] t=1670 jev BUILD NAWEAP HOLD (资金闸门: 坦克优先, cash=621)
[12:48:02] t=1670 jev INF E2 HOLD (预算保护 gate=False e2=4)
[12:48:04] t=1673 jev BUILD NAWEAP HOLD (资金闸门: 坦克优先, cash=466)
[12:48:04] t=1673 jev INF E2 HOLD (预算保护 gate=False e2=4)
[12:48:04] t=1673 MOVE raid x1 -> (79,74); t=1673 SIEGE STAGING x2/5 (前沿集结, 齐冲再上)
[12:48:04] {"kind": "action", "what": "attack_move", "name": null, "qty": null, "tid": null, "ts": "12:48:04"}
[12:48:04] t=1676 ALARM unit lost -> 攻势保持（塔阵守家, 前线 16 个单位继续进攻）
[12:48:06] t=1676 jev BUILD NAWEAP HOLD (资金闸门: 坦克优先, cash=299)
[12:48:06] t=1676 jev INF E2 HOLD (预算保护 gate=False e2=4)
[12:48:08] t=1679 jev BUILD NAWEAP HOLD (资金闸门: 坦克优先, cash=165)
[12:48:08] t=1679 jev INF E2 HOLD (预算保护 gate=False e2=4)
[12:48:08] t=1679 jev VEH HARV HOLD (预算保护 cash=165 aav帽=ok aav=4)
[12:48:10] t=1682 jev BUILD NAWEAP HOLD (资金闸门: 坦克优先, cash=165)
[12:48:10] t=1682 jev INF E2 HOLD (预算保护 gate=False e2=4)
[12:48:10] t=1682 jev VEH HARV HOLD (预算保护 cash=165 aav帽=ok aav=4)
[12:48:10] t=1682 MOVE raid x2 -> (79,75); t=1682 SIEGE STAGING x2/5 (前沿集结, 齐冲再上)
[12:48:10] {"kind": "action", "what": "attack_move", "name": null, "qty": null, "tid": null, "ts": "12:48:10"}
[12:48:12] t=1685 jev BUILD NAWEAP HOLD (资金闸门: 坦克优先, cash=165)
[12:48:12] t=1685 jev INF E2 HOLD (预算保护 gate=False e2=4)
[12:48:12] t=1685 jev VEH HARV HOLD (预算保护 cash=165 aav帽=ok aav=4)
[12:48:12] t=1685 MOVE assault x2 -> (102,97); t=1685 SIEGE STAGING x2/5 (前沿集结, 齐冲再上)
[12:48:12] {"kind": "action", "what": "attack_move", "name": null, "qty": null, "tid": null, "ts": "12:48:12"}
[12:48:13] t=1688 ESCORT 坦克#3765 -> 护航矿车@[90, 55]
[12:48:13] {"kind": "action", "what": "attack_move", "name": null, "qty": null, "tid": null, "ts": "12:48:13"}
[12:48:15] t=1688 jev BUILD NAWEAP HOLD (资金闸门: 坦克优先, cash=165)
[12:48:15] t=1688 jev INF E2 HOLD (预算保护 gate=False e2=4)
[12:48:15] t=1688 jev VEH HARV HOLD (预算保护 cash=165 aav帽=ok aav=4)
[12:48:17] t=1691 jev BUILD NAWEAP HOLD (资金闸门: 坦克优先, cash=165)
[12:48:17] t=1691 jev INF E2 HOLD (预算保护 gate=False e2=4)
[12:48:17] t=1691 jev VEH HARV HOLD (预算保护 cash=165 aav帽=ok aav=4)
[12:48:17] t=1691 MOVE raid x2 -> (78,77); t=1691 SIEGE STAGING x2/5 (前沿集结, 齐冲再上)
[12:48:17] {"kind": "action", "what": "attack_move", "name": null, "qty": null, "tid": null, "ts": "12:48:17"}
[12:48:19] t=1693 jev BUILD NAWEAP HOLD (资金闸门: 坦克优先, cash=165)
[12:48:19] t=1693 jev INF E2 HOLD (预算保护 gate=False e2=4)
[12:48:19] t=1693 jev VEH HARV HOLD (预算保护 cash=165 aav帽=ok aav=4)
[12:48:21] t=1696 jev BUILD NAWEAP HOLD (资金闸门: 坦克优先, cash=165)
[12:48:21] t=1696 jev INF E2 HOLD (预算保护 gate=False e2=4)
[12:48:21] t=1696 jev VEH HARV HOLD (预算保护 cash=165 aav帽=ok aav=4)
[12:48:23] t=1699 jev BUILD NAWEAP HOLD (资金闸门: 坦克优先, cash=165)
[12:48:23] t=1699 jev INF E2 HOLD (预算保护 gate=False e2=4)
[12:48:23] t=1699 jev VEH HARV HOLD (预算保护 cash=165 aav帽=ok aav=4)
[12:48:26] t=1702 jev BUILD NAWEAP HOLD (资金闸门: 坦克优先, cash=165)
[12:48:26] t=1702 jev INF E2 HOLD (预算保护 gate=False e2=4)
[12:48:26] t=1702 jev VEH HARV HOLD (预算保护 cash=165 aav帽=ok aav=4)
[12:48:26] t=1702 MOVE assault x2 -> (102,97); t=1702 SIEGE STAGING x2/5 (前沿集结, 齐冲再上)
[12:48:26] {"kind": "action", "what": "attack_move", "name": null, "qty": null, "tid": null, "ts": "12:48:26"}
[12:48:28] t=1705 jev BUILD NAWEAP HOLD (资金闸门: 坦克优先, cash=165)
[12:48:28] t=1705 jev INF E2 HOLD (预算保护 gate=False e2=4)
[12:48:28] t=1705 jev VEH HARV HOLD (预算保护 cash=165 aav帽=ok aav=4)
[12:48:28] t=1705 MOVE raid x2 -> (77,76); t=1705 SIEGE STAGING x2/5 (前沿集结, 齐冲再上)
[12:48:28] {"kind": "action", "what": "attack_move", "name": null, "qty": null, "tid": null, "ts": "12:48:28"}
[12:48:30] t=1708 jev BUILD NAWEAP HOLD (资金闸门: 坦克优先, cash=165)
[12:48:30] t=1708 jev INF E2 HOLD (预算保护 gate=False e2=4)
[12:48:30] t=1708 jev VEH HARV HOLD (预算保护 cash=165 aav帽=ok aav=4)
[12:48:30] t=1708 MOVE t=1708 SIEGE STAGING x2/5 (前沿集结, 齐冲再上); aahunt x4 -> (125,83)
[12:48:30] {"kind": "action", "what": "attack_move", "name": null, "qty": null, "tid": null, "ts": "12:48:30"}
[12:48:32] t=1711 jev BUILD NAWEAP HOLD (资金闸门: 坦克优先, cash=165)
[12:48:32] t=1711 jev INF E2 HOLD (预算保护 gate=False e2=4)
[12:48:32] t=1711 jev VEH HARV HOLD (预算保护 cash=165 aav帽=ok aav=4)
[12:48:33] t=1714 ALARM unit lost -> 攻势保持（塔阵守家, 前线 15 个单位继续进攻）
[12:48:33] t=1714 HARASS DRON x2 (have 1)
[12:48:33] t=1714 RETREAT DRON(24%)
[12:48:33] {"kind": "action", "what": "produce", "name": "DRON", "qty": 2, "tid": null, "ts": "12:48:33"}
[12:48:33] {"kind": "action", "what": "move", "name": null, "qty": null, "tid": null, "ts": "12:48:33"}
[12:48:35] t=1714 jev BUILD NAWEAP HOLD (资金闸门: 坦克优先, cash=1290)
[12:48:35] t=1714 jev INF E2 (conf 0.31)
[12:48:35] {"kind": "action", "what": "produce", "name": "E2", "qty": 1, "tid": null, "ts": "12:48:35"}
[12:48:35] t=1717 ALARM unit lost -> 攻势保持（塔阵守家, 前线 15 个单位继续进攻）
[12:48:37] t=1717 jev BUILD NAWEAP HOLD (资金闸门: 坦克优先, cash=1122)
[12:48:39] t=1720 jev BUILD NAWEAP HOLD (资金闸门: 坦克优先, cash=890)
[12:48:41] t=1723 jev BUILD NAWEAP HOLD (资金闸门: 坦克优先, cash=730)
[12:48:41] t=1723 jev INF E2 HOLD (预算保护 gate=False e2=5)
[12:48:41] t=1723 MOVE raid x1 -> (79,80); assault x1 -> (102,97); t=1723 SIEGE STAGING x1/5 (前沿集结, 齐冲再上)
[12:48:41] {"kind": "action", "what": "attack_move", "name": null, "qty": null, "tid": null, "ts": "12:48:41"}
[12:48:41] {"kind": "action", "what": "attack_move", "name": null, "qty": null, "tid": null, "ts": "12:48:41"}
[12:48:43] t=1725 jev BUILD NAWEAP HOLD (资金闸门: 坦克优先, cash=571)
[12:48:43] t=1725 jev INF E2 HOLD (预算保护 gate=False e2=5)
[12:48:43] t=1725 MOVE raid x1 -> (80,84); t=1725 SIEGE STAGING x1/5 (前沿集结, 齐冲再上)
[12:48:43] {"kind": "action", "what": "attack_move", "name": null, "qty": null, "tid": null, "ts": "12:48:43"}
[12:48:43] t=1728 ESCORT 坦克#3810 -> 护航矿车@[92, 57]
[12:48:43] {"kind": "action", "what": "attack_move", "name": null, "qty": null, "tid": null, "ts": "12:48:43"}
[12:48:45] t=1728 jev BUILD NAWEAP HOLD (资金闸门: 坦克优先, cash=412)
[12:48:45] t=1728 jev INF E2 HOLD (预算保护 gate=False e2=5)
[12:48:45] t=1728 MOVE raid x1 -> (80,88); t=1728 SIEGE STAGING x1/5 (前沿集结, 齐冲再上)
[12:48:45] {"kind": "action", "what": "attack_move", "name": null, "qty": null, "tid": null, "ts": "12:48:45"}
[12:48:45] t=1728 tick#700 credits=412 stance=attack | jev 700 decisions p50=1811ms
[12:48:47] t=1731 jev BUILD NAWEAP HOLD (资金闸门: 坦克优先, cash=400)
[12:48:47] t=1731 jev INF E2 HOLD (预算保护 gate=False e2=5)
[12:48:47] t=1731 jev VEH HARV HOLD (预算保护 cash=400 aav帽=ok aav=4)
[12:48:47] t=1731 MOVE raid x2 -> (80,92); t=1731 SIEGE STAGING x2/5 (前沿集结, 齐冲再上)
[12:48:47] {"kind": "action", "what": "attack_move", "name": null, "qty": null, "tid": null, "ts": "12:48:47"}
[12:48:49] t=1734 jev BUILD NAWEAP HOLD (资金闸门: 坦克优先, cash=400)
[12:48:49] t=1734 jev INF E2 HOLD (预算保护 gate=False e2=5)
[12:48:49] t=1734 jev VEH HARV HOLD (预算保护 cash=400 aav帽=ok aav=4)
[12:48:49] t=1734 MOVE raid x2 -> (80,95); t=1734 SIEGE STAGING x2/5 (前沿集结, 齐冲再上)
[12:48:49] {"kind": "action", "what": "attack_move", "name": null, "qty": null, "tid": null, "ts": "12:48:49"}
[12:48:52] t=1737 jev BUILD NAWEAP HOLD (资金闸门: 坦克优先, cash=400)
[12:48:52] t=1737 jev INF E2 HOLD (预算保护 gate=False e2=5)
[12:48:52] t=1737 jev VEH HARV HOLD (预算保护 cash=400 aav帽=ok aav=4)
[12:48:52] t=1737 MOVE raid x2 -> (80,99); t=1737 SIEGE STAGING x2/5 (前沿集结, 齐冲再上)
[12:48:52] {"kind": "action", "what": "attack_move", "name": null, "qty": null, "tid": null, "ts": "12:48:52"}
[12:48:54] t=1740 jev BUILD NAWEAP HOLD (资金闸门: 坦克优先, cash=400)
[12:48:54] t=1740 jev INF E2 HOLD (预算保护 gate=False e2=5)
[12:48:54] t=1740 jev VEH HARV HOLD (预算保护 cash=400 aav帽=ok aav=4)
[12:48:54] t=1740 MOVE raid x2 -> (80,103); assault x2 -> (102,97); t=1740 SIEGE STAGING x2/5 (前沿集结, 齐冲再上)
[12:48:54] {"kind": "action", "what": "attack_move", "name": null, "qty": null, "tid": null, "ts": "12:48:54"}
[12:48:54] {"kind": "action", "what": "attack_move", "name": null, "qty": null, "tid": null, "ts": "12:48:54"}
[12:48:56] t=1743 jev BUILD NAWEAP HOLD (资金闸门: 坦克优先, cash=400)
[12:48:56] t=1743 jev INF E2 HOLD (预算保护 gate=False e2=5)
[12:48:56] t=1743 jev VEH HARV HOLD (预算保护 cash=400 aav帽=ok aav=4)
[12:48:56] t=1743 MOVE raid x2 -> (80,107); t=1743 SIEGE STAGING x2/5 (前沿集结, 齐冲再上)
[12:48:56] {"kind": "action", "what": "attack_move", "name": null, "qty": null, "tid": null, "ts": "12:48:56"}
[12:48:58] t=1746 jev BUILD NAWEAP HOLD (资金闸门: 坦克优先, cash=400)
[12:48:58] t=1746 jev INF E2 HOLD (预算保护 gate=False e2=5)
[12:48:58] t=1746 jev VEH HARV HOLD (预算保护 cash=400 aav帽=ok aav=4)
[12:48:58] t=1746 MOVE raid x2 -> (80,111); t=1746 SIEGE STAGING x2/5 (前沿集结, 齐冲再上)
[12:48:58] {"kind": "action", "what": "attack_move", "name": null, "qty": null, "tid": null, "ts": "12:48:58"}
[12:49:00] t=1749 jev BUILD NAWEAP HOLD (资金闸门: 坦克优先, cash=700)
[12:49:00] t=1749 jev INF E2 HOLD (预算保护 gate=False e2=5)
[12:49:00] t=1749 jev VEH DRON HOLD (预算保护 cash=700 aav帽=ok aav=4)
[12:49:00] t=1749 MOVE raid x2 -> (80,115); t=1749 SIEGE STAGING x2/5 (前沿集结, 齐冲再上); hold_a x6 -> (133,86); hold_b x6 -> (126,75); aahunt x4 -> (125,83)
[12:49:00] {"kind": "action", "what": "attack_move", "name": null, "qty": null, "tid": null, "ts": "12:49:00"}
[12:49:00] {"kind": "action", "what": "attack_move", "name": null, "qty": null, "tid": null, "ts": "12:49:00"}
[12:49:00] {"kind": "action", "what": "attack_move", "name": null, "qty": null, "tid": null, "ts": "12:49:00"}
[12:49:00] {"kind": "action", "what": "attack_move", "name": null, "qty": null, "tid": null, "ts": "12:49:00"}
[12:49:03] t=1751 jev BUILD NAWEAP HOLD (资金闸门: 坦克优先, cash=700)
[12:49:03] t=1751 jev INF E2 HOLD (预算保护 gate=False e2=5)
[12:49:03] t=1751 jev VEH HARV HOLD (预算保护 cash=700 aav帽=ok aav=4)
[12:49:03] t=1751 MOVE raid x2 -> (82,102); t=1751 SIEGE STAGING x2/5 (前沿集结, 齐冲再上)
[12:49:03] {"kind": "action", "what": "attack_move", "name": null, "qty": null, "tid": null, "ts": "12:49:03"}
[12:49:05] t=1754 jev BUILD NAWEAP HOLD (资金闸门: 坦克优先, cash=700)
[12:49:05] t=1754 jev INF E2 HOLD (预算保护 gate=False e2=5)
[12:49:05] t=1754 jev VEH HARV HOLD (预算保护 cash=700 aav帽=ok aav=4)
[12:49:07] t=1757 jev BUILD NAWEAP HOLD (资金闸门: 坦克优先, cash=700)
[12:49:07] t=1757 jev INF E2 HOLD (预算保护 gate=False e2=5)
[12:49:07] t=1757 jev VEH HARV HOLD (预算保护 cash=700 aav帽=ok aav=4)
[12:49:07] t=1757 MOVE assault x2 -> (102,97); t=1757 SIEGE STAGING x2/5 (前沿集结, 齐冲再上)
[12:49:07] {"kind": "action", "what": "attack_move", "name": null, "qty": null, "tid": null, "ts": "12:49:07"}
[12:49:07] t=1760 TANK HTNK x1
[12:49:07] t=1760 DEBT-GATE HTNK x1 (debt=0 eff=850 < 900)
[12:49:09] t=1760 jev BUILD NAWEAP HOLD (资金闸门: 坦克优先, cash=850)
[12:49:09] t=1760 jev INF E2 (conf 0.32)
[12:49:09] t=1760 jev VEH HARV HOLD (预算保护 cash=850 aav帽=ok aav=4)
[12:49:09] {"kind": "action", "what": "produce", "name": "E2", "qty": 1, "tid": null, "ts": "12:49:09"}
[12:49:09] t=1763 ALARM unit lost -> 攻势保持（塔阵守家, 前线 17 个单位继续进攻）
[12:49:09] t=1763 HARASS DRON x2 (have 1)
[12:49:09] {"kind": "action", "what": "produce", "name": "DRON", "qty": 2, "tid": null, "ts": "12:49:09"}
[12:49:11] t=1763 jev BUILD NAWEAP HOLD (资金闸门: 坦克优先, cash=842)
[12:49:11] t=1765 RETREAT DRON(8%)
[12:49:11] t=1765 RETREAT DRON(6%)
[12:49:11] {"kind": "action", "what": "move", "name": null, "qty": null, "tid": null, "ts": "12:49:11"}
[12:49:11] {"kind": "action", "what": "move", "name": null, "qty": null, "tid": null, "ts": "12:49:11"}
[12:49:13] t=1765 jev BUILD NAWEAP HOLD (资金闸门: 坦克优先, cash=771)
[12:49:13] t=1768 ALARM unit lost -> 攻势保持（塔阵守家, 前线 17 个单位继续进攻）
[12:49:15] t=1768 jev BUILD NAWEAP HOLD (资金闸门: 坦克优先, cash=599)
[12:49:15] t=1768 jev INF E2 HOLD (预算保护 gate=False e2=6)
[12:49:15] t=1771 ESCORT 坦克#3891 -> 护航矿车@[89, 101]
[12:49:15] {"kind": "action", "what": "attack_move", "name": null, "qty": null, "tid": null, "ts": "12:49:15"}
[12:49:17] t=1771 jev BUILD NAWEAP HOLD (资金闸门: 坦克优先, cash=451)
[12:49:17] t=1771 jev INF E2 HOLD (预算保护 gate=False e2=6)
[12:49:17] t=1771 MOVE raid x1 -> (85,101); t=1771 SIEGE STAGING x1/5 (前沿集结, 齐冲再上)
[12:49:17] {"kind": "action", "what": "attack_move", "name": null, "qty": null, "tid": null, "ts": "12:49:17"}
[12:49:19] t=1774 jev BUILD NAWEAP HOLD (资金闸门: 坦克优先, cash=292)
[12:49:19] t=1774 jev INF E2 HOLD (预算保护 gate=False e2=6)
[12:49:19] t=1774 MOVE raid x1 -> (87,101); assault x1 -> (102,97); t=1774 SIEGE STAGING x1/5 (前沿集结, 齐冲再上)
[12:49:19] {"kind": "action", "what": "attack_move", "name": null, "qty": null, "tid": null, "ts": "12:49:19"}
[12:49:19] {"kind": "action", "what": "attack_move", "name": null, "qty": null, "tid": null, "ts": "12:49:19"}
[12:49:22] t=1777 jev BUILD NAWEAP HOLD (资金闸门: 坦克优先, cash=133)
[12:49:22] t=1777 jev INF E2 HOLD (预算保护 gate=False e2=6)
[12:49:22] t=1777 MOVE raid x1 -> (79,112); t=1777 SIEGE STAGING x1/5 (前沿集结, 齐冲再上)
[12:49:22] {"kind": "action", "what": "attack_move", "name": null, "qty": null, "tid": null, "ts": "12:49:22"}
[12:49:24] t=1780 jev BUILD NAWEAP HOLD (资金闸门: 坦克优先, cash=110)
[12:49:24] t=1780 jev INF E2 HOLD (预算保护 gate=False e2=6)
[12:49:24] t=1780 jev VEH DRON HOLD (预算保护 cash=110 aav帽=ok aav=4)
[12:49:24] t=1780 MOVE raid x2 -> (79,108); t=1780 SIEGE STAGING x2/5 (前沿集结, 齐冲再上)
[12:49:24] {"kind": "action", "what": "attack_move", "name": null, "qty": null, "tid": null, "ts": "12:49:24"}
[12:49:26] t=1783 jev BUILD NAWEAP HOLD (资金闸门: 坦克优先, cash=110)
[12:49:26] t=1783 jev INF E2 HOLD (预算保护 gate=False e2=6)
[12:49:26] t=1783 jev VEH DRON HOLD (预算保护 cash=110 aav帽=ok aav=4)
[12:49:26] t=1783 MOVE raid x2 -> (80,105); t=1783 SIEGE STAGING x2/5 (前沿集结, 齐冲再上)
[12:49:26] {"kind": "action", "what": "attack_move", "name": null, "qty": null, "tid": null, "ts": "12:49:26"}
[12:49:28] t=1786 jev BUILD NAWEAP HOLD (资金闸门: 坦克优先, cash=110)
[12:49:28] t=1786 jev INF E2 HOLD (预算保护 gate=False e2=6)
[12:49:28] t=1786 jev VEH DRON HOLD (预算保护 cash=110 aav帽=ok aav=4)
[12:49:28] t=1786 MOVE raid x2 -> (80,101); t=1786 SIEGE STAGING x2/5 (前沿集结, 齐冲再上)
[12:49:28] {"kind": "action", "what": "attack_move", "name": null, "qty": null, "tid": null, "ts": "12:49:28"}
[12:49:30] t=1789 jev BUILD NAWEAP HOLD (资金闸门: 坦克优先, cash=110)
[12:49:30] t=1789 jev INF E2 HOLD (预算保护 gate=False e2=6)
[12:49:30] t=1789 jev VEH DRON HOLD (预算保护 cash=110 aav帽=ok aav=4)
[12:49:30] t=1789 MOVE raid x2 -> (80,97); t=1789 SIEGE STAGING x2/5 (前沿集结, 齐冲再上); aahunt x4 -> (125,83)
[12:49:30] {"kind": "action", "what": "attack_move", "name": null, "qty": null, "tid": null, "ts": "12:49:30"}
[12:49:31] {"kind": "action", "what": "attack_move", "name": null, "qty": null, "tid": null, "ts": "12:49:31"}
[12:49:33] t=1792 jev BUILD NAWEAP HOLD (资金闸门: 坦克优先, cash=110)
[12:49:33] t=1792 jev INF E2 HOLD (预算保护 gate=False e2=6)
[12:49:33] t=1792 jev VEH DRON HOLD (预算保护 cash=110 aav帽=ok aav=4)
[12:49:33] t=1792 MOVE raid x2 -> (80,93); assault x2 -> (102,97); t=1792 SIEGE STAGING x2/5 (前沿集结, 齐冲再上)
[12:49:33] {"kind": "action", "what": "attack_move", "name": null, "qty": null, "tid": null, "ts": "12:49:33"}
[12:49:33] {"kind": "action", "what": "attack_move", "name": null, "qty": null, "tid": null, "ts": "12:49:33"}
[12:49:35] t=1794 jev BUILD NAWEAP HOLD (资金闸门: 坦克优先, cash=110)
[12:49:35] t=1794 jev INF E2 HOLD (预算保护 gate=False e2=6)
[12:49:35] t=1794 jev VEH DRON HOLD (预算保护 cash=110 aav帽=ok aav=4)
[12:49:35] t=1794 MOVE raid x2 -> (80,90); t=1794 SIEGE STAGING x2/5 (前沿集结, 齐冲再上)
[12:49:35] {"kind": "action", "what": "attack_move", "name": null, "qty": null, "tid": null, "ts": "12:49:35"}
[12:49:37] t=1797 jev BUILD NAWEAP HOLD (资金闸门: 坦克优先, cash=110)
[12:49:37] t=1797 jev INF E2 HOLD (预算保护 gate=False e2=6)
[12:49:37] t=1797 jev VEH DRON HOLD (预算保护 cash=110 aav帽=ok aav=4)
[12:49:37] t=1797 MOVE raid x2 -> (80,86); t=1797 SIEGE STAGING x2/5 (前沿集结, 齐冲再上)
[12:49:37] {"kind": "action", "what": "attack_move", "name": null, "qty": null, "tid": null, "ts": "12:49:37"}
[12:49:39] t=1800 jev BUILD NAWEAP HOLD (资金闸门: 坦克优先, cash=110)
[12:49:39] t=1800 jev INF E2 HOLD (预算保护 gate=False e2=6)
[12:49:39] t=1800 jev VEH DRON HOLD (预算保护 cash=110 aav帽=ok aav=4)
[12:49:39] t=1800 MOVE raid x2 -> (80,82); t=1800 SIEGE STAGING x2/5 (前沿集结, 齐冲再上)
[12:49:39] {"kind": "action", "what": "attack_move", "name": null, "qty": null, "tid": null, "ts": "12:49:39"}
[12:49:39] t=1800 tick#725 credits=110 stance=attack | jev 725 decisions p50=1816ms
[12:49:41] t=1803 jev BUILD NAWEAP HOLD (资金闸门: 坦克优先, cash=110)
[12:49:41] t=1803 jev INF E2 HOLD (预算保护 gate=False e2=6)
[12:49:41] t=1803 jev VEH DRON HOLD (预算保护 cash=110 aav帽=ok aav=4)
[12:49:41] t=1803 MOVE raid x2 -> (79,78); t=1803 SIEGE STAGING x2/5 (前沿集结, 齐冲再上)
[12:49:41] {"kind": "action", "what": "attack_move", "name": null, "qty": null, "tid": null, "ts": "12:49:41"}
[12:49:41] t=1806 ALARM unit lost -> 攻势保持（塔阵守家, 前线 18 个单位继续进攻）
[12:49:41] t=1806 HARASS DRON x2 (have 1)
[12:49:41] {"kind": "action", "what": "produce", "name": "DRON", "qty": 2, "tid": null, "ts": "12:49:41"}
[12:49:43] t=1806 jev BUILD NAWEAP HOLD (资金闸门: 坦克优先, cash=1235)
[12:49:43] t=1806 jev INF E2 (conf 0.37)
[12:49:43] {"kind": "action", "what": "produce", "name": "E2", "qty": 1, "tid": null, "ts": "12:49:43"}
[12:49:43] t=1806 MOVE raid x1 -> (77,76); t=1806 SIEGE STAGING x1/5 (前沿集结, 齐冲再上)
[12:49:43] {"kind": "action", "what": "attack_move", "name": null, "qty": null, "tid": null, "ts": "12:49:43"}
[12:49:46] t=1809 jev BUILD NAWEAP HOLD (资金闸门: 坦克优先, cash=1065)
[12:49:46] t=1809 MOVE assault x1 -> (102,97); t=1809 SIEGE STAGING x1/5 (前沿集结, 齐冲再上)
[12:49:46] {"kind": "action", "what": "attack_move", "name": null, "qty": null, "tid": null, "ts": "12:49:46"}
[12:49:46] t=1812 ESCORT 坦克#3910 -> 护航矿车@[126, 105]
[12:49:46] {"kind": "action", "what": "attack_move", "name": null, "qty": null, "tid": null, "ts": "12:49:46"}
[12:49:48] t=1812 jev BUILD NAWEAP HOLD (资金闸门: 坦克优先, cash=829)
[12:49:48] t=1815 ALARM unit lost -> 攻势保持（塔阵守家, 前线 19 个单位继续进攻）
[12:49:50] t=1815 jev BUILD NAWEAP HOLD (资金闸门: 坦克优先, cash=664)
[12:49:52] t=1817 jev BUILD NAWEAP HOLD (资金闸门: 坦克优先, cash=508)
[12:49:52] t=1817 MOVE raid x3 -> (76,75); t=1817 SIEGE STAGING x3/5 (前沿集结, 齐冲再上)
[12:49:52] {"kind": "action", "what": "attack_move", "name": null, "qty": null, "tid": null, "ts": "12:49:52"}
[12:49:52] t=1820 ALARM enemy approaching -> RESCUE 预备队 3 人驰援远端 [108, 88]
[12:49:52] {"kind": "action", "what": "attack_move", "name": null, "qty": null, "tid": null, "ts": "12:49:52"}
[12:49:54] t=1820 jev BUILD NAWEAP HOLD (资金闸门: 坦克优先, cash=353)
[12:49:56] t=1823 jev BUILD NAWEAP HOLD (资金闸门: 坦克优先, cash=345)
[12:49:56] t=1823 jev VEH DRON HOLD (预算保护 cash=345 aav帽=ok aav=4)
[12:49:58] t=1826 jev BUILD NAWEAP HOLD (资金闸门: 坦克优先, cash=345)
[12:49:58] t=1826 jev VEH DRON HOLD (预算保护 cash=345 aav帽=ok aav=4)
[12:50:00] t=1829 jev BUILD NAWEAP HOLD (资金闸门: 坦克优先, cash=345)
[12:50:00] t=1829 jev VEH DRON HOLD (预算保护 cash=345 aav帽=ok aav=4)
[12:50:00] t=1829 MOVE assault x4 -> (102,97); t=1829 SIEGE STAGING x4/5 (前沿集结, 齐冲再上); hold_a x7 -> (133,86); hold_b x6 -> (126,75)
[12:50:00] {"kind": "action", "what": "attack_move", "name": null, "qty": null, "tid": null, "ts": "12:50:00"}
[12:50:00] {"kind": "action", "what": "attack_move", "name": null, "qty": null, "tid": null, "ts": "12:50:00"}
[12:50:00] {"kind": "action", "what": "attack_move", "name": null, "qty": null, "tid": null, "ts": "12:50:00"}
[12:50:03] t=1831 jev BUILD NAWEAP HOLD (资金闸门: 坦克优先, cash=345)
[12:50:03] t=1831 jev VEH DRON HOLD (预算保护 cash=345 aav帽=ok aav=4)
[12:50:03] t=1831 MOVE raid x4 -> (75,75); t=1831 SIEGE STAGING x4/5 (前沿集结, 齐冲再上); aahunt x4 -> (125,83)
[12:50:03] {"kind": "action", "what": "attack_move", "name": null, "qty": null, "tid": null, "ts": "12:50:03"}
[12:50:03] {"kind": "action", "what": "attack_move", "name": null, "qty": null, "tid": null, "ts": "12:50:03"}
[12:50:05] t=1834 jev BUILD NAWEAP HOLD (资金闸门: 坦克优先, cash=345)
[12:50:05] t=1834 jev INF E2 HOLD (预算保护 gate=False e2=7)
[12:50:05] t=1834 jev VEH DRON HOLD (预算保护 cash=345 aav帽=ok aav=4)
[12:50:07] t=1837 jev BUILD NAWEAP HOLD (资金闸门: 坦克优先, cash=345)
[12:50:07] t=1837 jev INF E2 HOLD (预算保护 gate=False e2=7)
[12:50:07] t=1837 jev VEH DRON HOLD (预算保护 cash=345 aav帽=ok aav=4)
[12:50:09] t=1840 jev BUILD NAWEAP HOLD (资金闸门: 坦克优先, cash=345)
[12:50:09] t=1840 jev INF E2 HOLD (预算保护 gate=False e2=7)
[12:50:09] t=1840 jev VEH DRON HOLD (预算保护 cash=345 aav帽=ok aav=4)
[12:50:11] t=1843 jev BUILD NAWEAP HOLD (资金闸门: 坦克优先, cash=645)
[12:50:11] t=1843 jev INF E2 HOLD (预算保护 gate=False e2=7)
[12:50:11] t=1843 jev VEH DRON HOLD (预算保护 cash=645 aav帽=ok aav=4)
[12:50:13] t=1845 jev BUILD NAWEAP HOLD (资金闸门: 坦克优先, cash=645)
[12:50:13] t=1845 jev INF E2 HOLD (预算保护 gate=False e2=7)
[12:50:13] t=1845 jev VEH DRON HOLD (预算保护 cash=645 aav帽=ok aav=4)
[12:50:13] t=1845 MOVE raid x4 -> (74,75); assault x4 -> (102,97); t=1845 SIEGE STAGING x4/5 (前沿集结, 齐冲再上)
[12:50:13] {"kind": "action", "what": "attack_move", "name": null, "qty": null, "tid": null, "ts": "12:50:13"}
[12:50:13] {"kind": "action", "what": "attack_move", "name": null, "qty": null, "tid": null, "ts": "12:50:13"}
[12:50:13] t=1848 TANK HTNK x2
[12:50:13] t=1848 DEBT-GATE HTNK x2 (debt=0 eff=1770 < 1800)
[12:50:15] t=1848 jev BUILD NAWEAP HOLD (资金闸门: 坦克优先, cash=1770)
[12:50:15] t=1848 jev INF E2 (conf 0.24)
[12:50:15] t=1848 jev VEH DRON (conf 0.07)
[12:50:15] {"kind": "action", "what": "produce", "name": "E2", "qty": 1, "tid": null, "ts": "12:50:15"}
[12:50:15] {"kind": "action", "what": "produce", "name": "DRON", "qty": 1, "tid": null, "ts": "12:50:15"}
[12:50:15] t=1851 ALARM unit lost -> 攻势保持（塔阵守家, 前线 21 个单位继续进攻）
[12:50:17] t=1851 jev BUILD NAWEAP HOLD (资金闸门: 坦克优先, cash=1742)
[12:50:19] t=1854 jev BUILD NAWEAP HOLD (资金闸门: 坦克优先, cash=1603)
[12:50:21] t=1856 jev BUILD NAWEAP HOLD (资金闸门: 坦克优先, cash=1441)
[12:50:21] t=1856 MOVE raid x3 -> (74,74); t=1856 SIEGE STAGING x3/5 (前沿集结, 齐冲再上)
[12:50:21] {"kind": "action", "what": "attack_move", "name": null, "qty": null, "tid": null, "ts": "12:50:21"}
[12:50:21] t=1859 ALARM unit lost -> 攻势保持（塔阵守家, 前线 21 个单位继续进攻）
[12:50:21] t=1859 TANK HTNK x2
[12:50:21] t=1859 DEBT-GATE HTNK x2 (debt=0 eff=1355 < 1800)
[12:50:23] t=1859 jev BUILD NAWEAP HOLD (资金闸门: 坦克优先, cash=1355)
[12:50:23] t=1859 jev VEH DRON (conf 0.10)
[12:50:23] t=1862 TANK HTNK x2
[12:50:23] t=1862 DEBT-GATE HTNK x2 (debt=0 eff=1355 < 1800)
[12:50:25] t=1862 jev BUILD NAWEAP HOLD (资金闸门: 坦克优先, cash=1355)
[12:50:25] t=1862 jev VEH DRON (conf 0.10)
[12:50:25] t=1862 MOVE raid x3 -> (75,73); assault x3 -> (102,97); t=1862 SIEGE STAGING x3/5 (前沿集结, 齐冲再上)
[12:50:25] {"kind": "action", "what": "attack_move", "name": null, "qty": null, "tid": null, "ts": "12:50:25"}
[12:50:25] {"kind": "action", "what": "attack_move", "name": null, "qty": null, "tid": null, "ts": "12:50:25"}
[12:50:26] t=1865 TANK HTNK x2
[12:50:26] t=1865 DEBT-GATE HTNK x2 (debt=0 eff=1355 < 1800)
[12:50:27] t=1865 jev BUILD NAWEAP HOLD (资金闸门: 坦克优先, cash=1355)
[12:50:27] t=1865 jev VEH DRON (conf 0.11)
[12:50:28] t=1867 TANK HTNK x2
[12:50:28] t=1867 DEBT-GATE HTNK x2 (debt=0 eff=1355 < 1800)
[12:50:29] t=1867 jev BUILD NAWEAP HOLD (资金闸门: 坦克优先, cash=1355)
[12:50:29] t=1867 jev VEH DRON (conf 0.10)
[12:50:30] t=1870 TANK HTNK x2
[12:50:30] t=1870 DEBT-GATE HTNK x2 (debt=0 eff=1655 < 1800)
[12:50:31] t=1870 jev BUILD NAWEAP HOLD (资金闸门: 坦克优先, cash=1655)
[12:50:31] t=1870 jev VEH DRON (conf 0.10)
[12:50:31] t=1870 MOVE raid x3 -> (74,73); t=1870 SIEGE STAGING x3/5 (前沿集结, 齐冲再上)
[12:50:31] {"kind": "action", "what": "attack_move", "name": null, "qty": null, "tid": null, "ts": "12:50:31"}
[12:50:31] t=1870 tick#750 credits=1655 stance=attack | jev 750 decisions p50=1817ms
[12:50:32] t=1873 TANK HTNK x2
[12:50:32] t=1873 DEBT-GATE HTNK x2 (debt=0 eff=1655 < 1800)
[12:50:33] t=1873 jev BUILD NAWEAP HOLD (资金闸门: 坦克优先, cash=1655)
[12:50:33] t=1873 jev VEH DRON (conf 0.09)
[12:50:33] t=1873 MOVE t=1873 SIEGE STAGING x3/5 (前沿集结, 齐冲再上); aahunt x4 -> (125,83)
[12:50:33] {"kind": "action", "what": "attack_move", "name": null, "qty": null, "tid": null, "ts": "12:50:33"}
[12:50:34] t=1875 TANK HTNK x2
[12:50:34] t=1875 ESCORT 坦克#3977 -> 护航矿车@[109, 84]
[12:50:34] t=1875 DEBT-GATE HTNK x2 (debt=0 eff=1655 < 1800)
[12:50:34] {"kind": "action", "what": "attack_move", "name": null, "qty": null, "tid": null, "ts": "12:50:34"}
[12:50:35] t=1875 jev BUILD NAWEAP HOLD (资金闸门: 坦克优先, cash=1655)
[12:50:35] t=1875 jev VEH DRON (conf 0.09)
[12:50:36] t=1878 ALARM unit lost -> 攻势保持（塔阵守家, 前线 20 个单位继续进攻）
[12:50:36] t=1878 TANK HTNK x2
[12:50:36] t=1878 DEBT-GATE HTNK x2 (debt=0 eff=1655 < 1800)
[12:50:37] t=1878 jev BUILD NAWEAP HOLD (资金闸门: 坦克优先, cash=1655)
[12:50:37] t=1878 jev VEH HTK HOLD (预算保护 cash=1655 aav帽=hit aav=4)
[12:50:37] t=1878 MOVE raid x2 -> (74,74); assault x2 -> (102,97); t=1878 SIEGE STAGING x2/5 (前沿集结, 齐冲再上)
[12:50:37] {"kind": "action", "what": "attack_move", "name": null, "qty": null, "tid": null, "ts": "12:50:37"}
[12:50:37] {"kind": "action", "what": "attack_move", "name": null, "qty": null, "tid": null, "ts": "12:50:37"}
[12:50:38] t=1881 ALARM unit lost -> 攻势保持（塔阵守家, 前线 19 个单位继续进攻）
[12:50:38] t=1881 HARASS DRON x2 (have 1)
[12:50:38] t=1881 TANK HTNK x1
[12:50:38] {"kind": "action", "what": "produce", "name": "HTNK", "qty": 1, "tid": null, "ts": "12:50:38"}
[12:50:39] t=1881 jev BUILD NAWEAP HOLD (资金闸门: 坦克优先, cash=1655)
[12:50:39] t=1881 MOVE raid x1 -> (76,75); t=1881 SIEGE STAGING x1/5 (前沿集结, 齐冲再上)
[12:50:40] {"kind": "action", "what": "attack_move", "name": null, "qty": null, "tid": null, "ts": "12:50:40"}
[12:50:41] t=1884 jev BUILD NAWEAP HOLD (资金闸门: 坦克优先, cash=1522)
[12:50:43] t=1886 jev BUILD NAWEAP HOLD (资金闸门: 坦克优先, cash=1389)
[12:50:45] t=1889 jev BUILD NAWEAP HOLD (资金闸门: 坦克优先, cash=1259)
[12:50:47] t=1891 jev BUILD NAWEAP HOLD (资金闸门: 坦克优先, cash=1125)
[12:50:47] t=1891 MOVE raid x1 -> (76,74); t=1891 SIEGE STAGING x1/5 (前沿集结, 齐冲再上)
[12:50:47] {"kind": "action", "what": "attack_move", "name": null, "qty": null, "tid": null, "ts": "12:50:47"}
[12:50:49] t=1894 jev BUILD NAWEAP HOLD (资金闸门: 坦克优先, cash=992)
[12:50:49] t=1894 MOVE assault x1 -> (102,97); t=1894 SIEGE STAGING x1/5 (前沿集结, 齐冲再上)
[12:50:49] {"kind": "action", "what": "attack_move", "name": null, "qty": null, "tid": null, "ts": "12:50:49"}
[12:50:51] t=1897 jev BUILD NAWEAP HOLD (资金闸门: 坦克优先, cash=855)
[12:50:53] t=1899 jev BUILD NAWEAP HOLD (资金闸门: 坦克优先, cash=755)
[12:50:53] t=1899 jev VEH DRON HOLD (预算保护 cash=755 aav帽=ok aav=4)
[12:50:53] t=1899 MOVE raid x1 -> (75,75); t=1899 SIEGE STAGING x2/5 (前沿集结, 齐冲再上)
[12:50:53] {"kind": "action", "what": "attack_move", "name": null, "qty": null, "tid": null, "ts": "12:50:53"}
[12:50:55] t=1902 jev BUILD NAWEAP HOLD (资金闸门: 坦克优先, cash=755)
[12:50:55] t=1902 jev VEH DRON HOLD (预算保护 cash=755 aav帽=ok aav=4)
[12:50:57] t=1905 jev BUILD NAWEAP HOLD (资金闸门: 坦克优先, cash=755)
[12:50:57] t=1905 jev VEH DRON HOLD (预算保护 cash=755 aav帽=ok aav=4)
[12:50:57] t=1905 MOVE raid x1 -> (75,76); t=1905 SIEGE STAGING x2/5 (前沿集结, 齐冲再上)
[12:50:58] {"kind": "action", "what": "attack_move", "name": null, "qty": null, "tid": null, "ts": "12:50:58"}
[12:51:00] t=1908 jev BUILD NAWEAP HOLD (资金闸门: 坦克优先, cash=755)
[12:51:00] t=1908 jev VEH DRON HOLD (预算保护 cash=755 aav帽=ok aav=4)
[12:51:00] t=1908 MOVE raid x1 -> (76,77); t=1908 SIEGE STAGING x2/5 (前沿集结, 齐冲再上)
[12:51:00] {"kind": "action", "what": "attack_move", "name": null, "qty": null, "tid": null, "ts": "12:51:00"}
[12:51:02] t=1910 jev BUILD NAWEAP HOLD (资金闸门: 坦克优先, cash=755)
[12:51:02] t=1910 jev VEH DRON HOLD (预算保护 cash=755 aav帽=ok aav=4)
[12:51:02] t=1910 MOVE raid x1 -> (78,79); assault x2 -> (102,97); t=1910 SIEGE STAGING x2/5 (前沿集结, 齐冲再上); hold_a x7 -> (133,86); hold_b x7 -> (126,75)
[12:51:02] {"kind": "action", "what": "attack_move", "name": null, "qty": null, "tid": null, "ts": "12:51:02"}
[12:51:02] {"kind": "action", "what": "attack_move", "name": null, "qty": null, "tid": null, "ts": "12:51:02"}
[12:51:02] {"kind": "action", "what": "attack_move", "name": null, "qty": null, "tid": null, "ts": "12:51:02"}
[12:51:02] {"kind": "action", "what": "attack_move", "name": null, "qty": null, "tid": null, "ts": "12:51:02"}
[12:51:02] t=1913 ALARM unit lost -> 攻势保持（塔阵守家, 前线 19 个单位继续进攻）
[12:51:04] t=1913 jev BUILD NAWEAP HOLD (资金闸门: 坦克优先, cash=755)
[12:51:04] t=1913 jev VEH DRON HOLD (预算保护 cash=755 aav帽=ok aav=4)
[12:51:04] t=1913 MOVE t=1913 SIEGE STAGING x1/5 (前沿集结, 齐冲再上); aahunt x4 -> (125,83)
[12:51:04] {"kind": "action", "what": "attack_move", "name": null, "qty": null, "tid": null, "ts": "12:51:04"}
[12:51:04] t=1916 ESCORT 坦克#3992 -> 护航矿车@[83, 94]
[12:51:04] {"kind": "action", "what": "attack_move", "name": null, "qty": null, "tid": null, "ts": "12:51:04"}
[12:51:06] t=1916 jev BUILD NAWEAP HOLD (资金闸门: 坦克优先, cash=755)
[12:51:06] t=1916 jev INF E2 HOLD (预算保护 gate=False e2=8)
[12:51:06] t=1916 jev VEH DRON HOLD (预算保护 cash=755 aav帽=ok aav=4)
[12:51:08] t=1919 jev BUILD NAWEAP HOLD (资金闸门: 坦克优先, cash=755)
[12:51:08] t=1919 jev INF E2 HOLD (预算保护 gate=False e2=8)
[12:51:08] t=1919 jev VEH DRON HOLD (预算保护 cash=755 aav帽=ok aav=4)
[12:51:10] t=1921 jev BUILD NAWEAP HOLD (资金闸门: 坦克优先, cash=755)
[12:51:10] t=1921 jev INF E2 HOLD (预算保护 gate=False e2=8)
[12:51:10] t=1921 jev VEH DRON HOLD (预算保护 cash=755 aav帽=ok aav=4)
[12:51:12] t=1924 jev BUILD NAWEAP HOLD (资金闸门: 坦克优先, cash=755)
[12:51:12] t=1924 jev INF E2 HOLD (预算保护 gate=False e2=8)
[12:51:12] t=1924 jev VEH DRON HOLD (预算保护 cash=755 aav帽=ok aav=4)
[12:51:14] t=1926 jev BUILD NAWEAP HOLD (资金闸门: 坦克优先, cash=755)
[12:51:14] t=1926 jev INF E2 HOLD (预算保护 gate=False e2=8)
[12:51:14] t=1926 jev VEH DRON HOLD (预算保护 cash=755 aav帽=ok aav=4)
[12:51:14] t=1926 MOVE assault x1 -> (102,97); t=1926 SIEGE STAGING x1/5 (前沿集结, 齐冲再上)
[12:51:14] {"kind": "action", "what": "attack_move", "name": null, "qty": null, "tid": null, "ts": "12:51:14"}
[12:51:16] t=1929 jev BUILD NAWEAP HOLD (资金闸门: 坦克优先, cash=755)
[12:51:16] t=1929 jev INF E2 HOLD (预算保护 gate=False e2=8)
[12:51:16] t=1929 jev VEH DRON HOLD (预算保护 cash=755 aav帽=ok aav=4)
[12:51:18] t=1932 jev BUILD NAWEAP HOLD (资金闸门: 坦克优先, cash=755)
[12:51:18] t=1932 jev INF E2 HOLD (预算保护 gate=False e2=8)
[12:51:18] t=1932 jev VEH DRON HOLD (预算保护 cash=755 aav帽=ok aav=4)
[12:51:20] t=1935 jev BUILD NAWEAP HOLD (资金闸门: 坦克优先, cash=755)
[12:51:20] t=1935 jev INF E2 HOLD (预算保护 gate=False e2=8)
[12:51:20] t=1935 jev VEH DRON HOLD (预算保护 cash=755 aav帽=ok aav=4)
[12:51:22] t=1937 jev BUILD NAWEAP HOLD (资金闸门: 坦克优先, cash=755)
[12:51:22] t=1937 jev INF E2 HOLD (预算保护 gate=False e2=8)
[12:51:22] t=1937 jev VEH DRON HOLD (预算保护 cash=755 aav帽=ok aav=4)
[12:51:22] t=1937 tick#775 credits=755 stance=attack | jev 775 decisions p50=1807ms
[12:51:24] t=1940 jev BUILD NAWEAP HOLD (资金闸门: 坦克优先, cash=755)
[12:51:24] t=1940 jev INF E2 HOLD (预算保护 gate=False e2=8)
[12:51:24] t=1940 jev VEH DRON HOLD (预算保护 cash=755 aav帽=ok aav=4)
[12:51:26] t=1942 jev BUILD NAWEAP HOLD (资金闸门: 坦克优先, cash=755)
[12:51:26] t=1942 jev INF E2 HOLD (预算保护 gate=False e2=8)
[12:51:26] t=1942 jev VEH DRON HOLD (预算保护 cash=755 aav帽=ok aav=4)
[12:51:26] t=1942 MOVE assault x1 -> (102,97); t=1942 SIEGE STAGING x1/5 (前沿集结, 齐冲再上)
[12:51:26] {"kind": "action", "what": "attack_move", "name": null, "qty": null, "tid": null, "ts": "12:51:26"}
[12:51:28] t=1945 jev BUILD NAWEAP HOLD (资金闸门: 坦克优先, cash=755)
[12:51:28] t=1945 jev INF E2 HOLD (预算保护 gate=False e2=8)
[12:51:28] t=1945 jev VEH HARV HOLD (预算保护 cash=755 aav帽=ok aav=4)
[12:51:30] t=1948 jev BUILD NAWEAP HOLD (资金闸门: 坦克优先, cash=755)
[12:51:30] t=1948 jev INF E2 HOLD (预算保护 gate=False e2=8)
[12:51:30] t=1948 jev VEH HARV HOLD (预算保护 cash=755 aav帽=ok aav=4)
[12:51:30] t=1950 HARASS DRON x2 (have 0)
[12:51:30] {"kind": "action", "what": "produce", "name": "DRON", "qty": 2, "tid": null, "ts": "12:51:30"}
[12:51:32] t=1950 jev BUILD NAWEAP HOLD (资金闸门: 坦克优先, cash=980)
[12:51:32] t=1950 jev INF E2 (conf 0.27)
[12:51:32] {"kind": "action", "what": "produce", "name": "E2", "qty": 1, "tid": null, "ts": "12:51:32"}
[12:51:34] t=1953 jev BUILD NAWEAP HOLD (资金闸门: 坦克优先, cash=1199)
[12:51:36] t=1956 jev BUILD NAWEAP HOLD (资金闸门: 坦克优先, cash=1065)
[12:51:36] t=1956 MOVE t=1956 SIEGE STAGING x1/5 (前沿集结, 齐冲再上); aahunt x4 -> (125,83)
[12:51:36] {"kind": "action", "what": "attack_move", "name": null, "qty": null, "tid": null, "ts": "12:51:36"}
[12:51:36] t=1958 ESCORT 坦克#3992 -> 护航矿车@[90, 60]
[12:51:36] {"kind": "action", "what": "attack_move", "name": null, "qty": null, "tid": null, "ts": "12:51:36"}
[12:51:38] t=1958 jev BUILD NAWEAP HOLD (资金闸门: 坦克优先, cash=907)
[12:51:38] t=1958 MOVE raid x1 -> (76,112); t=1958 SIEGE STAGING x2/5 (前沿集结, 齐冲再上)
[12:51:38] {"kind": "action", "what": "attack_move", "name": null, "qty": null, "tid": null, "ts": "12:51:38"}
[12:51:40] t=1961 jev BUILD NAWEAP HOLD (资金闸门: 坦克优先, cash=755)
[12:51:40] t=1961 MOVE assault x2 -> (102,97); t=1961 SIEGE STAGING x2/5 (前沿集结, 齐冲再上)
[12:51:40] {"kind": "action", "what": "attack_move", "name": null, "qty": null, "tid": null, "ts": "12:51:40"}
[12:51:42] t=1964 jev BUILD NAWEAP HOLD (资金闸门: 坦克优先, cash=603)
[12:51:44] t=1967 jev BUILD NAWEAP HOLD (资金闸门: 坦克优先, cash=540)
[12:51:44] t=1967 jev VEH HARV HOLD (预算保护 cash=540 aav帽=ok aav=4)
[12:51:48] t=1971 jev BUILD NAWEAP HOLD (资金闸门: 坦克优先, cash=540)
[12:51:48] t=1971 jev VEH HARV HOLD (预算保护 cash=540 aav帽=ok aav=4)
[12:51:50] t=1975 jev BUILD NAWEAP HOLD (资金闸门: 坦克优先, cash=540)
[12:51:50] t=1975 jev VEH HARV HOLD (预算保护 cash=540 aav帽=ok aav=4)
[12:51:53] t=1978 jev BUILD NAWEAP HOLD (资金闸门: 坦克优先, cash=540)
[12:51:53] t=1978 jev VEH HARV HOLD (预算保护 cash=540 aav帽=ok aav=4)
[12:51:53] t=1978 MOVE assault x3 -> (102,97); t=1978 SIEGE STAGING x3/5 (前沿集结, 齐冲再上)
[12:51:53] {"kind": "action", "what": "attack_move", "name": null, "qty": null, "tid": null, "ts": "12:51:53"}
[12:51:56] t=1982 jev BUILD NAWEAP HOLD (资金闸门: 坦克优先, cash=540)
[12:51:56] t=1982 jev VEH HARV HOLD (预算保护 cash=540 aav帽=ok aav=4)
[12:51:58] t=1985 jev BUILD NAWEAP HOLD (资金闸门: 坦克优先, cash=540)
[12:51:58] t=1985 jev VEH HARV HOLD (预算保护 cash=540 aav帽=ok aav=4)
[12:52:00] t=1988 jev BUILD NAWEAP HOLD (资金闸门: 坦克优先, cash=540)
[12:52:00] t=1988 jev VEH HARV HOLD (预算保护 cash=540 aav帽=ok aav=4)
[12:52:02] t=1991 jev BUILD NAWEAP HOLD (资金闸门: 坦克优先, cash=540)
[12:52:02] t=1991 jev VEH HARV HOLD (预算保护 cash=540 aav帽=ok aav=4)
[12:52:02] t=1991 MOVE t=1991 SIEGE STAGING x3/5 (前沿集结, 齐冲再上); hold_a x8 -> (133,86); hold_b x7 -> (126,75)
[12:52:02] {"kind": "action", "what": "attack_move", "name": null, "qty": null, "tid": null, "ts": "12:52:02"}
[12:52:02] {"kind": "action", "what": "attack_move", "name": null, "qty": null, "tid": null, "ts": "12:52:02"}
[12:52:04] t=1993 jev BUILD NAWEAP HOLD (资金闸门: 坦克优先, cash=540)
[12:52:04] t=1993 jev VEH HARV HOLD (预算保护 cash=540 aav帽=ok aav=4)
[12:52:06] t=1996 jev BUILD NAWEAP HOLD (资金闸门: 坦克优先, cash=540)
[12:52:06] t=1996 jev VEH HARV HOLD (预算保护 cash=540 aav帽=ok aav=4)
[12:52:06] t=1996 MOVE assault x3 -> (102,97); t=1996 SIEGE STAGING x3/5 (前沿集结, 齐冲再上); aahunt x4 -> (125,83)
[12:52:06] {"kind": "action", "what": "attack_move", "name": null, "qty": null, "tid": null, "ts": "12:52:06"}
[12:52:06] {"kind": "action", "what": "attack_move", "name": null, "qty": null, "tid": null, "ts": "12:52:06"}
[12:52:06] t=1998 ESCORT 坦克#4006 -> 护航矿车@[128, 104]
[12:52:06] {"kind": "action", "what": "attack_move", "name": null, "qty": null, "tid": null, "ts": "12:52:06"}
[12:52:08] t=1998 jev BUILD NAWEAP HOLD (资金闸门: 坦克优先, cash=540)
[12:52:08] t=1998 jev INF E2 HOLD (预算保护 gate=False e2=9)
[12:52:08] t=1998 jev VEH HARV HOLD (预算保护 cash=540 aav帽=ok aav=4)
[12:52:08] t=1998 MOVE raid x2 -> (76,112); t=1998 SIEGE STAGING x3/5 (前沿集结, 齐冲再上)
[12:52:08] {"kind": "action", "what": "attack_move", "name": null, "qty": null, "tid": null, "ts": "12:52:08"}
[12:52:10] t=2001 jev BUILD NAWEAP HOLD (资金闸门: 坦克优先, cash=540)
[12:52:10] t=2001 jev INF E2 HOLD (预算保护 gate=False e2=9)
[12:52:10] t=2001 jev VEH HARV HOLD (预算保护 cash=540 aav帽=ok aav=4)
[12:52:12] t=2004 jev BUILD NAWEAP HOLD (资金闸门: 坦克优先, cash=540)
[12:52:12] t=2004 jev INF E2 HOLD (预算保护 gate=False e2=9)
[12:52:12] t=2004 jev VEH HARV HOLD (预算保护 cash=540 aav帽=ok aav=4)
[12:52:14] t=2006 jev BUILD NAWEAP HOLD (资金闸门: 坦克优先, cash=540)
[12:52:14] t=2006 jev INF E2 HOLD (预算保护 gate=False e2=9)
[12:52:14] t=2006 jev VEH HARV HOLD (预算保护 cash=540 aav帽=ok aav=4)
[12:52:16] t=2009 jev BUILD NAWEAP HOLD (资金闸门: 坦克优先, cash=540)
[12:52:16] t=2009 jev INF E2 HOLD (预算保护 gate=False e2=9)
[12:52:16] t=2009 jev VEH HARV HOLD (预算保护 cash=540 aav帽=ok aav=4)
[12:52:16] t=2009 tick#800 credits=540 stance=attack | jev 800 decisions p50=1800ms
[12:52:19] t=2013 jev INF E2 HOLD (预算保护 gate=False e2=9)
[12:52:19] t=2013 jev VEH DRON HOLD (预算保护 cash=540 aav帽=ok aav=4)
[12:52:19] t=2013 MOVE raid x2 -> (75,115); assault x3 -> (101,98); t=2013 SIEGE STAGING x3/5 (前沿集结, 齐冲再上); aahunt x4 -> (125,84)
[12:52:19] {"kind": "action", "what": "attack_move", "name": null, "qty": null, "tid": null, "ts": "12:52:19"}
[12:52:19] {"kind": "action", "what": "attack_move", "name": null, "qty": null, "tid": null, "ts": "12:52:19"}
[12:52:19] {"kind": "action", "what": "attack_move", "name": null, "qty": null, "tid": null, "ts": "12:52:19"}
[12:52:20] t=2017 ALARM unit lost -> 攻势保持（塔阵守家, 前线 21 个单位继续进攻）
[12:52:22] t=2017 jev INF FLAKT HOLD (预算保护 gate=False e2=9)
[12:52:22] t=2017 jev VEH HARV HOLD (预算保护 cash=540 aav帽=ok aav=4)
[12:52:22] t=2017 MOVE assault x1 -> (99,98); t=2017 SIEGE STAGING x1/5 (前沿集结, 齐冲再上); aahunt x4 -> (125,83)
[12:52:22] {"kind": "action", "what": "attack_move", "name": null, "qty": null, "tid": null, "ts": "12:52:22"}
[12:52:22] {"kind": "action", "what": "attack_move", "name": null, "qty": null, "tid": null, "ts": "12:52:22"}
[12:52:24] t=2020 jev INF FLAKT HOLD (预算保护 gate=False e2=9)
[12:52:24] t=2020 jev VEH HARV HOLD (预算保护 cash=540 aav帽=ok aav=4)
[12:52:26] t=2022 jev INF FLAKT HOLD (预算保护 gate=False e2=9)
[12:52:26] t=2022 jev VEH HARV HOLD (预算保护 cash=540 aav帽=ok aav=4)
[12:52:28] t=2025 jev INF FLAKT HOLD (预算保护 gate=False e2=9)
[12:52:28] t=2025 jev VEH HARV HOLD (预算保护 cash=540 aav帽=ok aav=4)
[12:52:30] t=2027 jev INF FLAKT HOLD (预算保护 gate=False e2=9)
[12:52:30] t=2027 jev VEH HARV HOLD (预算保护 cash=540 aav帽=ok aav=4)
[12:52:31] t=2030 jev BUILD NAWEAP HOLD (资金闸门: 坦克优先, cash=540)
[12:52:31] t=2030 jev INF FLAKT HOLD (预算保护 gate=False e2=9)
[12:52:31] t=2030 jev VEH HARV HOLD (预算保护 cash=540 aav帽=ok aav=4)
[12:52:33] t=2033 jev BUILD NAWEAP HOLD (资金闸门: 坦克优先, cash=540)
[12:52:33] t=2033 jev INF FLAKT HOLD (预算保护 gate=False e2=9)
[12:52:33] t=2033 jev VEH HARV HOLD (预算保护 cash=540 aav帽=ok aav=4)
[12:52:35] t=2035 jev INF FLAKT HOLD (预算保护 gate=False e2=9)
[12:52:35] t=2035 jev VEH HARV HOLD (预算保护 cash=540 aav帽=ok aav=4)
[12:52:35] t=2035 MOVE assault x1 -> (99,98); t=2035 SIEGE STAGING x1/5 (前沿集结, 齐冲再上)
[12:52:35] {"kind": "action", "what": "attack_move", "name": null, "qty": null, "tid": null, "ts": "12:52:35"}
[12:52:36] t=2038 HARASS DRON x2 (have 0)
[12:52:36] {"kind": "action", "what": "produce", "name": "DRON", "qty": 2, "tid": null, "ts": "12:52:36"}
[12:52:37] t=2038 jev INF FLAKT (conf 0.22)
[12:52:37] t=2038 DEBT-GATE FLAKT x1 (debt=800 eff=40 < 250)
[12:52:38] t=2040 ESCORT 坦克#3992 -> 护航矿车@[89, 60]
[12:52:38] {"kind": "action", "what": "attack_move", "name": null, "qty": null, "tid": null, "ts": "12:52:38"}
[12:52:39] t=2040 jev INF FLAKT HOLD (预算保护 gate=False e2=9)
[12:52:41] t=2043 jev INF FLAKT HOLD (预算保护 gate=False e2=9)
[12:52:43] t=2046 jev INF FLAKT HOLD (预算保护 gate=False e2=9)
[12:52:43] t=2046 MOVE raid x1 -> (71,114); t=2046 SIEGE STAGING x2/5 (前沿集结, 齐冲再上)
[12:52:43] {"kind": "action", "what": "attack_move", "name": null, "qty": null, "tid": null, "ts": "12:52:43"}
[12:52:46] t=2049 jev INF FLAKT (conf 0.22)
[12:52:46] {"kind": "action", "what": "produce", "name": "FLAKT", "qty": 1, "tid": null, "ts": "12:52:46"}
[12:52:48] t=2052 MOVE assault x2 -> (99,98); t=2052 SIEGE STAGING x2/5 (前沿集结, 齐冲再上)
[12:52:48] {"kind": "action", "what": "attack_move", "name": null, "qty": null, "tid": null, "ts": "12:52:48"}
[12:52:48] t=2054 TANK HTNK x2
[12:52:48] t=2054 DEBT-GATE HTNK x2 (debt=0 eff=1257 < 1800)
[12:52:50] t=2054 jev BUILD NAWEAP HOLD (资金闸门: 坦克优先, cash=1257)
[12:52:50] t=2054 jev VEH HARV HOLD (预算保护 cash=1257 aav帽=ok aav=4)
[12:52:50] t=2054 MOVE assault x5 -> 攻击目标#1653@(76,112); t=2054 SIEGE 拔防御壳 x5 -> #1653@(76,112)
[12:52:50] {"kind": "action", "what": "attack_obj", "name": null, "qty": null, "tid": 1653, "ts": "12:52:50"}
[12:52:50] t=2057 TANK HTNK x2
[12:52:50] t=2057 DEBT-GATE HTNK x2 (debt=0 eff=1215 < 1800)
[12:52:52] t=2057 jev BUILD NAWEAP HOLD (资金闸门: 坦克优先, cash=1215)
[12:52:52] t=2057 jev VEH HARV HOLD (预算保护 cash=1215 aav帽=ok aav=4)
[12:52:52] t=2057 MOVE t=2057 SIEGE 拔防御壳 x5 -> #1653@(76,112); aahunt x2 -> (125,83)
[12:52:52] {"kind": "action", "what": "attack_move", "name": null, "qty": null, "tid": null, "ts": "12:52:52"}
[12:52:52] t=2060 TANK HTNK x2
[12:52:52] t=2060 DEBT-GATE HTNK x2 (debt=0 eff=1215 < 1800)
[12:52:54] t=2060 jev BUILD NAWEAP HOLD (资金闸门: 坦克优先, cash=1215)
[12:52:54] t=2060 jev VEH HARV HOLD (预算保护 cash=1215 aav帽=ok aav=4)
[12:52:54] t=2062 TANK HTNK x2
[12:52:54] t=2062 DEBT-GATE HTNK x2 (debt=0 eff=1215 < 1800)
[12:52:56] t=2062 jev BUILD NAWEAP HOLD (资金闸门: 坦克优先, cash=1215)
[12:52:56] t=2062 jev VEH HARV HOLD (预算保护 cash=1215 aav帽=ok aav=4)
[12:52:56] t=2062 MOVE assault x5 -> 攻击目标#3908@(73,107); t=2062 SIEGE 拔防御壳 x5 -> #3908@(73,107)
[12:52:56] {"kind": "action", "what": "attack_obj", "name": null, "qty": null, "tid": 3908, "ts": "12:52:56"}
[12:52:56] t=2065 TANK HTNK x2
[12:52:56] t=2065 DEBT-GATE HTNK x2 (debt=0 eff=1215 < 1800)
[12:52:58] t=2065 jev BUILD NAWEAP HOLD (资金闸门: 坦克优先, cash=1215)
[12:52:58] t=2065 jev VEH HARV HOLD (预算保护 cash=1215 aav帽=ok aav=4)
[12:52:58] t=2067 TANK HTNK x2
[12:52:58] t=2067 DEBT-GATE HTNK x2 (debt=0 eff=1215 < 1800)
[12:52:59] t=2067 jev BUILD NAWEAP HOLD (资金闸门: 坦克优先, cash=1215)
[12:52:59] t=2067 jev VEH HARV HOLD (预算保护 cash=1215 aav帽=ok aav=4)
[12:53:00] t=2070 TANK HTNK x2
[12:53:00] t=2070 DEBT-GATE HTNK x2 (debt=0 eff=1215 < 1800)
[12:53:01] t=2070 jev BUILD NAWEAP HOLD (资金闸门: 坦克优先, cash=1215)
[12:53:01] t=2070 jev VEH HARV HOLD (预算保护 cash=1215 aav帽=ok aav=4)
[12:53:02] t=2073 TANK HTNK x2
[12:53:02] t=2073 DEBT-GATE HTNK x2 (debt=0 eff=1215 < 1800)
[12:53:03] t=2073 jev BUILD NAWEAP HOLD (资金闸门: 坦克优先, cash=1215)
[12:53:03] t=2073 jev VEH HARV HOLD (预算保护 cash=1215 aav帽=ok aav=4)
[12:53:03] t=2073 MOVE t=2073 SIEGE 拔防御壳 x5 -> #3908@(73,107); hold_a x8 -> (133,86); hold_b x8 -> (126,75)
[12:53:03] {"kind": "action", "what": "attack_move", "name": null, "qty": null, "tid": null, "ts": "12:53:03"}
[12:53:04] {"kind": "action", "what": "attack_move", "name": null, "qty": null, "tid": null, "ts": "12:53:04"}
[12:53:04] t=2075 TANK HTNK x2
[12:53:04] t=2075 DEBT-GATE HTNK x2 (debt=0 eff=1215 < 1800)
[12:53:05] t=2075 jev BUILD NAWEAP HOLD (资金闸门: 坦克优先, cash=1215)
[12:53:05] t=2075 jev VEH HARV HOLD (预算保护 cash=1215 aav帽=ok aav=4)
[12:53:05] t=2075 MOVE assault x5 -> 攻击目标#1653@(76,112); t=2075 SIEGE 拔防御壳 x5 -> #1653@(76,112)
[12:53:06] {"kind": "action", "what": "attack_obj", "name": null, "qty": null, "tid": 1653, "ts": "12:53:06"}
[12:53:06] t=2078 TANK HTNK x2
[12:53:06] t=2078 DEBT-GATE HTNK x2 (debt=0 eff=1215 < 1800)
[12:53:07] t=2078 jev BUILD NAWEAP HOLD (资金闸门: 坦克优先, cash=1215)
[12:53:07] t=2078 jev INF E2 (conf 0.25)
[12:53:07] t=2078 jev VEH HARV HOLD (预算保护 cash=1215 aav帽=ok aav=4)
[12:53:08] {"kind": "action", "what": "produce", "name": "E2", "qty": 1, "tid": null, "ts": "12:53:08"}
[12:53:08] t=2078 tick#825 credits=1215 stance=attack | jev 825 decisions p50=1797ms
[12:53:08] t=2081 TANK HTNK x2
[12:53:08] t=2081 ESCORT 坦克#4029 -> 护航矿车@[127, 105]
[12:53:08] t=2081 DEBT-GATE HTNK x2 (debt=0 eff=1207 < 1800)
[12:53:08] {"kind": "action", "what": "attack_move", "name": null, "qty": null, "tid": null, "ts": "12:53:08"}
[12:53:09] t=2081 jev BUILD NAWEAP HOLD (资金闸门: 坦克优先, cash=1207)
[12:53:09] t=2081 jev VEH HARV HOLD (预算保护 cash=1207 aav帽=ok aav=4)
[12:53:10] t=2083 TANK HTNK x1
[12:53:10] {"kind": "action", "what": "produce", "name": "HTNK", "qty": 1, "tid": null, "ts": "12:53:10"}
[12:53:12] t=2083 jev BUILD NAWEAP HOLD (资金闸门: 坦克优先, cash=1140)
[12:53:14] t=2086 jev BUILD NAWEAP HOLD (资金闸门: 坦克优先, cash=992)
[12:53:14] t=2086 MOVE raid x2 -> (71,114); t=2086 SIEGE 拔防御壳 x5 -> #1653@(76,112)
[12:53:14] {"kind": "action", "what": "attack_move", "name": null, "qty": null, "tid": null, "ts": "12:53:14"}
[12:53:16] t=2089 jev BUILD NAWEAP HOLD (资金闸门: 坦克优先, cash=859)
[12:53:17] t=2091 jev BUILD NAWEAP HOLD (资金闸门: 坦克优先, cash=729)
[12:53:17] t=2091 MOVE raid x2 -> (70,117); assault x5 -> 攻击目标#1653@(76,112); t=2091 SIEGE 拔防御壳 x5 -> #1653@(76,112); aahunt x2 -> (125,84)
[12:53:18] {"kind": "action", "what": "attack_move", "name": null, "qty": null, "tid": null, "ts": "12:53:18"}
[12:53:18] {"kind": "action", "what": "attack_obj", "name": null, "qty": null, "tid": 1653, "ts": "12:53:18"}
[12:53:18] {"kind": "action", "what": "attack_move", "name": null, "qty": null, "tid": null, "ts": "12:53:18"}
[12:53:18] t=2094 ALARM unit lost -> 攻势保持（塔阵守家, 前线 22 个单位继续进攻）
[12:53:18] t=2094 RETREAT HTNK(31%)
[12:53:18] {"kind": "action", "what": "move", "name": null, "qty": null, "tid": null, "ts": "12:53:18"}
[12:53:20] t=2094 jev BUILD NAWEAP HOLD (资金闸门: 坦克优先, cash=589)
[12:53:20] t=2094 MOVE assault x4 -> (98,99); t=2094 SIEGE STAGING x4/5 (前沿集结, 齐冲再上)
[12:53:20] {"kind": "action", "what": "attack_move", "name": null, "qty": null, "tid": null, "ts": "12:53:20"}
[12:53:22] t=2097 jev BUILD NAWEAP HOLD (资金闸门: 坦克优先, cash=449)
[12:53:24] t=2100 jev BUILD NAWEAP HOLD (资金闸门: 坦克优先, cash=305)
[12:53:26] t=2103 jev BUILD NAWEAP HOLD (资金闸门: 坦克优先, cash=225)
[12:53:26] t=2103 jev VEH HARV HOLD (预算保护 cash=225 aav帽=ok aav=4)
[12:53:26] t=2103 MOVE assault x5 -> 攻击目标#1653@(76,112); t=2103 SIEGE 拔防御壳 x5 -> #1653@(76,112)
[12:53:26] {"kind": "action", "what": "attack_obj", "name": null, "qty": null, "tid": 1653, "ts": "12:53:26"}
[12:53:28] t=2105 jev BUILD NAWEAP HOLD (资金闸门: 坦克优先, cash=225)
[12:53:28] t=2105 jev VEH HARV HOLD (预算保护 cash=225 aav帽=ok aav=4)
[12:53:30] t=2108 jev BUILD NAWEAP HOLD (资金闸门: 坦克优先, cash=225)
[12:53:30] t=2108 jev VEH HARV HOLD (预算保护 cash=225 aav帽=ok aav=4)
[12:53:32] t=2111 jev BUILD NAWEAP HOLD (资金闸门: 坦克优先, cash=225)
[12:53:32] t=2111 jev VEH HARV HOLD (预算保护 cash=225 aav帽=ok aav=4)
[12:53:34] t=2114 jev BUILD NAWEAP HOLD (资金闸门: 坦克优先, cash=225)
[12:53:34] t=2114 jev VEH HARV HOLD (预算保护 cash=225 aav帽=ok aav=4)
[12:53:35] t=2116 ALARM unit lost -> 攻势保持（塔阵守家, 前线 22 个单位继续进攻）
[12:53:36] t=2116 jev VEH HARV HOLD (预算保护 cash=225 aav帽=ok aav=4)
[12:53:36] t=2116 MOVE assault x4 -> (98,99); t=2116 SIEGE STAGING x4/5 (前沿集结, 齐冲再上)
[12:53:36] {"kind": "action", "what": "attack_move", "name": null, "qty": null, "tid": null, "ts": "12:53:36"}
[12:53:38] t=2119 jev BUILD NAWEAP HOLD (资金闸门: 坦克优先, cash=225)
[12:53:38] t=2119 jev VEH HARV HOLD (预算保护 cash=225 aav帽=ok aav=4)
[12:53:39] t=2122 ESCORT 坦克#4029 -> 护航矿车@[87, 94]
[12:53:39] {"kind": "action", "what": "attack_move", "name": null, "qty": null, "tid": null, "ts": "12:53:39"}
[12:53:40] t=2122 jev VEH HARV HOLD (预算保护 cash=525 aav帽=ok aav=4)
[12:53:43] t=2125 jev VEH HARV HOLD (预算保护 cash=525 aav帽=ok aav=4)
[12:53:43] t=2127 RETREAT HTK(26%)
[12:53:43] {"kind": "action", "what": "move", "name": null, "qty": null, "tid": null, "ts": "12:53:43"}
[12:53:45] t=2127 jev VEH HARV HOLD (预算保护 cash=525 aav帽=ok aav=4)
[12:53:47] t=2130 jev BUILD NATECH HOLD (资金闸门: 坦克优先, cash=525)
[12:53:47] t=2130 jev VEH HARV HOLD (预算保护 cash=525 aav帽=ok aav=4)
[12:53:49] t=2133 jev VEH HARV HOLD (预算保护 cash=525 aav帽=ok aav=4)
[12:53:49] t=2133 MOVE raid x1 -> (70,117); assault x4 -> (98,99); t=2133 SIEGE STAGING x4/5 (前沿集结, 齐冲再上); aahunt x2 -> (125,84)
[12:53:49] {"kind": "action", "what": "attack_move", "name": null, "qty": null, "tid": null, "ts": "12:53:49"}
[12:53:49] {"kind": "action", "what": "attack_move", "name": null, "qty": null, "tid": null, "ts": "12:53:49"}
[12:53:49] {"kind": "action", "what": "attack_move", "name": null, "qty": null, "tid": null, "ts": "12:53:49"}
[12:53:51] t=2136 jev VEH HARV HOLD (预算保护 cash=525 aav帽=ok aav=4)
[12:53:52] t=2138 ALARM unit lost -> 攻势保持（塔阵守家, 前线 20 个单位继续进攻）
[12:53:53] t=2138 jev BUILD NATECH HOLD (资金闸门: 坦克优先, cash=525)
[12:53:53] t=2138 jev VEH HARV HOLD (预算保护 cash=525 aav帽=ok aav=4)
[12:53:55] t=2141 jev BUILD NATECH HOLD (资金闸门: 坦克优先, cash=675)
[12:53:55] t=2141 jev VEH HARV HOLD (预算保护 cash=675 aav帽=ok aav=4)
[12:53:58] t=2142 jev BUILD NATECH HOLD (资金闸门: 坦克优先, cash=675)
[12:53:58] t=2142 jev VEH HARV HOLD (预算保护 cash=675 aav帽=ok aav=4)
[12:53:59] t=2144 jev BUILD NATECH HOLD (资金闸门: 坦克优先, cash=675)
[12:53:59] t=2144 jev VEH HARV HOLD (预算保护 cash=675 aav帽=ok aav=4)
[12:53:59] t=2144 tick#850 credits=675 stance=attack | jev 850 decisions p50=1789ms
[12:54:00] t=2146 HARASS DRON x2 (have 0)
[12:54:00] {"kind": "action", "what": "produce", "name": "DRON", "qty": 2, "tid": null, "ts": "12:54:00"}
[12:54:02] t=2146 jev BUILD NATECH HOLD (资金闸门: 坦克优先, cash=825)
[12:54:02] t=2146 MOVE assault x3 -> (98,99); t=2146 SIEGE STAGING x3/5 (前沿集结, 齐冲再上)
[12:54:02] {"kind": "action", "what": "attack_move", "name": null, "qty": null, "tid": null, "ts": "12:54:02"}
[12:54:04] t=2149 jev BUILD NATECH HOLD (资金闸门: 坦克优先, cash=674)
[12:54:04] t=2149 MOVE t=2149 SIEGE STAGING x3/5 (前沿集结, 齐冲再上); hold_a x9 -> (133,86); hold_b x8 -> (126,75)
[12:54:04] {"kind": "action", "what": "attack_move", "name": null, "qty": null, "tid": null, "ts": "12:54:04"}
[12:54:04] {"kind": "action", "what": "attack_move", "name": null, "qty": null, "tid": null, "ts": "12:54:04"}
[12:54:06] t=2152 jev BUILD NATECH HOLD (资金闸门: 坦克优先, cash=518)
[12:54:08] t=2155 jev BUILD NATECH HOLD (资金闸门: 坦克优先, cash=377)
[12:54:08] t=2155 jev INF E2 HOLD (预算保护 gate=False e2=10)
[12:54:10] t=2157 jev BUILD NATECH HOLD (资金闸门: 坦克优先, cash=229)
[12:54:10] t=2157 jev INF E2 HOLD (预算保护 gate=False e2=10)
[12:54:10] t=2160 ESCORT 坦克#4081 -> 护航矿车@[82, 95]
[12:54:10] {"kind": "action", "what": "attack_move", "name": null, "qty": null, "tid": null, "ts": "12:54:10"}
[12:54:12] t=2160 jev BUILD NATECH HOLD (资金闸门: 坦克优先, cash=81)
[12:54:12] t=2160 jev INF E2 HOLD (预算保护 gate=False e2=10)
[12:54:14] t=2163 jev BUILD NATECH HOLD (资金闸门: 坦克优先, cash=25)
[12:54:14] t=2163 jev INF E2 HOLD (预算保护 gate=False e2=10)
[12:54:14] t=2163 jev VEH HARV HOLD (预算保护 cash=25 aav帽=ok aav=4)
[12:54:14] t=2163 MOVE assault x5 -> 攻击目标#1653@(76,112); t=2163 SIEGE 拔防御壳 x5 -> #1653@(76,112)
[12:54:14] {"kind": "action", "what": "attack_obj", "name": null, "qty": null, "tid": 1653, "ts": "12:54:14"}
[12:54:16] t=2165 jev BUILD NATECH HOLD (资金闸门: 坦克优先, cash=25)
[12:54:16] t=2165 jev INF E2 HOLD (预算保护 gate=False e2=10)
[12:54:16] t=2165 jev VEH HARV HOLD (预算保护 cash=25 aav帽=ok aav=4)
[12:54:18] t=2168 jev BUILD NATECH HOLD (资金闸门: 坦克优先, cash=25)
[12:54:18] t=2168 jev INF E2 HOLD (预算保护 gate=False e2=10)
[12:54:18] t=2168 jev VEH HARV HOLD (预算保护 cash=25 aav帽=ok aav=4)
[12:54:20] t=2171 jev BUILD NATECH HOLD (资金闸门: 坦克优先, cash=25)
[12:54:20] t=2171 jev INF E2 HOLD (预算保护 gate=False e2=10)
[12:54:20] t=2171 jev VEH HARV HOLD (预算保护 cash=25 aav帽=ok aav=4)
[12:54:20] t=2171 MOVE raid x2 -> (70,117); t=2171 SIEGE 拔防御壳 x5 -> #1653@(76,112); aahunt x2 -> (125,84)
[12:54:20] {"kind": "action", "what": "attack_move", "name": null, "qty": null, "tid": null, "ts": "12:54:20"}
[12:54:20] {"kind": "action", "what": "attack_move", "name": null, "qty": null, "tid": null, "ts": "12:54:20"}
[12:54:22] t=2173 jev BUILD NATECH HOLD (资金闸门: 坦克优先, cash=25)
[12:54:22] t=2173 jev INF E2 HOLD (预算保护 gate=False e2=10)
[12:54:22] t=2173 jev VEH HARV HOLD (预算保护 cash=25 aav帽=ok aav=4)
[12:54:24] t=2176 jev BUILD NATECH HOLD (资金闸门: 坦克优先, cash=25)
[12:54:24] t=2176 jev INF E2 HOLD (预算保护 gate=False e2=10)
[12:54:24] t=2176 jev VEH HARV HOLD (预算保护 cash=25 aav帽=ok aav=4)
[12:54:26] t=2179 jev BUILD NATECH HOLD (资金闸门: 坦克优先, cash=25)
[12:54:26] t=2179 jev INF E2 HOLD (预算保护 gate=False e2=10)
[12:54:26] t=2179 jev VEH HARV HOLD (预算保护 cash=25 aav帽=ok aav=4)
[12:54:26] t=2179 MOVE assault x5 -> 攻击目标#1653@(76,112); t=2179 SIEGE 拔防御壳 x5 -> #1653@(76,112)
[12:54:26] {"kind": "action", "what": "attack_obj", "name": null, "qty": null, "tid": 1653, "ts": "12:54:26"}
[12:54:28] t=2182 jev BUILD NATECH HOLD (资金闸门: 坦克优先, cash=25)
[12:54:28] t=2182 jev INF E2 HOLD (预算保护 gate=False e2=10)
[12:54:28] t=2182 jev VEH HARV HOLD (预算保护 cash=25 aav帽=ok aav=4)
[12:54:28] t=2184 TANK HTNK x1
[12:54:28] {"kind": "action", "what": "produce", "name": "HTNK", "qty": 1, "tid": null, "ts": "12:54:28"}
[12:54:30] t=2184 jev BUILD NATECH HOLD (资金闸门: 坦克优先, cash=1100)
[12:54:30] t=2184 jev INF E2 (conf 0.29)
[12:54:30] {"kind": "action", "what": "produce", "name": "E2", "qty": 1, "tid": null, "ts": "12:54:30"}
[12:54:30] t=2187 RETREAT HTK(33%)
[12:54:30] {"kind": "action", "what": "move", "name": null, "qty": null, "tid": null, "ts": "12:54:30"}
[12:54:32] t=2187 jev BUILD NATECH HOLD (资金闸门: 坦克优先, cash=949)
[12:54:36] t=2193 jev BUILD NATECH HOLD (资金闸门: 坦克优先, cash=580)
[12:54:39] t=2196 jev BUILD NATECH HOLD (资金闸门: 坦克优先, cash=447)
[12:54:39] t=2196 MOVE assault x5 -> 攻击目标#3908@(73,107); t=2196 SIEGE 拔防御壳 x5 -> #3908@(73,107)
[12:54:39] {"kind": "action", "what": "attack_obj", "name": null, "qty": null, "tid": 3908, "ts": "12:54:39"}
[12:54:41] t=2199 jev BUILD NATECH HOLD (资金闸门: 坦克优先, cash=532)
[12:54:41] t=2201 ESCORT 坦克#4081 -> 护航矿车@[128, 105]
[12:54:41] {"kind": "action", "what": "attack_move", "name": null, "qty": null, "tid": null, "ts": "12:54:41"}
[12:54:43] t=2201 jev BUILD NAWEAP HOLD (资金闸门: 坦克优先, cash=392)
[12:54:43] t=2204 ALARM unit lost -> 攻势保持（塔阵守家, 前线 21 个单位继续进攻）
[12:54:45] t=2204 jev BUILD NATECH HOLD (资金闸门: 坦克优先, cash=335)
[12:54:45] t=2204 jev VEH HARV HOLD (预算保护 cash=335 aav帽=ok aav=3)
[12:54:45] t=2204 MOVE assault x3 -> (98,99); t=2204 SIEGE STAGING x3/5 (前沿集结, 齐冲再上)
[12:54:45] {"kind": "action", "what": "attack_move", "name": null, "qty": null, "tid": null, "ts": "12:54:45"}
[12:54:47] t=2207 jev BUILD NATECH HOLD (资金闸门: 坦克优先, cash=335)
[12:54:47] t=2207 jev VEH HARV HOLD (预算保护 cash=335 aav帽=ok aav=3)
[12:54:49] t=2210 jev BUILD NATECH HOLD (资金闸门: 坦克优先, cash=335)
[12:54:49] t=2210 jev VEH HARV HOLD (预算保护 cash=335 aav帽=ok aav=3)
[12:54:51] t=2213 jev BUILD NATECH HOLD (资金闸门: 坦克优先, cash=335)
[12:54:51] t=2213 jev VEH HARV HOLD (预算保护 cash=335 aav帽=ok aav=3)
[12:54:51] t=2213 MOVE t=2213 GHOST detected #3908@[73, 107] (集火150gs不倒, 拉黑); t=2213 SIEGE STAGING x3/5 (前沿集结, 齐冲再上); aahunt x2 -> (125,84)
[12:54:51] {"kind": "action", "what": "attack_move", "name": null, "qty": null, "tid": null, "ts": "12:54:51"}
[12:54:51] t=2213 tick#875 credits=335 stance=attack | jev 875 decisions p50=1783ms
[12:54:53] t=2215 jev BUILD NATECH HOLD (资金闸门: 坦克优先, cash=335)
[12:54:53] t=2215 jev VEH HARV HOLD (预算保护 cash=335 aav帽=ok aav=3)
[12:54:55] t=2218 jev BUILD NATECH HOLD (资金闸门: 坦克优先, cash=335)
[12:54:55] t=2218 jev VEH HARV HOLD (预算保护 cash=335 aav帽=ok aav=3)
[12:54:57] t=2221 jev BUILD NATECH HOLD (资金闸门: 坦克优先, cash=335)
[12:54:57] t=2221 jev VEH HARV HOLD (预算保护 cash=335 aav帽=ok aav=3)
[12:54:57] t=2221 MOVE assault x3 -> (98,99); t=2221 SIEGE STAGING x3/5 (前沿集结, 齐冲再上)
[12:54:57] {"kind": "action", "what": "attack_move", "name": null, "qty": null, "tid": null, "ts": "12:54:57"}
[12:54:59] t=2223 jev BUILD NATECH HOLD (资金闸门: 坦克优先, cash=335)
[12:54:59] t=2223 jev VEH HARV HOLD (预算保护 cash=335 aav帽=ok aav=3)
[12:55:01] t=2226 jev BUILD NATECH HOLD (资金闸门: 坦克优先, cash=335)
[12:55:01] t=2226 jev VEH HARV HOLD (预算保护 cash=335 aav帽=ok aav=3)
[12:55:03] t=2229 jev BUILD NATECH HOLD (资金闸门: 坦克优先, cash=335)
[12:55:03] t=2229 jev VEH HARV HOLD (预算保护 cash=335 aav帽=ok aav=3)
[12:55:05] t=2231 jev BUILD NATECH HOLD (资金闸门: 坦克优先, cash=335)
[12:55:05] t=2231 jev VEH HARV HOLD (预算保护 cash=335 aav帽=ok aav=3)
[12:55:05] t=2231 MOVE t=2231 SIEGE STAGING x3/5 (前沿集结, 齐冲再上); hold_a x9 -> (133,86); hold_b x9 -> (126,75)
[12:55:05] {"kind": "action", "what": "attack_move", "name": null, "qty": null, "tid": null, "ts": "12:55:05"}
[12:55:05] {"kind": "action", "what": "attack_move", "name": null, "qty": null, "tid": null, "ts": "12:55:05"}
[12:55:07] t=2234 jev BUILD NATECH HOLD (资金闸门: 坦克优先, cash=410)
[12:55:07] t=2234 jev VEH HARV HOLD (预算保护 cash=410 aav帽=ok aav=3)
[12:55:09] t=2237 jev BUILD NATECH HOLD (资金闸门: 坦克优先, cash=410)
[12:55:09] t=2237 jev INF E2 HOLD (预算保护 gate=False e2=11)
[12:55:09] t=2237 jev VEH HARV HOLD (预算保护 cash=410 aav帽=ok aav=3)
[12:55:09] t=2237 MOVE assault x3 -> (98,99); t=2237 SIEGE STAGING x3/5 (前沿集结, 齐冲再上)
[12:55:09] {"kind": "action", "what": "attack_move", "name": null, "qty": null, "tid": null, "ts": "12:55:09"}
[12:55:11] t=2240 jev BUILD NATECH HOLD (资金闸门: 坦克优先, cash=410)
[12:55:11] t=2240 jev INF E2 HOLD (预算保护 gate=False e2=11)
[12:55:11] t=2240 jev VEH HARV HOLD (预算保护 cash=410 aav帽=ok aav=3)
[12:55:12] t=2242 ESCORT 坦克#4081 -> 护航矿车@[83, 98]
[12:55:12] {"kind": "action", "what": "attack_move", "name": null, "qty": null, "tid": null, "ts": "12:55:12"}
[12:55:14] t=2242 jev BUILD NATECH HOLD (资金闸门: 坦克优先, cash=410)
[12:55:14] t=2242 jev INF E2 HOLD (预算保护 gate=False e2=11)
[12:55:14] t=2242 jev VEH HARV HOLD (预算保护 cash=410 aav帽=ok aav=3)
[12:55:16] t=2245 jev BUILD NATECH HOLD (资金闸门: 坦克优先, cash=410)
[12:55:16] t=2245 jev INF E2 HOLD (预算保护 gate=False e2=11)
[12:55:16] t=2245 jev VEH HARV HOLD (预算保护 cash=410 aav帽=ok aav=3)
[12:55:18] t=2248 jev BUILD NATECH HOLD (资金闸门: 坦克优先, cash=410)
[12:55:18] t=2248 jev INF E2 HOLD (预算保护 gate=False e2=11)
[12:55:18] t=2248 jev VEH HARV HOLD (预算保护 cash=410 aav帽=ok aav=3)
[12:55:20] t=2251 jev BUILD NATECH HOLD (资金闸门: 坦克优先, cash=710)
[12:55:20] t=2251 jev INF E2 HOLD (预算保护 gate=False e2=11)
[12:55:20] t=2251 jev VEH HARV HOLD (预算保护 cash=710 aav帽=ok aav=3)
[12:55:22] t=2253 jev BUILD NATECH HOLD (资金闸门: 坦克优先, cash=710)
[12:55:22] t=2253 jev INF E2 HOLD (预算保护 gate=False e2=11)
[12:55:22] t=2253 jev VEH HARV HOLD (预算保护 cash=710 aav帽=ok aav=3)
[12:55:22] t=2253 MOVE assault x3 -> (98,99); t=2253 SIEGE STAGING x3/5 (前沿集结, 齐冲再上); aahunt x2 -> (125,84)
[12:55:22] {"kind": "action", "what": "attack_move", "name": null, "qty": null, "tid": null, "ts": "12:55:22"}
[12:55:22] {"kind": "action", "what": "attack_move", "name": null, "qty": null, "tid": null, "ts": "12:55:22"}
[12:55:24] t=2256 jev BUILD NATECH HOLD (资金闸门: 坦克优先, cash=710)
[12:55:24] t=2256 jev INF E2 HOLD (预算保护 gate=False e2=11)
[12:55:24] t=2256 jev VEH HARV HOLD (预算保护 cash=710 aav帽=ok aav=3)
[12:55:26] t=2259 jev BUILD NATECH HOLD (资金闸门: 坦克优先, cash=710)
[12:55:26] t=2259 jev INF FLAKT HOLD (预算保护 gate=False e2=11)
[12:55:26] t=2259 jev VEH HARV HOLD (预算保护 cash=710 aav帽=ok aav=3)
[12:55:28] t=2261 jev BUILD NATECH HOLD (资金闸门: 坦克优先, cash=710)
[12:55:28] t=2261 jev INF FLAKT HOLD (预算保护 gate=False e2=11)
[12:55:28] t=2261 jev VEH HARV HOLD (预算保护 cash=710 aav帽=ok aav=3)
[12:55:30] t=2264 jev BUILD NATECH HOLD (资金闸门: 坦克优先, cash=710)
[12:55:30] t=2264 jev INF E2 HOLD (预算保护 gate=False e2=11)
[12:55:30] t=2264 jev VEH HARV HOLD (预算保护 cash=710 aav帽=ok aav=3)
[12:55:32] t=2267 jev BUILD NATECH HOLD (资金闸门: 坦克优先, cash=710)
[12:55:32] t=2267 jev INF E2 HOLD (预算保护 gate=False e2=11)
[12:55:32] t=2267 jev VEH HARV HOLD (预算保护 cash=710 aav帽=ok aav=3)
[12:55:34] t=2269 jev BUILD NATECH HOLD (资金闸门: 坦克优先, cash=710)
[12:55:34] t=2269 jev INF E2 HOLD (预算保护 gate=False e2=11)
[12:55:34] t=2269 jev VEH HARV HOLD (预算保护 cash=710 aav帽=ok aav=3)
[12:55:34] t=2269 MOVE assault x3 -> (98,99); t=2269 SIEGE STAGING x3/5 (前沿集结, 齐冲再上)
[12:55:34] {"kind": "action", "what": "attack_move", "name": null, "qty": null, "tid": null, "ts": "12:55:34"}
[12:55:36] t=2272 jev BUILD NATECH HOLD (资金闸门: 坦克优先, cash=710)
[12:55:36] t=2272 jev INF E2 HOLD (预算保护 gate=False e2=11)
[12:55:36] t=2272 jev VEH HARV HOLD (预算保护 cash=710 aav帽=ok aav=3)
[12:55:38] t=2275 jev BUILD NATECH HOLD (资金闸门: 坦克优先, cash=710)
[12:55:38] t=2275 jev INF E2 HOLD (预算保护 gate=False e2=11)
[12:55:38] t=2275 jev VEH HARV HOLD (预算保护 cash=710 aav帽=ok aav=3)
[12:55:40] t=2277 jev BUILD NATECH HOLD (资金闸门: 坦克优先, cash=710)
[12:55:40] t=2277 jev INF FLAKT HOLD (预算保护 gate=False e2=11)
[12:55:40] t=2277 jev VEH HARV HOLD (预算保护 cash=710 aav帽=ok aav=3)
[12:55:42] t=2280 jev BUILD NATECH HOLD (资金闸门: 坦克优先, cash=710)
[12:55:42] t=2280 jev INF E2 HOLD (预算保护 gate=False e2=11)
[12:55:42] t=2280 jev VEH HARV HOLD (预算保护 cash=710 aav帽=ok aav=3)
[12:55:42] t=2280 tick#900 credits=710 stance=attack | jev 900 decisions p50=1765ms
[12:55:42] t=2283 ESCORT 坦克#4163 -> 护航矿车@[128, 105]
[12:55:42] {"kind": "action", "what": "attack_move", "name": null, "qty": null, "tid": null, "ts": "12:55:42"}
[12:55:44] t=2283 jev BUILD NATECH HOLD (资金闸门: 坦克优先, cash=710)
[12:55:44] t=2283 jev INF FLAKT HOLD (预算保护 gate=False e2=11)
[12:55:44] t=2283 jev VEH HARV HOLD (预算保护 cash=710 aav帽=ok aav=3)
[12:55:46] t=2285 jev BUILD NATECH HOLD (资金闸门: 坦克优先, cash=710)
[12:55:46] t=2285 jev INF FLAKT HOLD (预算保护 gate=False e2=11)
[12:55:46] t=2285 jev VEH HARV HOLD (预算保护 cash=710 aav帽=ok aav=3)
[12:55:46] t=2285 MOVE assault x3 -> (98,99); t=2285 SIEGE STAGING x3/5 (前沿集结, 齐冲再上)
[12:55:46] {"kind": "action", "what": "attack_move", "name": null, "qty": null, "tid": null, "ts": "12:55:46"}
[12:55:46] t=2288 HARASS DRON x2 (have 0)
[12:55:46] {"kind": "action", "what": "produce", "name": "DRON", "qty": 2, "tid": null, "ts": "12:55:46"}
[12:55:48] t=2288 jev BUILD NATECH HOLD (资金闸门: 坦克优先, cash=1010)
[12:55:48] t=2288 jev INF FLAKT (conf 0.20)
[12:55:48] t=2288 DEBT-GATE FLAKT x1 (debt=800 eff=210 < 250)
[12:55:50] t=2291 jev BUILD NATECH HOLD (资金闸门: 坦克优先, cash=862)
[12:55:50] t=2291 jev INF E2 (conf 0.20)
[12:55:50] {"kind": "action", "what": "produce", "name": "E2", "qty": 1, "tid": null, "ts": "12:55:50"}
[12:55:52] t=2294 MOVE t=2294 SIEGE STAGING x3/5 (前沿集结, 齐冲再上); aahunt x2 -> (125,84)
[12:55:52] {"kind": "action", "what": "attack_move", "name": null, "qty": null, "tid": null, "ts": "12:55:52"}
[12:55:54] t=2297 jev BUILD NAWEAP HOLD (资金闸门: 坦克优先, cash=483)
[12:55:54] t=2297 MOVE raid x1 -> (70,117); t=2297 SIEGE STAGING x4/5 (前沿集结, 齐冲再上)
[12:55:54] {"kind": "action", "what": "attack_move", "name": null, "qty": null, "tid": null, "ts": "12:55:54"}
[12:55:56] t=2299 jev BUILD NAWEAP HOLD (资金闸门: 坦克优先, cash=313)
[12:55:58] t=2302 jev BUILD NAWEAP HOLD (资金闸门: 坦克优先, cash=161)
[12:55:58] t=2302 MOVE assault x4 -> (98,99); t=2302 SIEGE STAGING x4/5 (前沿集结, 齐冲再上)
[12:55:58] {"kind": "action", "what": "attack_move", "name": null, "qty": null, "tid": null, "ts": "12:55:58"}
[12:56:00] t=2305 jev BUILD NAWEAP HOLD (资金闸门: 坦克优先, cash=120)
[12:56:00] t=2305 jev VEH HARV HOLD (预算保护 cash=120 aav帽=ok aav=3)
[12:56:00] t=2305 MOVE assault x5 -> 攻击目标#2479@(71,105); t=2305 SIEGE 拔防御壳 x5 -> #2479@(71,105)
[12:56:00] {"kind": "action", "what": "attack_obj", "name": null, "qty": null, "tid": 2479, "ts": "12:56:00"}
[12:56:02] t=2308 jev BUILD NAWEAP HOLD (资金闸门: 坦克优先, cash=120)
[12:56:02] t=2308 jev VEH HARV HOLD (预算保护 cash=120 aav帽=ok aav=3)
[12:56:04] t=2310 jev BUILD NAWEAP HOLD (资金闸门: 坦克优先, cash=120)
[12:56:04] t=2310 jev VEH HARV HOLD (预算保护 cash=120 aav帽=ok aav=3)
[12:56:06] t=2313 jev BUILD NAWEAP HOLD (资金闸门: 坦克优先, cash=120)
[12:56:06] t=2313 jev VEH HARV HOLD (预算保护 cash=120 aav帽=ok aav=3)
[12:56:06] t=2313 MOVE t=2313 SIEGE 拔防御壳 x5 -> #2479@(71,105); hold_a x10 -> (133,86); hold_b x9 -> (126,75)
[12:56:06] {"kind": "action", "what": "attack_move", "name": null, "qty": null, "tid": null, "ts": "12:56:06"}
[12:56:07] {"kind": "action", "what": "attack_move", "name": null, "qty": null, "tid": null, "ts": "12:56:07"}
[12:56:09] t=2316 jev BUILD NAWEAP HOLD (资金闸门: 坦克优先, cash=120)
[12:56:09] t=2316 jev VEH HARV HOLD (预算保护 cash=120 aav帽=ok aav=3)
[12:56:11] t=2318 jev BUILD NAWEAP HOLD (资金闸门: 坦克优先, cash=120)
[12:56:11] t=2318 jev VEH HARV HOLD (预算保护 cash=120 aav帽=ok aav=3)
[12:56:13] t=2321 jev BUILD NATECH HOLD (资金闸门: 坦克优先, cash=120)
[12:56:13] t=2321 jev INF E2 HOLD (预算保护 gate=False e2=12)
[12:56:13] t=2321 jev VEH HARV HOLD (预算保护 cash=120 aav帽=ok aav=3)
[12:56:13] t=2321 MOVE assault x5 -> 攻击目标#2479@(71,105); t=2321 SIEGE 拔防御壳 x5 -> #2479@(71,105)
[12:56:13] {"kind": "action", "what": "attack_obj", "name": null, "qty": null, "tid": 2479, "ts": "12:56:13"}
[12:56:13] t=2324 ESCORT 坦克#4190 -> 护航矿车@[133, 115]
[12:56:13] {"kind": "action", "what": "attack_move", "name": null, "qty": null, "tid": null, "ts": "12:56:13"}
[12:56:15] t=2324 jev INF E2 HOLD (预算保护 gate=False e2=12)
[12:56:15] t=2324 jev VEH HARV HOLD (预算保护 cash=745 aav帽=ok aav=3)
[12:56:17] t=2327 jev BUILD NAWEAP HOLD (资金闸门: 坦克优先, cash=745)
[12:56:17] t=2327 jev INF E2 HOLD (预算保护 gate=False e2=12)
[12:56:17] t=2327 jev VEH HARV HOLD (预算保护 cash=745 aav帽=ok aav=3)
[12:56:19] t=2329 jev BUILD NATECH HOLD (资金闸门: 坦克优先, cash=745)
[12:56:19] t=2329 jev INF E2 HOLD (预算保护 gate=False e2=12)
[12:56:19] t=2329 jev VEH HARV HOLD (预算保护 cash=745 aav帽=ok aav=3)
[12:56:19] t=2332 ALARM unit lost -> 攻势保持（塔阵守家, 前线 23 个单位继续进攻）
[12:56:21] t=2332 jev BUILD NATECH HOLD (资金闸门: 坦克优先, cash=745)
[12:56:21] t=2332 jev INF E2 HOLD (预算保护 gate=False e2=12)
[12:56:21] t=2332 jev VEH HARV HOLD (预算保护 cash=745 aav帽=ok aav=3)
[12:56:21] t=2332 MOVE assault x4 -> (98,99); t=2332 SIEGE STAGING x4/5 (前沿集结, 齐冲再上)
[12:56:21] {"kind": "action", "what": "attack_move", "name": null, "qty": null, "tid": null, "ts": "12:56:21"}
[12:56:23] t=2335 jev BUILD NATECH HOLD (资金闸门: 坦克优先, cash=745)
[12:56:23] t=2335 jev INF E2 HOLD (预算保护 gate=False e2=12)
[12:56:23] t=2335 jev VEH HARV HOLD (预算保护 cash=745 aav帽=ok aav=3)
[12:56:23] t=2335 MOVE t=2335 SIEGE STAGING x4/5 (前沿集结, 齐冲再上); aahunt x2 -> (125,84)
[12:56:23] {"kind": "action", "what": "attack_move", "name": null, "qty": null, "tid": null, "ts": "12:56:23"}
[12:56:23] t=2338 ALARM unit lost -> 攻势保持（塔阵守家, 前线 24 个单位继续进攻）
[12:56:23] t=2338 HARASS DRON x2 (have 1)
[12:56:23] {"kind": "action", "what": "produce", "name": "DRON", "qty": 2, "tid": null, "ts": "12:56:23"}
[12:56:25] t=2338 jev INF E2 (conf 0.26)
[12:56:25] {"kind": "action", "what": "produce", "name": "E2", "qty": 1, "tid": null, "ts": "12:56:25"}
[12:56:25] t=2338 MOVE raid x1 -> (70,117); t=2338 SIEGE STAGING x3/5 (前沿集结, 齐冲再上)
[12:56:25] {"kind": "action", "what": "attack_move", "name": null, "qty": null, "tid": null, "ts": "12:56:25"}
[12:56:33] t=2349 jev BUILD NAWEAP HOLD (资金闸门: 坦克优先, cash=269)
[12:56:33] t=2349 MOVE assault x4 -> (98,99); t=2349 SIEGE STAGING x4/5 (前沿集结, 齐冲再上)
[12:56:33] {"kind": "action", "what": "attack_move", "name": null, "qty": null, "tid": null, "ts": "12:56:33"}
[12:56:33] t=2349 tick#925 credits=269 stance=attack | jev 925 decisions p50=1761ms
[12:56:35] t=2352 jev BUILD NATECH HOLD (资金闸门: 坦克优先, cash=114)
[12:56:37] t=2354 jev BUILD NATECH HOLD (资金闸门: 坦克优先, cash=80)
[12:56:37] t=2354 jev VEH HARV HOLD (预算保护 cash=80 aav帽=ok aav=3)
[12:56:37] t=2354 MOVE assault x5 -> 攻击目标#2479@(71,105); t=2354 SIEGE 拔防御壳 x5 -> #2479@(71,105)
[12:56:37] {"kind": "action", "what": "attack_obj", "name": null, "qty": null, "tid": 2479, "ts": "12:56:37"}
[12:56:39] t=2357 jev BUILD NATECH HOLD (资金闸门: 坦克优先, cash=80)
[12:56:39] t=2357 jev VEH HARV HOLD (预算保护 cash=80 aav帽=ok aav=3)
[12:56:41] t=2360 jev BUILD NATECH HOLD (资金闸门: 坦克优先, cash=80)
[12:56:41] t=2360 jev VEH HARV HOLD (预算保护 cash=80 aav帽=ok aav=3)
[12:56:42] t=2362 ALARM unit lost -> 攻势保持（塔阵守家, 前线 25 个单位继续进攻）
[12:56:43] t=2362 jev BUILD NATECH HOLD (资金闸门: 坦克优先, cash=80)
[12:56:43] t=2362 jev VEH HARV HOLD (预算保护 cash=80 aav帽=ok aav=3)
[12:56:43] t=2362 MOVE assault x4 -> (98,99); t=2362 SIEGE STAGING x4/5 (前沿集结, 齐冲再上)
[12:56:44] {"kind": "action", "what": "attack_move", "name": null, "qty": null, "tid": null, "ts": "12:56:44"}
[12:56:44] t=2365 ESCORT 坦克#4224 -> 护航矿车@[126, 104]
[12:56:44] {"kind": "action", "what": "attack_move", "name": null, "qty": null, "tid": null, "ts": "12:56:44"}
[12:56:46] t=2365 jev BUILD NATECH HOLD (资金闸门: 坦克优先, cash=80)
[12:56:46] t=2365 jev VEH HARV HOLD (预算保护 cash=80 aav帽=ok aav=3)
[12:56:48] t=2368 jev BUILD NAWEAP HOLD (资金闸门: 坦克优先, cash=80)
[12:56:48] t=2368 jev VEH HARV HOLD (预算保护 cash=80 aav帽=ok aav=3)
[12:56:50] t=2371 jev BUILD NATECH HOLD (资金闸门: 坦克优先, cash=80)
[12:56:50] t=2371 jev VEH HARV HOLD (预算保护 cash=80 aav帽=ok aav=3)
[12:56:52] t=2374 jev BUILD NATECH HOLD (资金闸门: 坦克优先, cash=80)
[12:56:52] t=2374 jev VEH HARV HOLD (预算保护 cash=80 aav帽=ok aav=3)
[12:56:54] t=2376 jev BUILD NATECH HOLD (资金闸门: 坦克优先, cash=80)
[12:56:54] t=2376 jev VEH HARV HOLD (预算保护 cash=80 aav帽=ok aav=3)
[12:56:54] t=2376 MOVE t=2376 SIEGE STAGING x4/5 (前沿集结, 齐冲再上); aahunt x2 -> (125,84)
[12:56:54] {"kind": "action", "what": "attack_move", "name": null, "qty": null, "tid": null, "ts": "12:56:54"}
[12:56:56] t=2379 jev BUILD NAWEAP HOLD (资金闸门: 坦克优先, cash=455)
[12:56:56] t=2379 jev VEH HARV HOLD (预算保护 cash=455 aav帽=ok aav=3)
[12:56:56] t=2379 MOVE raid x2 -> (70,117); assault x4 -> (98,99); t=2379 SIEGE STAGING x4/5 (前沿集结, 齐冲再上)
[12:56:56] {"kind": "action", "what": "attack_move", "name": null, "qty": null, "tid": null, "ts": "12:56:56"}
[12:56:56] {"kind": "action", "what": "attack_move", "name": null, "qty": null, "tid": null, "ts": "12:56:56"}
[12:56:58] t=2382 jev BUILD NAWEAP HOLD (资金闸门: 坦克优先, cash=455)
[12:56:58] t=2382 jev VEH HARV HOLD (预算保护 cash=455 aav帽=ok aav=3)
[12:57:00] t=2384 jev BUILD NAWEAP HOLD (资金闸门: 坦克优先, cash=455)
[12:57:00] t=2384 jev VEH HARV HOLD (预算保护 cash=455 aav帽=ok aav=3)
[12:57:02] t=2387 jev BUILD NAWEAP HOLD (资金闸门: 坦克优先, cash=455)
[12:57:02] t=2387 jev VEH HARV HOLD (预算保护 cash=455 aav帽=ok aav=3)
[12:57:04] t=2390 jev BUILD NAWEAP HOLD (资金闸门: 坦克优先, cash=455)
[12:57:04] t=2390 jev VEH HARV HOLD (预算保护 cash=455 aav帽=ok aav=3)
[12:57:06] t=2393 jev BUILD NAWEAP HOLD (资金闸门: 坦克优先, cash=455)
[12:57:06] t=2393 jev VEH HARV HOLD (预算保护 cash=455 aav帽=ok aav=3)
[12:57:08] t=2395 jev BUILD NAWEAP HOLD (资金闸门: 坦克优先, cash=455)
[12:57:08] t=2395 jev VEH HARV HOLD (预算保护 cash=455 aav帽=ok aav=3)
[12:57:08] t=2395 MOVE assault x4 -> (98,99); t=2395 SIEGE STAGING x4/5 (前沿集结, 齐冲再上); hold_a x10 -> (133,86); hold_b x10 -> (126,75)
[12:57:08] {"kind": "action", "what": "attack_move", "name": null, "qty": null, "tid": null, "ts": "12:57:08"}
[12:57:08] {"kind": "action", "what": "attack_move", "name": null, "qty": null, "tid": null, "ts": "12:57:08"}
[12:57:08] {"kind": "action", "what": "attack_move", "name": null, "qty": null, "tid": null, "ts": "12:57:08"}
[12:57:10] t=2398 jev BUILD NAWEAP HOLD (资金闸门: 坦克优先, cash=455)
[12:57:10] t=2398 jev VEH HARV HOLD (预算保护 cash=455 aav帽=ok aav=3)
[12:57:11] t=2401 DEBT-GATE NAWEAP x1 (debt=0 eff=455 < 2000)
[12:57:12] t=2401 jev BUILD NAWEAP HOLD (资金闸门: 坦克优先, cash=455)
[12:57:12] t=2401 jev VEH HARV HOLD (预算保护 cash=455 aav帽=ok aav=3)
[12:57:13] t=2404 DEBT-GATE NAWEAP x1 (debt=0 eff=455 < 2000)
[12:57:14] t=2404 jev BUILD NAWEAP HOLD (资金闸门: 坦克优先, cash=455)
[12:57:14] t=2404 jev VEH HARV HOLD (预算保护 cash=455 aav帽=ok aav=3)
[12:57:15] t=2406 ESCORT 坦克#4225 -> 护航矿车@[122, 103]
[12:57:15] {"kind": "action", "what": "attack_move", "name": null, "qty": null, "tid": null, "ts": "12:57:15"}
[12:57:15] t=2406 DEBT-GATE NAWEAP x1 (debt=0 eff=455 < 2000)
[12:57:17] t=2406 jev BUILD NAWEAP HOLD (资金闸门: 坦克优先, cash=455)
[12:57:17] t=2406 jev VEH HARV HOLD (预算保护 cash=455 aav帽=ok aav=3)
[12:57:17] t=2409 DEBT-GATE NAWEAP x1 (debt=0 eff=455 < 2000)
[12:57:19] t=2409 jev BUILD NAWEAP HOLD (资金闸门: 坦克优先, cash=455)
[12:57:19] t=2409 jev VEH HARV HOLD (预算保护 cash=455 aav帽=ok aav=3)
[12:57:19] t=2412 DEBT-GATE NAWEAP x1 (debt=0 eff=455 < 2000)
[12:57:21] t=2412 jev BUILD NAWEAP HOLD (资金闸门: 坦克优先, cash=455)
[12:57:21] t=2412 jev VEH HARV HOLD (预算保护 cash=455 aav帽=ok aav=3)
[12:57:21] t=2412 MOVE assault x4 -> (98,99); t=2412 SIEGE STAGING x4/5 (前沿集结, 齐冲再上)
[12:57:21] {"kind": "action", "what": "attack_move", "name": null, "qty": null, "tid": null, "ts": "12:57:21"}
[12:57:21] t=2415 DEBT-GATE NAWEAP x1 (debt=0 eff=455 < 2000)
[12:57:23] t=2415 jev BUILD NAWEAP HOLD (资金闸门: 坦克优先, cash=455)
[12:57:23] t=2415 jev VEH HARV HOLD (预算保护 cash=455 aav帽=ok aav=3)
[12:57:23] t=2418 DEBT-GATE NAWEAP x1 (debt=0 eff=455 < 2000)
[12:57:25] t=2418 jev BUILD NAWEAP HOLD (资金闸门: 坦克优先, cash=455)
[12:57:25] t=2418 jev VEH HARV HOLD (预算保护 cash=455 aav帽=ok aav=3)
[12:57:25] t=2418 MOVE t=2418 SIEGE STAGING x4/5 (前沿集结, 齐冲再上); aahunt x2 -> (125,84)
[12:57:25] {"kind": "action", "what": "attack_move", "name": null, "qty": null, "tid": null, "ts": "12:57:25"}
[12:57:25] t=2418 tick#950 credits=455 stance=attack | jev 950 decisions p50=1755ms
[12:57:25] t=2420 DEBT-GATE NAWEAP x1 (debt=0 eff=455 < 2000)
[12:57:27] t=2420 jev BUILD NATECH HOLD (资金闸门: 坦克优先, cash=455)
[12:57:27] t=2420 jev VEH HARV HOLD (预算保护 cash=455 aav帽=ok aav=3)
[12:57:27] t=2420 MOVE raid x2 -> (70,117); t=2420 SIEGE STAGING x4/5 (前沿集结, 齐冲再上)
[12:57:27] {"kind": "action", "what": "attack_move", "name": null, "qty": null, "tid": null, "ts": "12:57:27"}
[12:57:27] t=2423 DEBT-GATE NAWEAP x1 (debt=0 eff=455 < 2000)
[12:57:29] t=2423 jev BUILD NATECH HOLD (资金闸门: 坦克优先, cash=455)
[12:57:29] t=2423 jev VEH HARV HOLD (预算保护 cash=455 aav帽=ok aav=3)
[12:57:29] t=2426 DEBT-GATE NAWEAP x1 (debt=0 eff=455 < 2000)
[12:57:31] t=2426 jev BUILD NATECH HOLD (资金闸门: 坦克优先, cash=455)
[12:57:31] t=2426 jev VEH HARV HOLD (预算保护 cash=455 aav帽=ok aav=3)
[12:57:31] t=2429 DEBT-GATE NAWEAP x1 (debt=0 eff=455 < 2000)
[12:57:33] t=2429 jev BUILD NATECH HOLD (资金闸门: 坦克优先, cash=455)
[12:57:33] t=2429 jev VEH HARV HOLD (预算保护 cash=455 aav帽=ok aav=3)
[12:57:33] t=2429 MOVE assault x4 -> (98,99); t=2429 SIEGE STAGING x4/5 (前沿集结, 齐冲再上)
[12:57:33] {"kind": "action", "what": "attack_move", "name": null, "qty": null, "tid": null, "ts": "12:57:33"}
[12:57:34] t=2431 DEBT-GATE NAWEAP x1 (debt=0 eff=455 < 2000)
[12:57:35] t=2431 jev BUILD NATECH HOLD (资金闸门: 坦克优先, cash=455)
[12:57:35] t=2431 jev VEH HARV HOLD (预算保护 cash=455 aav帽=ok aav=3)
[12:57:36] t=2434 DEBT-GATE NAWEAP x1 (debt=0 eff=455 < 2000)
[12:57:37] t=2434 jev BUILD NATECH HOLD (资金闸门: 坦克优先, cash=455)
[12:57:37] t=2434 jev VEH HARV HOLD (预算保护 cash=455 aav帽=ok aav=3)
[12:57:38] t=2437 DEBT-GATE NAWEAP x1 (debt=0 eff=455 < 2000)
[12:57:39] t=2437 jev BUILD NATECH HOLD (资金闸门: 坦克优先, cash=455)
[12:57:39] t=2437 jev VEH HARV HOLD (预算保护 cash=455 aav帽=ok aav=3)
[12:57:40] t=2440 DEBT-GATE NAWEAP x1 (debt=0 eff=455 < 2000)
[12:57:41] t=2440 jev BUILD NAWEAP HOLD (资金闸门: 坦克优先, cash=455)
[12:57:41] t=2440 jev VEH HARV HOLD (预算保护 cash=455 aav帽=ok aav=3)
[12:57:42] t=2442 DEBT-GATE NAWEAP x1 (debt=0 eff=455 < 2000)
[12:57:43] t=2442 jev BUILD NATECH HOLD (资金闸门: 坦克优先, cash=455)
[12:57:43] t=2442 jev VEH HARV HOLD (预算保护 cash=455 aav帽=ok aav=3)
[12:57:44] t=2445 DEBT-GATE NAWEAP x1 (debt=0 eff=455 < 2000)
[12:57:45] t=2445 jev BUILD NATECH HOLD (资金闸门: 坦克优先, cash=455)
[12:57:45] t=2445 jev VEH HARV HOLD (预算保护 cash=455 aav帽=ok aav=3)
[12:57:45] t=2445 MOVE assault x4 -> (98,99); t=2445 SIEGE STAGING x4/5 (前沿集结, 齐冲再上)
[12:57:45] {"kind": "action", "what": "attack_move", "name": null, "qty": null, "tid": null, "ts": "12:57:45"}
[12:57:46] t=2448 TANK HTNK x1
[12:57:46] t=2448 ESCORT 坦克#4225 -> 护航矿车@[120, 132]
[12:57:46] t=2448 DEBT-GATE HTNK x1 (debt=0 eff=830 < 900)
[12:57:46] {"kind": "action", "what": "attack_move", "name": null, "qty": null, "tid": null, "ts": "12:57:46"}
[12:57:46] t=2448 DEBT-GATE NAWEAP x1 (debt=0 eff=830 < 2000)
[12:57:47] t=2448 jev BUILD NATECH HOLD (资金闸门: 坦克优先, cash=830)
[12:57:47] t=2448 jev VEH HARV HOLD (预算保护 cash=830 aav帽=ok aav=3)
[12:57:48] t=2450 TANK HTNK x1
[12:57:48] t=2450 DEBT-GATE HTNK x1 (debt=0 eff=830 < 900)
[12:57:48] t=2450 DEBT-GATE NAWEAP x1 (debt=0 eff=830 < 2000)
[12:57:49] t=2450 jev BUILD NATECH HOLD (资金闸门: 坦克优先, cash=830)
[12:57:49] t=2450 jev VEH HARV HOLD (预算保护 cash=830 aav帽=ok aav=3)
[12:57:50] t=2453 TANK HTNK x1
[12:57:50] t=2453 DEBT-GATE HTNK x1 (debt=0 eff=830 < 900)
[12:57:50] t=2453 DEBT-GATE NAWEAP x1 (debt=0 eff=830 < 2000)
[12:57:51] t=2453 jev BUILD NATECH HOLD (资金闸门: 坦克优先, cash=830)
[12:57:51] t=2453 jev VEH HARV HOLD (预算保护 cash=830 aav帽=ok aav=3)
[12:57:52] t=2456 TANK HTNK x1
[12:57:52] t=2456 DEBT-GATE HTNK x1 (debt=0 eff=830 < 900)
[12:57:52] t=2456 DEBT-GATE NAWEAP x1 (debt=0 eff=830 < 2000)
[12:57:53] t=2456 jev BUILD NAWEAP HOLD (资金闸门: 坦克优先, cash=830)
[12:57:53] t=2456 jev VEH HARV HOLD (预算保护 cash=830 aav帽=ok aav=3)
[12:57:54] t=2458 TANK HTNK x1
[12:57:54] t=2458 DEBT-GATE HTNK x1 (debt=0 eff=830 < 900)
[12:57:54] t=2458 DEBT-GATE NAWEAP x1 (debt=0 eff=830 < 2000)
[12:57:55] t=2458 jev BUILD NAWEAP HOLD (资金闸门: 坦克优先, cash=830)
[12:57:55] t=2458 jev VEH HARV HOLD (预算保护 cash=830 aav帽=ok aav=3)
[12:57:55] t=2458 MOVE t=2458 SIEGE STAGING x4/5 (前沿集结, 齐冲再上); aahunt x2 -> (125,84)
[12:57:55] {"kind": "action", "what": "attack_move", "name": null, "qty": null, "tid": null, "ts": "12:57:55"}
[12:57:56] t=2461 TANK HTNK x1
[12:57:56] {"kind": "action", "what": "produce", "name": "HTNK", "qty": 1, "tid": null, "ts": "12:57:56"}
[12:57:56] t=2461 DEBT-GATE NAWEAP x1 (debt=900 eff=230 < 2000)
[12:57:57] t=2461 jev BUILD NAWEAP HOLD (资金闸门: 坦克优先, cash=1130)
[12:57:57] t=2461 MOVE raid x2 -> (70,117); t=2461 SIEGE STAGING x4/5 (前沿集结, 齐冲再上)
[12:57:57] {"kind": "action", "what": "attack_move", "name": null, "qty": null, "tid": null, "ts": "12:57:57"}
[12:57:58] t=2464 DEBT-GATE NAWEAP x1 (debt=0 eff=997 < 2000)
[12:57:59] t=2464 jev BUILD NAWEAP HOLD (资金闸门: 坦克优先, cash=997)
[12:57:59] t=2464 MOVE assault x4 -> (98,99); t=2464 SIEGE STAGING x4/5 (前沿集结, 齐冲再上)
[12:57:59] {"kind": "action", "what": "attack_move", "name": null, "qty": null, "tid": null, "ts": "12:57:59"}
[12:58:00] t=2466 DEBT-GATE NAWEAP x1 (debt=0 eff=864 < 2000)
[12:58:01] t=2466 jev BUILD NAWEAP HOLD (资金闸门: 坦克优先, cash=864)
[12:58:02] t=2469 DEBT-GATE NAWEAP x1 (debt=0 eff=730 < 2000)
[12:58:03] t=2469 jev BUILD NAWEAP HOLD (资金闸门: 坦克优先, cash=730)
[12:58:04] t=2472 DEBT-GATE NAWEAP x1 (debt=0 eff=600 < 2000)
[12:58:05] t=2472 jev BUILD NAWEAP HOLD (资金闸门: 坦克优先, cash=600)
[12:58:06] t=2474 DEBT-GATE NAWEAP x1 (debt=0 eff=470 < 2000)
[12:58:07] t=2474 jev BUILD NAWEAP HOLD (资金闸门: 坦克优先, cash=470)
[12:58:08] t=2477 DEBT-GATE NAWEAP x1 (debt=0 eff=340 < 2000)
[12:58:09] t=2477 jev BUILD NAWEAP HOLD (资金闸门: 坦克优先, cash=340)
[12:58:09] t=2477 MOVE t=2477 SIEGE STAGING x4/5 (前沿集结, 齐冲再上); hold_a x10 -> (133,86); hold_b x10 -> (126,75)
[12:58:09] {"kind": "action", "what": "attack_move", "name": null, "qty": null, "tid": null, "ts": "12:58:09"}
[12:58:09] {"kind": "action", "what": "attack_move", "name": null, "qty": null, "tid": null, "ts": "12:58:09"}
[12:58:10] t=2479 DEBT-GATE NAWEAP x1 (debt=0 eff=230 < 2000)
[12:58:11] t=2479 jev BUILD NATECH HOLD (资金闸门: 坦克优先, cash=230)
[12:58:11] t=2479 jev VEH HARV HOLD (预算保护 cash=230 aav帽=ok aav=3)
[12:58:11] t=2479 MOVE assault x5 -> 攻击目标#2444@(71,107); t=2479 SIEGE 拔防御壳 x5 -> #2444@(71,107)
[12:58:11] {"kind": "action", "what": "attack_obj", "name": null, "qty": null, "tid": 2444, "ts": "12:58:11"}
[12:58:12] t=2482 DEBT-GATE NAWEAP x1 (debt=0 eff=230 < 2000)
[12:58:13] t=2482 jev BUILD NATECH HOLD (资金闸门: 坦克优先, cash=230)
[12:58:13] t=2482 jev INF E2 HOLD (预算保护 gate=False e2=13)
[12:58:13] t=2482 jev VEH HARV HOLD (预算保护 cash=230 aav帽=ok aav=3)
[12:58:14] t=2485 DEBT-GATE NAWEAP x1 (debt=0 eff=230 < 2000)
[12:58:15] t=2485 jev BUILD NAWEAP HOLD (资金闸门: 坦克优先, cash=230)
[12:58:15] t=2485 jev INF E2 HOLD (预算保护 gate=False e2=13)
[12:58:15] t=2485 jev VEH HARV HOLD (预算保护 cash=230 aav帽=ok aav=3)
[12:58:15] t=2485 tick#975 credits=230 stance=attack | jev 975 decisions p50=1739ms
[12:58:15] t=2487 DEBT-GATE NAWEAP x1 (debt=0 eff=230 < 2000)
[12:58:17] t=2487 jev BUILD NAWEAP HOLD (资金闸门: 坦克优先, cash=230)
[12:58:17] t=2487 jev INF E2 HOLD (预算保护 gate=False e2=13)
[12:58:17] t=2487 jev VEH HARV HOLD (预算保护 cash=230 aav帽=ok aav=3)
[12:58:17] t=2490 ESCORT 坦克#4225 -> 护航矿车@[117, 133]
[12:58:17] t=2490 RETREAT HTK(6%)
[12:58:17] {"kind": "action", "what": "attack_move", "name": null, "qty": null, "tid": null, "ts": "12:58:17"}
[12:58:17] {"kind": "action", "what": "move", "name": null, "qty": null, "tid": null, "ts": "12:58:17"}
[12:58:18] t=2490 DEBT-GATE NAWEAP x1 (debt=0 eff=230 < 2000)
[12:58:19] t=2490 jev BUILD NAWEAP HOLD (资金闸门: 坦克优先, cash=230)
[12:58:19] t=2490 jev INF E2 HOLD (预算保护 gate=False e2=13)
[12:58:19] t=2490 jev VEH HARV HOLD (预算保护 cash=230 aav帽=ok aav=3)
[12:58:19] t=2493 DEBT-GATE NAWEAP x1 (debt=0 eff=230 < 2000)
[12:58:21] t=2493 jev BUILD NAWEAP HOLD (资金闸门: 坦克优先, cash=230)
[12:58:21] t=2493 jev INF E2 HOLD (预算保护 gate=False e2=13)
[12:58:21] t=2493 jev VEH HARV HOLD (预算保护 cash=230 aav帽=ok aav=3)
[12:58:21] t=2495 DEBT-GATE NAWEAP x1 (debt=0 eff=230 < 2000)
[12:58:23] t=2495 jev BUILD NAWEAP HOLD (资金闸门: 坦克优先, cash=230)
[12:58:23] t=2495 jev INF E2 HOLD (预算保护 gate=False e2=13)
[12:58:23] t=2495 jev VEH HARV HOLD (预算保护 cash=230 aav帽=ok aav=3)
[12:58:23] t=2498 DEBT-GATE NAWEAP x1 (debt=0 eff=230 < 2000)
[12:58:25] t=2498 jev BUILD NAWEAP HOLD (资金闸门: 坦克优先, cash=230)
[12:58:25] t=2498 jev INF E2 HOLD (预算保护 gate=False e2=13)
[12:58:25] t=2498 jev VEH HARV HOLD (预算保护 cash=230 aav帽=ok aav=3)
[12:58:25] t=2498 MOVE assault x5 -> 攻击目标#2444@(71,107); t=2498 SIEGE 拔防御壳 x5 -> #2444@(71,107)
[12:58:25] {"kind": "action", "what": "attack_obj", "name": null, "qty": null, "tid": 2444, "ts": "12:58:25"}
[12:58:25] t=2501 DEBT-GATE NAWEAP x1 (debt=0 eff=230 < 2000)
[12:58:27] t=2501 jev BUILD NAWEAP HOLD (资金闸门: 坦克优先, cash=230)
[12:58:27] t=2501 jev INF E2 HOLD (预算保护 gate=False e2=13)
[12:58:27] t=2501 jev VEH HARV HOLD (预算保护 cash=230 aav帽=ok aav=3)
[12:58:27] t=2501 MOVE t=2501 SIEGE 拔防御壳 x5 -> #2444@(71,107); aahunt x2 -> (125,84)
[12:58:27] {"kind": "action", "what": "attack_move", "name": null, "qty": null, "tid": null, "ts": "12:58:27"}
[12:58:27] t=2503 DEBT-GATE NAWEAP x1 (debt=0 eff=230 < 2000)
[12:58:29] t=2503 jev BUILD NAWEAP HOLD (资金闸门: 坦克优先, cash=230)
[12:58:29] t=2503 jev INF E2 HOLD (预算保护 gate=False e2=13)
[12:58:29] t=2503 jev VEH HARV HOLD (预算保护 cash=230 aav帽=ok aav=3)
[12:58:29] t=2503 MOVE raid x2 -> (70,117); t=2503 SIEGE 拔防御壳 x5 -> #2444@(71,107)
[12:58:29] {"kind": "action", "what": "attack_move", "name": null, "qty": null, "tid": null, "ts": "12:58:29"}
[12:58:29] t=2506 ALARM unit lost -> 攻势保持（塔阵守家, 前线 26 个单位继续进攻）
[12:58:29] t=2506 DEBT-GATE NAWEAP x1 (debt=0 eff=230 < 2000)
[12:58:31] t=2506 jev BUILD NAWEAP HOLD (资金闸门: 坦克优先, cash=230)
[12:58:31] t=2506 jev INF E2 HOLD (预算保护 gate=False e2=13)
[12:58:31] t=2506 jev VEH HARV HOLD (预算保护 cash=230 aav帽=ok aav=3)
[12:58:31] t=2506 MOVE assault x4 -> (98,99); t=2506 SIEGE STAGING x4/5 (前沿集结, 齐冲再上)
[12:58:31] {"kind": "action", "what": "attack_move", "name": null, "qty": null, "tid": null, "ts": "12:58:31"}
[12:58:31] t=2509 DEBT-GATE NAWEAP x1 (debt=0 eff=230 < 2000)
[12:58:33] t=2509 jev BUILD NAWEAP HOLD (资金闸门: 坦克优先, cash=230)
[12:58:33] t=2509 jev INF E2 HOLD (预算保护 gate=False e2=13)
[12:58:33] t=2509 jev VEH HARV HOLD (预算保护 cash=230 aav帽=ok aav=3)
[12:58:33] t=2511 DEBT-GATE NAWEAP x1 (debt=0 eff=230 < 2000)
[12:58:35] t=2511 jev BUILD NAWEAP HOLD (资金闸门: 坦克优先, cash=230)
[12:58:35] t=2511 jev INF E2 HOLD (预算保护 gate=False e2=13)
[12:58:35] t=2511 jev VEH HARV HOLD (预算保护 cash=230 aav帽=ok aav=3)
[12:58:35] t=2514 DEBT-GATE NAWEAP x1 (debt=0 eff=230 < 2000)
[12:58:37] t=2514 jev BUILD NAWEAP HOLD (资金闸门: 坦克优先, cash=230)
[12:58:37] t=2514 jev INF E2 HOLD (预算保护 gate=False e2=13)
[12:58:37] t=2514 jev VEH HARV HOLD (预算保护 cash=230 aav帽=ok aav=3)
[12:58:37] t=2516 DEBT-GATE NAWEAP x1 (debt=0 eff=230 < 2000)
[12:58:39] t=2516 jev BUILD NAWEAP HOLD (资金闸门: 坦克优先, cash=230)
[12:58:39] t=2516 jev INF E2 HOLD (预算保护 gate=False e2=13)
[12:58:39] t=2516 jev VEH HARV HOLD (预算保护 cash=230 aav帽=ok aav=3)
[12:58:39] t=2519 DEBT-GATE NAWEAP x1 (debt=0 eff=230 < 2000)
[12:58:41] t=2519 jev BUILD NAWEAP HOLD (资金闸门: 坦克优先, cash=230)
[12:58:41] t=2519 jev INF E2 HOLD (预算保护 gate=False e2=13)
[12:58:41] t=2519 jev VEH HARV HOLD (预算保护 cash=230 aav帽=ok aav=3)
[12:58:41] t=2522 DEBT-GATE NAWEAP x1 (debt=0 eff=230 < 2000)
[12:58:43] t=2522 jev BUILD NAWEAP HOLD (资金闸门: 坦克优先, cash=230)
[12:58:43] t=2522 jev INF E2 HOLD (预算保护 gate=False e2=13)
[12:58:43] t=2522 jev VEH HARV HOLD (预算保护 cash=230 aav帽=ok aav=3)
[12:58:43] t=2524 DEBT-GATE NAWEAP x1 (debt=0 eff=230 < 2000)
[12:58:45] t=2524 jev BUILD NAWEAP HOLD (资金闸门: 坦克优先, cash=230)
[12:58:45] t=2524 jev INF E2 HOLD (预算保护 gate=False e2=13)
[12:58:45] t=2524 jev VEH HARV HOLD (预算保护 cash=230 aav帽=ok aav=3)
[12:58:45] t=2524 MOVE assault x4 -> (98,99); t=2524 SIEGE STAGING x4/5 (前沿集结, 齐冲再上)
[12:58:45] {"kind": "action", "what": "attack_move", "name": null, "qty": null, "tid": null, "ts": "12:58:45"}
[12:58:45] t=2527 DEBT-GATE NAWEAP x1 (debt=0 eff=230 < 2000)
[12:58:47] t=2527 jev BUILD NAWEAP HOLD (资金闸门: 坦克优先, cash=230)
[12:58:47] t=2527 jev INF E2 HOLD (预算保护 gate=False e2=13)
[12:58:47] t=2527 jev VEH HARV HOLD (预算保护 cash=230 aav帽=ok aav=3)
[12:58:47] t=2529 DEBT-GATE NAWEAP x1 (debt=0 eff=230 < 2000)
[12:58:49] t=2529 jev BUILD NAWEAP HOLD (资金闸门: 坦克优先, cash=230)
[12:58:49] t=2529 jev INF E2 HOLD (预算保护 gate=False e2=13)
[12:58:49] t=2529 jev VEH HARV HOLD (预算保护 cash=230 aav帽=ok aav=3)
[12:58:49] t=2532 ESCORT 坦克#4225 -> 护航矿车@[120, 118]
[12:58:49] {"kind": "action", "what": "attack_move", "name": null, "qty": null, "tid": null, "ts": "12:58:49"}
[12:58:49] t=2532 DEBT-GATE NAWEAP x1 (debt=0 eff=230 < 2000)
[12:58:51] t=2532 jev BUILD NAWEAP HOLD (资金闸门: 坦克优先, cash=230)
[12:58:51] t=2532 jev INF E2 HOLD (预算保护 gate=False e2=13)
[12:58:51] t=2532 jev VEH HARV HOLD (预算保护 cash=230 aav帽=ok aav=3)
[12:58:51] t=2535 DEBT-GATE NAWEAP x1 (debt=0 eff=230 < 2000)
[12:58:53] t=2535 jev BUILD NAWEAP HOLD (资金闸门: 坦克优先, cash=230)
[12:58:53] t=2535 jev INF E2 HOLD (预算保护 gate=False e2=13)
[12:58:53] t=2535 jev VEH HARV HOLD (预算保护 cash=230 aav帽=ok aav=3)
[12:58:53] t=2537 DEBT-GATE NAWEAP x1 (debt=0 eff=455 < 2000)
[12:58:55] t=2537 jev BUILD NAWEAP HOLD (资金闸门: 坦克优先, cash=455)
[12:58:55] t=2537 jev INF E2 HOLD (预算保护 gate=False e2=13)
[12:58:55] t=2537 jev VEH HARV HOLD (预算保护 cash=455 aav帽=ok aav=3)
[12:58:55] t=2540 DEBT-GATE NAWEAP x1 (debt=0 eff=455 < 2000)
[12:58:56] t=2540 jev BUILD NAWEAP HOLD (资金闸门: 坦克优先, cash=455)
[12:58:56] t=2540 jev INF E2 HOLD (预算保护 gate=False e2=13)
[12:58:56] t=2540 jev VEH HARV HOLD (预算保护 cash=455 aav帽=ok aav=3)
[12:58:57] t=2542 DEBT-GATE NAWEAP x1 (debt=0 eff=455 < 2000)
[12:58:58] t=2542 jev BUILD NAWEAP HOLD (资金闸门: 坦克优先, cash=455)
[12:58:58] t=2542 jev INF E2 HOLD (预算保护 gate=False e2=13)
[12:58:58] t=2542 jev VEH HARV HOLD (预算保护 cash=455 aav帽=ok aav=3)
[12:58:58] t=2542 MOVE assault x4 -> (98,99); t=2542 SIEGE STAGING x4/5 (前沿集结, 齐冲再上); aahunt x2 -> (125,84)
[12:58:58] {"kind": "action", "what": "attack_move", "name": null, "qty": null, "tid": null, "ts": "12:58:58"}
[12:58:58] {"kind": "action", "what": "attack_move", "name": null, "qty": null, "tid": null, "ts": "12:58:58"}
[12:58:59] t=2545 DEBT-GATE NAWEAP x1 (debt=0 eff=455 < 2000)
[12:59:00] t=2545 jev BUILD NAWEAP HOLD (资金闸门: 坦克优先, cash=455)
[12:59:00] t=2545 jev INF E2 HOLD (预算保护 gate=False e2=13)
[12:59:00] t=2545 jev VEH HARV HOLD (预算保护 cash=455 aav帽=ok aav=3)
[12:59:00] t=2545 MOVE raid x1 -> (70,117); t=2545 SIEGE STAGING x4/5 (前沿集结, 齐冲再上)
[12:59:00] {"kind": "action", "what": "attack_move", "name": null, "qty": null, "tid": null, "ts": "12:59:00"}
[12:59:01] t=2548 DEBT-GATE NAWEAP x1 (debt=0 eff=455 < 2000)
[12:59:02] t=2548 jev BUILD NAWEAP HOLD (资金闸门: 坦克优先, cash=455)
[12:59:02] t=2548 jev INF E2 HOLD (预算保护 gate=False e2=13)
[12:59:02] t=2548 jev VEH HARV HOLD (预算保护 cash=455 aav帽=ok aav=3)
[12:59:03] t=2550 DEBT-GATE NAWEAP x1 (debt=0 eff=455 < 2000)
[12:59:04] t=2550 jev BUILD NAWEAP HOLD (资金闸门: 坦克优先, cash=455)
[12:59:04] t=2550 jev INF E2 HOLD (预算保护 gate=False e2=13)
[12:59:04] t=2550 jev VEH HARV HOLD (预算保护 cash=455 aav帽=ok aav=3)
[12:59:04] t=2550 tick#1000 credits=455 stance=attack | jev 1000 decisions p50=1728ms
[12:59:05] t=2553 DEBT-GATE NAWEAP x1 (debt=0 eff=455 < 2000)
[12:59:06] t=2553 jev BUILD NAWEAP HOLD (资金闸门: 坦克优先, cash=455)
[12:59:06] t=2553 jev INF E2 HOLD (预算保护 gate=False e2=13)
[12:59:06] t=2553 jev VEH HARV HOLD (预算保护 cash=455 aav帽=ok aav=3)
[12:59:07] t=2555 DEBT-GATE NAWEAP x1 (debt=0 eff=455 < 2000)
[12:59:08] t=2555 jev BUILD NAWEAP HOLD (资金闸门: 坦克优先, cash=455)
[12:59:08] t=2555 jev INF E2 HOLD (预算保护 gate=False e2=13)
[12:59:08] t=2555 jev VEH HARV HOLD (预算保护 cash=455 aav帽=ok aav=3)
[12:59:09] t=2558 DEBT-GATE NAWEAP x1 (debt=0 eff=455 < 2000)
[12:59:10] t=2558 jev BUILD NAWEAP HOLD (资金闸门: 坦克优先, cash=455)
[12:59:10] t=2558 jev INF E2 HOLD (预算保护 gate=False e2=13)
[12:59:10] t=2558 jev VEH HARV HOLD (预算保护 cash=455 aav帽=ok aav=3)
[12:59:10] t=2558 MOVE t=2558 SIEGE STAGING x4/5 (前沿集结, 齐冲再上); hold_a x11 -> (133,86); hold_b x10 -> (126,75)
[12:59:10] {"kind": "action", "what": "attack_move", "name": null, "qty": null, "tid": null, "ts": "12:59:10"}
[12:59:10] {"kind": "action", "what": "attack_move", "name": null, "qty": null, "tid": null, "ts": "12:59:10"}
[12:59:11] t=2561 HARASS DRON x2 (have 1)
[12:59:11] {"kind": "action", "what": "produce", "name": "DRON", "qty": 2, "tid": null, "ts": "12:59:11"}
[12:59:11] t=2561 DEBT-GATE NAWEAP x1 (debt=800 eff=30 < 2000)
[12:59:12] t=2561 jev BUILD NAWEAP HOLD (资金闸门: 坦克优先, cash=830)
[12:59:12] t=2561 jev INF E2 (conf 0.28)
[12:59:12] t=2561 DEBT-GATE E2 x1 (debt=800 eff=30 < 90)
[12:59:12] t=2561 MOVE assault x4 -> (98,99); t=2561 SIEGE STAGING x4/5 (前沿集结, 齐冲再上)
[12:59:12] {"kind": "action", "what": "attack_move", "name": null, "qty": null, "tid": null, "ts": "12:59:12"}
[12:59:13] t=2563 DEBT-GATE NAWEAP x1 (debt=0 eff=682 < 2000)
[12:59:14] t=2563 jev BUILD NAWEAP HOLD (资金闸门: 坦克优先, cash=682)
[12:59:14] t=2563 jev INF E2 HOLD (预算保护 gate=False e2=13)
[12:59:15] t=2566 DEBT-GATE NAWEAP x1 (debt=0 eff=538 < 2000)
[12:59:16] t=2566 jev BUILD NAWEAP HOLD (资金闸门: 坦克优先, cash=538)
[12:59:16] t=2566 jev INF E2 HOLD (预算保护 gate=False e2=13)
[12:59:16] t=2569 DEBT-GATE NAWEAP x1 (debt=0 eff=397 < 2000)
[12:59:18] t=2569 jev BUILD NAWEAP HOLD (资金闸门: 坦克优先, cash=397)
[12:59:18] t=2569 jev INF E2 HOLD (预算保护 gate=False e2=13)
[12:59:18] t=2569 MOVE assault x5 -> 攻击目标#2444@(71,107); t=2569 SIEGE 拔防御壳 x5 -> #2444@(71,107)
[12:59:18] {"kind": "action", "what": "attack_obj", "name": null, "qty": null, "tid": 2444, "ts": "12:59:18"}
[12:59:18] t=2571 DEBT-GATE NAWEAP x1 (debt=0 eff=249 < 2000)
[12:59:20] t=2571 jev BUILD NAWEAP HOLD (资金闸门: 坦克优先, cash=249)
[12:59:20] t=2571 jev INF E2 HOLD (预算保护 gate=False e2=13)
[12:59:20] t=2574 DEBT-GATE NAWEAP x1 (debt=0 eff=105 < 2000)
[12:59:22] t=2574 jev BUILD NAWEAP HOLD (资金闸门: 坦克优先, cash=105)
[12:59:22] t=2574 jev INF E2 HOLD (预算保护 gate=False e2=13)
[12:59:22] t=2577 DEBT-GATE NAWEAP x1 (debt=0 eff=30 < 2000)
[12:59:24] t=2577 jev BUILD NAWEAP HOLD (资金闸门: 坦克优先, cash=30)
[12:59:24] t=2577 jev INF E2 HOLD (预算保护 gate=False e2=13)
[12:59:24] t=2577 jev VEH HARV HOLD (预算保护 cash=30 aav帽=ok aav=3)
[12:59:24] t=2579 DEBT-GATE NAWEAP x1 (debt=0 eff=30 < 2000)
[12:59:26] t=2579 jev BUILD NATECH HOLD (资金闸门: 坦克优先, cash=30)
[12:59:26] t=2579 jev INF E2 HOLD (预算保护 gate=False e2=13)
[12:59:26] t=2579 jev VEH HARV HOLD (预算保护 cash=30 aav帽=ok aav=3)
[12:59:26] t=2582 DEBT-GATE NAWEAP x1 (debt=0 eff=30 < 2000)
[12:59:28] t=2582 jev BUILD NAWEAP HOLD (资金闸门: 坦克优先, cash=30)
[12:59:28] t=2582 jev INF E2 HOLD (预算保护 gate=False e2=13)
[12:59:28] t=2582 jev VEH HARV HOLD (预算保护 cash=30 aav帽=ok aav=3)
[12:59:28] t=2585 DEBT-GATE NAWEAP x1 (debt=0 eff=255 < 2000)
[12:59:30] t=2585 jev BUILD NAWEAP HOLD (资金闸门: 坦克优先, cash=255)
[12:59:30] t=2585 jev INF E2 HOLD (预算保护 gate=False e2=13)
[12:59:30] t=2585 jev VEH HARV HOLD (预算保护 cash=255 aav帽=ok aav=3)
[12:59:30] t=2585 MOVE t=2585 SIEGE 拔防御壳 x6 -> #2444@(71,107); aahunt x2 -> (125,84)
[12:59:30] {"kind": "action", "what": "attack_move", "name": null, "qty": null, "tid": null, "ts": "12:59:30"}
[12:59:30] t=2587 TANK HTNK x2
[12:59:30] t=2587 DEBT-GATE HTNK x2 (debt=0 eff=1380 < 1800)
[12:59:30] t=2587 DEBT-GATE NAWEAP x1 (debt=0 eff=1380 < 2000)
[12:59:32] t=2587 jev BUILD NAWEAP HOLD (资金闸门: 坦克优先, cash=1380)
[12:59:32] t=2587 jev INF E2 (conf 0.28)
[12:59:32] t=2587 jev VEH HARV HOLD (预算保护 cash=1380 aav帽=ok aav=3)
[12:59:32] {"kind": "action", "what": "produce", "name": "E2", "qty": 1, "tid": null, "ts": "12:59:32"}
[12:59:32] t=2587 MOVE raid x3 -> (70,117); assault x6 -> 攻击目标#2444@(71,107); t=2587 SIEGE 拔防御壳 x6 -> #2444@(71,107)
[12:59:32] {"kind": "action", "what": "attack_move", "name": null, "qty": null, "tid": null, "ts": "12:59:32"}
[12:59:32] {"kind": "action", "what": "attack_obj", "name": null, "qty": null, "tid": 2444, "ts": "12:59:32"}
[12:59:33] t=2590 TANK HTNK x2
[12:59:33] t=2590 ESCORT 坦克#4273 -> 护航矿车@[126, 104]
[12:59:33] t=2590 DEBT-GATE HTNK x2 (debt=0 eff=1370 < 1800)
[12:59:33] {"kind": "action", "what": "attack_move", "name": null, "qty": null, "tid": null, "ts": "12:59:33"}
[12:59:33] t=2590 DEBT-GATE NAWEAP x1 (debt=0 eff=1370 < 2000)
[12:59:34] t=2590 jev BUILD NAWEAP HOLD (资金闸门: 坦克优先, cash=1370)
[12:59:34] t=2590 jev VEH HARV HOLD (预算保护 cash=1370 aav帽=ok aav=3)
[12:59:35] t=2593 TANK HTNK x2
[12:59:35] t=2593 DEBT-GATE HTNK x2 (debt=0 eff=1302 < 1800)
[12:59:35] t=2593 DEBT-GATE NAWEAP x1 (debt=0 eff=1302 < 2000)
[12:59:36] t=2593 jev BUILD NAWEAP HOLD (资金闸门: 坦克优先, cash=1302)
[12:59:36] t=2593 jev VEH HARV HOLD (预算保护 cash=1302 aav帽=ok aav=3)
[12:59:37] t=2596 TANK HTNK x2
[12:59:37] t=2596 RETREAT HTNK(38%)
[12:59:37] t=2596 DEBT-GATE HTNK x2 (debt=0 eff=1290 < 1800)
[12:59:37] {"kind": "action", "what": "move", "name": null, "qty": null, "tid": null, "ts": "12:59:37"}
[12:59:37] t=2596 DEBT-GATE NAWEAP x1 (debt=0 eff=1290 < 2000)
[12:59:38] t=2596 jev BUILD NAWEAP HOLD (资金闸门: 坦克优先, cash=1290)
[12:59:38] t=2596 jev VEH HARV HOLD (预算保护 cash=1290 aav帽=ok aav=3)
[12:59:39] t=2598 ALARM unit lost -> 攻势保持（塔阵守家, 前线 26 个单位继续进攻）
[12:59:39] t=2598 TANK HTNK x2
[12:59:39] t=2598 DEBT-GATE HTNK x2 (debt=0 eff=1290 < 1800)
[12:59:39] t=2598 DEBT-GATE NAWEAP x1 (debt=0 eff=1290 < 2000)
[12:59:40] t=2598 jev BUILD NAWEAP HOLD (资金闸门: 坦克优先, cash=1290)
[12:59:40] t=2598 jev VEH HARV HOLD (预算保护 cash=1290 aav帽=ok aav=3)
[12:59:41] t=2601 TANK HTNK x2
[12:59:41] t=2601 DEBT-GATE HTNK x2 (debt=0 eff=1290 < 1800)
[12:59:41] t=2601 DEBT-GATE NAWEAP x1 (debt=0 eff=1290 < 2000)
[12:59:43] t=2601 jev BUILD NAWEAP HOLD (资金闸门: 坦克优先, cash=1290)
[12:59:43] t=2601 jev VEH HARV HOLD (预算保护 cash=1290 aav帽=ok aav=3)
[12:59:43] t=2604 ALARM unit lost -> 攻势保持（塔阵守家, 前线 24 个单位继续进攻）
[12:59:43] t=2604 TANK HTNK x2
[12:59:43] t=2604 DEBT-GATE HTNK x2 (debt=0 eff=1290 < 1800)
[12:59:43] t=2604 DEBT-GATE NAWEAP x1 (debt=0 eff=1290 < 2000)
[12:59:45] t=2604 jev BUILD NAWEAP HOLD (资金闸门: 坦克优先, cash=1290)
[12:59:45] t=2604 jev VEH HARV HOLD (预算保护 cash=1290 aav帽=ok aav=3)
[12:59:45] t=2604 MOVE assault x4 -> (98,99); t=2604 SIEGE STAGING x4/5 (前沿集结, 齐冲再上)
[12:59:45] {"kind": "action", "what": "attack_move", "name": null, "qty": null, "tid": null, "ts": "12:59:45"}
[12:59:45] t=2607 TANK HTNK x2
[12:59:45] t=2607 DEBT-GATE HTNK x2 (debt=0 eff=1290 < 1800)
[12:59:45] t=2607 DEBT-GATE NAWEAP x1 (debt=0 eff=1290 < 2000)
[12:59:47] t=2607 jev BUILD NAWEAP HOLD (资金闸门: 坦克优先, cash=1290)
[12:59:47] t=2607 jev VEH HARV HOLD (预算保护 cash=1290 aav帽=ok aav=3)
[12:59:47] t=2609 TANK HTNK x2
[12:59:47] t=2609 DEBT-GATE HTNK x2 (debt=0 eff=1290 < 1800)
[12:59:47] t=2609 DEBT-GATE NAWEAP x1 (debt=0 eff=1290 < 2000)
[12:59:49] t=2609 jev BUILD NAWEAP HOLD (资金闸门: 坦克优先, cash=1290)
[12:59:49] t=2609 jev VEH HARV HOLD (预算保护 cash=1290 aav帽=ok aav=3)
[12:59:49] t=2612 TANK HTNK x2
[12:59:49] t=2612 DEBT-GATE HTNK x2 (debt=0 eff=1290 < 1800)
[12:59:49] t=2612 DEBT-GATE NAWEAP x1 (debt=0 eff=1290 < 2000)
[12:59:51] t=2612 jev BUILD NAWEAP HOLD (资金闸门: 坦克优先, cash=1290)
[12:59:51] t=2612 jev VEH HARV HOLD (预算保护 cash=1290 aav帽=ok aav=3)
[12:59:51] t=2615 TANK HTNK x2
[12:59:51] t=2615 DEBT-GATE HTNK x2 (debt=0 eff=1290 < 1800)
[12:59:51] t=2615 DEBT-GATE NAWEAP x1 (debt=0 eff=1290 < 2000)
[12:59:53] t=2615 jev BUILD NAWEAP HOLD (资金闸门: 坦克优先, cash=1290)
[12:59:53] t=2615 jev VEH HARV HOLD (预算保护 cash=1290 aav帽=ok aav=3)
[12:59:53] t=2618 ALARM unit lost -> 攻势保持（塔阵守家, 前线 25 个单位继续进攻）
[12:59:53] t=2618 TANK HTNK x2
[12:59:53] t=2618 DEBT-GATE HTNK x2 (debt=0 eff=1590 < 1800)
[12:59:53] t=2618 DEBT-GATE NAWEAP x1 (debt=0 eff=1590 < 2000)
[12:59:55] t=2618 jev BUILD NAWEAP HOLD (资金闸门: 坦克优先, cash=1590)
[12:59:55] t=2618 jev VEH HARV HOLD (预算保护 cash=1590 aav帽=ok aav=3)
[12:59:55] t=2618 tick#1025 credits=1590 stance=attack | jev 1025 decisions p50=1722ms
[12:59:55] t=2620 TANK HTNK x2
[12:59:55] t=2620 DEBT-GATE HTNK x2 (debt=0 eff=1590 < 1800)
[12:59:55] t=2620 DEBT-GATE NAWEAP x1 (debt=0 eff=1590 < 2000)
[12:59:57] t=2620 jev BUILD NATECH HOLD (资金闸门: 坦克优先, cash=1590)
[12:59:57] t=2620 jev VEH HARV HOLD (预算保护 cash=1590 aav帽=ok aav=3)
[12:59:57] t=2620 MOVE assault x3 -> (98,99); t=2620 SIEGE STAGING x3/5 (前沿集结, 齐冲再上)
[12:59:57] {"kind": "action", "what": "attack_move", "name": null, "qty": null, "tid": null, "ts": "12:59:57"}
[12:59:57] t=2623 TANK HTNK x2
[12:59:57] t=2623 DEBT-GATE HTNK x2 (debt=0 eff=1590 < 1800)
[12:59:57] t=2623 DEBT-GATE NAWEAP x1 (debt=0 eff=1590 < 2000)
[12:59:59] t=2623 jev BUILD NATECH HOLD (资金闸门: 坦克优先, cash=1590)
[12:59:59] t=2623 jev VEH HARV HOLD (预算保护 cash=1590 aav帽=ok aav=3)
[12:59:59] t=2626 TANK HTNK x3
[12:59:59] {"kind": "action", "what": "produce", "name": "HTNK", "qty": 3, "tid": null, "ts": "12:59:59"}
[12:59:59] t=2626 DEBT-GATE NAWEAP x1 (debt=2700 eff=15 < 2000)
[13:00:01] t=2626 jev BUILD NATECH HOLD (资金闸门: 坦克优先, cash=2715)
[13:00:01] t=2626 MOVE t=2626 SIEGE STAGING x3/5 (前沿集结, 齐冲再上); aahunt x2 -> (125,84)
[13:00:01] {"kind": "action", "what": "attack_move", "name": null, "qty": null, "tid": null, "ts": "13:00:01"}
[13:00:02] {"kind": "action", "what": "produce", "name": "NAWEAP", "qty": 1, "tid": null, "ts": "13:00:02"}
[13:00:02] t=2629 OPENING BUILD NAWEAP
[13:00:03] t=2629 MOVE raid x2 -> (70,117); t=2629 SIEGE STAGING x3/5 (前沿集结, 齐冲再上)
[13:00:03] {"kind": "action", "what": "attack_move", "name": null, "qty": null, "tid": null, "ts": "13:00:03"}
[13:00:04] t=2632 ESCORT 坦克#4273 -> 护航矿车@[120, 127]
[13:00:04] {"kind": "action", "what": "attack_move", "name": null, "qty": null, "tid": null, "ts": "13:00:04"}
[13:00:10] t=2637 MOVE assault x3 -> (98,99); t=2637 SIEGE STAGING x3/5 (前沿集结, 齐冲再上)
[13:00:10] {"kind": "action", "what": "attack_move", "name": null, "qty": null, "tid": null, "ts": "13:00:10"}
[13:00:12] t=2640 MOVE t=2640 SIEGE STAGING x3/5 (前沿集结, 齐冲再上); hold_a x11 -> (133,86); hold_b x10 -> (126,75)
[13:00:12] {"kind": "action", "what": "attack_move", "name": null, "qty": null, "tid": null, "ts": "13:00:12"}
[13:00:12] {"kind": "action", "what": "attack_move", "name": null, "qty": null, "tid": null, "ts": "13:00:12"}
[13:00:22] t=2654 MOVE assault x4 -> (98,99); t=2654 SIEGE STAGING x4/5 (前沿集结, 齐冲再上)
[13:00:22] {"kind": "action", "what": "attack_move", "name": null, "qty": null, "tid": null, "ts": "13:00:22"}
[13:00:29] t=2662 MOVE assault x5 -> 攻击目标#1685@(70,109); t=2662 SIEGE 拔防御壳 x5 -> #1685@(70,109)
[13:00:29] {"kind": "action", "what": "attack_obj", "name": null, "qty": null, "tid": 1685, "ts": "13:00:29"}
[13:00:33] t=2668 MOVE t=2668 SIEGE 拔防御壳 x5 -> #1685@(70,109); aahunt x2 -> (125,84)
[13:00:33] {"kind": "action", "what": "attack_move", "name": null, "qty": null, "tid": null, "ts": "13:00:33"}
[13:00:35] t=2671 MOVE raid x2 -> (70,117); t=2671 SIEGE 拔防御壳 x5 -> #1685@(70,109)
[13:00:35] {"kind": "action", "what": "attack_move", "name": null, "qty": null, "tid": null, "ts": "13:00:35"}
[13:00:35] t=2674 ESCORT 坦克#4277 -> 护航矿车@[114, 133]
[13:00:35] {"kind": "action", "what": "attack_move", "name": null, "qty": null, "tid": null, "ts": "13:00:35"}
[13:00:37] t=2676 ALARM unit lost -> 攻势保持（塔阵守家, 前线 26 个单位继续进攻）
[13:00:39] t=2676 MOVE assault x4 -> (98,99); t=2676 SIEGE STAGING x4/5 (前沿集结, 齐冲再上)
[13:00:39] {"kind": "action", "what": "attack_move", "name": null, "qty": null, "tid": null, "ts": "13:00:39"}
[13:00:47] t=2687 tick#1050 credits=0 stance=attack | jev 1050 decisions p50=1724ms
[13:00:51] t=2693 MOVE assault x4 -> (98,99); t=2693 SIEGE STAGING x4/5 (前沿集结, 齐冲再上)
[13:00:51] {"kind": "action", "what": "attack_move", "name": null, "qty": null, "tid": null, "ts": "13:00:51"}
[13:01:04] t=2709 MOVE assault x4 -> (98,99); t=2709 SIEGE STAGING x4/5 (前沿集结, 齐冲再上); aahunt x2 -> (125,84)
[13:01:04] {"kind": "action", "what": "attack_move", "name": null, "qty": null, "tid": null, "ts": "13:01:04"}
[13:01:04] {"kind": "action", "what": "attack_move", "name": null, "qty": null, "tid": null, "ts": "13:01:04"}
[13:01:06] t=2712 MOVE raid x1 -> (70,117); t=2712 SIEGE STAGING x4/5 (前沿集结, 齐冲再上)
[13:01:06] {"kind": "action", "what": "attack_move", "name": null, "qty": null, "tid": null, "ts": "13:01:06"}
[13:01:06] t=2715 ESCORT 坦克#4277 -> 护航矿车@[116, 130]
[13:01:06] {"kind": "action", "what": "attack_move", "name": null, "qty": null, "tid": null, "ts": "13:01:06"}
[13:01:12] t=2720 MOVE t=2720 SIEGE STAGING x4/5 (前沿集结, 齐冲再上); hold_a x11 -> (133,86); hold_b x10 -> (126,75)
[13:01:12] {"kind": "action", "what": "attack_move", "name": null, "qty": null, "tid": null, "ts": "13:01:12"}
[13:01:12] {"kind": "action", "what": "attack_move", "name": null, "qty": null, "tid": null, "ts": "13:01:12"}
[13:01:16] t=2726 MOVE assault x4 -> (98,99); t=2726 SIEGE STAGING x4/5 (前沿集结, 齐冲再上)
[13:01:16] {"kind": "action", "what": "attack_move", "name": null, "qty": null, "tid": null, "ts": "13:01:16"}
[13:01:16] t=2729 ALARM unit lost -> 攻势保持（塔阵守家, 前线 25 个单位继续进攻）
[13:01:28] t=2742 MOVE assault x3 -> (98,99); t=2742 SIEGE STAGING x3/5 (前沿集结, 齐冲再上)
[13:01:29] {"kind": "action", "what": "attack_move", "name": null, "qty": null, "tid": null, "ts": "13:01:29"}
[13:01:35] t=2751 MOVE t=2751 SIEGE STAGING x3/5 (前沿集结, 齐冲再上); aahunt x2 -> (125,84)
[13:01:35] {"kind": "action", "what": "attack_move", "name": null, "qty": null, "tid": null, "ts": "13:01:35"}
[13:01:37] t=2756 ESCORT 坦克#4303 -> 护航矿车@[89, 58]
[13:01:37] {"kind": "action", "what": "attack_move", "name": null, "qty": null, "tid": null, "ts": "13:01:37"}
[13:01:39] t=2756 tick#1075 credits=0 stance=attack | jev 1075 decisions p50=1735ms
[13:01:41] t=2759 MOVE assault x3 -> (98,99); t=2759 SIEGE STAGING x3/5 (前沿集结, 齐冲再上)
[13:01:41] {"kind": "action", "what": "attack_move", "name": null, "qty": null, "tid": null, "ts": "13:01:41"}
[13:01:53] t=2775 MOVE assault x3 -> (98,99); t=2775 SIEGE STAGING x3/5 (前沿集结, 齐冲再上)
[13:01:53] {"kind": "action", "what": "attack_move", "name": null, "qty": null, "tid": null, "ts": "13:01:53"}
[13:01:59] t=2783 jev VEH HARV HOLD (预算保护 cash=791 aav帽=ok aav=3)
[13:01:59] t=2786 HARASS DRON x2 (have 0)
[13:01:59] {"kind": "action", "what": "produce", "name": "DRON", "qty": 2, "tid": null, "ts": "13:01:59"}
[13:02:03] t=2791 RETREAT HTK(6%)
[13:02:03] {"kind": "action", "what": "move", "name": null, "qty": null, "tid": null, "ts": "13:02:03"}
[13:02:05] t=2791 MOVE assault x4 -> (98,99); t=2791 SIEGE STAGING x4/5 (前沿集结, 齐冲再上); aahunt x2 -> (125,84)
[13:02:05] {"kind": "action", "what": "attack_move", "name": null, "qty": null, "tid": null, "ts": "13:02:05"}
[13:02:05] {"kind": "action", "what": "attack_move", "name": null, "qty": null, "tid": null, "ts": "13:02:05"}
[13:02:07] t=2794 MOVE raid x1 -> (70,117); assault x5 -> 攻击目标#1685@(70,109); t=2794 SIEGE 拔防御壳 x5 -> #1685@(70,109)
[13:02:07] {"kind": "action", "what": "attack_move", "name": null, "qty": null, "tid": null, "ts": "13:02:07"}
[13:02:08] {"kind": "action", "what": "attack_obj", "name": null, "qty": null, "tid": 1685, "ts": "13:02:08"}
[13:02:08] t=2797 ESCORT 坦克#4303 -> 护航矿车@[87, 64]
[13:02:08] {"kind": "action", "what": "attack_move", "name": null, "qty": null, "tid": null, "ts": "13:02:08"}
[13:02:14] t=2803 MOVE t=2803 SIEGE 拔防御壳 x5 -> #1685@(70,109); hold_a x11 -> (133,86); hold_b x10 -> (126,75)
[13:02:14] {"kind": "action", "what": "attack_move", "name": null, "qty": null, "tid": null, "ts": "13:02:14"}
[13:02:14] {"kind": "action", "what": "attack_move", "name": null, "qty": null, "tid": null, "ts": "13:02:14"}
[13:02:20] t=2811 MOVE assault x5 -> 攻击目标#1685@(70,109); t=2811 SIEGE 拔防御壳 x5 -> #1685@(70,109)
[13:02:20] {"kind": "action", "what": "attack_obj", "name": null, "qty": null, "tid": 1685, "ts": "13:02:20"}
[13:02:22] t=2814 MOVE t=2814 GHOST detected #1685@[70, 109] (集火150gs不倒, 拉黑); assault x5 -> 攻击目标#3572@(68,112); t=2814 SIEGE 拔防御壳 x5 -> #3572@(68,112)
[13:02:22] {"kind": "action", "what": "attack_obj", "name": null, "qty": null, "tid": 3572, "ts": "13:02:22"}
[13:02:25] t=2820 RETREAT HTNK(32%)
[13:02:25] {"kind": "action", "what": "move", "name": null, "qty": null, "tid": null, "ts": "13:02:25"}
[13:02:29] t=2826 ALARM unit lost -> 攻势保持（塔阵守家, 前线 25 个单位继续进攻）
[13:02:31] t=2826 MOVE assault x4 -> (98,99); t=2826 SIEGE STAGING x4/5 (前沿集结, 齐冲再上)
[13:02:31] {"kind": "action", "what": "attack_move", "name": null, "qty": null, "tid": null, "ts": "13:02:31"}
[13:02:31] t=2826 tick#1100 credits=0 stance=attack | jev 1100 decisions p50=1743ms
[13:02:35] t=2831 MOVE t=2831 SIEGE STAGING x4/5 (前沿集结, 齐冲再上); aahunt x2 -> (125,84)
[13:02:35] {"kind": "action", "what": "attack_move", "name": null, "qty": null, "tid": null, "ts": "13:02:35"}
[13:02:40] t=2837 MOVE raid x1 -> (70,117); t=2837 SIEGE STAGING x4/5 (前沿集结, 齐冲再上)
[13:02:40] {"kind": "action", "what": "attack_move", "name": null, "qty": null, "tid": null, "ts": "13:02:40"}
[13:02:40] t=2840 ALARM unit lost -> 攻势保持（塔阵守家, 前线 26 个单位继续进攻）
[13:02:40] t=2840 ESCORT 坦克#4330 -> 护航矿车@[116, 133]
[13:02:40] {"kind": "action", "what": "attack_move", "name": null, "qty": null, "tid": null, "ts": "13:02:40"}
[13:02:44] t=2843 MOVE assault x3 -> (98,99); t=2843 SIEGE STAGING x3/5 (前沿集结, 齐冲再上)
[13:02:44] {"kind": "action", "what": "attack_move", "name": null, "qty": null, "tid": null, "ts": "13:02:44"}
[13:02:57] t=2860 jev VEH HARV HOLD (预算保护 cash=238 aav帽=ok aav=2)
[13:02:57] t=2860 MOVE assault x4 -> (98,99); t=2860 SIEGE STAGING x4/5 (前沿集结, 齐冲再上)
[13:02:57] {"kind": "action", "what": "attack_move", "name": null, "qty": null, "tid": null, "ts": "13:02:57"}
[13:02:59] t=2863 jev VEH HARV HOLD (预算保护 cash=168 aav帽=ok aav=2)
[13:03:01] t=2866 jev VEH HARV HOLD (预算保护 cash=99 aav帽=ok aav=2)
[13:03:03] t=2868 jev VEH HARV HOLD (预算保护 cash=31 aav帽=ok aav=2)
[13:03:05] t=2871 jev VEH HARV HOLD (预算保护 cash=0 aav帽=ok aav=2)
[13:03:07] t=2874 jev VEH HARV HOLD (预算保护 cash=0 aav帽=ok aav=2)
[13:03:07] t=2874 MOVE t=2874 SIEGE STAGING x4/5 (前沿集结, 齐冲再上); aahunt x2 -> (125,84)
[13:03:07] {"kind": "action", "what": "attack_move", "name": null, "qty": null, "tid": null, "ts": "13:03:07"}
[13:03:09] t=2877 jev VEH HARV HOLD (预算保护 cash=0 aav帽=ok aav=2)
[13:03:09] t=2877 MOVE assault x4 -> (98,99); t=2877 SIEGE STAGING x4/5 (前沿集结, 齐冲再上)
[13:03:09] {"kind": "action", "what": "attack_move", "name": null, "qty": null, "tid": null, "ts": "13:03:09"}
[13:03:12] t=2880 jev VEH HARV HOLD (预算保护 cash=0 aav帽=ok aav=2)
[13:03:12] t=2880 MOVE raid x2 -> (70,117); t=2880 SIEGE STAGING x4/5 (前沿集结, 齐冲再上)
[13:03:12] {"kind": "action", "what": "attack_move", "name": null, "qty": null, "tid": null, "ts": "13:03:12"}
[13:03:12] t=2883 ESCORT 坦克#4330 -> 护航矿车@[114, 134]
[13:03:12] {"kind": "action", "what": "attack_move", "name": null, "qty": null, "tid": null, "ts": "13:03:12"}
[13:03:14] t=2883 jev VEH HARV HOLD (预算保护 cash=0 aav帽=ok aav=2)
[13:03:16] t=2885 jev VEH HARV HOLD (预算保护 cash=0 aav帽=ok aav=2)
[13:03:16] t=2885 MOVE t=2885 SIEGE STAGING x4/5 (前沿集结, 齐冲再上); hold_a x11 -> (133,86); hold_b x10 -> (126,75)
[13:03:16] {"kind": "action", "what": "attack_move", "name": null, "qty": null, "tid": null, "ts": "13:03:16"}
[13:03:16] {"kind": "action", "what": "attack_move", "name": null, "qty": null, "tid": null, "ts": "13:03:16"}
[13:03:18] t=2888 jev VEH HARV HOLD (预算保护 cash=0 aav帽=ok aav=2)
[13:03:20] t=2891 jev VEH HARV HOLD (预算保护 cash=0 aav帽=ok aav=2)
[13:03:22] t=2894 jev VEH HARV HOLD (预算保护 cash=0 aav帽=ok aav=2)
[13:03:22] t=2894 MOVE assault x4 -> (98,99); t=2894 SIEGE STAGING x4/5 (前沿集结, 齐冲再上)
[13:03:22] {"kind": "action", "what": "attack_move", "name": null, "qty": null, "tid": null, "ts": "13:03:22"}
[13:03:22] t=2897 ALARM unit lost -> 攻势保持（塔阵守家, 前线 25 个单位继续进攻）
[13:03:24] t=2897 jev VEH HARV HOLD (预算保护 cash=359 aav帽=ok aav=2)
[13:03:24] t=2897 tick#1125 credits=359 stance=attack | jev 1125 decisions p50=1755ms
[13:03:26] t=2899 jev VEH HARV HOLD (预算保护 cash=295 aav帽=ok aav=2)
[13:03:28] t=2902 jev VEH HARV HOLD (预算保护 cash=290 aav帽=ok aav=2)
[13:03:30] t=2905 jev VEH HARV HOLD (预算保护 cash=290 aav帽=ok aav=2)
[13:03:32] t=2907 jev VEH HARV HOLD (预算保护 cash=290 aav帽=ok aav=2)
[13:03:34] t=2910 jev VEH HARV HOLD (预算保护 cash=290 aav帽=ok aav=2)
[13:03:34] t=2910 MOVE assault x3 -> (98,99); t=2910 SIEGE STAGING x3/5 (前沿集结, 齐冲再上)
[13:03:34] {"kind": "action", "what": "attack_move", "name": null, "qty": null, "tid": null, "ts": "13:03:34"}
[13:03:37] t=2913 jev VEH HARV HOLD (预算保护 cash=290 aav帽=ok aav=2)
[13:03:39] t=2916 jev VEH HARV HOLD (预算保护 cash=290 aav帽=ok aav=2)
[13:03:39] t=2916 MOVE t=2916 SIEGE STAGING x3/5 (前沿集结, 齐冲再上); aahunt x2 -> (125,84)
[13:03:39] {"kind": "action", "what": "attack_move", "name": null, "qty": null, "tid": null, "ts": "13:03:39"}
[13:03:41] t=2919 jev VEH HARV HOLD (预算保护 cash=290 aav帽=ok aav=2)
[13:03:41] t=2921 POWER plant (reserve 55)
[13:03:41] {"kind": "action", "what": "produce", "name": "NAPOWR", "qty": 1, "tid": null, "ts": "13:03:41"}
[13:03:43] t=2921 jev VEH HARV HOLD (预算保护 cash=1240 aav帽=ok aav=2)
[13:03:43] t=2921 MOVE raid x1 -> (70,117); t=2921 SIEGE STAGING x3/5 (前沿集结, 齐冲再上)
[13:03:43] {"kind": "action", "what": "attack_move", "name": null, "qty": null, "tid": null, "ts": "13:03:43"}
[13:03:43] t=2924 HARASS DRON x2 (have 1)
[13:03:43] t=2924 ESCORT 坦克#4366 -> 护航矿车@[120, 114]
[13:03:43] {"kind": "action", "what": "produce", "name": "DRON", "qty": 2, "tid": null, "ts": "13:03:43"}
[13:03:43] {"kind": "action", "what": "attack_move", "name": null, "qty": null, "tid": null, "ts": "13:03:43"}
[13:03:47] t=2927 MOVE assault x3 -> (98,99); t=2927 SIEGE STAGING x3/5 (前沿集结, 齐冲再上)
[13:03:47] {"kind": "action", "what": "attack_move", "name": null, "qty": null, "tid": null, "ts": "13:03:47"}
[13:03:49] t=2932 TANK HTNK x1
[13:03:49] {"kind": "action", "what": "produce", "name": "HTNK", "qty": 1, "tid": null, "ts": "13:03:49"}
[13:03:51] t=2932 MOVE assault x5 -> 攻击目标#3572@(68,112); t=2932 SIEGE 拔防御壳 x5 -> #3572@(68,112)
[13:03:51] {"kind": "action", "what": "attack_obj", "name": null, "qty": null, "tid": 3572, "ts": "13:03:51"}
[13:03:57] t=2940 jev VEH HARV HOLD (预算保护 cash=59 aav帽=ok aav=2)
[13:03:59] t=2943 jev VEH HARV HOLD (预算保护 cash=0 aav帽=ok aav=2)
[13:03:59] t=2946 ALARM unit lost -> 攻势保持（塔阵守家, 前线 28 个单位继续进攻）
[13:04:01] t=2946 jev VEH HARV HOLD (预算保护 cash=0 aav帽=ok aav=2)
[13:04:03] t=2949 jev VEH HARV HOLD (预算保护 cash=0 aav帽=ok aav=2)
[13:04:03] t=2949 MOVE assault x5 -> 攻击目标#3572@(68,112); t=2949 SIEGE 拔防御壳 x5 -> #3572@(68,112)
[13:04:03] {"kind": "action", "what": "attack_obj", "name": null, "qty": null, "tid": 3572, "ts": "13:04:03"}
[13:04:05] t=2951 jev VEH HARV HOLD (预算保护 cash=215 aav帽=ok aav=2)
[13:04:07] t=2954 jev VEH HARV HOLD (预算保护 cash=215 aav帽=ok aav=2)
[13:04:09] t=2957 jev VEH HARV HOLD (预算保护 cash=215 aav帽=ok aav=2)
[13:04:09] t=2957 MOVE t=2957 SIEGE 拔防御壳 x5 -> #3572@(68,112); aahunt x2 -> (125,84)
[13:04:10] {"kind": "action", "what": "attack_move", "name": null, "qty": null, "tid": null, "ts": "13:04:10"}
[13:04:12] t=2960 jev VEH HARV HOLD (预算保护 cash=215 aav帽=ok aav=2)
[13:04:12] t=2963 RETREAT HTNK(35%)
[13:04:12] {"kind": "action", "what": "move", "name": null, "qty": null, "tid": null, "ts": "13:04:12"}
[13:04:14] t=2963 jev VEH HARV HOLD (预算保护 cash=215 aav帽=ok aav=2)
[13:04:14] t=2963 MOVE raid x2 -> (70,117); t=2963 SIEGE 拔防御壳 x5 -> #3572@(68,112)
[13:04:14] {"kind": "action", "what": "attack_move", "name": null, "qty": null, "tid": null, "ts": "13:04:14"}
[13:04:14] t=2965 ALARM unit lost -> 攻势保持（塔阵守家, 前线 26 个单位继续进攻）
[13:04:14] t=2965 ESCORT 坦克#4382 -> 护航矿车@[126, 105]
[13:04:14] {"kind": "action", "what": "attack_move", "name": null, "qty": null, "tid": null, "ts": "13:04:14"}
[13:04:16] t=2965 jev VEH HARV HOLD (预算保护 cash=215 aav帽=ok aav=2)
[13:04:16] t=2965 MOVE t=2965 GHOST detected #3572@[68, 112] (集火150gs不倒, 拉黑); assault x4 -> 攻击目标#1209@(75,115); t=2965 SIEGE 清建筑 x4 -> #1209@(75,115); hold_a x11 -> (133,86); hold_b x10 -> (126,75)
[13:04:16] {"kind": "action", "what": "attack_obj", "name": null, "qty": null, "tid": 1209, "ts": "13:04:16"}
[13:04:16] {"kind": "action", "what": "attack_move", "name": null, "qty": null, "tid": null, "ts": "13:04:16"}
[13:04:16] {"kind": "action", "what": "attack_move", "name": null, "qty": null, "tid": null, "ts": "13:04:16"}
[13:04:16] t=2965 tick#1150 credits=215 stance=attack | jev 1150 decisions p50=1756ms
[13:04:18] t=2968 jev VEH HARV HOLD (预算保护 cash=215 aav帽=ok aav=2)
[13:04:18] t=2971 TANK HTNK x2
[13:04:18] t=2971 DEBT-GATE HTNK x2 (debt=0 eff=1340 < 1800)
[13:04:20] t=2971 jev VEH HARV HOLD (预算保护 cash=1340 aav帽=ok aav=2)
[13:04:20] t=2974 TANK HTNK x2
[13:04:20] t=2974 DEBT-GATE HTNK x2 (debt=0 eff=1340 < 1800)
[13:04:22] t=2974 jev VEH HARV HOLD (预算保护 cash=1340 aav帽=ok aav=2)
[13:04:22] t=2977 TANK HTNK x2
[13:04:22] t=2977 DEBT-GATE HTNK x2 (debt=0 eff=1340 < 1800)
[13:04:24] t=2977 jev VEH HARV HOLD (预算保护 cash=1340 aav帽=ok aav=2)
[13:04:24] t=2979 ALARM unit lost -> 攻势保持（塔阵守家, 前线 26 个单位继续进攻）
[13:04:24] t=2979 TANK HTNK x2
[13:04:24] t=2979 DEBT-GATE HTNK x2 (debt=0 eff=1340 < 1800)
[13:04:26] t=2979 jev VEH HARV HOLD (预算保护 cash=1340 aav帽=ok aav=2)
[13:04:26] t=2982 TANK HTNK x2
[13:04:26] t=2982 DEBT-GATE HTNK x2 (debt=0 eff=1340 < 1800)
[13:04:28] t=2982 jev VEH HARV HOLD (预算保护 cash=1340 aav帽=ok aav=2)
[13:04:28] t=2982 MOVE assault x3 -> 攻击目标#1209@(75,115); t=2982 SIEGE 清建筑 x3 -> #1209@(75,115)
[13:04:28] {"kind": "action", "what": "attack_obj", "name": null, "qty": null, "tid": 1209, "ts": "13:04:28"}
[13:04:29] t=2985 TANK HTNK x2
[13:04:29] t=2985 DEBT-GATE HTNK x2 (debt=0 eff=1340 < 1800)
[13:04:30] t=2985 jev VEH HARV HOLD (预算保护 cash=1340 aav帽=ok aav=2)
[13:04:31] t=2987 TANK HTNK x2
[13:04:31] t=2987 DEBT-GATE HTNK x2 (debt=0 eff=1340 < 1800)
[13:04:32] t=2987 jev VEH HARV HOLD (预算保护 cash=1340 aav帽=ok aav=2)
[13:04:33] t=2990 TANK HTNK x2
[13:04:33] t=2990 DEBT-GATE HTNK x2 (debt=0 eff=1340 < 1800)
[13:04:35] t=2993 ALARM unit lost -> 攻势保持（塔阵守家, 前线 24 个单位继续进攻）
[13:04:35] t=2993 HARASS DRON x2 (have 1)
[13:04:35] {"kind": "action", "what": "produce", "name": "DRON", "qty": 2, "tid": null, "ts": "13:04:35"}
[13:04:37] t=2993 jev BUILD NATECH HOLD (资金闸门: 坦克优先, cash=1340)
[13:04:37] t=2993 MOVE assault x2 -> 攻击目标#1636@(69,125); t=2993 SIEGE 拔裂缝产生器 x2 -> #1636@(69,125)
[13:04:37] {"kind": "action", "what": "attack_obj", "name": null, "qty": null, "tid": 1636, "ts": "13:04:37"}
[13:04:41] t=2999 MOVE t=2999 SIEGE 拔裂缝产生器 x4 -> #1636@(69,125); aahunt x2 -> (125,84)
[13:04:41] {"kind": "action", "what": "attack_move", "name": null, "qty": null, "tid": null, "ts": "13:04:41"}
[13:04:43] t=3002 jev VEH HARV HOLD (预算保护 cash=540 aav帽=ok aav=2)
[13:04:45] t=3004 jev VEH HARV HOLD (预算保护 cash=540 aav帽=ok aav=2)
[13:04:45] t=3004 MOVE raid x4 -> (70,117); t=3004 SIEGE 拔裂缝产生器 x5 -> #1636@(69,125)
[13:04:45] {"kind": "action", "what": "attack_move", "name": null, "qty": null, "tid": null, "ts": "13:04:45"}
[13:04:45] t=3007 ESCORT 坦克#4384 -> 护航矿车@[120, 115]
[13:04:45] {"kind": "action", "what": "attack_move", "name": null, "qty": null, "tid": null, "ts": "13:04:45"}
[13:04:47] t=3007 jev VEH HARV HOLD (预算保护 cash=540 aav帽=ok aav=2)
[13:04:47] t=3010 TANK HTNK x1
[13:04:47] {"kind": "action", "what": "produce", "name": "HTNK", "qty": 1, "tid": null, "ts": "13:04:47"}
[13:04:49] t=3010 MOVE assault x5 -> 攻击目标#1636@(69,125); t=3010 SIEGE 拔裂缝产生器 x5 -> #1636@(69,125)
[13:04:49] {"kind": "action", "what": "attack_obj", "name": null, "qty": null, "tid": 1636, "ts": "13:04:49"}
[13:04:49] t=3013 ALARM unit lost -> 攻势保持（塔阵守家, 前线 26 个单位继续进攻）
[13:04:51] t=3013 jev BUILD NATECH HOLD (资金闸门: 坦克优先, cash=565)
[13:04:53] t=3015 jev BUILD NATECH HOLD (资金闸门: 坦克优先, cash=224)
[13:04:56] t=3018 jev BUILD NATECH HOLD (资金闸门: 坦克优先, cash=15)
[13:04:56] t=3018 jev VEH HARV HOLD (预算保护 cash=15 aav帽=ok aav=2)
[13:04:58] t=3021 jev BUILD NATECH HOLD (资金闸门: 坦克优先, cash=15)
[13:04:58] t=3021 jev VEH HARV HOLD (预算保护 cash=15 aav帽=ok aav=2)
[13:05:00] t=3024 jev BUILD NATECH HOLD (资金闸门: 坦克优先, cash=15)
[13:05:00] t=3024 jev VEH HARV HOLD (预算保护 cash=15 aav帽=ok aav=2)
[13:05:02] t=3027 jev BUILD NATECH HOLD (资金闸门: 坦克优先, cash=15)
[13:05:02] t=3027 jev VEH HARV HOLD (预算保护 cash=15 aav帽=ok aav=2)
[13:05:02] t=3027 MOVE assault x5 -> 攻击目标#1636@(69,125); t=3027 SIEGE 拔裂缝产生器 x5 -> #1636@(69,125)
[13:05:02] {"kind": "action", "what": "attack_obj", "name": null, "qty": null, "tid": 1636, "ts": "13:05:02"}
[13:05:04] t=3030 jev BUILD NATECH HOLD (资金闸门: 坦克优先, cash=15)
[13:05:04] t=3030 jev VEH HARV HOLD (预算保护 cash=15 aav帽=ok aav=2)
[13:05:06] t=3032 jev BUILD NATECH HOLD (资金闸门: 坦克优先, cash=15)
[13:05:06] t=3032 jev VEH HARV HOLD (预算保护 cash=15 aav帽=ok aav=2)
[13:05:08] t=3035 jev BUILD NATECH HOLD (资金闸门: 坦克优先, cash=15)
[13:05:08] t=3035 jev VEH HARV HOLD (预算保护 cash=15 aav帽=ok aav=2)
[13:05:08] t=3035 tick#1175 credits=15 stance=attack | jev 1175 decisions p50=1760ms
[13:05:10] t=3038 jev BUILD NATECH HOLD (资金闸门: 坦克优先, cash=15)
[13:05:10] t=3038 jev VEH HARV HOLD (预算保护 cash=15 aav帽=ok aav=2)
[13:05:13] t=3041 jev BUILD NATECH HOLD (资金闸门: 坦克优先, cash=15)
[13:05:13] t=3041 jev VEH HARV HOLD (预算保护 cash=15 aav帽=ok aav=2)
[13:05:13] t=3041 MOVE t=3041 SIEGE 拔裂缝产生器 x5 -> #1636@(69,125); aahunt x2 -> (125,84)
[13:05:13] {"kind": "action", "what": "attack_move", "name": null, "qty": null, "tid": null, "ts": "13:05:13"}
[13:05:15] t=3044 jev BUILD NATECH HOLD (资金闸门: 坦克优先, cash=390)
[13:05:15] t=3044 jev VEH HARV HOLD (预算保护 cash=390 aav帽=ok aav=2)
[13:05:15] t=3044 MOVE assault x5 -> 攻击目标#1636@(69,125); t=3044 SIEGE 拔裂缝产生器 x5 -> #1636@(69,125)
[13:05:15] {"kind": "action", "what": "attack_obj", "name": null, "qty": null, "tid": 1636, "ts": "13:05:15"}
[13:05:17] t=3047 jev BUILD NATECH HOLD (资金闸门: 坦克优先, cash=390)
[13:05:17] t=3047 jev VEH HARV HOLD (预算保护 cash=390 aav帽=ok aav=2)
[13:05:17] t=3047 MOVE raid x3 -> (70,117); t=3047 SIEGE 拔裂缝产生器 x5 -> #1636@(69,125); hold_a x11 -> (133,86); hold_b x10 -> (126,75)
[13:05:17] {"kind": "action", "what": "attack_move", "name": null, "qty": null, "tid": null, "ts": "13:05:17"}
[13:05:17] {"kind": "action", "what": "attack_move", "name": null, "qty": null, "tid": null, "ts": "13:05:17"}
[13:05:17] {"kind": "action", "what": "attack_move", "name": null, "qty": null, "tid": null, "ts": "13:05:17"}
[13:05:17] t=3050 ESCORT 坦克#4384 -> 护航矿车@[114, 136]
[13:05:17] {"kind": "action", "what": "attack_move", "name": null, "qty": null, "tid": null, "ts": "13:05:17"}
[13:05:19] t=3050 jev BUILD NATECH HOLD (资金闸门: 坦克优先, cash=390)
[13:05:19] t=3050 jev VEH HARV HOLD (预算保护 cash=390 aav帽=ok aav=2)
[13:05:21] t=3053 jev BUILD NATECH HOLD (资金闸门: 坦克优先, cash=390)
[13:05:21] t=3053 jev VEH HARV HOLD (预算保护 cash=390 aav帽=ok aav=2)
[13:05:22] t=3055 ALARM unit lost -> 攻势保持（塔阵守家, 前线 24 个单位继续进攻）
[13:05:23] t=3055 jev BUILD NATECH HOLD (资金闸门: 坦克优先, cash=390)
[13:05:23] t=3055 jev VEH HARV HOLD (预算保护 cash=390 aav帽=ok aav=2)
[13:05:26] t=3058 jev BUILD NATECH HOLD (资金闸门: 坦克优先, cash=390)
[13:05:26] t=3058 jev VEH HARV HOLD (预算保护 cash=390 aav帽=ok aav=2)
[13:05:28] t=3061 jev BUILD NATECH HOLD (资金闸门: 坦克优先, cash=390)
[13:05:28] t=3061 jev VEH HARV HOLD (预算保护 cash=390 aav帽=ok aav=2)
[13:05:28] t=3061 MOVE assault x4 -> 攻击目标#1636@(69,125); t=3061 SIEGE 拔裂缝产生器 x4 -> #1636@(69,125)
[13:05:28] {"kind": "action", "what": "attack_obj", "name": null, "qty": null, "tid": 1636, "ts": "13:05:28"}
[13:05:30] t=3064 jev BUILD NATECH HOLD (资金闸门: 坦克优先, cash=390)
[13:05:30] t=3064 jev VEH HARV HOLD (预算保护 cash=390 aav帽=ok aav=2)
[13:05:30] t=3067 ALARM unit lost -> 攻势保持（塔阵守家, 前线 25 个单位继续进攻）
[13:05:32] t=3067 jev BUILD NATECH HOLD (资金闸门: 坦克优先, cash=390)
[13:05:32] t=3067 jev VEH HARV HOLD (预算保护 cash=390 aav帽=ok aav=2)
[13:05:34] t=3069 jev BUILD NATECH HOLD (资金闸门: 坦克优先, cash=390)
[13:05:34] t=3069 jev VEH HARV HOLD (预算保护 cash=390 aav帽=ok aav=2)
[13:05:36] t=3072 jev BUILD NATECH HOLD (资金闸门: 坦克优先, cash=390)
[13:05:36] t=3072 jev VEH HARV HOLD (预算保护 cash=390 aav帽=ok aav=2)
[13:05:38] t=3075 jev BUILD NATECH HOLD (资金闸门: 坦克优先, cash=390)
[13:05:38] t=3075 jev VEH HARV HOLD (预算保护 cash=390 aav帽=ok aav=2)
[13:05:40] t=3078 jev BUILD NATECH HOLD (资金闸门: 坦克优先, cash=390)
[13:05:40] t=3078 jev VEH HARV HOLD (预算保护 cash=390 aav帽=ok aav=2)
[13:05:40] t=3078 MOVE assault x3 -> 攻击目标#1636@(69,125); t=3078 SIEGE 拔裂缝产生器 x3 -> #1636@(69,125)
[13:05:40] {"kind": "action", "what": "attack_obj", "name": null, "qty": null, "tid": 1636, "ts": "13:05:40"}
[13:05:42] t=3081 jev BUILD NATECH HOLD (资金闸门: 坦克优先, cash=390)
[13:05:42] t=3081 jev VEH HARV HOLD (预算保护 cash=390 aav帽=ok aav=2)
[13:05:44] t=3083 jev BUILD NATECH HOLD (资金闸门: 坦克优先, cash=390)
[13:05:44] t=3083 jev VEH HARV HOLD (预算保护 cash=390 aav帽=ok aav=2)
[13:05:44] t=3083 MOVE t=3083 SIEGE 拔裂缝产生器 x3 -> #1636@(69,125); aahunt x2 -> (125,84)
[13:05:44] {"kind": "action", "what": "attack_move", "name": null, "qty": null, "tid": null, "ts": "13:05:44"}
[13:05:47] t=3086 jev BUILD NATECH HOLD (资金闸门: 坦克优先, cash=390)
[13:05:47] t=3086 jev VEH HARV HOLD (预算保护 cash=390 aav帽=ok aav=2)
[13:05:49] t=3089 jev BUILD NATECH HOLD (资金闸门: 坦克优先, cash=390)
[13:05:49] t=3089 jev VEH HARV HOLD (预算保护 cash=390 aav帽=ok aav=2)
[13:05:49] t=3089 MOVE raid x1 -> (70,117); t=3089 SIEGE 拔裂缝产生器 x3 -> #1636@(69,125)
[13:05:49] {"kind": "action", "what": "attack_move", "name": null, "qty": null, "tid": null, "ts": "13:05:49"}
[13:05:49] t=3092 ESCORT 坦克#4422 -> 护航矿车@[117, 134]
[13:05:49] {"kind": "action", "what": "attack_move", "name": null, "qty": null, "tid": null, "ts": "13:05:49"}
[13:05:51] t=3092 jev BUILD NATECH HOLD (资金闸门: 坦克优先, cash=390)
[13:05:51] t=3092 jev VEH HARV HOLD (预算保护 cash=390 aav帽=ok aav=2)
[13:05:53] t=3095 jev BUILD NATECH HOLD (资金闸门: 坦克优先, cash=390)
[13:05:53] t=3095 jev VEH HARV HOLD (预算保护 cash=390 aav帽=ok aav=2)
[13:05:53] t=3095 MOVE assault x3 -> 攻击目标#1636@(69,125); t=3095 SIEGE 拔裂缝产生器 x3 -> #1636@(69,125)
[13:05:53] {"kind": "action", "what": "attack_obj", "name": null, "qty": null, "tid": 1636, "ts": "13:05:53"}
[13:05:53] t=3098 ALARM unit lost -> 攻势保持（塔阵守家, 前线 24 个单位继续进攻）
[13:05:55] t=3098 jev BUILD NATECH HOLD (资金闸门: 坦克优先, cash=390)
[13:05:55] t=3098 jev VEH HARV HOLD (预算保护 cash=390 aav帽=ok aav=2)
[13:05:57] t=3101 jev BUILD NATECH HOLD (资金闸门: 坦克优先, cash=390)
[13:05:57] t=3101 jev VEH HARV HOLD (预算保护 cash=390 aav帽=ok aav=2)
[13:05:59] t=3103 jev BUILD NATECH HOLD (资金闸门: 坦克优先, cash=390)
[13:05:59] t=3103 jev VEH HARV HOLD (预算保护 cash=390 aav帽=ok aav=2)
[13:06:02] t=3106 jev BUILD NATECH HOLD (资金闸门: 坦克优先, cash=390)
[13:06:02] t=3106 jev VEH HARV HOLD (预算保护 cash=390 aav帽=ok aav=2)
[13:06:02] t=3106 tick#1200 credits=390 stance=attack | jev 1200 decisions p50=1765ms
[13:06:04] t=3109 jev BUILD NATECH HOLD (资金闸门: 坦克优先, cash=390)
[13:06:04] t=3109 jev VEH HARV HOLD (预算保护 cash=390 aav帽=ok aav=2)
[13:06:06] t=3112 jev BUILD NATECH HOLD (资金闸门: 坦克优先, cash=390)
[13:06:06] t=3112 jev VEH HARV HOLD (预算保护 cash=390 aav帽=ok aav=2)
[13:06:06] t=3112 MOVE assault x2 -> 攻击目标#1636@(69,125); t=3112 SIEGE 拔裂缝产生器 x2 -> #1636@(69,125)
[13:06:06] {"kind": "action", "what": "attack_obj", "name": null, "qty": null, "tid": 1636, "ts": "13:06:06"}
[13:06:08] t=3115 jev BUILD NATECH HOLD (资金闸门: 坦克优先, cash=390)
[13:06:08] t=3115 jev VEH HARV HOLD (预算保护 cash=390 aav帽=ok aav=2)
[13:06:08] t=3118 HARASS DRON x2 (have 0)
[13:06:08] {"kind": "action", "what": "produce", "name": "DRON", "qty": 2, "tid": null, "ts": "13:06:08"}
[13:06:10] t=3118 jev BUILD NATECH HOLD (资金闸门: 坦克优先, cash=1515)
[13:06:12] t=3120 jev BUILD NATECH HOLD (资金闸门: 坦克优先, cash=1212)
[13:06:14] t=3123 jev BUILD NATECH HOLD (资金闸门: 坦克优先, cash=1268)
[13:06:14] t=3126 TANK HTNK x1
[13:06:15] {"kind": "action", "what": "produce", "name": "HTNK", "qty": 1, "tid": null, "ts": "13:06:15"}
[13:06:16] t=3126 jev BUILD NATECH HOLD (资金闸门: 坦克优先, cash=1090)
[13:06:16] t=3126 MOVE t=3126 SIEGE 拔裂缝产生器 x4 -> #1636@(69,125); aahunt x2 -> (125,84)
[13:06:16] {"kind": "action", "what": "attack_move", "name": null, "qty": null, "tid": null, "ts": "13:06:16"}
[13:06:19] t=3129 jev BUILD NATECH HOLD (资金闸门: 坦克优先, cash=1040)
[13:06:19] t=3129 MOVE assault x4 -> 攻击目标#1636@(69,125); t=3129 SIEGE 拔裂缝产生器 x4 -> #1636@(69,125); hold_a x11 -> (133,86); hold_b x10 -> (126,75)
[13:06:19] {"kind": "action", "what": "attack_obj", "name": null, "qty": null, "tid": 1636, "ts": "13:06:19"}
[13:06:19] {"kind": "action", "what": "attack_move", "name": null, "qty": null, "tid": null, "ts": "13:06:19"}
[13:06:19] {"kind": "action", "what": "attack_move", "name": null, "qty": null, "tid": null, "ts": "13:06:19"}
[13:06:21] t=3132 jev BUILD NATECH HOLD (资金闸门: 坦克优先, cash=665)
[13:06:21] t=3132 MOVE raid x2 -> (70,117); t=3132 SIEGE 拔裂缝产生器 x4 -> #1636@(69,125)
[13:06:21] {"kind": "action", "what": "attack_move", "name": null, "qty": null, "tid": null, "ts": "13:06:21"}
[13:06:21] t=3135 ESCORT 坦克#4455 -> 护航矿车@[104, 92]
[13:06:21] {"kind": "action", "what": "attack_move", "name": null, "qty": null, "tid": null, "ts": "13:06:21"}
[13:06:23] t=3135 jev BUILD NATECH HOLD (资金闸门: 坦克优先, cash=490)
[13:06:23] t=3135 jev VEH HARV HOLD (预算保护 cash=490 aav帽=ok aav=2)
[13:06:25] t=3138 jev BUILD NATECH HOLD (资金闸门: 坦克优先, cash=490)
[13:06:25] t=3138 jev VEH HARV HOLD (预算保护 cash=490 aav帽=ok aav=2)
[13:06:27] t=3140 jev BUILD NATECH HOLD (资金闸门: 坦克优先, cash=490)
[13:06:27] t=3140 jev VEH HARV HOLD (预算保护 cash=490 aav帽=ok aav=2)
[13:06:29] t=3143 jev BUILD NATECH HOLD (资金闸门: 坦克优先, cash=490)
[13:06:29] t=3143 jev VEH HARV HOLD (预算保护 cash=490 aav帽=ok aav=2)
[13:06:31] t=3146 jev BUILD NATECH HOLD (资金闸门: 坦克优先, cash=490)
[13:06:31] t=3146 jev VEH HARV HOLD (预算保护 cash=490 aav帽=ok aav=2)
[13:06:31] t=3146 MOVE t=3146 GHOST detected #1636@[69, 125] (集火150gs不倒, 拉黑); assault x5 -> 攻击目标#1106@(80,122); t=3146 SIEGE 清建筑 x5 -> #1106@(80,122)
[13:06:31] {"kind": "action", "what": "attack_obj", "name": null, "qty": null, "tid": 1106, "ts": "13:06:31"}
[13:06:33] t=3149 jev BUILD NATECH HOLD (资金闸门: 坦克优先, cash=490)
[13:06:33] t=3149 jev VEH HARV HOLD (预算保护 cash=490 aav帽=ok aav=2)
[13:06:35] t=3151 jev BUILD NATECH HOLD (资金闸门: 坦克优先, cash=490)
[13:06:35] t=3151 jev VEH HARV HOLD (预算保护 cash=490 aav帽=ok aav=2)
[13:06:37] t=3154 jev BUILD NATECH HOLD (资金闸门: 坦克优先, cash=490)
[13:06:37] t=3154 jev VEH HARV HOLD (预算保护 cash=490 aav帽=ok aav=2)
[13:06:40] t=3157 jev BUILD NATECH HOLD (资金闸门: 坦克优先, cash=490)
[13:06:40] t=3157 jev VEH HARV HOLD (预算保护 cash=490 aav帽=ok aav=2)
[13:06:42] t=3160 jev BUILD NATECH HOLD (资金闸门: 坦克优先, cash=490)
[13:06:42] t=3160 jev VEH HARV HOLD (预算保护 cash=490 aav帽=ok aav=2)
[13:06:42] t=3162 TANK HTNK x2
[13:06:42] t=3162 DEBT-GATE HTNK x2 (debt=0 eff=1615 < 1800)
[13:06:44] t=3162 jev BUILD NATECH HOLD (资金闸门: 坦克优先, cash=1615)
[13:06:44] t=3162 jev VEH HARV HOLD (预算保护 cash=1615 aav帽=ok aav=2)
[13:06:44] t=3162 MOVE assault x5 -> 攻击目标#1106@(80,122); t=3162 SIEGE 清建筑 x5 -> #1106@(80,122)
[13:06:44] {"kind": "action", "what": "attack_obj", "name": null, "qty": null, "tid": 1106, "ts": "13:06:44"}
[13:06:44] t=3165 TANK HTNK x2
[13:06:44] t=3165 DEBT-GATE HTNK x2 (debt=0 eff=1615 < 1800)
[13:06:46] t=3165 jev BUILD NATECH HOLD (资金闸门: 坦克优先, cash=1615)
[13:06:46] t=3168 TANK HTNK x2
[13:06:46] t=3168 DEBT-GATE HTNK x2 (debt=0 eff=1615 < 1800)
[13:06:48] t=3168 jev BUILD NATECH HOLD (资金闸门: 坦克优先, cash=1615)
[13:06:48] t=3168 MOVE t=3168 SIEGE 清建筑 x5 -> #1106@(80,122); aahunt x2 -> (125,84)
[13:06:48] {"kind": "action", "what": "attack_move", "name": null, "qty": null, "tid": null, "ts": "13:06:48"}
[13:06:48] t=3171 TANK HTNK x2
[13:06:48] t=3171 DEBT-GATE HTNK x2 (debt=0 eff=1615 < 1800)
[13:06:50] t=3171 jev BUILD NATECH HOLD (资金闸门: 坦克优先, cash=1615)
[13:06:50] t=3174 TANK HTNK x2
[13:06:50] t=3174 DEBT-GATE HTNK x2 (debt=0 eff=1615 < 1800)
[13:06:52] t=3174 jev BUILD NATECH HOLD (资金闸门: 坦克优先, cash=1615)
[13:06:52] t=3174 jev VEH HARV HOLD (预算保护 cash=1615 aav帽=ok aav=2)
[13:06:52] t=3174 MOVE raid x2 -> (70,117); t=3174 SIEGE 清建筑 x5 -> #1106@(80,122)
[13:06:52] {"kind": "action", "what": "attack_move", "name": null, "qty": null, "tid": null, "ts": "13:06:52"}
[13:06:52] t=3176 TANK HTNK x2
[13:06:52] t=3176 ESCORT 坦克#4462 -> 护航矿车@[128, 105]
[13:06:52] t=3176 DEBT-GATE HTNK x2 (debt=0 eff=1615 < 1800)
[13:06:52] {"kind": "action", "what": "attack_move", "name": null, "qty": null, "tid": null, "ts": "13:06:52"}
[13:06:54] t=3176 jev BUILD NATECH HOLD (资金闸门: 坦克优先, cash=1615)
[13:06:54] t=3176 jev VEH HARV HOLD (预算保护 cash=1615 aav帽=ok aav=2)
[13:06:54] t=3176 tick#1225 credits=1615 stance=attack | jev 1225 decisions p50=1772ms
[13:06:54] t=3179 TANK HTNK x2
[13:06:54] t=3179 DEBT-GATE HTNK x2 (debt=0 eff=1615 < 1800)
[13:06:56] t=3179 jev BUILD NATECH HOLD (资金闸门: 坦克优先, cash=1615)
[13:06:56] t=3179 jev VEH HARV HOLD (预算保护 cash=1615 aav帽=ok aav=2)
[13:06:56] t=3179 MOVE assault x5 -> 攻击目标#1062@(75,118); t=3179 SIEGE 清建筑 x5 -> #1062@(75,118)
[13:06:56] {"kind": "action", "what": "attack_obj", "name": null, "qty": null, "tid": 1062, "ts": "13:06:56"}
[13:06:56] t=3182 TANK HTNK x2
[13:06:56] t=3182 DEBT-GATE HTNK x2 (debt=0 eff=1615 < 1800)
[13:06:58] t=3182 jev BUILD NATECH HOLD (资金闸门: 坦克优先, cash=1615)
[13:06:58] t=3182 jev VEH HARV HOLD (预算保护 cash=1615 aav帽=ok aav=2)
[13:06:59] t=3185 TANK HTNK x2
[13:06:59] t=3185 DEBT-GATE HTNK x2 (debt=0 eff=1615 < 1800)
[13:07:00] t=3185 jev BUILD NATECH HOLD (资金闸门: 坦克优先, cash=1615)
[13:07:00] t=3185 jev VEH HARV HOLD (预算保护 cash=1615 aav帽=ok aav=2)
[13:07:01] t=3188 ALARM unit lost -> 攻势保持（塔阵守家, 前线 24 个单位继续进攻）
[13:07:01] t=3188 HARASS DRON x2 (have 1)
[13:07:01] t=3188 TANK HTNK x1
[13:07:01] {"kind": "action", "what": "produce", "name": "DRON", "qty": 2, "tid": null, "ts": "13:07:01"}
[13:07:01] {"kind": "action", "what": "produce", "name": "HTNK", "qty": 1, "tid": null, "ts": "13:07:01"}
[13:07:02] t=3188 jev BUILD NATECH HOLD (资金闸门: 坦克优先, cash=1915)
[13:07:04] t=3190 jev BUILD NATECH HOLD (资金闸门: 坦克优先, cash=1612)
[13:07:07] t=3193 jev BUILD NATECH HOLD (资金闸门: 坦克优先, cash=1308)
[13:07:07] t=3193 MOVE assault x6 -> 攻击目标#1125@(83,126); t=3193 SIEGE 清建筑 x6 -> #1125@(83,126)
[13:07:07] {"kind": "action", "what": "attack_obj", "name": null, "qty": null, "tid": 1125, "ts": "13:07:07"}
[13:07:09] t=3196 jev BUILD NATECH HOLD (资金闸门: 坦克优先, cash=982)
[13:07:11] t=3199 jev BUILD NATECH HOLD (资金闸门: 坦克优先, cash=649)
[13:07:13] t=3201 jev BUILD NATECH HOLD (资金闸门: 坦克优先, cash=299)
[13:07:15] t=3204 jev BUILD NATECH HOLD (资金闸门: 坦克优先, cash=215)
[13:07:15] t=3204 jev VEH HARV HOLD (预算保护 cash=215 aav帽=ok aav=2)
[13:07:17] t=3207 jev BUILD NATECH HOLD (资金闸门: 坦克优先, cash=690)
[13:07:17] t=3207 jev VEH HARV HOLD (预算保护 cash=690 aav帽=ok aav=2)
[13:07:19] t=3210 jev BUILD NATECH HOLD (资金闸门: 坦克优先, cash=690)
[13:07:19] t=3210 jev VEH HARV HOLD (预算保护 cash=690 aav帽=ok aav=2)
[13:07:19] t=3210 MOVE assault x8 -> 攻击目标#1125@(83,126); t=3210 SIEGE 清建筑 x8 -> #1125@(83,126); hold_a x11 -> (133,86); hold_b x10 -> (126,75); aahunt x2 -> (125,84)
[13:07:19] {"kind": "action", "what": "attack_obj", "name": null, "qty": null, "tid": 1125, "ts": "13:07:19"}
[13:07:19] {"kind": "action", "what": "attack_move", "name": null, "qty": null, "tid": null, "ts": "13:07:19"}
[13:07:19] {"kind": "action", "what": "attack_move", "name": null, "qty": null, "tid": null, "ts": "13:07:19"}
[13:07:19] {"kind": "action", "what": "attack_move", "name": null, "qty": null, "tid": null, "ts": "13:07:19"}
[13:07:22] t=3213 jev BUILD NATECH HOLD (资金闸门: 坦克优先, cash=690)
[13:07:22] t=3213 jev VEH HARV HOLD (预算保护 cash=690 aav帽=ok aav=2)
[13:07:24] t=3216 jev BUILD NATECH HOLD (资金闸门: 坦克优先, cash=690)
[13:07:24] t=3216 jev VEH HARV HOLD (预算保护 cash=690 aav帽=ok aav=2)
[13:07:24] t=3216 MOVE raid x4 -> (70,117); t=3216 SIEGE 清建筑 x8 -> #1125@(83,126)
[13:07:24] {"kind": "action", "what": "attack_move", "name": null, "qty": null, "tid": null, "ts": "13:07:24"}
[13:07:24] t=3219 ESCORT 坦克#4455 -> 护航矿车@[117, 134]
[13:07:24] {"kind": "action", "what": "attack_move", "name": null, "qty": null, "tid": null, "ts": "13:07:24"}
[13:07:26] t=3219 jev BUILD NATECH HOLD (资金闸门: 坦克优先, cash=690)
[13:07:26] t=3219 jev VEH HARV HOLD (预算保护 cash=690 aav帽=ok aav=2)
[13:07:26] t=3222 TANK HTNK x1
[13:07:26] {"kind": "action", "what": "produce", "name": "HTNK", "qty": 1, "tid": null, "ts": "13:07:26"}
[13:07:28] t=3222 jev BUILD NATECH HOLD (资金闸门: 坦克优先, cash=915)
[13:07:30] t=3225 jev BUILD NATECH HOLD (资金闸门: 坦克优先, cash=565)
[13:07:32] t=3227 jev BUILD NATECH HOLD (资金闸门: 坦克优先, cash=207)
[13:07:32] t=3227 MOVE assault x8 -> 攻击目标#1062@(75,118); t=3227 SIEGE 清建筑 x8 -> #1062@(75,118)
[13:07:32] {"kind": "action", "what": "attack_obj", "name": null, "qty": null, "tid": 1062, "ts": "13:07:32"}
[13:07:33] t=3230 ALARM unit lost -> 攻势保持（塔阵守家, 前线 27 个单位继续进攻）
[13:07:34] t=3230 jev BUILD NATECH HOLD (资金闸门: 坦克优先, cash=15)
[13:07:34] t=3230 jev VEH HARV HOLD (预算保护 cash=15 aav帽=ok aav=2)
[13:07:34] t=3230 MOVE assault x8 -> 攻击目标#1125@(83,126); t=3230 SIEGE 清建筑 x8 -> #1125@(83,126)
[13:07:35] {"kind": "action", "what": "attack_obj", "name": null, "qty": null, "tid": 1125, "ts": "13:07:35"}
[13:07:37] t=3233 jev BUILD NATECH HOLD (资金闸门: 坦克优先, cash=15)
[13:07:37] t=3233 jev VEH HARV HOLD (预算保护 cash=15 aav帽=ok aav=2)
[13:07:39] t=3236 jev BUILD NATECH HOLD (资金闸门: 坦克优先, cash=390)
[13:07:39] t=3236 jev VEH HARV HOLD (预算保护 cash=390 aav帽=ok aav=2)
[13:07:41] t=3239 jev BUILD NATECH HOLD (资金闸门: 坦克优先, cash=390)
[13:07:41] t=3239 jev VEH HARV HOLD (预算保护 cash=390 aav帽=ok aav=2)
[13:07:43] t=3241 jev BUILD NATECH HOLD (资金闸门: 坦克优先, cash=390)
[13:07:43] t=3241 jev VEH HARV HOLD (预算保护 cash=390 aav帽=ok aav=2)
[13:07:45] t=3244 jev BUILD NATECH HOLD (资金闸门: 坦克优先, cash=390)
[13:07:45] t=3244 jev VEH HARV HOLD (预算保护 cash=390 aav帽=ok aav=2)
[13:07:45] t=3244 MOVE assault x8 -> 攻击目标#1062@(75,118); t=3244 SIEGE 清建筑 x8 -> #1062@(75,118)
[13:07:45] {"kind": "action", "what": "attack_obj", "name": null, "qty": null, "tid": 1062, "ts": "13:07:45"}
[13:07:47] t=3247 jev BUILD NATECH HOLD (资金闸门: 坦克优先, cash=390)
[13:07:47] t=3247 jev VEH HARV HOLD (预算保护 cash=390 aav帽=ok aav=2)
[13:07:47] t=3247 tick#1250 credits=390 stance=attack | jev 1250 decisions p50=1775ms
[13:07:49] t=3250 jev VEH HARV HOLD (预算保护 cash=390 aav帽=ok aav=2)
[13:07:49] t=3250 MOVE t=3250 SIEGE 清建筑 x8 -> #1062@(75,118); aahunt x2 -> (125,84)
[13:07:49] {"kind": "action", "what": "attack_move", "name": null, "qty": null, "tid": null, "ts": "13:07:49"}
[13:07:51] t=3253 jev VEH HARV HOLD (预算保护 cash=390 aav帽=ok aav=2)
[13:07:54] t=3256 jev BUILD NATECH HOLD (资金闸门: 坦克优先, cash=390)
[13:07:54] t=3256 jev VEH HARV HOLD (预算保护 cash=390 aav帽=ok aav=2)
[13:07:56] t=3259 jev BUILD NATECH HOLD (资金闸门: 坦克优先, cash=390)
[13:07:56] t=3259 jev VEH HARV HOLD (预算保护 cash=390 aav帽=ok aav=2)
[13:07:56] t=3259 MOVE raid x3 -> (70,117); t=3259 SIEGE 清建筑 x8 -> #1062@(75,118)
[13:07:56] {"kind": "action", "what": "attack_move", "name": null, "qty": null, "tid": null, "ts": "13:07:56"}
[13:07:56] t=3261 ESCORT 坦克#4422 -> 护航矿车@[117, 133]
[13:07:56] {"kind": "action", "what": "attack_move", "name": null, "qty": null, "tid": null, "ts": "13:07:56"}
[13:07:58] t=3261 jev VEH HARV HOLD (预算保护 cash=390 aav帽=ok aav=2)
[13:07:58] t=3261 MOVE assault x8 -> 攻击目标#1046@(71,114); t=3261 SIEGE 清建筑 x8 -> #1046@(71,114)
[13:07:58] {"kind": "action", "what": "attack_obj", "name": null, "qty": null, "tid": 1046, "ts": "13:07:58"}
[13:07:58] t=3265 ALARM unit lost -> 攻势保持（塔阵守家, 前线 25 个单位继续进攻）
[13:08:00] t=3265 jev VEH HARV HOLD (预算保护 cash=390 aav帽=ok aav=2)
[13:08:00] t=3265 MOVE assault x6 -> 攻击目标#2313@(71,110); t=3265 SIEGE 清建筑 x6 -> #2313@(71,110)
[13:08:00] {"kind": "action", "what": "attack_obj", "name": null, "qty": null, "tid": 2313, "ts": "13:08:00"}
[13:08:01] t=3267 RETREAT DRON(10%)
[13:08:01] {"kind": "action", "what": "move", "name": null, "qty": null, "tid": null, "ts": "13:08:01"}
[13:08:03] t=3267 jev VEH HARV HOLD (预算保护 cash=390 aav帽=ok aav=2)
[13:08:03] t=3270 ALARM unit lost -> 攻势保持（塔阵守家, 前线 25 个单位继续进攻）
[13:08:05] t=3270 jev VEH HARV HOLD (预算保护 cash=390 aav帽=ok aav=2)
[13:08:07] t=3273 jev VEH HARV HOLD (预算保护 cash=390 aav帽=ok aav=2)
[13:08:09] t=3276 jev VEH HARV HOLD (预算保护 cash=390 aav帽=ok aav=2)
[13:08:11] t=3279 jev VEH HARV HOLD (预算保护 cash=390 aav帽=ok aav=2)
[13:08:13] t=3282 jev VEH HARV HOLD (预算保护 cash=390 aav帽=ok aav=2)
[13:08:13] t=3282 MOVE assault x6 -> 攻击目标#2313@(71,110); t=3282 SIEGE 清建筑 x6 -> #2313@(71,110)
[13:08:14] {"kind": "action", "what": "attack_obj", "name": null, "qty": null, "tid": 2313, "ts": "13:08:14"}
[13:08:16] t=3285 jev VEH HARV HOLD (预算保护 cash=390 aav帽=ok aav=2)
[13:08:18] t=3288 jev VEH HARV HOLD (预算保护 cash=390 aav帽=ok aav=2)
[13:08:20] t=3291 jev VEH HARV HOLD (预算保护 cash=390 aav帽=ok aav=2)
[13:08:20] t=3291 MOVE t=3291 SIEGE 清建筑 x6 -> #2313@(71,110); hold_a x11 -> (133,86); hold_b x10 -> (126,75); aahunt x2 -> (125,84)
[13:08:20] {"kind": "action", "what": "attack_move", "name": null, "qty": null, "tid": null, "ts": "13:08:20"}
[13:08:20] {"kind": "action", "what": "attack_move", "name": null, "qty": null, "tid": null, "ts": "13:08:20"}
[13:08:20] {"kind": "action", "what": "attack_move", "name": null, "qty": null, "tid": null, "ts": "13:08:20"}
[13:08:22] t=3294 jev VEH HARV HOLD (预算保护 cash=390 aav帽=ok aav=2)
[13:08:25] t=3297 jev VEH HARV HOLD (预算保护 cash=390 aav帽=ok aav=2)
[13:08:25] t=3300 ALARM unit lost -> 攻势保持（塔阵守家, 前线 24 个单位继续进攻）
[13:08:27] t=3300 jev VEH HARV HOLD (预算保护 cash=390 aav帽=ok aav=2)
[13:08:27] t=3300 MOVE raid x1 -> (70,117); assault x5 -> 攻击目标#1046@(71,114); t=3300 SIEGE 清建筑 x5 -> #1046@(71,114)
[13:08:27] {"kind": "action", "what": "attack_move", "name": null, "qty": null, "tid": null, "ts": "13:08:27"}
[13:08:27] {"kind": "action", "what": "attack_obj", "name": null, "qty": null, "tid": 1046, "ts": "13:08:27"}
[13:08:27] t=3303 ALARM unit lost -> 攻势保持（塔阵守家, 前线 23 个单位继续进攻）
[13:08:27] t=3303 ESCORT 坦克#4527 -> 护航矿车@[120, 116]
[13:08:27] {"kind": "action", "what": "attack_move", "name": null, "qty": null, "tid": null, "ts": "13:08:27"}
[13:08:29] t=3303 jev VEH HARV HOLD (预算保护 cash=390 aav帽=ok aav=2)
[13:08:31] t=3306 jev VEH HARV HOLD (预算保护 cash=390 aav帽=ok aav=2)
[13:08:33] t=3308 jev VEH HARV HOLD (预算保护 cash=390 aav帽=ok aav=2)
[13:08:35] t=3311 jev VEH HARV HOLD (预算保护 cash=390 aav帽=ok aav=2)
[13:08:37] t=3314 jev VEH HARV HOLD (预算保护 cash=390 aav帽=ok aav=2)
[13:08:39] t=3317 jev VEH HARV HOLD (预算保护 cash=390 aav帽=ok aav=2)
[13:08:39] t=3317 MOVE assault x4 -> 攻击目标#1046@(71,114); t=3317 SIEGE 清建筑 x4 -> #1046@(71,114)
[13:08:39] {"kind": "action", "what": "attack_obj", "name": null, "qty": null, "tid": 1046, "ts": "13:08:39"}
[13:08:40] t=3320 ALARM unit lost -> 攻势保持（塔阵守家, 前线 23 个单位继续进攻）
[13:08:40] t=3320 HARASS DRON x2 (have 0)
[13:08:40] {"kind": "action", "what": "produce", "name": "DRON", "qty": 2, "tid": null, "ts": "13:08:40"}
[13:08:42] t=3320 MOVE assault x3 -> 攻击目标#1045@(70,117); t=3320 SIEGE 清建筑 x3 -> #1045@(70,117)
[13:08:42] {"kind": "action", "what": "attack_obj", "name": null, "qty": null, "tid": 1045, "ts": "13:08:42"}
[13:08:42] t=3320 tick#1275 credits=840 stance=attack | jev 1275 decisions p50=1787ms
[13:08:46] t=3326 MOVE assault x4 -> 攻击目标#2313@(71,110); t=3326 SIEGE 清建筑 x4 -> #2313@(71,110)
[13:08:46] {"kind": "action", "what": "attack_obj", "name": null, "qty": null, "tid": 2313, "ts": "13:08:46"}
[13:08:48] t=3329 jev VEH HARV HOLD (预算保护 cash=40 aav帽=ok aav=2)
[13:08:50] t=3331 jev VEH HARV HOLD (预算保护 cash=40 aav帽=ok aav=2)
[13:08:50] t=3331 MOVE t=3331 SIEGE 清建筑 x5 -> #2313@(71,110); aahunt x2 -> (125,84)
[13:08:50] {"kind": "action", "what": "attack_move", "name": null, "qty": null, "tid": null, "ts": "13:08:50"}
[13:08:53] t=3334 jev VEH HARV HOLD (预算保护 cash=40 aav帽=ok aav=2)
[13:08:55] t=3337 jev VEH HARV HOLD (预算保护 cash=40 aav帽=ok aav=2)
[13:08:57] t=3340 jev VEH HARV HOLD (预算保护 cash=40 aav帽=ok aav=2)
[13:08:57] t=3340 MOVE raid x2 -> (70,117); t=3340 SIEGE 清建筑 x5 -> #2313@(71,110)
[13:08:57] {"kind": "action", "what": "attack_move", "name": null, "qty": null, "tid": null, "ts": "13:08:57"}
[13:08:57] t=3343 ESCORT 坦克#4745 -> 护航矿车@[90, 58]
[13:08:57] {"kind": "action", "what": "attack_move", "name": null, "qty": null, "tid": null, "ts": "13:08:57"}
[13:08:59] t=3343 jev VEH HARV HOLD (预算保护 cash=40 aav帽=ok aav=2)
[13:08:59] t=3343 MOVE assault x5 -> 攻击目标#2313@(71,110); t=3343 SIEGE 清建筑 x5 -> #2313@(71,110)
[13:08:59] {"kind": "action", "what": "attack_obj", "name": null, "qty": null, "tid": 2313, "ts": "13:08:59"}
[13:09:01] t=3346 jev VEH HARV HOLD (预算保护 cash=415 aav帽=ok aav=2)
[13:09:03] t=3349 jev VEH HARV HOLD (预算保护 cash=415 aav帽=ok aav=2)
[13:09:03] t=3349 MOVE assault x5 -> 攻击目标#1052@(74,122); t=3349 SIEGE 清建筑 x5 -> #1052@(74,122)
[13:09:03] {"kind": "action", "what": "attack_obj", "name": null, "qty": null, "tid": 1052, "ts": "13:09:03"}
[13:09:06] t=3352 jev VEH HARV HOLD (预算保护 cash=415 aav帽=ok aav=2)
[13:09:08] t=3355 jev VEH HARV HOLD (预算保护 cash=415 aav帽=ok aav=2)
[13:09:08] t=3355 MOVE assault x5 -> 攻击目标#1045@(70,117); t=3355 SIEGE 清建筑 x5 -> #1045@(70,117)
[13:09:08] {"kind": "action", "what": "attack_obj", "name": null, "qty": null, "tid": 1045, "ts": "13:09:08"}
[13:09:08] t=3358 TANK HTNK x2
[13:09:08] t=3358 DEBT-GATE HTNK x2 (debt=0 eff=1540 < 1800)
[13:09:10] t=3358 jev VEH HARV HOLD (预算保护 cash=1540 aav帽=ok aav=2)
[13:09:10] t=3361 TANK HTNK x2
[13:09:10] t=3361 DEBT-GATE HTNK x2 (debt=0 eff=1540 < 1800)
[13:09:12] t=3361 jev VEH HARV HOLD (预算保护 cash=1540 aav帽=ok aav=2)
[13:09:12] t=3361 MOVE assault x5 -> 攻击目标#1052@(74,122); t=3361 SIEGE 清建筑 x5 -> #1052@(74,122)
[13:09:13] {"kind": "action", "what": "attack_obj", "name": null, "qty": null, "tid": 1052, "ts": "13:09:13"}
[13:09:13] t=3364 TANK HTNK x2
[13:09:13] t=3364 DEBT-GATE HTNK x2 (debt=0 eff=1540 < 1800)
[13:09:15] t=3364 jev VEH HARV HOLD (预算保护 cash=1540 aav帽=ok aav=2)
[13:09:15] t=3367 TANK HTNK x2
[13:09:15] t=3367 DEBT-GATE HTNK x2 (debt=0 eff=1540 < 1800)
[13:09:17] t=3367 jev VEH HARV HOLD (预算保护 cash=1540 aav帽=ok aav=2)
[13:09:17] t=3370 TANK HTNK x2
[13:09:17] t=3370 DEBT-GATE HTNK x2 (debt=0 eff=1540 < 1800)
[13:09:19] t=3370 jev VEH HARV HOLD (预算保护 cash=1540 aav帽=ok aav=2)
[13:09:20] t=3373 TANK HTNK x2
[13:09:20] t=3373 RETREAT HTNK(39%)
[13:09:20] t=3373 DEBT-GATE HTNK x2 (debt=0 eff=1540 < 1800)
[13:09:20] {"kind": "action", "what": "move", "name": null, "qty": null, "tid": null, "ts": "13:09:20"}
[13:09:22] t=3373 jev VEH HARV HOLD (预算保护 cash=1540 aav帽=ok aav=2)
[13:09:22] t=3373 MOVE t=3373 SIEGE 清建筑 x5 -> #1052@(74,122); hold_a x11 -> (133,86); hold_b x10 -> (126,75); aahunt x2 -> (125,84)
[13:09:22] {"kind": "action", "what": "attack_move", "name": null, "qty": null, "tid": null, "ts": "13:09:22"}
[13:09:22] {"kind": "action", "what": "attack_move", "name": null, "qty": null, "tid": null, "ts": "13:09:22"}
[13:09:22] {"kind": "action", "what": "attack_move", "name": null, "qty": null, "tid": null, "ts": "13:09:22"}
[13:09:22] t=3377 TANK HTNK x2
[13:09:22] t=3377 DEBT-GATE HTNK x2 (debt=0 eff=1540 < 1800)
[13:09:24] t=3377 jev VEH HARV HOLD (预算保护 cash=1540 aav帽=ok aav=2)
[13:09:25] t=3379 ALARM unit lost -> 攻势保持（塔阵守家, 前线 23 个单位继续进攻）
[13:09:25] t=3379 HARASS DRON x2 (have 1)
[13:09:25] {"kind": "action", "what": "produce", "name": "DRON", "qty": 2, "tid": null, "ts": "13:09:25"}
[13:09:27] t=3379 MOVE assault x4 -> 攻击目标#1045@(70,117); t=3379 SIEGE 清建筑 x4 -> #1045@(70,117)
[13:09:27] {"kind": "action", "what": "attack_obj", "name": null, "qty": null, "tid": 1045, "ts": "13:09:27"}
[13:09:29] t=3383 MOVE raid x1 -> (70,117); t=3383 SIEGE 清建筑 x4 -> #1045@(70,117)
[13:09:29] {"kind": "action", "what": "attack_move", "name": null, "qty": null, "tid": null, "ts": "13:09:29"}
[13:09:29] t=3386 ALARM unit lost -> 攻势保持（塔阵守家, 前线 24 个单位继续进攻）
[13:09:29] t=3386 ESCORT 坦克#4934 -> 护航矿车@[122, 104]
[13:09:29] {"kind": "action", "what": "attack_move", "name": null, "qty": null, "tid": null, "ts": "13:09:29"}
[13:09:34] t=3389 jev VEH HARV HOLD (预算保护 cash=740 aav帽=ok aav=2)
[13:09:36] t=3392 jev VEH HARV HOLD (预算保护 cash=740 aav帽=ok aav=2)
[13:09:36] t=3395 TANK HTNK x1
[13:09:36] {"kind": "action", "what": "produce", "name": "HTNK", "qty": 1, "tid": null, "ts": "13:09:36"}
[13:09:38] t=3395 tick#1300 credits=965 stance=attack | jev 1300 decisions p50=1797ms
[13:09:40] t=3398 MOVE assault x6 -> 攻击目标#1045@(70,117); t=3398 SIEGE 清建筑 x6 -> #1045@(70,117)
[13:09:40] {"kind": "action", "what": "attack_obj", "name": null, "qty": null, "tid": 1045, "ts": "13:09:40"}
[13:09:40] t=3401 ALARM unit lost -> 攻势保持（塔阵守家, 前线 25 个单位继续进攻）
[13:09:43] t=3404 TANK HTNK x1
[13:09:45] t=3404 jev VEH HARV HOLD (预算保护 cash=1190 aav帽=ok aav=2)
[13:09:45] t=3404 MOVE raid x2 -> (67,118); assault x6 -> 攻击目标#1081@(67,115); t=3404 SIEGE 清建筑 x6 -> #1081@(67,115)
[13:09:45] {"kind": "action", "what": "attack_move", "name": null, "qty": null, "tid": null, "ts": "13:09:45"}
[13:09:45] {"kind": "action", "what": "attack_obj", "name": null, "qty": null, "tid": 1081, "ts": "13:09:45"}
[13:09:45] t=3407 TANK HTNK x1
[13:09:47] t=3407 jev VEH HARV HOLD (预算保护 cash=1190 aav帽=ok aav=2)
[13:09:47] t=3410 TANK HTNK x1
[13:09:49] t=3410 jev VEH HARV HOLD (预算保护 cash=1190 aav帽=ok aav=2)
[13:09:49] t=3413 TANK HTNK x1
[13:09:51] t=3413 jev VEH HARV HOLD (预算保护 cash=1190 aav帽=ok aav=2)
[13:09:51] t=3415 TANK HTNK x1
[13:09:53] t=3415 jev VEH HARV HOLD (预算保护 cash=1190 aav帽=ok aav=2)
[13:09:53] t=3415 MOVE t=3415 SIEGE 清建筑 x6 -> #1081@(67,115); aahunt x2 -> (125,84)
[13:09:53] {"kind": "action", "what": "attack_move", "name": null, "qty": null, "tid": null, "ts": "13:09:53"}
[13:09:54] t=3418 TANK HTNK x1
[13:09:56] t=3418 jev VEH HARV HOLD (预算保护 cash=1190 aav帽=ok aav=2)
[13:09:56] t=3421 TANK HTNK x1
[13:09:58] t=3421 jev VEH HARV HOLD (预算保护 cash=1190 aav帽=ok aav=2)
[13:09:58] t=3421 MOVE assault x6 -> 攻击目标#1081@(67,115); t=3421 SIEGE 清建筑 x6 -> #1081@(67,115)
[13:09:58] {"kind": "action", "what": "attack_obj", "name": null, "qty": null, "tid": 1081, "ts": "13:09:58"}
[13:09:58] t=3424 TANK HTNK x1
[13:10:00] t=3424 jev VEH HARV HOLD (预算保护 cash=1190 aav帽=ok aav=2)
[13:10:00] t=3427 TANK HTNK x1
[13:10:00] t=3427 ESCORT 坦克#4948 -> 护航矿车@[117, 135]
[13:10:00] {"kind": "action", "what": "attack_move", "name": null, "qty": null, "tid": null, "ts": "13:10:00"}
[13:10:02] t=3427 jev VEH HARV HOLD (预算保护 cash=1190 aav帽=ok aav=2)
[13:10:02] t=3430 TANK HTNK x1
[13:10:03] {"kind": "action", "what": "produce", "name": "HTNK", "qty": 1, "tid": null, "ts": "13:10:03"}
[13:10:11] t=3439 jev VEH HARV HOLD (预算保护 cash=290 aav帽=ok aav=2)
[13:10:11] t=3439 MOVE assault x7 -> 攻击目标#1081@(67,115); t=3439 SIEGE 清建筑 x7 -> #1081@(67,115)
[13:10:11] {"kind": "action", "what": "attack_obj", "name": null, "qty": null, "tid": 1081, "ts": "13:10:11"}
[13:10:13] t=3442 jev VEH HARV HOLD (预算保护 cash=290 aav帽=ok aav=2)
[13:10:15] t=3444 jev VEH HARV HOLD (预算保护 cash=290 aav帽=ok aav=2)
[13:10:15] t=3444 MOVE raid x2 -> (67,118); t=3444 SIEGE 清建筑 x7 -> #1081@(67,115)
[13:10:15] {"kind": "action", "what": "attack_move", "name": null, "qty": null, "tid": null, "ts": "13:10:15"}
[13:10:15] t=3447 ALARM unit lost -> 攻势保持（塔阵守家, 前线 27 个单位继续进攻）
[13:10:17] t=3447 jev VEH HARV HOLD (预算保护 cash=290 aav帽=ok aav=2)
[13:10:19] t=3450 jev VEH HARV HOLD (预算保护 cash=290 aav帽=ok aav=2)
[13:10:20] t=3453 ALARM unit lost -> 攻势保持（塔阵守家, 前线 26 个单位继续进攻）
[13:10:22] t=3453 jev VEH HARV HOLD (预算保护 cash=290 aav帽=ok aav=2)
[13:10:24] t=3456 jev VEH HARV HOLD (预算保护 cash=290 aav帽=ok aav=2)
[13:10:24] t=3456 MOVE assault x5 -> 攻击目标#1081@(67,115); t=3456 SIEGE 清建筑 x5 -> #1081@(67,115); hold_a x11 -> (133,86); hold_b x10 -> (126,75); aahunt x2 -> (125,84)
[13:10:24] {"kind": "action", "what": "attack_obj", "name": null, "qty": null, "tid": 1081, "ts": "13:10:24"}
[13:10:24] {"kind": "action", "what": "attack_move", "name": null, "qty": null, "tid": null, "ts": "13:10:24"}
[13:10:24] {"kind": "action", "what": "attack_move", "name": null, "qty": null, "tid": null, "ts": "13:10:24"}
[13:10:24] {"kind": "action", "what": "attack_move", "name": null, "qty": null, "tid": null, "ts": "13:10:24"}
[13:10:26] t=3459 jev VEH HARV HOLD (预算保护 cash=665 aav帽=ok aav=2)
[13:10:28] t=3462 jev VEH HARV HOLD (预算保护 cash=665 aav帽=ok aav=2)
[13:10:30] t=3464 jev VEH HARV HOLD (预算保护 cash=665 aav帽=ok aav=2)
[13:10:30] t=3464 MOVE assault x5 -> 攻击目标#1066@(70,122); t=3464 SIEGE 清建筑 x5 -> #1066@(70,122)
[13:10:30] {"kind": "action", "what": "attack_obj", "name": null, "qty": null, "tid": 1066, "ts": "13:10:30"}
[13:10:30] t=3467 ESCORT 坦克#4948 -> 护航矿车@[117, 136]
[13:10:30] {"kind": "action", "what": "attack_move", "name": null, "qty": null, "tid": null, "ts": "13:10:30"}
[13:10:32] t=3467 jev VEH HARV HOLD (预算保护 cash=665 aav帽=ok aav=2)
[13:10:32] t=3467 tick#1325 credits=665 stance=attack | jev 1325 decisions p50=1813ms
[13:10:33] t=3470 HARASS DRON x2 (have 1)
[13:10:33] {"kind": "action", "what": "produce", "name": "DRON", "qty": 2, "tid": null, "ts": "13:10:33"}
[13:10:39] t=3476 MOVE assault x6 -> 攻击目标#1047@(67,118); t=3476 SIEGE 清建筑 x6 -> #1047@(67,118)
[13:10:39] {"kind": "action", "what": "attack_obj", "name": null, "qty": null, "tid": 1047, "ts": "13:10:39"}
[13:10:39] t=3479 RETREAT HTNK(33%)
[13:10:39] {"kind": "action", "what": "move", "name": null, "qty": null, "tid": null, "ts": "13:10:39"}
[13:10:41] t=3479 jev VEH HARV HOLD (预算保护 cash=90 aav帽=ok aav=2)
[13:10:43] t=3482 jev VEH HARV HOLD (预算保护 cash=90 aav帽=ok aav=2)
[13:10:45] t=3485 jev VEH HARV HOLD (预算保护 cash=90 aav帽=ok aav=2)
[13:10:45] t=3485 MOVE raid x3 -> (67,118); t=3485 SIEGE 清建筑 x7 -> #1047@(67,118)
[13:10:45] {"kind": "action", "what": "attack_move", "name": null, "qty": null, "tid": null, "ts": "13:10:45"}
[13:10:46] t=3488 ALARM unit lost -> 攻势保持（塔阵守家, 前线 26 个单位继续进攻）
[13:10:48] t=3488 jev VEH HARV HOLD (预算保护 cash=90 aav帽=ok aav=2)
[13:10:50] t=3491 jev VEH HARV HOLD (预算保护 cash=90 aav帽=ok aav=2)
[13:10:52] t=3493 jev VEH HARV HOLD (预算保护 cash=90 aav帽=ok aav=2)
[13:10:52] t=3493 MOVE assault x7 -> 攻击目标#1047@(67,118); t=3493 SIEGE 清建筑 x7 -> #1047@(67,118)
[13:10:52] {"kind": "action", "what": "attack_obj", "name": null, "qty": null, "tid": 1047, "ts": "13:10:52"}
[13:10:52] t=3496 ALARM unit lost -> 攻势保持（塔阵守家, 前线 26 个单位继续进攻）
[13:10:54] t=3496 jev VEH HARV HOLD (预算保护 cash=90 aav帽=ok aav=2)
[13:10:54] t=3496 MOVE t=3496 SIEGE 清建筑 x6 -> #1047@(67,118); aahunt x2 -> (125,84)
[13:10:54] {"kind": "action", "what": "attack_move", "name": null, "qty": null, "tid": null, "ts": "13:10:54"}
[13:10:54] t=3499 ALARM unit lost -> 攻势保持（塔阵守家, 前线 26 个单位继续进攻）
[13:10:56] t=3499 jev VEH HARV HOLD (预算保护 cash=90 aav帽=ok aav=2)
[13:10:56] t=3499 MOVE raid x2 -> (65,121); assault x5 -> 攻击目标#1533@(65,121); t=3499 SIEGE 清建筑 x5 -> #1533@(65,121)
[13:10:56] {"kind": "action", "what": "attack_move", "name": null, "qty": null, "tid": null, "ts": "13:10:56"}
[13:10:56] {"kind": "action", "what": "attack_obj", "name": null, "qty": null, "tid": 1533, "ts": "13:10:56"}
[13:10:59] t=3502 jev VEH HARV HOLD (预算保护 cash=615 aav帽=ok aav=2)
[13:11:01] t=3505 jev VEH HARV HOLD (预算保护 cash=615 aav帽=ok aav=2)
[13:11:01] t=3508 ESCORT 坦克#5166 -> 护航矿车@[120, 107]
[13:11:01] {"kind": "action", "what": "attack_move", "name": null, "qty": null, "tid": null, "ts": "13:11:01"}
[13:11:03] t=3508 jev VEH HARV HOLD (预算保护 cash=615 aav帽=ok aav=2)
[13:11:05] t=3511 jev VEH HARV HOLD (预算保护 cash=615 aav帽=ok aav=2)
[13:11:07] t=3514 jev VEH HARV HOLD (预算保护 cash=615 aav帽=ok aav=2)
[13:11:09] t=3517 jev VEH HARV HOLD (预算保护 cash=615 aav帽=ok aav=2)
[13:11:09] t=3517 MOVE assault x5 -> 攻击目标#1533@(65,121); t=3517 SIEGE 清建筑 x5 -> #1533@(65,121)
[13:11:09] {"kind": "action", "what": "attack_obj", "name": null, "qty": null, "tid": 1533, "ts": "13:11:09"}
[13:11:10] t=3520 ALARM unit lost -> 攻势保持（塔阵守家, 前线 26 个单位继续进攻）
[13:11:11] t=3520 jev VEH HARV HOLD (预算保护 cash=615 aav帽=ok aav=2)
[13:11:14] t=3522 jev VEH HARV HOLD (预算保护 cash=615 aav帽=ok aav=2)
[13:11:16] t=3525 jev VEH HARV HOLD (预算保护 cash=615 aav帽=ok aav=2)
[13:11:18] t=3528 jev VEH HARV HOLD (预算保护 cash=615 aav帽=ok aav=2)
[13:11:20] t=3531 jev VEH HARV HOLD (预算保护 cash=615 aav帽=ok aav=2)
[13:11:22] t=3534 jev VEH HARV HOLD (预算保护 cash=615 aav帽=ok aav=2)
[13:11:22] t=3534 MOVE assault x4 -> 攻击目标#1533@(65,121); t=3534 SIEGE 清建筑 x4 -> #1533@(65,121)
[13:11:22] {"kind": "action", "what": "attack_obj", "name": null, "qty": null, "tid": 1533, "ts": "13:11:22"}
[13:11:24] t=3536 jev VEH HARV HOLD (预算保护 cash=615 aav帽=ok aav=2)
[13:11:24] t=3536 MOVE t=3536 SIEGE 清建筑 x4 -> #1533@(65,121); hold_a x11 -> (133,86); hold_b x10 -> (126,75)
[13:11:24] {"kind": "action", "what": "attack_move", "name": null, "qty": null, "tid": null, "ts": "13:11:24"}
[13:11:24] {"kind": "action", "what": "attack_move", "name": null, "qty": null, "tid": null, "ts": "13:11:24"}
[13:11:26] t=3539 jev VEH HARV HOLD (预算保护 cash=615 aav帽=ok aav=2)
[13:11:26] t=3539 MOVE t=3539 SIEGE 清建筑 x4 -> #1533@(65,121); aahunt x2 -> (125,84)
[13:11:26] {"kind": "action", "what": "attack_move", "name": null, "qty": null, "tid": null, "ts": "13:11:26"}
[13:11:26] t=3539 tick#1350 credits=615 stance=attack | jev 1350 decisions p50=1820ms
[13:11:28] t=3542 jev VEH HARV HOLD (预算保护 cash=615 aav帽=ok aav=2)
[13:11:28] t=3542 MOVE raid x2 -> (65,121); t=3542 SIEGE 清建筑 x4 -> #1533@(65,121)
[13:11:28] {"kind": "action", "what": "attack_move", "name": null, "qty": null, "tid": null, "ts": "13:11:28"}
[13:11:31] t=3545 jev VEH HARV HOLD (预算保护 cash=615 aav帽=ok aav=2)
[13:11:33] t=3548 jev VEH HARV HOLD (预算保护 cash=615 aav帽=ok aav=2)
[13:11:33] t=3551 TANK HTNK x2
[13:11:33] t=3551 ESCORT 坦克#5072 -> 护航矿车@[95, 94]
[13:11:33] t=3551 DEBT-GATE HTNK x2 (debt=0 eff=1740 < 1800)
[13:11:33] {"kind": "action", "what": "attack_move", "name": null, "qty": null, "tid": null, "ts": "13:11:33"}
[13:11:35] t=3551 jev VEH HARV HOLD (预算保护 cash=1740 aav帽=ok aav=2)
[13:11:35] t=3551 MOVE raid x2 -> (69,125); assault x4 -> (69,125); hold_a x11 -> (134,86); hold_b x10 -> (126,76)
[13:11:35] {"kind": "action", "what": "attack_move", "name": null, "qty": null, "tid": null, "ts": "13:11:35"}
[13:11:35] {"kind": "action", "what": "attack_move", "name": null, "qty": null, "tid": null, "ts": "13:11:35"}
[13:11:35] {"kind": "action", "what": "attack_move", "name": null, "qty": null, "tid": null, "ts": "13:11:35"}
[13:11:35] {"kind": "action", "what": "attack_move", "name": null, "qty": null, "tid": null, "ts": "13:11:35"}
[13:11:35] t=3554 ALARM unit lost -> 攻势保持（塔阵守家, 前线 23 个单位继续进攻）
[13:11:35] t=3554 HARASS DRON x2 (have 1)
[13:11:35] t=3554 TANK HTNK x1
[13:11:35] t=3554 RETREAT DRON(38%)
[13:11:35] {"kind": "action", "what": "produce", "name": "DRON", "qty": 2, "tid": null, "ts": "13:11:35"}
[13:11:35] {"kind": "action", "what": "produce", "name": "HTNK", "qty": 1, "tid": null, "ts": "13:11:35"}
[13:11:35] {"kind": "action", "what": "move", "name": null, "qty": null, "tid": null, "ts": "13:11:35"}
[13:11:38] t=3557 ALARM unit lost -> 攻势保持（塔阵守家, 前线 23 个单位继续进攻）
[13:11:40] t=3560 ALARM unit lost -> 攻势保持（塔阵守家, 前线 24 个单位继续进攻）
[13:11:48] t=3568 MOVE assault x3 -> (69,125)
[13:11:48] {"kind": "action", "what": "attack_move", "name": null, "qty": null, "tid": null, "ts": "13:11:48"}
[13:11:50] t=3571 jev VEH HARV HOLD (预算保护 cash=715 aav帽=ok aav=2)
[13:11:52] t=3574 jev VEH HARV HOLD (预算保护 cash=715 aav帽=ok aav=2)
[2026-10-07 13:11:52] {"kind": "report", "result": "victory", "t": 3576, "ticks": 1363, "crisis_ticks": 171, "stance": "attack", "jev": {"decisions": 1362, "errors": 0, "input_tokens": 4860782, "output_tokens": 0, "p50_ms": 1825, "p95_ms": 1943}, "enemy_base": [69, 125], "ts": "2026-10-07 13:11:52"}
[13:11:53] REVIEW game#83 victory → game-0083-review.md | changes=0
{
  "result": "victory",
  "t": 3576,
  "ticks": 1363,
  "crisis_ticks": 171,
  "stance": "attack",
  "jev": {
    "decisions": 1362,
    "errors": 0,
    "input_tokens": 4860782,
    "output_tokens": 0,
    "p50_ms": 1825,
    "p95_ms": 1943
  },
  "enemy_base": [
    69,
    125
  ],
  "ts": "2026-10-07 13:11:52",
  "review": {
    "game_no": 83,
    "rootcause": "attrition",
    "auto_tuned": 0
  }
}
