[13:44:46] 进局中(全自动)...
[13:45:10] {"kind": "start", "policy": "ra2web-jev-player/1.0", "maxDecisions": 1200, "micro": {"events": [{"kind": "micro", "t": 0, "what": "start"}], "loopN": 1, "on": true, "outcome": null, "stall": false}, "ts": "13:45:10"}
[13:45:10] === ra2web-jev-player start (tick=1.5s, max_decisions=1200) ===
[13:45:11] t=1 DEPLOY mcv
[13:45:11] {"kind": "action", "what": "deploy", "ids": [1042], "ts": "13:45:11"}
[13:45:11] {"kind": "action", "what": "deploy", "name": null, "qty": null, "ts": "13:45:11"}
[13:45:12] t=2 DEPLOY mcv
[13:45:12] {"kind": "action", "what": "deploy", "ids": [1042], "ts": "13:45:12"}
[13:45:12] {"kind": "action", "what": "deploy", "name": null, "qty": null, "ts": "13:45:12"}
[13:45:14] t=4 POWER plant (reserve 0)
[13:45:14] {"kind": "action", "what": "produce", "name": "NAPOWR", "qty": 1, "ts": "13:45:14"}
[13:45:14] t=4 jev STANCE defend->develop (conf 0.89)
[13:45:42] t=32 OPENING BUILD NAREFN
[13:45:42] {"kind": "action", "what": "produce", "name": "NAREFN", "qty": 1, "ts": "13:45:42"}
[13:45:47] t=37 tick#25 credits=9293 stance=develop | jev 25 decisions p50=803ms
[13:46:25] t=74 tick#50 credits=8386 stance=develop | jev 50 decisions p50=799ms
[13:47:02] t=112 tick#75 credits=7481 stance=develop | jev 75 decisions p50=799ms
[13:47:09] t=119 OPENING BUILD NAHAND
[13:47:09] {"kind": "action", "what": "produce", "name": "NAHAND", "qty": 1, "ts": "13:47:09"}
[13:47:33] t=143 DEFLINE NALASR (have 0)
[13:47:33] {"kind": "action", "what": "produce", "name": "NALASR", "qty": 1, "ts": "13:47:33"}
[13:47:33] t=143 OPENING BUILD NAWEAP
[13:47:33] {"kind": "action", "what": "produce", "name": "NAWEAP", "qty": 1, "ts": "13:47:33"}
[13:47:34] t=143 jev INF DOG (conf 0.41)
[13:47:34] {"kind": "action", "what": "produce", "name": "DOG", "qty": 1, "ts": "13:47:34"}
[13:47:40] t=149 tick#100 credits=6449 stance=develop | jev 100 decisions p50=801ms
[13:47:43] t=152 jev INF DOG (conf 0.28)
[13:47:43] {"kind": "action", "what": "produce", "name": "DOG", "qty": 1, "ts": "13:47:43"}
[13:47:52] t=161 jev INF DOG (conf 0.42)
[13:47:52] {"kind": "action", "what": "produce", "name": "DOG", "qty": 1, "ts": "13:47:52"}
[13:47:59] t=169 DEFLINE NALASR (have 1)
[13:47:59] {"kind": "action", "what": "produce", "name": "NALASR", "qty": 1, "ts": "13:47:59"}
[13:48:01] t=170 jev INF DOG (conf 0.44)
[13:48:01] {"kind": "action", "what": "produce", "name": "DOG", "qty": 1, "ts": "13:48:01"}
[13:48:10] t=179 jev INF E2 (conf 0.43)
[13:48:10] {"kind": "action", "what": "produce", "name": "E2", "qty": 1, "ts": "13:48:10"}
[13:48:16] t=185 jev INF E2 (conf 0.48)
[13:48:16] {"kind": "action", "what": "produce", "name": "E2", "qty": 1, "ts": "13:48:16"}
[13:48:17] t=187 tick#125 credits=3946 stance=develop | jev 125 decisions p50=800ms
[13:48:22] t=191 jev INF E2 (conf 0.50)
[13:48:22] {"kind": "action", "what": "produce", "name": "E2", "qty": 1, "ts": "13:48:22"}
[13:48:23] t=193 DEFLINE NALASR (have 2)
[13:48:23] {"kind": "action", "what": "produce", "name": "NALASR", "qty": 1, "ts": "13:48:23"}
[13:48:26] t=196 jev INF E2 (conf 0.43)
[13:48:26] {"kind": "action", "what": "produce", "name": "E2", "qty": 1, "ts": "13:48:26"}
[13:48:32] t=202 jev INF E2 (conf 0.42)
[13:48:32] {"kind": "action", "what": "produce", "name": "E2", "qty": 1, "ts": "13:48:32"}
[13:48:37] t=206 jev INF E2 (conf 0.43)
[13:48:37] {"kind": "action", "what": "produce", "name": "E2", "qty": 1, "ts": "13:48:37"}
[13:48:41] t=211 jev INF E2 (conf 0.46)
[13:48:42] {"kind": "action", "what": "produce", "name": "E2", "qty": 1, "ts": "13:48:42"}
[13:48:47] t=217 jev INF E2 (conf 0.43)
[13:48:47] {"kind": "action", "what": "produce", "name": "E2", "qty": 1, "ts": "13:48:47"}
[13:48:53] t=223 jev INF E2 (conf 0.50)
[13:48:53] {"kind": "action", "what": "produce", "name": "E2", "qty": 1, "ts": "13:48:53"}
[13:48:55] t=224 tick#150 credits=1910 stance=develop | jev 150 decisions p50=800ms
[13:48:58] t=227 jev INF E2 (conf 0.39)
[13:48:58] {"kind": "action", "what": "produce", "name": "E2", "qty": 1, "ts": "13:48:58"}
[13:49:00] t=230 ECON harv#2
[13:49:00] {"kind": "action", "what": "produce", "name": "HARV", "qty": 1, "ts": "13:49:00"}
[13:49:01] t=230 jev BUILD NAPOWR HOLD (资金闸门: 坦克优先, cash=1740)
[13:49:02] t=232 INSURE AA building
[13:49:02] {"kind": "action", "what": "produce", "name": "NAFLAK", "qty": 1, "ts": "13:49:02"}
[13:49:02] t=232 jev BUILD NAPOWR HOLD (资金闸门: 坦克优先, cash=1667)
[13:49:03] t=233 ALARM 敌军逼近 -> counter 14 vs 1 -> [125, 85]
[13:49:03] {"kind": "action", "what": "attack_move", "name": null, "qty": null, "ts": "13:49:03"}
[13:49:04] t=233 jev BUILD NAPOWR HOLD (资金闸门: 坦克优先, cash=1592)
[13:49:04] t=233 jev INF E2 (conf 0.26)
[13:49:04] {"kind": "action", "what": "produce", "name": "E2", "qty": 1, "ts": "13:49:04"}
[13:49:05] t=235 jev BUILD NAPOWR HOLD (资金闸门: 坦克优先, cash=1501)
[13:49:07] t=236 jev BUILD NAPOWR HOLD (资金闸门: 坦克优先, cash=1386)
[13:49:08] t=238 jev BUILD NAPOWR HOLD (资金闸门: 坦克优先, cash=1278)
[13:49:09] t=239 OPENING BUILD NAREFN
[13:49:09] {"kind": "action", "what": "produce", "name": "NAREFN", "qty": 1, "ts": "13:49:09"}
[13:49:12] t=241 jev INF E2 (conf 0.36)
[13:49:12] {"kind": "action", "what": "produce", "name": "E2", "qty": 1, "ts": "13:49:12"}
[13:49:17] t=247 jev INF E2 (conf 0.30)
[13:49:17] {"kind": "action", "what": "produce", "name": "E2", "qty": 1, "ts": "13:49:17"}
[13:49:23] t=253 jev INF E2 (conf 0.34)
[13:49:23] {"kind": "action", "what": "produce", "name": "E2", "qty": 1, "ts": "13:49:23"}
[13:49:28] t=257 jev INF E2 (conf 0.35)
[13:49:28] {"kind": "action", "what": "produce", "name": "E2", "qty": 1, "ts": "13:49:28"}
[13:49:32] t=262 tick#175 credits=1437 stance=defend | jev 175 decisions p50=799ms
[13:49:35] t=265 jev INF E2 (conf 0.28)
[13:49:35] {"kind": "action", "what": "produce", "name": "E2", "qty": 1, "ts": "13:49:35"}
[13:49:40] t=269 jev INF E2 HOLD (预算保护 gate=False e2=16)
[13:49:43] t=272 jev INF E2 HOLD (预算保护 gate=False e2=16)
[13:49:44] t=274 jev INF E2 HOLD (预算保护 gate=False e2=16)
[13:49:47] t=277 jev INF E2 HOLD (预算保护 gate=False e2=16)
[13:50:10] t=299 tick#200 credits=0 stance=defend | jev 200 decisions p50=799ms
[13:50:48] t=337 tick#225 credits=0 stance=defend | jev 225 decisions p50=799ms
[13:51:25] t=374 tick#250 credits=0 stance=defend | jev 250 decisions p50=801ms
[13:51:35] t=385 jev INF E2 (conf 0.33)
[13:51:35] {"kind": "action", "what": "produce", "name": "E2", "qty": 1, "ts": "13:51:35"}
[13:51:39] t=389 TANK HTNK x2
[13:51:39] {"kind": "action", "what": "produce", "name": "HTNK", "qty": 2, "ts": "13:51:39"}
[13:51:40] t=389 jev INF E2 (conf 0.29)
[13:51:40] {"kind": "action", "what": "produce", "name": "E2", "qty": 1, "ts": "13:51:40"}
[13:51:46] t=395 jev INF E2 (conf 0.30)
[13:51:46] {"kind": "action", "what": "produce", "name": "E2", "qty": 1, "ts": "13:51:46"}
[13:51:50] t=400 jev INF E2 (conf 0.27)
[13:51:51] {"kind": "action", "what": "produce", "name": "E2", "qty": 1, "ts": "13:51:51"}
[13:51:58] t=407 jev INF E2 HOLD (预算保护 gate=False e2=20)
[13:52:02] t=412 tick#275 credits=593 stance=defend | jev 275 decisions p50=802ms
[13:52:05] t=415 jev INF E2 HOLD (预算保护 gate=False e2=20)
[13:52:17] t=427 SCOUT #1126->[66, 121] (visit 1)
[13:52:17] {"kind": "action", "what": "attack_move", "name": null, "qty": null, "ts": "13:52:17"}
[13:52:18] t=427 jev BUILD NAPOWR HOLD (资金闸门: 坦克优先, cash=0)
[13:52:19] t=428 jev BUILD NAPOWR HOLD (资金闸门: 坦克优先, cash=0)
[13:52:21] t=430 jev BUILD NAPOWR HOLD (资金闸门: 坦克优先, cash=0)
[13:52:22] t=431 jev BUILD NAPOWR HOLD (资金闸门: 坦克优先, cash=0)
[13:52:24] t=433 jev BUILD NAPOWR HOLD (资金闸门: 坦克优先, cash=0)
[13:52:25] t=434 jev BUILD NAPOWR HOLD (资金闸门: 坦克优先, cash=0)
[13:52:26] t=436 jev BUILD NAPOWR HOLD (资金闸门: 坦克优先, cash=0)
[13:52:28] t=437 jev BUILD NAPOWR HOLD (资金闸门: 坦克优先, cash=0)
[13:52:29] t=439 jev BUILD NAPOWR HOLD (资金闸门: 坦克优先, cash=0)
[13:52:31] t=440 jev BUILD NAPOWR HOLD (资金闸门: 坦克优先, cash=0)
[13:52:33] t=442 jev BUILD NAPOWR HOLD (资金闸门: 坦克优先, cash=0)
[13:52:34] t=443 jev BUILD NAPOWR HOLD (资金闸门: 坦克优先, cash=0)
[13:52:36] t=445 jev BUILD NAPOWR HOLD (资金闸门: 坦克优先, cash=0)
[13:52:37] t=446 jev BUILD NAPOWR HOLD (资金闸门: 坦克优先, cash=0)
[13:52:38] t=448 jev BUILD NAPOWR HOLD (资金闸门: 坦克优先, cash=0)
[13:52:40] t=449 jev BUILD NAPOWR HOLD (资金闸门: 坦克优先, cash=0)
[13:52:40] t=449 tick#300 credits=0 stance=defend | jev 300 decisions p50=802ms
[13:52:41] t=451 jev BUILD NAPOWR HOLD (资金闸门: 坦克优先, cash=0)
[13:52:43] t=452 jev BUILD NAPOWR HOLD (资金闸门: 坦克优先, cash=0)
[13:52:45] t=454 jev BUILD NAPOWR HOLD (资金闸门: 坦克优先, cash=0)
[13:52:46] t=455 jev BUILD NAPOWR HOLD (资金闸门: 坦克优先, cash=0)
[13:52:48] t=457 jev BUILD NAPOWR HOLD (资金闸门: 坦克优先, cash=0)
[13:52:49] t=458 jev BUILD NAPOWR HOLD (资金闸门: 坦克优先, cash=0)
[13:52:51] t=460 jev BUILD NAPOWR HOLD (资金闸门: 坦克优先, cash=0)
[13:52:52] t=461 jev BUILD NAPOWR HOLD (资金闸门: 坦克优先, cash=0)
[13:52:54] t=463 jev BUILD NAPOWR HOLD (资金闸门: 坦克优先, cash=0)
[13:52:55] t=464 jev BUILD NAPOWR HOLD (资金闸门: 坦克优先, cash=0)
[13:52:57] t=466 jev BUILD NAPOWR HOLD (资金闸门: 坦克优先, cash=0)
[13:52:58] t=467 jev BUILD NAPOWR HOLD (资金闸门: 坦克优先, cash=0)
[13:53:00] t=469 jev BUILD NAPOWR HOLD (资金闸门: 坦克优先, cash=0)
[13:53:01] t=470 jev BUILD NAPOWR HOLD (资金闸门: 坦克优先, cash=0)
[13:53:03] t=472 jev BUILD NAPOWR HOLD (资金闸门: 坦克优先, cash=0)
[13:53:04] t=473 jev BUILD NAPOWR HOLD (资金闸门: 坦克优先, cash=0)
[13:53:06] t=475 jev BUILD NAPOWR HOLD (资金闸门: 坦克优先, cash=0)
[13:53:07] t=476 jev BUILD NAPOWR HOLD (资金闸门: 坦克优先, cash=0)
[13:53:09] t=478 jev BUILD NAPOWR HOLD (资金闸门: 坦克优先, cash=0)
[13:53:10] t=479 jev BUILD NAPOWR HOLD (资金闸门: 坦克优先, cash=0)
[13:53:12] t=481 jev BUILD NAPOWR HOLD (资金闸门: 坦克优先, cash=0)
[13:53:13] t=482 jev BUILD NAPOWR HOLD (资金闸门: 坦克优先, cash=0)
[13:53:15] t=484 jev BUILD NAPOWR HOLD (资金闸门: 坦克优先, cash=0)
[13:53:16] t=485 jev BUILD NAPOWR HOLD (资金闸门: 坦克优先, cash=0)
[13:53:18] t=487 jev BUILD NAPOWR HOLD (资金闸门: 坦克优先, cash=0)
[13:53:18] t=487 tick#325 credits=0 stance=defend | jev 325 decisions p50=807ms
[13:53:19] t=488 jev BUILD NAPOWR HOLD (资金闸门: 坦克优先, cash=0)
[13:53:21] t=490 jev BUILD NAPOWR HOLD (资金闸门: 坦克优先, cash=0)
[13:53:21] t=491 ENEMY BASE spotted @[75, 118]
[13:53:22] t=491 jev BUILD NAPOWR HOLD (资金闸门: 坦克优先, cash=0)
[13:53:24] t=493 jev BUILD NAPOWR HOLD (资金闸门: 坦克优先, cash=0)
[13:53:24] t=494 POWER plant (reserve -35)
[13:53:24] {"kind": "action", "what": "produce", "name": "NAPOWR", "qty": 1, "ts": "13:53:24"}
[13:53:25] t=494 jev INF E2 (conf 0.22)
[13:53:25] {"kind": "action", "what": "produce", "name": "E2", "qty": 1, "ts": "13:53:25"}
[13:53:34] t=503 jev INF E2 (conf 0.24)
[13:53:34] {"kind": "action", "what": "produce", "name": "E2", "qty": 1, "ts": "13:53:34"}
[13:53:43] t=512 jev INF E2 (conf 0.43)
[13:53:43] {"kind": "action", "what": "produce", "name": "E2", "qty": 1, "ts": "13:53:43"}
[13:53:52] t=521 jev INF E2 HOLD (预算保护 gate=False e2=23)
[13:53:54] t=523 jev INF E2 HOLD (预算保护 gate=False e2=23)
[13:53:54] t=524 RETREAT HTNK(31%)
[13:53:54] {"kind": "action", "what": "move", "name": null, "qty": null, "ts": "13:53:54"}
[13:53:55] t=524 jev INF E2 HOLD (预算保护 gate=False e2=23)
[13:53:55] t=524 tick#350 credits=1122 stance=defend | jev 350 decisions p50=816ms
[13:53:57] t=526 jev INF E2 HOLD (预算保护 gate=False e2=23)
[13:53:58] t=527 jev INF E2 HOLD (预算保护 gate=False e2=23)
[13:54:00] t=529 jev INF E2 HOLD (预算保护 gate=False e2=23)
[13:54:01] t=530 jev INF E2 HOLD (预算保护 gate=False e2=23)
[13:54:03] t=532 jev INF E2 HOLD (预算保护 gate=False e2=23)
[13:54:03] t=533 ALARM 单位损失 -> counter 27 vs 18 -> [134, 79]
[13:54:04] {"kind": "action", "what": "attack_move", "name": null, "qty": null, "ts": "13:54:04"}
[13:54:05] t=533 jev INF E2 HOLD (预算保护 gate=False e2=23)
[13:54:06] t=535 jev INF E2 HOLD (预算保护 gate=False e2=23)
[13:54:08] t=537 jev INF E2 HOLD (预算保护 gate=False e2=23)
[13:54:09] t=538 jev INF E2 HOLD (预算保护 gate=False e2=23)
[13:54:11] t=540 jev INF E2 HOLD (预算保护 gate=False e2=23)
[13:54:12] t=541 jev INF E2 HOLD (预算保护 gate=False e2=23)
[13:54:14] t=543 jev INF E2 HOLD (预算保护 gate=False e2=23)
[13:54:15] t=544 jev INF E2 HOLD (预算保护 gate=False e2=23)
[13:54:16] t=546 OPENING BUILD NAREFN
[13:54:16] {"kind": "action", "what": "produce", "name": "NAREFN", "qty": 1, "ts": "13:54:16"}
[13:54:17] t=546 jev INF E2 HOLD (预算保护 gate=False e2=23)
[13:54:18] t=547 jev INF E2 HOLD (预算保护 gate=False e2=23)
[13:54:20] t=549 jev INF E2 HOLD (预算保护 gate=False e2=23)
[13:54:21] t=550 jev INF E2 HOLD (预算保护 gate=False e2=23)
[13:54:23] t=552 jev INF E2 HOLD (预算保护 gate=False e2=23)
[13:54:24] t=553 jev INF E2 HOLD (预算保护 gate=False e2=23)
[13:54:26] t=555 jev INF E2 HOLD (预算保护 gate=False e2=23)
[13:54:27] t=556 jev INF E2 HOLD (预算保护 gate=False e2=23)
[13:54:27] t=556 jev VEH DRON (conf 0.34)
[13:54:27] {"kind": "action", "what": "produce", "name": "DRON", "qty": 1, "ts": "13:54:27"}
[13:54:27] t=556 MOVE defend-rally@(137, 82)(1)
[13:54:27] {"kind": "action", "what": "attack_move", "name": null, "qty": null, "ts": "13:54:27"}
[13:54:30] t=559 jev INF E2 HOLD (预算保护 gate=False e2=23)
[13:54:33] t=562 tick#375 credits=0 stance=defend | jev 375 decisions p50=826ms
[13:54:41] t=570 MOVE defend-rally@(137, 82)(1)
[13:54:41] {"kind": "action", "what": "attack_move", "name": null, "qty": null, "ts": "13:54:41"}
[13:54:50] t=579 jev INF E2 (conf 0.29)
[13:54:50] {"kind": "action", "what": "produce", "name": "E2", "qty": 1, "ts": "13:54:50"}
[13:54:56] t=585 jev INF E2 (conf 0.29)
[13:54:56] {"kind": "action", "what": "produce", "name": "E2", "qty": 1, "ts": "13:54:56"}
[13:55:02] t=591 jev INF E2 HOLD (预算保护 gate=False e2=25)
[13:55:02] t=591 jev VEH DRON (conf 0.19)
[13:55:02] {"kind": "action", "what": "produce", "name": "DRON", "qty": 1, "ts": "13:55:02"}
[13:55:02] t=591 MOVE defend-rally@(137, 82)(1)
[13:55:02] {"kind": "action", "what": "attack_move", "name": null, "qty": null, "ts": "13:55:02"}
[13:55:03] t=592 jev INF E2 HOLD (预算保护 gate=False e2=25)
[13:55:05] t=594 jev INF E2 HOLD (预算保护 gate=False e2=25)
[13:55:06] t=595 jev INF E2 HOLD (预算保护 gate=False e2=25)
[13:55:08] t=597 jev INF E2 HOLD (预算保护 gate=False e2=25)
[13:55:09] t=598 jev INF E2 HOLD (预算保护 gate=False e2=25)
[13:55:11] t=600 jev INF E2 HOLD (预算保护 gate=False e2=25)
[13:55:11] t=600 tick#400 credits=416 stance=defend | jev 400 decisions p50=838ms
[13:55:12] t=601 jev INF E2 HOLD (预算保护 gate=False e2=25)
[13:55:14] t=603 jev INF E2 HOLD (预算保护 gate=False e2=25)
[13:55:15] t=604 jev INF E2 HOLD (预算保护 gate=False e2=25)
[13:55:15] t=604 MOVE defend-rally@(137, 82)(1)
[13:55:15] {"kind": "action", "what": "attack_move", "name": null, "qty": null, "ts": "13:55:15"}
[13:55:17] t=606 jev INF E2 HOLD (预算保护 gate=False e2=25)
[13:55:18] t=607 jev VEH DRON (conf 0.23)
[13:55:18] {"kind": "action", "what": "produce", "name": "DRON", "qty": 1, "ts": "13:55:18"}
[13:55:20] t=609 jev INF E2 HOLD (预算保护 gate=False e2=25)
[13:55:28] t=616 MOVE defend-rally@(137, 82)(2)
[13:55:28] {"kind": "action", "what": "attack_move", "name": null, "qty": null, "ts": "13:55:28"}
[13:55:41] t=630 MOVE defend-rally@(137, 82)(2)
[13:55:41] {"kind": "action", "what": "attack_move", "name": null, "qty": null, "ts": "13:55:41"}
[13:55:48] t=637 tick#425 credits=0 stance=defend | jev 425 decisions p50=853ms
[13:55:55] t=643 jev INF E2 HOLD (预算保护 gate=False e2=25)
[13:55:55] t=643 MOVE defend-rally@(137, 82)(2)
[13:55:55] {"kind": "action", "what": "attack_move", "name": null, "qty": null, "ts": "13:55:55"}
[13:55:56] t=645 jev INF E2 HOLD (预算保护 gate=False e2=25)
[13:55:57] t=646 jev INF E2 HOLD (预算保护 gate=False e2=25)
[13:55:59] t=648 jev INF E2 HOLD (预算保护 gate=False e2=25)
[13:56:00] t=649 jev INF E2 HOLD (预算保护 gate=False e2=25)
[13:56:02] t=651 jev INF E2 HOLD (预算保护 gate=False e2=25)
[13:56:03] t=652 jev INF E2 HOLD (预算保护 gate=False e2=25)
[13:56:05] t=654 jev INF E2 HOLD (预算保护 gate=False e2=25)
[13:56:06] t=655 jev INF E2 HOLD (预算保护 gate=False e2=25)
[13:56:07] t=657 ESCORT 坦克#1251 -> 护航矿车@[123, 102]
[13:56:07] {"kind": "action", "what": "attack_move", "name": null, "qty": null, "ts": "13:56:07"}
[13:56:08] t=657 jev INF E2 HOLD (预算保护 gate=False e2=25)
[13:56:08] t=657 jev VEH DRON (conf 0.23)
[13:56:08] {"kind": "action", "what": "produce", "name": "DRON", "qty": 1, "ts": "13:56:08"}
[13:56:08] t=657 MOVE defend-rally@(137, 82)(3)
[13:56:08] {"kind": "action", "what": "attack_move", "name": null, "qty": null, "ts": "13:56:08"}
[13:56:10] t=658 jev INF E2 HOLD (预算保护 gate=False e2=25)
[13:56:11] t=660 jev INF E2 HOLD (预算保护 gate=False e2=25)
[13:56:13] t=661 jev INF E2 (conf 0.22)
[13:56:13] {"kind": "action", "what": "produce", "name": "E2", "qty": 1, "ts": "13:56:13"}
[13:56:19] t=668 jev INF E2 HOLD (预算保护 gate=False e2=26)
[13:56:20] t=669 jev INF E2 HOLD (预算保护 gate=False e2=26)
[13:56:20] t=669 MOVE defend-rally@(137, 82)(3)
[13:56:20] {"kind": "action", "what": "attack_move", "name": null, "qty": null, "ts": "13:56:20"}
[13:56:22] t=671 jev INF E2 HOLD (预算保护 gate=False e2=26)
[13:56:23] t=672 jev INF E2 HOLD (预算保护 gate=False e2=26)
[13:56:25] t=674 jev INF E2 HOLD (预算保护 gate=False e2=26)
[13:56:25] t=674 jev VEH DRON (conf 0.26)
[13:56:25] {"kind": "action", "what": "produce", "name": "DRON", "qty": 1, "ts": "13:56:25"}
[13:56:25] t=674 MOVE forward-post@(122, 85)(4)
[13:56:25] {"kind": "action", "what": "attack_move", "name": null, "qty": null, "ts": "13:56:25"}
[13:56:26] t=675 jev INF E2 HOLD (预算保护 gate=False e2=26)
[13:56:26] t=675 tick#450 credits=578 stance=defend | jev 450 decisions p50=886ms
[13:56:28] t=677 jev INF E2 HOLD (预算保护 gate=False e2=26)
[13:56:29] t=678 jev INF E2 HOLD (预算保护 gate=False e2=26)
[13:56:31] t=680 jev INF E2 HOLD (预算保护 gate=False e2=26)
[13:56:32] t=681 jev INF E2 HOLD (预算保护 gate=False e2=26)
[13:56:34] t=683 jev INF E2 HOLD (预算保护 gate=False e2=26)
[13:56:35] t=684 jev BUILD NAPOWR HOLD (资金闸门: 坦克优先, cash=201)
[13:56:35] t=684 jev INF E2 HOLD (预算保护 gate=False e2=26)
[13:56:37] t=686 jev BUILD NAPOWR HOLD (资金闸门: 坦克优先, cash=159)
[13:56:37] t=686 jev INF E2 HOLD (预算保护 gate=False e2=26)
[13:56:37] t=687 ESCORT 坦克#1247 -> 护航矿车@[126, 103]
[13:56:37] {"kind": "action", "what": "attack_move", "name": null, "qty": null, "ts": "13:56:37"}
[13:56:38] t=687 jev BUILD NAPOWR HOLD (资金闸门: 坦克优先, cash=118)
[13:56:38] t=687 jev INF E2 HOLD (预算保护 gate=False e2=26)
[13:56:38] t=687 MOVE forward-post@(122, 85)(4)
[13:56:38] {"kind": "action", "what": "attack_move", "name": null, "qty": null, "ts": "13:56:38"}
[13:56:40] t=689 jev BUILD NAPOWR HOLD (资金闸门: 坦克优先, cash=75)
[13:56:41] t=690 jev BUILD NAPOWR HOLD (资金闸门: 坦克优先, cash=60)
[13:56:41] t=690 jev VEH DRON (conf 0.29)
[13:56:41] {"kind": "action", "what": "produce", "name": "DRON", "qty": 1, "ts": "13:56:41"}
[13:56:43] t=692 jev BUILD NAPOWR HOLD (资金闸门: 坦克优先, cash=49)
[13:56:43] t=692 jev INF SHK HOLD (预算保护 gate=False e2=26)
[13:56:44] t=693 jev BUILD NAPOWR HOLD (资金闸门: 坦克优先, cash=7)
[13:56:44] t=693 jev INF SHK HOLD (预算保护 gate=False e2=26)
[13:56:46] t=695 jev BUILD NAPOWR HOLD (资金闸门: 坦克优先, cash=0)
[13:56:47] t=696 jev BUILD NAPOWR HOLD (资金闸门: 坦克优先, cash=0)
[13:56:49] t=698 jev BUILD NAPOWR HOLD (资金闸门: 坦克优先, cash=0)
[13:56:50] t=699 jev BUILD NAPOWR HOLD (资金闸门: 坦克优先, cash=0)
[13:56:50] t=699 MOVE forward-post@(122, 85)(5)
[13:56:50] {"kind": "action", "what": "attack_move", "name": null, "qty": null, "ts": "13:56:50"}
[13:56:52] t=701 jev BUILD NAPOWR HOLD (资金闸门: 坦克优先, cash=0)
[13:56:53] t=702 jev BUILD NAPOWR HOLD (资金闸门: 坦克优先, cash=0)
[13:56:55] t=704 jev BUILD NAPOWR HOLD (资金闸门: 坦克优先, cash=0)
[13:56:56] t=705 jev BUILD NAPOWR HOLD (资金闸门: 坦克优先, cash=0)
[13:56:58] t=707 jev BUILD NAPOWR HOLD (资金闸门: 坦克优先, cash=0)
[13:56:59] t=708 jev INF E2 HOLD (预算保护 gate=False e2=26)
[13:57:02] t=711 jev BUILD NAPOWR HOLD (资金闸门: 坦克优先, cash=0)
[13:57:04] t=713 jev BUILD NAPOWR HOLD (资金闸门: 坦克优先, cash=0)
[13:57:04] t=713 MOVE forward-post@(122, 85)(5)
[13:57:04] {"kind": "action", "what": "attack_move", "name": null, "qty": null, "ts": "13:57:04"}
[13:57:04] t=713 tick#475 credits=0 stance=defend | jev 475 decisions p50=917ms
[13:57:07] t=717 ESCORT 坦克#1268 -> 护航矿车@[129, 104]
[13:57:07] {"kind": "action", "what": "attack_move", "name": null, "qty": null, "ts": "13:57:07"}
[13:57:08] t=717 jev BUILD NAPOWR HOLD (资金闸门: 坦克优先, cash=0)
[13:57:10] t=719 jev BUILD NAPOWR HOLD (资金闸门: 坦克优先, cash=0)
[13:57:11] t=720 jev BUILD NAPOWR HOLD (资金闸门: 坦克优先, cash=0)
[13:57:13] t=722 jev BUILD NAPOWR HOLD (资金闸门: 坦克优先, cash=0)
[13:57:17] t=726 MOVE forward-post@(122, 85)(5)
[13:57:17] {"kind": "action", "what": "attack_move", "name": null, "qty": null, "ts": "13:57:17"}
[13:57:19] t=728 jev BUILD NAPOWR HOLD (资金闸门: 坦克优先, cash=0)
[13:57:20] t=729 jev BUILD NAPOWR HOLD (资金闸门: 坦克优先, cash=0)
[13:57:29] t=738 MOVE forward-post@(122, 85)(5)
[13:57:29] {"kind": "action", "what": "attack_move", "name": null, "qty": null, "ts": "13:57:29"}
[13:57:36] t=744 jev BUILD NAPOWR HOLD (资金闸门: 坦克优先, cash=1122)
[13:57:36] t=744 jev INF E2 HOLD (预算保护 gate=False e2=26)
[13:57:37] t=746 jev BUILD NAPOWR HOLD (资金闸门: 坦克优先, cash=1081)
[13:57:37] t=746 jev INF E2 HOLD (预算保护 gate=False e2=26)
[13:57:37] t=747 ESCORT 坦克#1268 -> 护航矿车@[130, 105]
[13:57:37] {"kind": "action", "what": "attack_move", "name": null, "qty": null, "ts": "13:57:37"}
[13:57:38] t=747 jev BUILD NAPOWR HOLD (资金闸门: 坦克优先, cash=1038)
[13:57:38] t=747 jev INF E2 HOLD (预算保护 gate=False e2=26)
[13:57:40] t=749 jev BUILD NAPOWR HOLD (资金闸门: 坦克优先, cash=998)
[13:57:40] t=749 jev INF E2 HOLD (预算保护 gate=False e2=26)
[13:57:41] t=750 jev BUILD NAPOWR HOLD (资金闸门: 坦克优先, cash=955)
[13:57:41] t=750 jev INF E2 HOLD (预算保护 gate=False e2=26)
[13:57:41] t=750 tick#500 credits=955 stance=defend | jev 500 decisions p50=944ms
[13:57:43] t=752 jev BUILD NAPOWR HOLD (资金闸门: 坦克优先, cash=914)
[13:57:43] t=752 jev INF E2 HOLD (预算保护 gate=False e2=26)
[13:57:43] t=752 MOVE forward-post@(122, 85)(5)
[13:57:43] {"kind": "action", "what": "attack_move", "name": null, "qty": null, "ts": "13:57:43"}
[13:57:44] t=753 jev BUILD NAPOWR HOLD (资金闸门: 坦克优先, cash=872)
[13:57:44] t=753 jev INF E2 HOLD (预算保护 gate=False e2=26)
[13:57:46] t=755 jev BUILD NAPOWR HOLD (资金闸门: 坦克优先, cash=831)
[13:57:46] t=755 jev INF E2 HOLD (预算保护 gate=False e2=26)
[13:57:47] t=756 jev BUILD NAPOWR HOLD (资金闸门: 坦克优先, cash=788)
[13:57:47] t=756 jev INF E2 HOLD (预算保护 gate=False e2=26)
[13:57:49] t=758 jev BUILD NAPOWR HOLD (资金闸门: 坦克优先, cash=785)
[13:57:49] t=758 jev INF E2 HOLD (预算保护 gate=False e2=26)
[13:57:49] t=758 jev VEH DRON (conf 0.36)
[13:57:49] {"kind": "action", "what": "produce", "name": "DRON", "qty": 1, "ts": "13:57:49"}
[13:57:49] t=758 ATTACK (tanks=7)
[13:57:49] t=758 MOVE attack->[74, 111] x4
[13:57:49] {"kind": "action", "what": "attack_move", "name": null, "qty": null, "ts": "13:57:49"}
[13:57:50] t=759 jev BUILD NAPOWR HOLD (资金闸门: 坦克优先, cash=774)
[13:57:50] t=759 jev INF E2 HOLD (预算保护 gate=False e2=26)
[13:57:50] t=759 jev STANCE attack->defend (conf 0.51)
[13:57:50] t=759 ATTACK (tanks=7)
[13:57:52] t=761 jev BUILD NAPOWR HOLD (资金闸门: 坦克优先, cash=734)
[13:57:52] t=761 jev INF E2 HOLD (预算保护 gate=False e2=26)
[13:57:52] t=761 jev STANCE attack->defend (conf 0.55)
[13:57:52] t=761 ATTACK (tanks=7)
[13:57:53] t=762 jev BUILD NAPOWR HOLD (资金闸门: 坦克优先, cash=691)
[13:57:53] t=762 jev INF E2 HOLD (预算保护 gate=False e2=26)
[13:57:53] t=762 jev STANCE attack->defend (conf 0.53)
[13:57:53] t=762 ATTACK (tanks=7)
[13:57:55] t=764 jev BUILD NAPOWR HOLD (资金闸门: 坦克优先, cash=650)
[13:57:55] t=764 jev INF E2 HOLD (预算保护 gate=False e2=26)
[13:57:55] t=764 jev STANCE attack->defend (conf 0.46)
[13:57:55] t=764 ATTACK (tanks=7)
[13:57:56] t=765 jev BUILD NAPOWR HOLD (资金闸门: 坦克优先, cash=608)
[13:57:56] t=765 jev INF E2 HOLD (预算保护 gate=False e2=26)
[13:57:56] t=765 jev STANCE attack->defend (conf 0.48)
[13:57:56] t=765 ATTACK (tanks=7)
[13:57:58] t=767 jev BUILD NAPOWR HOLD (资金闸门: 坦克优先, cash=567)
[13:57:58] t=767 jev INF E2 HOLD (预算保护 gate=False e2=26)
[13:57:58] t=767 jev STANCE attack->defend (conf 0.49)
[13:57:58] t=767 ATTACK (tanks=7)
[13:57:59] t=768 jev BUILD NAPOWR HOLD (资金闸门: 坦克优先, cash=524)
[13:57:59] t=768 jev INF E2 HOLD (预算保护 gate=False e2=26)
[13:57:59] t=768 jev STANCE attack->defend (conf 0.53)
[13:57:59] t=768 ATTACK (tanks=7)
[13:58:01] t=770 jev BUILD NAPOWR HOLD (资金闸门: 坦克优先, cash=484)
[13:58:01] t=770 jev INF E2 HOLD (预算保护 gate=False e2=26)
[13:58:01] t=770 jev STANCE attack->defend (conf 0.50)
[13:58:01] t=770 ATTACK (tanks=7)
[13:58:02] t=771 jev BUILD NAPOWR HOLD (资金闸门: 坦克优先, cash=441)
[13:58:02] t=771 jev INF E2 HOLD (预算保护 gate=False e2=26)
[13:58:02] t=771 jev STANCE attack->defend (conf 0.49)
[13:58:02] t=771 ATTACK (tanks=7)
[13:58:02] t=771 MOVE attack->[74, 111] x4
[13:58:02] {"kind": "action", "what": "attack_move", "name": null, "qty": null, "ts": "13:58:02"}
[13:58:04] t=773 jev BUILD NAPOWR HOLD (资金闸门: 坦克优先, cash=400)
[13:58:04] t=773 jev INF E2 HOLD (预算保护 gate=False e2=26)
[13:58:04] t=773 jev STANCE attack->defend (conf 0.52)
[13:58:04] t=773 ATTACK (tanks=7)
[13:58:05] t=774 jev BUILD NAPOWR HOLD (资金闸门: 坦克优先, cash=385)
[13:58:05] t=774 jev INF E2 HOLD (预算保护 gate=False e2=26)
[13:58:05] t=774 jev VEH DRON (conf 0.38)
[13:58:05] t=774 jev STANCE attack->defend (conf 0.48)
[13:58:05] {"kind": "action", "what": "produce", "name": "DRON", "qty": 1, "ts": "13:58:05"}
[13:58:05] t=774 ATTACK (tanks=8)
[13:58:07] t=776 jev BUILD NAPOWR HOLD (资金闸门: 坦克优先, cash=374)
[13:58:07] t=776 jev INF E2 HOLD (预算保护 gate=False e2=26)
[13:58:07] t=776 jev STANCE attack->defend (conf 0.49)
[13:58:07] t=776 ATTACK (tanks=8)
[13:58:07] t=777 ESCORT 坦克#1268 -> 护航矿车@[127, 106]
[13:58:07] {"kind": "action", "what": "attack_move", "name": null, "qty": null, "ts": "13:58:07"}
[13:58:08] t=777 jev BUILD NAPOWR HOLD (资金闸门: 坦克优先, cash=332)
[13:58:08] t=777 jev INF E2 HOLD (预算保护 gate=False e2=26)
[13:58:08] t=777 jev STANCE attack->defend (conf 0.59)
[13:58:08] t=777 ATTACK (tanks=8)
[13:58:10] t=779 jev BUILD NAPOWR HOLD (资金闸门: 坦克优先, cash=291)
[13:58:10] t=779 jev INF E2 HOLD (预算保护 gate=False e2=26)
[13:58:10] t=779 jev STANCE attack->defend (conf 0.51)
[13:58:10] t=779 ATTACK (tanks=8)
[13:58:11] t=780 jev BUILD NAPOWR HOLD (资金闸门: 坦克优先, cash=248)
[13:58:11] t=780 jev INF E2 HOLD (预算保护 gate=False e2=26)
[13:58:11] t=780 jev STANCE attack->defend (conf 0.48)
[13:58:11] t=780 ATTACK (tanks=8)
[13:58:12] t=782 ALARM 单位损失 -> counter 36 vs 25 -> [134, 79]
[13:58:12] {"kind": "action", "what": "attack_move", "name": null, "qty": null, "ts": "13:58:12"}
[13:58:15] t=784 jev BUILD NAPOWR HOLD (资金闸门: 坦克优先, cash=156)
[13:58:15] t=784 jev INF E2 HOLD (预算保护 gate=False e2=26)
[13:58:16] t=785 jev BUILD NAPOWR HOLD (资金闸门: 坦克优先, cash=115)
[13:58:16] t=785 jev INF E2 HOLD (预算保护 gate=False e2=26)
[13:58:18] t=787 jev BUILD NAPOWR HOLD (资金闸门: 坦克优先, cash=73)
[13:58:19] t=788 jev BUILD NAPOWR HOLD (资金闸门: 坦克优先, cash=32)
[13:58:19] t=788 tick#525 credits=32 stance=defend | jev 525 decisions p50=956ms
[13:58:21] t=790 jev BUILD NAPOWR HOLD (资金闸门: 坦克优先, cash=0)
[13:58:21] t=790 MOVE forward-post@(122, 85)(4)
[13:58:21] {"kind": "action", "what": "attack_move", "name": null, "qty": null, "ts": "13:58:21"}
[13:58:22] t=791 jev BUILD NAPOWR HOLD (资金闸门: 坦克优先, cash=0)
[13:58:24] t=793 jev BUILD NAPOWR HOLD (资金闸门: 坦克优先, cash=0)
[13:58:25] t=794 jev BUILD NAPOWR HOLD (资金闸门: 坦克优先, cash=0)
[13:58:27] t=796 jev BUILD NAPOWR HOLD (资金闸门: 坦克优先, cash=0)
[13:58:28] t=797 jev BUILD NAPOWR HOLD (资金闸门: 坦克优先, cash=0)
[13:58:30] t=799 jev BUILD NAPOWR HOLD (资金闸门: 坦克优先, cash=0)
[13:58:31] t=800 jev BUILD NAPOWR HOLD (资金闸门: 坦克优先, cash=0)
[13:58:33] t=802 jev BUILD NAPOWR HOLD (资金闸门: 坦克优先, cash=0)
[13:58:34] t=803 jev BUILD NAPOWR HOLD (资金闸门: 坦克优先, cash=1110)
[13:58:34] t=803 jev INF E2 HOLD (预算保护 gate=False e2=26)
[13:58:34] t=803 jev VEH DRON (conf 0.27)
[13:58:34] {"kind": "action", "what": "produce", "name": "DRON", "qty": 1, "ts": "13:58:34"}
[13:58:34] t=803 MOVE forward-post@(122, 85)(5)
[13:58:34] {"kind": "action", "what": "attack_move", "name": null, "qty": null, "ts": "13:58:34"}
[13:58:36] t=805 jev BUILD NAPOWR HOLD (资金闸门: 坦克优先, cash=1098)
[13:58:36] t=805 jev INF E2 HOLD (预算保护 gate=False e2=26)
[13:58:37] t=806 jev BUILD NAPOWR HOLD (资金闸门: 坦克优先, cash=1057)
[13:58:37] t=806 jev INF E2 HOLD (预算保护 gate=False e2=26)
[13:58:38] t=808 ESCORT 坦克#1268 -> 护航矿车@[125, 106]
[13:58:38] {"kind": "action", "what": "attack_move", "name": null, "qty": null, "ts": "13:58:38"}
[13:58:39] t=808 jev BUILD NAPOWR HOLD (资金闸门: 坦克优先, cash=1014)
[13:58:39] t=808 jev INF E2 HOLD (预算保护 gate=False e2=26)
[13:58:40] t=809 jev BUILD NAPOWR HOLD (资金闸门: 坦克优先, cash=973)
[13:58:40] t=809 jev INF E2 HOLD (预算保护 gate=False e2=26)
[13:58:42] t=811 jev BUILD NAPOWR HOLD (资金闸门: 坦克优先, cash=931)
[13:58:42] t=811 jev INF E2 HOLD (预算保护 gate=False e2=26)
[13:58:43] t=812 jev BUILD NAPOWR HOLD (资金闸门: 坦克优先, cash=890)
[13:58:43] t=812 jev INF E2 HOLD (预算保护 gate=False e2=26)
[13:58:44] t=814 ALARM 单位损失 -> counter 35 vs 27 -> [134, 79]
[13:58:44] {"kind": "action", "what": "attack_move", "name": null, "qty": null, "ts": "13:58:44"}
[13:58:45] t=814 jev BUILD NAPOWR HOLD (资金闸门: 坦克优先, cash=848)
[13:58:45] t=814 jev INF E2 HOLD (预算保护 gate=False e2=26)
[13:58:46] t=815 jev BUILD NAPOWR HOLD (资金闸门: 坦克优先, cash=801)
[13:58:46] t=815 jev INF E2 HOLD (预算保护 gate=False e2=26)
[13:58:48] t=817 jev BUILD NAPOWR HOLD (资金闸门: 坦克优先, cash=760)
[13:58:48] t=817 jev INF E2 HOLD (预算保护 gate=False e2=26)
[13:58:49] t=818 jev BUILD NAPOWR (conf 0.67)
[13:58:49] t=818 jev INF E2 (conf 0.31)
[13:58:49] {"kind": "action", "what": "produce", "name": "NAPOWR", "qty": 1, "ts": "13:58:49"}
[13:58:49] {"kind": "action", "what": "produce", "name": "E2", "qty": 1, "ts": "13:58:49"}
[13:58:50] t=820 TANK HTNK x2
[13:58:50] {"kind": "action", "what": "produce", "name": "HTNK", "qty": 2, "ts": "13:58:50"}
[13:58:52] t=821 MOVE forward-post@(122, 85)(5)
[13:58:52] {"kind": "action", "what": "attack_move", "name": null, "qty": null, "ts": "13:58:52"}
[13:58:55] t=824 jev INF E2 (conf 0.26)
[13:58:55] {"kind": "action", "what": "produce", "name": "E2", "qty": 1, "ts": "13:58:55"}
[13:58:57] t=826 tick#550 credits=2535 stance=defend | jev 550 decisions p50=966ms
[13:59:01] t=830 jev INF E2 (conf 0.26)
[13:59:01] {"kind": "action", "what": "produce", "name": "E2", "qty": 1, "ts": "13:59:01"}
[13:59:04] t=833 MOVE forward-post@(122, 85)(5)
[13:59:04] {"kind": "action", "what": "attack_move", "name": null, "qty": null, "ts": "13:59:04"}
[13:59:07] t=836 jev INF E2 (conf 0.31)
[13:59:07] {"kind": "action", "what": "produce", "name": "E2", "qty": 1, "ts": "13:59:07"}
[13:59:08] t=838 ESCORT 坦克#1285 -> 护航矿车@[131, 105]
[13:59:08] {"kind": "action", "what": "attack_move", "name": null, "qty": null, "ts": "13:59:08"}
[13:59:10] t=839 ATTACK (tanks=7)
[13:59:10] t=839 MOVE attack->[90, 110] x4
[13:59:10] {"kind": "action", "what": "attack_move", "name": null, "qty": null, "ts": "13:59:10"}
[13:59:12] t=841 jev STANCE attack->defend (conf 0.56)
[13:59:12] t=841 ATTACK (tanks=7)
[13:59:12] t=841 MOVE attack->[90, 108] x4
[13:59:12] {"kind": "action", "what": "attack_move", "name": null, "qty": null, "ts": "13:59:12"}
[13:59:12] t=842 ALARM 单位损失 -> counter 40 vs 27 -> [134, 79]
[13:59:13] {"kind": "action", "what": "attack_move", "name": null, "qty": null, "ts": "13:59:13"}
[13:59:14] t=842 jev INF E2 HOLD (预算保护 gate=True e2=30)
[13:59:15] t=844 jev BUILD NAPOWR HOLD (资金闸门: 坦克优先, cash=1399)
[13:59:15] t=844 jev INF E2 HOLD (预算保护 gate=True e2=30)
[13:59:16] t=845 jev BUILD NAPOWR HOLD (资金闸门: 坦克优先, cash=1362)
[13:59:16] t=845 jev INF E2 HOLD (预算保护 gate=True e2=30)
[13:59:18] t=847 jev BUILD NAPOWR HOLD (资金闸门: 坦克优先, cash=1324)
[13:59:18] t=847 jev INF E2 HOLD (预算保护 gate=True e2=30)
[13:59:19] t=848 jev BUILD NAPOWR HOLD (资金闸门: 坦克优先, cash=1287)
[13:59:19] t=848 jev INF E2 HOLD (预算保护 gate=True e2=30)
[13:59:21] t=850 jev BUILD NAPOWR HOLD (资金闸门: 坦克优先, cash=1249)
[13:59:21] t=850 jev INF E2 HOLD (预算保护 gate=True e2=30)
[13:59:21] t=850 MOVE defend-rally@(137, 82)(3)
[13:59:21] {"kind": "action", "what": "attack_move", "name": null, "qty": null, "ts": "13:59:21"}
[13:59:22] t=851 jev BUILD NAPOWR HOLD (资金闸门: 坦克优先, cash=1212)
[13:59:22] t=851 jev INF E2 HOLD (预算保护 gate=True e2=30)
[13:59:24] t=853 jev BUILD NAPOWR HOLD (资金闸门: 坦克优先, cash=1174)
[13:59:24] t=853 jev INF E2 HOLD (预算保护 gate=False e2=30)
[13:59:25] t=854 jev BUILD NAPOWR HOLD (资金闸门: 坦克优先, cash=1137)
[13:59:25] t=854 jev INF E2 HOLD (预算保护 gate=False e2=30)
[13:59:27] t=856 jev BUILD NAPOWR HOLD (资金闸门: 坦克优先, cash=1099)
[13:59:27] t=856 jev INF E2 HOLD (预算保护 gate=False e2=30)
[13:59:27] t=856 MOVE forward-post@(122, 85)(4)
[13:59:27] {"kind": "action", "what": "attack_move", "name": null, "qty": null, "ts": "13:59:27"}
[13:59:28] t=857 jev BUILD NAPOWR HOLD (资金闸门: 坦克优先, cash=1062)
[13:59:28] t=857 jev INF E2 HOLD (预算保护 gate=False e2=30)
[13:59:30] t=859 jev BUILD NAPOWR HOLD (资金闸门: 坦克优先, cash=1024)
[13:59:30] t=859 jev INF E2 HOLD (预算保护 gate=False e2=30)
[13:59:31] t=860 jev BUILD NAPOWR HOLD (资金闸门: 坦克优先, cash=987)
[13:59:31] t=860 jev INF E2 HOLD (预算保护 gate=False e2=30)
[13:59:33] t=862 jev BUILD NAPOWR HOLD (资金闸门: 坦克优先, cash=949)
[13:59:33] t=862 jev INF E2 HOLD (预算保护 gate=False e2=30)
[13:59:34] t=863 jev BUILD NAPOWR HOLD (资金闸门: 坦克优先, cash=912)
[13:59:34] t=863 jev INF E2 HOLD (预算保护 gate=False e2=30)
[13:59:34] t=863 tick#575 credits=912 stance=defend | jev 575 decisions p50=976ms
[13:59:36] t=865 jev BUILD NAPOWR HOLD (资金闸门: 坦克优先, cash=874)
[13:59:36] t=865 jev INF E2 HOLD (预算保护 gate=False e2=30)
[13:59:37] t=866 jev BUILD NAPOWR HOLD (资金闸门: 坦克优先, cash=837)
[13:59:37] t=866 jev INF E2 HOLD (预算保护 gate=False e2=30)
[13:59:38] t=868 ESCORT 坦克#1304 -> 护航矿车@[131, 109]
[13:59:38] {"kind": "action", "what": "attack_move", "name": null, "qty": null, "ts": "13:59:38"}
[13:59:39] t=868 jev BUILD NAPOWR HOLD (资金闸门: 坦克优先, cash=799)
[13:59:39] t=868 jev INF E2 HOLD (预算保护 gate=False e2=30)
[13:59:39] t=868 MOVE forward-post@(122, 85)(4)
[13:59:39] {"kind": "action", "what": "attack_move", "name": null, "qty": null, "ts": "13:59:39"}
[13:59:40] t=869 jev BUILD NAPOWR HOLD (资金闸门: 坦克优先, cash=762)
[13:59:40] t=869 jev INF E2 HOLD (预算保护 gate=False e2=30)
[13:59:42] t=871 jev BUILD NAPOWR HOLD (资金闸门: 坦克优先, cash=724)
[13:59:42] t=871 jev INF E2 HOLD (预算保护 gate=False e2=30)
[13:59:43] t=872 jev BUILD NAPOWR HOLD (资金闸门: 坦克优先, cash=687)
[13:59:43] t=872 jev INF E2 HOLD (预算保护 gate=False e2=30)
[13:59:45] t=874 jev BUILD NAPOWR HOLD (资金闸门: 坦克优先, cash=649)
[13:59:45] t=874 jev INF E2 HOLD (预算保护 gate=False e2=30)
[13:59:46] t=875 jev BUILD NAPOWR HOLD (资金闸门: 坦克优先, cash=612)
[13:59:46] t=875 jev INF E2 HOLD (预算保护 gate=False e2=30)
[13:59:48] t=877 jev BUILD NAPOWR HOLD (资金闸门: 坦克优先, cash=574)
[13:59:48] t=877 jev INF E2 HOLD (预算保护 gate=False e2=30)
[13:59:49] t=878 jev BUILD NAPOWR HOLD (资金闸门: 坦克优先, cash=537)
[13:59:49] t=878 jev INF E2 HOLD (预算保护 gate=False e2=30)
[13:59:51] t=880 jev BUILD NAPOWR HOLD (资金闸门: 坦克优先, cash=499)
[13:59:51] t=880 jev INF E2 HOLD (预算保护 gate=False e2=30)
[13:59:52] t=881 jev BUILD NAPOWR HOLD (资金闸门: 坦克优先, cash=462)
[13:59:52] t=881 jev INF E2 HOLD (预算保护 gate=False e2=30)
[13:59:52] t=881 MOVE forward-post@(122, 85)(4)
[13:59:52] {"kind": "action", "what": "attack_move", "name": null, "qty": null, "ts": "13:59:52"}
[13:59:54] t=883 jev BUILD NAPOWR HOLD (资金闸门: 坦克优先, cash=424)
[13:59:54] t=883 jev INF E2 HOLD (预算保护 gate=False e2=30)
[13:59:55] t=884 jev BUILD NAPOWR HOLD (资金闸门: 坦克优先, cash=387)
[13:59:55] t=884 jev INF E2 HOLD (预算保护 gate=False e2=30)
[13:59:57] t=886 jev BUILD NAPOWR HOLD (资金闸门: 坦克优先, cash=349)
[13:59:57] t=886 jev INF E2 HOLD (预算保护 gate=False e2=30)
[13:59:58] t=887 jev BUILD NAPOWR HOLD (资金闸门: 坦克优先, cash=312)
[13:59:58] t=887 jev INF E2 HOLD (预算保护 gate=False e2=30)
[14:00:00] t=889 jev BUILD NAPOWR HOLD (资金闸门: 坦克优先, cash=274)
[14:00:00] t=889 jev INF E2 HOLD (预算保护 gate=False e2=30)
[14:00:02] t=890 jev INF E2 HOLD (预算保护 gate=False e2=30)
[14:00:03] t=892 jev BUILD NAPOWR HOLD (资金闸门: 坦克优先, cash=200)
[14:00:03] t=892 jev VEH DRON (conf 0.30)
[14:00:03] {"kind": "action", "what": "produce", "name": "DRON", "qty": 1, "ts": "14:00:03"}
[14:00:04] t=893 jev BUILD NAPOWR HOLD (资金闸门: 坦克优先, cash=188)
[14:00:04] t=893 jev INF E2 HOLD (预算保护 gate=False e2=30)
[14:00:06] t=895 jev BUILD NAPOWR HOLD (资金闸门: 坦克优先, cash=147)
[14:00:06] t=895 jev INF E2 HOLD (预算保护 gate=False e2=30)
[14:00:06] t=895 MOVE forward-post@(122, 85)(5)
[14:00:06] {"kind": "action", "what": "attack_move", "name": null, "qty": null, "ts": "14:00:06"}
[14:00:07] t=896 jev BUILD NAPOWR HOLD (资金闸门: 坦克优先, cash=106)
[14:00:08] t=898 ESCORT 坦克#1304 -> 护航矿车@[131, 104]
[14:00:08] {"kind": "action", "what": "attack_move", "name": null, "qty": null, "ts": "14:00:08"}
[14:00:09] t=898 jev BUILD NAPOWR HOLD (资金闸门: 坦克优先, cash=63)
[14:00:09] t=899 ALARM 单位损失 -> counter 39 vs 26 -> [134, 79]
[14:00:10] {"kind": "action", "what": "attack_move", "name": null, "qty": null, "ts": "14:00:10"}
[14:00:11] t=899 jev BUILD NAPOWR HOLD (资金闸门: 坦克优先, cash=23)
[14:00:11] t=899 jev INF SHK HOLD (预算保护 gate=False e2=30)
[14:00:12] t=901 jev BUILD NAPOWR HOLD (资金闸门: 坦克优先, cash=0)
[14:00:12] t=901 tick#600 credits=0 stance=defend | jev 600 decisions p50=983ms
[14:00:14] t=903 jev BUILD NAPOWR HOLD (资金闸门: 坦克优先, cash=0)
[14:00:15] t=904 jev BUILD NAPOWR HOLD (资金闸门: 坦克优先, cash=0)
[14:00:17] t=906 jev BUILD NAPOWR HOLD (资金闸门: 坦克优先, cash=0)
[14:00:18] t=907 jev BUILD NAPOWR HOLD (资金闸门: 坦克优先, cash=0)
[14:00:18] t=907 MOVE forward-post@(122, 85)(4)
[14:00:18] {"kind": "action", "what": "attack_move", "name": null, "qty": null, "ts": "14:00:18"}
[14:00:20] t=909 jev BUILD NAPOWR HOLD (资金闸门: 坦克优先, cash=0)
[14:00:21] t=910 jev BUILD NAPOWR HOLD (资金闸门: 坦克优先, cash=0)
[14:00:23] t=912 jev BUILD NAPOWR HOLD (资金闸门: 坦克优先, cash=0)
[14:00:24] t=913 jev BUILD NAPOWR HOLD (资金闸门: 坦克优先, cash=0)
[14:00:26] t=915 jev BUILD NAPOWR HOLD (资金闸门: 坦克优先, cash=0)
[14:00:27] t=916 jev BUILD NAPOWR HOLD (资金闸门: 坦克优先, cash=0)
[14:00:28] t=918 ALARM 单位损失 -> counter 38 vs 25 -> [134, 79]
[14:00:28] {"kind": "action", "what": "attack_move", "name": null, "qty": null, "ts": "14:00:28"}
[14:00:29] t=918 jev BUILD NAPOWR HOLD (资金闸门: 坦克优先, cash=0)
[14:00:31] t=920 jev BUILD NAPOWR HOLD (资金闸门: 坦克优先, cash=0)
[14:00:32] t=921 jev BUILD NAPOWR HOLD (资金闸门: 坦克优先, cash=0)
[14:00:34] t=923 jev BUILD NAPOWR HOLD (资金闸门: 坦克优先, cash=0)
[14:00:35] t=924 jev BUILD NAPOWR HOLD (资金闸门: 坦克优先, cash=0)
[14:00:37] t=926 jev BUILD NAPOWR HOLD (资金闸门: 坦克优先, cash=0)
[14:00:37] t=926 MOVE defend-rally@(137, 82)(3)
[14:00:37] {"kind": "action", "what": "attack_move", "name": null, "qty": null, "ts": "14:00:37"}
[14:00:38] t=927 jev BUILD NAPOWR HOLD (资金闸门: 坦克优先, cash=0)
[14:00:39] t=929 ESCORT 坦克#1299 -> 护航矿车@[126, 103]
[14:00:39] {"kind": "action", "what": "attack_move", "name": null, "qty": null, "ts": "14:00:39"}
[14:00:40] t=929 jev BUILD NAPOWR HOLD (资金闸门: 坦克优先, cash=1122)
[14:00:40] t=929 jev INF E2 HOLD (预算保护 gate=False e2=30)
[14:00:41] t=930 jev BUILD NAPOWR HOLD (资金闸门: 坦克优先, cash=1079)
[14:00:41] t=930 jev INF E2 HOLD (预算保护 gate=False e2=30)
[14:00:43] t=932 jev BUILD NAPOWR HOLD (资金闸门: 坦克优先, cash=1038)
[14:00:43] t=932 jev INF E2 HOLD (预算保护 gate=False e2=30)
[14:00:44] t=933 jev BUILD NAPOWR HOLD (资金闸门: 坦克优先, cash=996)
[14:00:44] t=933 jev INF E2 HOLD (预算保护 gate=False e2=30)
[14:00:46] t=935 jev BUILD NAPOWR HOLD (资金闸门: 坦克优先, cash=955)
[14:00:46] t=935 jev INF E2 HOLD (预算保护 gate=False e2=30)
[14:00:47] t=936 jev BUILD NAPOWR HOLD (资金闸门: 坦克优先, cash=925)
[14:00:47] t=936 jev INF E2 HOLD (预算保护 gate=False e2=30)
[14:00:47] t=936 jev VEH HTNK (conf 0.34)
[14:00:47] {"kind": "action", "what": "produce", "name": "HTNK", "qty": 1, "ts": "14:00:47"}
[14:00:47] t=936 MOVE forward-post@(122, 85)(4)
[14:00:47] {"kind": "action", "what": "attack_move", "name": null, "qty": null, "ts": "14:00:47"}
[14:00:49] t=938 jev BUILD NAPOWR HOLD (资金闸门: 坦克优先, cash=914)
[14:00:49] t=938 jev INF E2 HOLD (预算保护 gate=False e2=30)
[14:00:50] t=939 jev BUILD NAPOWR HOLD (资金闸门: 坦克优先, cash=875)
[14:00:50] t=939 jev INF E2 HOLD (预算保护 gate=False e2=30)
[14:00:50] t=939 tick#625 credits=875 stance=defend | jev 625 decisions p50=991ms
[14:00:52] t=941 jev BUILD NAPOWR HOLD (资金闸门: 坦克优先, cash=839)
[14:00:52] t=941 jev INF E2 HOLD (预算保护 gate=False e2=30)
[14:00:53] t=942 jev BUILD NAPOWR HOLD (资金闸门: 坦克优先, cash=802)
[14:00:53] t=942 jev INF E2 HOLD (预算保护 gate=False e2=30)
[14:00:55] t=944 jev BUILD NAPOWR HOLD (资金闸门: 坦克优先, cash=764)
[14:00:55] t=944 jev INF E2 HOLD (预算保护 gate=False e2=30)
[14:00:56] t=945 jev BUILD NAPOWR HOLD (资金闸门: 坦克优先, cash=725)
[14:00:56] t=945 jev INF E2 HOLD (预算保护 gate=False e2=30)
[14:00:58] t=947 jev BUILD NAPOWR HOLD (资金闸门: 坦克优先, cash=689)
[14:00:58] t=947 jev INF E2 HOLD (预算保护 gate=False e2=30)
[14:00:59] t=948 jev BUILD NAPOWR HOLD (资金闸门: 坦克优先, cash=650)
[14:00:59] t=948 jev INF E2 HOLD (预算保护 gate=False e2=30)
[14:01:01] t=950 jev BUILD NAPOWR HOLD (资金闸门: 坦克优先, cash=614)
[14:01:01] t=950 jev INF E2 HOLD (预算保护 gate=False e2=30)
[14:01:01] t=950 MOVE forward-post@(122, 85)(4)
[14:01:01] {"kind": "action", "what": "attack_move", "name": null, "qty": null, "ts": "14:01:01"}
[14:01:02] t=951 jev BUILD NAPOWR HOLD (资金闸门: 坦克优先, cash=575)
[14:01:02] t=951 jev INF E2 HOLD (预算保护 gate=False e2=30)
[14:01:04] t=953 jev BUILD NAPOWR HOLD (资金闸门: 坦克优先, cash=539)
[14:01:04] t=953 jev INF E2 HOLD (预算保护 gate=False e2=30)
[14:01:05] t=954 jev BUILD NAPOWR HOLD (资金闸门: 坦克优先, cash=500)
[14:01:05] t=954 jev INF E2 HOLD (预算保护 gate=False e2=30)
[14:01:07] t=956 jev BUILD NAPOWR HOLD (资金闸门: 坦克优先, cash=464)
[14:01:07] t=956 jev INF E2 HOLD (预算保护 gate=False e2=30)
[14:01:08] t=957 jev INF E2 HOLD (预算保护 gate=False e2=30)
[14:01:09] t=959 ESCORT 坦克#1333 -> 护航矿车@[126, 104]
[14:01:09] {"kind": "action", "what": "attack_move", "name": null, "qty": null, "ts": "14:01:09"}
[14:01:10] t=959 jev BUILD NAPOWR HOLD (资金闸门: 坦克优先, cash=389)
[14:01:10] t=959 jev INF E2 HOLD (预算保护 gate=False e2=30)
[14:01:11] t=960 jev BUILD NAPOWR HOLD (资金闸门: 坦克优先, cash=350)
[14:01:11] t=960 jev INF E2 HOLD (预算保护 gate=False e2=30)
[14:01:13] t=962 jev BUILD NAPOWR HOLD (资金闸门: 坦克优先, cash=1439)
[14:01:13] t=962 jev INF E2 HOLD (预算保护 gate=True e2=30)
[14:01:13] t=962 MOVE forward-post@(122, 85)(4)
[14:01:13] {"kind": "action", "what": "attack_move", "name": null, "qty": null, "ts": "14:01:13"}
[14:01:14] t=963 jev BUILD NAPOWR HOLD (资金闸门: 坦克优先, cash=1400)
[14:01:14] t=963 jev INF E2 HOLD (预算保护 gate=True e2=30)
[14:01:16] t=965 jev BUILD NAPOWR HOLD (资金闸门: 坦克优先, cash=1364)
[14:01:16] t=965 jev INF E2 HOLD (预算保护 gate=True e2=30)
[14:01:17] t=966 jev BUILD NAPOWR HOLD (资金闸门: 坦克优先, cash=1325)
[14:01:17] t=966 jev INF E2 HOLD (预算保护 gate=True e2=30)
[14:01:19] t=968 jev BUILD NAPOWR HOLD (资金闸门: 坦克优先, cash=1289)
[14:01:19] t=968 jev INF E2 HOLD (预算保护 gate=True e2=30)
[14:01:20] t=969 jev BUILD NAPOWR (conf 0.68)
[14:01:20] t=969 jev INF SHK (conf 0.13)
[14:01:20] {"kind": "action", "what": "produce", "name": "NAPOWR", "qty": 1, "ts": "14:01:20"}
[14:01:20] {"kind": "action", "what": "produce", "name": "SHK", "qty": 1, "ts": "14:01:20"}
[14:01:24] t=974 TANK HTNK x1
[14:01:24] {"kind": "action", "what": "produce", "name": "HTNK", "qty": 1, "ts": "14:01:24"}
[14:01:25] t=974 MOVE forward-post@(122, 85)(5)
[14:01:25] {"kind": "action", "what": "attack_move", "name": null, "qty": null, "ts": "14:01:25"}
[14:01:25] t=975 RETREAT DOG(25%)
[14:01:25] {"kind": "action", "what": "move", "name": null, "qty": null, "ts": "14:01:25"}
[14:01:28] t=977 tick#650 credits=1348 stance=defend | jev 650 decisions p50=988ms
[14:01:28] t=978 ALARM 单位损失 -> counter 38 vs 19 -> [134, 79]
[14:01:29] {"kind": "action", "what": "attack_move", "name": null, "qty": null, "ts": "14:01:29"}
[14:01:37] t=986 MOVE forward-post@(122, 85)(5)
[14:01:37] {"kind": "action", "what": "attack_move", "name": null, "qty": null, "ts": "14:01:37"}
[14:01:37] t=987 ALARM 单位损失 -> counter 37 vs 17 -> [134, 79]
[14:01:38] {"kind": "action", "what": "attack_move", "name": null, "qty": null, "ts": "14:01:38"}
[14:01:40] t=989 jev INF E2 HOLD (预算保护 gate=False e2=30)
[14:01:42] t=991 jev INF DOG (conf 0.19)
[14:01:42] {"kind": "action", "what": "produce", "name": "DOG", "qty": 1, "ts": "14:01:42"}
[14:01:42] t=992 ESCORT 坦克#1299 -> 护航矿车@[124, 102]
[14:01:42] {"kind": "action", "what": "attack_move", "name": null, "qty": null, "ts": "14:01:42"}
[14:01:49] t=998 MOVE forward-post@(122, 85)(5)
[14:01:49] {"kind": "action", "what": "attack_move", "name": null, "qty": null, "ts": "14:01:49"}
[14:02:03] t=1012 MOVE forward-post@(122, 85)(5)
[14:02:03] {"kind": "action", "what": "attack_move", "name": null, "qty": null, "ts": "14:02:03"}
[14:02:06] t=1015 tick#675 credits=0 stance=defend | jev 675 decisions p50=985ms
[14:02:12] t=1021 jev BUILD NAWEAP HOLD (资金闸门: 坦克优先, cash=13)
[14:02:15] t=1024 MOVE forward-post@(122, 85)(5)
[14:02:15] {"kind": "action", "what": "attack_move", "name": null, "qty": null, "ts": "14:02:15"}
[14:02:19] t=1028 jev INF DOG (conf 0.19)
[14:02:19] {"kind": "action", "what": "produce", "name": "DOG", "qty": 1, "ts": "14:02:19"}
[14:02:27] t=1036 MOVE forward-post@(122, 85)(5)
[14:02:27] {"kind": "action", "what": "attack_move", "name": null, "qty": null, "ts": "14:02:27"}
[14:02:32] t=1042 ESCORT 坦克#1299 -> 护航矿车@[122, 102]
[14:02:32] {"kind": "action", "what": "attack_move", "name": null, "qty": null, "ts": "14:02:32"}
[14:02:40] t=1049 MOVE forward-post@(122, 85)(5)
[14:02:41] {"kind": "action", "what": "attack_move", "name": null, "qty": null, "ts": "14:02:41"}
[14:02:44] t=1052 tick#700 credits=0 stance=defend | jev 700 decisions p50=986ms
[14:02:46] t=1055 jev VEH DRON (conf 0.41)
[14:02:47] {"kind": "action", "what": "produce", "name": "DRON", "qty": 1, "ts": "14:02:47"}
[14:02:47] t=1055 ATTACK (tanks=7)
[14:02:47] t=1055 MOVE attack->[120, 113] x4
[14:02:47] {"kind": "action", "what": "attack_move", "name": null, "qty": null, "ts": "14:02:47"}
[14:02:48] t=1057 jev BUILD NAPOWR HOLD (资金闸门: 坦克优先, cash=88)
[14:02:48] t=1057 MOVE attack->[120, 111] x4
[14:02:48] {"kind": "action", "what": "attack_move", "name": null, "qty": null, "ts": "14:02:48"}
[14:02:50] t=1058 jev BUILD NAWEAP HOLD (资金闸门: 坦克优先, cash=47)
[14:02:50] t=1058 jev INF SHK HOLD (预算保护 gate=False e2=30)
[14:02:50] t=1058 MOVE attack->[120, 109] x4
[14:02:50] {"kind": "action", "what": "attack_move", "name": null, "qty": null, "ts": "14:02:50"}
[14:02:51] t=1060 jev BUILD NAWEAP HOLD (资金闸门: 坦克优先, cash=4)
[14:02:51] t=1060 jev INF E2 HOLD (预算保护 gate=False e2=30)
[14:02:51] t=1060 MOVE attack->[120, 108] x4
[14:02:51] {"kind": "action", "what": "attack_move", "name": null, "qty": null, "ts": "14:02:51"}
[14:02:54] t=1063 MOVE attack->[120, 107] x4
[14:02:54] {"kind": "action", "what": "attack_move", "name": null, "qty": null, "ts": "14:02:54"}
[14:02:55] t=1064 ALARM 单位损失 -> counter 40 vs 15 -> [134, 79]
[14:02:55] {"kind": "action", "what": "attack_move", "name": null, "qty": null, "ts": "14:02:55"}
[14:02:56] t=1064 jev INF DOG (conf 0.32)
[14:02:56] {"kind": "action", "what": "produce", "name": "DOG", "qty": 1, "ts": "14:02:56"}
[14:02:56] t=1064 ATTACK (tanks=7)
[14:03:02] t=1072 ESCORT 坦克#1337 -> 护航矿车@[121, 130]
[14:03:02] t=1072 RETREAT HTNK(39%)
[14:03:02] {"kind": "action", "what": "attack_move", "name": null, "qty": null, "ts": "14:03:02"}
[14:03:03] {"kind": "action", "what": "move", "name": null, "qty": null, "ts": "14:03:03"}
[14:03:04] t=1072 MOVE forward-post@(122, 85)(5)
[14:03:04] {"kind": "action", "what": "attack_move", "name": null, "qty": null, "ts": "14:03:04"}
[14:03:14] t=1084 ALARM 单位损失 -> counter 36 vs 15 -> [134, 79]
[14:03:14] {"kind": "action", "what": "attack_move", "name": null, "qty": null, "ts": "14:03:14"}
[14:03:21] t=1090 tick#725 credits=0 stance=defend | jev 725 decisions p50=986ms
[14:03:23] t=1092 MOVE forward-post@(122, 85)(4)
[14:03:23] {"kind": "action", "what": "attack_move", "name": null, "qty": null, "ts": "14:03:23"}
[14:03:24] t=1093 jev BUILD NARADR HOLD (资金闸门: 坦克优先, cash=1077)
[14:03:26] t=1095 jev BUILD NARADR HOLD (资金闸门: 坦克优先, cash=997)
[14:03:27] t=1096 jev BUILD NARADR HOLD (资金闸门: 坦克优先, cash=911)
[14:03:32] t=1101 jev INF E2 HOLD (预算保护 gate=False e2=28)
[14:03:32] t=1102 ESCORT 坦克#1337 -> 护航矿车@[126, 105]
[14:03:32] {"kind": "action", "what": "attack_move", "name": null, "qty": null, "ts": "14:03:32"}
[14:03:33] t=1102 jev BUILD NAHAND HOLD (资金闸门: 坦克优先, cash=651)
[14:03:33] t=1102 jev INF E2 HOLD (预算保护 gate=False e2=28)
[14:03:35] t=1104 jev BUILD NAHAND HOLD (资金闸门: 坦克优先, cash=625)
[14:03:35] t=1104 jev INF E2 HOLD (预算保护 gate=False e2=28)
[14:03:35] t=1104 jev VEH DRON (conf 0.58)
[14:03:35] {"kind": "action", "what": "produce", "name": "DRON", "qty": 1, "ts": "14:03:35"}
[14:03:35] t=1104 MOVE forward-post@(122, 85)(5)
[14:03:35] {"kind": "action", "what": "attack_move", "name": null, "qty": null, "ts": "14:03:35"}
[14:03:36] t=1105 jev BUILD NAHAND HOLD (资金闸门: 坦克优先, cash=613)
[14:03:36] t=1105 jev INF E2 HOLD (预算保护 gate=False e2=28)
[14:03:38] t=1107 jev BUILD NAHAND HOLD (资金闸门: 坦克优先, cash=572)
[14:03:38] t=1107 jev INF E2 HOLD (预算保护 gate=False e2=28)
[14:03:39] t=1108 jev BUILD NAHAND HOLD (资金闸门: 坦克优先, cash=529)
[14:03:39] t=1108 jev INF E2 HOLD (预算保护 gate=False e2=28)
[14:03:41] t=1110 jev INF E2 HOLD (预算保护 gate=False e2=28)
[14:03:43] t=1111 jev INF E2 HOLD (预算保护 gate=False e2=28)
[14:03:44] t=1113 jev INF E2 HOLD (预算保护 gate=False e2=28)
[14:03:45] t=1114 jev INF E2 HOLD (预算保护 gate=False e2=28)
[14:03:45] t=1114 ATTACK (tanks=7)
[14:03:45] t=1114 MOVE attack->[117, 133] x4
[14:03:45] {"kind": "action", "what": "attack_move", "name": null, "qty": null, "ts": "14:03:45"}
[14:03:47] t=1116 jev INF E2 HOLD (预算保护 gate=False e2=28)
[14:03:47] t=1116 MOVE attack->[117, 131] x4
[14:03:47] {"kind": "action", "what": "attack_move", "name": null, "qty": null, "ts": "14:03:47"}
[14:03:48] t=1117 jev INF E2 HOLD (预算保护 gate=False e2=28)
[14:03:48] t=1117 MOVE attack->[118, 130] x4
[14:03:49] {"kind": "action", "what": "attack_move", "name": null, "qty": null, "ts": "14:03:49"}
[14:03:50] t=1119 jev INF E2 HOLD (预算保护 gate=False e2=28)
[14:03:50] t=1119 MOVE attack->[119, 128] x4
[14:03:50] {"kind": "action", "what": "attack_move", "name": null, "qty": null, "ts": "14:03:50"}
[14:03:51] t=1120 jev INF E2 HOLD (预算保护 gate=False e2=28)
[14:03:51] t=1120 jev VEH DRON (conf 0.47)
[14:03:51] {"kind": "action", "what": "produce", "name": "DRON", "qty": 1, "ts": "14:03:51"}
[14:03:51] t=1120 MOVE attack->[120, 126] x5
[14:03:51] {"kind": "action", "what": "attack_move", "name": null, "qty": null, "ts": "14:03:51"}
[14:03:53] t=1122 jev INF E2 HOLD (预算保护 gate=False e2=28)
[14:03:53] t=1122 MOVE attack->[120, 125] x5
[14:03:53] {"kind": "action", "what": "attack_move", "name": null, "qty": null, "ts": "14:03:53"}
[14:03:54] t=1123 jev INF E2 HOLD (预算保护 gate=False e2=28)
[14:03:54] t=1123 MOVE attack->[120, 123] x5
[14:03:54] {"kind": "action", "what": "attack_move", "name": null, "qty": null, "ts": "14:03:54"}
[14:03:56] t=1125 jev INF E2 HOLD (预算保护 gate=False e2=28)
[14:03:56] t=1125 MOVE attack->[120, 121] x5
[14:03:56] {"kind": "action", "what": "attack_move", "name": null, "qty": null, "ts": "14:03:56"}
[14:03:57] t=1126 MOVE attack->[120, 119] x5
[14:03:57] {"kind": "action", "what": "attack_move", "name": null, "qty": null, "ts": "14:03:57"}
[14:03:59] t=1128 jev BUILD NAPOWR HOLD (资金闸门: 坦克优先, cash=46)
[14:03:59] t=1128 jev INF E2 HOLD (预算保护 gate=False e2=28)
[14:03:59] t=1128 MOVE attack->[120, 117] x5
[14:03:59] {"kind": "action", "what": "attack_move", "name": null, "qty": null, "ts": "14:03:59"}
[14:03:59] t=1128 tick#750 credits=46 stance=attack | jev 750 decisions p50=984ms
[14:04:00] t=1129 jev BUILD NAWEAP HOLD (资金闸门: 坦克优先, cash=5)
[14:04:00] t=1129 jev INF SHK HOLD (预算保护 gate=False e2=28)
[14:04:00] t=1129 MOVE attack->[120, 115] x5
[14:04:00] {"kind": "action", "what": "attack_move", "name": null, "qty": null, "ts": "14:04:00"}
[14:04:02] t=1131 MOVE attack->[120, 113] x5
[14:04:02] {"kind": "action", "what": "attack_move", "name": null, "qty": null, "ts": "14:04:02"}
[14:04:02] t=1132 ESCORT 坦克#1387 -> 护航矿车@[117, 133]
[14:04:02] {"kind": "action", "what": "attack_move", "name": null, "qty": null, "ts": "14:04:02"}
[14:04:04] t=1132 MOVE attack->[120, 111] x5
[14:04:04] {"kind": "action", "what": "attack_move", "name": null, "qty": null, "ts": "14:04:04"}
[14:04:05] t=1134 MOVE attack->[120, 109] x5
[14:04:05] {"kind": "action", "what": "attack_move", "name": null, "qty": null, "ts": "14:04:05"}
[14:04:06] t=1135 MOVE attack->[120, 107] x5
[14:04:06] {"kind": "action", "what": "attack_move", "name": null, "qty": null, "ts": "14:04:06"}
[14:04:09] t=1138 MOVE attack->[119, 106] x5
[14:04:10] {"kind": "action", "what": "attack_move", "name": null, "qty": null, "ts": "14:04:10"}
[14:04:14] t=1143 MOVE attack->[73, 113] x5
[14:04:14] {"kind": "action", "what": "attack_move", "name": null, "qty": null, "ts": "14:04:14"}
[14:04:15] t=1144 MOVE attack->[74, 111] x5
[14:04:15] {"kind": "action", "what": "attack_move", "name": null, "qty": null, "ts": "14:04:15"}
[14:04:28] t=1156 MOVE attack->[74, 111] x5
[14:04:28] {"kind": "action", "what": "attack_move", "name": null, "qty": null, "ts": "14:04:28"}
[14:04:29] t=1158 jev INF E2 HOLD (预算保护 gate=False e2=28)
[14:04:31] t=1159 jev INF E2 HOLD (预算保护 gate=False e2=28)
[14:04:32] t=1161 jev INF E2 HOLD (预算保护 gate=False e2=28)
[14:04:32] t=1162 ESCORT 坦克#1337 -> 护航矿车@[120, 124]
[14:04:32] {"kind": "action", "what": "attack_move", "name": null, "qty": null, "ts": "14:04:32"}
[14:04:35] t=1164 jev VEH DRON (conf 0.48)
[14:04:35] {"kind": "action", "what": "produce", "name": "DRON", "qty": 1, "ts": "14:04:35"}
[14:04:35] t=1164 MOVE RAID x2 -> 敌基地 (71, 114) (断经济)
[14:04:35] {"kind": "action", "what": "attack_move", "name": null, "qty": null, "ts": "14:04:35"}
[14:04:36] t=1165 tick#775 credits=116 stance=attack | jev 775 decisions p50=983ms
[14:04:38] t=1167 jev BUILD NAHAND HOLD (资金闸门: 坦克优先, cash=74)
[14:04:39] t=1168 jev BUILD NAWEAP HOLD (资金闸门: 坦克优先, cash=33)
[14:04:39] t=1168 jev INF E2 HOLD (预算保护 gate=False e2=28)
[14:04:41] t=1170 MOVE attack->[74, 111] x4
[14:04:41] {"kind": "action", "what": "attack_move", "name": null, "qty": null, "ts": "14:04:41"}
[14:04:52] t=1182 ALARM 单位损失 -> counter 40 vs 13 -> [134, 79]
[14:04:52] {"kind": "action", "what": "attack_move", "name": null, "qty": null, "ts": "14:04:52"}
[14:04:53] t=1182 ATTACK (tanks=8)
[14:05:00] t=1189 MOVE attack->[74, 111] x5
[14:05:00] {"kind": "action", "what": "attack_move", "name": null, "qty": null, "ts": "14:05:00"}
[14:05:03] t=1193 ESCORT 坦克#1387 -> 护航矿车@[128, 105]
[14:05:03] {"kind": "action", "what": "attack_move", "name": null, "qty": null, "ts": "14:05:03"}
[14:05:13] t=1202 MOVE attack->[74, 111] x5
[14:05:13] {"kind": "action", "what": "attack_move", "name": null, "qty": null, "ts": "14:05:13"}
[14:05:14] t=1203 tick#800 credits=0 stance=attack | jev 800 decisions p50=983ms
[14:05:18] t=1208 ALARM 单位损失 -> counter 39 vs 24 -> [134, 79]
[14:05:18] {"kind": "action", "what": "attack_move", "name": null, "qty": null, "ts": "14:05:18"}
[14:05:19] t=1208 jev INF E2 HOLD (预算保护 gate=False e2=28)
[14:05:19] t=1208 ATTACK (tanks=7)
[14:05:26] t=1215 MOVE attack->[74, 111] x4
[14:05:26] {"kind": "action", "what": "attack_move", "name": null, "qty": null, "ts": "14:05:26"}
[14:05:29] t=1218 jev BUILD NAPOWR HOLD (资金闸门: 坦克优先, cash=1116)
[14:05:29] t=1218 jev INF E2 HOLD (预算保护 gate=False e2=28)
[14:05:31] t=1220 jev BUILD NARADR HOLD (资金闸门: 坦克优先, cash=1075)
[14:05:31] t=1220 jev INF E2 HOLD (预算保护 gate=False e2=28)
[14:05:32] t=1221 jev BUILD NAPOWR HOLD (资金闸门: 坦克优先, cash=1035)
[14:05:32] t=1221 jev INF E2 HOLD (预算保护 gate=False e2=28)
[14:05:33] t=1223 ESCORT 坦克#1387 -> 护航矿车@[128, 105]
[14:05:33] {"kind": "action", "what": "attack_move", "name": null, "qty": null, "ts": "14:05:33"}
[14:05:34] t=1223 jev BUILD NAPOWR (conf 0.17)
[14:05:34] t=1223 jev INF E2 (conf 0.21)
[14:05:34] {"kind": "action", "what": "produce", "name": "NAPOWR", "qty": 1, "ts": "14:05:34"}
[14:05:34] {"kind": "action", "what": "produce", "name": "E2", "qty": 1, "ts": "14:05:34"}
[14:05:39] t=1229 TANK HTNK x2
[14:05:39] {"kind": "action", "what": "produce", "name": "HTNK", "qty": 2, "ts": "14:05:39"}
[14:05:40] t=1229 jev INF E2 (conf 0.28)
[14:05:40] {"kind": "action", "what": "produce", "name": "E2", "qty": 1, "ts": "14:05:40"}
[14:05:40] t=1229 MOVE attack->[74, 111] x5
[14:05:40] {"kind": "action", "what": "attack_move", "name": null, "qty": null, "ts": "14:05:40"}
[14:05:46] t=1235 jev INF E2 HOLD (预算保护 gate=True e2=30)
[14:05:46] t=1235 MOVE RAID x2 -> 敌基地 (71, 114) (断经济)
[14:05:46] {"kind": "action", "what": "attack_move", "name": null, "qty": null, "ts": "14:05:46"}
[14:05:46] t=1236 ALARM 单位损失 -> counter 42 vs 21 -> [134, 79]
[14:05:47] {"kind": "action", "what": "attack_move", "name": null, "qty": null, "ts": "14:05:47"}
[14:05:48] t=1236 jev INF E2 HOLD (预算保护 gate=True e2=30)
[14:05:48] t=1236 ATTACK (tanks=8)
[14:05:49] t=1238 jev INF E2 HOLD (预算保护 gate=False e2=30)
[14:05:50] t=1239 jev INF E2 HOLD (预算保护 gate=False e2=30)
[14:05:52] t=1241 jev INF E2 HOLD (预算保护 gate=False e2=30)
[14:05:52] t=1241 tick#825 credits=1024 stance=attack | jev 825 decisions p50=982ms
[14:05:53] t=1242 jev INF E2 HOLD (预算保护 gate=True e2=30)
[14:05:55] t=1244 jev INF SHK (conf 0.15)
[14:05:55] {"kind": "action", "what": "produce", "name": "SHK", "qty": 1, "ts": "14:05:55"}
[14:05:55] t=1244 MOVE attack->[74, 111] x5
[14:05:55] {"kind": "action", "what": "attack_move", "name": null, "qty": null, "ts": "14:05:55"}
[14:05:58] t=1247 jev BUILD NARADR HOLD (资金闸门: 坦克优先, cash=1816)
[14:06:00] t=1248 jev BUILD NARADR HOLD (资金闸门: 坦克优先, cash=1738)
[14:06:01] t=1250 jev BUILD NARADR HOLD (资金闸门: 坦克优先, cash=1657)
[14:06:02] t=1251 jev BUILD NARADR HOLD (资金闸门: 坦克优先, cash=1580)
[14:06:03] t=1253 ESCORT 坦克#1492 -> 护航矿车@[120, 111]
[14:06:03] {"kind": "action", "what": "attack_move", "name": null, "qty": null, "ts": "14:06:03"}
[14:06:04] t=1253 jev BUILD NARADR HOLD (资金闸门: 坦克优先, cash=1499)
[14:06:05] t=1254 jev BUILD NARADR HOLD (资金闸门: 坦克优先, cash=1421)
[14:06:07] t=1256 jev BUILD NARADR HOLD (资金闸门: 坦克优先, cash=1341)
[14:06:07] t=1256 MOVE attack->[74, 111] x5
[14:06:07] {"kind": "action", "what": "attack_move", "name": null, "qty": null, "ts": "14:06:07"}
[14:06:09] t=1257 jev BUILD NARADR HOLD (资金闸门: 坦克优先, cash=1263)
[14:06:10] t=1259 jev BUILD NARADR HOLD (资金闸门: 坦克优先, cash=1182)
[14:06:11] t=1260 jev BUILD NARADR HOLD (资金闸门: 坦克优先, cash=1105)
[14:06:13] t=1262 jev BUILD NARADR HOLD (资金闸门: 坦克优先, cash=1024)
[14:06:15] t=1263 jev BUILD NARADR HOLD (资金闸门: 坦克优先, cash=957)
[14:06:15] t=1263 jev INF E2 HOLD (预算保护 gate=False e2=30)
[14:06:16] t=1265 jev BUILD NARADR HOLD (资金闸门: 坦克优先, cash=919)
[14:06:16] t=1265 jev INF E2 HOLD (预算保护 gate=False e2=30)
[14:06:16] t=1265 MOVE RAID x2 -> 敌基地 (71, 114) (断经济)
[14:06:16] {"kind": "action", "what": "attack_move", "name": null, "qty": null, "ts": "14:06:16"}
[14:06:17] t=1266 jev BUILD NARADR HOLD (资金闸门: 坦克优先, cash=880)
[14:06:17] t=1266 jev INF E2 HOLD (预算保护 gate=False e2=30)
[14:06:18] t=1268 ALARM 单位损失 -> counter 43 vs 17 -> [134, 79]
[14:06:18] {"kind": "action", "what": "attack_move", "name": null, "qty": null, "ts": "14:06:18"}
[14:06:19] t=1268 jev BUILD NARADR HOLD (资金闸门: 坦克优先, cash=844)
[14:06:19] t=1268 jev INF E2 HOLD (预算保护 gate=False e2=30)
[14:06:19] t=1268 ATTACK (tanks=8)
[14:06:21] t=1270 jev BUILD NARADR HOLD (资金闸门: 坦克优先, cash=804)
[14:06:21] t=1270 jev INF E2 HOLD (预算保护 gate=False e2=30)
[14:06:21] t=1270 ATTACK (tanks=8)
[14:06:22] t=1271 jev BUILD NARADR HOLD (资金闸门: 坦克优先, cash=1142)
[14:06:22] t=1271 jev INF E2 HOLD (预算保护 gate=False e2=30)
[14:06:24] t=1273 jev BUILD NARADR HOLD (资金闸门: 坦克优先, cash=1104)
[14:06:24] t=1273 jev INF E2 HOLD (预算保护 gate=False e2=30)
[14:06:24] t=1273 ATTACK (tanks=7)
[14:06:25] t=1274 jev BUILD NARADR HOLD (资金闸门: 坦克优先, cash=1067)
[14:06:25] t=1274 jev INF E2 HOLD (预算保护 gate=False e2=30)
[14:06:27] t=1276 jev BUILD NARADR HOLD (资金闸门: 坦克优先, cash=1029)
[14:06:27] t=1276 jev INF E2 HOLD (预算保护 gate=False e2=30)
[14:06:27] t=1276 MOVE attack->[74, 117] x4
[14:06:27] {"kind": "action", "what": "attack_move", "name": null, "qty": null, "ts": "14:06:27"}
[14:06:28] t=1277 jev BUILD NARADR HOLD (资金闸门: 坦克优先, cash=992)
[14:06:28] t=1277 jev INF E2 HOLD (预算保护 gate=False e2=30)
[14:06:28] t=1277 MOVE attack->[74, 111] x4
[14:06:28] {"kind": "action", "what": "attack_move", "name": null, "qty": null, "ts": "14:06:28"}
[14:06:30] t=1279 jev BUILD NARADR HOLD (资金闸门: 坦克优先, cash=954)
[14:06:30] t=1279 jev INF E2 HOLD (预算保护 gate=False e2=30)
[14:06:30] t=1279 tick#850 credits=954 stance=attack | jev 850 decisions p50=981ms
[14:06:31] t=1280 jev BUILD NARADR HOLD (资金闸门: 坦克优先, cash=917)
[14:06:31] t=1280 jev INF E2 HOLD (预算保护 gate=False e2=30)
[14:06:32] t=1282 ALARM 单位损失 -> counter 41 vs 17 -> [134, 79]
[14:06:32] {"kind": "action", "what": "attack_move", "name": null, "qty": null, "ts": "14:06:32"}
[14:06:33] t=1282 jev BUILD NARADR HOLD (资金闸门: 坦克优先, cash=879)
[14:06:33] t=1282 jev INF E2 HOLD (预算保护 gate=False e2=30)
[14:06:33] t=1283 ESCORT 坦克#1387 -> 护航矿车@[117, 135]
[14:06:33] {"kind": "action", "what": "attack_move", "name": null, "qty": null, "ts": "14:06:33"}
[14:06:34] t=1283 jev BUILD NARADR HOLD (资金闸门: 坦克优先, cash=840)
[14:06:34] t=1283 jev INF E2 HOLD (预算保护 gate=False e2=30)
[14:06:36] t=1285 jev BUILD NARADR HOLD (资金闸门: 坦克优先, cash=804)
[14:06:36] t=1285 jev INF E2 HOLD (预算保护 gate=False e2=30)
[14:06:37] t=1286 jev INF E2 HOLD (预算保护 gate=False e2=30)
[14:06:39] t=1288 jev INF E2 HOLD (预算保护 gate=False e2=30)
[14:06:40] t=1289 jev INF E2 HOLD (预算保护 gate=False e2=30)
[14:06:40] t=1289 MOVE forward-post@(122, 86)(5)
[14:06:40] {"kind": "action", "what": "attack_move", "name": null, "qty": null, "ts": "14:06:40"}
[14:06:42] t=1291 jev INF E2 HOLD (预算保护 gate=False e2=30)
[14:06:43] t=1292 jev INF E2 HOLD (预算保护 gate=False e2=30)
[14:06:45] t=1294 jev INF E2 HOLD (预算保护 gate=False e2=30)
[14:06:46] t=1295 jev BUILD NAHAND HOLD (资金闸门: 坦克优先, cash=542)
[14:06:46] t=1295 jev INF E2 HOLD (预算保护 gate=False e2=30)
[14:06:47] t=1297 jev INF E2 HOLD (预算保护 gate=False e2=30)
[14:06:49] t=1298 jev INF E2 HOLD (预算保护 gate=False e2=30)
[14:06:51] t=1300 jev INF E2 HOLD (预算保护 gate=False e2=30)
[14:06:52] t=1301 jev INF E2 HOLD (预算保护 gate=False e2=30)
[14:06:52] t=1301 jev VEH DRON (conf 0.45)
[14:06:52] {"kind": "action", "what": "produce", "name": "DRON", "qty": 1, "ts": "14:06:52"}
[14:06:52] t=1301 ATTACK (tanks=7)
[14:06:52] t=1301 MOVE attack->[74, 111] x4
[14:06:52] {"kind": "action", "what": "attack_move", "name": null, "qty": null, "ts": "14:06:52"}
[14:06:54] t=1303 jev INF E2 HOLD (预算保护 gate=False e2=30)
[14:06:55] t=1304 jev INF E2 HOLD (预算保护 gate=False e2=30)
[14:06:55] t=1304 MOVE attack->[74, 117] x4
[14:06:55] {"kind": "action", "what": "attack_move", "name": null, "qty": null, "ts": "14:06:55"}
[14:06:57] t=1306 jev INF E2 HOLD (预算保护 gate=False e2=30)
[14:06:57] t=1306 MOVE attack->[74, 115] x4
[14:06:57] {"kind": "action", "what": "attack_move", "name": null, "qty": null, "ts": "14:06:57"}
[14:06:58] t=1307 jev INF E2 HOLD (预算保护 gate=False e2=30)
[14:06:58] t=1307 MOVE attack->[73, 113] x4
[14:06:58] {"kind": "action", "what": "attack_move", "name": null, "qty": null, "ts": "14:06:58"}
[14:07:00] t=1309 jev INF E2 HOLD (预算保护 gate=False e2=30)
[14:07:00] t=1309 MOVE attack->[72, 112] x4
[14:07:00] {"kind": "action", "what": "attack_move", "name": null, "qty": null, "ts": "14:07:00"}
[14:07:01] t=1310 jev INF E2 HOLD (预算保护 gate=False e2=30)
[14:07:01] t=1310 MOVE attack->[71, 110] x4
[14:07:01] {"kind": "action", "what": "attack_move", "name": null, "qty": null, "ts": "14:07:01"}
[14:07:03] t=1312 MOVE attack->[71, 108] x4
[14:07:03] {"kind": "action", "what": "attack_move", "name": null, "qty": null, "ts": "14:07:03"}
[14:07:03] t=1313 ESCORT 坦克#1721 -> 护航矿车@[128, 104]
[14:07:03] {"kind": "action", "what": "attack_move", "name": null, "qty": null, "ts": "14:07:03"}
[14:07:04] t=1313 MOVE attack->[74, 111] x4
[14:07:04] {"kind": "action", "what": "attack_move", "name": null, "qty": null, "ts": "14:07:04"}
[14:07:06] t=1315 jev BUILD NARADR HOLD (资金闸门: 坦克优先, cash=49)
[14:07:06] t=1315 jev INF E2 HOLD (预算保护 gate=False e2=30)
[14:07:07] t=1316 jev BUILD NARADR HOLD (资金闸门: 坦克优先, cash=7)
[14:07:07] t=1316 jev INF SHK HOLD (预算保护 gate=False e2=30)
[14:07:07] t=1316 tick#875 credits=7 stance=attack | jev 875 decisions p50=980ms
[14:07:18] t=1327 MOVE attack->[74, 111] x4
[14:07:18] {"kind": "action", "what": "attack_move", "name": null, "qty": null, "ts": "14:07:18"}
[14:07:20] t=1330 ALARM 单位损失 -> counter 41 vs 17 -> [134, 79]
[14:07:20] {"kind": "action", "what": "attack_move", "name": null, "qty": null, "ts": "14:07:20"}
[14:07:21] t=1331 RETREAT DRON(10%)
[14:07:21] {"kind": "action", "what": "move", "name": null, "qty": null, "ts": "14:07:21"}
[14:07:28] t=1337 MOVE forward-post@(122, 86)(4)
[14:07:28] {"kind": "action", "what": "attack_move", "name": null, "qty": null, "ts": "14:07:28"}
[14:07:33] t=1343 ESCORT 坦克#1721 -> 护航矿车@[128, 105]
[14:07:33] {"kind": "action", "what": "attack_move", "name": null, "qty": null, "ts": "14:07:33"}
[14:07:40] t=1349 MOVE forward-post@(122, 86)(4)
[14:07:40] {"kind": "action", "what": "attack_move", "name": null, "qty": null, "ts": "14:07:40"}
[14:07:45] t=1354 tick#900 credits=0 stance=defend | jev 900 decisions p50=979ms
[14:07:49] t=1358 jev BUILD NARADR HOLD (资金闸门: 坦克优先, cash=1120)
[14:07:49] t=1358 jev INF E2 HOLD (预算保护 gate=False e2=30)
[14:07:49] t=1358 jev VEH DRON (conf 0.34)
[14:07:49] {"kind": "action", "what": "produce", "name": "DRON", "qty": 1, "ts": "14:07:49"}
[14:07:51] t=1360 jev BUILD NARADR HOLD (资金闸门: 坦克优先, cash=1108)
[14:07:51] t=1360 jev INF E2 HOLD (预算保护 gate=False e2=30)
[14:07:52] t=1361 jev BUILD NAHAND HOLD (资金闸门: 坦克优先, cash=1065)
[14:07:52] t=1361 jev INF E2 HOLD (预算保护 gate=False e2=30)
[14:07:54] t=1363 jev BUILD NARADR HOLD (资金闸门: 坦克优先, cash=1022)
[14:07:54] t=1363 jev INF E2 HOLD (预算保护 gate=False e2=30)
[14:07:54] t=1363 MOVE forward-post@(122, 86)(5)
[14:07:54] {"kind": "action", "what": "attack_move", "name": null, "qty": null, "ts": "14:07:54"}
[14:07:55] t=1364 jev BUILD NARADR HOLD (资金闸门: 坦克优先, cash=982)
[14:07:55] t=1364 jev INF E2 HOLD (预算保护 gate=False e2=30)
[14:07:57] t=1366 jev BUILD NARADR HOLD (资金闸门: 坦克优先, cash=939)
[14:07:57] t=1366 jev INF E2 HOLD (预算保护 gate=False e2=30)
[14:07:58] t=1367 jev BUILD NARADR HOLD (资金闸门: 坦克优先, cash=898)
[14:07:58] t=1367 jev INF E2 HOLD (预算保护 gate=False e2=30)
[14:08:00] t=1369 jev BUILD NARADR HOLD (资金闸门: 坦克优先, cash=856)
[14:08:00] t=1369 jev INF E2 HOLD (预算保护 gate=False e2=30)
[14:08:01] t=1370 jev BUILD NAHAND HOLD (资金闸门: 坦克优先, cash=815)
[14:08:01] t=1370 jev INF E2 HOLD (预算保护 gate=False e2=30)
[14:08:03] t=1372 jev BUILD NAHAND HOLD (资金闸门: 坦克优先, cash=772)
[14:08:03] t=1372 jev INF E2 HOLD (预算保护 gate=False e2=30)
[14:08:03] t=1373 ESCORT 坦克#1387 -> 护航矿车@[119, 136]
[14:08:03] t=1373 RETREAT HTNK(33%)
[14:08:03] {"kind": "action", "what": "attack_move", "name": null, "qty": null, "ts": "14:08:03"}
[14:08:03] {"kind": "action", "what": "move", "name": null, "qty": null, "ts": "14:08:03"}
[14:08:04] t=1373 jev INF E2 HOLD (预算保护 gate=False e2=30)
[14:08:06] t=1375 jev BUILD NAHAND HOLD (资金闸门: 坦克优先, cash=720)
[14:08:06] t=1375 jev INF E2 HOLD (预算保护 gate=False e2=30)
[14:08:06] t=1375 jev VEH DRON (conf 0.36)
[14:08:06] {"kind": "action", "what": "produce", "name": "DRON", "qty": 1, "ts": "14:08:06"}
[14:08:06] t=1375 ATTACK (tanks=7)
[14:08:06] t=1375 MOVE attack->[74, 111] x4
[14:08:06] {"kind": "action", "what": "attack_move", "name": null, "qty": null, "ts": "14:08:06"}
[14:08:07] t=1376 jev BUILD NAHAND HOLD (资金闸门: 坦克优先, cash=708)
[14:08:07] t=1376 jev INF E2 HOLD (预算保护 gate=False e2=30)
[14:08:09] t=1378 jev INF E2 HOLD (预算保护 gate=False e2=30)
[14:08:10] t=1379 jev BUILD NAHAND HOLD (资金闸门: 坦克优先, cash=624)
[14:08:10] t=1379 jev INF E2 HOLD (预算保护 gate=False e2=30)
[14:08:12] t=1381 jev BUILD NAHAND HOLD (资金闸门: 坦克优先, cash=582)
[14:08:12] t=1381 jev INF E2 HOLD (预算保护 gate=False e2=30)
[14:08:13] t=1382 jev BUILD NAHAND HOLD (资金闸门: 坦克优先, cash=541)
[14:08:13] t=1382 jev INF E2 HOLD (预算保护 gate=False e2=30)
[14:08:15] t=1384 jev INF E2 HOLD (预算保护 gate=False e2=30)
[14:08:16] t=1385 jev INF E2 HOLD (预算保护 gate=False e2=30)
[14:08:18] t=1387 jev INF E2 HOLD (预算保护 gate=False e2=30)
[14:08:19] t=1388 jev INF E2 HOLD (预算保护 gate=False e2=30)
[14:08:19] t=1388 MOVE attack->[74, 111] x4
[14:08:19] {"kind": "action", "what": "attack_move", "name": null, "qty": null, "ts": "14:08:19"}
[14:08:21] t=1390 jev INF E2 HOLD (预算保护 gate=False e2=30)
[14:08:22] t=1391 jev INF E2 HOLD (预算保护 gate=False e2=30)
[14:08:22] t=1391 jev VEH DRON (conf 0.34)
[14:08:22] {"kind": "action", "what": "produce", "name": "DRON", "qty": 1, "ts": "14:08:22"}
[14:08:22] t=1391 tick#925 credits=320 stance=attack | jev 925 decisions p50=976ms
[14:08:24] t=1393 jev BUILD NAHAND HOLD (资金闸门: 坦克优先, cash=759)
[14:08:24] t=1393 jev INF E2 HOLD (预算保护 gate=False e2=30)
[14:08:25] t=1394 jev BUILD NAHAND HOLD (资金闸门: 坦克优先, cash=719)
[14:08:25] t=1394 jev INF E2 HOLD (预算保护 gate=False e2=30)
[14:08:27] t=1396 jev BUILD NAHAND HOLD (资金闸门: 坦克优先, cash=676)
[14:08:27] t=1396 jev INF E2 HOLD (预算保护 gate=False e2=30)
[14:08:28] t=1397 jev INF E2 HOLD (预算保护 gate=False e2=30)
[14:08:30] t=1399 jev INF E2 HOLD (预算保护 gate=False e2=30)
[14:08:31] t=1400 jev BUILD NAHAND HOLD (资金闸门: 坦克优先, cash=552)
[14:08:31] t=1400 jev INF E2 HOLD (预算保护 gate=False e2=30)
[14:08:31] t=1400 MOVE attack->[74, 111] x5
[14:08:31] {"kind": "action", "what": "attack_move", "name": null, "qty": null, "ts": "14:08:31"}
[14:08:33] t=1402 jev INF E2 HOLD (预算保护 gate=False e2=30)
[14:08:33] t=1403 ESCORT 坦克#1817 -> 护航矿车@[120, 118]
[14:08:33] {"kind": "action", "what": "attack_move", "name": null, "qty": null, "ts": "14:08:33"}
[14:08:34] t=1403 jev INF E2 HOLD (预算保护 gate=False e2=30)
[14:08:36] t=1405 jev INF E2 HOLD (预算保护 gate=False e2=30)
[14:08:37] t=1406 jev BUILD NAHAND HOLD (资金闸门: 坦克优先, cash=1510)
[14:08:37] t=1406 jev INF E2 HOLD (预算保护 gate=True e2=30)
[14:08:38] t=1408 TANK HTNK x1
[14:08:38] {"kind": "action", "what": "produce", "name": "HTNK", "qty": 1, "ts": "14:08:38"}
[14:08:39] t=1408 jev BUILD NARADR HOLD (资金闸门: 坦克优先, cash=1495)
[14:08:39] t=1408 jev INF E2 HOLD (预算保护 gate=True e2=30)
[14:08:39] t=1408 MOVE RAID x2 -> 敌基地 (70, 117) (断经济)
[14:08:39] {"kind": "action", "what": "attack_move", "name": null, "qty": null, "ts": "14:08:39"}
[14:08:40] t=1409 jev BUILD NARADR HOLD (资金闸门: 坦克优先, cash=1459)
[14:08:40] t=1409 jev INF E2 HOLD (预算保护 gate=True e2=30)
[14:08:42] t=1411 jev BUILD NAHAND HOLD (资金闸门: 坦克优先, cash=1420)
[14:08:42] t=1411 jev INF E2 HOLD (预算保护 gate=True e2=30)
[14:08:43] t=1412 jev BUILD NARADR HOLD (资金闸门: 坦克优先, cash=1384)
[14:08:43] t=1412 jev INF E2 HOLD (预算保护 gate=True e2=30)
[14:08:45] t=1414 jev BUILD NAPOWR HOLD (资金闸门: 坦克优先, cash=1345)
[14:08:45] t=1414 jev INF E2 HOLD (预算保护 gate=True e2=30)
[14:08:45] t=1414 MOVE attack->[74, 111] x4
[14:08:45] {"kind": "action", "what": "attack_move", "name": null, "qty": null, "ts": "14:08:45"}
[14:08:46] t=1415 jev BUILD NAHAND HOLD (资金闸门: 坦克优先, cash=1309)
[14:08:46] t=1415 jev INF E2 HOLD (预算保护 gate=True e2=30)
[14:08:48] t=1417 jev BUILD NARADR HOLD (资金闸门: 坦克优先, cash=1270)
[14:08:48] t=1417 jev INF E2 HOLD (预算保护 gate=True e2=30)
[14:08:49] t=1418 jev BUILD NAHAND HOLD (资金闸门: 坦克优先, cash=1234)
[14:08:49] t=1418 jev INF E2 HOLD (预算保护 gate=True e2=30)
[14:08:51] t=1420 jev BUILD NAHAND HOLD (资金闸门: 坦克优先, cash=1195)
[14:08:51] t=1420 jev INF E2 HOLD (预算保护 gate=False e2=30)
[14:08:52] t=1421 jev BUILD NAHAND HOLD (资金闸门: 坦克优先, cash=1159)
[14:08:52] t=1421 jev INF E2 HOLD (预算保护 gate=False e2=30)
[14:08:54] t=1423 jev BUILD NARADR HOLD (资金闸门: 坦克优先, cash=1120)
[14:08:54] t=1423 jev INF E2 HOLD (预算保护 gate=False e2=30)
[14:08:55] t=1424 jev BUILD NARADR HOLD (资金闸门: 坦克优先, cash=1084)
[14:08:55] t=1424 jev INF E2 HOLD (预算保护 gate=False e2=30)
[14:08:57] t=1426 jev BUILD NAHAND HOLD (资金闸门: 坦克优先, cash=1045)
[14:08:57] t=1426 jev INF E2 HOLD (预算保护 gate=False e2=30)
[14:08:57] t=1426 MOVE attack->[74, 111] x4
[14:08:57] {"kind": "action", "what": "attack_move", "name": null, "qty": null, "ts": "14:08:57"}
[14:08:58] t=1427 jev BUILD NARADR HOLD (资金闸门: 坦克优先, cash=1009)
[14:08:58] t=1427 jev INF E2 HOLD (预算保护 gate=False e2=30)
[14:09:00] t=1429 jev BUILD NAHAND HOLD (资金闸门: 坦克优先, cash=970)
[14:09:00] t=1429 jev INF E2 HOLD (预算保护 gate=False e2=30)
[14:09:00] t=1429 tick#950 credits=970 stance=attack | jev 950 decisions p50=975ms
[14:09:01] t=1430 jev BUILD NARADR HOLD (资金闸门: 坦克优先, cash=934)
[14:09:01] t=1430 jev INF E2 HOLD (预算保护 gate=False e2=30)
[14:09:01] t=1430 MOVE attack->[70, 110] x4
[14:09:01] {"kind": "action", "what": "attack_move", "name": null, "qty": null, "ts": "14:09:01"}
[14:09:03] t=1432 jev BUILD NARADR HOLD (资金闸门: 坦克优先, cash=895)
[14:09:03] t=1432 jev INF E2 HOLD (预算保护 gate=False e2=30)
[14:09:03] t=1432 MOVE attack->[72, 112] x4
[14:09:03] {"kind": "action", "what": "attack_move", "name": null, "qty": null, "ts": "14:09:03"}
[14:09:03] t=1433 ESCORT 坦克#1721 -> 护航矿车@[127, 105]
[14:09:03] {"kind": "action", "what": "attack_move", "name": null, "qty": null, "ts": "14:09:03"}
[14:09:04] t=1433 jev BUILD NAPOWR HOLD (资金闸门: 坦克优先, cash=857)
[14:09:04] t=1433 jev INF E2 HOLD (预算保护 gate=False e2=30)
[14:09:04] t=1433 MOVE attack->[73, 113] x4
[14:09:04] {"kind": "action", "what": "attack_move", "name": null, "qty": null, "ts": "14:09:04"}
[14:09:06] t=1435 jev BUILD NARADR HOLD (资金闸门: 坦克优先, cash=820)
[14:09:06] t=1435 jev INF E2 HOLD (预算保护 gate=False e2=30)
[14:09:06] t=1435 MOVE attack->[74, 115] x4
[14:09:06] {"kind": "action", "what": "attack_move", "name": null, "qty": null, "ts": "14:09:06"}
[14:09:07] t=1436 jev INF E2 HOLD (预算保护 gate=False e2=30)
[14:09:07] t=1436 MOVE attack->[74, 117] x4
[14:09:07] {"kind": "action", "what": "attack_move", "name": null, "qty": null, "ts": "14:09:07"}
[14:09:09] t=1438 jev INF E2 HOLD (预算保护 gate=False e2=30)
[14:09:09] t=1438 MOVE RAID x2 -> 敌基地 (70, 117) (断经济) | attack->[74, 111] x4
[14:09:09] {"kind": "action", "what": "attack_move", "name": null, "qty": null, "ts": "14:09:09"}
[14:09:09] {"kind": "action", "what": "attack_move", "name": null, "qty": null, "ts": "14:09:09"}
[14:09:10] t=1439 jev INF E2 HOLD (预算保护 gate=False e2=30)
[14:09:11] t=1441 ALARM 单位损失 -> counter 43 vs 16 -> [134, 79]
[14:09:11] {"kind": "action", "what": "attack_move", "name": null, "qty": null, "ts": "14:09:11"}
[14:09:12] t=1441 jev BUILD NAPOWR HOLD (资金闸门: 坦克优先, cash=670)
[14:09:12] t=1441 jev INF E2 HOLD (预算保护 gate=False e2=30)
[14:09:12] t=1441 ATTACK (tanks=8)
[14:09:13] t=1442 jev BUILD NAHAND HOLD (资金闸门: 坦克优先, cash=632)
[14:09:13] t=1442 jev INF E2 HOLD (预算保护 gate=False e2=30)
[14:09:15] t=1444 jev INF E2 HOLD (预算保护 gate=False e2=30)
[14:09:16] t=1445 jev INF E2 HOLD (预算保护 gate=False e2=30)
[14:09:16] t=1445 jev VEH DRON (conf 0.47)
[14:09:16] {"kind": "action", "what": "produce", "name": "DRON", "qty": 1, "ts": "14:09:16"}
[14:09:16] t=1445 ATTACK (tanks=8)
[14:09:18] t=1447 jev INF E2 HOLD (预算保护 gate=False e2=30)
[14:09:19] t=1448 jev BUILD NAHAND HOLD (资金闸门: 坦克优先, cash=542)
[14:09:19] t=1448 jev INF E2 HOLD (预算保护 gate=False e2=30)
[14:09:21] t=1450 jev INF E2 HOLD (预算保护 gate=False e2=30)
[14:09:21] t=1450 MOVE attack->[74, 111] x4
[14:09:21] {"kind": "action", "what": "attack_move", "name": null, "qty": null, "ts": "14:09:21"}
[14:09:22] t=1451 jev INF E2 HOLD (预算保护 gate=False e2=30)
[14:09:24] t=1453 jev INF E2 HOLD (预算保护 gate=False e2=30)
[14:09:25] t=1454 jev INF E2 HOLD (预算保护 gate=False e2=30)
[14:09:27] t=1456 jev BUILD NARADR HOLD (资金闸门: 坦克优先, cash=1459)
[14:09:27] t=1456 jev INF E2 HOLD (预算保护 gate=True e2=30)
[14:09:28] t=1457 jev BUILD NARADR HOLD (资金闸门: 坦克优先, cash=1417)
[14:09:28] t=1457 jev INF E2 HOLD (预算保护 gate=True e2=30)
[14:09:30] t=1459 jev BUILD NARADR HOLD (资金闸门: 坦克优先, cash=1376)
[14:09:30] t=1459 jev INF E2 HOLD (预算保护 gate=True e2=30)
[14:09:31] t=1460 jev BUILD NARADR HOLD (资金闸门: 坦克优先, cash=1333)
[14:09:31] t=1460 jev INF E2 HOLD (预算保护 gate=True e2=30)
[14:09:32] t=1462 TANK HTNK x1
[14:09:32] {"kind": "action", "what": "produce", "name": "HTNK", "qty": 1, "ts": "14:09:32"}
[14:09:33] t=1462 jev BUILD NARADR HOLD (资金闸门: 坦克优先, cash=1320)
[14:09:33] t=1462 jev INF SHK (conf 0.12)
[14:09:33] {"kind": "action", "what": "produce", "name": "SHK", "qty": 1, "ts": "14:09:33"}
[14:09:33] t=1462 MOVE attack->[74, 111] x5
[14:09:33] {"kind": "action", "what": "attack_move", "name": null, "qty": null, "ts": "14:09:33"}
[14:09:33] t=1463 ESCORT 坦克#1387 -> 护航矿车@[128, 105]
[14:09:33] {"kind": "action", "what": "attack_move", "name": null, "qty": null, "ts": "14:09:33"}
[14:09:34] t=1463 jev BUILD NARADR HOLD (资金闸门: 坦克优先, cash=1273)
[14:09:36] t=1465 jev BUILD NARADR HOLD (资金闸门: 坦克优先, cash=1196)
[14:09:36] t=1465 MOVE attack->[74, 117] x5
[14:09:36] {"kind": "action", "what": "attack_move", "name": null, "qty": null, "ts": "14:09:36"}
[14:09:37] t=1466 jev BUILD NARADR HOLD (资金闸门: 坦克优先, cash=1115)
[14:09:37] t=1466 MOVE attack->[74, 115] x5
[14:09:37] {"kind": "action", "what": "attack_move", "name": null, "qty": null, "ts": "14:09:37"}
[14:09:37] t=1466 tick#975 credits=1115 stance=attack | jev 975 decisions p50=974ms
[14:09:39] t=1468 jev BUILD NARADR HOLD (资金闸门: 坦克优先, cash=1037)
[14:09:39] t=1468 MOVE attack->[74, 114] x5
[14:09:39] {"kind": "action", "what": "attack_move", "name": null, "qty": null, "ts": "14:09:39"}
[14:09:40] t=1469 jev BUILD NARADR HOLD (资金闸门: 坦克优先, cash=957)
[14:09:40] t=1469 MOVE RAID x2 -> 敌基地 (70, 117) (断经济) | attack->[72, 112] x5
[14:09:40] {"kind": "action", "what": "attack_move", "name": null, "qty": null, "ts": "14:09:40"}
[14:09:40] {"kind": "action", "what": "attack_move", "name": null, "qty": null, "ts": "14:09:40"}
[14:09:42] t=1471 jev BUILD NARADR HOLD (资金闸门: 坦克优先, cash=879)
[14:09:42] t=1471 MOVE attack->[71, 110] x5
[14:09:42] {"kind": "action", "what": "attack_move", "name": null, "qty": null, "ts": "14:09:42"}
[14:09:42] t=1472 RETREAT HTNK(34%)
[14:09:42] {"kind": "action", "what": "move", "name": null, "qty": null, "ts": "14:09:42"}
[14:09:43] t=1472 MOVE attack->[71, 108] x4
[14:09:43] {"kind": "action", "what": "attack_move", "name": null, "qty": null, "ts": "14:09:43"}
[14:09:45] t=1474 MOVE attack->[71, 106] x4
[14:09:45] {"kind": "action", "what": "attack_move", "name": null, "qty": null, "ts": "14:09:45"}
[14:09:46] t=1475 MOVE attack->[77, 119] x4
[14:09:46] {"kind": "action", "what": "attack_move", "name": null, "qty": null, "ts": "14:09:46"}
[14:09:47] t=1477 ALARM 单位损失 -> counter 44 vs 18 -> [134, 79]
[14:09:47] {"kind": "action", "what": "attack_move", "name": null, "qty": null, "ts": "14:09:47"}
[14:09:48] t=1477 ATTACK (tanks=9)
[14:09:49] t=1478 ATTACK (tanks=8)
[14:09:52] t=1481 jev INF E2 HOLD (预算保护 gate=False e2=30)
[14:09:54] t=1483 jev INF E2 HOLD (预算保护 gate=False e2=30)
[14:09:54] t=1483 ATTACK (tanks=7)
[14:09:55] t=1484 jev INF E2 HOLD (预算保护 gate=False e2=30)
[14:09:55] t=1484 MOVE attack->[83, 122] x4
[14:09:55] {"kind": "action", "what": "attack_move", "name": null, "qty": null, "ts": "14:09:55"}
[14:09:57] t=1486 jev INF E2 HOLD (预算保护 gate=False e2=30)
[14:09:57] t=1486 MOVE attack->[74, 111] x4
[14:09:57] {"kind": "action", "what": "attack_move", "name": null, "qty": null, "ts": "14:09:57"}
[14:09:58] t=1487 jev INF E2 HOLD (预算保护 gate=False e2=30)
[14:10:00] t=1489 jev INF E2 HOLD (预算保护 gate=False e2=30)
[14:10:01] t=1490 jev INF E2 HOLD (预算保护 gate=False e2=30)
[14:10:03] t=1493 ESCORT 坦克#1492 -> 护航矿车@[119, 132]
[14:10:03] {"kind": "action", "what": "attack_move", "name": null, "qty": null, "ts": "14:10:03"}
[14:10:04] t=1493 jev BUILD NAWEAP HOLD (资金闸门: 坦克优先, cash=32)
[14:10:08] t=1498 ALARM 单位损失 -> counter 41 vs 21 -> [134, 79]
[14:10:08] {"kind": "action", "what": "attack_move", "name": null, "qty": null, "ts": "14:10:08"}
[14:10:08] t=1498 RETREAT HTNK(39%)
[14:10:08] {"kind": "action", "what": "move", "name": null, "qty": null, "ts": "14:10:08"}
[14:10:12] t=1501 jev BUILD NARADR HOLD (资金闸门: 坦克优先, cash=1097)
[14:10:12] t=1501 jev INF E2 HOLD (预算保护 gate=False e2=30)
[14:10:13] t=1502 jev BUILD NARADR HOLD (资金闸门: 坦克优先, cash=1060)
[14:10:13] t=1502 jev INF E2 HOLD (预算保护 gate=False e2=30)
[14:10:15] t=1504 jev BUILD NARADR HOLD (资金闸门: 坦克优先, cash=1045)
[14:10:15] t=1504 jev INF E2 HOLD (预算保护 gate=False e2=30)
[14:10:15] t=1504 jev VEH DRON (conf 0.47)
[14:10:15] {"kind": "action", "what": "produce", "name": "DRON", "qty": 1, "ts": "14:10:15"}
[14:10:15] t=1504 ATTACK (tanks=7)
[14:10:15] t=1504 tick#1000 credits=1045 stance=attack | jev 1000 decisions p50=972ms
[14:10:16] t=1505 jev BUILD NARADR HOLD (资金闸门: 坦克优先, cash=1038)
[14:10:16] t=1505 jev INF E2 HOLD (预算保护 gate=False e2=30)
[14:10:16] t=1505 MOVE attack->[70, 110] x5
[14:10:16] {"kind": "action", "what": "attack_move", "name": null, "qty": null, "ts": "14:10:16"}
[14:10:18] t=1507 jev BUILD NARADR HOLD (资金闸门: 坦克优先, cash=995)
[14:10:18] t=1507 jev INF E2 HOLD (预算保护 gate=False e2=30)
[14:10:18] t=1507 MOVE attack->[72, 112] x5
[14:10:18] {"kind": "action", "what": "attack_move", "name": null, "qty": null, "ts": "14:10:18"}
[14:10:19] t=1508 jev BUILD NARADR HOLD (资金闸门: 坦克优先, cash=955)
[14:10:19] t=1508 jev INF E2 HOLD (预算保护 gate=False e2=30)
[14:10:19] t=1508 MOVE attack->[73, 113] x5
[14:10:19] {"kind": "action", "what": "attack_move", "name": null, "qty": null, "ts": "14:10:19"}
[14:10:21] t=1510 jev BUILD NARADR HOLD (资金闸门: 坦克优先, cash=912)
[14:10:21] t=1510 jev INF E2 HOLD (预算保护 gate=False e2=30)
[14:10:21] t=1510 MOVE attack->[74, 115] x5
[14:10:21] {"kind": "action", "what": "attack_move", "name": null, "qty": null, "ts": "14:10:21"}
[14:10:22] t=1511 jev BUILD NARADR HOLD (资金闸门: 坦克优先, cash=871)
[14:10:22] t=1511 jev INF E2 HOLD (预算保护 gate=False e2=30)
[14:10:22] t=1511 MOVE attack->[74, 117] x5
[14:10:22] {"kind": "action", "what": "attack_move", "name": null, "qty": null, "ts": "14:10:22"}
[14:10:24] t=1513 jev BUILD NARADR HOLD (资金闸门: 坦克优先, cash=829)
[14:10:24] t=1513 jev INF E2 HOLD (预算保护 gate=False e2=30)
[14:10:24] t=1513 MOVE attack->[74, 119] x5
[14:10:24] {"kind": "action", "what": "attack_move", "name": null, "qty": null, "ts": "14:10:24"}
[14:10:25] t=1514 jev BUILD NARADR HOLD (资金闸门: 坦克优先, cash=1163)
[14:10:25] t=1514 jev INF E2 HOLD (预算保护 gate=False e2=30)
[14:10:25] t=1514 MOVE attack->[75, 121] x5
[14:10:25] {"kind": "action", "what": "attack_move", "name": null, "qty": null, "ts": "14:10:25"}
[14:10:27] t=1516 jev BUILD NARADR HOLD (资金闸门: 坦克优先, cash=1120)
[14:10:27] t=1516 jev INF E2 HOLD (预算保护 gate=False e2=30)
[14:10:27] t=1516 MOVE attack->[76, 121] x5
[14:10:27] {"kind": "action", "what": "attack_move", "name": null, "qty": null, "ts": "14:10:27"}
[14:10:28] t=1517 jev BUILD NARADR HOLD (资金闸门: 坦克优先, cash=1078)
[14:10:28] t=1517 jev INF E2 HOLD (预算保护 gate=False e2=30)
[14:10:28] t=1517 MOVE attack->[74, 111] x5
[14:10:28] {"kind": "action", "what": "attack_move", "name": null, "qty": null, "ts": "14:10:28"}
[14:10:30] t=1519 jev BUILD NARADR HOLD (资金闸门: 坦克优先, cash=1037)
[14:10:30] t=1519 jev INF E2 HOLD (预算保护 gate=False e2=30)
[14:10:31] t=1520 jev BUILD NARADR HOLD (资金闸门: 坦克优先, cash=1020)
[14:10:31] t=1520 jev INF E2 HOLD (预算保护 gate=False e2=30)
[14:10:31] t=1520 jev VEH DRON (conf 0.46)
[14:10:31] {"kind": "action", "what": "produce", "name": "DRON", "qty": 1, "ts": "14:10:31"}
[14:10:33] t=1522 jev BUILD NARADR HOLD (资金闸门: 坦克优先, cash=1008)
[14:10:33] t=1522 jev INF E2 HOLD (预算保护 gate=False e2=30)
[14:10:33] t=1523 ESCORT 坦克#1492 -> 护航矿车@[117, 135]
[14:10:33] {"kind": "action", "what": "attack_move", "name": null, "qty": null, "ts": "14:10:33"}
[14:10:34] t=1523 jev BUILD NARADR HOLD (资金闸门: 坦克优先, cash=967)
[14:10:34] t=1523 jev INF E2 HOLD (预算保护 gate=False e2=30)
[14:10:36] t=1525 jev BUILD NARADR HOLD (资金闸门: 坦克优先, cash=924)
[14:10:36] t=1525 jev INF E2 HOLD (预算保护 gate=False e2=30)
[14:10:37] t=1526 jev BUILD NARADR HOLD (资金闸门: 坦克优先, cash=883)
[14:10:37] t=1526 jev INF E2 HOLD (预算保护 gate=False e2=30)
[14:10:38] t=1528 ALARM 单位损失 -> counter 43 vs 21 -> [134, 79]
[14:10:38] {"kind": "action", "what": "attack_move", "name": null, "qty": null, "ts": "14:10:38"}
[14:10:39] t=1528 jev BUILD NARADR HOLD (资金闸门: 坦克优先, cash=841)
[14:10:39] t=1528 jev INF E2 HOLD (预算保护 gate=False e2=30)
[14:10:39] t=1528 ATTACK (tanks=7)
[14:10:40] t=1529 jev BUILD NARADR HOLD (资金闸门: 坦克优先, cash=800)
[14:10:40] t=1529 jev INF E2 HOLD (预算保护 gate=False e2=30)
[14:10:42] t=1531 jev INF E2 HOLD (预算保护 gate=False e2=30)
[14:10:43] t=1532 jev INF E2 HOLD (预算保护 gate=False e2=30)
[14:10:45] t=1534 jev INF E2 HOLD (预算保护 gate=False e2=30)
[14:10:46] t=1535 jev BUILD NAPOWR HOLD (资金闸门: 坦克优先, cash=632)
[14:10:46] t=1535 jev INF E2 HOLD (预算保护 gate=False e2=30)
[14:10:46] t=1535 MOVE attack->[79, 120] x4
[14:10:46] {"kind": "action", "what": "attack_move", "name": null, "qty": null, "ts": "14:10:46"}
[14:10:48] t=1537 jev BUILD NAPOWR HOLD (资金闸门: 坦克优先, cash=620)
[14:10:48] t=1537 jev INF E2 HOLD (预算保护 gate=False e2=30)
[14:10:48] t=1537 jev VEH DRON (conf 0.43)
[14:10:48] {"kind": "action", "what": "produce", "name": "DRON", "qty": 1, "ts": "14:10:48"}
[14:10:48] t=1537 MOVE attack->[79, 118] x5
[14:10:48] {"kind": "action", "what": "attack_move", "name": null, "qty": null, "ts": "14:10:48"}
[14:10:49] t=1538 jev INF E2 HOLD (预算保护 gate=False e2=30)
[14:10:49] t=1538 MOVE attack->[79, 116] x5
[14:10:49] {"kind": "action", "what": "attack_move", "name": null, "qty": null, "ts": "14:10:49"}
[14:10:51] t=1540 jev INF E2 HOLD (预算保护 gate=False e2=30)
[14:10:51] t=1540 MOVE attack->[79, 114] x5
[14:10:51] {"kind": "action", "what": "attack_move", "name": null, "qty": null, "ts": "14:10:51"}
[14:10:52] t=1541 jev INF E2 HOLD (预算保护 gate=False e2=30)
[14:10:52] t=1541 MOVE attack->[79, 112] x5
[14:10:52] {"kind": "action", "what": "attack_move", "name": null, "qty": null, "ts": "14:10:52"}
[14:10:52] t=1541 tick#1025 credits=522 stance=attack | jev 1025 decisions p50=968ms
[14:10:54] t=1543 jev INF E2 HOLD (预算保护 gate=False e2=30)
[14:10:54] t=1543 MOVE attack->[79, 110] x5
[14:10:54] {"kind": "action", "what": "attack_move", "name": null, "qty": null, "ts": "14:10:54"}
[14:10:55] t=1544 jev INF E2 HOLD (预算保护 gate=False e2=30)
[14:10:55] t=1544 MOVE attack->[79, 108] x5
[14:10:55] {"kind": "action", "what": "attack_move", "name": null, "qty": null, "ts": "14:10:55"}
[14:10:57] t=1546 jev INF E2 HOLD (预算保护 gate=False e2=30)
[14:10:57] t=1546 MOVE attack->[80, 107] x5
[14:10:57] {"kind": "action", "what": "attack_move", "name": null, "qty": null, "ts": "14:10:57"}
[14:10:58] t=1547 jev INF E2 HOLD (预算保护 gate=False e2=30)
[14:10:58] t=1547 MOVE attack->[80, 105] x5
[14:10:58] {"kind": "action", "what": "attack_move", "name": null, "qty": null, "ts": "14:10:58"}
[14:11:00] t=1549 jev INF E2 HOLD (预算保护 gate=False e2=30)
[14:11:00] t=1549 MOVE attack->[80, 103] x5
[14:11:00] {"kind": "action", "what": "attack_move", "name": null, "qty": null, "ts": "14:11:00"}
[14:11:01] t=1550 jev INF E2 HOLD (预算保护 gate=False e2=30)
[14:11:01] t=1550 MOVE attack->[80, 101] x5
[14:11:01] {"kind": "action", "what": "attack_move", "name": null, "qty": null, "ts": "14:11:01"}
[14:11:03] t=1552 jev INF E2 HOLD (预算保护 gate=False e2=30)
[14:11:03] t=1552 MOVE attack->[74, 111] x5
[14:11:03] {"kind": "action", "what": "attack_move", "name": null, "qty": null, "ts": "14:11:03"}
[14:11:03] t=1553 ESCORT 坦克#2028 -> 护航矿车@[128, 104]
[14:11:03] {"kind": "action", "what": "attack_move", "name": null, "qty": null, "ts": "14:11:03"}
[14:11:04] t=1553 jev INF E2 HOLD (预算保护 gate=False e2=30)
[14:11:04] t=1553 jev VEH DRON (conf 0.45)
[14:11:04] {"kind": "action", "what": "produce", "name": "DRON", "qty": 1, "ts": "14:11:04"}
[14:11:04] t=1553 MOVE RAID x2 -> 敌基地 (70, 117) (断经济)
[14:11:05] {"kind": "action", "what": "attack_move", "name": null, "qty": null, "ts": "14:11:05"}
[14:11:06] t=1555 jev INF E2 HOLD (预算保护 gate=False e2=30)
[14:11:07] t=1556 jev INF E2 HOLD (预算保护 gate=False e2=30)
[14:11:09] t=1558 jev INF E2 HOLD (预算保护 gate=False e2=30)
[14:11:12] t=1561 jev BUILD NAPOWR HOLD (资金闸门: 坦克优先, cash=43)
[14:11:15] t=1564 MOVE attack->[74, 111] x4
[14:11:15] {"kind": "action", "what": "attack_move", "name": null, "qty": null, "ts": "14:11:15"}
[14:11:15] t=1565 ALARM 单位损失 -> counter 44 vs 21 -> [134, 79]
[14:11:16] {"kind": "action", "what": "attack_move", "name": null, "qty": null, "ts": "14:11:16"}
[14:11:17] t=1565 ATTACK (tanks=8)
[14:11:28] t=1577 MOVE attack->[74, 111] x5
[14:11:28] {"kind": "action", "what": "attack_move", "name": null, "qty": null, "ts": "14:11:28"}
[14:11:31] t=1580 tick#1050 credits=0 stance=attack | jev 1050 decisions p50=970ms
[14:11:34] t=1584 ESCORT 坦克#2028 -> 护航矿车@[128, 105]
[14:11:34] {"kind": "action", "what": "attack_move", "name": null, "qty": null, "ts": "14:11:34"}
[14:11:40] t=1590 RETREAT HTNK(17%)
[14:11:40] {"kind": "action", "what": "move", "name": null, "qty": null, "ts": "14:11:40"}
[14:11:41] t=1590 MOVE attack->[74, 111] x4
[14:11:41] {"kind": "action", "what": "attack_move", "name": null, "qty": null, "ts": "14:11:41"}
[14:11:43] t=1593 ALARM 单位损失 -> counter 43 vs 24 -> [134, 79]
[14:11:44] {"kind": "action", "what": "attack_move", "name": null, "qty": null, "ts": "14:11:44"}
[14:11:45] t=1593 ATTACK (tanks=7)
[14:11:49] t=1598 jev STANCE attack->defend (conf 0.47)
[14:11:49] t=1598 ATTACK (tanks=7)
[14:11:53] t=1602 MOVE attack->[74, 111] x4
[14:11:53] {"kind": "action", "what": "attack_move", "name": null, "qty": null, "ts": "14:11:53"}
[14:11:55] t=1604 jev STANCE attack->defend (conf 0.45)
[14:11:55] t=1604 ATTACK (tanks=7)
[14:11:58] t=1607 jev STANCE attack->defend (conf 0.46)
[14:11:58] t=1607 ATTACK (tanks=7)
[14:11:59] t=1608 jev STANCE attack->defend (conf 0.46)
[14:11:59] t=1608 ATTACK (tanks=7)
[14:12:04] t=1614 ESCORT 坦克#1930 -> 护航矿车@[113, 136]
[14:12:04] {"kind": "action", "what": "attack_move", "name": null, "qty": null, "ts": "14:12:04"}
[14:12:05] t=1614 MOVE attack->[74, 111] x4
[14:12:05] {"kind": "action", "what": "attack_move", "name": null, "qty": null, "ts": "14:12:05"}
[14:12:08] t=1617 tick#1075 credits=0 stance=attack | jev 1075 decisions p50=968ms
[14:12:17] t=1626 jev BUILD NARADR HOLD (资金闸门: 坦克优先, cash=1096)
[14:12:17] t=1626 jev INF E2 HOLD (预算保护 gate=False e2=30)
[14:12:19] t=1628 jev BUILD NARADR HOLD (资金闸门: 坦克优先, cash=1055)
[14:12:19] t=1628 jev INF E2 HOLD (预算保护 gate=False e2=30)
[14:12:19] t=1628 MOVE attack->[74, 111] x4
[14:12:19] {"kind": "action", "what": "attack_move", "name": null, "qty": null, "ts": "14:12:19"}
[14:12:20] t=1629 jev BUILD NARADR HOLD (资金闸门: 坦克优先, cash=1013)
[14:12:20] t=1629 jev INF E2 HOLD (预算保护 gate=False e2=30)
[14:12:21] t=1631 RETREAT DRON(26%)
[14:12:21] {"kind": "action", "what": "move", "name": null, "qty": null, "ts": "14:12:21"}
[14:12:22] t=1631 jev BUILD NARADR HOLD (资金闸门: 坦克优先, cash=972)
[14:12:22] t=1631 jev INF E2 HOLD (预算保护 gate=False e2=30)
[14:12:22] t=1631 jev STANCE attack->defend (conf 0.46)
[14:12:22] t=1631 ATTACK (tanks=7)
[14:12:22] t=1632 ALARM 单位损失 -> counter 43 vs 20 -> [134, 79]
[14:12:23] {"kind": "action", "what": "attack_move", "name": null, "qty": null, "ts": "14:12:23"}
[14:12:24] t=1632 jev BUILD NARADR HOLD (资金闸门: 坦克优先, cash=945)
[14:12:24] t=1632 jev INF E2 HOLD (预算保护 gate=False e2=30)
[14:12:24] t=1632 jev VEH DRON (conf 0.46)
[14:12:24] {"kind": "action", "what": "produce", "name": "DRON", "qty": 1, "ts": "14:12:24"}
[14:12:24] t=1632 ATTACK (tanks=7)
[14:12:25] t=1634 jev BUILD NARADR HOLD (资金闸门: 坦克优先, cash=1313)
[14:12:25] t=1634 jev INF E2 HOLD (预算保护 gate=True e2=30)
[14:12:27] t=1636 jev BUILD NAWEAP HOLD (资金闸门: 坦克优先, cash=2397)
[14:12:27] t=1636 jev INF E2 HOLD (预算保护 gate=True e2=30)
[14:12:28] t=1637 jev BUILD NAWEAP HOLD (资金闸门: 坦克优先, cash=2355)
[14:12:28] t=1637 jev INF E2 HOLD (预算保护 gate=True e2=30)
[14:12:30] t=1639 jev BUILD NAWEAP HOLD (资金闸门: 坦克优先, cash=2314)
[14:12:30] t=1639 jev INF E2 HOLD (预算保护 gate=True e2=30)
[14:12:31] t=1640 jev BUILD NAWEAP HOLD (资金闸门: 坦克优先, cash=2271)
[14:12:31] t=1640 jev INF E2 HOLD (预算保护 gate=True e2=30)
[14:12:31] t=1640 MOVE attack->[74, 111] x4
[14:12:31] {"kind": "action", "what": "attack_move", "name": null, "qty": null, "ts": "14:12:31"}
[14:12:33] t=1642 jev BUILD NAWEAP HOLD (资金闸门: 坦克优先, cash=2231)
[14:12:33] t=1642 jev INF E2 HOLD (预算保护 gate=True e2=30)
[14:12:34] t=1643 jev BUILD NAWEAP HOLD (资金闸门: 坦克优先, cash=2188)
[14:12:34] t=1643 jev INF E2 HOLD (预算保护 gate=True e2=30)
[14:12:35] t=1645 ESCORT 坦克#2028 -> 护航矿车@[115, 135]
[14:12:35] {"kind": "action", "what": "attack_move", "name": null, "qty": null, "ts": "14:12:35"}
[14:12:36] t=1645 jev BUILD NAWEAP HOLD (资金闸门: 坦克优先, cash=2147)
[14:12:36] t=1645 jev INF E2 HOLD (预算保护 gate=True e2=30)
[14:12:37] t=1646 jev BUILD NAWEAP HOLD (资金闸门: 坦克优先, cash=2105)
[14:12:37] t=1646 jev INF E2 HOLD (预算保护 gate=True e2=30)
[14:12:39] t=1648 jev BUILD NAWEAP HOLD (资金闸门: 坦克优先, cash=2062)
[14:12:39] t=1648 jev INF E2 HOLD (预算保护 gate=True e2=30)
[14:12:39] t=1649 TANK HTNK x2
[14:12:39] {"kind": "action", "what": "produce", "name": "HTNK", "qty": 2, "ts": "14:12:39"}
[14:12:40] t=1649 jev BUILD NAWEAP HOLD (资金闸门: 坦克优先, cash=2045)
[14:12:40] t=1649 jev INF E2 HOLD (预算保护 gate=True e2=30)
[14:12:41] t=1651 ALARM 单位损失 -> counter 43 vs 19 -> [134, 79]
[14:12:41] {"kind": "action", "what": "attack_move", "name": null, "qty": null, "ts": "14:12:41"}
[14:12:42] t=1651 jev BUILD NAWEAP HOLD (资金闸门: 坦克优先, cash=2010)
[14:12:42] t=1651 jev INF E2 HOLD (预算保护 gate=True e2=30)
[14:12:42] t=1651 ATTACK (tanks=7)
[14:12:42] t=1652 RETREAT HTNK(31%)
[14:12:42] {"kind": "action", "what": "move", "name": null, "qty": null, "ts": "14:12:42"}
[14:12:43] t=1652 jev BUILD NARADR HOLD (资金闸门: 坦克优先, cash=1967)
[14:12:43] t=1652 jev INF E2 HOLD (预算保护 gate=True e2=30)
[14:12:45] t=1654 jev BUILD NAWEAP HOLD (资金闸门: 坦克优先, cash=1929)
[14:12:45] t=1654 jev INF E2 HOLD (预算保护 gate=True e2=30)
[14:12:45] t=1654 jev STANCE attack->defend (conf 0.52)
[14:12:45] t=1654 ATTACK (tanks=7)
[14:12:47] t=1655 jev BUILD NAWEAP HOLD (资金闸门: 坦克优先, cash=1892)
[14:12:47] t=1655 jev INF E2 HOLD (预算保护 gate=True e2=30)
[14:12:47] t=1655 jev STANCE attack->defend (conf 0.47)
[14:12:47] t=1655 ATTACK (tanks=7)
[14:12:47] t=1655 tick#1100 credits=1892 stance=attack | jev 1100 decisions p50=968ms
[14:12:48] t=1657 jev BUILD NAWEAP HOLD (资金闸门: 坦克优先, cash=1854)
[14:12:48] t=1657 jev INF E2 HOLD (预算保护 gate=True e2=30)
[14:12:48] t=1657 jev STANCE attack->defend (conf 0.49)
[14:12:48] t=1657 ATTACK (tanks=7)
[14:12:49] t=1658 jev BUILD NARADR HOLD (资金闸门: 坦克优先, cash=1817)
[14:12:49] t=1658 jev INF E2 HOLD (预算保护 gate=True e2=30)
[14:12:49] t=1658 jev STANCE attack->defend (conf 0.49)
[14:12:49] t=1658 ATTACK (tanks=7)
[14:12:49] t=1658 MOVE attack->[74, 111] x5
[14:12:49] {"kind": "action", "what": "attack_move", "name": null, "qty": null, "ts": "14:12:49"}
[14:12:51] t=1660 jev BUILD NARADR HOLD (资金闸门: 坦克优先, cash=1779)
[14:12:51] t=1660 jev INF E2 HOLD (预算保护 gate=True e2=30)
[14:12:52] t=1661 jev BUILD NARADR HOLD (资金闸门: 坦克优先, cash=1742)
[14:12:52] t=1661 jev INF E2 HOLD (预算保护 gate=True e2=30)
[14:12:52] t=1661 jev STANCE attack->defend (conf 0.45)
[14:12:52] t=1661 ATTACK (tanks=7)
[14:12:54] t=1663 jev BUILD NARADR HOLD (资金闸门: 坦克优先, cash=1704)
[14:12:54] t=1663 jev INF E2 HOLD (预算保护 gate=True e2=30)
[14:12:54] t=1663 jev STANCE attack->defend (conf 0.49)
[14:12:54] t=1663 ATTACK (tanks=7)
[14:12:55] t=1664 jev BUILD NARADR HOLD (资金闸门: 坦克优先, cash=1667)
[14:12:55] t=1664 jev INF E2 HOLD (预算保护 gate=True e2=30)
[14:12:57] t=1666 jev BUILD NARADR HOLD (资金闸门: 坦克优先, cash=1629)
[14:12:57] t=1666 jev INF E2 HOLD (预算保护 gate=True e2=30)
[14:12:57] t=1666 jev STANCE attack->defend (conf 0.49)
[14:12:57] t=1666 ATTACK (tanks=7)
[14:12:58] t=1667 jev BUILD NARADR HOLD (资金闸门: 坦克优先, cash=1592)
[14:12:58] t=1667 jev INF E2 HOLD (预算保护 gate=True e2=30)
[14:12:58] t=1667 jev STANCE attack->defend (conf 0.52)
[14:12:58] t=1667 ATTACK (tanks=7)
[14:13:00] t=1669 jev BUILD NARADR HOLD (资金闸门: 坦克优先, cash=1554)
[14:13:00] t=1669 jev INF E2 HOLD (预算保护 gate=True e2=30)
[14:13:00] t=1669 MOVE attack->[80, 101] x5
[14:13:00] {"kind": "action", "what": "attack_move", "name": null, "qty": null, "ts": "14:13:00"}
[14:13:01] t=1670 jev BUILD NARADR HOLD (资金闸门: 坦克优先, cash=1515)
[14:13:01] t=1670 jev INF E2 HOLD (预算保护 gate=True e2=30)
[14:13:01] t=1670 MOVE attack->[80, 104] x5
[14:13:02] {"kind": "action", "what": "attack_move", "name": null, "qty": null, "ts": "14:13:02"}
[14:13:03] t=1672 jev BUILD NARADR HOLD (资金闸门: 坦克优先, cash=1479)
[14:13:03] t=1672 jev INF E2 HOLD (预算保护 gate=True e2=30)
[14:13:03] t=1672 MOVE attack->[80, 106] x5
[14:13:03] {"kind": "action", "what": "attack_move", "name": null, "qty": null, "ts": "14:13:03"}
[14:13:04] t=1673 jev BUILD NARADR HOLD (资金闸门: 坦克优先, cash=1442)
[14:13:04] t=1673 jev INF E2 HOLD (预算保护 gate=True e2=30)
[14:13:04] t=1673 jev STANCE attack->defend (conf 0.45)
[14:13:04] t=1673 ATTACK (tanks=7)
[14:13:04] t=1673 MOVE attack->[80, 107] x5
[14:13:04] {"kind": "action", "what": "attack_move", "name": null, "qty": null, "ts": "14:13:04"}
[14:13:05] t=1675 ESCORT 坦克#2078 -> 护航矿车@[128, 105]
[14:13:05] t=1675 RETREAT HTNK(33%)
[14:13:05] {"kind": "action", "what": "attack_move", "name": null, "qty": null, "ts": "14:13:05"}
[14:13:05] {"kind": "action", "what": "move", "name": null, "qty": null, "ts": "14:13:05"}
[14:13:06] t=1675 jev BUILD NARADR HOLD (资金闸门: 坦克优先, cash=1404)
[14:13:06] t=1675 jev INF E2 HOLD (预算保护 gate=True e2=30)
[14:13:06] t=1675 MOVE attack->[80, 110] x5
[14:13:06] {"kind": "action", "what": "attack_move", "name": null, "qty": null, "ts": "14:13:06"}
[14:13:08] t=1676 jev BUILD NARADR HOLD (资金闸门: 坦克优先, cash=1367)
[14:13:08] t=1676 jev INF E2 HOLD (预算保护 gate=True e2=30)
[14:13:08] t=1676 MOVE attack->[80, 112] x5
[14:13:08] {"kind": "action", "what": "attack_move", "name": null, "qty": null, "ts": "14:13:08"}
[14:13:09] t=1678 jev BUILD NARADR HOLD (资金闸门: 坦克优先, cash=1329)
[14:13:09] t=1678 jev INF E2 HOLD (预算保护 gate=True e2=30)
[14:13:09] t=1678 MOVE attack->[80, 114] x5
[14:13:09] {"kind": "action", "what": "attack_move", "name": null, "qty": null, "ts": "14:13:09"}
[14:13:10] t=1679 jev BUILD NARADR HOLD (资金闸门: 坦克优先, cash=1292)
[14:13:10] t=1679 jev INF E2 HOLD (预算保护 gate=True e2=30)
[14:13:10] t=1679 MOVE attack->[80, 116] x5
[14:13:10] {"kind": "action", "what": "attack_move", "name": null, "qty": null, "ts": "14:13:10"}
[14:13:12] t=1681 jev BUILD NARADR HOLD (资金闸门: 坦克优先, cash=1254)
[14:13:12] t=1681 jev INF E2 HOLD (预算保护 gate=True e2=30)
[14:13:12] t=1681 MOVE attack->[80, 118] x5
[14:13:12] {"kind": "action", "what": "attack_move", "name": null, "qty": null, "ts": "14:13:12"}
[14:13:14] t=1682 jev BUILD NARADR HOLD (资金闸门: 坦克优先, cash=1217)
[14:13:14] t=1682 jev INF E2 HOLD (预算保护 gate=True e2=30)
[14:13:14] t=1682 MOVE attack->[79, 119] x5
[14:13:14] {"kind": "action", "what": "attack_move", "name": null, "qty": null, "ts": "14:13:14"}
[14:13:15] t=1684 jev BUILD NARADR HOLD (资金闸门: 坦克优先, cash=1177)
[14:13:15] t=1684 jev INF E2 HOLD (预算保护 gate=False e2=30)
[14:13:15] t=1684 MOVE attack->[79, 120] x5
[14:13:15] {"kind": "action", "what": "attack_move", "name": null, "qty": null, "ts": "14:13:15"}
[14:13:17] t=1686 jev BUILD NARADR HOLD (资金闸门: 坦克优先, cash=1139)
[14:13:17] t=1686 jev INF E2 HOLD (预算保护 gate=False e2=30)
[14:13:17] t=1686 MOVE attack->[74, 111] x4
[14:13:17] {"kind": "action", "what": "attack_move", "name": null, "qty": null, "ts": "14:13:17"}
[14:13:18] t=1687 jev BUILD NARADR HOLD (资金闸门: 坦克优先, cash=1100)
[14:13:18] t=1687 jev INF E2 HOLD (预算保护 gate=False e2=30)
[14:13:20] t=1689 jev BUILD NARADR HOLD (资金闸门: 坦克优先, cash=1064)
[14:13:20] t=1689 jev INF E2 HOLD (预算保护 gate=False e2=30)
[14:13:21] t=1690 jev BUILD NARADR HOLD (资金闸门: 坦克优先, cash=1027)
[14:13:21] t=1690 jev INF E2 HOLD (预算保护 gate=False e2=30)
[14:13:23] t=1692 jev BUILD NARADR HOLD (资金闸门: 坦克优先, cash=989)
[14:13:23] t=1692 jev INF E2 HOLD (预算保护 gate=False e2=30)
[14:13:25] t=1693 jev BUILD NARADR HOLD (资金闸门: 坦克优先, cash=952)
[14:13:25] t=1693 jev INF E2 HOLD (预算保护 gate=False e2=30)
[14:13:25] t=1693 tick#1125 credits=952 stance=attack | jev 1125 decisions p50=968ms
[14:13:26] t=1695 jev BUILD NARADR HOLD (资金闸门: 坦克优先, cash=892)
[14:13:26] t=1695 jev INF E2 HOLD (预算保护 gate=False e2=30)
[14:13:28] t=1697 jev BUILD NARADR HOLD (资金闸门: 坦克优先, cash=855)
[14:13:28] t=1697 jev INF E2 HOLD (预算保护 gate=False e2=30)
[14:13:29] t=1698 jev INF E2 HOLD (预算保护 gate=False e2=30)
[14:13:29] t=1698 MOVE attack->[74, 111] x4
[14:13:29] {"kind": "action", "what": "attack_move", "name": null, "qty": null, "ts": "14:13:29"}
[14:13:31] t=1700 jev BUILD NARADR HOLD (资金闸门: 坦克优先, cash=780)
[14:13:31] t=1700 jev INF E2 HOLD (预算保护 gate=False e2=30)
[14:13:32] t=1701 jev BUILD NAHAND HOLD (资金闸门: 坦克优先, cash=742)
[14:13:32] t=1701 jev INF E2 HOLD (预算保护 gate=False e2=30)
[14:13:32] t=1701 MOVE attack->[78, 121] x4
[14:13:32] {"kind": "action", "what": "attack_move", "name": null, "qty": null, "ts": "14:13:32"}
[14:13:34] t=1703 jev INF E2 HOLD (预算保护 gate=False e2=30)
[14:13:34] t=1703 MOVE attack->[79, 120] x4
[14:13:34] {"kind": "action", "what": "attack_move", "name": null, "qty": null, "ts": "14:13:34"}
[14:13:35] t=1704 jev BUILD NAPOWR HOLD (资金闸门: 坦克优先, cash=667)
[14:13:35] t=1704 jev INF E2 HOLD (预算保护 gate=False e2=30)
[14:13:35] t=1704 MOVE attack->[79, 118] x4
[14:13:35] {"kind": "action", "what": "attack_move", "name": null, "qty": null, "ts": "14:13:35"}
[14:13:36] t=1706 ESCORT 坦克#2262 -> 护航矿车@[127, 105]
[14:13:36] {"kind": "action", "what": "attack_move", "name": null, "qty": null, "ts": "14:13:36"}
[14:13:37] t=1706 jev INF E2 HOLD (预算保护 gate=False e2=30)
[14:13:37] t=1706 MOVE attack->[79, 116] x4
[14:13:37] {"kind": "action", "what": "attack_move", "name": null, "qty": null, "ts": "14:13:37"}
[14:13:38] t=1707 jev INF E2 HOLD (预算保护 gate=False e2=30)
[14:13:38] t=1707 MOVE attack->[79, 114] x4
[14:13:38] {"kind": "action", "what": "attack_move", "name": null, "qty": null, "ts": "14:13:38"}
[14:13:40] t=1709 jev INF E2 HOLD (预算保护 gate=False e2=30)
[14:13:40] t=1709 MOVE attack->[79, 112] x4
[14:13:40] {"kind": "action", "what": "attack_move", "name": null, "qty": null, "ts": "14:13:40"}
[14:13:41] t=1710 jev INF E2 HOLD (预算保护 gate=False e2=30)
[14:13:41] t=1710 MOVE attack->[79, 110] x4
[14:13:41] {"kind": "action", "what": "attack_move", "name": null, "qty": null, "ts": "14:13:41"}
[14:13:43] t=1712 jev INF E2 HOLD (预算保护 gate=False e2=30)
[14:13:43] t=1712 MOVE attack->[79, 108] x4
[14:13:43] {"kind": "action", "what": "attack_move", "name": null, "qty": null, "ts": "14:13:43"}
[14:13:44] t=1713 jev INF E2 HOLD (预算保护 gate=False e2=30)
[14:13:44] t=1713 MOVE attack->[80, 107] x4
[14:13:45] {"kind": "action", "what": "attack_move", "name": null, "qty": null, "ts": "14:13:45"}
[14:13:45] t=1715 ALARM 单位损失 -> counter 41 vs 20 -> [134, 79]
[14:13:45] {"kind": "action", "what": "attack_move", "name": null, "qty": null, "ts": "14:13:45"}
[14:13:46] t=1715 jev INF E2 HOLD (预算保护 gate=False e2=30)
[14:13:48] t=1716 jev INF E2 HOLD (预算保护 gate=False e2=30)
[14:13:49] t=1718 jev INF E2 HOLD (预算保护 gate=False e2=30)
[14:13:51] t=1719 jev INF E2 HOLD (预算保护 gate=False e2=30)
[14:13:52] t=1721 jev INF E2 HOLD (预算保护 gate=False e2=30)
[14:13:54] t=1723 jev INF E2 HOLD (预算保护 gate=False e2=30)
[14:13:54] t=1723 jev VEH DRON (conf 0.40)
[14:13:54] {"kind": "action", "what": "produce", "name": "DRON", "qty": 1, "ts": "14:13:54"}
[14:13:54] t=1723 MOVE forward-post@(122, 86)(4)
[14:13:54] {"kind": "action", "what": "attack_move", "name": null, "qty": null, "ts": "14:13:54"}
[14:13:56] t=1724 jev INF E2 HOLD (预算保护 gate=False e2=30)
[14:13:57] t=1726 jev INF E2 HOLD (预算保护 gate=False e2=30)
[14:13:58] t=1727 jev INF E2 HOLD (预算保护 gate=False e2=30)
[14:14:03] t=1732 jev BUILD NAWEAP HOLD (资金闸门: 坦克优先, cash=12)
[14:14:03] t=1732 jev INF E2 HOLD (预算保护 gate=False e2=30)
[14:14:03] t=1732 tick#1150 credits=12 stance=defend | jev 1150 decisions p50=968ms
[14:14:03] t=1732 SIM STALL (time frozen) - skip actions
[14:14:06] t=1733 jev BUILD NARADR HOLD (资金闸门: 坦克优先, cash=1122)
[14:14:06] t=1733 jev INF E2 HOLD (预算保护 gate=False e2=30)
[14:14:06] t=1733 MOVE forward-post@(122, 86)(4)
[14:14:06] {"kind": "action", "what": "attack_move", "name": null, "qty": null, "ts": "14:14:06"}
[14:14:06] t=1735 ESCORT 坦克#2028 -> 护航矿车@[117, 135]
[14:14:07] {"kind": "action", "what": "attack_move", "name": null, "qty": null, "ts": "14:14:07"}
[14:14:08] t=1735 jev BUILD NARADR HOLD (资金闸门: 坦克优先, cash=1066)
[14:14:08] t=1735 jev INF E2 HOLD (预算保护 gate=False e2=30)
[14:14:08] t=1736 ALARM 单位损失 -> counter 41 vs 23 -> [134, 79]
[14:14:08] {"kind": "action", "what": "attack_move", "name": null, "qty": null, "ts": "14:14:08"}
[14:14:09] t=1736 jev BUILD NARADR HOLD (资金闸门: 坦克优先, cash=1025)
[14:14:09] t=1736 jev INF E2 HOLD (预算保护 gate=False e2=30)
[14:14:12] t=1738 jev BUILD NARADR HOLD (资金闸门: 坦克优先, cash=981)
[14:14:12] t=1738 jev INF E2 HOLD (预算保护 gate=False e2=30)
[14:14:13] t=1740 jev BUILD NARADR HOLD (资金闸门: 坦克优先, cash=970)
[14:14:13] t=1740 jev INF E2 HOLD (预算保护 gate=False e2=30)
[14:14:13] t=1740 jev VEH DRON (conf 0.30)
[14:14:13] {"kind": "action", "what": "produce", "name": "DRON", "qty": 1, "ts": "14:14:13"}
[14:14:14] t=1742 jev BUILD NARADR HOLD (资金闸门: 坦克优先, cash=958)
[14:14:14] t=1742 jev INF E2 HOLD (预算保护 gate=False e2=30)
[14:14:16] t=1743 jev BUILD NARADR HOLD (资金闸门: 坦克优先, cash=917)
[14:14:16] t=1743 jev INF E2 HOLD (预算保护 gate=False e2=30)
[14:14:17] t=1745 jev BUILD NARADR HOLD (资金闸门: 坦克优先, cash=874)
[14:14:17] t=1745 jev INF SHK HOLD (预算保护 gate=False e2=30)
[14:14:19] t=1746 jev BUILD NARADR HOLD (资金闸门: 坦克优先, cash=833)
[14:14:19] t=1746 jev INF E2 HOLD (预算保护 gate=False e2=30)
[14:14:19] t=1746 MOVE forward-post@(122, 86)(5)
[14:14:19] {"kind": "action", "what": "attack_move", "name": null, "qty": null, "ts": "14:14:19"}
[14:14:20] t=1748 jev INF E2 HOLD (预算保护 gate=False e2=30)
[14:14:22] t=1749 jev INF E2 HOLD (预算保护 gate=False e2=30)
[14:14:23] t=1751 jev INF E2 HOLD (预算保护 gate=False e2=30)
[14:14:25] t=1752 jev INF E2 HOLD (预算保护 gate=False e2=30)
[14:14:26] t=1754 jev BUILD NAPOWR HOLD (资金闸门: 坦克优先, cash=624)
[14:14:26] t=1754 jev INF E2 HOLD (预算保护 gate=False e2=30)
[14:14:28] t=1755 jev BUILD NARADR HOLD (资金闸门: 坦克优先, cash=1033)
[14:14:28] t=1755 jev INF E2 HOLD (预算保护 gate=False e2=30)
[14:14:29] t=1757 jev BUILD NARADR HOLD (资金闸门: 坦克优先, cash=1020)
[14:14:29] t=1757 jev INF E2 HOLD (预算保护 gate=False e2=30)
[14:14:29] t=1757 jev VEH DRON (conf 0.34)
[14:14:29] {"kind": "action", "what": "produce", "name": "DRON", "qty": 1, "ts": "14:14:29"}
[14:14:29] t=1757 ATTACK (tanks=7)
[14:14:29] t=1757 MOVE attack->[74, 111] x4
[14:14:29] {"kind": "action", "what": "attack_move", "name": null, "qty": null, "ts": "14:14:29"}
[14:14:31] t=1758 jev BUILD NARADR HOLD (资金闸门: 坦克优先, cash=1011)
[14:14:31] t=1758 jev INF E2 HOLD (预算保护 gate=False e2=30)
[14:14:32] t=1760 jev BUILD NARADR HOLD (资金闸门: 坦克优先, cash=969)
[14:14:32] t=1760 jev INF E2 HOLD (预算保护 gate=False e2=30)
[14:14:34] t=1761 jev BUILD NARADR HOLD (资金闸门: 坦克优先, cash=928)
[14:14:34] t=1761 jev INF E2 HOLD (预算保护 gate=False e2=30)
[14:14:35] t=1763 jev BUILD NARADR HOLD (资金闸门: 坦克优先, cash=885)
[14:14:35] t=1763 jev INF E2 HOLD (预算保护 gate=False e2=30)
[14:14:37] t=1764 jev BUILD NARADR HOLD (资金闸门: 坦克优先, cash=845)
[14:14:37] t=1764 jev INF E2 HOLD (预算保护 gate=False e2=30)
[14:14:37] t=1766 ESCORT 坦克#2316 -> 护航矿车@[121, 104]
[14:14:37] {"kind": "action", "what": "attack_move", "name": null, "qty": null, "ts": "14:14:37"}
[14:14:38] t=1766 jev BUILD NARADR HOLD (资金闸门: 坦克优先, cash=802)
[14:14:38] t=1766 jev INF E2 HOLD (预算保护 gate=False e2=30)
[14:14:40] t=1767 jev INF E2 HOLD (预算保护 gate=False e2=30)
[14:14:40] t=1767 jev STANCE attack->defend (conf 0.46)
[14:14:40] t=1767 ATTACK (tanks=7)
[14:14:41] t=1769 jev INF E2 HOLD (预算保护 gate=False e2=30)
[14:14:41] t=1769 tick#1175 credits=719 stance=attack | jev 1174 decisions p50=969ms
[14:14:43] t=1770 jev INF E2 HOLD (预算保护 gate=False e2=30)
[14:14:43] t=1770 MOVE attack->[74, 111] x4
[14:14:43] {"kind": "action", "what": "attack_move", "name": null, "qty": null, "ts": "14:14:43"}
[14:14:44] t=1772 jev INF E2 HOLD (预算保护 gate=False e2=30)
[14:14:45] t=1773 TANK HTNK x2
[14:14:45] {"kind": "action", "what": "produce", "name": "HTNK", "qty": 2, "ts": "14:14:45"}
[14:14:46] t=1773 jev BUILD NARADR HOLD (资金闸门: 坦克优先, cash=1745)
[14:14:46] t=1773 jev INF E2 HOLD (预算保护 gate=True e2=30)
[14:14:47] t=1775 jev BUILD NARADR HOLD (资金闸门: 坦克优先, cash=1709)
[14:14:47] t=1775 jev INF SHK (conf 0.14)
[14:14:47] {"kind": "action", "what": "produce", "name": "SHK", "qty": 1, "ts": "14:14:47"}
[14:14:49] t=1776 jev BUILD NARADR HOLD (资金闸门: 坦克优先, cash=1661)
[14:14:50] t=1778 jev BUILD NARADR HOLD (资金闸门: 坦克优先, cash=1581)
[14:14:52] t=1779 jev BUILD NARADR HOLD (资金闸门: 坦克优先, cash=1503)
[14:14:52] t=1781 ALARM 单位损失 -> counter 43 vs 23 -> [134, 79]
[14:14:53] {"kind": "action", "what": "attack_move", "name": null, "qty": null, "ts": "14:14:53"}
[14:14:54] t=1781 jev BUILD NARADR HOLD (资金闸门: 坦克优先, cash=1422)
[14:14:54] t=1781 ATTACK (tanks=7)
[14:14:55] t=1782 jev BUILD NARADR HOLD (资金闸门: 坦克优先, cash=1334)
[14:14:56] t=1784 jev BUILD NAPOWR HOLD (资金闸门: 坦克优先, cash=1254)
[14:14:58] t=1785 jev BUILD NARADR HOLD (资金闸门: 坦克优先, cash=1176)
[14:14:59] t=1787 jev BUILD NARADR HOLD (资金闸门: 坦克优先, cash=1095)
[14:15:01] t=1788 jev BUILD NARADR HOLD (资金闸门: 坦克优先, cash=1017)
[14:15:01] t=1788 MOVE attack->[74, 111] x4
[14:15:01] {"kind": "action", "what": "attack_move", "name": null, "qty": null, "ts": "14:15:01"}
[14:15:03] t=1790 jev BUILD NARADR HOLD (资金闸门: 坦克优先, cash=937)
[14:15:04] t=1791 jev BUILD NARADR HOLD (资金闸门: 坦克优先, cash=859)
[14:15:08] t=1794 jev INF E2 HOLD (预算保护 gate=False e2=30)
[14:15:09] t=1797 ESCORT 坦克#2303 -> 护航矿车@[128, 104]
[14:15:09] {"kind": "action", "what": "attack_move", "name": null, "qty": null, "ts": "14:15:09"}
[14:15:10] t=1797 jev INF E2 HOLD (预算保护 gate=False e2=30)
[14:15:11] t=1799 jev INF E2 HOLD (预算保护 gate=False e2=30)
[14:15:13] t=1800 jev INF E2 HOLD (预算保护 gate=False e2=30)
[14:15:14] t=1802 jev INF E2 HOLD (预算保护 gate=False e2=30)
[14:15:14] t=1802 MOVE attack->[74, 111] x4
[14:15:14] {"kind": "action", "what": "attack_move", "name": null, "qty": null, "ts": "14:15:14"}
[14:15:16] t=1803 jev INF E2 HOLD (预算保护 gate=False e2=30)
[14:15:17] t=1805 jev INF E2 HOLD (预算保护 gate=False e2=30)
[14:15:19] t=1806 jev BUILD NARADR HOLD (资金闸门: 坦克优先, cash=802)
[14:15:19] t=1806 jev INF E2 HOLD (预算保护 gate=False e2=30)
[14:15:20] t=1808 jev BUILD NAPOWR HOLD (资金闸门: 坦克优先, cash=764)
[14:15:20] t=1808 jev INF E2 HOLD (预算保护 gate=False e2=30)
[14:15:20] t=1808 tick#1200 credits=764 stance=attack | jev 1199 decisions p50=969ms
[14:15:22] t=1809 jev INF E2 HOLD (预算保护 gate=False e2=30)
[14:15:22] jev budget exhausted: max calls reached: 1200 (继续纯确定性运行)
[14:15:27] t=1815 MOVE attack->[74, 111] x5
[14:15:27] {"kind": "action", "what": "attack_move", "name": null, "qty": null, "ts": "14:15:27"}
[14:15:30] t=1818 ALARM 单位损失 -> counter 44 vs 23 -> [134, 79]
[14:15:30] {"kind": "action", "what": "attack_move", "name": null, "qty": null, "ts": "14:15:30"}
[14:15:30] t=1818 ATTACK (tanks=7)
[14:15:39] t=1827 ESCORT 坦克#2303 -> 护航矿车@[128, 105]
[14:15:39] {"kind": "action", "what": "attack_move", "name": null, "qty": null, "ts": "14:15:39"}
[14:15:39] t=1827 MOVE attack->[74, 111] x4
[14:15:39] {"kind": "action", "what": "attack_move", "name": null, "qty": null, "ts": "14:15:39"}
[14:15:52] t=1841 MOVE attack->[80, 100] x4
[14:15:52] {"kind": "action", "what": "attack_move", "name": null, "qty": null, "ts": "14:15:52"}
[14:15:54] t=1842 MOVE attack->[80, 102] x4
[14:15:54] {"kind": "action", "what": "attack_move", "name": null, "qty": null, "ts": "14:15:54"}
[14:15:55] t=1844 MOVE attack->[80, 104] x4
[14:15:55] {"kind": "action", "what": "attack_move", "name": null, "qty": null, "ts": "14:15:55"}
[14:15:57] t=1845 MOVE attack->[80, 106] x4
[14:15:57] {"kind": "action", "what": "attack_move", "name": null, "qty": null, "ts": "14:15:57"}
[14:15:57] t=1845 tick#1225 credits=0 stance=attack | jev 1200 decisions p50=969ms
[14:15:58] t=1847 MOVE attack->[80, 108] x4
[14:15:58] {"kind": "action", "what": "attack_move", "name": null, "qty": null, "ts": "14:15:58"}
[14:16:00] t=1848 MOVE attack->[80, 110] x4
[14:16:00] {"kind": "action", "what": "attack_move", "name": null, "qty": null, "ts": "14:16:00"}
[14:16:01] t=1850 MOVE attack->[80, 112] x4
[14:16:01] {"kind": "action", "what": "attack_move", "name": null, "qty": null, "ts": "14:16:01"}
[14:16:03] t=1851 MOVE attack->[80, 114] x4
[14:16:03] {"kind": "action", "what": "attack_move", "name": null, "qty": null, "ts": "14:16:03"}
[14:16:04] t=1853 RETREAT HTNK(9%)
[14:16:04] {"kind": "action", "what": "move", "name": null, "qty": null, "ts": "14:16:04"}
[14:16:04] t=1853 MOVE attack->[80, 117] x5
[14:16:04] {"kind": "action", "what": "attack_move", "name": null, "qty": null, "ts": "14:16:04"}
[14:16:06] t=1854 MOVE attack->[80, 118] x5
[14:16:06] {"kind": "action", "what": "attack_move", "name": null, "qty": null, "ts": "14:16:06"}
[14:16:07] t=1856 ALARM 单位损失 -> counter 42 vs 24 -> [134, 79]
[14:16:08] {"kind": "action", "what": "attack_move", "name": null, "qty": null, "ts": "14:16:08"}
[14:16:09] t=1857 ESCORT 坦克#2028 -> 护航矿车@[114, 133]
[14:16:09] {"kind": "action", "what": "attack_move", "name": null, "qty": null, "ts": "14:16:09"}
[14:16:12] t=1860 RETREAT HTNK(37%)
[14:16:12] {"kind": "action", "what": "move", "name": null, "qty": null, "ts": "14:16:12"}
[14:16:16] t=1865 MOVE defend-rally@(137, 82)(3)
[14:16:16] {"kind": "action", "what": "attack_move", "name": null, "qty": null, "ts": "14:16:16"}
[14:16:22] t=1871 ALARM 单位损失 -> counter 41 vs 25 -> [134, 79]
[14:16:22] {"kind": "action", "what": "attack_move", "name": null, "qty": null, "ts": "14:16:22"}
[14:16:31] t=1880 MOVE forward-post@(122, 86)(4)
[14:16:31] {"kind": "action", "what": "attack_move", "name": null, "qty": null, "ts": "14:16:31"}
[14:16:34] t=1883 tick#1250 credits=420 stance=defend | jev 1200 decisions p50=969ms
[14:16:39] t=1887 ESCORT 坦克#2326 -> 护航矿车@[116, 135]
[14:16:39] {"kind": "action", "what": "attack_move", "name": null, "qty": null, "ts": "14:16:39"}
[14:16:43] t=1892 MOVE forward-post@(122, 86)(4)
[14:16:43] {"kind": "action", "what": "attack_move", "name": null, "qty": null, "ts": "14:16:43"}
[14:16:55] t=1904 MOVE forward-post@(122, 86)(4)
[14:16:55] {"kind": "action", "what": "attack_move", "name": null, "qty": null, "ts": "14:16:55"}
[14:17:00] t=1908 TANK HTNK x1
[14:17:00] {"kind": "action", "what": "produce", "name": "HTNK", "qty": 1, "ts": "14:17:00"}
[14:17:07] t=1916 MOVE forward-post@(122, 86)(4)
[14:17:07] {"kind": "action", "what": "attack_move", "name": null, "qty": null, "ts": "14:17:07"}
[14:17:09] t=1917 ESCORT 坦克#2326 -> 护航矿车@[128, 104]
[14:17:09] {"kind": "action", "what": "attack_move", "name": null, "qty": null, "ts": "14:17:09"}
[14:17:12] t=1920 tick#1275 credits=1245 stance=defend | jev 1200 decisions p50=969ms
[14:17:19] t=1928 MOVE forward-post@(122, 86)(4)
[14:17:19] {"kind": "action", "what": "attack_move", "name": null, "qty": null, "ts": "14:17:19"}
[14:17:33] t=1941 MOVE forward-post@(122, 86)(4)
[14:17:33] {"kind": "action", "what": "attack_move", "name": null, "qty": null, "ts": "14:17:33"}
[14:17:39] t=1947 ESCORT 坦克#2326 -> 护航矿车@[117, 134]
[14:17:39] {"kind": "action", "what": "attack_move", "name": null, "qty": null, "ts": "14:17:39"}
[14:17:45] t=1953 MOVE forward-post@(122, 86)(5)
[14:17:45] {"kind": "action", "what": "attack_move", "name": null, "qty": null, "ts": "14:17:45"}
[14:17:49] t=1958 tick#1300 credits=645 stance=defend | jev 1200 decisions p50=969ms
[14:17:57] t=1965 MOVE forward-post@(122, 86)(5)
[14:17:57] {"kind": "action", "what": "attack_move", "name": null, "qty": null, "ts": "14:17:57"}
[14:18:07] t=1976 RETREAT HTNK(33%)
[14:18:07] {"kind": "action", "what": "move", "name": null, "qty": null, "ts": "14:18:07"}
[14:18:09] t=1977 ESCORT 坦克#2326 -> 护航矿车@[117, 135]
[14:18:09] {"kind": "action", "what": "attack_move", "name": null, "qty": null, "ts": "14:18:09"}
[14:18:09] t=1977 MOVE forward-post@(122, 86)(5)
[14:18:09] {"kind": "action", "what": "attack_move", "name": null, "qty": null, "ts": "14:18:09"}
[14:18:18] t=1986 TANK HTNK x1
[14:18:18] {"kind": "action", "what": "produce", "name": "HTNK", "qty": 1, "ts": "14:18:18"}
[14:18:22] t=1991 MOVE forward-post@(122, 86)(5)
[14:18:22] {"kind": "action", "what": "attack_move", "name": null, "qty": null, "ts": "14:18:22"}
[14:18:27] t=1995 tick#1325 credits=1095 stance=defend | jev 1200 decisions p50=969ms
[14:18:34] t=2003 MOVE forward-post@(122, 86)(5)
[14:18:34] {"kind": "action", "what": "attack_move", "name": null, "qty": null, "ts": "14:18:34"}
[14:18:39] t=2007 ESCORT 坦克#2326 -> 护航矿车@[120, 114]
[14:18:39] {"kind": "action", "what": "attack_move", "name": null, "qty": null, "ts": "14:18:39"}
[14:18:46] t=2015 MOVE forward-post@(122, 86)(5)
[14:18:46] {"kind": "action", "what": "attack_move", "name": null, "qty": null, "ts": "14:18:46"}
[14:18:55] t=2024 ATTACK (tanks=7)
[14:18:55] t=2024 MOVE attack->[80, 113] x4
[14:18:55] {"kind": "action", "what": "attack_move", "name": null, "qty": null, "ts": "14:18:55"}
[14:18:57] t=2025 MOVE attack->[80, 115] x4
[14:18:57] {"kind": "action", "what": "attack_move", "name": null, "qty": null, "ts": "14:18:57"}
[14:18:58] t=2027 MOVE attack->[80, 117] x4
[14:18:58] {"kind": "action", "what": "attack_move", "name": null, "qty": null, "ts": "14:18:58"}
[14:19:00] t=2028 MOVE attack->[80, 118] x4
[14:19:00] {"kind": "action", "what": "attack_move", "name": null, "qty": null, "ts": "14:19:00"}
[14:19:01] t=2030 MOVE attack->[79, 119] x4
[14:19:01] {"kind": "action", "what": "attack_move", "name": null, "qty": null, "ts": "14:19:01"}
[14:19:03] t=2031 MOVE attack->[79, 120] x4
[14:19:03] {"kind": "action", "what": "attack_move", "name": null, "qty": null, "ts": "14:19:03"}
[14:19:04] t=2033 MOVE attack->[78, 121] x4
[14:19:04] {"kind": "action", "what": "attack_move", "name": null, "qty": null, "ts": "14:19:04"}
[14:19:04] t=2033 tick#1350 credits=420 stance=attack | jev 1200 decisions p50=969ms
[14:19:06] t=2034 MOVE attack->[74, 111] x4
[14:19:06] {"kind": "action", "what": "attack_move", "name": null, "qty": null, "ts": "14:19:06"}
[14:19:09] t=2037 ESCORT 坦克#2468 -> 护航矿车@[127, 105]
[14:19:09] {"kind": "action", "what": "attack_move", "name": null, "qty": null, "ts": "14:19:09"}
[14:19:15] t=2043 ALARM 单位损失 -> counter 43 vs 29 -> [134, 79]
[14:19:16] {"kind": "action", "what": "attack_move", "name": null, "qty": null, "ts": "14:19:16"}
[14:19:16] t=2045 ATTACK (tanks=7)
[14:19:24] t=2052 MOVE forward-post@(122, 86)(5)
[14:19:24] {"kind": "action", "what": "attack_move", "name": null, "qty": null, "ts": "14:19:24"}
[14:19:33] t=2061 TANK HTNK x2
[14:19:33] {"kind": "action", "what": "produce", "name": "HTNK", "qty": 2, "ts": "14:19:33"}
[14:19:36] t=2064 MOVE forward-post@(122, 86)(5)
[14:19:36] {"kind": "action", "what": "attack_move", "name": null, "qty": null, "ts": "14:19:36"}
[14:19:39] t=2067 ESCORT 坦克#2303 -> 护航矿车@[127, 105]
[14:19:39] {"kind": "action", "what": "attack_move", "name": null, "qty": null, "ts": "14:19:39"}
[14:19:42] t=2070 tick#1375 credits=1620 stance=defend | jev 1200 decisions p50=969ms
[14:19:48] t=2076 MOVE forward-post@(122, 86)(5)
[14:19:48] {"kind": "action", "what": "attack_move", "name": null, "qty": null, "ts": "14:19:48"}
[14:19:58] t=2087 RETREAT HTNK(32%)
[14:19:58] {"kind": "action", "what": "move", "name": null, "qty": null, "ts": "14:19:58"}
[14:20:00] t=2088 MOVE forward-post@(122, 86)(4)
[14:20:00] {"kind": "action", "what": "attack_move", "name": null, "qty": null, "ts": "14:20:00"}
[14:20:10] t=2099 ATTACK (tanks=7)
[14:20:10] t=2099 MOVE attack->[74, 111] x5
[14:20:10] {"kind": "action", "what": "attack_move", "name": null, "qty": null, "ts": "14:20:10"}
[14:20:19] t=2108 RETREAT HTNK(27%)
[14:20:19] {"kind": "action", "what": "move", "name": null, "qty": null, "ts": "14:20:19"}
[14:20:19] t=2108 tick#1400 credits=1132 stance=attack | jev 1200 decisions p50=969ms
[14:20:22] t=2111 MOVE attack->[74, 111] x4
[14:20:22] {"kind": "action", "what": "attack_move", "name": null, "qty": null, "ts": "14:20:22"}
[14:20:28] t=2117 RETREAT HTNK(27%)
[14:20:28] {"kind": "action", "what": "move", "name": null, "qty": null, "ts": "14:20:28"}
[14:20:31] t=2120 ALARM 单位损失 -> counter 41 vs 24 -> [134, 79]
[14:20:32] {"kind": "action", "what": "attack_move", "name": null, "qty": null, "ts": "14:20:32"}
[14:20:40] t=2129 MOVE defend-rally@(137, 82)(3)
[14:20:41] {"kind": "action", "what": "attack_move", "name": null, "qty": null, "ts": "14:20:41"}
[14:20:43] t=2132 ALARM 单位损失 -> counter 41 vs 25 -> [134, 79]
[14:20:43] {"kind": "action", "what": "attack_move", "name": null, "qty": null, "ts": "14:20:43"}
[14:20:46] t=2135 ESCORT 坦克#2339 -> 护航矿车@[128, 104]
[14:20:46] {"kind": "action", "what": "attack_move", "name": null, "qty": null, "ts": "14:20:46"}
[14:20:51] t=2139 RETREAT HTNK(26%)
[14:20:51] {"kind": "action", "what": "move", "name": null, "qty": null, "ts": "14:20:51"}
[14:20:52] t=2141 MOVE defend-rally@(137, 82)(3)
[14:20:53] {"kind": "action", "what": "attack_move", "name": null, "qty": null, "ts": "14:20:53"}
[14:20:57] t=2145 ALARM 单位损失 -> counter 41 vs 25 -> [134, 79]
[14:20:57] {"kind": "action", "what": "attack_move", "name": null, "qty": null, "ts": "14:20:57"}
[14:20:57] t=2145 tick#1425 credits=795 stance=defend | jev 1200 decisions p50=969ms
[14:21:06] t=2154 MOVE defend-rally@(137, 82)(3)
[14:21:06] {"kind": "action", "what": "attack_move", "name": null, "qty": null, "ts": "14:21:06"}
[14:21:07] t=2156 ALARM 敌军逼近 -> counter 41 vs 25 -> [117, 84]
[14:21:08] {"kind": "action", "what": "attack_move", "name": null, "qty": null, "ts": "14:21:08"}
[14:21:12] t=2160 RETREAT HTNK(23%)
[14:21:12] {"kind": "action", "what": "move", "name": null, "qty": null, "ts": "14:21:12"}
[14:21:16] t=2165 ALARM 敌军逼近 -> counter 40 vs 24 -> [120, 82]
[14:21:17] {"kind": "action", "what": "attack_move", "name": null, "qty": null, "ts": "14:21:17"}
[14:21:17] t=2165 ESCORT 坦克#2339 -> 护航矿车@[119, 125]
[14:21:17] {"kind": "action", "what": "attack_move", "name": null, "qty": null, "ts": "14:21:17"}
[14:21:19] t=2168 RETREAT DOG(26%)
[14:21:20] {"kind": "action", "what": "move", "name": null, "qty": null, "ts": "14:21:20"}
[14:21:21] t=2169 RETREAT DOG(35%)
[14:21:21] {"kind": "action", "what": "move", "name": null, "qty": null, "ts": "14:21:21"}
[14:21:25] t=2174 ALARM 单位损失 -> counter 36 vs 21 -> [134, 79]
[14:21:26] {"kind": "action", "what": "attack_move", "name": null, "qty": null, "ts": "14:21:26"}
[14:21:26] t=2174 RETREAT DOG(36%)
[14:21:26] {"kind": "action", "what": "move", "name": null, "qty": null, "ts": "14:21:26"}
[14:21:34] t=2183 ALARM 敌军逼近 -> counter 36 vs 18 -> [118, 82]
[14:21:35] {"kind": "action", "what": "attack_move", "name": null, "qty": null, "ts": "14:21:35"}
[14:21:35] t=2183 tick#1450 credits=795 stance=defend | jev 1200 decisions p50=969ms
[14:21:44] t=2192 MOVE defend-rally@(137, 82)(2)
[14:21:44] {"kind": "action", "what": "attack_move", "name": null, "qty": null, "ts": "14:21:44"}
[14:21:48] t=2196 ESCORT 坦克#2479 -> 护航矿车@[116, 135]
[14:21:48] {"kind": "action", "what": "attack_move", "name": null, "qty": null, "ts": "14:21:48"}
[14:21:56] t=2204 MOVE defend-rally@(137, 82)(2)
[14:21:56] {"kind": "action", "what": "attack_move", "name": null, "qty": null, "ts": "14:21:56"}
[14:22:08] t=2216 ALARM 单位损失 -> counter 36 vs 17 -> [134, 79]
[14:22:08] {"kind": "action", "what": "attack_move", "name": null, "qty": null, "ts": "14:22:08"}
[14:22:09] t=2217 TANK HTNK x2
[14:22:09] {"kind": "action", "what": "produce", "name": "HTNK", "qty": 2, "ts": "14:22:09"}
[14:22:12] t=2220 tick#1475 credits=2070 stance=defend | jev 1200 decisions p50=969ms
[14:22:17] t=2225 MOVE defend-rally@(137, 82)(2)
[14:22:17] {"kind": "action", "what": "attack_move", "name": null, "qty": null, "ts": "14:22:17"}
[14:22:29] t=2237 MOVE defend-rally@(137, 82)(2)
[14:22:29] {"kind": "action", "what": "attack_move", "name": null, "qty": null, "ts": "14:22:29"}
[14:22:41] t=2249 MOVE defend-rally@(137, 82)(2)
[14:22:41] {"kind": "action", "what": "attack_move", "name": null, "qty": null, "ts": "14:22:41"}
[14:22:47] t=2255 ESCORT 坦克#2600 -> 护航矿车@[126, 103]
[14:22:47] {"kind": "action", "what": "attack_move", "name": null, "qty": null, "ts": "14:22:47"}
[14:22:50] t=2258 tick#1500 credits=1207 stance=defend | jev 1200 decisions p50=969ms
[14:22:53] t=2261 MOVE defend-rally@(137, 82)(3)
[14:22:53] {"kind": "action", "what": "attack_move", "name": null, "qty": null, "ts": "14:22:53"}
[14:23:05] t=2273 MOVE defend-rally@(137, 82)(3)
[14:23:05] {"kind": "action", "what": "attack_move", "name": null, "qty": null, "ts": "14:23:05"}
[14:23:17] t=2285 ESCORT 坦克#2817 -> 护航矿车@[122, 101]
[14:23:17] {"kind": "action", "what": "attack_move", "name": null, "qty": null, "ts": "14:23:17"}
[14:23:17] t=2285 MOVE defend-rally@(137, 82)(3)
[14:23:17] {"kind": "action", "what": "attack_move", "name": null, "qty": null, "ts": "14:23:17"}
[14:23:21] t=2290 MOVE forward-post@(122, 86)(4)
[14:23:21] {"kind": "action", "what": "attack_move", "name": null, "qty": null, "ts": "14:23:21"}
[14:23:27] t=2296 tick#1525 credits=645 stance=defend | jev 1200 decisions p50=969ms
[14:23:33] t=2302 MOVE forward-post@(122, 86)(4)
[14:23:33] {"kind": "action", "what": "attack_move", "name": null, "qty": null, "ts": "14:23:33"}
[14:23:45] t=2314 MOVE forward-post@(122, 86)(4)
[14:23:45] {"kind": "action", "what": "attack_move", "name": null, "qty": null, "ts": "14:23:45"}
[14:23:48] t=2317 ESCORT 坦克#2506 -> 护航矿车@[124, 102]
[14:23:48] {"kind": "action", "what": "attack_move", "name": null, "qty": null, "ts": "14:23:48"}
[14:23:56] t=2324 TANK HTNK x1
[14:23:56] {"kind": "action", "what": "produce", "name": "HTNK", "qty": 1, "ts": "14:23:56"}
[14:23:57] t=2326 MOVE forward-post@(122, 86)(4)
[14:23:57] {"kind": "action", "what": "attack_move", "name": null, "qty": null, "ts": "14:23:57"}
[14:24:05] t=2333 tick#1550 credits=1020 stance=defend | jev 1200 decisions p50=969ms
[14:24:09] t=2338 MOVE forward-post@(122, 86)(4)
[14:24:09] {"kind": "action", "what": "attack_move", "name": null, "qty": null, "ts": "14:24:09"}
[14:24:18] t=2347 ESCORT 坦克#2506 -> 护航矿车@[128, 105]
[14:24:18] {"kind": "action", "what": "attack_move", "name": null, "qty": null, "ts": "14:24:18"}
[14:24:21] t=2350 MOVE forward-post@(122, 86)(4)
[14:24:21] {"kind": "action", "what": "attack_move", "name": null, "qty": null, "ts": "14:24:21"}
[14:24:33] t=2362 MOVE forward-post@(122, 86)(5)
[14:24:33] {"kind": "action", "what": "attack_move", "name": null, "qty": null, "ts": "14:24:33"}
[14:24:35] t=2363 TANK HTNK x1
[14:24:35] {"kind": "action", "what": "produce", "name": "HTNK", "qty": 1, "ts": "14:24:35"}
[14:24:42] t=2371 tick#1575 credits=1285 stance=defend | jev 1200 decisions p50=969ms
[14:24:45] t=2374 MOVE forward-post@(122, 86)(5)
[14:24:45] {"kind": "action", "what": "attack_move", "name": null, "qty": null, "ts": "14:24:45"}
[14:24:48] t=2377 ESCORT 坦克#2506 -> 护航矿车@[117, 135]
[14:24:48] {"kind": "action", "what": "attack_move", "name": null, "qty": null, "ts": "14:24:48"}
[14:24:57] t=2386 MOVE forward-post@(122, 86)(5)
[14:24:57] {"kind": "action", "what": "attack_move", "name": null, "qty": null, "ts": "14:24:57"}
[14:25:09] t=2398 ALARM 单位损失 -> counter 39 vs 20 -> [134, 79]
[14:25:10] {"kind": "action", "what": "attack_move", "name": null, "qty": null, "ts": "14:25:10"}
[14:25:25] t=2402 ESCORT 坦克#2881 -> 护航矿车@[115, 135]
[14:25:25] {"kind": "action", "what": "attack_move", "name": null, "qty": null, "ts": "14:25:25"}
[14:25:25] t=2402 MOVE forward-post@(122, 86)(5)
[14:25:25] {"kind": "action", "what": "attack_move", "name": null, "qty": null, "ts": "14:25:25"}
[14:25:30] t=2418 tick#1600 credits=1020 stance=defend | jev 1200 decisions p50=969ms
[14:25:37] t=2426 MOVE forward-post@(122, 86)(5)
[14:25:37] {"kind": "action", "what": "attack_move", "name": null, "qty": null, "ts": "14:25:37"}
[14:25:49] t=2438 MOVE forward-post@(122, 86)(5)
[14:25:49] {"kind": "action", "what": "attack_move", "name": null, "qty": null, "ts": "14:25:49"}
[14:25:52] t=2441 TANK HTNK x2
[14:25:57] {"kind": "action", "what": "produce", "name": "HTNK", "qty": 2, "ts": "14:25:57"}
[14:26:00] t=2449 ESCORT 坦克#2881 -> 护航矿车@[128, 105]
[14:26:00] {"kind": "action", "what": "attack_move", "name": null, "qty": null, "ts": "14:26:00"}
[14:26:02] t=2450 MOVE forward-post@(122, 86)(5)
[14:26:02] {"kind": "action", "what": "attack_move", "name": null, "qty": null, "ts": "14:26:02"}
[14:26:14] t=2462 MOVE forward-post@(122, 86)(5)
[14:26:14] {"kind": "action", "what": "attack_move", "name": null, "qty": null, "ts": "14:26:14"}
[14:26:14] t=2462 tick#1625 credits=1735 stance=defend | jev 1200 decisions p50=969ms
[14:26:26] t=2474 MOVE forward-post@(122, 86)(5)
[14:26:26] {"kind": "action", "what": "attack_move", "name": null, "qty": null, "ts": "14:26:26"}
[14:26:30] t=2479 ESCORT 坦克#2881 -> 护航矿车@[128, 105]
[14:26:30] {"kind": "action", "what": "attack_move", "name": null, "qty": null, "ts": "14:26:30"}
[14:26:35] t=2483 ATTACK (tanks=7)
[14:26:35] t=2483 MOVE attack->[74, 111] x4
[14:26:35] {"kind": "action", "what": "attack_move", "name": null, "qty": null, "ts": "14:26:35"}
[14:26:47] t=2495 MOVE attack->[74, 111] x4
[14:26:47] {"kind": "action", "what": "attack_move", "name": null, "qty": null, "ts": "14:26:47"}
[14:26:51] t=2500 tick#1650 credits=797 stance=attack | jev 1200 decisions p50=969ms
[14:26:59] t=2507 MOVE attack->[74, 111] x4
[14:26:59] {"kind": "action", "what": "attack_move", "name": null, "qty": null, "ts": "14:26:59"}
[14:27:11] t=2519 MOVE attack->[74, 111] x5
[14:27:11] {"kind": "action", "what": "attack_move", "name": null, "qty": null, "ts": "14:27:11"}
[14:27:18] t=2527 MOVE attack->[80, 99] x5
[14:27:18] {"kind": "action", "what": "attack_move", "name": null, "qty": null, "ts": "14:27:18"}
[14:27:20] t=2528 MOVE attack->[80, 101] x5
[14:27:20] {"kind": "action", "what": "attack_move", "name": null, "qty": null, "ts": "14:27:20"}
[14:27:21] t=2530 MOVE attack->[80, 103] x5
[14:27:21] {"kind": "action", "what": "attack_move", "name": null, "qty": null, "ts": "14:27:21"}
[14:27:23] t=2531 MOVE attack->[80, 105] x5
[14:27:23] {"kind": "action", "what": "attack_move", "name": null, "qty": null, "ts": "14:27:23"}
[14:27:24] t=2533 MOVE attack->[80, 107] x5
[14:27:24] {"kind": "action", "what": "attack_move", "name": null, "qty": null, "ts": "14:27:24"}
[14:27:26] t=2534 MOVE attack->[80, 109] x5
[14:27:26] {"kind": "action", "what": "attack_move", "name": null, "qty": null, "ts": "14:27:26"}
[14:27:27] t=2536 MOVE attack->[80, 111] x5
[14:27:27] {"kind": "action", "what": "attack_move", "name": null, "qty": null, "ts": "14:27:27"}
[14:27:29] t=2537 MOVE attack->[80, 113] x5
[14:27:29] {"kind": "action", "what": "attack_move", "name": null, "qty": null, "ts": "14:27:29"}
[14:27:29] t=2537 tick#1675 credits=645 stance=attack | jev 1200 decisions p50=969ms
[14:27:30] t=2539 TANK HTNK x2
[14:27:30] {"kind": "action", "what": "produce", "name": "HTNK", "qty": 2, "ts": "14:27:30"}
[14:27:30] t=2539 MOVE attack->[80, 115] x5
[14:27:30] {"kind": "action", "what": "attack_move", "name": null, "qty": null, "ts": "14:27:30"}
[14:27:32] t=2540 MOVE attack->[80, 117] x5
[14:27:32] {"kind": "action", "what": "attack_move", "name": null, "qty": null, "ts": "14:27:32"}
[14:27:33] t=2542 MOVE attack->[80, 119] x5
[14:27:33] {"kind": "action", "what": "attack_move", "name": null, "qty": null, "ts": "14:27:33"}
[14:27:35] t=2543 MOVE attack->[81, 120] x5
[14:27:35] {"kind": "action", "what": "attack_move", "name": null, "qty": null, "ts": "14:27:35"}
[14:27:36] t=2545 RETREAT HTNK(22%)
[14:27:36] {"kind": "action", "what": "move", "name": null, "qty": null, "ts": "14:27:36"}
[14:27:36] t=2545 MOVE attack->[80, 121] x4
[14:27:36] {"kind": "action", "what": "attack_move", "name": null, "qty": null, "ts": "14:27:36"}
[14:27:38] t=2546 MOVE attack->[79, 122] x4
[14:27:38] {"kind": "action", "what": "attack_move", "name": null, "qty": null, "ts": "14:27:38"}
[14:27:39] t=2548 MOVE attack->[78, 123] x4
[14:27:39] {"kind": "action", "what": "attack_move", "name": null, "qty": null, "ts": "14:27:39"}
[14:27:42] t=2551 ESCORT 坦克#2986 -> 护航矿车@[128, 104]
[14:27:42] {"kind": "action", "what": "attack_move", "name": null, "qty": null, "ts": "14:27:42"}
[14:27:45] t=2554 MOVE attack->[77, 123] x4
[14:27:45] {"kind": "action", "what": "attack_move", "name": null, "qty": null, "ts": "14:27:45"}
[14:27:47] t=2555 ALARM 单位损失 -> counter 41 vs 18 -> [134, 79]
[14:27:48] {"kind": "action", "what": "attack_move", "name": null, "qty": null, "ts": "14:27:48"}
[14:27:48] t=2555 ATTACK (tanks=7)
[14:27:56] t=2564 MOVE attack->[79, 119] x4
[14:27:56] {"kind": "action", "what": "attack_move", "name": null, "qty": null, "ts": "14:27:56"}
[14:27:57] t=2566 RETREAT HTNK(35%)
[14:27:57] {"kind": "action", "what": "move", "name": null, "qty": null, "ts": "14:27:57"}
[14:27:57] t=2566 MOVE attack->[79, 117] x5
[14:27:57] {"kind": "action", "what": "attack_move", "name": null, "qty": null, "ts": "14:27:57"}
[14:27:59] t=2567 MOVE attack->[79, 115] x5
[14:27:59] {"kind": "action", "what": "attack_move", "name": null, "qty": null, "ts": "14:27:59"}
[14:28:00] t=2569 MOVE attack->[79, 113] x5
[14:28:00] {"kind": "action", "what": "attack_move", "name": null, "qty": null, "ts": "14:28:00"}
[14:28:02] t=2570 MOVE attack->[79, 111] x5
[14:28:02] {"kind": "action", "what": "attack_move", "name": null, "qty": null, "ts": "14:28:02"}
[14:28:03] t=2572 MOVE attack->[79, 110] x5
[14:28:03] {"kind": "action", "what": "attack_move", "name": null, "qty": null, "ts": "14:28:03"}
[14:28:05] t=2573 MOVE attack->[79, 108] x5
[14:28:05] {"kind": "action", "what": "attack_move", "name": null, "qty": null, "ts": "14:28:05"}
[14:28:06] t=2575 MOVE attack->[80, 107] x5
[14:28:06] {"kind": "action", "what": "attack_move", "name": null, "qty": null, "ts": "14:28:06"}
[14:28:06] t=2575 tick#1700 credits=1620 stance=attack | jev 1200 decisions p50=969ms
[14:28:08] t=2576 RETREAT HTNK(10%)
[14:28:08] {"kind": "action", "what": "move", "name": null, "qty": null, "ts": "14:28:08"}
[14:28:08] t=2576 MOVE attack->[80, 106] x5
[14:28:08] {"kind": "action", "what": "attack_move", "name": null, "qty": null, "ts": "14:28:08"}
[14:28:09] t=2578 MOVE attack->[80, 104] x5
[14:28:09] {"kind": "action", "what": "attack_move", "name": null, "qty": null, "ts": "14:28:09"}
[14:28:11] t=2579 ALARM 单位损失 -> counter 40 vs 19 -> [134, 79]
[14:28:11] {"kind": "action", "what": "attack_move", "name": null, "qty": null, "ts": "14:28:11"}
[14:28:11] t=2579 ATTACK (tanks=7)
[14:28:12] t=2581 ESCORT 坦克#2981 -> 护航矿车@[126, 105]
[14:28:12] {"kind": "action", "what": "attack_move", "name": null, "qty": null, "ts": "14:28:12"}
[14:28:20] t=2588 MOVE forward-post@(122, 86)(4)
[14:28:20] {"kind": "action", "what": "attack_move", "name": null, "qty": null, "ts": "14:28:20"}
[14:28:32] t=2600 MOVE forward-post@(122, 86)(4)
[14:28:32] {"kind": "action", "what": "attack_move", "name": null, "qty": null, "ts": "14:28:32"}
[14:28:42] t=2611 ESCORT 坦克#2955 -> 护航矿车@[116, 135]
[14:28:42] {"kind": "action", "what": "attack_move", "name": null, "qty": null, "ts": "14:28:42"}
[14:28:42] t=2611 ATTACK (tanks=7)
[14:28:42] t=2611 MOVE attack->[74, 111] x5
[14:28:42] {"kind": "action", "what": "attack_move", "name": null, "qty": null, "ts": "14:28:42"}
[14:28:44] t=2612 tick#1725 credits=720 stance=attack | jev 1200 decisions p50=969ms
[14:28:53] t=2621 TANK HTNK x2
[14:28:53] {"kind": "action", "what": "produce", "name": "HTNK", "qty": 2, "ts": "14:28:53"}
[14:28:56] t=2624 MOVE attack->[74, 111] x5
[14:28:56] {"kind": "action", "what": "attack_move", "name": null, "qty": null, "ts": "14:28:56"}
[14:29:08] t=2636 MOVE attack->[74, 111] x5
[14:29:08] {"kind": "action", "what": "attack_move", "name": null, "qty": null, "ts": "14:29:08"}
[14:29:12] t=2641 SIM STALL (time frozen) - skip actions
[14:29:13] t=2642 ESCORT 坦克#3119 -> 护航矿车@[115, 133]
[14:29:14] {"kind": "action", "what": "attack_move", "name": null, "qty": null, "ts": "14:29:14"}
[14:29:21] t=2649 MOVE attack->[74, 111] x5
[14:29:21] {"kind": "action", "what": "attack_move", "name": null, "qty": null, "ts": "14:29:21"}
[14:29:23] t=2651 tick#1750 credits=1755 stance=attack | jev 1200 decisions p50=969ms
[14:29:33] t=2661 MOVE attack->[74, 111] x4
[14:29:33] {"kind": "action", "what": "attack_move", "name": null, "qty": null, "ts": "14:29:33"}
[14:29:41] t=2669 RETREAT HTNK(3%)
[14:29:41] {"kind": "action", "what": "move", "name": null, "qty": null, "ts": "14:29:41"}
[14:29:42] t=2670 ALARM 单位损失 -> counter 40 vs 16 -> [134, 79]
[14:29:43] {"kind": "action", "what": "attack_move", "name": null, "qty": null, "ts": "14:29:43"}
[14:29:43] t=2670 ATTACK (tanks=7)
[14:29:44] t=2672 ESCORT 坦克#2817 -> 护航矿车@[126, 104]
[14:29:44] {"kind": "action", "what": "attack_move", "name": null, "qty": null, "ts": "14:29:44"}
[14:29:51] t=2679 MOVE attack->[74, 111] x5
[14:29:51] {"kind": "action", "what": "attack_move", "name": null, "qty": null, "ts": "14:29:51"}
[14:29:59] t=2687 ALARM 单位损失 -> counter 39 vs 16 -> [134, 79]
[14:29:59] {"kind": "action", "what": "attack_move", "name": null, "qty": null, "ts": "14:29:59"}
[14:30:00] t=2688 tick#1775 credits=817 stance=defend | jev 1200 decisions p50=969ms
[14:30:06] t=2694 ATTACK (tanks=7)
[14:30:08] t=2696 MOVE attack->[74, 111] x5
[14:30:08] {"kind": "action", "what": "attack_move", "name": null, "qty": null, "ts": "14:30:08"}
[14:30:20] t=2708 MOVE attack->[74, 111] x5
[14:30:20] {"kind": "action", "what": "attack_move", "name": null, "qty": null, "ts": "14:30:20"}
[14:30:21] t=2709 RETREAT HTNK(37%)
[14:30:21] {"kind": "action", "what": "move", "name": null, "qty": null, "ts": "14:30:21"}
[14:30:23] t=2711 ALARM 单位损失 -> counter 39 vs 16 -> [134, 79]
[14:30:23] {"kind": "action", "what": "attack_move", "name": null, "qty": null, "ts": "14:30:23"}
[14:30:32] t=2720 MOVE forward-post@(122, 86)(4)
[14:30:32] {"kind": "action", "what": "attack_move", "name": null, "qty": null, "ts": "14:30:32"}
[14:30:33] t=2721 RETREAT HTNK(32%)
[14:30:33] {"kind": "action", "what": "move", "name": null, "qty": null, "ts": "14:30:33"}
[14:30:33] t=2721 MOVE defend-rally@(137, 82)(3)
[14:30:33] {"kind": "action", "what": "attack_move", "name": null, "qty": null, "ts": "14:30:33"}
[14:30:36] t=2724 ESCORT 坦克#3119 -> 护航矿车@[82, 97]
[14:30:36] {"kind": "action", "what": "attack_move", "name": null, "qty": null, "ts": "14:30:36"}
[14:30:38] t=2726 tick#1800 credits=920 stance=defend | jev 1200 decisions p50=969ms
[14:30:47] t=2735 MOVE defend-rally@(137, 82)(3)
[14:30:47] {"kind": "action", "what": "attack_move", "name": null, "qty": null, "ts": "14:30:47"}
[14:30:59] t=2747 MOVE defend-rally@(137, 82)(3)
[14:30:59] {"kind": "action", "what": "attack_move", "name": null, "qty": null, "ts": "14:30:59"}
[14:31:03] t=2752 ALARM 单位损失 -> counter 38 vs 17 -> [134, 79]
[14:31:03] {"kind": "action", "what": "attack_move", "name": null, "qty": null, "ts": "14:31:03"}
[14:31:06] t=2755 ESCORT 坦克#3152 -> 护航矿车@[94, 63]
[14:31:06] {"kind": "action", "what": "attack_move", "name": null, "qty": null, "ts": "14:31:06"}
[14:31:11] t=2759 TANK HTNK x2
[14:31:11] {"kind": "action", "what": "produce", "name": "HTNK", "qty": 2, "ts": "14:31:11"}
[14:31:12] t=2761 MOVE defend-rally@(137, 82)(3)
[14:31:12] {"kind": "action", "what": "attack_move", "name": null, "qty": null, "ts": "14:31:12"}
[14:31:15] t=2764 tick#1825 credits=1559 stance=defend | jev 1200 decisions p50=969ms
[14:31:24] t=2773 MOVE defend-rally@(137, 82)(3)
[14:31:24] {"kind": "action", "what": "attack_move", "name": null, "qty": null, "ts": "14:31:24"}
[14:31:36] t=2785 MOVE defend-rally@(137, 82)(3)
[14:31:36] {"kind": "action", "what": "attack_move", "name": null, "qty": null, "ts": "14:31:36"}
[14:31:38] t=2786 ESCORT 坦克#2817 -> 护航矿车@[120, 106]
[14:31:38] {"kind": "action", "what": "attack_move", "name": null, "qty": null, "ts": "14:31:38"}
[14:31:48] t=2797 MOVE forward-post@(122, 86)(4)
[14:31:48] {"kind": "action", "what": "attack_move", "name": null, "qty": null, "ts": "14:31:48"}
[14:31:53] t=2801 tick#1850 credits=1220 stance=defend | jev 1200 decisions p50=969ms
[14:32:00] t=2809 MOVE forward-post@(122, 86)(4)
[14:32:00] {"kind": "action", "what": "attack_move", "name": null, "qty": null, "ts": "14:32:00"}
[14:32:08] t=2816 ESCORT 坦克#2817 -> 护航矿车@[128, 105]
[14:32:08] {"kind": "action", "what": "attack_move", "name": null, "qty": null, "ts": "14:32:08"}
[14:32:12] t=2821 MOVE forward-post@(122, 86)(4)
[14:32:12] {"kind": "action", "what": "attack_move", "name": null, "qty": null, "ts": "14:32:12"}
[14:32:24] t=2833 ATTACK (tanks=7)
[14:32:24] t=2833 MOVE attack->[74, 111] x5
[14:32:24] {"kind": "action", "what": "attack_move", "name": null, "qty": null, "ts": "14:32:24"}
[14:32:30] t=2839 tick#1875 credits=470 stance=attack | jev 1200 decisions p50=969ms
[14:32:36] t=2845 MOVE attack->[74, 111] x5
[14:32:36] {"kind": "action", "what": "attack_move", "name": null, "qty": null, "ts": "14:32:36"}
[14:32:48] t=2857 MOVE attack->[74, 111] x5
[14:32:48] {"kind": "action", "what": "attack_move", "name": null, "qty": null, "ts": "14:32:48"}
[14:32:51] t=2860 ESCORT 坦克#2817 -> 护航矿车@[115, 133]
[14:32:51] {"kind": "action", "what": "attack_move", "name": null, "qty": null, "ts": "14:32:51"}
[14:32:59] t=2867 RETREAT HTNK(29%)
[14:32:59] {"kind": "action", "what": "move", "name": null, "qty": null, "ts": "14:32:59"}
[14:33:00] t=2869 MOVE attack->[74, 111] x5
[14:33:00] {"kind": "action", "what": "attack_move", "name": null, "qty": null, "ts": "14:33:00"}
[14:33:08] t=2876 tick#1900 credits=470 stance=attack | jev 1200 decisions p50=969ms
[14:33:12] t=2881 MOVE attack->[74, 111] x5
[14:33:12] {"kind": "action", "what": "attack_move", "name": null, "qty": null, "ts": "14:33:12"}
[14:33:17] t=2885 RETREAT HTNK(26%)
[14:33:17] {"kind": "action", "what": "move", "name": null, "qty": null, "ts": "14:33:17"}
[14:33:18] t=2887 ALARM 单位损失 -> counter 39 vs 16 -> [134, 79]
[14:33:19] {"kind": "action", "what": "attack_move", "name": null, "qty": null, "ts": "14:33:19"}
[14:33:21] t=2890 ESCORT 坦克#3328 -> 护航矿车@[117, 133]
[14:33:21] {"kind": "action", "what": "attack_move", "name": null, "qty": null, "ts": "14:33:21"}
[14:33:27] t=2896 MOVE forward-post@(122, 86)(4)
[14:33:27] {"kind": "action", "what": "attack_move", "name": null, "qty": null, "ts": "14:33:27"}
[14:33:30] t=2899 TANK HTNK x1
[14:33:30] {"kind": "action", "what": "produce", "name": "HTNK", "qty": 1, "ts": "14:33:30"}
[14:33:39] t=2908 MOVE forward-post@(122, 86)(4)
[14:33:39] {"kind": "action", "what": "attack_move", "name": null, "qty": null, "ts": "14:33:39"}
[14:33:45] t=2914 tick#1925 credits=920 stance=defend | jev 1200 decisions p50=969ms
[14:33:51] t=2920 ESCORT 坦克#3152 -> 护航矿车@[120, 124]
[14:33:51] {"kind": "action", "what": "attack_move", "name": null, "qty": null, "ts": "14:33:51"}
[14:33:51] t=2920 MOVE forward-post@(122, 86)(4)
[14:33:51] {"kind": "action", "what": "attack_move", "name": null, "qty": null, "ts": "14:33:51"}
[14:34:05] t=2933 MOVE forward-post@(122, 86)(4)
[14:34:05] {"kind": "action", "what": "attack_move", "name": null, "qty": null, "ts": "14:34:05"}
[14:34:08] t=2936 ATTACK (tanks=7)
[14:34:08] t=2936 MOVE attack->[74, 111] x5
[14:34:08] {"kind": "action", "what": "attack_move", "name": null, "qty": null, "ts": "14:34:08"}
[14:34:09] t=2938 MOVE attack->[78, 79] x5
[14:34:09] {"kind": "action", "what": "attack_move", "name": null, "qty": null, "ts": "14:34:09"}
[14:34:11] t=2939 MOVE attack->[79, 80] x5
[14:34:11] {"kind": "action", "what": "attack_move", "name": null, "qty": null, "ts": "14:34:11"}
[14:34:12] t=2941 MOVE attack->[80, 81] x5
[14:34:12] {"kind": "action", "what": "attack_move", "name": null, "qty": null, "ts": "14:34:12"}
[14:34:14] t=2942 MOVE attack->[80, 82] x5
[14:34:14] {"kind": "action", "what": "attack_move", "name": null, "qty": null, "ts": "14:34:14"}
[14:34:15] t=2944 MOVE attack->[80, 84] x5
[14:34:15] {"kind": "action", "what": "attack_move", "name": null, "qty": null, "ts": "14:34:15"}
[14:34:17] t=2945 MOVE attack->[80, 85] x5
[14:34:17] {"kind": "action", "what": "attack_move", "name": null, "qty": null, "ts": "14:34:17"}
[14:34:18] t=2947 MOVE attack->[80, 87] x5
[14:34:18] {"kind": "action", "what": "attack_move", "name": null, "qty": null, "ts": "14:34:18"}
[14:34:20] t=2948 MOVE attack->[80, 88] x5
[14:34:20] {"kind": "action", "what": "attack_move", "name": null, "qty": null, "ts": "14:34:20"}
[14:34:21] t=2950 ESCORT 坦克#2817 -> 护航矿车@[127, 105]
[14:34:21] {"kind": "action", "what": "attack_move", "name": null, "qty": null, "ts": "14:34:21"}
[14:34:21] t=2950 MOVE attack->[80, 90] x5
[14:34:21] {"kind": "action", "what": "attack_move", "name": null, "qty": null, "ts": "14:34:21"}
[14:34:23] t=2951 MOVE attack->[80, 91] x5
[14:34:23] {"kind": "action", "what": "attack_move", "name": null, "qty": null, "ts": "14:34:23"}
[14:34:23] t=2951 tick#1950 credits=395 stance=attack | jev 1200 decisions p50=969ms
[14:34:24] t=2953 MOVE attack->[80, 93] x5
[14:34:24] {"kind": "action", "what": "attack_move", "name": null, "qty": null, "ts": "14:34:24"}
[14:34:26] t=2954 TANK HTNK x1
[14:34:26] {"kind": "action", "what": "produce", "name": "HTNK", "qty": 1, "ts": "14:34:26"}
[14:34:26] t=2954 MOVE attack->[80, 94] x5
[14:34:26] {"kind": "action", "what": "attack_move", "name": null, "qty": null, "ts": "14:34:26"}
[14:34:27] t=2956 MOVE attack->[80, 96] x5
[14:34:27] {"kind": "action", "what": "attack_move", "name": null, "qty": null, "ts": "14:34:27"}
[14:34:29] t=2957 MOVE attack->[80, 97] x5
[14:34:29] {"kind": "action", "what": "attack_move", "name": null, "qty": null, "ts": "14:34:29"}
[14:34:30] t=2959 MOVE attack->[80, 99] x5
[14:34:30] {"kind": "action", "what": "attack_move", "name": null, "qty": null, "ts": "14:34:30"}
[14:34:32] t=2960 MOVE attack->[80, 100] x5
[14:34:32] {"kind": "action", "what": "attack_move", "name": null, "qty": null, "ts": "14:34:32"}
[14:34:33] t=2962 MOVE attack->[80, 102] x5
[14:34:33] {"kind": "action", "what": "attack_move", "name": null, "qty": null, "ts": "14:34:33"}
[14:34:35] t=2963 MOVE attack->[80, 103] x5
[14:34:35] {"kind": "action", "what": "attack_move", "name": null, "qty": null, "ts": "14:34:35"}
[14:34:36] t=2965 MOVE attack->[80, 105] x5
[14:34:36] {"kind": "action", "what": "attack_move", "name": null, "qty": null, "ts": "14:34:36"}
[14:34:38] t=2966 MOVE attack->[80, 106] x5
[14:34:38] {"kind": "action", "what": "attack_move", "name": null, "qty": null, "ts": "14:34:38"}
[14:34:39] t=2968 MOVE attack->[80, 108] x5
[14:34:39] {"kind": "action", "what": "attack_move", "name": null, "qty": null, "ts": "14:34:39"}
[14:34:41] t=2969 MOVE attack->[80, 109] x5
[14:34:41] {"kind": "action", "what": "attack_move", "name": null, "qty": null, "ts": "14:34:41"}
[14:34:42] t=2971 MOVE attack->[80, 111] x5
[14:34:42] {"kind": "action", "what": "attack_move", "name": null, "qty": null, "ts": "14:34:42"}
[14:34:44] t=2972 MOVE attack->[80, 112] x5
[14:34:44] {"kind": "action", "what": "attack_move", "name": null, "qty": null, "ts": "14:34:44"}
[14:34:45] t=2974 MOVE attack->[80, 114] x5
[14:34:45] {"kind": "action", "what": "attack_move", "name": null, "qty": null, "ts": "14:34:45"}
[14:34:47] t=2975 MOVE attack->[80, 115] x5
[14:34:47] {"kind": "action", "what": "attack_move", "name": null, "qty": null, "ts": "14:34:47"}
[14:34:48] t=2977 MOVE attack->[80, 117] x5
[14:34:48] {"kind": "action", "what": "attack_move", "name": null, "qty": null, "ts": "14:34:48"}
[14:34:50] t=2978 MOVE attack->[80, 118] x5
[14:34:50] {"kind": "action", "what": "attack_move", "name": null, "qty": null, "ts": "14:34:50"}
[14:34:51] t=2980 MOVE attack->[81, 119] x5
[14:34:51] {"kind": "action", "what": "attack_move", "name": null, "qty": null, "ts": "14:34:51"}
[14:34:54] t=2983 MOVE attack->[80, 120] x5
[14:34:54] {"kind": "action", "what": "attack_move", "name": null, "qty": null, "ts": "14:34:54"}
[14:34:56] t=2984 MOVE attack->[80, 121] x5
[14:34:56] {"kind": "action", "what": "attack_move", "name": null, "qty": null, "ts": "14:34:56"}
[14:34:57] t=2986 MOVE attack->[79, 122] x5
[14:34:57] {"kind": "action", "what": "attack_move", "name": null, "qty": null, "ts": "14:34:57"}
[14:34:59] t=2987 MOVE attack->[78, 123] x5
[14:34:59] {"kind": "action", "what": "attack_move", "name": null, "qty": null, "ts": "14:34:59"}
[14:35:00] t=2989 tick#1975 credits=1409 stance=attack | jev 1200 decisions p50=969ms
[14:35:03] t=2992 TANK HTNK x2
[14:35:03] {"kind": "action", "what": "produce", "name": "HTNK", "qty": 2, "ts": "14:35:03"}
[14:35:06] t=2995 MOVE attack->[77, 123] x4
[14:35:06] {"kind": "action", "what": "attack_move", "name": null, "qty": null, "ts": "14:35:06"}
[14:35:11] t=2999 MOVE attack->[74, 111] x4
[14:35:11] {"kind": "action", "what": "attack_move", "name": null, "qty": null, "ts": "14:35:11"}
[14:35:14] t=3002 ESCORT 坦克#2817 -> 护航矿车@[120, 105]
[14:35:14] {"kind": "action", "what": "attack_move", "name": null, "qty": null, "ts": "14:35:14"}
[14:35:21] t=3010 MOVE attack->[87, 127] x4
[14:35:21] {"kind": "action", "what": "attack_move", "name": null, "qty": null, "ts": "14:35:21"}
[14:35:29] t=3017 MOVE attack->[88, 126] x4
[14:35:29] {"kind": "action", "what": "attack_move", "name": null, "qty": null, "ts": "14:35:29"}
[14:35:30] t=3019 MOVE attack->[89, 125] x4
[14:35:30] {"kind": "action", "what": "attack_move", "name": null, "qty": null, "ts": "14:35:30"}
[14:35:32] t=3020 MOVE attack->[89, 123] x4
[14:35:32] {"kind": "action", "what": "attack_move", "name": null, "qty": null, "ts": "14:35:32"}
[14:35:33] t=3022 MOVE attack->[90, 121] x4
[14:35:33] {"kind": "action", "what": "attack_move", "name": null, "qty": null, "ts": "14:35:33"}
[14:35:35] t=3023 MOVE attack->[90, 120] x4
[14:35:35] {"kind": "action", "what": "attack_move", "name": null, "qty": null, "ts": "14:35:35"}
[14:35:36] t=3025 MOVE attack->[90, 118] x4
[14:35:36] {"kind": "action", "what": "attack_move", "name": null, "qty": null, "ts": "14:35:36"}
[14:35:38] t=3026 MOVE attack->[90, 116] x4
[14:35:38] {"kind": "action", "what": "attack_move", "name": null, "qty": null, "ts": "14:35:38"}
[14:35:38] t=3026 tick#2000 credits=1259 stance=attack | jev 1200 decisions p50=969ms
[14:35:39] t=3028 MOVE attack->[90, 114] x4
[14:35:39] {"kind": "action", "what": "attack_move", "name": null, "qty": null, "ts": "14:35:39"}
[14:35:41] t=3029 MOVE attack->[90, 112] x5
[14:35:41] {"kind": "action", "what": "attack_move", "name": null, "qty": null, "ts": "14:35:41"}
[14:35:42] t=3031 MOVE attack->[90, 110] x5
[14:35:42] {"kind": "action", "what": "attack_move", "name": null, "qty": null, "ts": "14:35:42"}
[14:35:44] t=3032 ESCORT 坦克#2817 -> 护航矿车@[117, 135]
[14:35:44] {"kind": "action", "what": "attack_move", "name": null, "qty": null, "ts": "14:35:44"}
[14:35:44] t=3032 MOVE attack->[90, 108] x5
[14:35:44] {"kind": "action", "what": "attack_move", "name": null, "qty": null, "ts": "14:35:44"}
[14:35:45] t=3034 MOVE attack->[90, 107] x5
[14:35:45] {"kind": "action", "what": "attack_move", "name": null, "qty": null, "ts": "14:35:45"}
[14:35:47] t=3035 MOVE attack->[91, 105] x5
[14:35:47] {"kind": "action", "what": "attack_move", "name": null, "qty": null, "ts": "14:35:47"}
[14:35:50] t=3038 MOVE attack->[92, 105] x5
[14:35:50] {"kind": "action", "what": "attack_move", "name": null, "qty": null, "ts": "14:35:50"}
[14:35:51] t=3040 MOVE attack->[93, 104] x5
[14:35:51] {"kind": "action", "what": "attack_move", "name": null, "qty": null, "ts": "14:35:51"}
[14:35:53] t=3041 MOVE attack->[74, 111] x5
[14:35:53] {"kind": "action", "what": "attack_move", "name": null, "qty": null, "ts": "14:35:53"}
[14:36:05] t=3053 RETREAT HTNK(8%)
[14:36:05] {"kind": "action", "what": "move", "name": null, "qty": null, "ts": "14:36:05"}
[14:36:05] t=3053 MOVE attack->[74, 111] x4
[14:36:05] {"kind": "action", "what": "attack_move", "name": null, "qty": null, "ts": "14:36:05"}
[14:36:08] t=3056 ALARM 单位损失 -> counter 41 vs 17 -> [134, 79]
[14:36:08] {"kind": "action", "what": "attack_move", "name": null, "qty": null, "ts": "14:36:08"}
[14:36:09] t=3056 ATTACK (tanks=8)
[14:36:14] t=3062 ESCORT 坦克#2817 -> 护航矿车@[126, 105]
[14:36:14] {"kind": "action", "what": "attack_move", "name": null, "qty": null, "ts": "14:36:14"}
[14:36:21] tick ERR agent-browser[eval] rc=1: ✗ Evaluation error: ReferenceError: __rj is not defined
    at <anonymous>:1:1
[14:36:24] tick ERR agent-browser[eval] rc=1: ✗ Evaluation error: ReferenceError: __rj is not defined
    at <anonymous>:1:1
[14:36:27] tick ERR agent-browser[eval] rc=1: ✗ Evaluation error: ReferenceError: __rj is not defined
    at <anonymous>:1:1
[14:36:30] tick ERR agent-browser[eval] rc=1: ✗ Evaluation error: ReferenceError: __rj is not defined
    at <anonymous>:1:1
[14:36:33] tick ERR agent-browser[eval] rc=1: ✗ Evaluation error: ReferenceError: __rj is not defined
    at <anonymous>:1:1
[14:36:36] tick ERR agent-browser[eval] rc=1: ✗ Evaluation error: ReferenceError: __rj is not defined
    at <anonymous>:1:1
[14:36:39] tick ERR agent-browser[eval] rc=1: ✗ Evaluation error: ReferenceError: __rj is not defined
    at <anonymous>:1:1
[14:36:42] tick ERR agent-browser[eval] rc=1: ✗ Evaluation error: ReferenceError: __rj is not defined
    at <anonymous>:1:1
[14:36:45] t=2 DEPLOY mcv
[14:36:45] {"kind": "action", "what": "deploy", "ids": [1042], "ts": "14:36:45"}
[14:36:45] {"kind": "action", "what": "deploy", "name": null, "qty": null, "ts": "14:36:45"}
[14:36:47] t=3 POWER plant (reserve 0)
[14:36:47] {"kind": "action", "what": "produce", "name": "NAPOWR", "qty": 1, "ts": "14:36:47"}
[14:37:09] t=26 OPENING BUILD NAREFN
[14:37:09] {"kind": "action", "what": "produce", "name": "NAREFN", "qty": 1, "ts": "14:37:09"}
[14:37:11] t=27 tick#2050 credits=9367 stance=defend | jev 1200 decisions p50=969ms
[14:37:48] t=65 tick#2075 credits=8460 stance=defend | jev 1200 decisions p50=969ms
[14:38:26] t=102 tick#2100 credits=7553 stance=defend | jev 1200 decisions p50=969ms
[14:38:36] t=113 OPENING BUILD NAHAND
[14:38:36] {"kind": "action", "what": "produce", "name": "NAHAND", "qty": 1, "ts": "14:38:36"}
[14:39:00] t=137 DEFLINE NALASR (have 0)
[14:39:00] {"kind": "action", "what": "produce", "name": "NALASR", "qty": 1, "ts": "14:39:00"}
[14:39:00] t=137 OPENING BUILD NAWEAP
[14:39:00] {"kind": "action", "what": "produce", "name": "NAWEAP", "qty": 1, "ts": "14:39:00"}
[14:39:03] t=140 tick#2125 credits=6695 stance=defend | jev 1200 decisions p50=969ms
[14:39:20] t=156 DEFLINE NALASR (have 1)
[14:39:20] {"kind": "action", "what": "produce", "name": "NALASR", "qty": 1, "ts": "14:39:20"}
[14:39:41] t=177 tick#2150 credits=4035 stance=defend | jev 1200 decisions p50=969ms
[14:39:44] t=180 DEFLINE NALASR (have 2)
[14:39:44] {"kind": "action", "what": "produce", "name": "NALASR", "qty": 1, "ts": "14:39:44"}
[14:40:11] t=207 ALARM 敌军逼近 -> counter 10 vs 1 -> [81, 114]
[14:40:11] {"kind": "action", "what": "attack_move", "name": null, "qty": null, "ts": "14:40:11"}
[14:40:18] t=215 tick#2175 credits=1983 stance=defend | jev 1200 decisions p50=969ms
[14:40:20] t=216 ALARM 单位损失 -> counter 11 vs 1 -> [70, 117]
[14:40:20] {"kind": "action", "what": "attack_move", "name": null, "qty": null, "ts": "14:40:20"}
[14:40:27] t=224 ECON harv#2
[14:40:27] {"kind": "action", "what": "produce", "name": "HARV", "qty": 1, "ts": "14:40:27"}
[14:40:29] t=225 INSURE AA building
[14:40:29] {"kind": "action", "what": "produce", "name": "NAFLAK", "qty": 1, "ts": "14:40:29"}
[14:40:56] t=253 tick#2200 credits=473 stance=defend | jev 1200 decisions p50=969ms
[14:41:33] t=290 tick#2225 credits=0 stance=defend | jev 1200 decisions p50=969ms
[14:42:11] t=328 tick#2250 credits=0 stance=defend | jev 1200 decisions p50=969ms
[14:42:38] t=355 ALARM 敌军逼近 -> counter 16 vs 1 -> [85, 112]
[14:42:38] {"kind": "action", "what": "attack_move", "name": null, "qty": null, "ts": "14:42:38"}
[14:42:47] t=364 ALARM 敌军逼近 -> counter 15 vs 4 -> [83, 110]
[14:42:47] {"kind": "action", "what": "attack_move", "name": null, "qty": null, "ts": "14:42:47"}
[14:42:47] t=364 RETREAT DOG(25%)
[14:42:47] {"kind": "action", "what": "move", "name": null, "qty": null, "ts": "14:42:47"}
[14:42:48] t=365 tick#2275 credits=280 stance=defend | jev 1200 decisions p50=969ms
[14:42:56] t=373 ALARM 单位损失 -> counter 13 vs 1 -> [70, 117]
[14:42:56] {"kind": "action", "what": "attack_move", "name": null, "qty": null, "ts": "14:42:56"}
[14:43:26] t=403 tick#2300 credits=0 stance=defend | jev 1200 decisions p50=969ms
[14:44:03] t=440 tick#2325 credits=0 stance=defend | jev 1200 decisions p50=969ms
[14:44:41] t=478 tick#2350 credits=1074 stance=defend | jev 1200 decisions p50=969ms
[14:45:19] t=515 tick#2375 credits=0 stance=defend | jev 1200 decisions p50=969ms
[14:45:56] t=553 tick#2400 credits=0 stance=defend | jev 1200 decisions p50=969ms
[14:46:34] t=590 tick#2425 credits=854 stance=defend | jev 1200 decisions p50=969ms
[14:46:55] t=611 MOVE defend-rally@(73, 120)(1)
[14:46:55] {"kind": "action", "what": "attack_move", "name": null, "qty": null, "ts": "14:46:55"}
[14:47:07] t=623 RETREAT DOG(30%)
[14:47:07] {"kind": "action", "what": "move", "name": null, "qty": null, "ts": "14:47:07"}
[14:47:07] t=623 MOVE defend-rally@(73, 120)(1)
[14:47:07] {"kind": "action", "what": "attack_move", "name": null, "qty": null, "ts": "14:47:07"}
[14:47:10] t=626 ALARM 单位损失 -> counter 20 vs 3 -> [70, 117]
[14:47:10] {"kind": "action", "what": "attack_move", "name": null, "qty": null, "ts": "14:47:10"}
[14:47:11] t=628 tick#2450 credits=0 stance=defend | jev 1200 decisions p50=969ms
[14:47:14] t=631 RETREAT HTNK(18%)
[14:47:14] {"kind": "action", "what": "move", "name": null, "qty": null, "ts": "14:47:14"}
[14:47:19] t=635 ALARM 单位损失 -> counter 19 vs 3 -> [70, 117]
[14:47:19] {"kind": "action", "what": "attack_move", "name": null, "qty": null, "ts": "14:47:19"}
[14:47:34] t=650 ALARM 敌军逼近 -> counter 19 vs 8 -> [87, 117]
[14:47:34] {"kind": "action", "what": "attack_move", "name": null, "qty": null, "ts": "14:47:34"}
[14:47:43] t=659 ALARM 敌军逼近 -> counter 19 vs 8 -> [87, 122]
[14:47:43] {"kind": "action", "what": "attack_move", "name": null, "qty": null, "ts": "14:47:43"}
[14:47:49] t=665 RETREAT DOG(16%)
[14:47:49] {"kind": "action", "what": "move", "name": null, "qty": null, "ts": "14:47:49"}
[14:47:49] t=665 tick#2475 credits=0 stance=defend | jev 1200 decisions p50=969ms
[14:47:52] t=668 ALARM 敌军逼近 -> counter 19 vs 7 -> [86, 124]
[14:47:52] {"kind": "action", "what": "attack_move", "name": null, "qty": null, "ts": "14:47:52"}
[14:48:01] t=677 ALARM 敌军逼近 -> counter 19 vs 7 -> [86, 124]
[14:48:01] {"kind": "action", "what": "attack_move", "name": null, "qty": null, "ts": "14:48:01"}
[14:48:13] t=689 ALARM 敌军逼近 -> counter 19 vs 6 -> [87, 114]
[14:48:13] {"kind": "action", "what": "attack_move", "name": null, "qty": null, "ts": "14:48:13"}
[14:48:17] t=694 RETREAT DOG(12%)
[14:48:17] {"kind": "action", "what": "move", "name": null, "qty": null, "ts": "14:48:17"}
[14:48:23] t=700 ALARM 敌军逼近 -> counter 18 vs 4 -> [87, 112]
[14:48:23] {"kind": "action", "what": "attack_move", "name": null, "qty": null, "ts": "14:48:23"}
[14:48:26] t=703 tick#2500 credits=0 stance=defend | jev 1200 decisions p50=969ms
[14:48:32] t=709 ALARM 敌军逼近 -> counter 18 vs 4 -> [86, 113]
[14:48:32] {"kind": "action", "what": "attack_move", "name": null, "qty": null, "ts": "14:48:32"}
[14:48:41] t=718 ALARM 敌军逼近 -> counter 19 vs 3 -> [81, 113]
[14:48:41] {"kind": "action", "what": "attack_move", "name": null, "qty": null, "ts": "14:48:41"}
[14:48:44] t=721 RETREAT E2(30%)
[14:48:44] {"kind": "action", "what": "move", "name": null, "qty": null, "ts": "14:48:44"}
[14:48:49] t=725 OPENING BUILD NAREFN
[14:48:49] {"kind": "action", "what": "produce", "name": "NAREFN", "qty": 1, "ts": "14:48:49"}
[14:48:50] t=727 ALARM 敌军逼近 -> counter 19 vs 1 -> [83, 114]
[14:48:50] {"kind": "action", "what": "attack_move", "name": null, "qty": null, "ts": "14:48:50"}
[14:49:01] t=737 MOVE defend-rally@(73, 120)(1)
[14:49:01] {"kind": "action", "what": "attack_move", "name": null, "qty": null, "ts": "14:49:01"}
[14:49:04] t=740 tick#2525 credits=302 stance=defend | jev 1200 decisions p50=969ms
[14:49:13] t=749 MOVE defend-rally@(73, 120)(1)
[14:49:13] {"kind": "action", "what": "attack_move", "name": null, "qty": null, "ts": "14:49:13"}
[14:49:25] t=761 MOVE defend-rally@(73, 120)(1)
[14:49:25] {"kind": "action", "what": "attack_move", "name": null, "qty": null, "ts": "14:49:25"}
[14:49:37] t=773 MOVE defend-rally@(73, 120)(1)
[14:49:37] {"kind": "action", "what": "attack_move", "name": null, "qty": null, "ts": "14:49:37"}
[14:49:41] t=778 tick#2550 credits=18 stance=defend | jev 1200 decisions p50=969ms
[14:49:49] t=785 MOVE defend-rally@(73, 120)(1)
[14:49:49] {"kind": "action", "what": "attack_move", "name": null, "qty": null, "ts": "14:49:49"}
[14:50:01] t=797 MOVE defend-rally@(73, 120)(1)
[14:50:01] {"kind": "action", "what": "attack_move", "name": null, "qty": null, "ts": "14:50:01"}
[14:50:13] t=809 MOVE defend-rally@(73, 120)(1)
[14:50:13] {"kind": "action", "what": "attack_move", "name": null, "qty": null, "ts": "14:50:13"}
[14:50:19] t=815 tick#2575 credits=0 stance=defend | jev 1200 decisions p50=969ms
[14:50:26] t=823 MOVE defend-rally@(73, 120)(1)
[14:50:26] {"kind": "action", "what": "attack_move", "name": null, "qty": null, "ts": "14:50:26"}
[14:50:40] t=836 MOVE defend-rally@(73, 120)(1)
[14:50:40] {"kind": "action", "what": "attack_move", "name": null, "qty": null, "ts": "14:50:40"}
[14:50:52] t=848 MOVE defend-rally@(73, 120)(1)
[14:50:52] {"kind": "action", "what": "attack_move", "name": null, "qty": null, "ts": "14:50:52"}
[14:50:56] t=853 tick#2600 credits=61 stance=defend | jev 1200 decisions p50=969ms
[14:51:02] t=859 TANK HTNK x2
[14:51:02] {"kind": "action", "what": "produce", "name": "HTNK", "qty": 2, "ts": "14:51:02"}
[14:51:04] t=860 MOVE defend-rally@(73, 120)(2)
[14:51:04] {"kind": "action", "what": "attack_move", "name": null, "qty": null, "ts": "14:51:04"}
[14:51:16] t=872 MOVE defend-rally@(73, 120)(2)
[14:51:16] {"kind": "action", "what": "attack_move", "name": null, "qty": null, "ts": "14:51:16"}
[14:51:28] t=885 MOVE defend-rally@(73, 120)(2)
[14:51:28] {"kind": "action", "what": "attack_move", "name": null, "qty": null, "ts": "14:51:28"}
[14:51:34] t=890 tick#2625 credits=1275 stance=defend | jev 1200 decisions p50=969ms
[14:51:40] t=897 MOVE defend-rally@(73, 120)(3)
[14:51:40] {"kind": "action", "what": "attack_move", "name": null, "qty": null, "ts": "14:51:40"}
[14:51:52] t=909 MOVE defend-rally@(73, 120)(3)
[14:51:52] {"kind": "action", "what": "attack_move", "name": null, "qty": null, "ts": "14:51:52"}
[14:51:55] t=912 ESCORT 坦克#1373 -> 护航矿车@[92, 105]
[14:51:55] {"kind": "action", "what": "attack_move", "name": null, "qty": null, "ts": "14:51:55"}
[14:52:04] t=921 MOVE defend-rally@(73, 120)(3)
[14:52:04] {"kind": "action", "what": "attack_move", "name": null, "qty": null, "ts": "14:52:04"}
[14:52:11] t=928 tick#2650 credits=504 stance=defend | jev 1200 decisions p50=969ms
[14:52:16] t=933 MOVE forward-post@(70, 117)(4)
[14:52:16] {"kind": "action", "what": "attack_move", "name": null, "qty": null, "ts": "14:52:16"}
[14:52:25] t=942 ESCORT 坦克#1362 -> 护航矿车@[113, 87]
[14:52:25] {"kind": "action", "what": "attack_move", "name": null, "qty": null, "ts": "14:52:25"}
[14:52:28] t=945 MOVE forward-post@(70, 117)(4)
[14:52:28] {"kind": "action", "what": "attack_move", "name": null, "qty": null, "ts": "14:52:28"}
[14:52:40] t=957 MOVE forward-post@(70, 117)(4)
[14:52:40] {"kind": "action", "what": "attack_move", "name": null, "qty": null, "ts": "14:52:40"}
[14:52:49] t=966 tick#2675 credits=0 stance=defend | jev 1200 decisions p50=969ms
[14:52:52] t=969 MOVE forward-post@(70, 117)(4)
[14:52:52] {"kind": "action", "what": "attack_move", "name": null, "qty": null, "ts": "14:52:52"}
[14:52:55] t=972 ESCORT 坦克#1362 -> 护航矿车@[103, 96]
[14:52:55] {"kind": "action", "what": "attack_move", "name": null, "qty": null, "ts": "14:52:55"}
[14:53:04] t=981 MOVE forward-post@(70, 117)(4)
[14:53:04] {"kind": "action", "what": "attack_move", "name": null, "qty": null, "ts": "14:53:04"}
[14:53:14] t=991 ALARM 单位损失 -> counter 32 vs 12 -> [70, 117]
[14:53:14] {"kind": "action", "what": "attack_move", "name": null, "qty": null, "ts": "14:53:14"}
[14:53:23] t=1000 MOVE forward-post@(70, 117)(4)
[14:53:23] {"kind": "action", "what": "attack_move", "name": null, "qty": null, "ts": "14:53:23"}
[14:53:25] t=1002 AIR-DEFENSE 2nd AA
[14:53:25] t=1002 ESCORT 坦克#1362 -> 护航矿车@[118, 99]
[14:53:25] {"kind": "action", "what": "produce", "name": "NAFLAK", "qty": 1, "ts": "14:53:25"}
[14:53:25] {"kind": "action", "what": "attack_move", "name": null, "qty": null, "ts": "14:53:25"}
[14:53:26] t=1003 tick#2700 credits=2152 stance=defend | jev 1200 decisions p50=969ms
[14:53:34] t=1011 ALARM 敌军逼近 -> counter 33 vs 11 -> [87, 122]
[14:53:34] {"kind": "action", "what": "attack_move", "name": null, "qty": null, "ts": "14:53:34"}
[14:53:41] t=1018 AA HTK x2 (enemy air)
[14:53:41] {"kind": "action", "what": "produce", "name": "HTK", "qty": 2, "ts": "14:53:41"}
[14:53:43] t=1020 ALARM 敌军逼近 -> counter 35 vs 13 -> [87, 117]
[14:53:43] {"kind": "action", "what": "attack_move", "name": null, "qty": null, "ts": "14:53:43"}
[14:53:46] t=1023 RETREAT E2(18%)
[14:53:46] {"kind": "action", "what": "move", "name": null, "qty": null, "ts": "14:53:46"}
[14:53:49] t=1026 RETREAT DOG(7%)
[14:53:49] {"kind": "action", "what": "move", "name": null, "qty": null, "ts": "14:53:49"}
[14:53:50] t=1027 RETREAT HTNK(34%)
[14:53:50] {"kind": "action", "what": "move", "name": null, "qty": null, "ts": "14:53:50"}
[14:53:52] t=1029 ALARM 敌军逼近 -> counter 33 vs 12 -> [87, 117]
[14:53:52] {"kind": "action", "what": "attack_move", "name": null, "qty": null, "ts": "14:53:52"}
[14:53:55] t=1032 ESCORT 坦克#1492 -> 护航矿车@[114, 114]
[14:53:55] {"kind": "action", "what": "attack_move", "name": null, "qty": null, "ts": "14:53:55"}
[14:53:59] t=1036 RETREAT DOG(6%)
[14:53:59] {"kind": "action", "what": "move", "name": null, "qty": null, "ts": "14:53:59"}
[14:54:01] t=1038 ALARM 单位损失 -> counter 31 vs 14 -> [70, 117]
[14:54:01] {"kind": "action", "what": "attack_move", "name": null, "qty": null, "ts": "14:54:01"}
[14:54:04] t=1041 RETREAT DOG(37%)
[14:54:04] {"kind": "action", "what": "move", "name": null, "qty": null, "ts": "14:54:04"}
[14:54:04] t=1041 tick#2725 credits=0 stance=defend | jev 1200 decisions p50=969ms
[14:54:10] t=1047 ALARM 敌军逼近 -> counter 30 vs 15 -> [87, 112]
[14:54:10] {"kind": "action", "what": "attack_move", "name": null, "qty": null, "ts": "14:54:10"}
[14:54:19] t=1056 ALARM 敌军逼近 -> counter 29 vs 14 -> [86, 111]
[14:54:19] {"kind": "action", "what": "attack_move", "name": null, "qty": null, "ts": "14:54:19"}
[14:54:25] t=1062 ESCORT 坦克#1492 -> 护航矿车@[113, 134]
[14:54:25] {"kind": "action", "what": "attack_move", "name": null, "qty": null, "ts": "14:54:25"}
[14:54:28] t=1065 ALARM 单位损失 -> counter 29 vs 14 -> [70, 117]
[14:54:28] {"kind": "action", "what": "attack_move", "name": null, "qty": null, "ts": "14:54:28"}
[14:54:37] t=1074 ALARM 敌军逼近 -> counter 28 vs 12 -> [82, 112]
[14:54:37] {"kind": "action", "what": "attack_move", "name": null, "qty": null, "ts": "14:54:37"}
[14:54:41] t=1078 RETREAT E2(2%)
[14:54:41] {"kind": "action", "what": "move", "name": null, "qty": null, "ts": "14:54:41"}
[14:54:41] t=1078 tick#2750 credits=0 stance=defend | jev 1200 decisions p50=969ms
[14:54:46] t=1083 ALARM 敌军逼近 -> counter 27 vs 9 -> [81, 112]
[14:54:46] {"kind": "action", "what": "attack_move", "name": null, "qty": null, "ts": "14:54:46"}
[14:54:47] t=1084 RETREAT HTNK(31%)
[14:54:47] {"kind": "action", "what": "move", "name": null, "qty": null, "ts": "14:54:47"}
[14:54:55] t=1092 ALARM 敌军逼近 -> counter 26 vs 4 -> [80, 112]
[14:54:55] {"kind": "action", "what": "attack_move", "name": null, "qty": null, "ts": "14:54:55"}
[14:54:55] t=1092 ESCORT 坦克#1362 -> 护航矿车@[115, 132]
[14:54:55] {"kind": "action", "what": "attack_move", "name": null, "qty": null, "ts": "14:54:55"}
[14:54:59] t=1096 RETREAT E2(30%)
[14:54:59] {"kind": "action", "what": "move", "name": null, "qty": null, "ts": "14:54:59"}
[14:55:04] t=1101 ALARM 敌军逼近 -> counter 25 vs 4 -> [80, 112]
[14:55:04] {"kind": "action", "what": "attack_move", "name": null, "qty": null, "ts": "14:55:04"}
[14:55:13] t=1110 MOVE defend-rally@(73, 120)(2)
[14:55:13] {"kind": "action", "what": "attack_move", "name": null, "qty": null, "ts": "14:55:13"}
[14:55:19] t=1116 tick#2775 credits=0 stance=defend | jev 1200 decisions p50=969ms
[14:55:25] t=1122 MOVE defend-rally@(73, 120)(2)
[14:55:25] {"kind": "action", "what": "attack_move", "name": null, "qty": null, "ts": "14:55:25"}
[14:55:26] t=1123 ESCORT 坦克#1362 -> 护航矿车@[114, 129]
[14:55:27] {"kind": "action", "what": "attack_move", "name": null, "qty": null, "ts": "14:55:27"}
[14:55:37] t=1134 MOVE defend-rally@(73, 120)(3)
[14:55:37] {"kind": "action", "what": "attack_move", "name": null, "qty": null, "ts": "14:55:37"}
[14:55:49] t=1146 MOVE defend-rally@(73, 120)(3)
[14:55:49] {"kind": "action", "what": "attack_move", "name": null, "qty": null, "ts": "14:55:49"}
[14:55:55] t=1152 TANK HTNK x3
[14:55:55] {"kind": "action", "what": "produce", "name": "HTNK", "qty": 3, "ts": "14:55:55"}
[14:55:55] t=1152 MOVE forward-post@(70, 117)(4)
[14:55:55] {"kind": "action", "what": "attack_move", "name": null, "qty": null, "ts": "14:55:55"}
[14:55:56] t=1153 ESCORT 坦克#1362 -> 护航矿车@[120, 92]
[14:55:57] {"kind": "action", "what": "attack_move", "name": null, "qty": null, "ts": "14:55:57"}
[14:55:57] t=1153 tick#2800 credits=3026 stance=defend | jev 1200 decisions p50=969ms
[14:56:09] t=1165 MOVE forward-post@(70, 117)(4)
[14:56:09] {"kind": "action", "what": "attack_move", "name": null, "qty": null, "ts": "14:56:09"}
[14:56:22] t=1179 MOVE forward-post@(70, 117)(4)
[14:56:22] {"kind": "action", "what": "attack_move", "name": null, "qty": null, "ts": "14:56:22"}
[14:56:27] t=1183 ESCORT 坦克#1362 -> 护航矿车@[101, 100]
[14:56:27] {"kind": "action", "what": "attack_move", "name": null, "qty": null, "ts": "14:56:27"}
[14:56:33] t=1189 ATTACK (tanks=7)
[14:56:33] t=1189 MOVE attack->[110, 82] x5
[14:56:33] {"kind": "action", "what": "attack_move", "name": null, "qty": null, "ts": "14:56:33"}
[14:56:34] t=1191 MOVE attack->[110, 83] x5
[14:56:34] {"kind": "action", "what": "attack_move", "name": null, "qty": null, "ts": "14:56:34"}
[14:56:34] t=1191 tick#2825 credits=915 stance=attack | jev 1200 decisions p50=969ms
[14:56:36] t=1192 MOVE attack->[108, 85] x5
[14:56:36] {"kind": "action", "what": "attack_move", "name": null, "qty": null, "ts": "14:56:36"}
[14:56:37] t=1194 MOVE attack->[107, 86] x5
[14:56:37] {"kind": "action", "what": "attack_move", "name": null, "qty": null, "ts": "14:56:37"}
[14:56:39] t=1195 MOVE attack->[106, 87] x5
[14:56:39] {"kind": "action", "what": "attack_move", "name": null, "qty": null, "ts": "14:56:39"}
[14:56:40] t=1197 MOVE attack->[105, 88] x5
[14:56:40] {"kind": "action", "what": "attack_move", "name": null, "qty": null, "ts": "14:56:40"}
[14:56:42] t=1198 MOVE attack->[104, 90] x5
[14:56:42] {"kind": "action", "what": "attack_move", "name": null, "qty": null, "ts": "14:56:42"}
[14:56:43] t=1200 MOVE attack->[104, 91] x5
[14:56:43] {"kind": "action", "what": "attack_move", "name": null, "qty": null, "ts": "14:56:43"}
[14:56:45] t=1201 MOVE attack->[104, 93] x5
[14:56:45] {"kind": "action", "what": "attack_move", "name": null, "qty": null, "ts": "14:56:45"}
[14:56:46] t=1203 MOVE attack->[104, 95] x5
[14:56:46] {"kind": "action", "what": "attack_move", "name": null, "qty": null, "ts": "14:56:46"}
[14:56:48] t=1204 MOVE attack->[103, 96] x5
[14:56:48] {"kind": "action", "what": "attack_move", "name": null, "qty": null, "ts": "14:56:48"}
[14:56:49] t=1206 MOVE attack->[102, 97] x5
[14:56:49] {"kind": "action", "what": "attack_move", "name": null, "qty": null, "ts": "14:56:49"}
[14:56:51] t=1207 MOVE attack->[102, 99] x5
[14:56:51] {"kind": "action", "what": "attack_move", "name": null, "qty": null, "ts": "14:56:51"}
[14:56:52] t=1209 MOVE attack->[101, 100] x5
[14:56:52] {"kind": "action", "what": "attack_move", "name": null, "qty": null, "ts": "14:56:52"}
[14:56:54] t=1210 MOVE attack->[100, 100] x5
[14:56:54] {"kind": "action", "what": "attack_move", "name": null, "qty": null, "ts": "14:56:54"}
[14:56:55] t=1212 MOVE attack->[99, 101] x5
[14:56:55] {"kind": "action", "what": "attack_move", "name": null, "qty": null, "ts": "14:56:55"}
[14:56:57] t=1213 ESCORT 坦克#1815 -> 护航矿车@[75, 79]
[14:56:57] {"kind": "action", "what": "attack_move", "name": null, "qty": null, "ts": "14:56:57"}
[14:56:57] t=1213 MOVE attack->[98, 102] x5
[14:56:57] {"kind": "action", "what": "attack_move", "name": null, "qty": null, "ts": "14:56:57"}
[14:56:58] t=1215 MOVE attack->[96, 102] x5
[14:56:58] {"kind": "action", "what": "attack_move", "name": null, "qty": null, "ts": "14:56:58"}
[14:57:10] t=1227 MOVE attack->[96, 102] x4
[14:57:10] {"kind": "action", "what": "attack_move", "name": null, "qty": null, "ts": "14:57:10"}
[14:57:12] t=1228 tick#2850 credits=1018 stance=attack | jev 1200 decisions p50=969ms
[14:57:13] t=1230 MOVE attack->[101, 100] x4
[14:57:13] {"kind": "action", "what": "attack_move", "name": null, "qty": null, "ts": "14:57:13"}
[14:57:16] t=1233 MOVE attack->[102, 101] x4
[14:57:16] {"kind": "action", "what": "attack_move", "name": null, "qty": null, "ts": "14:57:16"}
[14:57:18] t=1234 MOVE attack->[103, 100] x4
[14:57:18] {"kind": "action", "what": "attack_move", "name": null, "qty": null, "ts": "14:57:18"}
[14:57:19] t=1236 MOVE attack->[104, 99] x4
[14:57:19] {"kind": "action", "what": "attack_move", "name": null, "qty": null, "ts": "14:57:19"}
[14:57:22] t=1239 MOVE attack->[102, 98] x4
[14:57:22] {"kind": "action", "what": "attack_move", "name": null, "qty": null, "ts": "14:57:22"}
[14:57:25] t=1242 MOVE attack->[103, 98] x4
[14:57:25] {"kind": "action", "what": "attack_move", "name": null, "qty": null, "ts": "14:57:25"}
[14:57:27] t=1243 ESCORT 坦克#1373 -> 护航矿车@[74, 78]
[14:57:27] {"kind": "action", "what": "attack_move", "name": null, "qty": null, "ts": "14:57:27"}
[14:57:27] t=1243 MOVE attack->[102, 98] x4
[14:57:27] {"kind": "action", "what": "attack_move", "name": null, "qty": null, "ts": "14:57:27"}
[14:57:28] t=1245 MOVE attack->[102, 97] x4
[14:57:28] {"kind": "action", "what": "attack_move", "name": null, "qty": null, "ts": "14:57:28"}
[14:57:30] t=1246 MOVE attack->[103, 96] x4
[14:57:30] {"kind": "action", "what": "attack_move", "name": null, "qty": null, "ts": "14:57:30"}
[14:57:31] t=1248 MOVE attack->[104, 99] x4
[14:57:31] {"kind": "action", "what": "attack_move", "name": null, "qty": null, "ts": "14:57:31"}
[14:57:33] t=1249 MOVE attack->[102, 101] x4
[14:57:33] {"kind": "action", "what": "attack_move", "name": null, "qty": null, "ts": "14:57:33"}
[14:57:45] t=1261 MOVE attack->[102, 101] x5
[14:57:45] {"kind": "action", "what": "attack_move", "name": null, "qty": null, "ts": "14:57:45"}
[14:57:48] t=1264 MOVE attack->[109, 84] x5
[14:57:48] {"kind": "action", "what": "attack_move", "name": null, "qty": null, "ts": "14:57:48"}
[14:57:49] t=1266 tick#2875 credits=312 stance=attack | jev 1200 decisions p50=969ms
[14:57:51] t=1267 MOVE attack->[110, 84] x5
[14:57:51] {"kind": "action", "what": "attack_move", "name": null, "qty": null, "ts": "14:57:51"}
[14:57:52] t=1269 MOVE attack->[111, 83] x5
[14:57:52] {"kind": "action", "what": "attack_move", "name": null, "qty": null, "ts": "14:57:52"}
[14:57:54] t=1270 MOVE attack->[111, 82] x5
[14:57:54] {"kind": "action", "what": "attack_move", "name": null, "qty": null, "ts": "14:57:54"}
[14:57:55] t=1272 MOVE attack->[111, 81] x5
[14:57:55] {"kind": "action", "what": "attack_move", "name": null, "qty": null, "ts": "14:57:55"}
[14:57:57] t=1273 ESCORT 坦克#2072 -> 护航矿车@[98, 134]
[14:57:57] {"kind": "action", "what": "attack_move", "name": null, "qty": null, "ts": "14:57:57"}
[14:57:57] t=1273 MOVE attack->[111, 80] x5
[14:57:57] {"kind": "action", "what": "attack_move", "name": null, "qty": null, "ts": "14:57:57"}
[14:57:58] t=1275 MOVE attack->[111, 79] x5
[14:57:58] {"kind": "action", "what": "attack_move", "name": null, "qty": null, "ts": "14:57:58"}
[14:58:00] t=1276 MOVE RAID x2 -> 敌基地 (70, 117) (断经济) | attack->[111, 77] x4
[14:58:00] {"kind": "action", "what": "attack_move", "name": null, "qty": null, "ts": "14:58:00"}
[14:58:00] {"kind": "action", "what": "attack_move", "name": null, "qty": null, "ts": "14:58:00"}
[14:58:01] t=1278 MOVE attack->[111, 76] x4
[14:58:01] {"kind": "action", "what": "attack_move", "name": null, "qty": null, "ts": "14:58:01"}
[14:58:03] t=1279 MOVE attack->[70, 117] x4
[14:58:03] {"kind": "action", "what": "attack_move", "name": null, "qty": null, "ts": "14:58:03"}
[14:58:06] t=1282 MOVE attack->[123, 89] x4
[14:58:06] {"kind": "action", "what": "attack_move", "name": null, "qty": null, "ts": "14:58:06"}
[14:58:07] t=1284 MOVE attack->[121, 89] x4
[14:58:07] {"kind": "action", "what": "attack_move", "name": null, "qty": null, "ts": "14:58:07"}
[14:58:09] t=1285 MOVE attack->[118, 88] x4
[14:58:09] {"kind": "action", "what": "attack_move", "name": null, "qty": null, "ts": "14:58:09"}
[14:58:10] t=1287 MOVE attack->[116, 86] x4
[14:58:10] {"kind": "action", "what": "attack_move", "name": null, "qty": null, "ts": "14:58:10"}
[14:58:22] t=1299 RETREAT HTK(38%)
[14:58:22] {"kind": "action", "what": "move", "name": null, "qty": null, "ts": "14:58:22"}
[14:58:22] t=1299 MOVE attack->[116, 86] x5
[14:58:22] {"kind": "action", "what": "attack_move", "name": null, "qty": null, "ts": "14:58:22"}
[14:58:27] t=1303 ESCORT 坦克#1362 -> 护航矿车@[74, 74]
[14:58:27] t=1303 RETREAT E2(36%)
[14:58:27] {"kind": "action", "what": "attack_move", "name": null, "qty": null, "ts": "14:58:27"}
[14:58:27] {"kind": "action", "what": "move", "name": null, "qty": null, "ts": "14:58:27"}
[14:58:27] t=1303 tick#2900 credits=0 stance=attack | jev 1200 decisions p50=969ms
[14:58:30] t=1306 ALARM 单位损失 -> counter 40 vs 2 -> [70, 117]
[14:58:30] {"kind": "action", "what": "attack_move", "name": null, "qty": null, "ts": "14:58:30"}
[14:58:30] t=1306 ATTACK (tanks=10)
[14:58:33] t=1309 RETREAT E2(20%)
[14:58:33] {"kind": "action", "what": "move", "name": null, "qty": null, "ts": "14:58:33"}
[14:58:36] t=1312 RETREAT E2(36%)
[14:58:36] {"kind": "action", "what": "move", "name": null, "qty": null, "ts": "14:58:36"}
[14:58:39] t=1315 MOVE attack->[117, 87] x5
[14:58:39] {"kind": "action", "what": "attack_move", "name": null, "qty": null, "ts": "14:58:39"}
[14:58:42] t=1318 MOVE attack->[70, 117] x5
[14:58:42] {"kind": "action", "what": "attack_move", "name": null, "qty": null, "ts": "14:58:42"}
[14:58:43] t=1320 ALARM 单位损失 -> counter 37 vs 1 -> [70, 117]
[14:58:43] {"kind": "action", "what": "attack_move", "name": null, "qty": null, "ts": "14:58:43"}
[14:58:43] t=1320 RETREAT E2(31%)
[14:58:43] {"kind": "action", "what": "move", "name": null, "qty": null, "ts": "14:58:43"}
[14:58:43] t=1320 ATTACK (tanks=10)
[14:58:48] t=1324 RETREAT E2(18%)
[14:58:48] {"kind": "action", "what": "move", "name": null, "qty": null, "ts": "14:58:48"}
[14:58:52] t=1329 MOVE attack->[112, 80] x5
[14:58:52] {"kind": "action", "what": "attack_move", "name": null, "qty": null, "ts": "14:58:52"}
[14:58:54] t=1330 MOVE RAID x2 -> 敌基地 (70, 117) (断经济) | attack->[111, 81] x4
[14:58:54] {"kind": "action", "what": "attack_move", "name": null, "qty": null, "ts": "14:58:54"}
[14:58:54] {"kind": "action", "what": "attack_move", "name": null, "qty": null, "ts": "14:58:54"}
[14:58:55] t=1332 MOVE attack->[110, 82] x4
[14:58:55] {"kind": "action", "what": "attack_move", "name": null, "qty": null, "ts": "14:58:55"}
[14:58:57] t=1333 ALARM 单位损失 -> counter 36 vs 1 -> [70, 117]
[14:58:57] {"kind": "action", "what": "attack_move", "name": null, "qty": null, "ts": "14:58:57"}
[14:58:57] t=1333 ATTACK (tanks=11)
[14:59:04] t=1341 tick#2925 credits=736 stance=attack | jev 1200 decisions p50=969ms
[14:59:06] t=1342 RETREAT E2(23%)
[14:59:06] {"kind": "action", "what": "move", "name": null, "qty": null, "ts": "14:59:06"}
[14:59:06] t=1342 MOVE attack->[123, 97] x4
[14:59:06] {"kind": "action", "what": "attack_move", "name": null, "qty": null, "ts": "14:59:06"}
[14:59:07] t=1344 ALARM 单位损失 -> counter 35 vs 4 -> [70, 117]
[14:59:07] {"kind": "action", "what": "attack_move", "name": null, "qty": null, "ts": "14:59:07"}
[14:59:07] t=1344 ATTACK (tanks=11)
[14:59:10] t=1347 AA HTK x2 (enemy air)
[14:59:10] {"kind": "action", "what": "produce", "name": "HTK", "qty": 2, "ts": "14:59:10"}
[14:59:13] t=1350 ATTACK (tanks=12)
[14:59:15] t=1351 RETREAT E2(5%)
[14:59:15] {"kind": "action", "what": "move", "name": null, "qty": null, "ts": "14:59:15"}
[14:59:16] t=1353 ALARM 单位损失 -> counter 34 vs 4 -> [70, 117]
[14:59:16] {"kind": "action", "what": "attack_move", "name": null, "qty": null, "ts": "14:59:16"}
[14:59:16] t=1353 RETREAT E2(3%)
[14:59:16] {"kind": "action", "what": "move", "name": null, "qty": null, "ts": "14:59:16"}
[14:59:16] t=1353 ATTACK (tanks=12)
[14:59:18] t=1354 RETREAT E2(23%)
[14:59:18] {"kind": "action", "what": "move", "name": null, "qty": null, "ts": "14:59:18"}
[14:59:21] t=1357 RETREAT E2(17%)
[14:59:21] {"kind": "action", "what": "move", "name": null, "qty": null, "ts": "14:59:21"}
[14:59:21] t=1357 ATTACK (tanks=12)
[14:59:22] t=1359 ATTACK (tanks=12)
[14:59:24] t=1360 ATTACK (tanks=12)
[14:59:25] t=1362 RETREAT E2(10%)
[14:59:25] {"kind": "action", "what": "move", "name": null, "qty": null, "ts": "14:59:25"}
[14:59:25] t=1362 MOVE RAID x2 -> 敌基地 (70, 117) (断经济) | attack->[118, 86] x5
[14:59:25] {"kind": "action", "what": "attack_move", "name": null, "qty": null, "ts": "14:59:25"}
[14:59:25] {"kind": "action", "what": "attack_move", "name": null, "qty": null, "ts": "14:59:25"}
[14:59:27] t=1363 ALARM 单位损失 -> counter 31 vs 4 -> [70, 117]
[14:59:27] {"kind": "action", "what": "attack_move", "name": null, "qty": null, "ts": "14:59:27"}
[14:59:27] t=1363 ATTACK (tanks=12)
[14:59:30] t=1366 RETREAT E2(9%)
[14:59:30] t=1366 RETREAT E2(23%)
[14:59:30] {"kind": "action", "what": "move", "name": null, "qty": null, "ts": "14:59:30"}
[14:59:30] {"kind": "action", "what": "move", "name": null, "qty": null, "ts": "14:59:30"}
[14:59:31] t=1368 RETREAT E2(33%)
[14:59:31] {"kind": "action", "what": "move", "name": null, "qty": null, "ts": "14:59:31"}
[14:59:31] t=1368 ATTACK (tanks=13)
[14:59:36] t=1372 ALARM 单位损失 -> counter 29 vs 3 -> [70, 117]
[14:59:36] {"kind": "action", "what": "attack_move", "name": null, "qty": null, "ts": "14:59:36"}
[14:59:36] t=1372 RETREAT E2(23%)
[14:59:36] {"kind": "action", "what": "move", "name": null, "qty": null, "ts": "14:59:36"}
[14:59:36] t=1372 ATTACK (tanks=13)
[14:59:40] t=1377 ATTACK (tanks=13)
[14:59:42] t=1378 tick#2950 credits=891 stance=attack | jev 1200 decisions p50=969ms
[14:59:43] t=1380 RETREAT E2(23%)
[14:59:43] {"kind": "action", "what": "move", "name": null, "qty": null, "ts": "14:59:43"}
[14:59:45] t=1381 MOVE attack->[119, 85] x6
[14:59:45] {"kind": "action", "what": "attack_move", "name": null, "qty": null, "ts": "14:59:45"}
[14:59:46] t=1383 MOVE attack->[118, 82] x6
[14:59:46] {"kind": "action", "what": "attack_move", "name": null, "qty": null, "ts": "14:59:46"}
[14:59:49] t=1386 RETREAT HTNK(26%)
[14:59:49] {"kind": "action", "what": "move", "name": null, "qty": null, "ts": "14:59:49"}
[14:59:51] t=1387 RETREAT E2(23%)
[14:59:51] {"kind": "action", "what": "move", "name": null, "qty": null, "ts": "14:59:51"}
[14:59:54] t=1390 MOVE attack->[70, 117] x7
[14:59:54] {"kind": "action", "what": "attack_move", "name": null, "qty": null, "ts": "14:59:54"}
[14:59:55] t=1392 MOVE RAID x2 -> 敌基地 (70, 117) (断经济)
[14:59:55] {"kind": "action", "what": "attack_move", "name": null, "qty": null, "ts": "14:59:55"}
[15:00:06] t=1402 MOVE attack->[70, 117] x7
[15:00:06] {"kind": "action", "what": "attack_move", "name": null, "qty": null, "ts": "15:00:06"}
[15:00:15] t=1411 ESCORT 坦克#1828 -> 护航矿车@[73, 73]
[15:00:15] {"kind": "action", "what": "attack_move", "name": null, "qty": null, "ts": "15:00:15"}
[15:00:18] t=1414 MOVE attack->[70, 117] x7
[15:00:18] {"kind": "action", "what": "attack_move", "name": null, "qty": null, "ts": "15:00:18"}
[15:00:19] t=1415 tick#2975 credits=30 stance=attack | jev 1200 decisions p50=969ms
[15:00:21] t=1417 MOVE RAID x3 -> 敌基地 (128, 86) (断经济) | attack->[128, 86] x7
[15:00:21] {"kind": "action", "what": "attack_move", "name": null, "qty": null, "ts": "15:00:21"}
[15:00:21] {"kind": "action", "what": "attack_move", "name": null, "qty": null, "ts": "15:00:21"}
[15:00:24] t=1420 MOVE attack->[128, 84] x7
[15:00:24] {"kind": "action", "what": "attack_move", "name": null, "qty": null, "ts": "15:00:24"}
[15:00:25] t=1421 MOVE RAID x3 -> 敌基地 (130, 88) (断经济) | attack->[128, 85] x7
[15:00:25] {"kind": "action", "what": "attack_move", "name": null, "qty": null, "ts": "15:00:25"}
[15:00:25] {"kind": "action", "what": "attack_move", "name": null, "qty": null, "ts": "15:00:25"}
[15:00:27] t=1423 ALARM 单位损失 -> counter 30 vs 3 -> [70, 117]
[15:00:27] {"kind": "action", "what": "attack_move", "name": null, "qty": null, "ts": "15:00:27"}
[15:00:27] t=1423 ATTACK (tanks=15)
[15:00:33] t=1429 ATTACK (tanks=15)
[15:00:36] t=1432 MOVE attack->[123, 95] x7
[15:00:36] {"kind": "action", "what": "attack_move", "name": null, "qty": null, "ts": "15:00:36"}
[15:00:37] t=1433 MOVE attack->[123, 96] x7
[15:00:37] {"kind": "action", "what": "attack_move", "name": null, "qty": null, "ts": "15:00:37"}
[15:00:39] t=1435 RETREAT E2(39%)
[15:00:39] t=1435 RETREAT E2(7%)
[15:00:39] t=1435 RETREAT E2(10%)
[15:00:39] {"kind": "action", "what": "move", "name": null, "qty": null, "ts": "15:00:39"}
[15:00:39] {"kind": "action", "what": "move", "name": null, "qty": null, "ts": "15:00:39"}
[15:00:39] {"kind": "action", "what": "move", "name": null, "qty": null, "ts": "15:00:39"}
[15:00:39] t=1435 MOVE RAID x3 -> 敌基地 (131, 90) (断经济) | attack->[124, 98] x7
[15:00:39] {"kind": "action", "what": "attack_move", "name": null, "qty": null, "ts": "15:00:39"}
[15:00:39] {"kind": "action", "what": "attack_move", "name": null, "qty": null, "ts": "15:00:39"}
[15:00:40] t=1436 ALARM 单位损失 -> counter 27 vs 6 -> [70, 117]
[15:00:40] {"kind": "action", "what": "attack_move", "name": null, "qty": null, "ts": "15:00:40"}
[15:00:40] t=1436 ATTACK (tanks=15)
[15:00:45] t=1441 ESCORT 坦克#2072 -> 护航矿车@[102, 136]
[15:00:45] {"kind": "action", "what": "attack_move", "name": null, "qty": null, "ts": "15:00:45"}
[15:00:45] t=1441 ATTACK (tanks=15)
[15:00:46] t=1442 RETREAT E2(10%)
[15:00:46] {"kind": "action", "what": "move", "name": null, "qty": null, "ts": "15:00:46"}
[15:00:48] t=1444 ATTACK (tanks=15)
[15:00:49] t=1445 MOVE RAID x3 -> 敌基地 (131, 80) (断经济) | attack->[130, 88] x7
[15:00:49] {"kind": "action", "what": "attack_move", "name": null, "qty": null, "ts": "15:00:49"}
[15:00:49] {"kind": "action", "what": "attack_move", "name": null, "qty": null, "ts": "15:00:49"}
[15:00:51] t=1447 ALARM 单位损失 -> counter 24 vs 9 -> [70, 117]
[15:00:51] {"kind": "action", "what": "attack_move", "name": null, "qty": null, "ts": "15:00:51"}
[15:00:51] t=1447 ATTACK (tanks=15)
[15:00:55] t=1452 RETREAT HTK(38%)
[15:00:55] {"kind": "action", "what": "move", "name": null, "qty": null, "ts": "15:00:55"}
[15:00:57] t=1453 tick#3000 credits=0 stance=attack | jev 1200 decisions p50=969ms
[15:01:00] t=1456 ALARM 单位损失 -> counter 23 vs 10 -> [70, 117]
[15:01:00] {"kind": "action", "what": "attack_move", "name": null, "qty": null, "ts": "15:01:00"}
[15:01:00] t=1456 ATTACK (tanks=14)
[15:01:01] t=1458 RETREAT HTNK(34%)
[15:01:01] {"kind": "action", "what": "move", "name": null, "qty": null, "ts": "15:01:01"}
[15:01:06] t=1462 ATTACK (tanks=13)
[15:01:09] t=1465 MOVE attack->[130, 88] x6
[15:01:09] {"kind": "action", "what": "attack_move", "name": null, "qty": null, "ts": "15:01:09"}
[15:01:13] t=1470 ALARM 单位损失 -> counter 21 vs 10 -> [70, 117]
[15:01:13] {"kind": "action", "what": "attack_move", "name": null, "qty": null, "ts": "15:01:13"}
[15:01:13] t=1470 ATTACK (tanks=13)
[15:01:15] t=1471 ESCORT 坦克#2278 -> 护航矿车@[73, 71]
[15:01:15] {"kind": "action", "what": "attack_move", "name": null, "qty": null, "ts": "15:01:15"}
[15:01:15] t=1471 ATTACK (tanks=13)
[15:01:22] t=1478 MOVE RAID x2 -> 敌基地 (131, 80) (断经济) | attack->[130, 88] x6
[15:01:22] {"kind": "action", "what": "attack_move", "name": null, "qty": null, "ts": "15:01:22"}
[15:01:22] {"kind": "action", "what": "attack_move", "name": null, "qty": null, "ts": "15:01:22"}
[15:01:27] t=1483 ALARM 单位损失 -> counter 18 vs 10 -> [70, 117]
[15:01:27] {"kind": "action", "what": "attack_move", "name": null, "qty": null, "ts": "15:01:27"}
[15:01:27] t=1483 ATTACK (tanks=11)
[15:01:34] t=1491 tick#3025 credits=985 stance=attack | jev 1200 decisions p50=969ms
[15:01:36] t=1492 MOVE attack->[130, 88] x4
[15:01:36] {"kind": "action", "what": "attack_move", "name": null, "qty": null, "ts": "15:01:36"}
[15:01:42] t=1498 MOVE attack->[128, 78] x5
[15:01:42] {"kind": "action", "what": "attack_move", "name": null, "qty": null, "ts": "15:01:42"}
[15:01:43] t=1500 MOVE attack->[128, 79] x5
[15:01:43] {"kind": "action", "what": "attack_move", "name": null, "qty": null, "ts": "15:01:43"}
[15:01:45] t=1501 MOVE attack->[128, 81] x5
[15:01:45] {"kind": "action", "what": "attack_move", "name": null, "qty": null, "ts": "15:01:45"}
[15:01:46] t=1503 MOVE attack->[128, 83] x5
[15:01:46] {"kind": "action", "what": "attack_move", "name": null, "qty": null, "ts": "15:01:46"}
[15:01:48] t=1504 MOVE attack->[128, 84] x5
[15:01:48] {"kind": "action", "what": "attack_move", "name": null, "qty": null, "ts": "15:01:48"}
[15:01:49] t=1506 MOVE attack->[128, 86] x5
[15:01:49] {"kind": "action", "what": "attack_move", "name": null, "qty": null, "ts": "15:01:49"}
[15:01:51] t=1507 MOVE attack->[127, 87] x5
[15:01:51] {"kind": "action", "what": "attack_move", "name": null, "qty": null, "ts": "15:01:51"}
[15:01:52] t=1509 MOVE RAID x2 -> 敌基地 (131, 80) (断经济) | attack->[126, 89] x5
[15:01:52] {"kind": "action", "what": "attack_move", "name": null, "qty": null, "ts": "15:01:52"}
[15:01:52] {"kind": "action", "what": "attack_move", "name": null, "qty": null, "ts": "15:01:52"}
[15:01:54] t=1510 MOVE attack->[126, 90] x5
[15:01:54] {"kind": "action", "what": "attack_move", "name": null, "qty": null, "ts": "15:01:54"}
[15:01:55] t=1512 MOVE attack->[124, 92] x6
[15:01:55] {"kind": "action", "what": "attack_move", "name": null, "qty": null, "ts": "15:01:55"}
[15:01:57] t=1513 MOVE attack->[123, 93] x6
[15:01:57] {"kind": "action", "what": "attack_move", "name": null, "qty": null, "ts": "15:01:57"}
[15:01:58] t=1515 MOVE attack->[123, 94] x6
[15:01:58] {"kind": "action", "what": "attack_move", "name": null, "qty": null, "ts": "15:01:58"}
[15:02:00] t=1516 MOVE attack->[123, 96] x6
[15:02:00] {"kind": "action", "what": "attack_move", "name": null, "qty": null, "ts": "15:02:00"}
[15:02:01] t=1518 MOVE attack->[123, 98] x6
[15:02:01] {"kind": "action", "what": "attack_move", "name": null, "qty": null, "ts": "15:02:01"}
[15:02:03] t=1519 MOVE attack->[123, 99] x6
[15:02:03] {"kind": "action", "what": "attack_move", "name": null, "qty": null, "ts": "15:02:03"}
[15:02:04] t=1521 MOVE attack->[123, 101] x6
[15:02:04] {"kind": "action", "what": "attack_move", "name": null, "qty": null, "ts": "15:02:04"}
[15:02:06] t=1522 MOVE attack->[124, 102] x6
[15:02:06] {"kind": "action", "what": "attack_move", "name": null, "qty": null, "ts": "15:02:06"}
[15:02:12] t=1528 tick#3050 credits=1339 stance=attack | jev 1200 decisions p50=969ms
[15:02:13] t=1530 MOVE attack->[123, 102] x7
[15:02:13] {"kind": "action", "what": "attack_move", "name": null, "qty": null, "ts": "15:02:13"}
[15:02:15] t=1531 ESCORT 坦克#1828 -> 护航矿车@[119, 91]
[15:02:15] {"kind": "action", "what": "attack_move", "name": null, "qty": null, "ts": "15:02:15"}
[15:02:18] t=1534 MOVE attack->[123, 103] x7
[15:02:18] {"kind": "action", "what": "attack_move", "name": null, "qty": null, "ts": "15:02:18"}
[15:02:21] t=1537 MOVE attack->[124, 104] x7
[15:02:21] {"kind": "action", "what": "attack_move", "name": null, "qty": null, "ts": "15:02:21"}
[15:02:22] t=1539 MOVE RAID x2 -> 敌基地 (131, 80) (断经济)
[15:02:22] {"kind": "action", "what": "attack_move", "name": null, "qty": null, "ts": "15:02:22"}
[15:02:24] t=1540 MOVE RAID x2 -> 敌基地 (134, 79) (断经济)
[15:02:24] {"kind": "action", "what": "attack_move", "name": null, "qty": null, "ts": "15:02:24"}
[15:02:27] t=1543 MOVE attack->[125, 105] x7
[15:02:27] {"kind": "action", "what": "attack_move", "name": null, "qty": null, "ts": "15:02:27"}
[15:02:31] t=1548 MOVE attack->[126, 104] x7
[15:02:31] {"kind": "action", "what": "attack_move", "name": null, "qty": null, "ts": "15:02:31"}
[15:02:33] t=1549 RETREAT HTNK(25%)
[15:02:33] {"kind": "action", "what": "move", "name": null, "qty": null, "ts": "15:02:33"}
[15:02:39] t=1555 ALARM 单位损失 -> counter 21 vs 12 -> [70, 117]
[15:02:39] {"kind": "action", "what": "attack_move", "name": null, "qty": null, "ts": "15:02:39"}
[15:02:39] t=1555 ATTACK (tanks=13)
[15:02:45] t=1561 ESCORT 坦克#1901 -> 护航矿车@[118, 129]
[15:02:45] {"kind": "action", "what": "attack_move", "name": null, "qty": null, "ts": "15:02:45"}
[15:02:48] t=1564 MOVE attack->[130, 88] x7
[15:02:48] {"kind": "action", "what": "attack_move", "name": null, "qty": null, "ts": "15:02:48"}
[15:02:49] t=1566 tick#3075 credits=350 stance=attack | jev 1200 decisions p50=969ms
[15:02:55] t=1572 MOVE RAID x2 -> 敌基地 (134, 79) (断经济)
[15:02:55] {"kind": "action", "what": "attack_move", "name": null, "qty": null, "ts": "15:02:55"}
[15:03:00] t=1576 MOVE attack->[130, 88] x7
[15:03:00] {"kind": "action", "what": "attack_move", "name": null, "qty": null, "ts": "15:03:00"}
[15:03:01] t=1578 RETREAT HTK(12%)
[15:03:01] {"kind": "action", "what": "move", "name": null, "qty": null, "ts": "15:03:01"}
[15:03:03] t=1579 ALARM 单位损失 -> counter 21 vs 12 -> [70, 117]
[15:03:03] {"kind": "action", "what": "attack_move", "name": null, "qty": null, "ts": "15:03:03"}
[15:03:03] t=1579 ATTACK (tanks=13)
[15:03:07] t=1584 RETREAT HTK(26%)
[15:03:07] {"kind": "action", "what": "move", "name": null, "qty": null, "ts": "15:03:07"}
[15:03:12] t=1588 MOVE attack->[130, 88] x6
[15:03:12] {"kind": "action", "what": "attack_move", "name": null, "qty": null, "ts": "15:03:12"}
[15:03:13] t=1590 RETREAT HTNK(27%)
[15:03:13] {"kind": "action", "what": "move", "name": null, "qty": null, "ts": "15:03:13"}
[15:03:15] t=1591 ESCORT 坦克#1362 -> 护航矿车@[114, 132]
[15:03:15] {"kind": "action", "what": "attack_move", "name": null, "qty": null, "ts": "15:03:15"}
[15:03:16] t=1593 MOVE attack->[131, 90] x5
[15:03:16] {"kind": "action", "what": "attack_move", "name": null, "qty": null, "ts": "15:03:16"}
[15:03:18] t=1594 ALARM 单位损失 -> counter 19 vs 11 -> [70, 117]
[15:03:18] {"kind": "action", "what": "attack_move", "name": null, "qty": null, "ts": "15:03:18"}
[15:03:18] t=1594 RETREAT E2(33%)
[15:03:18] {"kind": "action", "what": "move", "name": null, "qty": null, "ts": "15:03:18"}
[15:03:18] t=1594 ATTACK (tanks=13)
[15:03:22] t=1599 ATTACK (tanks=12)
[15:03:24] t=1600 RETREAT HTK(26%)
[15:03:24] {"kind": "action", "what": "move", "name": null, "qty": null, "ts": "15:03:24"}
[15:03:25] t=1602 ATTACK (tanks=12)
[15:03:27] t=1603 MOVE RAID x2 -> 敌基地 (134, 79) (断经济)
[15:03:27] {"kind": "action", "what": "attack_move", "name": null, "qty": null, "ts": "15:03:27"}
[15:03:27] t=1603 tick#3100 credits=0 stance=attack | jev 1200 decisions p50=969ms
[15:03:28] t=1605 MOVE attack->[131, 90] x5
[15:03:28] {"kind": "action", "what": "attack_move", "name": null, "qty": null, "ts": "15:03:28"}
[15:03:37] t=1614 RETREAT E2(36%)
[15:03:37] {"kind": "action", "what": "move", "name": null, "qty": null, "ts": "15:03:37"}
[15:03:40] t=1617 MOVE attack->[131, 90] x5
[15:03:40] {"kind": "action", "what": "attack_move", "name": null, "qty": null, "ts": "15:03:40"}
[15:03:45] t=1621 ESCORT 坦克#1804 -> 护航矿车@[115, 133]
[15:03:45] {"kind": "action", "what": "attack_move", "name": null, "qty": null, "ts": "15:03:45"}
[15:03:49] t=1626 RETREAT E2(18%)
[15:03:49] {"kind": "action", "what": "move", "name": null, "qty": null, "ts": "15:03:49"}
[15:03:52] t=1629 MOVE attack->[131, 90] x5
[15:03:52] {"kind": "action", "what": "attack_move", "name": null, "qty": null, "ts": "15:03:52"}
[15:03:57] t=1634 RETREAT HTK(33%)
[15:03:57] {"kind": "action", "what": "move", "name": null, "qty": null, "ts": "15:03:57"}
[15:03:57] t=1634 MOVE RAID x2 -> 敌基地 (134, 79) (断经济)
[15:03:57] {"kind": "action", "what": "attack_move", "name": null, "qty": null, "ts": "15:03:57"}
[15:04:00] t=1637 ALARM 单位损失 -> counter 16 vs 13 -> [70, 117]
[15:04:00] {"kind": "action", "what": "attack_move", "name": null, "qty": null, "ts": "15:04:00"}
[15:04:00] t=1637 ATTACK (tanks=11)
[15:04:01] t=1638 RETREAT HTNK(10%)
[15:04:01] {"kind": "action", "what": "move", "name": null, "qty": null, "ts": "15:04:01"}
[15:04:03] t=1640 ATTACK (tanks=10)
[15:04:04] t=1641 tick#3125 credits=0 stance=attack | jev 1200 decisions p50=969ms
[15:04:07] t=1644 ATTACK (tanks=9)
[15:04:09] t=1645 MOVE attack->[131, 90] x4
[15:04:09] {"kind": "action", "what": "attack_move", "name": null, "qty": null, "ts": "15:04:09"}
[15:04:15] t=1652 ESCORT 坦克#1362 -> 护航矿车@[114, 134]
[15:04:15] {"kind": "action", "what": "attack_move", "name": null, "qty": null, "ts": "15:04:15"}
[15:04:18] t=1655 ALARM 单位损失 -> TURTLE (15 v 13, 守塔阵不打野战)
[15:04:18] {"kind": "action", "what": "attack_move", "name": null, "qty": null, "ts": "15:04:18"}
[15:04:18] t=1655 ATTACK (tanks=9)
[15:04:21] t=1658 ATTACK (tanks=8)
[15:04:27] t=1664 MOVE attack->[131, 90] x5
[15:04:27] {"kind": "action", "what": "attack_move", "name": null, "qty": null, "ts": "15:04:27"}
[15:04:30] t=1667 RETREAT E2(9%)
[15:04:30] {"kind": "action", "what": "move", "name": null, "qty": null, "ts": "15:04:30"}
[15:04:39] t=1676 MOVE attack->[131, 90] x4
[15:04:39] {"kind": "action", "what": "attack_move", "name": null, "qty": null, "ts": "15:04:39"}
[15:04:42] t=1679 ALARM 单位损失 -> TURTLE (14 v 13, 守塔阵不打野战)
[15:04:42] {"kind": "action", "what": "attack_move", "name": null, "qty": null, "ts": "15:04:42"}
[15:04:42] t=1679 ATTACK (tanks=8)
[15:04:42] t=1679 tick#3150 credits=171 stance=attack | jev 1200 decisions p50=969ms
[15:04:45] t=1682 ESCORT 坦克#1828 -> 护航矿车@[118, 96]
[15:04:45] {"kind": "action", "what": "attack_move", "name": null, "qty": null, "ts": "15:04:45"}
[15:04:46] t=1683 RETREAT HTNK(7%)
[15:04:46] {"kind": "action", "what": "move", "name": null, "qty": null, "ts": "15:04:46"}
[15:04:51] t=1688 RETREAT HTNK(26%)
[15:04:51] {"kind": "action", "what": "move", "name": null, "qty": null, "ts": "15:04:51"}
[15:04:51] t=1688 MOVE attack->[131, 90] x5
[15:04:51] {"kind": "action", "what": "attack_move", "name": null, "qty": null, "ts": "15:04:51"}
[15:05:04] t=1701 MOVE attack->[131, 90] x5
[15:05:04] {"kind": "action", "what": "attack_move", "name": null, "qty": null, "ts": "15:05:04"}
[15:05:16] t=1713 MOVE attack->[131, 90] x5
[15:05:16] {"kind": "action", "what": "attack_move", "name": null, "qty": null, "ts": "15:05:16"}
[15:05:19] t=1716 tick#3175 credits=1033 stance=attack | jev 1200 decisions p50=969ms
[15:05:21] t=1718 ALARM 单位损失 -> TURTLE (13 v 13, 守塔阵不打野战)
[15:05:21] {"kind": "action", "what": "attack_move", "name": null, "qty": null, "ts": "15:05:21"}
[15:05:21] t=1718 ATTACK (tanks=8)
[15:05:30] t=1727 MOVE attack->[131, 90] x4
[15:05:30] {"kind": "action", "what": "attack_move", "name": null, "qty": null, "ts": "15:05:30"}
[15:05:31] t=1728 ESCORT 坦克#2716 -> 护航矿车@[74, 74]
[15:05:31] {"kind": "action", "what": "attack_move", "name": null, "qty": null, "ts": "15:05:31"}
[15:05:42] t=1739 MOVE attack->[131, 90] x5
[15:05:42] {"kind": "action", "what": "attack_move", "name": null, "qty": null, "ts": "15:05:42"}
[15:05:54] t=1751 MOVE attack->[131, 90] x5
[15:05:54] {"kind": "action", "what": "attack_move", "name": null, "qty": null, "ts": "15:05:54"}
[15:05:57] t=1754 AA HTK x2 (enemy air)
[15:05:57] {"kind": "action", "what": "produce", "name": "HTK", "qty": 2, "ts": "15:05:57"}
[15:05:57] t=1754 tick#3200 credits=1125 stance=attack | jev 1200 decisions p50=969ms
[15:06:01] t=1758 ESCORT 坦克#2722 -> 护航矿车@[76, 74]
[15:06:01] {"kind": "action", "what": "attack_move", "name": null, "qty": null, "ts": "15:06:01"}
[15:06:03] t=1760 RETREAT HTK(13%)
[15:06:03] {"kind": "action", "what": "move", "name": null, "qty": null, "ts": "15:06:03"}
[15:06:06] t=1763 ALARM 单位损失 -> TURTLE (14 v 13, 守塔阵不打野战)
[15:06:06] {"kind": "action", "what": "attack_move", "name": null, "qty": null, "ts": "15:06:06"}
[15:06:06] t=1763 ATTACK (tanks=9)
[15:06:09] t=1766 RETREAT HTK(26%)
[15:06:09] {"kind": "action", "what": "move", "name": null, "qty": null, "ts": "15:06:09"}
[15:06:15] t=1772 ALARM 单位损失 -> TURTLE (13 v 13, 守塔阵不打野战)
[15:06:15] {"kind": "action", "what": "attack_move", "name": null, "qty": null, "ts": "15:06:15"}
[15:06:15] t=1772 ATTACK (tanks=8)
[15:06:21] t=1778 RETREAT HTNK(22%)
[15:06:21] {"kind": "action", "what": "move", "name": null, "qty": null, "ts": "15:06:21"}
[15:06:24] t=1781 MOVE attack->[131, 90] x4
[15:06:24] {"kind": "action", "what": "attack_move", "name": null, "qty": null, "ts": "15:06:24"}
[15:06:33] t=1790 RETREAT E2(7%)
[15:06:33] {"kind": "action", "what": "move", "name": null, "qty": null, "ts": "15:06:33"}
[15:06:34] t=1791 ALARM 单位损失 -> TURTLE (13 v 13, 守塔阵不打野战)
[15:06:35] {"kind": "action", "what": "attack_move", "name": null, "qty": null, "ts": "15:06:35"}
[15:06:35] t=1791 ATTACK (tanks=10)
[15:06:35] t=1791 tick#3225 credits=350 stance=attack | jev 1200 decisions p50=969ms
[15:06:36] t=1793 ESCORT 坦克#1804 -> 护航矿车@[103, 95]
[15:06:36] {"kind": "action", "what": "attack_move", "name": null, "qty": null, "ts": "15:06:36"}
[15:06:41] t=1797 ATTACK (tanks=9)
[15:06:44] t=1800 MOVE attack->[131, 90] x4
[15:06:44] {"kind": "action", "what": "attack_move", "name": null, "qty": null, "ts": "15:06:44"}
[15:06:56] t=1812 MOVE attack->[131, 90] x4
[15:06:56] {"kind": "action", "what": "attack_move", "name": null, "qty": null, "ts": "15:06:56"}
[15:07:06] t=1823 ESCORT 坦克#2726 -> 护航矿车@[120, 99]
[15:07:06] {"kind": "action", "what": "attack_move", "name": null, "qty": null, "ts": "15:07:06"}
[15:07:08] t=1824 MOVE attack->[131, 90] x5
[15:07:08] {"kind": "action", "what": "attack_move", "name": null, "qty": null, "ts": "15:07:08"}
[15:07:12] t=1829 RETREAT HTK(13%)
[15:07:12] {"kind": "action", "what": "move", "name": null, "qty": null, "ts": "15:07:12"}
[15:07:12] t=1829 tick#3250 credits=1130 stance=attack | jev 1200 decisions p50=969ms
[15:07:14] t=1830 ALARM 单位损失 -> TURTLE (12 v 13, 守塔阵不打野战)
[15:07:14] {"kind": "action", "what": "attack_move", "name": null, "qty": null, "ts": "15:07:14"}
[15:07:14] t=1830 ATTACK (tanks=9)
[15:07:23] t=1839 MOVE attack->[131, 90] x4
[15:07:23] {"kind": "action", "what": "attack_move", "name": null, "qty": null, "ts": "15:07:23"}
[15:07:35] t=1851 MOVE attack->[131, 90] x5
[15:07:35] {"kind": "action", "what": "attack_move", "name": null, "qty": null, "ts": "15:07:35"}
[15:07:39] t=1856 RETREAT HTK(6%)
[15:07:39] {"kind": "action", "what": "move", "name": null, "qty": null, "ts": "15:07:39"}
[15:07:41] t=1857 ALARM 单位损失 -> TURTLE (12 v 13, 守塔阵不打野战)
[15:07:41] {"kind": "action", "what": "attack_move", "name": null, "qty": null, "ts": "15:07:41"}
[15:07:41] t=1857 ATTACK (tanks=9)
[15:07:50] t=1866 MOVE attack->[131, 90] x5
[15:07:50] {"kind": "action", "what": "attack_move", "name": null, "qty": null, "ts": "15:07:50"}
[15:07:50] t=1866 tick#3275 credits=300 stance=attack | jev 1200 decisions p50=969ms
[15:08:02] t=1878 ALARM 单位损失 -> TURTLE (12 v 12, 守塔阵不打野战)
[15:08:02] {"kind": "action", "what": "attack_move", "name": null, "qty": null, "ts": "15:08:02"}
[15:08:02] t=1878 ATTACK (tanks=9)
[15:08:11] t=1887 MOVE attack->[132, 90] x4
[15:08:11] {"kind": "action", "what": "attack_move", "name": null, "qty": null, "ts": "15:08:11"}
[15:08:17] t=1893 RETREAT HTK(33%)
[15:08:17] {"kind": "action", "what": "move", "name": null, "qty": null, "ts": "15:08:17"}
[15:08:20] t=1896 ALARM 单位损失 -> TURTLE (10 v 12, 守塔阵不打野战)
[15:08:20] {"kind": "action", "what": "attack_move", "name": null, "qty": null, "ts": "15:08:20"}
[15:08:20] t=1896 ATTACK (tanks=8)
[15:08:24] t=1901 RETREAT HTK(26%)
[15:08:24] {"kind": "action", "what": "move", "name": null, "qty": null, "ts": "15:08:24"}
[15:08:27] t=1904 tick#3300 credits=1120 stance=attack | jev 1200 decisions p50=969ms
[15:08:29] t=1905 MOVE attack->[132, 90] x2
[15:08:29] {"kind": "action", "what": "attack_move", "name": null, "qty": null, "ts": "15:08:29"}
[15:08:39] t=1916 RETREAT E2(36%)
[15:08:39] {"kind": "action", "what": "move", "name": null, "qty": null, "ts": "15:08:39"}
[15:08:41] t=1917 MOVE attack->[132, 90] x2
[15:08:41] {"kind": "action", "what": "attack_move", "name": null, "qty": null, "ts": "15:08:41"}
[15:08:51] t=1928 RETREAT E2(18%)
[15:08:51] {"kind": "action", "what": "move", "name": null, "qty": null, "ts": "15:08:51"}
[15:08:53] t=1929 RETREAT HTK(26%)
[15:08:53] {"kind": "action", "what": "move", "name": null, "qty": null, "ts": "15:08:53"}
[15:08:53] t=1929 MOVE attack->[132, 90] x2
[15:08:53] {"kind": "action", "what": "attack_move", "name": null, "qty": null, "ts": "15:08:53"}
[15:08:54] t=1931 ESCORT 坦克#1362 -> 护航矿车@[119, 128]
[15:08:54] {"kind": "action", "what": "attack_move", "name": null, "qty": null, "ts": "15:08:54"}
[15:08:59] t=1935 ALARM 单位损失 -> TURTLE (10 v 12, 守塔阵不打野战)
[15:08:59] {"kind": "action", "what": "attack_move", "name": null, "qty": null, "ts": "15:08:59"}
[15:08:59] t=1935 ATTACK (tanks=8)
[15:09:05] t=1941 RETREAT HTK(13%)
[15:09:05] {"kind": "action", "what": "move", "name": null, "qty": null, "ts": "15:09:05"}
[15:09:05] t=1941 tick#3325 credits=271 stance=attack | jev 1200 decisions p50=969ms
[15:09:08] t=1944 MOVE attack->[132, 90] x2
[15:09:08] {"kind": "action", "what": "attack_move", "name": null, "qty": null, "ts": "15:09:08"}
[15:09:20] t=1956 MOVE attack->[132, 90] x2
[15:09:20] {"kind": "action", "what": "attack_move", "name": null, "qty": null, "ts": "15:09:20"}
[15:09:24] t=1961 ESCORT 坦克#2810 -> 护航矿车@[119, 90]
[15:09:24] {"kind": "action", "what": "attack_move", "name": null, "qty": null, "ts": "15:09:24"}
[15:09:32] t=1968 RETREAT E2(9%)
[15:09:32] {"kind": "action", "what": "move", "name": null, "qty": null, "ts": "15:09:32"}
[15:09:32] t=1968 MOVE attack->[132, 90] x2
[15:09:32] {"kind": "action", "what": "attack_move", "name": null, "qty": null, "ts": "15:09:32"}
[15:09:42] t=1979 tick#3350 credits=0 stance=attack | jev 1200 decisions p50=969ms
[15:09:45] t=1982 MOVE attack->[132, 90] x2
[15:09:45] {"kind": "action", "what": "attack_move", "name": null, "qty": null, "ts": "15:09:45"}
[15:09:48] t=1985 RETREAT HTNK(7%)
[15:09:48] {"kind": "action", "what": "move", "name": null, "qty": null, "ts": "15:09:48"}
[15:09:53] t=1989 RETREAT HTNK(26%)
[15:09:53] {"kind": "action", "what": "move", "name": null, "qty": null, "ts": "15:09:53"}
[15:09:54] t=1991 ESCORT 坦克#1804 -> 护航矿车@[96, 102]
[15:09:54] {"kind": "action", "what": "attack_move", "name": null, "qty": null, "ts": "15:09:54"}
[15:09:57] t=1994 MOVE attack->[132, 90] x2
[15:09:57] {"kind": "action", "what": "attack_move", "name": null, "qty": null, "ts": "15:09:57"}
[15:10:05] t=2001 RETREAT HTK(26%)
[15:10:05] {"kind": "action", "what": "move", "name": null, "qty": null, "ts": "15:10:05"}
[15:10:09] t=2006 MOVE attack->[132, 90] x2
[15:10:09] {"kind": "action", "what": "attack_move", "name": null, "qty": null, "ts": "15:10:09"}
[15:10:15] t=2012 RETREAT HTNK(37%)
[15:10:15] {"kind": "action", "what": "move", "name": null, "qty": null, "ts": "15:10:15"}
[15:10:20] t=2016 ALARM 单位损失 -> TURTLE (9 v 13, 守塔阵不打野战)
[15:10:20] {"kind": "action", "what": "attack_move", "name": null, "qty": null, "ts": "15:10:20"}
[15:10:20] t=2016 ATTACK (tanks=9)
[15:10:20] t=2016 tick#3375 credits=909 stance=attack | jev 1200 decisions p50=969ms
[15:10:24] t=2021 ESCORT 坦克#2856 -> 护航矿车@[76, 73]
[15:10:24] {"kind": "action", "what": "attack_move", "name": null, "qty": null, "ts": "15:10:24"}
[15:10:29] t=2025 MOVE attack->[132, 90] x1
[15:10:29] {"kind": "action", "what": "attack_move", "name": null, "qty": null, "ts": "15:10:29"}
[15:10:42] t=2039 TANK HTNK x1
[15:10:42] t=2039 AA HTK x2 (enemy air)
[15:10:42] {"kind": "action", "what": "produce", "name": "HTNK", "qty": 1, "ts": "15:10:42"}
[15:10:42] {"kind": "action", "what": "produce", "name": "HTK", "qty": 2, "ts": "15:10:42"}
[15:10:42] t=2039 MOVE attack->[132, 90] x2
[15:10:42] {"kind": "action", "what": "attack_move", "name": null, "qty": null, "ts": "15:10:42"}
[15:10:56] t=2052 MOVE attack->[132, 90] x2
[15:10:56] {"kind": "action", "what": "attack_move", "name": null, "qty": null, "ts": "15:10:56"}
[15:10:57] t=2054 tick#3400 credits=1250 stance=attack | jev 1200 decisions p50=969ms
[15:11:05] t=2061 ESCORT 坦克#1804 -> 护航矿车@[72, 71]
[15:11:05] t=2061 RETREAT HTK(26%)
[15:11:05] {"kind": "action", "what": "attack_move", "name": null, "qty": null, "ts": "15:11:05"}
[15:11:05] {"kind": "action", "what": "move", "name": null, "qty": null, "ts": "15:11:05"}
[15:11:09] t=2066 MOVE attack->[132, 90] x1
[15:11:09] {"kind": "action", "what": "attack_move", "name": null, "qty": null, "ts": "15:11:09"}
[15:11:11] t=2067 ALARM 单位损失 -> TURTLE (9 v 13, 守塔阵不打野战)
[15:11:11] {"kind": "action", "what": "attack_move", "name": null, "qty": null, "ts": "15:11:11"}
[15:11:11] t=2067 ATTACK (tanks=9)
[15:11:21] t=2078 MOVE attack->[132, 90] x2
[15:11:21] {"kind": "action", "what": "attack_move", "name": null, "qty": null, "ts": "15:11:21"}
[15:11:23] t=2079 RETREAT HTNK(22%)
[15:11:23] {"kind": "action", "what": "move", "name": null, "qty": null, "ts": "15:11:23"}
[15:11:33] t=2090 MOVE attack->[132, 90] x2
[15:11:33] {"kind": "action", "what": "attack_move", "name": null, "qty": null, "ts": "15:11:33"}
[15:11:35] t=2091 ESCORT 坦克#1362 -> 护航矿车@[99, 135]
[15:11:35] {"kind": "action", "what": "attack_move", "name": null, "qty": null, "ts": "15:11:35"}
[15:11:35] t=2091 tick#3425 credits=268 stance=attack | jev 1200 decisions p50=969ms
[15:11:45] t=2102 MOVE attack->[132, 90] x3
[15:11:45] {"kind": "action", "what": "attack_move", "name": null, "qty": null, "ts": "15:11:45"}
[15:11:57] t=2114 MOVE attack->[132, 90] x3
[15:11:57] {"kind": "action", "what": "attack_move", "name": null, "qty": null, "ts": "15:11:57"}
[15:12:11] t=2127 ESCORT 坦克#2962 -> 护航矿车@[80, 93]
[15:12:11] {"kind": "action", "what": "attack_move", "name": null, "qty": null, "ts": "15:12:11"}
[15:12:11] t=2127 MOVE attack->[132, 90] x4
[15:12:11] {"kind": "action", "what": "attack_move", "name": null, "qty": null, "ts": "15:12:11"}
[15:12:12] t=2129 tick#3450 credits=754 stance=attack | jev 1200 decisions p50=969ms
[15:12:18] t=2135 RETREAT HTNK(19%)
[15:12:18] {"kind": "action", "what": "move", "name": null, "qty": null, "ts": "15:12:18"}
[15:12:24] t=2141 ALARM 单位损失 -> TURTLE (12 v 13, 守塔阵不打野战)
[15:12:24] {"kind": "action", "what": "attack_move", "name": null, "qty": null, "ts": "15:12:24"}
[15:12:24] t=2141 ATTACK (tanks=12)
[15:12:33] t=2150 MOVE attack->[132, 90] x4
[15:12:33] {"kind": "action", "what": "attack_move", "name": null, "qty": null, "ts": "15:12:33"}
[15:12:36] t=2153 RETREAT HTNK(19%)
[15:12:36] {"kind": "action", "what": "move", "name": null, "qty": null, "ts": "15:12:36"}
[15:12:42] t=2159 ALARM 单位损失 -> TURTLE (12 v 13, 守塔阵不打野战)
[15:12:42] {"kind": "action", "what": "attack_move", "name": null, "qty": null, "ts": "15:12:42"}
[15:12:42] t=2159 ATTACK (tanks=12)
[15:12:47] t=2163 ESCORT 坦克#2974 -> 护航矿车@[109, 84]
[15:12:47] {"kind": "action", "what": "attack_move", "name": null, "qty": null, "ts": "15:12:47"}
[15:12:50] t=2166 tick#3475 credits=200 stance=attack | jev 1200 decisions p50=969ms
[15:12:51] t=2168 MOVE attack->[132, 90] x4
[15:12:51] {"kind": "action", "what": "attack_move", "name": null, "qty": null, "ts": "15:12:51"}
[15:13:03] t=2180 MOVE attack->[132, 90] x4
[15:13:03] {"kind": "action", "what": "attack_move", "name": null, "qty": null, "ts": "15:13:03"}
[15:13:09] t=2186 RETREAT HTK(20%)
[15:13:09] {"kind": "action", "what": "move", "name": null, "qty": null, "ts": "15:13:09"}
[15:13:15] t=2192 ALARM 单位损失 -> TURTLE (11 v 13, 守塔阵不打野战)
[15:13:15] {"kind": "action", "what": "attack_move", "name": null, "qty": null, "ts": "15:13:15"}
[15:13:15] t=2192 ATTACK (tanks=11)
[15:13:17] t=2193 ESCORT 坦克#1362 -> 护航矿车@[120, 114]
[15:13:17] {"kind": "action", "what": "attack_move", "name": null, "qty": null, "ts": "15:13:17"}
[15:13:18] t=2195 RETREAT HTK(26%)
[15:13:18] {"kind": "action", "what": "move", "name": null, "qty": null, "ts": "15:13:18"}
[15:13:24] t=2201 MOVE attack->[132, 90] x3
[15:13:24] {"kind": "action", "what": "attack_move", "name": null, "qty": null, "ts": "15:13:24"}
[15:13:26] t=2202 RETREAT HTK(26%)
[15:13:26] {"kind": "action", "what": "move", "name": null, "qty": null, "ts": "15:13:26"}
[15:13:27] t=2204 tick#3500 credits=200 stance=attack | jev 1200 decisions p50=969ms
[15:13:36] t=2213 MOVE attack->[132, 90] x3
[15:13:36] {"kind": "action", "what": "attack_move", "name": null, "qty": null, "ts": "15:13:36"}
[15:13:41] t=2217 RETREAT E2(36%)
[15:13:41] {"kind": "action", "what": "move", "name": null, "qty": null, "ts": "15:13:41"}
[15:13:45] t=2222 AA HTK x2 (enemy air)
[15:13:45] {"kind": "action", "what": "produce", "name": "HTK", "qty": 2, "ts": "15:13:45"}
[15:13:47] t=2223 ESCORT 坦克#3025 -> 护航矿车@[117, 133]
[15:13:47] {"kind": "action", "what": "attack_move", "name": null, "qty": null, "ts": "15:13:47"}
[15:13:48] t=2225 MOVE attack->[132, 90] x3
[15:13:48] {"kind": "action", "what": "attack_move", "name": null, "qty": null, "ts": "15:13:48"}
[15:13:53] t=2229 RETREAT E2(18%)
[15:13:53] {"kind": "action", "what": "move", "name": null, "qty": null, "ts": "15:13:53"}
[15:14:00] t=2237 MOVE attack->[132, 90] x3
[15:14:00] {"kind": "action", "what": "attack_move", "name": null, "qty": null, "ts": "15:14:00"}
[15:14:05] t=2241 RETREAT HTK(33%)
[15:14:05] {"kind": "action", "what": "move", "name": null, "qty": null, "ts": "15:14:05"}
[15:14:05] t=2241 tick#3525 credits=260 stance=attack | jev 1200 decisions p50=969ms
[15:14:06] t=2243 RETREAT HTK(1%)
[15:14:06] {"kind": "action", "what": "move", "name": null, "qty": null, "ts": "15:14:06"}
[15:14:11] t=2247 ALARM 单位损失 -> TURTLE (11 v 13, 守塔阵不打野战)
[15:14:11] {"kind": "action", "what": "attack_move", "name": null, "qty": null, "ts": "15:14:11"}
[15:14:11] t=2247 ATTACK (tanks=11)
[15:14:17] t=2253 ESCORT 坦克#1362 -> 护航矿车@[115, 133]
[15:14:17] {"kind": "action", "what": "attack_move", "name": null, "qty": null, "ts": "15:14:17"}
[15:14:20] t=2256 ALARM 单位损失 -> TURTLE (10 v 13, 守塔阵不打野战)
[15:14:20] {"kind": "action", "what": "attack_move", "name": null, "qty": null, "ts": "15:14:20"}
[15:14:20] t=2256 ATTACK (tanks=10)
[15:14:26] t=2262 RETREAT HTK(26%)
[15:14:26] {"kind": "action", "what": "move", "name": null, "qty": null, "ts": "15:14:26"}
[15:14:29] t=2265 MOVE attack->[132, 90] x1
[15:14:29] {"kind": "action", "what": "attack_move", "name": null, "qty": null, "ts": "15:14:29"}
[15:14:32] t=2268 ALARM 单位损失 -> TURTLE (9 v 13, 守塔阵不打野战)
[15:14:32] {"kind": "action", "what": "attack_move", "name": null, "qty": null, "ts": "15:14:32"}
[15:14:32] t=2268 ATTACK (tanks=9)
[15:14:33] t=2270 RETREAT E2(9%)
[15:14:33] {"kind": "action", "what": "move", "name": null, "qty": null, "ts": "15:14:33"}
[15:14:41] t=2277 MOVE attack->[132, 90] x1
[15:14:41] {"kind": "action", "what": "attack_move", "name": null, "qty": null, "ts": "15:14:41"}
[15:14:42] t=2279 tick#3550 credits=0 stance=attack | jev 1200 decisions p50=969ms
[15:14:50] t=2286 RETREAT HTNK(7%)
[15:14:50] {"kind": "action", "what": "move", "name": null, "qty": null, "ts": "15:14:50"}
[15:14:51] t=2288 ESCORT 坦克#1362 -> 护航矿车@[120, 128]
[15:14:51] {"kind": "action", "what": "attack_move", "name": null, "qty": null, "ts": "15:14:51"}
[15:14:53] t=2289 MOVE attack->[132, 90] x1
[15:14:53] {"kind": "action", "what": "attack_move", "name": null, "qty": null, "ts": "15:14:53"}
[15:14:54] t=2291 RETREAT HTNK(26%)
[15:14:54] {"kind": "action", "what": "move", "name": null, "qty": null, "ts": "15:14:54"}
[15:15:05] t=2301 MOVE attack->[132, 90] x1
[15:15:05] {"kind": "action", "what": "attack_move", "name": null, "qty": null, "ts": "15:15:05"}
[15:15:06] t=2303 RETREAT HTK(20%)
[15:15:06] {"kind": "action", "what": "move", "name": null, "qty": null, "ts": "15:15:06"}
[15:15:17] t=2313 MOVE attack->[132, 90] x2
[15:15:17] {"kind": "action", "what": "attack_move", "name": null, "qty": null, "ts": "15:15:17"}
[15:15:20] t=2316 tick#3575 credits=175 stance=attack | jev 1200 decisions p50=969ms
[15:15:24] t=2321 ESCORT 坦克#3075 -> 护航矿车@[115, 88]
[15:15:24] {"kind": "action", "what": "attack_move", "name": null, "qty": null, "ts": "15:15:24"}
[15:15:27] t=2324 ALARM 单位损失 -> TURTLE (9 v 14, 守塔阵不打野战)
[15:15:27] {"kind": "action", "what": "attack_move", "name": null, "qty": null, "ts": "15:15:27"}
[15:15:27] t=2324 RETREAT HTK(33%)
[15:15:27] {"kind": "action", "what": "move", "name": null, "qty": null, "ts": "15:15:27"}
[15:15:27] t=2324 ATTACK (tanks=9)
[15:15:37] t=2333 MOVE attack->[132, 90] x1
[15:15:37] {"kind": "action", "what": "attack_move", "name": null, "qty": null, "ts": "15:15:37"}
[15:15:50] t=2346 MOVE attack->[132, 90] x1
[15:15:50] {"kind": "action", "what": "attack_move", "name": null, "qty": null, "ts": "15:15:50"}
[15:15:54] t=2351 ESCORT 坦克#3075 -> 护航矿车@[95, 102]
[15:15:54] {"kind": "action", "what": "attack_move", "name": null, "qty": null, "ts": "15:15:54"}
[15:15:57] t=2354 tick#3600 credits=475 stance=attack | jev 1200 decisions p50=969ms
[15:16:03] t=2360 MOVE attack->[132, 90] x1
[15:16:03] {"kind": "action", "what": "attack_move", "name": null, "qty": null, "ts": "15:16:03"}
[15:16:15] t=2372 MOVE attack->[132, 90] x1
[15:16:15] {"kind": "action", "what": "attack_move", "name": null, "qty": null, "ts": "15:16:15"}
[15:16:23] t=2379 TANK HTNK x2
[15:16:23] {"kind": "action", "what": "produce", "name": "HTNK", "qty": 2, "ts": "15:16:23"}
[15:16:24] t=2381 ESCORT 坦克#3139 -> 护航矿车@[75, 75]
[15:16:24] t=2381 RETREAT HTNK(22%)
[15:16:24] {"kind": "action", "what": "attack_move", "name": null, "qty": null, "ts": "15:16:24"}
[15:16:24] {"kind": "action", "what": "move", "name": null, "qty": null, "ts": "15:16:24"}
[15:16:27] t=2384 MOVE attack->[132, 90] x1
[15:16:27] {"kind": "action", "what": "attack_move", "name": null, "qty": null, "ts": "15:16:27"}
[15:16:35] t=2391 tick#3625 credits=1452 stance=attack | jev 1200 decisions p50=969ms
[15:16:39] t=2396 MOVE attack->[132, 90] x1
[15:16:39] {"kind": "action", "what": "attack_move", "name": null, "qty": null, "ts": "15:16:39"}
[15:16:53] t=2409 MOVE attack->[132, 90] x1
[15:16:53] {"kind": "action", "what": "attack_move", "name": null, "qty": null, "ts": "15:16:53"}
[15:17:00] t=2417 ESCORT 坦克#3075 -> 护航矿车@[105, 88]
[15:17:00] {"kind": "action", "what": "attack_move", "name": null, "qty": null, "ts": "15:17:00"}
[15:17:03] t=2420 ALARM 单位损失 -> TURTLE (9 v 13, 守塔阵不打野战)
[15:17:03] {"kind": "action", "what": "attack_move", "name": null, "qty": null, "ts": "15:17:03"}
[15:17:03] t=2420 ATTACK (tanks=9)
[15:17:12] t=2429 MOVE attack->[132, 90] x1
[15:17:12] {"kind": "action", "what": "attack_move", "name": null, "qty": null, "ts": "15:17:12"}
[15:17:12] t=2429 tick#3650 credits=664 stance=attack | jev 1200 decisions p50=969ms
[15:17:24] t=2441 MOVE attack->[132, 90] x1
[15:17:24] {"kind": "action", "what": "attack_move", "name": null, "qty": null, "ts": "15:17:24"}
[15:17:30] t=2447 ESCORT 坦克#1362 -> 护航矿车@[120, 108]
[15:17:30] {"kind": "action", "what": "attack_move", "name": null, "qty": null, "ts": "15:17:30"}
[15:17:36] t=2453 MOVE attack->[132, 90] x2
[15:17:36] {"kind": "action", "what": "attack_move", "name": null, "qty": null, "ts": "15:17:36"}
[15:17:48] t=2465 MOVE attack->[132, 90] x2
[15:17:48] {"kind": "action", "what": "attack_move", "name": null, "qty": null, "ts": "15:17:48"}
[15:17:50] t=2466 tick#3675 credits=325 stance=attack | jev 1200 decisions p50=969ms
[15:18:00] t=2477 ESCORT 坦克#1362 -> 护航矿车@[117, 134]
[15:18:00] {"kind": "action", "what": "attack_move", "name": null, "qty": null, "ts": "15:18:00"}
[15:18:00] t=2477 MOVE attack->[132, 90] x2
[15:18:01] {"kind": "action", "what": "attack_move", "name": null, "qty": null, "ts": "15:18:01"}
[15:18:14] t=2490 MOVE attack->[132, 90] x2
[15:18:14] {"kind": "action", "what": "attack_move", "name": null, "qty": null, "ts": "15:18:14"}
[15:18:20] t=2496 RETREAT HTK(26%)
[15:18:20] {"kind": "action", "what": "move", "name": null, "qty": null, "ts": "15:18:20"}
[15:18:26] t=2502 MOVE attack->[132, 90] x2
[15:18:26] {"kind": "action", "what": "attack_move", "name": null, "qty": null, "ts": "15:18:26"}
[15:18:27] t=2504 RETREAT HTK(26%)
[15:18:27] {"kind": "action", "what": "move", "name": null, "qty": null, "ts": "15:18:27"}
[15:18:27] t=2504 tick#3700 credits=475 stance=attack | jev 1200 decisions p50=969ms
[15:18:30] t=2507 ESCORT 坦克#1362 -> 护航矿车@[115, 136]
[15:18:30] {"kind": "action", "what": "attack_move", "name": null, "qty": null, "ts": "15:18:30"}
[15:18:32] t=2508 RETREAT HTNK(28%)
[15:18:32] {"kind": "action", "what": "move", "name": null, "qty": null, "ts": "15:18:32"}
[15:18:38] t=2514 ALARM 单位损失 -> TURTLE (9 v 13, 守塔阵不打野战)
[15:18:38] {"kind": "action", "what": "attack_move", "name": null, "qty": null, "ts": "15:18:38"}
[15:18:38] t=2514 ATTACK (tanks=9)
[15:18:42] t=2519 RETREAT E2(36%)
[15:18:42] {"kind": "action", "what": "move", "name": null, "qty": null, "ts": "15:18:42"}
[15:18:47] t=2523 MOVE attack->[132, 90] x1
[15:18:47] {"kind": "action", "what": "attack_move", "name": null, "qty": null, "ts": "15:18:47"}
[15:18:51] t=2528 RETREAT HTNK(28%)
[15:18:51] {"kind": "action", "what": "move", "name": null, "qty": null, "ts": "15:18:51"}
[15:18:54] t=2531 RETREAT E2(18%)
[15:18:54] {"kind": "action", "what": "move", "name": null, "qty": null, "ts": "15:18:54"}
[15:18:57] t=2534 ALARM 单位损失 -> TURTLE (8 v 13, 守塔阵不打野战)
[15:18:57] {"kind": "action", "what": "attack_move", "name": null, "qty": null, "ts": "15:18:57"}
[15:18:57] t=2534 ATTACK (tanks=8)
[15:19:05] t=2541 tick#3725 credits=1222 stance=attack | jev 1200 decisions p50=969ms
[15:19:14] t=2550 ESCORT 坦克#1362 -> 护航矿车@[114, 128]
[15:19:14] {"kind": "action", "what": "attack_move", "name": null, "qty": null, "ts": "15:19:14"}
[15:19:26] t=2563 MOVE attack->[132, 90] x1
[15:19:26] {"kind": "action", "what": "attack_move", "name": null, "qty": null, "ts": "15:19:26"}
[15:19:35] t=2571 RETREAT E2(9%)
[15:19:35] {"kind": "action", "what": "move", "name": null, "qty": null, "ts": "15:19:35"}
[15:19:38] t=2574 MOVE attack->[132, 90] x1
[15:19:38] {"kind": "action", "what": "attack_move", "name": null, "qty": null, "ts": "15:19:38"}
[15:19:42] t=2579 tick#3750 credits=884 stance=attack | jev 1200 decisions p50=969ms
[15:19:44] t=2581 ESCORT 坦克#3075 -> 护航矿车@[119, 91]
[15:19:44] {"kind": "action", "what": "attack_move", "name": null, "qty": null, "ts": "15:19:44"}
[15:19:50] t=2587 RETREAT HTNK(7%)
[15:19:50] {"kind": "action", "what": "move", "name": null, "qty": null, "ts": "15:19:50"}
[15:19:50] t=2587 MOVE attack->[132, 90] x1
[15:19:50] {"kind": "action", "what": "attack_move", "name": null, "qty": null, "ts": "15:19:50"}
[15:19:56] t=2593 RETREAT HTNK(26%)
[15:19:56] {"kind": "action", "what": "move", "name": null, "qty": null, "ts": "15:19:56"}
[15:20:03] t=2600 MOVE attack->[132, 90] x2
[15:20:04] {"kind": "action", "what": "attack_move", "name": null, "qty": null, "ts": "15:20:04"}
[15:20:08] t=2605 RETREAT HTK(20%)
[15:20:08] {"kind": "action", "what": "move", "name": null, "qty": null, "ts": "15:20:08"}
[15:20:11] t=2608 ALARM 单位损失 -> TURTLE (10 v 13, 守塔阵不打野战)
[15:20:11] {"kind": "action", "what": "attack_move", "name": null, "qty": null, "ts": "15:20:11"}
[15:20:11] t=2608 ATTACK (tanks=9)
[15:20:14] t=2611 ESCORT 坦克#3254 -> 护航矿车@[98, 102]
[15:20:14] {"kind": "action", "what": "attack_move", "name": null, "qty": null, "ts": "15:20:14"}
[15:20:20] t=2617 MOVE attack->[132, 90] x2
[15:20:20] {"kind": "action", "what": "attack_move", "name": null, "qty": null, "ts": "15:20:20"}
[15:20:20] t=2617 tick#3775 credits=338 stance=attack | jev 1200 decisions p50=969ms
[15:20:32] t=2629 MOVE attack->[132, 90] x3
[15:20:32] {"kind": "action", "what": "attack_move", "name": null, "qty": null, "ts": "15:20:32"}
[15:20:44] t=2641 ESCORT 坦克#3263 -> 护航矿车@[89, 58]
[15:20:44] {"kind": "action", "what": "attack_move", "name": null, "qty": null, "ts": "15:20:44"}
[15:20:44] t=2641 MOVE attack->[132, 90] x3
[15:20:44] {"kind": "action", "what": "attack_move", "name": null, "qty": null, "ts": "15:20:44"}
[15:20:50] t=2647 RETREAT HTNK(31%)
[15:20:50] {"kind": "action", "what": "move", "name": null, "qty": null, "ts": "15:20:50"}
[15:20:56] t=2653 ALARM 单位损失 -> TURTLE (10 v 13, 守塔阵不打野战)
[15:20:56] {"kind": "action", "what": "attack_move", "name": null, "qty": null, "ts": "15:20:56"}
[15:20:56] t=2653 ATTACK (tanks=9)
[15:20:58] t=2654 tick#3800 credits=779 stance=attack | jev 1200 decisions p50=969ms
[15:21:05] t=2662 MOVE attack->[132, 90] x3
[15:21:05] {"kind": "action", "what": "attack_move", "name": null, "qty": null, "ts": "15:21:05"}
[15:21:14] t=2671 ESCORT 坦克#3270 -> 护航矿车@[101, 100]
[15:21:14] {"kind": "action", "what": "attack_move", "name": null, "qty": null, "ts": "15:21:14"}
[15:21:17] t=2674 MOVE attack->[132, 90] x3
[15:21:17] {"kind": "action", "what": "attack_move", "name": null, "qty": null, "ts": "15:21:17"}
[15:21:26] t=2683 RETREAT HTNK(22%)
[15:21:26] {"kind": "action", "what": "move", "name": null, "qty": null, "ts": "15:21:26"}
[15:21:29] t=2686 MOVE attack->[132, 90] x4
[15:21:29] {"kind": "action", "what": "attack_move", "name": null, "qty": null, "ts": "15:21:29"}
[15:21:35] t=2692 tick#3825 credits=430 stance=attack | jev 1200 decisions p50=969ms
[15:21:41] t=2698 MOVE attack->[132, 90] x5
[15:21:41] {"kind": "action", "what": "attack_move", "name": null, "qty": null, "ts": "15:21:41"}
[15:21:44] t=2701 ESCORT 坦克#3270 -> 护航矿车@[120, 94]
[15:21:44] t=2701 RETREAT HTK(33%)
[15:21:44] {"kind": "action", "what": "attack_move", "name": null, "qty": null, "ts": "15:21:44"}
[15:21:44] {"kind": "action", "what": "move", "name": null, "qty": null, "ts": "15:21:44"}
[15:21:49] t=2705 ALARM 单位损失 -> TURTLE (12 v 13, 守塔阵不打野战)
[15:21:49] {"kind": "action", "what": "attack_move", "name": null, "qty": null, "ts": "15:21:49"}
[15:21:49] t=2705 ATTACK (tanks=11)
[15:21:58] t=2714 MOVE attack->[132, 90] x4
[15:21:58] {"kind": "action", "what": "attack_move", "name": null, "qty": null, "ts": "15:21:58"}
[15:22:07] t=2723 RETREAT HTK(33%)
[15:22:07] {"kind": "action", "what": "move", "name": null, "qty": null, "ts": "15:22:07"}
[15:22:10] t=2726 MOVE attack->[132, 90] x3
[15:22:10] {"kind": "action", "what": "attack_move", "name": null, "qty": null, "ts": "15:22:10"}
[15:22:11] t=2728 ALARM 单位损失 -> TURTLE (11 v 13, 守塔阵不打野战)
[15:22:11] {"kind": "action", "what": "attack_move", "name": null, "qty": null, "ts": "15:22:11"}
[15:22:11] t=2728 ATTACK (tanks=10)
[15:22:13] t=2729 tick#3850 credits=947 stance=attack | jev 1200 decisions p50=969ms
[15:22:19] t=2735 ESCORT 坦克#1362 -> 护航矿车@[114, 136]
[15:22:19] {"kind": "action", "what": "attack_move", "name": null, "qty": null, "ts": "15:22:19"}
[15:22:22] t=2738 MOVE attack->[132, 90] x4
[15:22:22] {"kind": "action", "what": "attack_move", "name": null, "qty": null, "ts": "15:22:22"}
[15:22:28] t=2744 RETREAT HTNK(37%)
[15:22:28] {"kind": "action", "what": "move", "name": null, "qty": null, "ts": "15:22:28"}
[15:22:34] t=2750 ALARM 单位损失 -> TURTLE (11 v 13, 守塔阵不打野战)
[15:22:34] {"kind": "action", "what": "attack_move", "name": null, "qty": null, "ts": "15:22:34"}
[15:22:34] t=2750 ATTACK (tanks=10)
[15:22:43] t=2759 MOVE attack->[132, 90] x4
[15:22:43] {"kind": "action", "what": "attack_move", "name": null, "qty": null, "ts": "15:22:43"}
[15:22:50] t=2766 tick#3875 credits=0 stance=attack | jev 1200 decisions p50=969ms
[15:22:55] t=2771 MOVE attack->[132, 90] x4
[15:22:55] {"kind": "action", "what": "attack_move", "name": null, "qty": null, "ts": "15:22:55"}
[15:23:05] t=2781 RETREAT HTK(20%)
[15:23:05] {"kind": "action", "what": "move", "name": null, "qty": null, "ts": "15:23:05"}
[15:23:07] t=2783 MOVE attack->[132, 90] x3
[15:23:07] {"kind": "action", "what": "attack_move", "name": null, "qty": null, "ts": "15:23:07"}
[15:23:19] t=2795 MOVE attack->[132, 90] x4
[15:23:19] {"kind": "action", "what": "attack_move", "name": null, "qty": null, "ts": "15:23:19"}
[15:23:20] t=2796 RETREAT HTK(26%)
[15:23:20] {"kind": "action", "what": "move", "name": null, "qty": null, "ts": "15:23:20"}
[15:23:22] t=2798 RETREAT HTK(26%)
[15:23:22] {"kind": "action", "what": "move", "name": null, "qty": null, "ts": "15:23:22"}
[15:23:28] t=2804 tick#3900 credits=325 stance=attack | jev 1200 decisions p50=969ms
[15:23:29] t=2805 RETREAT HTK(26%)
[15:23:29] {"kind": "action", "what": "move", "name": null, "qty": null, "ts": "15:23:29"}
[15:23:31] t=2807 MOVE attack->[132, 90] x3
[15:23:31] {"kind": "action", "what": "attack_move", "name": null, "qty": null, "ts": "15:23:31"}
[15:23:34] t=2810 RETREAT HTK(26%)
[15:23:34] {"kind": "action", "what": "move", "name": null, "qty": null, "ts": "15:23:34"}
[15:23:35] t=2811 ESCORT 坦克#1362 -> 护航矿车@[118, 129]
[15:23:35] {"kind": "action", "what": "attack_move", "name": null, "qty": null, "ts": "15:23:35"}
[15:23:40] t=2816 ALARM 单位损失 -> TURTLE (10 v 13, 守塔阵不打野战)
[15:23:40] {"kind": "action", "what": "attack_move", "name": null, "qty": null, "ts": "15:23:40"}
[15:23:40] t=2816 ATTACK (tanks=11)
[15:23:44] t=2820 RETREAT E2(36%)
[15:23:44] {"kind": "action", "what": "move", "name": null, "qty": null, "ts": "15:23:44"}
[15:23:49] t=2825 MOVE attack->[132, 90] x2
[15:23:49] {"kind": "action", "what": "attack_move", "name": null, "qty": null, "ts": "15:23:49"}
[15:23:56] t=2832 RETREAT E2(18%)
[15:23:56] {"kind": "action", "what": "move", "name": null, "qty": null, "ts": "15:23:56"}
[15:24:01] t=2837 MOVE attack->[132, 90] x2
[15:24:01] {"kind": "action", "what": "attack_move", "name": null, "qty": null, "ts": "15:24:01"}
[15:24:05] t=2841 ESCORT 坦克#3323 -> 护航矿车@[120, 92]
[15:24:05] {"kind": "action", "what": "attack_move", "name": null, "qty": null, "ts": "15:24:05"}
[15:24:05] t=2841 tick#3925 credits=475 stance=attack | jev 1200 decisions p50=969ms
[15:24:13] t=2849 MOVE attack->[132, 90] x2
[15:24:13] {"kind": "action", "what": "attack_move", "name": null, "qty": null, "ts": "15:24:13"}
[15:24:25] t=2861 MOVE attack->[132, 90] x2
[15:24:25] {"kind": "action", "what": "attack_move", "name": null, "qty": null, "ts": "15:24:25"}
[15:24:26] t=2861 SIM STALL (time frozen) - skip actions
[15:24:29] t=2863 RETREAT HTNK(28%)
[15:24:29] {"kind": "action", "what": "move", "name": null, "qty": null, "ts": "15:24:29"}
[15:24:38] t=2872 RETREAT E2(9%)
[15:24:38] {"kind": "action", "what": "move", "name": null, "qty": null, "ts": "15:24:38"}
[15:24:38] t=2872 MOVE attack->[132, 90] x1
[15:24:38] {"kind": "action", "what": "attack_move", "name": null, "qty": null, "ts": "15:24:38"}
[15:24:42] t=2877 tick#3950 credits=475 stance=attack | jev 1200 decisions p50=969ms
[15:24:48] t=2883 ALARM 单位损失 -> TURTLE (9 v 12, 守塔阵不打野战)
[15:24:48] {"kind": "action", "what": "attack_move", "name": null, "qty": null, "ts": "15:24:48"}
[15:24:48] t=2883 ATTACK (tanks=10)
[15:24:54] t=2889 RETREAT HTNK(7%)
[15:24:54] {"kind": "action", "what": "move", "name": null, "qty": null, "ts": "15:24:54"}
[15:24:57] t=2892 MOVE attack->[132, 90] x1
[15:24:57] {"kind": "action", "what": "attack_move", "name": null, "qty": null, "ts": "15:24:57"}
[15:25:00] t=2895 RETREAT HTNK(26%)
[15:25:00] {"kind": "action", "what": "move", "name": null, "qty": null, "ts": "15:25:00"}
[15:25:09] t=2904 MOVE attack->[132, 90] x1
[15:25:09] {"kind": "action", "what": "attack_move", "name": null, "qty": null, "ts": "15:25:09"}
[15:25:12] t=2907 RETREAT HTK(20%)
[15:25:12] {"kind": "action", "what": "move", "name": null, "qty": null, "ts": "15:25:12"}
[15:25:20] t=2914 tick#3975 credits=922 stance=attack | jev 1200 decisions p50=969ms
[15:25:21] t=2916 MOVE attack->[132, 90] x2
[15:25:21] {"kind": "action", "what": "attack_move", "name": null, "qty": null, "ts": "15:25:21"}
[15:25:33] t=2928 MOVE attack->[132, 90] x2
[15:25:33] {"kind": "action", "what": "attack_move", "name": null, "qty": null, "ts": "15:25:33"}
[15:25:45] t=2940 MOVE attack->[132, 90] x2
[15:25:45] {"kind": "action", "what": "attack_move", "name": null, "qty": null, "ts": "15:25:45"}
[15:25:56] t=2950 AA HTK x2 (enemy air)
[15:25:56] {"kind": "action", "what": "produce", "name": "HTK", "qty": 2, "ts": "15:25:56"}
[15:25:57] t=2952 MOVE attack->[132, 90] x3
[15:25:57] {"kind": "action", "what": "attack_move", "name": null, "qty": null, "ts": "15:25:57"}
[15:25:57] t=2952 tick#4000 credits=585 stance=attack | jev 1200 decisions p50=969ms
[15:26:09] t=2964 MOVE attack->[132, 90] x3
[15:26:09] {"kind": "action", "what": "attack_move", "name": null, "qty": null, "ts": "15:26:09"}
[15:26:21] t=2976 MOVE attack->[132, 90] x4
[15:26:21] {"kind": "action", "what": "attack_move", "name": null, "qty": null, "ts": "15:26:21"}
[15:26:30] t=2985 RETREAT HTNK(22%)
[15:26:30] {"kind": "action", "what": "move", "name": null, "qty": null, "ts": "15:26:30"}
[15:26:33] t=2988 MOVE attack->[132, 90] x4
[15:26:33] {"kind": "action", "what": "attack_move", "name": null, "qty": null, "ts": "15:26:33"}
[15:26:35] t=2989 tick#4025 credits=0 stance=attack | jev 1200 decisions p50=969ms
[15:26:45] t=3000 MOVE attack->[132, 90] x4
[15:26:45] {"kind": "action", "what": "attack_move", "name": null, "qty": null, "ts": "15:26:45"}
[15:26:57] t=3012 MOVE attack->[132, 90] x4
[15:26:57] {"kind": "action", "what": "attack_move", "name": null, "qty": null, "ts": "15:26:57"}
[15:27:09] t=3024 MOVE attack->[132, 90] x4
[15:27:09] {"kind": "action", "what": "attack_move", "name": null, "qty": null, "ts": "15:27:09"}
[15:27:12] t=3027 tick#4050 credits=0 stance=attack | jev 1200 decisions p50=969ms
[15:27:21] t=3036 MOVE attack->[132, 90] x4
[15:27:21] {"kind": "action", "what": "attack_move", "name": null, "qty": null, "ts": "15:27:21"}
[15:27:33] t=3048 MOVE attack->[132, 90] x4
[15:27:33] {"kind": "action", "what": "attack_move", "name": null, "qty": null, "ts": "15:27:33"}
[15:27:45] t=3060 MOVE attack->[132, 90] x4
[15:27:45] {"kind": "action", "what": "attack_move", "name": null, "qty": null, "ts": "15:27:45"}
[15:27:50] t=3065 tick#4075 credits=300 stance=attack | jev 1200 decisions p50=969ms
[15:27:57] t=3072 MOVE attack->[132, 90] x5
[15:27:57] {"kind": "action", "what": "attack_move", "name": null, "qty": null, "ts": "15:27:57"}
[15:28:08] t=3083 RETREAT HTK(13%)
[15:28:08] {"kind": "action", "what": "move", "name": null, "qty": null, "ts": "15:28:08"}
[15:28:11] t=3086 MOVE attack->[132, 90] x5
[15:28:11] {"kind": "action", "what": "attack_move", "name": null, "qty": null, "ts": "15:28:11"}
[15:28:23] t=3098 RETREAT HTK(13%)
[15:28:23] {"kind": "action", "what": "move", "name": null, "qty": null, "ts": "15:28:23"}
[15:28:23] t=3098 MOVE attack->[132, 90] x5
[15:28:23] {"kind": "action", "what": "attack_move", "name": null, "qty": null, "ts": "15:28:23"}
[15:28:24] t=3099 RETREAT HTK(26%)
[15:28:24] {"kind": "action", "what": "move", "name": null, "qty": null, "ts": "15:28:24"}
[15:28:27] t=3102 tick#4100 credits=784 stance=attack | jev 1200 decisions p50=969ms
[15:28:32] t=3107 RETREAT HTK(26%)
[15:28:32] {"kind": "action", "what": "move", "name": null, "qty": null, "ts": "15:28:32"}
[15:28:36] t=3111 MOVE attack->[132, 90] x4
[15:28:36] {"kind": "action", "what": "attack_move", "name": null, "qty": null, "ts": "15:28:36"}
[15:28:47] t=3122 RETREAT E2(36%)
[15:28:47] {"kind": "action", "what": "move", "name": null, "qty": null, "ts": "15:28:47"}
[15:28:50] t=3125 MOVE attack->[132, 90] x5
[15:28:50] {"kind": "action", "what": "attack_move", "name": null, "qty": null, "ts": "15:28:50"}
[15:28:59] t=3134 RETREAT E2(18%)
[15:28:59] {"kind": "action", "what": "move", "name": null, "qty": null, "ts": "15:28:59"}
[15:29:02] t=3137 MOVE attack->[132, 90] x5
[15:29:02] {"kind": "action", "what": "attack_move", "name": null, "qty": null, "ts": "15:29:02"}
[15:29:05] t=3140 tick#4125 credits=0 stance=attack | jev 1200 decisions p50=969ms
[15:29:14] t=3149 MOVE attack->[132, 90] x5
[15:29:14] {"kind": "action", "what": "attack_move", "name": null, "qty": null, "ts": "15:29:14"}
[15:29:27] t=3162 MOVE attack->[132, 90] x5
[15:29:27] {"kind": "action", "what": "attack_move", "name": null, "qty": null, "ts": "15:29:27"}
[15:29:38] t=3173 RETREAT E2(9%)
[15:29:38] {"kind": "action", "what": "move", "name": null, "qty": null, "ts": "15:29:38"}
[15:29:39] t=3174 MOVE attack->[132, 90] x5
[15:29:39] {"kind": "action", "what": "attack_move", "name": null, "qty": null, "ts": "15:29:39"}
[15:29:42] t=3177 tick#4150 credits=0 stance=attack | jev 1200 decisions p50=969ms
[15:29:51] t=3186 MOVE RAID x2 -> 敌基地 (134, 79) (断经济) | attack->[132, 90] x4
[15:29:51] {"kind": "action", "what": "attack_move", "name": null, "qty": null, "ts": "15:29:51"}
[15:29:51] {"kind": "action", "what": "attack_move", "name": null, "qty": null, "ts": "15:29:51"}
[15:29:53] t=3188 AA HTK x2 (enemy air)
[15:29:53] {"kind": "action", "what": "produce", "name": "HTK", "qty": 2, "ts": "15:29:53"}
[15:29:56] t=3191 RETREAT HTNK(7%)
[15:29:56] {"kind": "action", "what": "move", "name": null, "qty": null, "ts": "15:29:56"}
[15:30:02] t=3197 RETREAT HTNK(26%)
[15:30:02] {"kind": "action", "what": "move", "name": null, "qty": null, "ts": "15:30:02"}
[15:30:03] t=3198 MOVE attack->[132, 90] x4
[15:30:03] {"kind": "action", "what": "attack_move", "name": null, "qty": null, "ts": "15:30:03"}
[15:30:14] t=3209 RETREAT HTK(20%)
[15:30:14] {"kind": "action", "what": "move", "name": null, "qty": null, "ts": "15:30:14"}
[15:30:15] t=3210 MOVE attack->[132, 90] x5
[15:30:15] {"kind": "action", "what": "attack_move", "name": null, "qty": null, "ts": "15:30:15"}
[15:30:20] t=3215 tick#4175 credits=0 stance=attack | jev 1200 decisions p50=969ms
[15:30:21] t=3216 MOVE RAID x2 -> 敌基地 (134, 79) (断经济)
[15:30:21] {"kind": "action", "what": "attack_move", "name": null, "qty": null, "ts": "15:30:21"}
[15:30:27] t=3222 MOVE attack->[132, 90] x5
[15:30:27] {"kind": "action", "what": "attack_move", "name": null, "qty": null, "ts": "15:30:27"}
[15:30:39] t=3234 MOVE attack->[132, 90] x5
[15:30:39] {"kind": "action", "what": "attack_move", "name": null, "qty": null, "ts": "15:30:39"}
[15:30:51] t=3246 MOVE RAID x2 -> 敌基地 (134, 79) (断经济) | attack->[132, 90] x5
[15:30:51] {"kind": "action", "what": "attack_move", "name": null, "qty": null, "ts": "15:30:51"}
[15:30:51] {"kind": "action", "what": "attack_move", "name": null, "qty": null, "ts": "15:30:51"}
[15:30:57] t=3252 tick#4200 credits=1118 stance=attack | jev 1200 decisions p50=969ms
[15:31:03] t=3258 MOVE attack->[132, 90] x5
[15:31:03] {"kind": "action", "what": "attack_move", "name": null, "qty": null, "ts": "15:31:03"}
[15:31:15] t=3270 MOVE attack->[132, 90] x6
[15:31:15] {"kind": "action", "what": "attack_move", "name": null, "qty": null, "ts": "15:31:15"}
[15:31:21] t=3276 MOVE RAID x2 -> 敌基地 (134, 79) (断经济)
[15:31:21] {"kind": "action", "what": "attack_move", "name": null, "qty": null, "ts": "15:31:21"}
[15:31:27] t=3282 MOVE attack->[132, 90] x7
[15:31:27] {"kind": "action", "what": "attack_move", "name": null, "qty": null, "ts": "15:31:27"}
[15:31:32] t=3287 RETREAT HTNK(22%)
[15:31:32] {"kind": "action", "what": "move", "name": null, "qty": null, "ts": "15:31:32"}
[15:31:35] t=3290 tick#4225 credits=97 stance=attack | jev 1200 decisions p50=969ms
[15:31:39] t=3294 MOVE attack->[132, 90] x7
[15:31:39] {"kind": "action", "what": "attack_move", "name": null, "qty": null, "ts": "15:31:39"}
[15:31:51] t=3306 MOVE RAID x3 -> 敌基地 (134, 79) (断经济) | attack->[132, 90] x7
[15:31:51] {"kind": "action", "what": "attack_move", "name": null, "qty": null, "ts": "15:31:51"}
[15:31:51] {"kind": "action", "what": "attack_move", "name": null, "qty": null, "ts": "15:31:51"}
[15:32:03] t=3318 MOVE attack->[132, 90] x7
[15:32:03] {"kind": "action", "what": "attack_move", "name": null, "qty": null, "ts": "15:32:03"}
[15:32:12] t=3327 tick#4250 credits=450 stance=attack | jev 1200 decisions p50=969ms
[15:32:15] t=3330 MOVE attack->[132, 90] x7
[15:32:15] {"kind": "action", "what": "attack_move", "name": null, "qty": null, "ts": "15:32:15"}
[15:32:21] t=3336 MOVE RAID x3 -> 敌基地 (134, 79) (断经济)
[15:32:21] {"kind": "action", "what": "attack_move", "name": null, "qty": null, "ts": "15:32:21"}
[15:32:27] t=3342 MOVE attack->[132, 90] x7
[15:32:27] {"kind": "action", "what": "attack_move", "name": null, "qty": null, "ts": "15:32:27"}
[15:32:29] t=3344 AA HTK x2 (enemy air)
[15:32:29] {"kind": "action", "what": "produce", "name": "HTK", "qty": 2, "ts": "15:32:29"}
[15:32:41] t=3356 MOVE attack->[132, 90] x7
[15:32:41] {"kind": "action", "what": "attack_move", "name": null, "qty": null, "ts": "15:32:41"}
[15:32:50] t=3365 tick#4275 credits=19 stance=attack | jev 1200 decisions p50=969ms
[15:32:51] t=3366 MOVE RAID x3 -> 敌基地 (134, 79) (断经济)
[15:32:51] {"kind": "action", "what": "attack_move", "name": null, "qty": null, "ts": "15:32:51"}
[15:32:53] t=3368 MOVE attack->[132, 90] x8
[15:32:53] {"kind": "action", "what": "attack_move", "name": null, "qty": null, "ts": "15:32:53"}
[15:33:05] t=3380 MOVE attack->[132, 90] x8
[15:33:05] {"kind": "action", "what": "attack_move", "name": null, "qty": null, "ts": "15:33:05"}
[15:33:09] t=3384 RETREAT HTK(13%)
[15:33:09] {"kind": "action", "what": "move", "name": null, "qty": null, "ts": "15:33:09"}
[15:33:18] t=3393 MOVE attack->[132, 90] x8
[15:33:19] {"kind": "action", "what": "attack_move", "name": null, "qty": null, "ts": "15:33:19"}
[15:33:21] t=3396 MOVE RAID x3 -> 敌基地 (134, 79) (断经济)
[15:33:22] {"kind": "action", "what": "attack_move", "name": null, "qty": null, "ts": "15:33:22"}
[15:33:24] t=3399 RETREAT HTK(13%)
[15:33:24] {"kind": "action", "what": "move", "name": null, "qty": null, "ts": "15:33:24"}
[15:33:26] t=3401 RETREAT HTK(26%)
[15:33:26] {"kind": "action", "what": "move", "name": null, "qty": null, "ts": "15:33:26"}
[15:33:27] t=3402 tick#4300 credits=0 stance=attack | jev 1200 decisions p50=969ms
[15:33:32] t=3407 MOVE attack->[132, 90] x8
[15:33:32] {"kind": "action", "what": "attack_move", "name": null, "qty": null, "ts": "15:33:32"}
[15:33:33] t=3408 RETREAT HTK(26%)
[15:33:33] {"kind": "action", "what": "move", "name": null, "qty": null, "ts": "15:33:33"}
[15:33:44] t=3419 MOVE attack->[132, 90] x8
[15:33:44] {"kind": "action", "what": "attack_move", "name": null, "qty": null, "ts": "15:33:44"}
[15:33:48] t=3423 RETREAT E2(36%)
[15:33:48] {"kind": "action", "what": "move", "name": null, "qty": null, "ts": "15:33:48"}
[15:33:51] t=3426 MOVE RAID x3 -> 敌基地 (134, 79) (断经济)
[15:33:52] {"kind": "action", "what": "attack_move", "name": null, "qty": null, "ts": "15:33:52"}
[15:33:56] t=3431 MOVE attack->[132, 90] x8
[15:33:56] {"kind": "action", "what": "attack_move", "name": null, "qty": null, "ts": "15:33:56"}
[15:34:00] t=3435 RETREAT E2(18%)
[15:34:00] {"kind": "action", "what": "move", "name": null, "qty": null, "ts": "15:34:00"}
[15:34:05] t=3440 tick#4325 credits=975 stance=attack | jev 1200 decisions p50=969ms
[15:34:08] t=3443 MOVE attack->[132, 90] x8
[15:34:08] {"kind": "action", "what": "attack_move", "name": null, "qty": null, "ts": "15:34:08"}
[15:34:20] t=3455 MOVE attack->[132, 90] x9
[15:34:20] {"kind": "action", "what": "attack_move", "name": null, "qty": null, "ts": "15:34:20"}
[15:34:21] t=3456 MOVE RAID x3 -> 敌基地 (134, 79) (断经济)
[15:34:22] {"kind": "action", "what": "attack_move", "name": null, "qty": null, "ts": "15:34:22"}
[15:34:32] t=3467 MOVE attack->[132, 90] x9
[15:34:32] {"kind": "action", "what": "attack_move", "name": null, "qty": null, "ts": "15:34:32"}
[15:34:39] t=3474 RETREAT E2(9%)
[15:34:40] {"kind": "action", "what": "move", "name": null, "qty": null, "ts": "15:34:40"}
[15:34:43] t=3477 tick#4350 credits=722 stance=attack | jev 1200 decisions p50=969ms
[15:34:44] t=3479 MOVE attack->[132, 90] x9
[15:34:44] {"kind": "action", "what": "attack_move", "name": null, "qty": null, "ts": "15:34:44"}
[15:34:45] t=3480 AA HTK x2 (enemy air)
[15:34:46] {"kind": "action", "what": "produce", "name": "HTK", "qty": 2, "ts": "15:34:46"}
[15:34:52] t=3486 MOVE RAID x3 -> 敌基地 (134, 79) (断经济)
[15:34:52] {"kind": "action", "what": "attack_move", "name": null, "qty": null, "ts": "15:34:52"}
[15:34:56] t=3491 MOVE attack->[132, 90] x10
[15:34:56] {"kind": "action", "what": "attack_move", "name": null, "qty": null, "ts": "15:34:56"}
[15:34:57] t=3492 RETREAT HTNK(7%)
[15:34:58] {"kind": "action", "what": "move", "name": null, "qty": null, "ts": "15:34:58"}
[15:35:03] t=3498 RETREAT HTNK(26%)
[15:35:04] {"kind": "action", "what": "move", "name": null, "qty": null, "ts": "15:35:04"}
[15:35:08] t=3503 MOVE attack->[132, 90] x11
[15:35:08] {"kind": "action", "what": "attack_move", "name": null, "qty": null, "ts": "15:35:08"}
[15:35:15] t=3510 RETREAT HTK(20%)
[15:35:16] {"kind": "action", "what": "move", "name": null, "qty": null, "ts": "15:35:16"}
[15:35:20] t=3515 MOVE attack->[132, 90] x11
[15:35:20] {"kind": "action", "what": "attack_move", "name": null, "qty": null, "ts": "15:35:20"}
[15:35:20] t=3515 tick#4375 credits=0 stance=attack | jev 1200 decisions p50=969ms
[15:35:22] t=3516 MOVE RAID x3 -> 敌基地 (134, 79) (断经济)
[15:35:22] {"kind": "action", "what": "attack_move", "name": null, "qty": null, "ts": "15:35:22"}
[15:35:32] t=3527 MOVE attack->[132, 90] x11
[15:35:32] {"kind": "action", "what": "attack_move", "name": null, "qty": null, "ts": "15:35:32"}
[15:35:44] t=3539 MOVE attack->[132, 90] x11
[15:35:44] {"kind": "action", "what": "attack_move", "name": null, "qty": null, "ts": "15:35:44"}
[15:35:52] t=3546 MOVE RAID x3 -> 敌基地 (134, 79) (断经济)
[15:35:52] {"kind": "action", "what": "attack_move", "name": null, "qty": null, "ts": "15:35:52"}
[15:35:56] t=3551 MOVE attack->[132, 90] x11
[15:35:56] {"kind": "action", "what": "attack_move", "name": null, "qty": null, "ts": "15:35:56"}
[15:35:58] t=3552 tick#4400 credits=0 stance=attack | jev 1200 decisions p50=969ms
[15:36:08] t=3563 MOVE attack->[132, 90] x11
[15:36:08] {"kind": "action", "what": "attack_move", "name": null, "qty": null, "ts": "15:36:08"}
[15:36:20] t=3575 MOVE attack->[132, 90] x12
[15:36:20] {"kind": "action", "what": "attack_move", "name": null, "qty": null, "ts": "15:36:20"}
[15:36:22] t=3576 MOVE RAID x3 -> 敌基地 (134, 79) (断经济)
[15:36:22] {"kind": "action", "what": "attack_move", "name": null, "qty": null, "ts": "15:36:22"}
[15:36:32] t=3587 MOVE attack->[132, 90] x12
[15:36:32] {"kind": "action", "what": "attack_move", "name": null, "qty": null, "ts": "15:36:32"}
[15:36:34] t=3588 RETREAT HTNK(22%)
[15:36:34] {"kind": "action", "what": "move", "name": null, "qty": null, "ts": "15:36:34"}
[15:36:35] t=3590 tick#4425 credits=475 stance=attack | jev 1200 decisions p50=969ms
[15:36:46] t=3600 MOVE attack->[132, 90] x12
[15:36:46] {"kind": "action", "what": "attack_move", "name": null, "qty": null, "ts": "15:36:46"}
[15:36:52] t=3606 MOVE RAID x3 -> 敌基地 (134, 79) (断经济)
[15:36:52] {"kind": "action", "what": "attack_move", "name": null, "qty": null, "ts": "15:36:52"}
[15:36:58] t=3612 MOVE attack->[132, 90] x12
[15:36:58] {"kind": "action", "what": "attack_move", "name": null, "qty": null, "ts": "15:36:58"}
[15:37:10] t=3624 MOVE attack->[132, 90] x12
[15:37:10] {"kind": "action", "what": "attack_move", "name": null, "qty": null, "ts": "15:37:10"}
[15:37:13] t=3627 tick#4450 credits=1497 stance=attack | jev 1200 decisions p50=969ms
[15:37:22] t=3636 MOVE RAID x3 -> 敌基地 (134, 79) (断经济) | attack->[132, 90] x13
[15:37:22] {"kind": "action", "what": "attack_move", "name": null, "qty": null, "ts": "15:37:22"}
[15:37:22] {"kind": "action", "what": "attack_move", "name": null, "qty": null, "ts": "15:37:22"}
[15:37:34] t=3648 MOVE attack->[132, 90] x13
[15:37:34] {"kind": "action", "what": "attack_move", "name": null, "qty": null, "ts": "15:37:34"}
[15:37:40] t=3654 AA HTK x2 (enemy air)
[15:37:40] {"kind": "action", "what": "produce", "name": "HTK", "qty": 2, "ts": "15:37:40"}
[15:37:46] t=3660 MOVE attack->[132, 90] x14
[15:37:46] {"kind": "action", "what": "attack_move", "name": null, "qty": null, "ts": "15:37:46"}
[15:37:50] t=3665 tick#4475 credits=460 stance=attack | jev 1200 decisions p50=969ms
[15:37:52] t=3666 MOVE RAID x3 -> 敌基地 (134, 79) (断经济)
[15:37:52] {"kind": "action", "what": "attack_move", "name": null, "qty": null, "ts": "15:37:52"}
[15:37:58] t=3672 MOVE attack->[132, 90] x14
[15:37:58] {"kind": "action", "what": "attack_move", "name": null, "qty": null, "ts": "15:37:58"}
[15:38:10] t=3684 MOVE attack->[132, 90] x15
[15:38:10] {"kind": "action", "what": "attack_move", "name": null, "qty": null, "ts": "15:38:10"}
[15:38:11] t=3686 RETREAT HTK(13%)
[15:38:11] {"kind": "action", "what": "move", "name": null, "qty": null, "ts": "15:38:11"}
[15:38:22] t=3696 MOVE RAID x3 -> 敌基地 (134, 79) (断经济) | attack->[132, 90] x15
[15:38:22] {"kind": "action", "what": "attack_move", "name": null, "qty": null, "ts": "15:38:22"}
[15:38:22] {"kind": "action", "what": "attack_move", "name": null, "qty": null, "ts": "15:38:22"}
[15:38:26] t=3701 RETREAT HTK(13%)
[15:38:26] {"kind": "action", "what": "move", "name": null, "qty": null, "ts": "15:38:26"}
[15:38:28] t=3702 RETREAT HTK(26%)
[15:38:28] {"kind": "action", "what": "move", "name": null, "qty": null, "ts": "15:38:28"}
[15:38:28] t=3702 tick#4500 credits=0 stance=attack | jev 1200 decisions p50=969ms
[15:38:34] t=3708 MOVE attack->[132, 90] x16
[15:38:34] {"kind": "action", "what": "attack_move", "name": null, "qty": null, "ts": "15:38:34"}
[15:38:35] t=3710 RETREAT HTK(26%)
[15:38:35] {"kind": "action", "what": "move", "name": null, "qty": null, "ts": "15:38:35"}
[15:38:46] t=3720 MOVE attack->[132, 90] x16
[15:38:46] {"kind": "action", "what": "attack_move", "name": null, "qty": null, "ts": "15:38:46"}
[15:38:50] t=3725 RETREAT E2(36%)
[15:38:50] {"kind": "action", "what": "move", "name": null, "qty": null, "ts": "15:38:50"}
[15:38:52] t=3726 MOVE RAID x3 -> 敌基地 (134, 79) (断经济)
[15:38:52] {"kind": "action", "what": "attack_move", "name": null, "qty": null, "ts": "15:38:52"}
[15:38:59] t=3734 MOVE attack->[132, 90] x16
[15:38:59] {"kind": "action", "what": "attack_move", "name": null, "qty": null, "ts": "15:38:59"}
[15:39:02] t=3737 RETREAT E2(18%)
[15:39:02] {"kind": "action", "what": "move", "name": null, "qty": null, "ts": "15:39:02"}
[15:39:05] t=3740 tick#4525 credits=425 stance=attack | jev 1200 decisions p50=969ms
[15:39:13] t=3747 MOVE attack->[132, 90] x16
[15:39:13] {"kind": "action", "what": "attack_move", "name": null, "qty": null, "ts": "15:39:13"}
[15:39:22] t=3756 MOVE RAID x3 -> 敌基地 (134, 79) (断经济)
[15:39:22] {"kind": "action", "what": "attack_move", "name": null, "qty": null, "ts": "15:39:22"}
[15:39:25] t=3759 MOVE attack->[132, 90] x17
[15:39:25] {"kind": "action", "what": "attack_move", "name": null, "qty": null, "ts": "15:39:25"}
[15:39:37] t=3771 MOVE attack->[132, 90] x17
[15:39:37] {"kind": "action", "what": "attack_move", "name": null, "qty": null, "ts": "15:39:37"}
[15:39:41] t=3776 RETREAT E2(9%)
[15:39:41] {"kind": "action", "what": "move", "name": null, "qty": null, "ts": "15:39:41"}
[15:39:43] t=3777 tick#4550 credits=0 stance=attack | jev 1200 decisions p50=969ms
[15:39:49] t=3783 MOVE attack->[132, 90] x17
[15:39:49] {"kind": "action", "what": "attack_move", "name": null, "qty": null, "ts": "15:39:49"}
[15:39:52] t=3786 MOVE RAID x3 -> 敌基地 (134, 79) (断经济)
[15:39:52] {"kind": "action", "what": "attack_move", "name": null, "qty": null, "ts": "15:39:52"}
[15:39:59] t=3794 RETREAT HTNK(7%)
[15:39:59] {"kind": "action", "what": "move", "name": null, "qty": null, "ts": "15:39:59"}
[15:40:02] t=3797 MOVE attack->[132, 90] x17
[15:40:02] {"kind": "action", "what": "attack_move", "name": null, "qty": null, "ts": "15:40:02"}
[15:40:05] t=3800 RETREAT HTNK(26%)
[15:40:05] {"kind": "action", "what": "move", "name": null, "qty": null, "ts": "15:40:05"}
[15:40:14] t=3809 MOVE attack->[132, 90] x17
[15:40:14] {"kind": "action", "what": "attack_move", "name": null, "qty": null, "ts": "15:40:14"}
[15:40:17] t=3812 RETREAT HTK(20%)
[15:40:17] {"kind": "action", "what": "move", "name": null, "qty": null, "ts": "15:40:17"}
[15:40:20] t=3815 tick#4575 credits=0 stance=attack | jev 1200 decisions p50=969ms
[15:40:22] t=3816 MOVE RAID x3 -> 敌基地 (134, 79) (断经济)
[15:40:22] {"kind": "action", "what": "attack_move", "name": null, "qty": null, "ts": "15:40:22"}
[15:40:26] t=3821 MOVE attack->[132, 90] x17
[15:40:26] {"kind": "action", "what": "attack_move", "name": null, "qty": null, "ts": "15:40:26"}
[15:40:38] t=3833 MOVE attack->[132, 90] x17
[15:40:38] {"kind": "action", "what": "attack_move", "name": null, "qty": null, "ts": "15:40:38"}
[15:40:50] t=3845 MOVE attack->[132, 90] x18
[15:40:50] {"kind": "action", "what": "attack_move", "name": null, "qty": null, "ts": "15:40:50"}
[15:40:52] t=3846 MOVE RAID x3 -> 敌基地 (134, 79) (断经济)
[15:40:52] {"kind": "action", "what": "attack_move", "name": null, "qty": null, "ts": "15:40:52"}
[15:40:58] t=3852 tick#4600 credits=400 stance=attack | jev 1200 decisions p50=969ms
[15:41:02] t=3857 MOVE attack->[132, 90] x18
[15:41:02] {"kind": "action", "what": "attack_move", "name": null, "qty": null, "ts": "15:41:02"}
[15:41:14] t=3869 MOVE attack->[132, 90] x18
[15:41:14] {"kind": "action", "what": "attack_move", "name": null, "qty": null, "ts": "15:41:14"}
[15:41:22] t=3876 TANK HTNK x1
[15:41:22] t=3876 AA HTK x2 (enemy air)
[15:41:52] exec ERR produce agent-browser hang: eval -b X19yai5vLnByb2R1Y2UoIkhUTksiLDEp (killed tree)
[15:42:22] exec ERR produce agent-browser hang: eval -b X19yai5vLnByb2R1Y2UoIkhUSyIsMik= (killed tree)
[15:42:28] scout ERR agent-browser[eval] rc=1: ✗ Evaluation error: ReferenceError: __rj is not defined
    at <anonymous>
[15:42:28] t=3876 MOVE RAID x3 -> 敌基地 (134, 79) (断经济) | attack->[132, 90] x18
[15:42:28] exec ERR attack_move agent-browser[eval] rc=1: ✗ Evaluation error: ReferenceError: __rj is not defined
    at <anonymous>:1:1
[15:42:28] exec ERR attack_move agent-browser[eval] rc=1: ✗ Evaluation error: ReferenceError: __rj is not defined
    at <anonymous>:1:1
[15:42:28] tick ERR agent-browser[eval] rc=1: ✗ Evaluation error: ReferenceError: __rj is not defined
    at <anonymous>:1:1
[15:42:31] tick ERR agent-browser[eval] rc=1: ✗ Evaluation error: ReferenceError: __rj is not defined
    at <anonymous>:1:1
[15:42:34] tick ERR agent-browser[eval] rc=1: ✗ Evaluation error: ReferenceError: __rj is not defined
    at <anonymous>:1:1
[15:42:37] tick ERR agent-browser[eval] rc=1: ✗ Evaluation error: ReferenceError: __rj is not defined
    at <anonymous>:1:1
[15:42:40] tick ERR agent-browser[eval] rc=1: ✗ Evaluation error: ReferenceError: __rj is not defined
    at <anonymous>:1:1
[15:42:43] tick ERR agent-browser[eval] rc=1: ✗ Evaluation error: ReferenceError: __rj is not defined
    at <anonymous>:1:1
[15:42:46] tick ERR agent-browser[eval] rc=1: ✗ Evaluation error: ReferenceError: __rj is not defined
    at <anonymous>:1:1
[15:42:49] tick ERR agent-browser[eval] rc=1: ✗ Evaluation error: ReferenceError: __rj is not defined
    at <anonymous>:1:1
[15:42:52] tick ERR agent-browser[eval] rc=1: ✗ Evaluation error: ReferenceError: __rj is not defined
    at <anonymous>:1:1
[15:42:55] tick ERR agent-browser[eval] rc=1: ✗ Evaluation error: ReferenceError: __rj is not defined
    at <anonymous>:1:1
[15:42:59] tick ERR agent-browser[eval] rc=1: ✗ Evaluation error: ReferenceError: __rj is not defined
    at <anonymous>:1:1
[15:43:02] tick ERR agent-browser[eval] rc=1: ✗ Evaluation error: ReferenceError: __rj is not defined
    at <anonymous>:1:1
[15:43:05] tick ERR agent-browser[eval] rc=1: ✗ Evaluation error: ReferenceError: __rj is not defined
    at <anonymous>:1:1
[15:43:08] tick ERR agent-browser[eval] rc=1: ✗ Evaluation error: ReferenceError: __rj is not defined
    at <anonymous>:1:1
[15:43:11] tick ERR agent-browser[eval] rc=1: ✗ Evaluation error: ReferenceError: __rj is not defined
    at <anonymous>:1:1
[15:43:14] tick ERR agent-browser[eval] rc=1: ✗ Evaluation error: ReferenceError: __rj is not defined
    at <anonymous>:1:1
[15:43:17] tick ERR agent-browser[eval] rc=1: ✗ Evaluation error: ReferenceError: __rj is not defined
    at <anonymous>:1:1
[15:43:20] tick ERR agent-browser[eval] rc=1: ✗ Evaluation error: ReferenceError: __rj is not defined
    at <anonymous>:1:1
[15:43:23] tick ERR agent-browser[eval] rc=1: ✗ Evaluation error: ReferenceError: __rj is not defined
    at <anonymous>:1:1
[15:43:26] tick ERR agent-browser[eval] rc=1: ✗ Evaluation error: ReferenceError: __rj is not defined
    at <anonymous>:1:1
[15:43:29] tick ERR agent-browser[eval] rc=1: ✗ Evaluation error: ReferenceError: __rj is not defined
    at <anonymous>:1:1
[15:43:32] tick ERR agent-browser[eval] rc=1: ✗ Evaluation error: ReferenceError: __rj is not defined
    at <anonymous>:1:1
[15:43:35] tick ERR agent-browser[eval] rc=1: ✗ Evaluation error: ReferenceError: __rj is not defined
    at <anonymous>:1:1
[15:43:38] tick ERR agent-browser[eval] rc=1: ✗ Evaluation error: ReferenceError: __rj is not defined
    at <anonymous>:1:1
[15:43:41] tick ERR agent-browser[eval] rc=1: ✗ Evaluation error: ReferenceError: __rj is not defined
    at <anonymous>:1:1
[15:43:44] tick ERR agent-browser[eval] rc=1: ✗ Evaluation error: ReferenceError: __rj is not defined
    at <anonymous>:1:1
[15:43:47] tick ERR agent-browser[eval] rc=1: ✗ Evaluation error: ReferenceError: __rj is not defined
    at <anonymous>:1:1
[15:43:50] tick ERR agent-browser[eval] rc=1: ✗ Evaluation error: ReferenceError: __rj is not defined
    at <anonymous>:1:1
[15:43:53] tick ERR agent-browser[eval] rc=1: ✗ Evaluation error: ReferenceError: __rj is not defined
    at <anonymous>:1:1
[15:43:56] tick ERR agent-browser[eval] rc=1: ✗ Evaluation error: ReferenceError: __rj is not defined
    at <anonymous>:1:1
[15:43:59] tick ERR agent-browser[eval] rc=1: ✗ Evaluation error: ReferenceError: __rj is not defined
    at <anonymous>:1:1
[15:44:02] tick ERR agent-browser[eval] rc=1: ✗ Evaluation error: ReferenceError: __rj is not defined
    at <anonymous>:1:1
[15:44:05] tick ERR agent-browser[eval] rc=1: ✗ Evaluation error: ReferenceError: __rj is not defined
    at <anonymous>:1:1
[15:44:08] tick ERR agent-browser[eval] rc=1: ✗ Evaluation error: ReferenceError: __rj is not defined
    at <anonymous>:1:1
[15:44:11] tick ERR agent-browser[eval] rc=1: ✗ Evaluation error: ReferenceError: __rj is not defined
    at <anonymous>:1:1
[15:44:15] tick ERR agent-browser[eval] rc=1: ✗ Evaluation error: ReferenceError: __rj is not defined
    at <anonymous>:1:1
[15:44:18] tick ERR agent-browser[eval] rc=1: ✗ Evaluation error: ReferenceError: __rj is not defined
    at <anonymous>:1:1
[15:44:21] tick ERR agent-browser[eval] rc=1: ✗ Evaluation error: ReferenceError: __rj is not defined
    at <anonymous>:1:1
[15:44:24] tick ERR agent-browser[eval] rc=1: ✗ Evaluation error: ReferenceError: __rj is not defined
    at <anonymous>:1:1
[15:44:27] tick ERR agent-browser[eval] rc=1: ✗ Evaluation error: ReferenceError: __rj is not defined
    at <anonymous>:1:1
[15:44:30] tick ERR agent-browser[eval] rc=1: ✗ Evaluation error: ReferenceError: __rj is not defined
    at <anonymous>:1:1
[15:44:33] tick ERR agent-browser[eval] rc=1: ✗ Evaluation error: ReferenceError: __rj is not defined
    at <anonymous>:1:1
[15:44:36] tick ERR agent-browser[eval] rc=1: ✗ Evaluation error: ReferenceError: __rj is not defined
    at <anonymous>:1:1
[15:44:39] tick ERR agent-browser[eval] rc=1: ✗ Evaluation error: ReferenceError: __rj is not defined
    at <anonymous>:1:1
[15:44:42] tick ERR agent-browser[eval] rc=1: ✗ Evaluation error: ReferenceError: __rj is not defined
    at <anonymous>:1:1
[15:44:45] tick ERR agent-browser[eval] rc=1: ✗ Evaluation error: ReferenceError: __rj is not defined
    at <anonymous>:1:1
[15:44:48] tick ERR agent-browser[eval] rc=1: ✗ Evaluation error: ReferenceError: __rj is not defined
    at <anonymous>:1:1
[15:44:51] tick ERR agent-browser[eval] rc=1: ✗ Evaluation error: ReferenceError: __rj is not defined
    at <anonymous>:1:1
[15:44:54] tick ERR agent-browser[eval] rc=1: ✗ Evaluation error: ReferenceError: __rj is not defined
    at <anonymous>:1:1
[15:44:57] tick ERR agent-browser[eval] rc=1: ✗ Evaluation error: ReferenceError: __rj is not defined
    at <anonymous>:1:1
[15:45:00] tick ERR agent-browser[eval] rc=1: ✗ Evaluation error: ReferenceError: __rj is not defined
    at <anonymous>:1:1
[15:45:03] tick ERR agent-browser[eval] rc=1: ✗ Evaluation error: ReferenceError: __rj is not defined
    at <anonymous>:1:1
[15:45:06] tick ERR agent-browser[eval] rc=1: ✗ Evaluation error: ReferenceError: __rj is not defined
    at <anonymous>:1:1
[15:45:09] tick ERR agent-browser[eval] rc=1: ✗ Evaluation error: ReferenceError: __rj is not defined
    at <anonymous>:1:1
[15:45:12] tick ERR agent-browser[eval] rc=1: ✗ Evaluation error: ReferenceError: __rj is not defined
    at <anonymous>:1:1
[15:45:15] tick ERR agent-browser[eval] rc=1: ✗ Evaluation error: ReferenceError: __rj is not defined
    at <anonymous>:1:1
[15:45:18] tick ERR agent-browser[eval] rc=1: ✗ Evaluation error: ReferenceError: __rj is not defined
    at <anonymous>:1:1
[15:45:21] tick ERR agent-browser[eval] rc=1: ✗ Evaluation error: ReferenceError: __rj is not defined
    at <anonymous>:1:1
[15:45:24] tick ERR agent-browser[eval] rc=1: ✗ Evaluation error: ReferenceError: __rj is not defined
    at <anonymous>:1:1
[15:45:27] tick ERR agent-browser[eval] rc=1: ✗ Evaluation error: ReferenceError: __rj is not defined
    at <anonymous>:1:1
[15:45:30] tick ERR agent-browser[eval] rc=1: ✗ Evaluation error: ReferenceError: __rj is not defined
    at <anonymous>:1:1
[15:45:34] tick ERR agent-browser[eval] rc=1: ✗ Evaluation error: ReferenceError: __rj is not defined
    at <anonymous>:1:1
[15:45:37] tick ERR agent-browser[eval] rc=1: ✗ Evaluation error: ReferenceError: __rj is not defined
    at <anonymous>:1:1
[15:45:40] tick ERR agent-browser[eval] rc=1: ✗ Evaluation error: ReferenceError: __rj is not defined
    at <anonymous>:1:1
[15:45:43] tick ERR agent-browser[eval] rc=1: ✗ Evaluation error: ReferenceError: __rj is not defined
    at <anonymous>:1:1
[15:45:46] tick ERR agent-browser[eval] rc=1: ✗ Evaluation error: ReferenceError: __rj is not defined
    at <anonymous>:1:1
[15:45:49] tick ERR agent-browser[eval] rc=1: ✗ Evaluation error: ReferenceError: __rj is not defined
    at <anonymous>:1:1
[15:45:52] tick ERR agent-browser[eval] rc=1: ✗ Evaluation error: ReferenceError: __rj is not defined
    at <anonymous>:1:1
[15:45:55] tick ERR agent-browser[eval] rc=1: ✗ Evaluation error: ReferenceError: __rj is not defined
    at <anonymous>:1:1
[15:45:58] tick ERR agent-browser[eval] rc=1: ✗ Evaluation error: ReferenceError: __rj is not defined
    at <anonymous>:1:1
[15:46:01] tick ERR agent-browser[eval] rc=1: ✗ Evaluation error: ReferenceError: __rj is not defined
    at <anonymous>:1:1
[15:46:04] tick ERR agent-browser[eval] rc=1: ✗ Evaluation error: ReferenceError: __rj is not defined
    at <anonymous>:1:1
[15:46:07] tick ERR agent-browser[eval] rc=1: ✗ Evaluation error: ReferenceError: __rj is not defined
    at <anonymous>:1:1
[15:46:10] tick ERR agent-browser[eval] rc=1: ✗ Evaluation error: ReferenceError: __rj is not defined
    at <anonymous>:1:1
[15:46:13] tick ERR agent-browser[eval] rc=1: ✗ Evaluation error: ReferenceError: __rj is not defined
    at <anonymous>:1:1
[15:46:16] tick ERR agent-browser[eval] rc=1: ✗ Evaluation error: ReferenceError: __rj is not defined
    at <anonymous>:1:1
[15:46:19] tick ERR agent-browser[eval] rc=1: ✗ Evaluation error: ReferenceError: __rj is not defined
    at <anonymous>:1:1
[15:46:22] tick ERR agent-browser[eval] rc=1: ✗ Evaluation error: ReferenceError: __rj is not defined
    at <anonymous>:1:1
[15:46:25] tick ERR agent-browser[eval] rc=1: ✗ Evaluation error: ReferenceError: __rj is not defined
    at <anonymous>:1:1
[15:46:28] tick ERR agent-browser[eval] rc=1: ✗ Evaluation error: ReferenceError: __rj is not defined
    at <anonymous>:1:1
[15:46:31] tick ERR agent-browser[eval] rc=1: ✗ Evaluation error: ReferenceError: __rj is not defined
    at <anonymous>:1:1
[15:46:34] tick ERR agent-browser[eval] rc=1: ✗ Evaluation error: ReferenceError: __rj is not defined
    at <anonymous>:1:1
[15:46:37] tick ERR agent-browser[eval] rc=1: ✗ Evaluation error: ReferenceError: __rj is not defined
    at <anonymous>:1:1
[15:46:40] tick ERR agent-browser[eval] rc=1: ✗ Evaluation error: ReferenceError: __rj is not defined
    at <anonymous>:1:1
[15:46:43] tick ERR agent-browser[eval] rc=1: ✗ Evaluation error: ReferenceError: __rj is not defined
    at <anonymous>:1:1
[15:46:46] tick ERR agent-browser[eval] rc=1: ✗ Evaluation error: ReferenceError: __rj is not defined
    at <anonymous>:1:1
[15:46:49] tick ERR agent-browser[eval] rc=1: ✗ Evaluation error: ReferenceError: __rj is not defined
    at <anonymous>:1:1
[15:46:52] tick ERR agent-browser[eval] rc=1: ✗ Evaluation error: ReferenceError: __rj is not defined
    at <anonymous>:1:1
[15:46:56] tick ERR agent-browser[eval] rc=1: ✗ Evaluation error: ReferenceError: __rj is not defined
    at <anonymous>:1:1
[15:46:59] tick ERR agent-browser[eval] rc=1: ✗ Evaluation error: ReferenceError: __rj is not defined
    at <anonymous>:1:1
[15:47:02] tick ERR agent-browser[eval] rc=1: ✗ Evaluation error: ReferenceError: __rj is not defined
    at <anonymous>:1:1
[15:47:05] tick ERR agent-browser[eval] rc=1: ✗ Evaluation error: ReferenceError: __rj is not defined
    at <anonymous>:1:1
[15:47:08] tick ERR agent-browser[eval] rc=1: ✗ Evaluation error: ReferenceError: __rj is not defined
    at <anonymous>:1:1
[15:47:11] tick ERR agent-browser[eval] rc=1: ✗ Evaluation error: ReferenceError: __rj is not defined
    at <anonymous>:1:1
[15:47:14] tick ERR agent-browser[eval] rc=1: ✗ Evaluation error: ReferenceError: __rj is not defined
    at <anonymous>:1:1
[15:47:17] tick ERR agent-browser[eval] rc=1: ✗ Evaluation error: ReferenceError: __rj is not defined
    at <anonymous>:1:1
[15:47:20] tick ERR agent-browser[eval] rc=1: ✗ Evaluation error: ReferenceError: __rj is not defined
    at <anonymous>:1:1
[15:47:23] tick ERR agent-browser[eval] rc=1: ✗ Evaluation error: ReferenceError: __rj is not defined
    at <anonymous>:1:1
[15:47:26] tick ERR agent-browser[eval] rc=1: ✗ Evaluation error: ReferenceError: __rj is not defined
    at <anonymous>:1:1
[15:47:29] tick ERR agent-browser[eval] rc=1: ✗ Evaluation error: ReferenceError: __rj is not defined
    at <anonymous>:1:1
[15:47:32] tick ERR agent-browser[eval] rc=1: ✗ Evaluation error: ReferenceError: __rj is not defined
    at <anonymous>:1:1
[15:47:35] tick ERR agent-browser[eval] rc=1: ✗ Evaluation error: ReferenceError: __rj is not defined
    at <anonymous>:1:1
[15:47:38] tick ERR agent-browser[eval] rc=1: ✗ Evaluation error: ReferenceError: __rj is not defined
    at <anonymous>:1:1
[15:47:41] tick ERR agent-browser[eval] rc=1: ✗ Evaluation error: ReferenceError: __rj is not defined
    at <anonymous>:1:1
[15:47:44] tick ERR agent-browser[eval] rc=1: ✗ Evaluation error: ReferenceError: __rj is not defined
    at <anonymous>:1:1
[15:47:47] tick ERR agent-browser[eval] rc=1: ✗ Evaluation error: ReferenceError: __rj is not defined
    at <anonymous>:1:1
[15:47:50] tick ERR agent-browser[eval] rc=1: ✗ Evaluation error: ReferenceError: __rj is not defined
    at <anonymous>:1:1
[15:47:53] tick ERR agent-browser[eval] rc=1: ✗ Evaluation error: ReferenceError: __rj is not defined
    at <anonymous>:1:1
[15:47:56] tick ERR agent-browser[eval] rc=1: ✗ Evaluation error: ReferenceError: __rj is not defined
    at <anonymous>:1:1
[15:47:59] tick ERR agent-browser[eval] rc=1: ✗ Evaluation error: ReferenceError: __rj is not defined
    at <anonymous>:1:1
[15:48:02] tick ERR agent-browser[eval] rc=1: ✗ Evaluation error: ReferenceError: __rj is not defined
    at <anonymous>:1:1
[15:48:05] tick ERR agent-browser[eval] rc=1: ✗ Evaluation error: ReferenceError: __rj is not defined
    at <anonymous>:1:1
[15:48:08] tick ERR agent-browser[eval] rc=1: ✗ Evaluation error: ReferenceError: __rj is not defined
    at <anonymous>:1:1
[15:48:12] tick ERR agent-browser[eval] rc=1: ✗ Evaluation error: ReferenceError: __rj is not defined
    at <anonymous>:1:1
[15:48:15] tick ERR agent-browser[eval] rc=1: ✗ Evaluation error: ReferenceError: __rj is not defined
    at <anonymous>:1:1
[15:48:18] tick ERR agent-browser[eval] rc=1: ✗ Evaluation error: ReferenceError: __rj is not defined
    at <anonymous>:1:1
[15:48:21] tick ERR agent-browser[eval] rc=1: ✗ Evaluation error: ReferenceError: __rj is not defined
    at <anonymous>:1:1
[15:48:24] tick ERR agent-browser[eval] rc=1: ✗ Evaluation error: ReferenceError: __rj is not defined
    at <anonymous>:1:1
[15:48:27] tick ERR agent-browser[eval] rc=1: ✗ Evaluation error: ReferenceError: __rj is not defined
    at <anonymous>:1:1
[15:48:30] tick ERR agent-browser[eval] rc=1: ✗ Evaluation error: ReferenceError: __rj is not defined
    at <anonymous>:1:1
[15:48:33] tick ERR agent-browser[eval] rc=1: ✗ Evaluation error: ReferenceError: __rj is not defined
    at <anonymous>:1:1
[15:48:36] tick ERR agent-browser[eval] rc=1: ✗ Evaluation error: ReferenceError: __rj is not defined
    at <anonymous>:1:1
[15:48:39] tick ERR agent-browser[eval] rc=1: ✗ Evaluation error: ReferenceError: __rj is not defined
    at <anonymous>:1:1
[15:48:42] tick ERR agent-browser[eval] rc=1: ✗ Evaluation error: ReferenceError: __rj is not defined
    at <anonymous>:1:1
[15:48:45] tick ERR agent-browser[eval] rc=1: ✗ Evaluation error: ReferenceError: __rj is not defined
    at <anonymous>:1:1
[15:48:48] tick ERR agent-browser[eval] rc=1: ✗ Evaluation error: ReferenceError: __rj is not defined
    at <anonymous>:1:1
[15:48:51] tick ERR agent-browser[eval] rc=1: ✗ Evaluation error: ReferenceError: __rj is not defined
    at <anonymous>:1:1
[15:48:54] tick ERR agent-browser[eval] rc=1: ✗ Evaluation error: ReferenceError: __rj is not defined
    at <anonymous>:1:1
[15:48:57] tick ERR agent-browser[eval] rc=1: ✗ Evaluation error: ReferenceError: __rj is not defined
    at <anonymous>:1:1
[15:49:00] tick ERR agent-browser[eval] rc=1: ✗ Evaluation error: ReferenceError: __rj is not defined
    at <anonymous>:1:1
[15:49:03] tick ERR agent-browser[eval] rc=1: ✗ Evaluation error: ReferenceError: __rj is not defined
    at <anonymous>:1:1
[15:49:06] tick ERR agent-browser[eval] rc=1: ✗ Evaluation error: ReferenceError: __rj is not defined
    at <anonymous>:1:1
[15:49:09] tick ERR agent-browser[eval] rc=1: ✗ Evaluation error: ReferenceError: __rj is not defined
    at <anonymous>:1:1
[15:49:12] tick ERR agent-browser[eval] rc=1: ✗ Evaluation error: ReferenceError: __rj is not defined
    at <anonymous>:1:1
[15:49:15] tick ERR agent-browser[eval] rc=1: ✗ Evaluation error: ReferenceError: __rj is not defined
    at <anonymous>:1:1
[15:49:18] tick ERR agent-browser[eval] rc=1: ✗ Evaluation error: ReferenceError: __rj is not defined
    at <anonymous>:1:1
[15:49:21] tick ERR agent-browser[eval] rc=1: ✗ Evaluation error: ReferenceError: __rj is not defined
    at <anonymous>:1:1
[15:49:24] tick ERR agent-browser[eval] rc=1: ✗ Evaluation error: ReferenceError: __rj is not defined
    at <anonymous>:1:1
[15:49:27] tick ERR agent-browser[eval] rc=1: ✗ Evaluation error: ReferenceError: __rj is not defined
    at <anonymous>:1:1
[15:49:31] tick ERR agent-browser[eval] rc=1: ✗ Evaluation error: ReferenceError: __rj is not defined
    at <anonymous>:1:1
[15:49:34] tick ERR agent-browser[eval] rc=1: ✗ Evaluation error: ReferenceError: __rj is not defined
    at <anonymous>:1:1
[15:49:37] tick ERR agent-browser[eval] rc=1: ✗ Evaluation error: ReferenceError: __rj is not defined
    at <anonymous>:1:1
[15:49:40] tick ERR agent-browser[eval] rc=1: ✗ Evaluation error: ReferenceError: __rj is not defined
    at <anonymous>:1:1
[15:49:43] tick ERR agent-browser[eval] rc=1: ✗ Evaluation error: ReferenceError: __rj is not defined
    at <anonymous>:1:1
[15:49:46] tick ERR agent-browser[eval] rc=1: ✗ Evaluation error: ReferenceError: __rj is not defined
    at <anonymous>:1:1
[15:49:49] tick ERR agent-browser[eval] rc=1: ✗ Evaluation error: ReferenceError: __rj is not defined
    at <anonymous>:1:1
[15:49:52] tick ERR agent-browser[eval] rc=1: ✗ Evaluation error: ReferenceError: __rj is not defined
    at <anonymous>:1:1
[15:49:55] tick ERR agent-browser[eval] rc=1: ✗ Evaluation error: ReferenceError: __rj is not defined
    at <anonymous>:1:1
[15:49:58] tick ERR agent-browser[eval] rc=1: ✗ Evaluation error: ReferenceError: __rj is not defined
    at <anonymous>:1:1
[15:50:01] tick ERR agent-browser[eval] rc=1: ✗ Evaluation error: ReferenceError: __rj is not defined
    at <anonymous>:1:1
[15:50:05] tick ERR agent-browser[eval] rc=1: ✗ Evaluation error: ReferenceError: __rj is not defined
    at <anonymous>:1:1
[15:50:19] t=14 tick#4775 credits=9704 stance=defend | jev 1200 decisions p50=969ms
[15:50:56] t=51 tick#4800 credits=8781 stance=defend | jev 1200 decisions p50=969ms
[15:51:34] t=89 tick#4825 credits=7874 stance=defend | jev 1200 decisions p50=969ms
[15:51:56] t=111 OPENING BUILD NAHAND
[15:51:56] {"kind": "action", "what": "produce", "name": "NAHAND", "qty": 1, "ts": "15:51:56"}
[15:52:11] t=126 tick#4850 credits=6986 stance=defend | jev 1200 decisions p50=969ms
[15:52:49] t=164 tick#4875 credits=4605 stance=defend | jev 1200 decisions p50=969ms
[15:53:01] t=176 ALARM 敌军逼近 -> counter 5 vs 1 -> [73, 110]
[15:53:01] {"kind": "action", "what": "attack_move", "name": null, "qty": null, "ts": "15:53:01"}
[15:53:27] t=201 tick#4900 credits=2266 stance=defend | jev 1200 decisions p50=969ms
[15:53:43] t=218 INSURE AA building
[15:53:43] {"kind": "action", "what": "produce", "name": "NAFLAK", "qty": 1, "ts": "15:53:43"}
[15:54:04] t=239 tick#4925 credits=1246 stance=defend | jev 1200 decisions p50=969ms
[15:54:42] t=277 tick#4950 credits=0 stance=defend | jev 1200 decisions p50=969ms
[15:54:45] t=280 ALARM 单位损失 -> counter 17 vs 10 -> [70, 117]
[15:54:45] {"kind": "action", "what": "attack_move", "name": null, "qty": null, "ts": "15:54:45"}
[15:54:57] t=292 ALARM 单位损失 -> counter 15 vs 10 -> [70, 117]
[15:54:57] {"kind": "action", "what": "attack_move", "name": null, "qty": null, "ts": "15:54:57"}
[15:55:06] t=301 ALARM 单位损失 -> counter 13 vs 10 -> [70, 117]
[15:55:06] {"kind": "action", "what": "attack_move", "name": null, "qty": null, "ts": "15:55:06"}
[15:55:15] t=310 RETREAT E2(10%)
[15:55:15] {"kind": "action", "what": "move", "name": null, "qty": null, "ts": "15:55:15"}
[15:55:16] t=311 ALARM 单位损失 -> TURTLE (11 v 15, 守塔阵不打野战)
[15:55:16] {"kind": "action", "what": "attack_move", "name": null, "qty": null, "ts": "15:55:16"}
[15:55:19] t=314 tick#4975 credits=0 stance=defend | jev 1200 decisions p50=969ms
[15:55:36] t=331 ALARM 单位损失 -> TURTLE (10 v 19, 守塔阵不打野战)
[15:55:36] {"kind": "action", "what": "attack_move", "name": null, "qty": null, "ts": "15:55:36"}
[15:55:39] t=334 RETREAT E2(31%)
[15:55:39] {"kind": "action", "what": "move", "name": null, "qty": null, "ts": "15:55:39"}
[15:55:43] t=338 RETREAT E2(6%)
[15:55:43] {"kind": "action", "what": "move", "name": null, "qty": null, "ts": "15:55:43"}
[15:55:45] t=340 ALARM 单位损失 -> TURTLE (7 v 18, 守塔阵不打野战)
[15:55:45] {"kind": "action", "what": "attack_move", "name": null, "qty": null, "ts": "15:55:45"}
[15:55:49] t=344 RETREAT E2(30%)
[15:55:49] {"kind": "action", "what": "move", "name": null, "qty": null, "ts": "15:55:49"}
[15:55:54] t=349 RETREAT E2(32%)
[15:55:54] {"kind": "action", "what": "move", "name": null, "qty": null, "ts": "15:55:54"}
[15:55:55] t=350 ALARM 单位损失 -> TURTLE (5 v 18, 守塔阵不打野战)
[15:55:55] {"kind": "action", "what": "attack_move", "name": null, "qty": null, "ts": "15:55:55"}
[15:55:57] t=352 tick#5000 credits=746 stance=defend | jev 1200 decisions p50=969ms
[15:56:00] t=355 RETREAT E2(33%)
[15:56:00] {"kind": "action", "what": "move", "name": null, "qty": null, "ts": "15:56:00"}
[15:56:13] t=368 ALARM 敌军逼近 -> TURTLE (4 v 18, 守塔阵不打野战)
[15:56:13] {"kind": "action", "what": "attack_move", "name": null, "qty": null, "ts": "15:56:13"}
[15:56:22] t=377 ALARM 敌军逼近 -> TURTLE (4 v 18, 守塔阵不打野战)
[15:56:22] {"kind": "action", "what": "attack_move", "name": null, "qty": null, "ts": "15:56:22"}
[15:56:31] t=386 ALARM 敌军逼近 -> TURTLE (5 v 18, 守塔阵不打野战)
[15:56:31] {"kind": "action", "what": "attack_move", "name": null, "qty": null, "ts": "15:56:31"}
[15:56:34] t=389 tick#5025 credits=0 stance=defend | jev 1200 decisions p50=969ms
[15:56:40] t=395 ALARM 苏联矿石精炼场被攻击 -> TURTLE (5 v 18, 守塔阵不打野战)
[15:56:40] {"kind": "action", "what": "attack_move", "name": null, "qty": null, "ts": "15:56:40"}
[15:56:43] t=398 RETREAT HTK(35%)
[15:56:43] {"kind": "action", "what": "move", "name": null, "qty": null, "ts": "15:56:43"}
[15:56:49] t=404 ALARM 苏联矿石精炼场被攻击 -> TURTLE (4 v 18, 守塔阵不打野战)
[15:56:49] {"kind": "action", "what": "attack_move", "name": null, "qty": null, "ts": "15:56:49"}
[15:56:54] t=409 OPENING BUILD NAREFN
[15:56:54] {"kind": "action", "what": "produce", "name": "NAREFN", "qty": 1, "ts": "15:56:54"}
[15:56:58] t=413 ALARM 敌军逼近 -> TURTLE (4 v 18, 守塔阵不打野战)
[15:56:58] {"kind": "action", "what": "attack_move", "name": null, "qty": null, "ts": "15:56:58"}
[15:56:58] t=413 RETREAT E2(23%)
[15:56:58] {"kind": "action", "what": "move", "name": null, "qty": null, "ts": "15:56:58"}
[15:57:07] t=422 ALARM 防空炮被攻击 -> TURTLE (3 v 17, 守塔阵不打野战)
[15:57:07] {"kind": "action", "what": "attack_move", "name": null, "qty": null, "ts": "15:57:07"}
[15:57:12] t=427 tick#5050 credits=0 stance=defend | jev 1200 decisions p50=969ms
[15:57:16] t=431 ALARM 防空炮被攻击 -> TURTLE (2 v 15, 守塔阵不打野战)
[15:57:16] {"kind": "action", "what": "attack_move", "name": null, "qty": null, "ts": "15:57:16"}
[15:57:25] t=440 ALARM 防空炮被攻击 -> TURTLE (2 v 14, 守塔阵不打野战)
[15:57:25] {"kind": "action", "what": "attack_move", "name": null, "qty": null, "ts": "15:57:25"}
[15:57:34] t=449 ALARM 苏联战车工厂被攻击 -> TURTLE (1 v 12, 守塔阵不打野战)
[15:57:34] {"kind": "action", "what": "attack_move", "name": null, "qty": null, "ts": "15:57:34"}
[15:57:49] t=464 tick#5075 credits=0 stance=defend | jev 1200 decisions p50=969ms
[15:58:27] t=502 tick#5100 credits=0 stance=defend | jev 1200 decisions p50=969ms
[15:58:28] t=503 ALARM 磁能反应炉被攻击 -> TURTLE (5 v 12, 守塔阵不打野战)
[15:58:37] t=512 ALARM 磁能反应炉被攻击 -> TURTLE (1 v 12, 守塔阵不打野战)
[15:58:46] t=521 ALARM 苏联兵营被攻击 -> TURTLE (2 v 9, 守塔阵不打野战)
[15:59:07] t=542 tick#5125 credits=0 stance=defend | jev 1200 decisions p50=969ms
[15:59:09] t=544 ALARM 磁能反应炉被攻击 -> TURTLE (1 v 8, 守塔阵不打野战)
[15:59:31] t=566 ALARM 磁能反应炉被攻击 -> TURTLE (1 v 4, 守塔阵不打野战)
[15:59:45] t=580 tick#5150 credits=90 stance=defend | jev 1200 decisions p50=969ms
[16:00:06] t=601 ALARM 哨戒炮被攻击 -> counter 1 vs 1 -> [68, 116]
[16:00:06] {"kind": "action", "what": "attack_move", "name": null, "qty": null, "ts": "16:00:06"}
[16:00:22] t=617 tick#5175 credits=90 stance=defend | jev 1200 decisions p50=969ms
[16:01:00] t=655 tick#5200 credits=90 stance=defend | jev 1200 decisions p50=969ms
[16:01:37] t=692 tick#5225 credits=90 stance=defend | jev 1200 decisions p50=969ms
[16:02:15] t=727 tick#5250 credits=90 stance=defend | jev 1200 decisions p50=969ms
[16:02:18] t=728 SIM STALL (time frozen) - skip actions
[16:02:20] t=729 SIM STALL (time frozen) - skip actions
[16:02:23] t=730 SIM STALL (time frozen) - skip actions
[16:02:26] t=731 SIM STALL (time frozen) - skip actions
[16:02:29] t=732 SIM STALL (time frozen) - skip actions
[16:02:32] t=733 SIM STALL (time frozen) - skip actions
[16:02:34] t=734 SIM STALL (time frozen) - skip actions
[2026-09-27 16:02:35] {"kind": "report", "result": "defeat", "t": 735, "ticks": 5266, "crisis_ticks": 462, "stance": "defend", "jev": {"decisions": 1200, "errors": 0, "input_tokens": 3843806, "output_tokens": 286134, "p50_ms": 969, "p95_ms": 1069}, "enemy_base": [134, 79], "ts": "2026-09-27 16:02:35"}
[16:02:36] REVIEW game#29 defeat → game-0029-review.md | changes=0
{
  "result": "defeat",
  "t": 735,
  "ticks": 5266,
  "crisis_ticks": 462,
  "stance": "defend",
  "jev": {
    "decisions": 1200,
    "errors": 0,
    "input_tokens": 3843806,
    "output_tokens": 286134,
    "p50_ms": 969,
    "p95_ms": 1069
  },
  "enemy_base": [
    134,
    79
  ],
  "ts": "2026-09-27 16:02:35",
  "review": {
    "game_no": 29,
    "rootcause": "no_target",
    "auto_tuned": 0
  }
}
