[12:01:33] 进局中(全自动)...
[12:02:06] {"kind": "start", "policy": "ra2web-jev-player/1.0", "maxDecisions": 600, "micro": {"events": [{"kind": "micro", "t": 0, "what": "start"}], "loopN": 1, "on": true, "outcome": null, "stall": false}, "ts": "12:02:06"}
[12:02:06] === ra2web-jev-player start (tick=1.5s, max_decisions=600) ===
[12:02:06] t=1 DEPLOY mcv
[12:02:06] {"kind": "action", "what": "deploy", "ids": [1042], "ts": "12:02:06"}
[12:02:06] {"kind": "action", "what": "deploy", "name": null, "qty": null, "ts": "12:02:06"}
[12:02:07] t=2 DEPLOY mcv
[12:02:07] {"kind": "action", "what": "deploy", "ids": [1042], "ts": "12:02:07"}
[12:02:07] {"kind": "action", "what": "deploy", "name": null, "qty": null, "ts": "12:02:07"}
[12:02:09] t=4 POWER plant (reserve 0)
[12:02:09] {"kind": "action", "what": "produce", "name": "NAPOWR", "qty": 1, "ts": "12:02:09"}
[12:02:11] t=5 jev STANCE defend->develop (conf 0.84)
[12:02:37] t=32 OPENING BUILD NAREFN
[12:02:37] {"kind": "action", "what": "produce", "name": "NAREFN", "qty": 1, "ts": "12:02:37"}
[12:02:43] t=37 tick#25 credits=9293 stance=develop | jev 24 decisions p50=817ms
[12:03:20] t=74 tick#50 credits=8386 stance=develop | jev 49 decisions p50=808ms
[12:03:58] t=112 tick#75 credits=7479 stance=develop | jev 74 decisions p50=808ms
[12:04:04] t=119 OPENING BUILD NAHAND
[12:04:04] {"kind": "action", "what": "produce", "name": "NAHAND", "qty": 1, "ts": "12:04:04"}
[12:04:28] t=143 DEFLINE NALASR (have 0)
[12:04:28] {"kind": "action", "what": "produce", "name": "NALASR", "qty": 1, "ts": "12:04:28"}
[12:04:28] t=143 OPENING BUILD NAWEAP
[12:04:28] {"kind": "action", "what": "produce", "name": "NAWEAP", "qty": 1, "ts": "12:04:28"}
[12:04:29] t=143 jev INF DOG (conf 0.34)
[12:04:29] {"kind": "action", "what": "produce", "name": "DOG", "qty": 1, "ts": "12:04:29"}
[12:04:35] t=149 tick#100 credits=6455 stance=develop | jev 99 decisions p50=800ms
[12:04:38] t=152 jev INF DOG (conf 0.29)
[12:04:38] {"kind": "action", "what": "produce", "name": "DOG", "qty": 1, "ts": "12:04:38"}
[12:04:47] t=161 jev INF DOG (conf 0.30)
[12:04:47] {"kind": "action", "what": "produce", "name": "DOG", "qty": 1, "ts": "12:04:47"}
[12:04:48] t=163 DEFLINE NALASR (have 1)
[12:04:48] {"kind": "action", "what": "produce", "name": "NALASR", "qty": 1, "ts": "12:04:48"}
[12:04:56] t=170 jev INF DOG (conf 0.23)
[12:04:56] {"kind": "action", "what": "produce", "name": "DOG", "qty": 1, "ts": "12:04:56"}
[12:05:05] t=179 jev INF E2 (conf 0.36)
[12:05:05] {"kind": "action", "what": "produce", "name": "E2", "qty": 1, "ts": "12:05:05"}
[12:05:11] t=185 jev INF E2 (conf 0.41)
[12:05:11] {"kind": "action", "what": "produce", "name": "E2", "qty": 1, "ts": "12:05:11"}
[12:05:13] t=187 tick#125 credits=3946 stance=develop | jev 124 decisions p50=805ms
[12:05:13] t=188 DEFLINE NALASR (have 2)
[12:05:13] {"kind": "action", "what": "produce", "name": "NALASR", "qty": 1, "ts": "12:05:13"}
[12:05:16] t=190 jev INF E2 (conf 0.41)
[12:05:16] {"kind": "action", "what": "produce", "name": "E2", "qty": 1, "ts": "12:05:16"}
[12:05:20] t=194 jev INF E2 (conf 0.46)
[12:05:20] {"kind": "action", "what": "produce", "name": "E2", "qty": 1, "ts": "12:05:20"}
[12:05:26] t=200 jev INF E2 (conf 0.42)
[12:05:26] {"kind": "action", "what": "produce", "name": "E2", "qty": 1, "ts": "12:05:26"}
[12:05:31] t=205 jev INF E2 (conf 0.35)
[12:05:31] {"kind": "action", "what": "produce", "name": "E2", "qty": 1, "ts": "12:05:31"}
[12:05:37] t=211 jev INF E2 (conf 0.31)
[12:05:37] {"kind": "action", "what": "produce", "name": "E2", "qty": 1, "ts": "12:05:37"}
[12:05:43] t=217 jev INF E2 (conf 0.39)
[12:05:43] {"kind": "action", "what": "produce", "name": "E2", "qty": 1, "ts": "12:05:43"}
[12:05:47] t=221 jev INF E2 (conf 0.37)
[12:05:47] {"kind": "action", "what": "produce", "name": "E2", "qty": 1, "ts": "12:05:47"}
[12:05:50] t=224 tick#150 credits=1873 stance=develop | jev 149 decisions p50=808ms
[12:05:52] t=226 jev INF E2 (conf 0.33)
[12:05:52] {"kind": "action", "what": "produce", "name": "E2", "qty": 1, "ts": "12:05:52"}
[12:05:56] t=230 jev INF E2 (conf 0.41)
[12:05:56] {"kind": "action", "what": "produce", "name": "E2", "qty": 1, "ts": "12:05:56"}
[12:05:57] t=232 ECON harv#2
[12:05:57] {"kind": "action", "what": "produce", "name": "HARV", "qty": 1, "ts": "12:05:57"}
[12:05:57] t=232 OPENING BUILD NAREFN
[12:05:57] {"kind": "action", "what": "produce", "name": "NAREFN", "qty": 1, "ts": "12:05:57"}
[12:05:58] t=233 ALARM 敌军逼近 -> counter 14 vs 1 -> [125, 85]
[12:05:58] {"kind": "action", "what": "attack_move", "name": null, "qty": null, "ts": "12:05:58"}
[12:05:58] t=233 INSURE AA building
[12:05:58] {"kind": "action", "what": "produce", "name": "NAFLAK", "qty": 1, "ts": "12:05:58"}
[12:06:04] t=238 jev INF E2 (conf 0.38)
[12:06:04] {"kind": "action", "what": "produce", "name": "E2", "qty": 1, "ts": "12:06:04"}
[12:06:08] t=242 jev INF E2 (conf 0.45)
[12:06:08] {"kind": "action", "what": "produce", "name": "E2", "qty": 1, "ts": "12:06:08"}
[12:06:13] t=247 jev INF E2 (conf 0.34)
[12:06:13] {"kind": "action", "what": "produce", "name": "E2", "qty": 1, "ts": "12:06:13"}
[12:06:19] t=253 jev INF E2 (conf 0.41)
[12:06:19] {"kind": "action", "what": "produce", "name": "E2", "qty": 1, "ts": "12:06:19"}
[12:06:23] t=257 jev INF E2 (conf 0.32)
[12:06:23] {"kind": "action", "what": "produce", "name": "E2", "qty": 1, "ts": "12:06:23"}
[12:06:28] t=262 jev INF E2 (conf 0.38)
[12:06:28] {"kind": "action", "what": "produce", "name": "E2", "qty": 1, "ts": "12:06:28"}
[12:06:28] t=262 tick#175 credits=1240 stance=defend | jev 171 decisions p50=806ms
[12:06:32] t=266 jev INF E2 HOLD (预算保护 gate=False e2=17)
[12:06:34] t=268 jev INF E2 HOLD (预算保护 gate=False e2=17)
[12:06:35] t=269 jev INF E2 HOLD (预算保护 gate=False e2=17)
[12:06:37] t=271 jev INF E2 HOLD (预算保护 gate=False e2=17)
[12:06:38] t=272 jev INF E2 HOLD (预算保护 gate=False e2=17)
[12:06:40] t=274 jev INF E2 HOLD (预算保护 gate=False e2=17)
[12:06:41] t=275 jev INF E2 HOLD (预算保护 gate=False e2=17)
[12:06:43] t=277 jev INF E2 HOLD (预算保护 gate=False e2=17)
[12:07:05] t=299 tick#200 credits=0 stance=defend | jev 196 decisions p50=802ms
[12:07:45] t=339 tick#225 credits=0 stance=defend | jev 221 decisions p50=801ms
[12:08:22] t=376 tick#250 credits=0 stance=defend | jev 246 decisions p50=802ms
[12:08:31] t=385 jev INF E2 (conf 0.26)
[12:08:31] {"kind": "action", "what": "produce", "name": "E2", "qty": 1, "ts": "12:08:31"}
[12:08:36] t=390 jev INF E2 (conf 0.30)
[12:08:36] {"kind": "action", "what": "produce", "name": "E2", "qty": 1, "ts": "12:08:36"}
[12:08:41] t=396 TANK HTNK x1
[12:08:41] {"kind": "action", "what": "produce", "name": "HTNK", "qty": 1, "ts": "12:08:41"}
[12:08:42] t=396 jev INF E2 (conf 0.30)
[12:08:42] {"kind": "action", "what": "produce", "name": "E2", "qty": 1, "ts": "12:08:42"}
[12:08:48] t=402 jev INF E2 HOLD (预算保护 gate=False e2=20)
[12:08:49] t=403 jev INF E2 HOLD (预算保护 gate=False e2=20)
[12:08:51] t=405 jev INF E2 HOLD (预算保护 gate=False e2=20)
[12:08:52] t=406 jev INF E2 HOLD (预算保护 gate=False e2=20)
[12:08:54] t=408 jev INF E2 HOLD (预算保护 gate=False e2=20)
[12:08:55] t=409 jev INF E2 HOLD (预算保护 gate=False e2=20)
[12:08:57] t=411 jev INF E2 HOLD (预算保护 gate=False e2=20)
[12:08:58] t=412 jev INF E2 HOLD (预算保护 gate=False e2=20)
[12:09:00] t=414 jev INF E2 HOLD (预算保护 gate=False e2=20)
[12:09:00] t=414 tick#275 credits=599 stance=defend | jev 271 decisions p50=806ms
[12:09:01] t=415 jev INF E2 HOLD (预算保护 gate=False e2=20)
[12:09:03] t=417 jev INF E2 HOLD (预算保护 gate=False e2=20)
[12:09:04] t=418 jev INF E2 HOLD (预算保护 gate=False e2=20)
[12:09:06] t=420 jev INF E2 HOLD (预算保护 gate=False e2=20)
[12:09:07] t=421 jev INF E2 HOLD (预算保护 gate=False e2=20)
[12:09:09] t=423 jev INF E2 HOLD (预算保护 gate=False e2=20)
[12:09:09] t=424 OPENING BUILD NAREFN
[12:09:10] {"kind": "action", "what": "produce", "name": "NAREFN", "qty": 1, "ts": "12:09:10"}
[12:09:10] t=424 jev INF E2 HOLD (预算保护 gate=False e2=20)
[12:09:12] t=426 jev INF E2 HOLD (预算保护 gate=False e2=20)
[12:09:37] t=451 tick#300 credits=0 stance=defend | jev 296 decisions p50=806ms
[12:10:15] t=489 tick#325 credits=0 stance=defend | jev 321 decisions p50=806ms
[12:10:39] t=513 jev INF E2 (conf 0.33)
[12:10:39] {"kind": "action", "what": "produce", "name": "E2", "qty": 1, "ts": "12:10:39"}
[12:10:47] t=522 TANK HTNK x2
[12:10:47] {"kind": "action", "what": "produce", "name": "HTNK", "qty": 2, "ts": "12:10:47"}
[12:10:47] t=522 SCOUT #1131->[66, 121] (visit 1)
[12:10:47] {"kind": "action", "what": "attack_move", "name": null, "qty": null, "ts": "12:10:47"}
[12:10:48] t=522 jev INF E2 (conf 0.28)
[12:10:48] {"kind": "action", "what": "produce", "name": "E2", "qty": 1, "ts": "12:10:48"}
[12:10:52] t=526 tick#350 credits=2842 stance=defend | jev 346 decisions p50=808ms
[12:10:57] t=531 jev INF E2 (conf 0.27)
[12:10:57] {"kind": "action", "what": "produce", "name": "E2", "qty": 1, "ts": "12:10:57"}
[12:11:06] t=540 jev INF E2 (conf 0.38)
[12:11:06] {"kind": "action", "what": "produce", "name": "E2", "qty": 1, "ts": "12:11:06"}
[12:11:15] t=549 jev INF E2 (conf 0.28)
[12:11:15] {"kind": "action", "what": "produce", "name": "E2", "qty": 1, "ts": "12:11:15"}
[12:11:24] t=558 jev INF E2 (conf 0.39)
[12:11:24] {"kind": "action", "what": "produce", "name": "E2", "qty": 1, "ts": "12:11:24"}
[12:11:30] t=564 tick#375 credits=1539 stance=defend | jev 371 decisions p50=808ms
[12:11:33] t=567 jev INF E2 (conf 0.38)
[12:11:33] {"kind": "action", "what": "produce", "name": "E2", "qty": 1, "ts": "12:11:33"}
[12:11:42] t=576 jev INF E2 HOLD (预算保护 gate=False e2=27)
[12:11:43] t=577 jev INF E2 HOLD (预算保护 gate=False e2=27)
[12:11:45] t=579 jev INF E2 HOLD (预算保护 gate=False e2=27)
[12:11:46] t=580 jev INF E2 HOLD (预算保护 gate=False e2=27)
[12:11:48] t=582 jev INF E2 HOLD (预算保护 gate=False e2=27)
[12:11:49] t=583 jev INF E2 HOLD (预算保护 gate=False e2=27)
[12:11:51] t=585 jev INF E2 HOLD (预算保护 gate=False e2=27)
[12:11:52] t=586 ENEMY BASE spotted @[75, 118]
[12:11:52] t=586 jev INF E2 HOLD (预算保护 gate=False e2=27)
[12:11:54] t=588 jev INF E2 HOLD (预算保护 gate=False e2=27)
[12:11:56] t=589 jev INF E2 HOLD (预算保护 gate=False e2=27)
[12:11:57] t=591 jev INF E2 HOLD (预算保护 gate=False e2=27)
[12:11:59] t=592 jev INF E2 HOLD (预算保护 gate=False e2=27)
[12:12:00] t=594 jev INF E2 HOLD (预算保护 gate=False e2=27)
[12:12:02] t=595 jev INF E2 HOLD (预算保护 gate=False e2=27)
[12:12:02] t=595 MOVE defend-rally@(137, 82)(1)
[12:12:02] {"kind": "action", "what": "attack_move", "name": null, "qty": null, "ts": "12:12:02"}
[12:12:03] t=597 jev INF E2 HOLD (预算保护 gate=False e2=27)
[12:12:05] t=598 jev INF E2 HOLD (预算保护 gate=False e2=27)
[12:12:06] t=600 jev INF E2 HOLD (预算保护 gate=False e2=27)
[12:12:08] t=601 jev INF E2 HOLD (预算保护 gate=False e2=27)
[12:12:08] t=601 tick#400 credits=504 stance=defend | jev 396 decisions p50=812ms
[12:12:09] t=603 jev INF E2 HOLD (预算保护 gate=False e2=27)
[12:12:11] t=604 jev INF E2 HOLD (预算保护 gate=False e2=27)
[12:12:12] t=606 jev INF E2 HOLD (预算保护 gate=False e2=27)
[12:12:14] t=607 jev INF E2 HOLD (预算保护 gate=False e2=27)
[12:12:14] t=607 MOVE defend-rally@(137, 82)(1)
[12:12:14] {"kind": "action", "what": "attack_move", "name": null, "qty": null, "ts": "12:12:14"}
[12:12:15] t=609 jev INF E2 HOLD (预算保护 gate=False e2=27)
[12:12:17] t=610 jev INF E2 HOLD (预算保护 gate=False e2=27)
[12:12:18] t=612 jev INF E2 HOLD (预算保护 gate=False e2=27)
[12:12:20] t=613 jev INF E2 HOLD (预算保护 gate=False e2=27)
[12:12:21] t=615 jev INF E2 HOLD (预算保护 gate=False e2=27)
[12:12:23] t=616 jev INF E2 HOLD (预算保护 gate=False e2=27)
[12:12:24] t=618 jev INF E2 HOLD (预算保护 gate=False e2=27)
[12:12:26] t=619 MOVE defend-rally@(137, 82)(1)
[12:12:26] {"kind": "action", "what": "attack_move", "name": null, "qty": null, "ts": "12:12:26"}
[12:12:27] t=621 jev INF E2 HOLD (预算保护 gate=False e2=27)
[12:12:29] t=622 jev INF E2 HOLD (预算保护 gate=False e2=27)
[12:12:32] t=625 jev INF E2 HOLD (预算保护 gate=False e2=27)
[12:12:32] t=627 RETREAT HTNK(39%)
[12:12:32] {"kind": "action", "what": "move", "name": null, "qty": null, "ts": "12:12:32"}
[12:12:33] t=627 jev INF E2 HOLD (预算保护 gate=False e2=27)
[12:12:35] t=628 jev INF E2 HOLD (预算保护 gate=False e2=27)
[12:12:38] t=631 jev INF E2 HOLD (预算保护 gate=False e2=27)
[12:12:38] t=631 MOVE defend-rally@(137, 82)(1)
[12:12:38] {"kind": "action", "what": "attack_move", "name": null, "qty": null, "ts": "12:12:38"}
[12:12:39] t=633 jev INF E2 HOLD (预算保护 gate=False e2=27)
[12:12:41] t=634 jev INF E2 HOLD (预算保护 gate=False e2=27)
[12:12:42] t=636 jev INF E2 HOLD (预算保护 gate=False e2=27)
[12:12:44] t=637 jev INF E2 HOLD (预算保护 gate=False e2=27)
[12:12:45] t=639 jev INF E2 HOLD (预算保护 gate=False e2=27)
[12:12:45] t=639 tick#425 credits=0 stance=defend | jev 421 decisions p50=816ms
[12:12:47] t=640 jev INF E2 HOLD (预算保护 gate=False e2=27)
[12:12:50] t=643 MOVE defend-rally@(137, 82)(1)
[12:12:50] {"kind": "action", "what": "attack_move", "name": null, "qty": null, "ts": "12:12:50"}
[12:12:51] t=645 jev INF E2 HOLD (预算保护 gate=False e2=27)
[12:12:53] t=646 jev INF E2 HOLD (预算保护 gate=False e2=27)
[12:12:54] t=648 jev INF E2 HOLD (预算保护 gate=False e2=27)
[12:12:56] t=650 jev INF E2 HOLD (预算保护 gate=False e2=27)
[12:13:00] t=654 jev INF E2 HOLD (预算保护 gate=False e2=27)
[12:13:02] t=656 MOVE defend-rally@(137, 82)(1)
[12:13:02] {"kind": "action", "what": "attack_move", "name": null, "qty": null, "ts": "12:13:02"}
[12:13:05] t=659 jev INF E2 HOLD (预算保护 gate=False e2=27)
[12:13:06] t=660 jev INF E2 HOLD (预算保护 gate=False e2=27)
[12:13:08] t=662 jev INF E2 HOLD (预算保护 gate=False e2=27)
[12:13:09] t=663 jev INF E2 HOLD (预算保护 gate=False e2=27)
[12:13:11] t=665 jev INF E2 HOLD (预算保护 gate=False e2=27)
[12:13:12] t=666 jev INF E2 HOLD (预算保护 gate=False e2=27)
[12:13:14] t=668 jev INF E2 HOLD (预算保护 gate=False e2=27)
[12:13:14] t=668 MOVE defend-rally@(137, 82)(1)
[12:13:14] {"kind": "action", "what": "attack_move", "name": null, "qty": null, "ts": "12:13:14"}
[12:13:15] t=669 jev INF E2 HOLD (预算保护 gate=False e2=27)
[12:13:17] t=671 jev INF E2 HOLD (预算保护 gate=False e2=27)
[12:13:18] t=672 jev INF E2 HOLD (预算保护 gate=False e2=27)
[12:13:20] t=674 jev INF E2 HOLD (预算保护 gate=False e2=27)
[12:13:21] t=675 jev INF E2 HOLD (预算保护 gate=False e2=27)
[12:13:23] t=677 jev INF E2 (conf 0.63)
[12:13:23] {"kind": "action", "what": "produce", "name": "E2", "qty": 1, "ts": "12:13:23"}
[12:13:23] t=677 tick#450 credits=1788 stance=defend | jev 446 decisions p50=819ms
[12:13:27] t=681 MOVE defend-rally@(137, 82)(1)
[12:13:27] {"kind": "action", "what": "attack_move", "name": null, "qty": null, "ts": "12:13:27"}
[12:13:32] t=686 jev INF E2 (conf 0.61)
[12:13:32] {"kind": "action", "what": "produce", "name": "E2", "qty": 1, "ts": "12:13:32"}
[12:13:41] t=695 jev INF E2 (conf 0.62)
[12:13:41] {"kind": "action", "what": "produce", "name": "E2", "qty": 1, "ts": "12:13:41"}
[12:13:41] t=695 MOVE defend-rally@(137, 82)(1)
[12:13:41] {"kind": "action", "what": "attack_move", "name": null, "qty": null, "ts": "12:13:41"}
[12:13:47] t=702 TANK HTNK x2
[12:13:47] {"kind": "action", "what": "produce", "name": "HTNK", "qty": 2, "ts": "12:13:47"}
[12:13:50] t=704 jev INF E2 HOLD (预算保护 gate=True e2=30)
[12:13:51] t=705 jev INF E2 HOLD (预算保护 gate=True e2=30)
[12:13:53] t=707 jev INF E2 HOLD (预算保护 gate=True e2=30)
[12:13:53] t=707 MOVE defend-rally@(137, 82)(2)
[12:13:53] {"kind": "action", "what": "attack_move", "name": null, "qty": null, "ts": "12:13:53"}
[12:13:54] t=708 jev INF E2 HOLD (预算保护 gate=True e2=30)
[12:13:56] t=710 jev INF E2 HOLD (预算保护 gate=True e2=30)
[12:13:56] t=711 POWER plant (reserve -85)
[12:13:56] {"kind": "action", "what": "produce", "name": "NAPOWR", "qty": 1, "ts": "12:13:56"}
[12:13:57] t=711 jev INF E2 HOLD (预算保护 gate=True e2=30)
[12:13:59] t=713 jev INF E2 HOLD (预算保护 gate=True e2=30)
[12:14:00] t=714 jev INF E2 HOLD (预算保护 gate=True e2=30)
[12:14:00] t=714 tick#475 credits=1826 stance=defend | jev 471 decisions p50=830ms
[12:14:02] t=716 jev INF E2 HOLD (预算保护 gate=True e2=30)
[12:14:03] t=717 jev INF E2 HOLD (预算保护 gate=True e2=30)
[12:14:05] t=719 jev INF E2 HOLD (预算保护 gate=True e2=30)
[12:14:06] t=720 jev INF E2 HOLD (预算保护 gate=True e2=30)
[12:14:06] t=720 MOVE defend-rally@(137, 82)(2)
[12:14:06] {"kind": "action", "what": "attack_move", "name": null, "qty": null, "ts": "12:14:06"}
[12:14:08] t=722 jev INF E2 HOLD (预算保护 gate=True e2=30)
[12:14:09] t=723 jev INF E2 HOLD (预算保护 gate=True e2=30)
[12:14:10] t=725 ALARM 单位损失 -> counter 34 vs 18 -> [134, 79]
[12:14:10] {"kind": "action", "what": "attack_move", "name": null, "qty": null, "ts": "12:14:10"}
[12:14:12] t=726 jev INF E2 HOLD (预算保护 gate=True e2=30)
[12:14:15] t=729 jev INF E2 HOLD (预算保护 gate=True e2=30)
[12:14:19] t=734 ALARM 敌军逼近 -> counter 36 vs 14 -> [118, 86]
[12:14:19] {"kind": "action", "what": "attack_move", "name": null, "qty": null, "ts": "12:14:19"}
[12:14:29] t=743 jev INF E2 HOLD (预算保护 gate=True e2=30)
[12:14:29] t=743 MOVE defend-rally@(137, 82)(2)
[12:14:29] {"kind": "action", "what": "attack_move", "name": null, "qty": null, "ts": "12:14:29"}
[12:14:29] t=744 ALARM 单位损失 -> counter 35 vs 8 -> [134, 79]
[12:14:30] {"kind": "action", "what": "attack_move", "name": null, "qty": null, "ts": "12:14:30"}
[12:14:32] t=746 jev INF E2 HOLD (预算保护 gate=True e2=30)
[12:14:33] t=747 jev INF E2 HOLD (预算保护 gate=True e2=30)
[12:14:35] t=749 jev INF E2 HOLD (预算保护 gate=True e2=30)
[12:14:36] t=750 jev INF E2 HOLD (预算保护 gate=True e2=30)
[12:14:38] t=752 jev INF E2 HOLD (预算保护 gate=True e2=30)
[12:14:38] t=752 tick#500 credits=1285 stance=defend | jev 485 decisions p50=835ms
[12:14:39] t=753 jev INF E2 HOLD (预算保护 gate=True e2=30)
[12:14:41] t=755 jev INF E2 HOLD (预算保护 gate=True e2=30)
[12:14:42] t=756 jev INF E2 HOLD (预算保护 gate=True e2=30)
[12:14:42] t=756 MOVE defend-rally@(137, 82)(2)
[12:14:42] {"kind": "action", "what": "attack_move", "name": null, "qty": null, "ts": "12:14:42"}
[12:14:44] t=758 jev INF E2 HOLD (预算保护 gate=False e2=30)
[12:14:45] t=759 jev INF E2 HOLD (预算保护 gate=False e2=30)
[12:14:47] t=761 jev INF E2 HOLD (预算保护 gate=False e2=30)
[12:14:48] t=762 jev INF E2 HOLD (预算保护 gate=False e2=30)
[12:14:50] t=764 jev INF E2 HOLD (预算保护 gate=False e2=30)
[12:14:51] t=765 jev INF E2 HOLD (预算保护 gate=False e2=30)
[12:14:53] t=767 jev INF E2 HOLD (预算保护 gate=False e2=30)
[12:14:54] t=768 jev INF E2 HOLD (预算保护 gate=False e2=30)
[12:14:54] t=768 MOVE defend-rally@(137, 82)(2)
[12:14:54] {"kind": "action", "what": "attack_move", "name": null, "qty": null, "ts": "12:14:54"}
[12:14:56] t=770 jev INF E2 HOLD (预算保护 gate=False e2=30)
[12:14:57] t=771 jev INF E2 HOLD (预算保护 gate=False e2=30)
[12:14:59] t=773 jev INF E2 HOLD (预算保护 gate=False e2=30)
[12:15:00] t=774 jev INF E2 HOLD (预算保护 gate=False e2=30)
[12:15:02] t=776 jev INF E2 HOLD (预算保护 gate=False e2=30)
[12:15:03] t=777 jev INF E2 HOLD (预算保护 gate=False e2=30)
[12:15:05] t=779 jev INF E2 HOLD (预算保护 gate=False e2=30)
[12:15:06] t=780 jev INF E2 HOLD (预算保护 gate=False e2=30)
[12:15:06] t=780 MOVE defend-rally@(137, 82)(2)
[12:15:06] {"kind": "action", "what": "attack_move", "name": null, "qty": null, "ts": "12:15:06"}
[12:15:08] t=782 jev INF E2 HOLD (预算保护 gate=False e2=30)
[12:15:09] t=783 jev INF E2 HOLD (预算保护 gate=False e2=30)
[12:15:11] t=785 jev INF E2 HOLD (预算保护 gate=False e2=30)
[12:15:12] t=786 jev INF E2 HOLD (预算保护 gate=False e2=30)
[12:15:14] t=788 jev INF E2 HOLD (预算保护 gate=False e2=30)
[12:15:15] t=789 jev INF E2 HOLD (预算保护 gate=False e2=30)
[12:15:15] t=789 tick#525 credits=745 stance=defend | jev 510 decisions p50=834ms
[12:15:17] t=791 jev INF E2 HOLD (预算保护 gate=False e2=30)
[12:15:18] t=792 jev INF E2 HOLD (预算保护 gate=False e2=30)
[12:15:18] t=792 MOVE defend-rally@(137, 82)(2)
[12:15:18] {"kind": "action", "what": "attack_move", "name": null, "qty": null, "ts": "12:15:18"}
[12:15:20] t=794 jev INF E2 HOLD (预算保护 gate=False e2=30)
[12:15:21] t=795 jev INF E2 HOLD (预算保护 gate=False e2=30)
[12:15:23] t=797 jev INF E2 HOLD (预算保护 gate=False e2=30)
[12:15:24] t=798 jev BUILD NAPOWR (conf 0.78)
[12:15:24] t=798 jev INF E2 HOLD (预算保护 gate=False e2=30)
[12:15:24] {"kind": "action", "what": "produce", "name": "NAPOWR", "qty": 1, "ts": "12:15:24"}
[12:15:26] t=800 jev INF E2 HOLD (预算保护 gate=False e2=30)
[12:15:27] t=801 jev INF E2 HOLD (预算保护 gate=False e2=30)
[12:15:29] t=803 jev INF E2 HOLD (预算保护 gate=False e2=30)
[12:15:30] t=804 jev INF E2 HOLD (预算保护 gate=False e2=30)
[12:15:30] t=804 MOVE defend-rally@(137, 82)(2)
[12:15:30] {"kind": "action", "what": "attack_move", "name": null, "qty": null, "ts": "12:15:30"}
[12:15:32] t=806 jev INF E2 HOLD (预算保护 gate=False e2=30)
[12:15:33] t=807 jev INF E2 HOLD (预算保护 gate=False e2=30)
[12:15:35] t=809 jev INF E2 HOLD (预算保护 gate=False e2=30)
[12:15:36] t=810 jev INF E2 HOLD (预算保护 gate=False e2=30)
[12:15:38] t=812 jev INF E2 HOLD (预算保护 gate=False e2=30)
[12:15:39] t=813 jev STANCE defend->rush (conf 0.49)
[12:15:39] t=813 MOVE attack->[85, 121] x3
[12:15:39] {"kind": "action", "what": "attack_move", "name": null, "qty": null, "ts": "12:15:39"}
[12:15:41] t=815 jev INF E2 HOLD (预算保护 gate=False e2=30)
[12:15:41] t=815 jev STANCE rush->defend (conf 0.50)
[12:15:41] t=815 MOVE defend-rally@(137, 82)(3)
[12:15:41] {"kind": "action", "what": "attack_move", "name": null, "qty": null, "ts": "12:15:41"}
[12:15:42] t=816 jev INF E2 HOLD (预算保护 gate=False e2=30)
[12:15:44] t=818 jev INF E2 HOLD (预算保护 gate=False e2=30)
[12:15:45] t=819 jev INF E2 HOLD (预算保护 gate=False e2=30)
[12:15:47] t=821 jev INF E2 HOLD (预算保护 gate=False e2=30)
[12:15:48] t=822 jev INF E2 HOLD (预算保护 gate=False e2=30)
[12:15:50] t=824 jev INF E2 HOLD (预算保护 gate=False e2=30)
[12:15:51] t=825 jev INF E2 HOLD (预算保护 gate=False e2=30)
[12:15:53] t=827 jev INF E2 HOLD (预算保护 gate=False e2=30)
[12:15:53] t=827 MOVE defend-rally@(137, 82)(3)
[12:15:53] {"kind": "action", "what": "attack_move", "name": null, "qty": null, "ts": "12:15:53"}
[12:15:53] t=827 tick#550 credits=546 stance=defend | jev 535 decisions p50=846ms
[12:15:54] t=828 jev INF E2 HOLD (预算保护 gate=False e2=30)
[12:15:56] t=830 jev BUILD NAPOWR (conf 0.45)
[12:15:56] t=830 jev INF E2 HOLD (预算保护 gate=False e2=30)
[12:15:56] {"kind": "action", "what": "produce", "name": "NAPOWR", "qty": 1, "ts": "12:15:56"}
[12:15:57] t=831 jev INF E2 HOLD (预算保护 gate=False e2=30)
[12:15:59] t=833 jev INF E2 HOLD (预算保护 gate=False e2=30)
[12:16:00] t=834 jev INF E2 HOLD (预算保护 gate=False e2=30)
[12:16:02] t=836 jev INF E2 HOLD (预算保护 gate=False e2=30)
[12:16:03] t=837 jev INF E2 HOLD (预算保护 gate=False e2=30)
[12:16:05] t=839 jev INF E2 HOLD (预算保护 gate=False e2=30)
[12:16:06] t=840 MOVE defend-rally@(137, 82)(3)
[12:16:06] {"kind": "action", "what": "attack_move", "name": null, "qty": null, "ts": "12:16:06"}
[12:16:12] t=846 jev INF E2 HOLD (预算保护 gate=False e2=30)
[12:16:14] t=848 jev INF E2 HOLD (预算保护 gate=False e2=30)
[12:16:20] t=854 jev INF E2 HOLD (预算保护 gate=False e2=30)
[12:16:20] t=854 MOVE defend-rally@(137, 82)(3)
[12:16:20] {"kind": "action", "what": "attack_move", "name": null, "qty": null, "ts": "12:16:20"}
[12:16:21] t=855 jev INF SHK HOLD (预算保护 gate=False e2=30)
[12:16:23] t=857 jev INF SHK (conf 0.27)
[12:16:23] {"kind": "action", "what": "produce", "name": "SHK", "qty": 1, "ts": "12:16:23"}
[12:16:25] t=860 TANK HTNK x2
[12:16:25] {"kind": "action", "what": "produce", "name": "HTNK", "qty": 2, "ts": "12:16:25"}
[12:16:26] t=860 MOVE forward-post@(122, 86)(4)
[12:16:26] {"kind": "action", "what": "attack_move", "name": null, "qty": null, "ts": "12:16:26"}
[12:16:30] t=864 tick#575 credits=1523 stance=defend | jev 560 decisions p50=860ms
[12:16:35] t=869 jev BUILD NARADR (conf 0.16)
[12:16:35] {"kind": "action", "what": "produce", "name": "NARADR", "qty": 1, "ts": "12:16:35"}
[12:16:39] t=873 MOVE forward-post@(122, 86)(4)
[12:16:39] {"kind": "action", "what": "attack_move", "name": null, "qty": null, "ts": "12:16:39"}
[12:16:40] t=875 RETREAT DOG(25%)
[12:16:40] {"kind": "action", "what": "move", "name": null, "qty": null, "ts": "12:16:40"}
[12:16:41] t=876 ALARM 单位损失 -> counter 38 vs 10 -> [134, 79]
[12:16:41] {"kind": "action", "what": "attack_move", "name": null, "qty": null, "ts": "12:16:41"}
[12:16:44] t=878 jev INF SHK (conf 0.20)
[12:16:44] {"kind": "action", "what": "produce", "name": "SHK", "qty": 1, "ts": "12:16:44"}
[12:16:46] t=881 RETREAT DOG(25%)
[12:16:46] {"kind": "action", "what": "move", "name": null, "qty": null, "ts": "12:16:46"}
[12:16:51] t=885 MOVE forward-post@(122, 86)(4)
[12:16:51] {"kind": "action", "what": "attack_move", "name": null, "qty": null, "ts": "12:16:51"}
[12:17:03] t=897 jev INF DOG (conf 0.14)
[12:17:03] {"kind": "action", "what": "produce", "name": "DOG", "qty": 1, "ts": "12:17:03"}
[12:17:05] t=899 MOVE forward-post@(122, 86)(5)
[12:17:05] {"kind": "action", "what": "attack_move", "name": null, "qty": null, "ts": "12:17:05"}
[12:17:08] t=902 tick#600 credits=0 stance=defend | jev 583 decisions p50=909ms
[12:17:12] t=906 jev STANCE defend->attack (conf 0.48)
[12:17:12] t=906 MOVE attack->[119, 97] x5
[12:17:12] {"kind": "action", "what": "attack_move", "name": null, "qty": null, "ts": "12:17:12"}
[12:17:14] t=908 MOVE attack->[118, 98] x5
[12:17:14] {"kind": "action", "what": "attack_move", "name": null, "qty": null, "ts": "12:17:14"}
[12:17:15] t=909 MOVE attack->[118, 99] x5
[12:17:15] {"kind": "action", "what": "attack_move", "name": null, "qty": null, "ts": "12:17:15"}
[12:17:18] t=911 MOVE attack->[117, 100] x5
[12:17:18] {"kind": "action", "what": "attack_move", "name": null, "qty": null, "ts": "12:17:18"}
[12:17:19] t=913 MOVE attack->[116, 101] x5
[12:17:19] {"kind": "action", "what": "attack_move", "name": null, "qty": null, "ts": "12:17:19"}
[12:17:20] t=914 MOVE attack->[115, 102] x5
[12:17:20] {"kind": "action", "what": "attack_move", "name": null, "qty": null, "ts": "12:17:20"}
[12:17:22] t=916 MOVE attack->[114, 103] x5
[12:17:22] {"kind": "action", "what": "attack_move", "name": null, "qty": null, "ts": "12:17:22"}
[12:17:23] t=917 MOVE attack->[77, 109] x5
[12:17:23] {"kind": "action", "what": "attack_move", "name": null, "qty": null, "ts": "12:17:23"}
[12:17:33] t=928 RETREAT HTNK(16%)
[12:17:33] {"kind": "action", "what": "move", "name": null, "qty": null, "ts": "12:17:33"}
[12:17:34] jev budget exhausted: max calls reached: 600 (继续纯确定性运行)
[12:17:36] jev budget exhausted: max calls reached: 600 (继续纯确定性运行)
[12:17:36] t=931 MOVE attack->[77, 109] x5
[12:17:36] {"kind": "action", "what": "attack_move", "name": null, "qty": null, "ts": "12:17:36"}
[12:17:38] jev budget exhausted: max calls reached: 600 (继续纯确定性运行)
[12:17:39] jev budget exhausted: max calls reached: 600 (继续纯确定性运行)
[12:17:40] jev budget exhausted: max calls reached: 600 (继续纯确定性运行)
[12:17:42] jev budget exhausted: max calls reached: 600 (继续纯确定性运行)
[12:17:43] jev budget exhausted: max calls reached: 600 (继续纯确定性运行)
[12:17:45] jev budget exhausted: max calls reached: 600 (继续纯确定性运行)
[12:17:45] t=940 tick#625 credits=0 stance=attack | jev 600 decisions p50=915ms
[12:17:46] jev budget exhausted: max calls reached: 600 (继续纯确定性运行)
[12:17:48] jev budget exhausted: max calls reached: 600 (继续纯确定性运行)
[12:17:48] t=943 MOVE attack->[77, 109] x5
[12:17:48] {"kind": "action", "what": "attack_move", "name": null, "qty": null, "ts": "12:17:48"}
[12:17:49] jev budget exhausted: max calls reached: 600 (继续纯确定性运行)
[12:17:51] jev budget exhausted: max calls reached: 600 (继续纯确定性运行)
[12:17:53] jev budget exhausted: max calls reached: 600 (继续纯确定性运行)
[12:17:54] jev budget exhausted: max calls reached: 600 (继续纯确定性运行)
[12:17:55] jev budget exhausted: max calls reached: 600 (继续纯确定性运行)
[12:17:57] jev budget exhausted: max calls reached: 600 (继续纯确定性运行)
[12:17:59] jev budget exhausted: max calls reached: 600 (继续纯确定性运行)
[12:18:00] jev budget exhausted: max calls reached: 600 (继续纯确定性运行)
[12:18:00] t=955 MOVE attack->[77, 109] x5
[12:18:00] {"kind": "action", "what": "attack_move", "name": null, "qty": null, "ts": "12:18:00"}
[12:18:02] jev budget exhausted: max calls reached: 600 (继续纯确定性运行)
[12:18:03] jev budget exhausted: max calls reached: 600 (继续纯确定性运行)
[12:18:05] jev budget exhausted: max calls reached: 600 (继续纯确定性运行)
[12:18:06] jev budget exhausted: max calls reached: 600 (继续纯确定性运行)
[12:18:08] jev budget exhausted: max calls reached: 600 (继续纯确定性运行)
[12:18:09] jev budget exhausted: max calls reached: 600 (继续纯确定性运行)
[12:18:11] jev budget exhausted: max calls reached: 600 (继续纯确定性运行)
[12:18:12] jev budget exhausted: max calls reached: 600 (继续纯确定性运行)
[12:18:12] t=967 MOVE attack->[77, 109] x5
[12:18:12] {"kind": "action", "what": "attack_move", "name": null, "qty": null, "ts": "12:18:12"}
[12:18:14] jev budget exhausted: max calls reached: 600 (继续纯确定性运行)
[12:18:15] jev budget exhausted: max calls reached: 600 (继续纯确定性运行)
[12:18:17] jev budget exhausted: max calls reached: 600 (继续纯确定性运行)
[12:18:18] jev budget exhausted: max calls reached: 600 (继续纯确定性运行)
[12:18:20] jev budget exhausted: max calls reached: 600 (继续纯确定性运行)
[12:18:21] jev budget exhausted: max calls reached: 600 (继续纯确定性运行)
[12:18:23] jev budget exhausted: max calls reached: 600 (继续纯确定性运行)
[12:18:23] t=977 tick#650 credits=1023 stance=attack | jev 600 decisions p50=915ms
[12:18:24] jev budget exhausted: max calls reached: 600 (继续纯确定性运行)
[12:18:24] t=979 MOVE attack->[77, 109] x5
[12:18:24] {"kind": "action", "what": "attack_move", "name": null, "qty": null, "ts": "12:18:24"}
[12:18:26] jev budget exhausted: max calls reached: 600 (继续纯确定性运行)
[12:18:27] jev budget exhausted: max calls reached: 600 (继续纯确定性运行)
[12:18:28] t=982 SIM STALL (time frozen) - skip actions
[12:18:31] jev budget exhausted: max calls reached: 600 (继续纯确定性运行)
[12:18:32] jev budget exhausted: max calls reached: 600 (继续纯确定性运行)
[12:18:34] jev budget exhausted: max calls reached: 600 (继续纯确定性运行)
[12:18:35] tick ERR agent-browser[eval] rc=1: ✗ Could not configure browser: Failed to connect: 通常每个套接字地址(协议/网络地址/端口)只允许使用一次。 (os error 10048)
[12:18:38] jev budget exhausted: max calls reached: 600 (继续纯确定性运行)
[12:18:38] t=991 MOVE attack->[75, 118] x5
[12:18:38] {"kind": "action", "what": "attack_move", "name": null, "qty": null, "ts": "12:18:38"}
[12:18:40] jev budget exhausted: max calls reached: 600 (继续纯确定性运行)
[12:18:41] jev budget exhausted: max calls reached: 600 (继续纯确定性运行)
[12:18:41] t=994 MOVE attack->[73, 111] x5
[12:18:41] {"kind": "action", "what": "attack_move", "name": null, "qty": null, "ts": "12:18:41"}
[12:18:43] jev budget exhausted: max calls reached: 600 (继续纯确定性运行)
[12:18:44] jev budget exhausted: max calls reached: 600 (继续纯确定性运行)
[12:18:46] jev budget exhausted: max calls reached: 600 (继续纯确定性运行)
[12:18:47] t=1000 ALARM 单位损失 -> counter 39 vs 22 -> [134, 79]
[12:18:47] {"kind": "action", "what": "attack_move", "name": null, "qty": null, "ts": "12:18:47"}
[12:18:49] jev budget exhausted: max calls reached: 600 (继续纯确定性运行)
[12:18:50] jev budget exhausted: max calls reached: 600 (继续纯确定性运行)
[12:18:52] jev budget exhausted: max calls reached: 600 (继续纯确定性运行)
[12:18:53] jev budget exhausted: max calls reached: 600 (继续纯确定性运行)
[12:18:55] jev budget exhausted: max calls reached: 600 (继续纯确定性运行)
[12:18:56] t=1009 TANK HTNK x2
[12:18:56] t=1009 RETREAT HTNK(16%)
[12:18:56] {"kind": "action", "what": "produce", "name": "HTNK", "qty": 2, "ts": "12:18:56"}
[12:18:56] {"kind": "action", "what": "move", "name": null, "qty": null, "ts": "12:18:56"}
[12:18:56] jev budget exhausted: max calls reached: 600 (继续纯确定性运行)
[12:18:56] t=1009 MOVE forward-post@(122, 85)(4)
[12:18:56] {"kind": "action", "what": "attack_move", "name": null, "qty": null, "ts": "12:18:56"}
[12:18:58] jev budget exhausted: max calls reached: 600 (继续纯确定性运行)
[12:18:59] jev budget exhausted: max calls reached: 600 (继续纯确定性运行)
[12:19:01] jev budget exhausted: max calls reached: 600 (继续纯确定性运行)
[12:19:01] t=1013 tick#675 credits=1715 stance=defend | jev 600 decisions p50=915ms
[12:19:02] t=1015 RETREAT HTNK(36%)
[12:19:02] {"kind": "action", "what": "move", "name": null, "qty": null, "ts": "12:19:02"}
[12:19:02] jev budget exhausted: max calls reached: 600 (继续纯确定性运行)
[12:19:02] t=1015 MOVE defend-rally@(137, 82)(3)
[12:19:02] {"kind": "action", "what": "attack_move", "name": null, "qty": null, "ts": "12:19:02"}
[12:19:04] jev budget exhausted: max calls reached: 600 (继续纯确定性运行)
[12:19:05] jev budget exhausted: max calls reached: 600 (继续纯确定性运行)
[12:19:07] jev budget exhausted: max calls reached: 600 (继续纯确定性运行)
[12:19:08] jev budget exhausted: max calls reached: 600 (继续纯确定性运行)
[12:19:10] jev budget exhausted: max calls reached: 600 (继续纯确定性运行)
[12:19:11] jev budget exhausted: max calls reached: 600 (继续纯确定性运行)
[12:19:13] jev budget exhausted: max calls reached: 600 (继续纯确定性运行)
[12:19:14] jev budget exhausted: max calls reached: 600 (继续纯确定性运行)
[12:19:16] t=1028 ALARM 单位损失 -> counter 38 vs 20 -> [134, 79]
[12:19:16] {"kind": "action", "what": "attack_move", "name": null, "qty": null, "ts": "12:19:16"}
[12:19:17] jev budget exhausted: max calls reached: 600 (继续纯确定性运行)
[12:19:19] jev budget exhausted: max calls reached: 600 (继续纯确定性运行)
[12:19:20] jev budget exhausted: max calls reached: 600 (继续纯确定性运行)
[12:19:23] jev budget exhausted: max calls reached: 600 (继续纯确定性运行)
[12:19:25] jev budget exhausted: max calls reached: 600 (继续纯确定性运行)
[12:19:25] t=1037 MOVE defend-rally@(137, 82)(3)
[12:19:25] {"kind": "action", "what": "attack_move", "name": null, "qty": null, "ts": "12:19:25"}
[12:19:26] jev budget exhausted: max calls reached: 600 (继续纯确定性运行)
[12:19:28] jev budget exhausted: max calls reached: 600 (继续纯确定性运行)
[12:19:29] jev budget exhausted: max calls reached: 600 (继续纯确定性运行)
[12:19:31] jev budget exhausted: max calls reached: 600 (继续纯确定性运行)
[12:19:32] jev budget exhausted: max calls reached: 600 (继续纯确定性运行)
[12:19:34] jev budget exhausted: max calls reached: 600 (继续纯确定性运行)
[12:19:34] t=1046 MOVE forward-post@(122, 85)(4)
[12:19:34] {"kind": "action", "what": "attack_move", "name": null, "qty": null, "ts": "12:19:34"}
[12:19:35] jev budget exhausted: max calls reached: 600 (继续纯确定性运行)
[12:19:37] jev budget exhausted: max calls reached: 600 (继续纯确定性运行)
[12:19:38] jev budget exhausted: max calls reached: 600 (继续纯确定性运行)
[12:19:38] t=1051 tick#700 credits=777 stance=defend | jev 600 decisions p50=915ms
[12:19:40] jev budget exhausted: max calls reached: 600 (继续纯确定性运行)
[12:19:41] jev budget exhausted: max calls reached: 600 (继续纯确定性运行)
[12:19:43] jev budget exhausted: max calls reached: 600 (继续纯确定性运行)
[12:19:44] jev budget exhausted: max calls reached: 600 (继续纯确定性运行)
[12:19:46] t=1058 RETREAT HTNK(38%)
[12:19:46] {"kind": "action", "what": "move", "name": null, "qty": null, "ts": "12:19:46"}
[12:19:46] jev budget exhausted: max calls reached: 600 (继续纯确定性运行)
[12:19:46] t=1058 MOVE defend-rally@(137, 82)(3)
[12:19:46] {"kind": "action", "what": "attack_move", "name": null, "qty": null, "ts": "12:19:46"}
[12:19:47] jev budget exhausted: max calls reached: 600 (继续纯确定性运行)
[12:19:49] jev budget exhausted: max calls reached: 600 (继续纯确定性运行)
[12:19:50] jev budget exhausted: max calls reached: 600 (继续纯确定性运行)
[12:19:52] jev budget exhausted: max calls reached: 600 (继续纯确定性运行)
[12:19:53] jev budget exhausted: max calls reached: 600 (继续纯确定性运行)
[12:19:55] jev budget exhausted: max calls reached: 600 (继续纯确定性运行)
[12:19:56] jev budget exhausted: max calls reached: 600 (继续纯确定性运行)
[12:19:58] jev budget exhausted: max calls reached: 600 (继续纯确定性运行)
[12:19:59] t=1072 RETREAT DOG(25%)
[12:19:59] {"kind": "action", "what": "move", "name": null, "qty": null, "ts": "12:19:59"}
[12:19:59] jev budget exhausted: max calls reached: 600 (继续纯确定性运行)
[12:19:59] t=1072 MOVE defend-rally@(137, 82)(3)
[12:19:59] {"kind": "action", "what": "attack_move", "name": null, "qty": null, "ts": "12:19:59"}
[12:20:01] t=1073 ALARM 单位损失 -> counter 37 vs 22 -> [134, 79]
[12:20:01] {"kind": "action", "what": "attack_move", "name": null, "qty": null, "ts": "12:20:01"}
[12:20:04] jev budget exhausted: max calls reached: 600 (继续纯确定性运行)
[12:20:05] jev budget exhausted: max calls reached: 600 (继续纯确定性运行)
[12:20:07] jev budget exhausted: max calls reached: 600 (继续纯确定性运行)
[12:20:08] jev budget exhausted: max calls reached: 600 (继续纯确定性运行)
[12:20:10] jev budget exhausted: max calls reached: 600 (继续纯确定性运行)
[12:20:10] t=1082 MOVE forward-post@(122, 85)(4)
[12:20:10] {"kind": "action", "what": "attack_move", "name": null, "qty": null, "ts": "12:20:10"}
[12:20:11] jev budget exhausted: max calls reached: 600 (继续纯确定性运行)
[12:20:13] jev budget exhausted: max calls reached: 600 (继续纯确定性运行)
[12:20:14] jev budget exhausted: max calls reached: 600 (继续纯确定性运行)
[12:20:16] t=1088 ALARM 单位损失 -> counter 37 vs 22 -> [134, 79]
[12:20:16] {"kind": "action", "what": "attack_move", "name": null, "qty": null, "ts": "12:20:16"}
[12:20:16] t=1088 tick#725 credits=25 stance=defend | jev 600 decisions p50=915ms
[12:20:17] jev budget exhausted: max calls reached: 600 (继续纯确定性运行)
[12:20:19] jev budget exhausted: max calls reached: 600 (继续纯确定性运行)
[12:20:20] jev budget exhausted: max calls reached: 600 (继续纯确定性运行)
[12:20:22] jev budget exhausted: max calls reached: 600 (继续纯确定性运行)
[12:20:23] jev budget exhausted: max calls reached: 600 (继续纯确定性运行)
[12:20:25] jev budget exhausted: max calls reached: 600 (继续纯确定性运行)
[12:20:25] t=1097 MOVE forward-post@(122, 85)(4)
[12:20:25] {"kind": "action", "what": "attack_move", "name": null, "qty": null, "ts": "12:20:25"}
[12:20:26] jev budget exhausted: max calls reached: 600 (继续纯确定性运行)
[12:20:28] jev budget exhausted: max calls reached: 600 (继续纯确定性运行)
[12:20:29] jev budget exhausted: max calls reached: 600 (继续纯确定性运行)
[12:20:31] jev budget exhausted: max calls reached: 600 (继续纯确定性运行)
[12:20:32] jev budget exhausted: max calls reached: 600 (继续纯确定性运行)
[12:20:34] jev budget exhausted: max calls reached: 600 (继续纯确定性运行)
[12:20:35] jev budget exhausted: max calls reached: 600 (继续纯确定性运行)
[12:20:37] jev budget exhausted: max calls reached: 600 (继续纯确定性运行)
[12:20:37] t=1109 MOVE forward-post@(122, 85)(4)
[12:20:37] {"kind": "action", "what": "attack_move", "name": null, "qty": null, "ts": "12:20:37"}
[12:20:38] jev budget exhausted: max calls reached: 600 (继续纯确定性运行)
[12:20:40] jev budget exhausted: max calls reached: 600 (继续纯确定性运行)
[12:20:41] jev budget exhausted: max calls reached: 600 (继续纯确定性运行)
[12:20:43] jev budget exhausted: max calls reached: 600 (继续纯确定性运行)
[12:20:44] jev budget exhausted: max calls reached: 600 (继续纯确定性运行)
[12:20:46] jev budget exhausted: max calls reached: 600 (继续纯确定性运行)
[12:20:47] jev budget exhausted: max calls reached: 600 (继续纯确定性运行)
[12:20:49] jev budget exhausted: max calls reached: 600 (继续纯确定性运行)
[12:20:49] t=1121 MOVE forward-post@(122, 85)(4)
[12:20:49] {"kind": "action", "what": "attack_move", "name": null, "qty": null, "ts": "12:20:49"}
[12:20:50] jev budget exhausted: max calls reached: 600 (继续纯确定性运行)
[12:20:52] jev budget exhausted: max calls reached: 600 (继续纯确定性运行)
[12:20:53] jev budget exhausted: max calls reached: 600 (继续纯确定性运行)
[12:20:53] t=1126 tick#750 credits=325 stance=defend | jev 600 decisions p50=915ms
[12:20:55] jev budget exhausted: max calls reached: 600 (继续纯确定性运行)
[12:20:56] jev budget exhausted: max calls reached: 600 (继续纯确定性运行)
[12:20:58] jev budget exhausted: max calls reached: 600 (继续纯确定性运行)
[12:20:59] jev budget exhausted: max calls reached: 600 (继续纯确定性运行)
[12:21:01] jev budget exhausted: max calls reached: 600 (继续纯确定性运行)
[12:21:01] t=1133 MOVE forward-post@(122, 85)(4)
[12:21:01] {"kind": "action", "what": "attack_move", "name": null, "qty": null, "ts": "12:21:01"}
[12:21:02] jev budget exhausted: max calls reached: 600 (继续纯确定性运行)
[12:21:04] jev budget exhausted: max calls reached: 600 (继续纯确定性运行)
[12:21:05] jev budget exhausted: max calls reached: 600 (继续纯确定性运行)
[12:21:07] jev budget exhausted: max calls reached: 600 (继续纯确定性运行)
[12:21:08] jev budget exhausted: max calls reached: 600 (继续纯确定性运行)
[12:21:10] jev budget exhausted: max calls reached: 600 (继续纯确定性运行)
[12:21:11] t=1144 ALARM 单位损失 -> counter 37 vs 21 -> [134, 79]
[12:21:11] {"kind": "action", "what": "attack_move", "name": null, "qty": null, "ts": "12:21:11"}
[12:21:13] jev budget exhausted: max calls reached: 600 (继续纯确定性运行)
[12:21:14] jev budget exhausted: max calls reached: 600 (继续纯确定性运行)
[12:21:16] jev budget exhausted: max calls reached: 600 (继续纯确定性运行)
[12:21:17] jev budget exhausted: max calls reached: 600 (继续纯确定性运行)
[12:21:19] jev budget exhausted: max calls reached: 600 (继续纯确定性运行)
[12:21:20] jev budget exhausted: max calls reached: 600 (继续纯确定性运行)
[12:21:20] t=1153 MOVE defend-rally@(137, 82)(3)
[12:21:20] {"kind": "action", "what": "attack_move", "name": null, "qty": null, "ts": "12:21:20"}
[12:21:22] jev budget exhausted: max calls reached: 600 (继续纯确定性运行)
[12:21:23] jev budget exhausted: max calls reached: 600 (继续纯确定性运行)
[12:21:25] jev budget exhausted: max calls reached: 600 (继续纯确定性运行)
[12:21:26] jev budget exhausted: max calls reached: 600 (继续纯确定性运行)
[12:21:28] jev budget exhausted: max calls reached: 600 (继续纯确定性运行)
[12:21:29] jev budget exhausted: max calls reached: 600 (继续纯确定性运行)
[12:21:31] jev budget exhausted: max calls reached: 600 (继续纯确定性运行)
[12:21:31] t=1163 tick#775 credits=400 stance=defend | jev 600 decisions p50=915ms
[12:21:32] jev budget exhausted: max calls reached: 600 (继续纯确定性运行)
[12:21:32] t=1165 MOVE defend-rally@(137, 82)(3)
[12:21:32] {"kind": "action", "what": "attack_move", "name": null, "qty": null, "ts": "12:21:32"}
[12:21:34] t=1166 TANK HTNK x1
[12:21:34] {"kind": "action", "what": "produce", "name": "HTNK", "qty": 1, "ts": "12:21:34"}
[12:21:34] jev budget exhausted: max calls reached: 600 (继续纯确定性运行)
[12:21:35] jev budget exhausted: max calls reached: 600 (继续纯确定性运行)
[12:21:37] jev budget exhausted: max calls reached: 600 (继续纯确定性运行)
[12:21:38] jev budget exhausted: max calls reached: 600 (继续纯确定性运行)
[12:21:40] jev budget exhausted: max calls reached: 600 (继续纯确定性运行)
[12:21:41] jev budget exhausted: max calls reached: 600 (继续纯确定性运行)
[12:21:43] jev budget exhausted: max calls reached: 600 (继续纯确定性运行)
[12:21:44] jev budget exhausted: max calls reached: 600 (继续纯确定性运行)
[12:21:44] t=1177 MOVE defend-rally@(137, 82)(3)
[12:21:44] {"kind": "action", "what": "attack_move", "name": null, "qty": null, "ts": "12:21:44"}
[12:21:46] jev budget exhausted: max calls reached: 600 (继续纯确定性运行)
[12:21:47] jev budget exhausted: max calls reached: 600 (继续纯确定性运行)
[12:21:49] jev budget exhausted: max calls reached: 600 (继续纯确定性运行)
[12:21:50] jev budget exhausted: max calls reached: 600 (继续纯确定性运行)
[12:21:52] jev budget exhausted: max calls reached: 600 (继续纯确定性运行)
[12:21:53] jev budget exhausted: max calls reached: 600 (继续纯确定性运行)
[12:21:55] jev budget exhausted: max calls reached: 600 (继续纯确定性运行)
[12:21:56] jev budget exhausted: max calls reached: 600 (继续纯确定性运行)
[12:21:56] t=1189 MOVE defend-rally@(137, 82)(3)
[12:21:56] {"kind": "action", "what": "attack_move", "name": null, "qty": null, "ts": "12:21:56"}
[12:21:58] jev budget exhausted: max calls reached: 600 (继续纯确定性运行)
[12:21:59] jev budget exhausted: max calls reached: 600 (继续纯确定性运行)
[12:22:01] jev budget exhausted: max calls reached: 600 (继续纯确定性运行)
[12:22:02] jev budget exhausted: max calls reached: 600 (继续纯确定性运行)
[12:22:04] jev budget exhausted: max calls reached: 600 (继续纯确定性运行)
[12:22:05] jev budget exhausted: max calls reached: 600 (继续纯确定性运行)
[12:22:07] jev budget exhausted: max calls reached: 600 (继续纯确定性运行)
[12:22:08] jev budget exhausted: max calls reached: 600 (继续纯确定性运行)
[12:22:08] t=1201 MOVE defend-rally@(137, 82)(3)
[12:22:08] {"kind": "action", "what": "attack_move", "name": null, "qty": null, "ts": "12:22:08"}
[12:22:08] t=1201 tick#800 credits=664 stance=defend | jev 600 decisions p50=915ms
[12:22:10] jev budget exhausted: max calls reached: 600 (继续纯确定性运行)
[12:22:11] jev budget exhausted: max calls reached: 600 (继续纯确定性运行)
[12:22:11] t=1204 MOVE forward-post@(122, 85)(4)
[12:22:11] {"kind": "action", "what": "attack_move", "name": null, "qty": null, "ts": "12:22:11"}
[12:22:13] jev budget exhausted: max calls reached: 600 (继续纯确定性运行)
[12:22:14] jev budget exhausted: max calls reached: 600 (继续纯确定性运行)
[12:22:16] jev budget exhausted: max calls reached: 600 (继续纯确定性运行)
[12:22:17] jev budget exhausted: max calls reached: 600 (继续纯确定性运行)
[12:22:19] jev budget exhausted: max calls reached: 600 (继续纯确定性运行)
[12:22:20] jev budget exhausted: max calls reached: 600 (继续纯确定性运行)
[12:22:22] jev budget exhausted: max calls reached: 600 (继续纯确定性运行)
[12:22:23] jev budget exhausted: max calls reached: 600 (继续纯确定性运行)
[12:22:23] t=1216 MOVE forward-post@(122, 85)(4)
[12:22:23] {"kind": "action", "what": "attack_move", "name": null, "qty": null, "ts": "12:22:23"}
[12:22:25] jev budget exhausted: max calls reached: 600 (继续纯确定性运行)
[12:22:26] jev budget exhausted: max calls reached: 600 (继续纯确定性运行)
[12:22:28] jev budget exhausted: max calls reached: 600 (继续纯确定性运行)
[12:22:29] jev budget exhausted: max calls reached: 600 (继续纯确定性运行)
[12:22:31] jev budget exhausted: max calls reached: 600 (继续纯确定性运行)
[12:22:32] jev budget exhausted: max calls reached: 600 (继续纯确定性运行)
[12:22:34] jev budget exhausted: max calls reached: 600 (继续纯确定性运行)
[12:22:35] jev budget exhausted: max calls reached: 600 (继续纯确定性运行)
[12:22:35] t=1228 MOVE forward-post@(122, 85)(4)
[12:22:35] {"kind": "action", "what": "attack_move", "name": null, "qty": null, "ts": "12:22:35"}
[12:22:37] jev budget exhausted: max calls reached: 600 (继续纯确定性运行)
[12:22:38] jev budget exhausted: max calls reached: 600 (继续纯确定性运行)
[12:22:40] jev budget exhausted: max calls reached: 600 (继续纯确定性运行)
[12:22:41] jev budget exhausted: max calls reached: 600 (继续纯确定性运行)
[12:22:43] jev budget exhausted: max calls reached: 600 (继续纯确定性运行)
[12:22:44] jev budget exhausted: max calls reached: 600 (继续纯确定性运行)
[12:22:46] jev budget exhausted: max calls reached: 600 (继续纯确定性运行)
[12:22:46] t=1238 tick#825 credits=1000 stance=defend | jev 600 decisions p50=915ms
[12:22:47] jev budget exhausted: max calls reached: 600 (继续纯确定性运行)
[12:22:47] t=1240 MOVE forward-post@(122, 85)(4)
[12:22:47] {"kind": "action", "what": "attack_move", "name": null, "qty": null, "ts": "12:22:47"}
[12:22:49] jev budget exhausted: max calls reached: 600 (继续纯确定性运行)
[12:22:50] jev budget exhausted: max calls reached: 600 (继续纯确定性运行)
[12:22:52] jev budget exhausted: max calls reached: 600 (继续纯确定性运行)
[12:22:53] jev budget exhausted: max calls reached: 600 (继续纯确定性运行)
[12:22:55] jev budget exhausted: max calls reached: 600 (继续纯确定性运行)
[12:22:56] jev budget exhausted: max calls reached: 600 (继续纯确定性运行)
[12:22:58] jev budget exhausted: max calls reached: 600 (继续纯确定性运行)
[12:22:59] jev budget exhausted: max calls reached: 600 (继续纯确定性运行)
[12:22:59] t=1252 MOVE forward-post@(122, 85)(4)
[12:22:59] {"kind": "action", "what": "attack_move", "name": null, "qty": null, "ts": "12:22:59"}
[12:23:01] jev budget exhausted: max calls reached: 600 (继续纯确定性运行)
[12:23:02] jev budget exhausted: max calls reached: 600 (继续纯确定性运行)
[12:23:04] jev budget exhausted: max calls reached: 600 (继续纯确定性运行)
[12:23:05] jev budget exhausted: max calls reached: 600 (继续纯确定性运行)
[12:23:07] jev budget exhausted: max calls reached: 600 (继续纯确定性运行)
[12:23:08] jev budget exhausted: max calls reached: 600 (继续纯确定性运行)
[12:23:10] jev budget exhausted: max calls reached: 600 (继续纯确定性运行)
[12:23:11] jev budget exhausted: max calls reached: 600 (继续纯确定性运行)
[12:23:11] t=1264 MOVE forward-post@(122, 85)(4)
[12:23:11] {"kind": "action", "what": "attack_move", "name": null, "qty": null, "ts": "12:23:11"}
[12:23:13] jev budget exhausted: max calls reached: 600 (继续纯确定性运行)
[12:23:14] jev budget exhausted: max calls reached: 600 (继续纯确定性运行)
[12:23:16] jev budget exhausted: max calls reached: 600 (继续纯确定性运行)
[12:23:17] jev budget exhausted: max calls reached: 600 (继续纯确定性运行)
[12:23:19] jev budget exhausted: max calls reached: 600 (继续纯确定性运行)
[12:23:20] jev budget exhausted: max calls reached: 600 (继续纯确定性运行)
[12:23:22] jev budget exhausted: max calls reached: 600 (继续纯确定性运行)
[12:23:23] jev budget exhausted: max calls reached: 600 (继续纯确定性运行)
[12:23:23] t=1276 MOVE forward-post@(122, 85)(4)
[12:23:23] {"kind": "action", "what": "attack_move", "name": null, "qty": null, "ts": "12:23:23"}
[12:23:23] t=1276 tick#850 credits=1000 stance=defend | jev 600 decisions p50=915ms
[12:23:25] jev budget exhausted: max calls reached: 600 (继续纯确定性运行)
[12:23:26] jev budget exhausted: max calls reached: 600 (继续纯确定性运行)
[12:23:28] jev budget exhausted: max calls reached: 600 (继续纯确定性运行)
[12:23:29] jev budget exhausted: max calls reached: 600 (继续纯确定性运行)
[12:23:31] jev budget exhausted: max calls reached: 600 (继续纯确定性运行)
[12:23:32] jev budget exhausted: max calls reached: 600 (继续纯确定性运行)
[12:23:34] jev budget exhausted: max calls reached: 600 (继续纯确定性运行)
[12:23:35] jev budget exhausted: max calls reached: 600 (继续纯确定性运行)
[12:23:35] t=1288 MOVE forward-post@(122, 85)(4)
[12:23:35] {"kind": "action", "what": "attack_move", "name": null, "qty": null, "ts": "12:23:35"}
[12:23:37] jev budget exhausted: max calls reached: 600 (继续纯确定性运行)
[12:23:38] jev budget exhausted: max calls reached: 600 (继续纯确定性运行)
[12:23:40] jev budget exhausted: max calls reached: 600 (继续纯确定性运行)
[12:23:41] jev budget exhausted: max calls reached: 600 (继续纯确定性运行)
[12:23:43] jev budget exhausted: max calls reached: 600 (继续纯确定性运行)
[12:23:44] jev budget exhausted: max calls reached: 600 (继续纯确定性运行)
[12:23:46] jev budget exhausted: max calls reached: 600 (继续纯确定性运行)
[12:23:47] jev budget exhausted: max calls reached: 600 (继续纯确定性运行)
[12:23:47] t=1300 MOVE forward-post@(122, 85)(4)
[12:23:47] {"kind": "action", "what": "attack_move", "name": null, "qty": null, "ts": "12:23:47"}
[12:23:49] jev budget exhausted: max calls reached: 600 (继续纯确定性运行)
[12:23:50] jev budget exhausted: max calls reached: 600 (继续纯确定性运行)
[12:23:52] t=1304 TANK HTNK x1
[12:23:52] {"kind": "action", "what": "produce", "name": "HTNK", "qty": 1, "ts": "12:23:52"}
[12:23:52] jev budget exhausted: max calls reached: 600 (继续纯确定性运行)
[12:23:53] jev budget exhausted: max calls reached: 600 (继续纯确定性运行)
[12:23:55] jev budget exhausted: max calls reached: 600 (继续纯确定性运行)
[12:23:56] jev budget exhausted: max calls reached: 600 (继续纯确定性运行)
[12:23:58] jev budget exhausted: max calls reached: 600 (继续纯确定性运行)
[12:23:59] jev budget exhausted: max calls reached: 600 (继续纯确定性运行)
[12:23:59] t=1312 MOVE forward-post@(122, 85)(4)
[12:23:59] {"kind": "action", "what": "attack_move", "name": null, "qty": null, "ts": "12:23:59"}
[12:24:01] jev budget exhausted: max calls reached: 600 (继续纯确定性运行)
[12:24:01] t=1313 tick#875 credits=1002 stance=defend | jev 600 decisions p50=915ms
[12:24:02] jev budget exhausted: max calls reached: 600 (继续纯确定性运行)
[12:24:04] jev budget exhausted: max calls reached: 600 (继续纯确定性运行)
[12:24:05] jev budget exhausted: max calls reached: 600 (继续纯确定性运行)
[12:24:07] t=1319 RETREAT E2(32%)
[12:24:07] {"kind": "action", "what": "move", "name": null, "qty": null, "ts": "12:24:07"}
[12:24:07] jev budget exhausted: max calls reached: 600 (继续纯确定性运行)
[12:24:08] jev budget exhausted: max calls reached: 600 (继续纯确定性运行)
[12:24:10] jev budget exhausted: max calls reached: 600 (继续纯确定性运行)
[12:24:11] t=1324 ALARM 单位损失 -> counter 37 vs 22 -> [134, 79]
[12:24:11] {"kind": "action", "what": "attack_move", "name": null, "qty": null, "ts": "12:24:11"}
[12:24:13] jev budget exhausted: max calls reached: 600 (继续纯确定性运行)
[12:24:14] jev budget exhausted: max calls reached: 600 (继续纯确定性运行)
[12:24:16] jev budget exhausted: max calls reached: 600 (继续纯确定性运行)
[12:24:17] t=1330 RETREAT E2(34%)
[12:24:17] {"kind": "action", "what": "move", "name": null, "qty": null, "ts": "12:24:17"}
[12:24:17] jev budget exhausted: max calls reached: 600 (继续纯确定性运行)
[12:24:19] jev budget exhausted: max calls reached: 600 (继续纯确定性运行)
[12:24:20] t=1333 ALARM 单位损失 -> counter 36 vs 21 -> [134, 79]
[12:24:20] {"kind": "action", "what": "attack_move", "name": null, "qty": null, "ts": "12:24:20"}
[12:24:22] jev budget exhausted: max calls reached: 600 (继续纯确定性运行)
[12:24:23] jev budget exhausted: max calls reached: 600 (继续纯确定性运行)
[12:24:25] jev budget exhausted: max calls reached: 600 (继续纯确定性运行)
[12:24:26] jev budget exhausted: max calls reached: 600 (继续纯确定性运行)
[12:24:28] t=1340 RETREAT E2(31%)
[12:24:28] {"kind": "action", "what": "move", "name": null, "qty": null, "ts": "12:24:28"}
[12:24:28] jev budget exhausted: max calls reached: 600 (继续纯确定性运行)
[12:24:29] t=1342 TANK HTNK x1
[12:24:29] {"kind": "action", "what": "produce", "name": "HTNK", "qty": 1, "ts": "12:24:29"}
[12:24:29] jev budget exhausted: max calls reached: 600 (继续纯确定性运行)
[12:24:29] t=1342 MOVE forward-post@(122, 85)(5)
[12:24:29] {"kind": "action", "what": "attack_move", "name": null, "qty": null, "ts": "12:24:29"}
[12:24:31] jev budget exhausted: max calls reached: 600 (继续纯确定性运行)
[12:24:32] t=1345 ALARM 单位损失 -> counter 36 vs 21 -> [134, 79]
[12:24:32] {"kind": "action", "what": "attack_move", "name": null, "qty": null, "ts": "12:24:32"}
[12:24:34] jev budget exhausted: max calls reached: 600 (继续纯确定性运行)
[12:24:35] jev budget exhausted: max calls reached: 600 (继续纯确定性运行)
[12:24:37] jev budget exhausted: max calls reached: 600 (继续纯确定性运行)
[12:24:38] jev budget exhausted: max calls reached: 600 (继续纯确定性运行)
[12:24:38] t=1351 tick#900 credits=1225 stance=defend | jev 600 decisions p50=915ms
[12:24:40] jev budget exhausted: max calls reached: 600 (继续纯确定性运行)
[12:24:41] jev budget exhausted: max calls reached: 600 (继续纯确定性运行)
[12:24:43] jev budget exhausted: max calls reached: 600 (继续纯确定性运行)
[12:24:43] t=1355 MOVE forward-post@(122, 85)(5)
[12:24:43] {"kind": "action", "what": "attack_move", "name": null, "qty": null, "ts": "12:24:43"}
[12:24:44] jev budget exhausted: max calls reached: 600 (继续纯确定性运行)
[12:24:46] jev budget exhausted: max calls reached: 600 (继续纯确定性运行)
[12:24:47] jev budget exhausted: max calls reached: 600 (继续纯确定性运行)
[12:24:49] jev budget exhausted: max calls reached: 600 (继续纯确定性运行)
[12:24:50] jev budget exhausted: max calls reached: 600 (继续纯确定性运行)
[12:24:52] jev budget exhausted: max calls reached: 600 (继续纯确定性运行)
[12:24:53] jev budget exhausted: max calls reached: 600 (继续纯确定性运行)
[12:24:55] jev budget exhausted: max calls reached: 600 (继续纯确定性运行)
[12:24:55] t=1367 MOVE forward-post@(122, 85)(5)
[12:24:55] {"kind": "action", "what": "attack_move", "name": null, "qty": null, "ts": "12:24:55"}
[12:24:56] jev budget exhausted: max calls reached: 600 (继续纯确定性运行)
[12:24:58] jev budget exhausted: max calls reached: 600 (继续纯确定性运行)
[12:24:59] jev budget exhausted: max calls reached: 600 (继续纯确定性运行)
[12:25:01] jev budget exhausted: max calls reached: 600 (继续纯确定性运行)
[12:25:02] jev budget exhausted: max calls reached: 600 (继续纯确定性运行)
[12:25:04] jev budget exhausted: max calls reached: 600 (继续纯确定性运行)
[12:25:05] jev budget exhausted: max calls reached: 600 (继续纯确定性运行)
[12:25:07] t=1379 TANK HTNK x2
[12:25:07] {"kind": "action", "what": "produce", "name": "HTNK", "qty": 2, "ts": "12:25:07"}
[12:25:07] jev budget exhausted: max calls reached: 600 (继续纯确定性运行)
[12:25:07] t=1379 MOVE forward-post@(122, 85)(6)
[12:25:07] {"kind": "action", "what": "attack_move", "name": null, "qty": null, "ts": "12:25:07"}
[12:25:08] jev budget exhausted: max calls reached: 600 (继续纯确定性运行)
[12:25:10] jev budget exhausted: max calls reached: 600 (继续纯确定性运行)
[12:25:11] jev budget exhausted: max calls reached: 600 (继续纯确定性运行)
[12:25:13] jev budget exhausted: max calls reached: 600 (继续纯确定性运行)
[12:25:14] jev budget exhausted: max calls reached: 600 (继续纯确定性运行)
[12:25:16] jev budget exhausted: max calls reached: 600 (继续纯确定性运行)
[12:25:16] t=1388 tick#925 credits=1450 stance=defend | jev 600 decisions p50=915ms
[12:25:17] jev budget exhausted: max calls reached: 600 (继续纯确定性运行)
[12:25:19] jev budget exhausted: max calls reached: 600 (继续纯确定性运行)
[12:25:20] jev budget exhausted: max calls reached: 600 (继续纯确定性运行)
[12:25:20] t=1393 MOVE forward-post@(122, 85)(6)
[12:25:20] {"kind": "action", "what": "attack_move", "name": null, "qty": null, "ts": "12:25:20"}
[12:25:22] jev budget exhausted: max calls reached: 600 (继续纯确定性运行)
[12:25:23] jev budget exhausted: max calls reached: 600 (继续纯确定性运行)
[12:25:25] jev budget exhausted: max calls reached: 600 (继续纯确定性运行)
[12:25:26] jev budget exhausted: max calls reached: 600 (继续纯确定性运行)
[12:25:28] jev budget exhausted: max calls reached: 600 (继续纯确定性运行)
[12:25:29] jev budget exhausted: max calls reached: 600 (继续纯确定性运行)
[12:25:31] jev budget exhausted: max calls reached: 600 (继续纯确定性运行)
[12:25:32] jev budget exhausted: max calls reached: 600 (继续纯确定性运行)
[12:25:32] t=1405 MOVE forward-post@(122, 85)(6)
[12:25:33] {"kind": "action", "what": "attack_move", "name": null, "qty": null, "ts": "12:25:33"}
[12:25:34] jev budget exhausted: max calls reached: 600 (继续纯确定性运行)
[12:25:35] jev budget exhausted: max calls reached: 600 (继续纯确定性运行)
[12:25:37] jev budget exhausted: max calls reached: 600 (继续纯确定性运行)
[12:25:38] jev budget exhausted: max calls reached: 600 (继续纯确定性运行)
[12:25:40] jev budget exhausted: max calls reached: 600 (继续纯确定性运行)
[12:25:41] jev budget exhausted: max calls reached: 600 (继续纯确定性运行)
[12:25:43] jev budget exhausted: max calls reached: 600 (继续纯确定性运行)
[12:25:44] jev budget exhausted: max calls reached: 600 (继续纯确定性运行)
[12:25:44] t=1417 MOVE forward-post@(122, 85)(7)
[12:25:45] {"kind": "action", "what": "attack_move", "name": null, "qty": null, "ts": "12:25:45"}
[12:25:46] jev budget exhausted: max calls reached: 600 (继续纯确定性运行)
[12:25:47] jev budget exhausted: max calls reached: 600 (继续纯确定性运行)
[12:25:49] jev budget exhausted: max calls reached: 600 (继续纯确定性运行)
[12:25:50] jev budget exhausted: max calls reached: 600 (继续纯确定性运行)
[12:25:52] jev budget exhausted: max calls reached: 600 (继续纯确定性运行)
[12:25:53] jev budget exhausted: max calls reached: 600 (继续纯确定性运行)
[12:25:53] t=1426 tick#950 credits=512 stance=defend | jev 600 decisions p50=915ms
[12:25:55] jev budget exhausted: max calls reached: 600 (继续纯确定性运行)
[12:25:56] jev budget exhausted: max calls reached: 600 (继续纯确定性运行)
[12:25:56] t=1429 MOVE forward-post@(122, 85)(7)
[12:25:57] {"kind": "action", "what": "attack_move", "name": null, "qty": null, "ts": "12:25:57"}
[12:25:58] jev budget exhausted: max calls reached: 600 (继续纯确定性运行)
[12:25:59] jev budget exhausted: max calls reached: 600 (继续纯确定性运行)
[12:26:01] jev budget exhausted: max calls reached: 600 (继续纯确定性运行)
[12:26:02] jev budget exhausted: max calls reached: 600 (继续纯确定性运行)
[12:26:04] jev budget exhausted: max calls reached: 600 (继续纯确定性运行)
[12:26:05] jev budget exhausted: max calls reached: 600 (继续纯确定性运行)
[12:26:07] jev budget exhausted: max calls reached: 600 (继续纯确定性运行)
[12:26:08] jev budget exhausted: max calls reached: 600 (继续纯确定性运行)
[12:26:08] t=1441 MOVE forward-post@(122, 85)(7)
[12:26:09] {"kind": "action", "what": "attack_move", "name": null, "qty": null, "ts": "12:26:09"}
[12:26:10] t=1442 ALARM 单位损失 -> counter 37 vs 22 -> [134, 79]
[12:26:10] {"kind": "action", "what": "attack_move", "name": null, "qty": null, "ts": "12:26:10"}
[12:26:11] jev budget exhausted: max calls reached: 600 (继续纯确定性运行)
[12:26:13] jev budget exhausted: max calls reached: 600 (继续纯确定性运行)
[12:26:15] jev budget exhausted: max calls reached: 600 (继续纯确定性运行)
[12:26:16] jev budget exhausted: max calls reached: 600 (继续纯确定性运行)
[12:26:17] jev budget exhausted: max calls reached: 600 (继续纯确定性运行)
[12:26:19] t=1451 TANK HTNK x2
[12:26:19] {"kind": "action", "what": "produce", "name": "HTNK", "qty": 2, "ts": "12:26:19"}
[12:26:19] jev budget exhausted: max calls reached: 600 (继续纯确定性运行)
[12:26:21] jev budget exhausted: max calls reached: 600 (继续纯确定性运行)
[12:26:21] t=1453 MOVE forward-post@(122, 85)(8)
[12:26:21] {"kind": "action", "what": "attack_move", "name": null, "qty": null, "ts": "12:26:21"}
[12:26:22] jev budget exhausted: max calls reached: 600 (继续纯确定性运行)
[12:26:23] jev budget exhausted: max calls reached: 600 (继续纯确定性运行)
[12:26:25] t=1457 RETREAT E2(38%)
[12:26:25] {"kind": "action", "what": "move", "name": null, "qty": null, "ts": "12:26:25"}
[12:26:25] jev budget exhausted: max calls reached: 600 (继续纯确定性运行)
[12:26:27] jev budget exhausted: max calls reached: 600 (继续纯确定性运行)
[12:26:28] jev budget exhausted: max calls reached: 600 (继续纯确定性运行)
[12:26:30] jev budget exhausted: max calls reached: 600 (继续纯确定性运行)
[12:26:31] jev budget exhausted: max calls reached: 600 (继续纯确定性运行)
[12:26:31] t=1463 tick#975 credits=2200 stance=defend | jev 600 decisions p50=915ms
[12:26:33] jev budget exhausted: max calls reached: 600 (继续纯确定性运行)
[12:26:33] t=1465 MOVE forward-post@(122, 85)(8)
[12:26:33] {"kind": "action", "what": "attack_move", "name": null, "qty": null, "ts": "12:26:33"}
[12:26:34] jev budget exhausted: max calls reached: 600 (继续纯确定性运行)
[12:26:36] jev budget exhausted: max calls reached: 600 (继续纯确定性运行)
[12:26:37] jev budget exhausted: max calls reached: 600 (继续纯确定性运行)
[12:26:39] jev budget exhausted: max calls reached: 600 (继续纯确定性运行)
[12:26:40] jev budget exhausted: max calls reached: 600 (继续纯确定性运行)
[12:26:42] jev budget exhausted: max calls reached: 600 (继续纯确定性运行)
[12:26:43] jev budget exhausted: max calls reached: 600 (继续纯确定性运行)
[12:26:45] jev budget exhausted: max calls reached: 600 (继续纯确定性运行)
[12:26:45] t=1477 MOVE forward-post@(122, 85)(8)
[12:26:45] {"kind": "action", "what": "attack_move", "name": null, "qty": null, "ts": "12:26:45"}
[12:26:46] jev budget exhausted: max calls reached: 600 (继续纯确定性运行)
[12:26:48] jev budget exhausted: max calls reached: 600 (继续纯确定性运行)
[12:26:49] jev budget exhausted: max calls reached: 600 (继续纯确定性运行)
[12:26:51] jev budget exhausted: max calls reached: 600 (继续纯确定性运行)
[12:26:52] jev budget exhausted: max calls reached: 600 (继续纯确定性运行)
[12:26:54] jev budget exhausted: max calls reached: 600 (继续纯确定性运行)
[12:26:55] jev budget exhausted: max calls reached: 600 (继续纯确定性运行)
[12:26:57] jev budget exhausted: max calls reached: 600 (继续纯确定性运行)
[12:26:57] t=1489 MOVE forward-post@(122, 85)(9)
[12:26:57] {"kind": "action", "what": "attack_move", "name": null, "qty": null, "ts": "12:26:57"}
[12:26:58] jev budget exhausted: max calls reached: 600 (继续纯确定性运行)
[12:27:00] jev budget exhausted: max calls reached: 600 (继续纯确定性运行)
[12:27:01] jev budget exhausted: max calls reached: 600 (继续纯确定性运行)
[12:27:03] jev budget exhausted: max calls reached: 600 (继续纯确定性运行)
[12:27:04] jev budget exhausted: max calls reached: 600 (继续纯确定性运行)
[12:27:06] jev budget exhausted: max calls reached: 600 (继续纯确定性运行)
[12:27:07] jev budget exhausted: max calls reached: 600 (继续纯确定性运行)
[12:27:09] jev budget exhausted: max calls reached: 600 (继续纯确定性运行)
[12:27:09] t=1501 MOVE forward-post@(122, 85)(9)
[12:27:09] {"kind": "action", "what": "attack_move", "name": null, "qty": null, "ts": "12:27:09"}
[12:27:09] t=1501 tick#1000 credits=1262 stance=defend | jev 600 decisions p50=915ms
[12:27:10] jev budget exhausted: max calls reached: 600 (继续纯确定性运行)
[12:27:12] jev budget exhausted: max calls reached: 600 (继续纯确定性运行)
[12:27:13] jev budget exhausted: max calls reached: 600 (继续纯确定性运行)
[12:27:15] jev budget exhausted: max calls reached: 600 (继续纯确定性运行)
[12:27:16] jev budget exhausted: max calls reached: 600 (继续纯确定性运行)
[12:27:18] jev budget exhausted: max calls reached: 600 (继续纯确定性运行)
[12:27:19] jev budget exhausted: max calls reached: 600 (继续纯确定性运行)
[12:27:21] jev budget exhausted: max calls reached: 600 (继续纯确定性运行)
[12:27:21] t=1513 MOVE forward-post@(122, 85)(9)
[12:27:21] {"kind": "action", "what": "attack_move", "name": null, "qty": null, "ts": "12:27:21"}
[12:27:22] jev budget exhausted: max calls reached: 600 (继续纯确定性运行)
[12:27:24] jev budget exhausted: max calls reached: 600 (继续纯确定性运行)
[12:27:25] jev budget exhausted: max calls reached: 600 (继续纯确定性运行)
[12:27:27] jev budget exhausted: max calls reached: 600 (继续纯确定性运行)
[12:27:28] jev budget exhausted: max calls reached: 600 (继续纯确定性运行)
[12:27:30] jev budget exhausted: max calls reached: 600 (继续纯确定性运行)
[12:27:31] jev budget exhausted: max calls reached: 600 (继续纯确定性运行)
[12:27:33] jev budget exhausted: max calls reached: 600 (继续纯确定性运行)
[12:27:34] jev budget exhausted: max calls reached: 600 (继续纯确定性运行)
[12:27:34] t=1527 MOVE forward-post@(122, 85)(10)
[12:27:34] {"kind": "action", "what": "attack_move", "name": null, "qty": null, "ts": "12:27:34"}
[12:27:36] jev budget exhausted: max calls reached: 600 (继续纯确定性运行)
[12:27:37] jev budget exhausted: max calls reached: 600 (继续纯确定性运行)
[12:27:39] jev budget exhausted: max calls reached: 600 (继续纯确定性运行)
[12:27:40] jev budget exhausted: max calls reached: 600 (继续纯确定性运行)
[12:27:42] jev budget exhausted: max calls reached: 600 (继续纯确定性运行)
[12:27:43] jev budget exhausted: max calls reached: 600 (继续纯确定性运行)
[12:27:45] jev budget exhausted: max calls reached: 600 (继续纯确定性运行)
[12:27:46] jev budget exhausted: max calls reached: 600 (继续纯确定性运行)
[12:27:46] t=1539 MOVE forward-post@(122, 85)(10)
[12:27:46] {"kind": "action", "what": "attack_move", "name": null, "qty": null, "ts": "12:27:46"}
[12:27:46] t=1539 tick#1025 credits=700 stance=defend | jev 600 decisions p50=915ms
[12:27:48] jev budget exhausted: max calls reached: 600 (继续纯确定性运行)
[12:27:49] jev budget exhausted: max calls reached: 600 (继续纯确定性运行)
[12:27:51] jev budget exhausted: max calls reached: 600 (继续纯确定性运行)
[12:27:52] jev budget exhausted: max calls reached: 600 (继续纯确定性运行)
[12:27:54] jev budget exhausted: max calls reached: 600 (继续纯确定性运行)
[12:27:55] jev budget exhausted: max calls reached: 600 (继续纯确定性运行)
[12:27:57] jev budget exhausted: max calls reached: 600 (继续纯确定性运行)
[12:27:58] jev budget exhausted: max calls reached: 600 (继续纯确定性运行)
[12:27:58] t=1551 MOVE forward-post@(122, 85)(10)
[12:27:58] {"kind": "action", "what": "attack_move", "name": null, "qty": null, "ts": "12:27:58"}
[12:28:00] t=1552 ALARM 单位损失 -> counter 38 vs 22 -> [134, 79]
[12:28:00] {"kind": "action", "what": "attack_move", "name": null, "qty": null, "ts": "12:28:00"}
[12:28:01] jev budget exhausted: max calls reached: 600 (继续纯确定性运行)
[12:28:03] jev budget exhausted: max calls reached: 600 (继续纯确定性运行)
[12:28:04] jev budget exhausted: max calls reached: 600 (继续纯确定性运行)
[12:28:06] jev budget exhausted: max calls reached: 600 (继续纯确定性运行)
[12:28:07] jev budget exhausted: max calls reached: 600 (继续纯确定性运行)
[12:28:09] jev budget exhausted: max calls reached: 600 (继续纯确定性运行)
[12:28:10] jev budget exhausted: max calls reached: 600 (继续纯确定性运行)
[12:28:10] t=1563 MOVE forward-post@(122, 85)(10)
[12:28:10] {"kind": "action", "what": "attack_move", "name": null, "qty": null, "ts": "12:28:10"}
[12:28:12] jev budget exhausted: max calls reached: 600 (继续纯确定性运行)
[12:28:13] t=1566 TANK HTNK x2
[12:28:13] {"kind": "action", "what": "produce", "name": "HTNK", "qty": 2, "ts": "12:28:13"}
[12:28:13] jev budget exhausted: max calls reached: 600 (继续纯确定性运行)
[12:28:15] jev budget exhausted: max calls reached: 600 (继续纯确定性运行)
[12:28:16] jev budget exhausted: max calls reached: 600 (继续纯确定性运行)
[12:28:18] jev budget exhausted: max calls reached: 600 (继续纯确定性运行)
[12:28:19] jev budget exhausted: max calls reached: 600 (继续纯确定性运行)
[12:28:21] jev budget exhausted: max calls reached: 600 (继续纯确定性运行)
[12:28:22] jev budget exhausted: max calls reached: 600 (继续纯确定性运行)
[12:28:22] t=1575 MOVE forward-post@(122, 85)(10)
[12:28:22] {"kind": "action", "what": "attack_move", "name": null, "qty": null, "ts": "12:28:22"}
[12:28:24] jev budget exhausted: max calls reached: 600 (继续纯确定性运行)
[12:28:24] t=1576 tick#1050 credits=3139 stance=defend | jev 600 decisions p50=915ms
[12:28:25] jev budget exhausted: max calls reached: 600 (继续纯确定性运行)
[12:28:27] jev budget exhausted: max calls reached: 600 (继续纯确定性运行)
[12:28:28] jev budget exhausted: max calls reached: 600 (继续纯确定性运行)
[12:28:30] jev budget exhausted: max calls reached: 600 (继续纯确定性运行)
[12:28:31] jev budget exhausted: max calls reached: 600 (继续纯确定性运行)
[12:28:33] jev budget exhausted: max calls reached: 600 (继续纯确定性运行)
[12:28:34] jev budget exhausted: max calls reached: 600 (继续纯确定性运行)
[12:28:34] t=1587 MOVE forward-post@(122, 85)(10)
[12:28:34] {"kind": "action", "what": "attack_move", "name": null, "qty": null, "ts": "12:28:34"}
[12:28:36] jev budget exhausted: max calls reached: 600 (继续纯确定性运行)
[12:28:37] jev budget exhausted: max calls reached: 600 (继续纯确定性运行)
[12:28:39] jev budget exhausted: max calls reached: 600 (继续纯确定性运行)
[12:28:40] t=1593 RETREAT E2(29%)
[12:28:40] {"kind": "action", "what": "move", "name": null, "qty": null, "ts": "12:28:40"}
[12:28:40] jev budget exhausted: max calls reached: 600 (继续纯确定性运行)
[12:28:42] jev budget exhausted: max calls reached: 600 (继续纯确定性运行)
[12:28:43] jev budget exhausted: max calls reached: 600 (继续纯确定性运行)
[12:28:45] jev budget exhausted: max calls reached: 600 (继续纯确定性运行)
[12:28:46] jev budget exhausted: max calls reached: 600 (继续纯确定性运行)
[12:28:46] t=1599 MOVE forward-post@(122, 85)(10)
[12:28:46] {"kind": "action", "what": "attack_move", "name": null, "qty": null, "ts": "12:28:46"}
[12:28:48] jev budget exhausted: max calls reached: 600 (继续纯确定性运行)
[12:28:49] jev budget exhausted: max calls reached: 600 (继续纯确定性运行)
[12:28:51] jev budget exhausted: max calls reached: 600 (继续纯确定性运行)
[12:28:52] jev budget exhausted: max calls reached: 600 (继续纯确定性运行)
[12:28:54] jev budget exhausted: max calls reached: 600 (继续纯确定性运行)
[12:28:55] jev budget exhausted: max calls reached: 600 (继续纯确定性运行)
[12:28:57] jev budget exhausted: max calls reached: 600 (继续纯确定性运行)
[12:28:58] jev budget exhausted: max calls reached: 600 (继续纯确定性运行)
[12:28:58] t=1611 MOVE forward-post@(122, 85)(11)
[12:28:58] {"kind": "action", "what": "attack_move", "name": null, "qty": null, "ts": "12:28:58"}
[12:29:00] jev budget exhausted: max calls reached: 600 (继续纯确定性运行)
[12:29:01] jev budget exhausted: max calls reached: 600 (继续纯确定性运行)
[12:29:01] t=1614 tick#1075 credits=2200 stance=defend | jev 600 decisions p50=915ms
[12:29:03] jev budget exhausted: max calls reached: 600 (继续纯确定性运行)
[12:29:04] jev budget exhausted: max calls reached: 600 (继续纯确定性运行)
[12:29:06] jev budget exhausted: max calls reached: 600 (继续纯确定性运行)
[12:29:07] jev budget exhausted: max calls reached: 600 (继续纯确定性运行)
[12:29:09] jev budget exhausted: max calls reached: 600 (继续纯确定性运行)
[12:29:10] jev budget exhausted: max calls reached: 600 (继续纯确定性运行)
[12:29:10] t=1623 MOVE forward-post@(122, 85)(11)
[12:29:10] {"kind": "action", "what": "attack_move", "name": null, "qty": null, "ts": "12:29:10"}
[12:29:12] t=1624 ALARM 单位损失 -> counter 38 vs 22 -> [134, 79]
[12:29:12] {"kind": "action", "what": "attack_move", "name": null, "qty": null, "ts": "12:29:12"}
[12:29:13] jev budget exhausted: max calls reached: 600 (继续纯确定性运行)
[12:29:15] jev budget exhausted: max calls reached: 600 (继续纯确定性运行)
[12:29:16] jev budget exhausted: max calls reached: 600 (继续纯确定性运行)
[12:29:18] jev budget exhausted: max calls reached: 600 (继续纯确定性运行)
[12:29:19] jev budget exhausted: max calls reached: 600 (继续纯确定性运行)
[12:29:21] jev budget exhausted: max calls reached: 600 (继续纯确定性运行)
[12:29:22] jev budget exhausted: max calls reached: 600 (继续纯确定性运行)
[12:29:22] t=1635 MOVE forward-post@(122, 85)(11)
[12:29:22] {"kind": "action", "what": "attack_move", "name": null, "qty": null, "ts": "12:29:22"}
[12:29:24] jev budget exhausted: max calls reached: 600 (继续纯确定性运行)
[12:29:25] jev budget exhausted: max calls reached: 600 (继续纯确定性运行)
[12:29:27] t=1639 TANK HTNK x2
[12:29:27] {"kind": "action", "what": "produce", "name": "HTNK", "qty": 2, "ts": "12:29:27"}
[12:29:27] jev budget exhausted: max calls reached: 600 (继续纯确定性运行)
[12:29:28] jev budget exhausted: max calls reached: 600 (继续纯确定性运行)
[12:29:30] jev budget exhausted: max calls reached: 600 (继续纯确定性运行)
[12:29:31] jev budget exhausted: max calls reached: 600 (继续纯确定性运行)
[12:29:33] jev budget exhausted: max calls reached: 600 (继续纯确定性运行)
[12:29:34] jev budget exhausted: max calls reached: 600 (继续纯确定性运行)
[12:29:34] t=1647 MOVE forward-post@(122, 85)(12)
[12:29:34] {"kind": "action", "what": "attack_move", "name": null, "qty": null, "ts": "12:29:34"}
[12:29:36] jev budget exhausted: max calls reached: 600 (继续纯确定性运行)
[12:29:37] jev budget exhausted: max calls reached: 600 (继续纯确定性运行)
[12:29:39] jev budget exhausted: max calls reached: 600 (继续纯确定性运行)
[12:29:39] t=1651 tick#1100 credits=2427 stance=defend | jev 600 decisions p50=915ms
[12:29:40] jev budget exhausted: max calls reached: 600 (继续纯确定性运行)
[12:29:42] jev budget exhausted: max calls reached: 600 (继续纯确定性运行)
[12:29:43] jev budget exhausted: max calls reached: 600 (继续纯确定性运行)
[12:29:45] jev budget exhausted: max calls reached: 600 (继续纯确定性运行)
[12:29:46] jev budget exhausted: max calls reached: 600 (继续纯确定性运行)
[12:29:46] t=1659 MOVE forward-post@(122, 85)(12)
[12:29:46] {"kind": "action", "what": "attack_move", "name": null, "qty": null, "ts": "12:29:46"}
[12:29:48] jev budget exhausted: max calls reached: 600 (继续纯确定性运行)
[12:29:49] jev budget exhausted: max calls reached: 600 (继续纯确定性运行)
[12:29:51] jev budget exhausted: max calls reached: 600 (继续纯确定性运行)
[12:29:52] jev budget exhausted: max calls reached: 600 (继续纯确定性运行)
[12:29:54] jev budget exhausted: max calls reached: 600 (继续纯确定性运行)
[12:29:55] jev budget exhausted: max calls reached: 600 (继续纯确定性运行)
[12:29:57] jev budget exhausted: max calls reached: 600 (继续纯确定性运行)
[12:29:58] jev budget exhausted: max calls reached: 600 (继续纯确定性运行)
[12:29:58] t=1671 MOVE forward-post@(122, 85)(12)
[12:29:58] {"kind": "action", "what": "attack_move", "name": null, "qty": null, "ts": "12:29:58"}
[12:30:00] jev budget exhausted: max calls reached: 600 (继续纯确定性运行)
[12:30:01] jev budget exhausted: max calls reached: 600 (继续纯确定性运行)
[12:30:03] jev budget exhausted: max calls reached: 600 (继续纯确定性运行)
[12:30:04] jev budget exhausted: max calls reached: 600 (继续纯确定性运行)
[12:30:06] jev budget exhausted: max calls reached: 600 (继续纯确定性运行)
[12:30:07] jev budget exhausted: max calls reached: 600 (继续纯确定性运行)
[12:30:09] jev budget exhausted: max calls reached: 600 (继续纯确定性运行)
[12:30:10] jev budget exhausted: max calls reached: 600 (继续纯确定性运行)
[12:30:10] t=1683 MOVE forward-post@(122, 85)(13)
[12:30:10] {"kind": "action", "what": "attack_move", "name": null, "qty": null, "ts": "12:30:10"}
[12:30:12] jev budget exhausted: max calls reached: 600 (继续纯确定性运行)
[12:30:13] jev budget exhausted: max calls reached: 600 (继续纯确定性运行)
[12:30:15] jev budget exhausted: max calls reached: 600 (继续纯确定性运行)
[12:30:16] jev budget exhausted: max calls reached: 600 (继续纯确定性运行)
[12:30:16] t=1689 tick#1125 credits=1864 stance=defend | jev 600 decisions p50=915ms
[12:30:18] jev budget exhausted: max calls reached: 600 (继续纯确定性运行)
[12:30:19] jev budget exhausted: max calls reached: 600 (继续纯确定性运行)
[12:30:21] jev budget exhausted: max calls reached: 600 (继续纯确定性运行)
[12:30:22] jev budget exhausted: max calls reached: 600 (继续纯确定性运行)
[12:30:22] t=1695 MOVE forward-post@(122, 85)(13)
[12:30:22] {"kind": "action", "what": "attack_move", "name": null, "qty": null, "ts": "12:30:22"}
[12:30:24] jev budget exhausted: max calls reached: 600 (继续纯确定性运行)
[12:30:25] jev budget exhausted: max calls reached: 600 (继续纯确定性运行)
[12:30:27] jev budget exhausted: max calls reached: 600 (继续纯确定性运行)
[12:30:28] jev budget exhausted: max calls reached: 600 (继续纯确定性运行)
[12:30:30] jev budget exhausted: max calls reached: 600 (继续纯确定性运行)
[12:30:31] jev budget exhausted: max calls reached: 600 (继续纯确定性运行)
[12:30:33] jev budget exhausted: max calls reached: 600 (继续纯确定性运行)
[12:30:34] jev budget exhausted: max calls reached: 600 (继续纯确定性运行)
[12:30:34] t=1707 MOVE forward-post@(122, 85)(13)
[12:30:34] {"kind": "action", "what": "attack_move", "name": null, "qty": null, "ts": "12:30:34"}
[12:30:36] jev budget exhausted: max calls reached: 600 (继续纯确定性运行)
[12:30:37] jev budget exhausted: max calls reached: 600 (继续纯确定性运行)
[12:30:39] jev budget exhausted: max calls reached: 600 (继续纯确定性运行)
[12:30:40] t=1713 TANK HTNK x1
[12:30:40] {"kind": "action", "what": "produce", "name": "HTNK", "qty": 1, "ts": "12:30:40"}
[12:30:40] jev budget exhausted: max calls reached: 600 (继续纯确定性运行)
[12:30:42] jev budget exhausted: max calls reached: 600 (继续纯确定性运行)
[12:30:43] jev budget exhausted: max calls reached: 600 (继续纯确定性运行)
[12:30:45] jev budget exhausted: max calls reached: 600 (继续纯确定性运行)
[12:30:46] jev budget exhausted: max calls reached: 600 (继续纯确定性运行)
[12:30:46] t=1719 MOVE forward-post@(122, 85)(14)
[12:30:46] {"kind": "action", "what": "attack_move", "name": null, "qty": null, "ts": "12:30:46"}
[12:30:48] jev budget exhausted: max calls reached: 600 (继续纯确定性运行)
[12:30:49] jev budget exhausted: max calls reached: 600 (继续纯确定性运行)
[12:30:51] jev budget exhausted: max calls reached: 600 (继续纯确定性运行)
[12:30:52] jev budget exhausted: max calls reached: 600 (继续纯确定性运行)
[12:30:54] jev budget exhausted: max calls reached: 600 (继续纯确定性运行)
[12:30:54] t=1726 tick#1150 credits=2087 stance=defend | jev 600 decisions p50=915ms
[12:30:55] jev budget exhausted: max calls reached: 600 (继续纯确定性运行)
[12:30:57] jev budget exhausted: max calls reached: 600 (继续纯确定性运行)
[12:30:58] jev budget exhausted: max calls reached: 600 (继续纯确定性运行)
[12:30:58] t=1731 MOVE forward-post@(122, 85)(14)
[12:30:58] {"kind": "action", "what": "attack_move", "name": null, "qty": null, "ts": "12:30:58"}
[12:31:00] jev budget exhausted: max calls reached: 600 (继续纯确定性运行)
[12:31:01] jev budget exhausted: max calls reached: 600 (继续纯确定性运行)
[12:31:03] jev budget exhausted: max calls reached: 600 (继续纯确定性运行)
[12:31:04] jev budget exhausted: max calls reached: 600 (继续纯确定性运行)
[12:31:06] jev budget exhausted: max calls reached: 600 (继续纯确定性运行)
[12:31:07] jev budget exhausted: max calls reached: 600 (继续纯确定性运行)
[12:31:09] jev budget exhausted: max calls reached: 600 (继续纯确定性运行)
[12:31:10] jev budget exhausted: max calls reached: 600 (继续纯确定性运行)
[12:31:10] t=1743 MOVE forward-post@(122, 85)(14)
[12:31:10] {"kind": "action", "what": "attack_move", "name": null, "qty": null, "ts": "12:31:10"}
[12:31:12] jev budget exhausted: max calls reached: 600 (继续纯确定性运行)
[12:31:13] jev budget exhausted: max calls reached: 600 (继续纯确定性运行)
[12:31:15] jev budget exhausted: max calls reached: 600 (继续纯确定性运行)
[12:31:16] jev budget exhausted: max calls reached: 600 (继续纯确定性运行)
[12:31:18] t=1750 TANK HTNK x1
[12:31:18] {"kind": "action", "what": "produce", "name": "HTNK", "qty": 1, "ts": "12:31:18"}
[12:31:18] jev budget exhausted: max calls reached: 600 (继续纯确定性运行)
[12:31:19] jev budget exhausted: max calls reached: 600 (继续纯确定性运行)
[12:31:21] jev budget exhausted: max calls reached: 600 (继续纯确定性运行)
[12:31:22] jev budget exhausted: max calls reached: 600 (继续纯确定性运行)
[12:31:22] t=1755 MOVE forward-post@(122, 85)(15)
[12:31:22] {"kind": "action", "what": "attack_move", "name": null, "qty": null, "ts": "12:31:22"}
[12:31:24] jev budget exhausted: max calls reached: 600 (继续纯确定性运行)
[12:31:25] t=1758 RETREAT E2(4%)
[12:31:25] {"kind": "action", "what": "move", "name": null, "qty": null, "ts": "12:31:25"}
[12:31:25] jev budget exhausted: max calls reached: 600 (继续纯确定性运行)
[12:31:27] jev budget exhausted: max calls reached: 600 (继续纯确定性运行)
[12:31:28] jev budget exhausted: max calls reached: 600 (继续纯确定性运行)
[12:31:30] jev budget exhausted: max calls reached: 600 (继续纯确定性运行)
[12:31:31] jev budget exhausted: max calls reached: 600 (继续纯确定性运行)
[12:31:31] t=1764 tick#1175 credits=1189 stance=defend | jev 600 decisions p50=915ms
[12:31:33] jev budget exhausted: max calls reached: 600 (继续纯确定性运行)
[12:31:34] jev budget exhausted: max calls reached: 600 (继续纯确定性运行)
[12:31:34] t=1767 MOVE forward-post@(122, 85)(15)
[12:31:34] {"kind": "action", "what": "attack_move", "name": null, "qty": null, "ts": "12:31:34"}
[12:31:36] jev budget exhausted: max calls reached: 600 (继续纯确定性运行)
[12:31:37] jev budget exhausted: max calls reached: 600 (继续纯确定性运行)
[12:31:39] jev budget exhausted: max calls reached: 600 (继续纯确定性运行)
[12:31:40] jev budget exhausted: max calls reached: 600 (继续纯确定性运行)
[12:31:42] jev budget exhausted: max calls reached: 600 (继续纯确定性运行)
[12:31:43] jev budget exhausted: max calls reached: 600 (继续纯确定性运行)
[12:31:45] jev budget exhausted: max calls reached: 600 (继续纯确定性运行)
[12:31:46] jev budget exhausted: max calls reached: 600 (继续纯确定性运行)
[12:31:46] t=1779 MOVE forward-post@(122, 85)(15)
[12:31:46] {"kind": "action", "what": "attack_move", "name": null, "qty": null, "ts": "12:31:46"}
[12:31:48] jev budget exhausted: max calls reached: 600 (继续纯确定性运行)
[12:31:49] jev budget exhausted: max calls reached: 600 (继续纯确定性运行)
[12:31:51] jev budget exhausted: max calls reached: 600 (继续纯确定性运行)
[12:31:52] jev budget exhausted: max calls reached: 600 (继续纯确定性运行)
[12:31:54] jev budget exhausted: max calls reached: 600 (继续纯确定性运行)
[12:31:55] jev budget exhausted: max calls reached: 600 (继续纯确定性运行)
[12:31:57] jev budget exhausted: max calls reached: 600 (继续纯确定性运行)
[12:31:58] t=1791 TANK HTNK x2
[12:31:58] {"kind": "action", "what": "produce", "name": "HTNK", "qty": 2, "ts": "12:31:58"}
[12:31:58] jev budget exhausted: max calls reached: 600 (继续纯确定性运行)
[12:31:58] t=1791 MOVE forward-post@(122, 85)(16)
[12:31:58] {"kind": "action", "what": "attack_move", "name": null, "qty": null, "ts": "12:31:58"}
[12:32:00] jev budget exhausted: max calls reached: 600 (继续纯确定性运行)
[12:32:01] jev budget exhausted: max calls reached: 600 (继续纯确定性运行)
[12:32:03] jev budget exhausted: max calls reached: 600 (继续纯确定性运行)
[12:32:04] jev budget exhausted: max calls reached: 600 (继续纯确定性运行)
[12:32:06] jev budget exhausted: max calls reached: 600 (继续纯确定性运行)
[12:32:07] jev budget exhausted: max calls reached: 600 (继续纯确定性运行)
[12:32:09] jev budget exhausted: max calls reached: 600 (继续纯确定性运行)
[12:32:09] t=1801 tick#1200 credits=1864 stance=defend | jev 600 decisions p50=915ms
[12:32:10] jev budget exhausted: max calls reached: 600 (继续纯确定性运行)
[12:32:12] jev budget exhausted: max calls reached: 600 (继续纯确定性运行)
[12:32:12] t=1804 MOVE forward-post@(122, 85)(16)
[12:32:12] {"kind": "action", "what": "attack_move", "name": null, "qty": null, "ts": "12:32:12"}
[12:32:13] jev budget exhausted: max calls reached: 600 (继续纯确定性运行)
[12:32:15] jev budget exhausted: max calls reached: 600 (继续纯确定性运行)
[12:32:16] jev budget exhausted: max calls reached: 600 (继续纯确定性运行)
[12:32:18] jev budget exhausted: max calls reached: 600 (继续纯确定性运行)
[12:32:19] jev budget exhausted: max calls reached: 600 (继续纯确定性运行)
[12:32:21] jev budget exhausted: max calls reached: 600 (继续纯确定性运行)
[12:32:22] jev budget exhausted: max calls reached: 600 (继续纯确定性运行)
[12:32:24] jev budget exhausted: max calls reached: 600 (继续纯确定性运行)
[12:32:24] t=1816 MOVE forward-post@(122, 85)(16)
[12:32:24] {"kind": "action", "what": "attack_move", "name": null, "qty": null, "ts": "12:32:24"}
[12:32:25] jev budget exhausted: max calls reached: 600 (继续纯确定性运行)
[12:32:27] jev budget exhausted: max calls reached: 600 (继续纯确定性运行)
[12:32:28] jev budget exhausted: max calls reached: 600 (继续纯确定性运行)
[12:32:30] jev budget exhausted: max calls reached: 600 (继续纯确定性运行)
[12:32:31] jev budget exhausted: max calls reached: 600 (继续纯确定性运行)
[12:32:33] jev budget exhausted: max calls reached: 600 (继续纯确定性运行)
[12:32:34] jev budget exhausted: max calls reached: 600 (继续纯确定性运行)
[12:32:36] jev budget exhausted: max calls reached: 600 (继续纯确定性运行)
[12:32:36] t=1828 MOVE forward-post@(122, 85)(17)
[12:32:36] {"kind": "action", "what": "attack_move", "name": null, "qty": null, "ts": "12:32:36"}
[12:32:37] jev budget exhausted: max calls reached: 600 (继续纯确定性运行)
[12:32:39] jev budget exhausted: max calls reached: 600 (继续纯确定性运行)
[12:32:40] jev budget exhausted: max calls reached: 600 (继续纯确定性运行)
[12:32:42] jev budget exhausted: max calls reached: 600 (继续纯确定性运行)
[12:32:43] jev budget exhausted: max calls reached: 600 (继续纯确定性运行)
[12:32:45] jev budget exhausted: max calls reached: 600 (继续纯确定性运行)
[12:32:46] jev budget exhausted: max calls reached: 600 (继续纯确定性运行)
[12:32:46] t=1839 tick#1225 credits=2050 stance=defend | jev 600 decisions p50=915ms
[12:32:48] jev budget exhausted: max calls reached: 600 (继续纯确定性运行)
[12:32:49] jev budget exhausted: max calls reached: 600 (继续纯确定性运行)
[12:32:49] t=1842 MOVE forward-post@(122, 85)(17)
[12:32:49] {"kind": "action", "what": "attack_move", "name": null, "qty": null, "ts": "12:32:49"}
[12:32:51] jev budget exhausted: max calls reached: 600 (继续纯确定性运行)
[12:32:52] jev budget exhausted: max calls reached: 600 (继续纯确定性运行)
[12:32:54] jev budget exhausted: max calls reached: 600 (继续纯确定性运行)
[12:32:55] jev budget exhausted: max calls reached: 600 (继续纯确定性运行)
[12:32:57] jev budget exhausted: max calls reached: 600 (继续纯确定性运行)
[12:32:58] jev budget exhausted: max calls reached: 600 (继续纯确定性运行)
[12:33:00] jev budget exhausted: max calls reached: 600 (继续纯确定性运行)
[12:33:01] jev budget exhausted: max calls reached: 600 (继续纯确定性运行)
[12:33:01] t=1854 MOVE forward-post@(122, 85)(17)
[12:33:01] {"kind": "action", "what": "attack_move", "name": null, "qty": null, "ts": "12:33:01"}
[12:33:03] jev budget exhausted: max calls reached: 600 (继续纯确定性运行)
[12:33:04] jev budget exhausted: max calls reached: 600 (继续纯确定性运行)
[12:33:06] jev budget exhausted: max calls reached: 600 (继续纯确定性运行)
[12:33:07] jev budget exhausted: max calls reached: 600 (继续纯确定性运行)
[12:33:09] jev budget exhausted: max calls reached: 600 (继续纯确定性运行)
[12:33:10] t=1863 TANK HTNK x1
[12:33:10] {"kind": "action", "what": "produce", "name": "HTNK", "qty": 1, "ts": "12:33:10"}
[12:33:10] jev budget exhausted: max calls reached: 600 (继续纯确定性运行)
[12:33:12] jev budget exhausted: max calls reached: 600 (继续纯确定性运行)
[12:33:13] jev budget exhausted: max calls reached: 600 (继续纯确定性运行)
[12:33:13] t=1866 MOVE forward-post@(122, 85)(18)
[12:33:13] {"kind": "action", "what": "attack_move", "name": null, "qty": null, "ts": "12:33:13"}
[12:33:15] jev budget exhausted: max calls reached: 600 (继续纯确定性运行)
[12:33:16] jev budget exhausted: max calls reached: 600 (继续纯确定性运行)
[12:33:18] jev budget exhausted: max calls reached: 600 (继续纯确定性运行)
[12:33:19] jev budget exhausted: max calls reached: 600 (继续纯确定性运行)
[12:33:21] jev budget exhausted: max calls reached: 600 (继续纯确定性运行)
[12:33:22] jev budget exhausted: max calls reached: 600 (继续纯确定性运行)
[12:33:24] jev budget exhausted: max calls reached: 600 (继续纯确定性运行)
[12:33:24] t=1876 tick#1250 credits=1114 stance=defend | jev 600 decisions p50=915ms
[12:33:25] jev budget exhausted: max calls reached: 600 (继续纯确定性运行)
[12:33:25] t=1878 MOVE forward-post@(122, 85)(18)
[12:33:25] {"kind": "action", "what": "attack_move", "name": null, "qty": null, "ts": "12:33:25"}
[12:33:27] jev budget exhausted: max calls reached: 600 (继续纯确定性运行)
[12:33:28] jev budget exhausted: max calls reached: 600 (继续纯确定性运行)
[12:33:30] jev budget exhausted: max calls reached: 600 (继续纯确定性运行)
[12:33:31] jev budget exhausted: max calls reached: 600 (继续纯确定性运行)
[12:33:33] jev budget exhausted: max calls reached: 600 (继续纯确定性运行)
[12:33:34] jev budget exhausted: max calls reached: 600 (继续纯确定性运行)
[12:33:36] jev budget exhausted: max calls reached: 600 (继续纯确定性运行)
[12:33:37] jev budget exhausted: max calls reached: 600 (继续纯确定性运行)
[12:33:37] t=1890 MOVE forward-post@(122, 85)(18)
[12:33:37] {"kind": "action", "what": "attack_move", "name": null, "qty": null, "ts": "12:33:37"}
[12:33:39] jev budget exhausted: max calls reached: 600 (继续纯确定性运行)
[12:33:40] jev budget exhausted: max calls reached: 600 (继续纯确定性运行)
[12:33:42] jev budget exhausted: max calls reached: 600 (继续纯确定性运行)
[12:33:43] jev budget exhausted: max calls reached: 600 (继续纯确定性运行)
[12:33:45] jev budget exhausted: max calls reached: 600 (继续纯确定性运行)
[12:33:46] jev budget exhausted: max calls reached: 600 (继续纯确定性运行)
[12:33:48] t=1900 TANK HTNK x2
[12:33:48] {"kind": "action", "what": "produce", "name": "HTNK", "qty": 2, "ts": "12:33:48"}
[12:33:48] jev budget exhausted: max calls reached: 600 (继续纯确定性运行)
[12:33:49] jev budget exhausted: max calls reached: 600 (继续纯确定性运行)
[12:33:49] t=1902 MOVE forward-post@(122, 85)(19)
[12:33:49] {"kind": "action", "what": "attack_move", "name": null, "qty": null, "ts": "12:33:49"}
[12:33:51] jev budget exhausted: max calls reached: 600 (继续纯确定性运行)
[12:33:52] jev budget exhausted: max calls reached: 600 (继续纯确定性运行)
[12:33:54] jev budget exhausted: max calls reached: 600 (继续纯确定性运行)
[12:33:55] jev budget exhausted: max calls reached: 600 (继续纯确定性运行)
[12:33:57] jev budget exhausted: max calls reached: 600 (继续纯确定性运行)
[12:33:58] jev budget exhausted: max calls reached: 600 (继续纯确定性运行)
[12:34:00] jev budget exhausted: max calls reached: 600 (继续纯确定性运行)
[12:34:01] jev budget exhausted: max calls reached: 600 (继续纯确定性运行)
[12:34:01] t=1914 MOVE forward-post@(122, 85)(19)
[12:34:01] {"kind": "action", "what": "attack_move", "name": null, "qty": null, "ts": "12:34:01"}
[12:34:01] t=1914 tick#1275 credits=1389 stance=defend | jev 600 decisions p50=915ms
[12:34:03] jev budget exhausted: max calls reached: 600 (继续纯确定性运行)
[12:34:04] jev budget exhausted: max calls reached: 600 (继续纯确定性运行)
[12:34:06] jev budget exhausted: max calls reached: 600 (继续纯确定性运行)
[12:34:07] jev budget exhausted: max calls reached: 600 (继续纯确定性运行)
[12:34:09] jev budget exhausted: max calls reached: 600 (继续纯确定性运行)
[12:34:10] jev budget exhausted: max calls reached: 600 (继续纯确定性运行)
[12:34:12] jev budget exhausted: max calls reached: 600 (继续纯确定性运行)
[12:34:13] jev budget exhausted: max calls reached: 600 (继续纯确定性运行)
[12:34:13] t=1926 MOVE forward-post@(122, 85)(19)
[12:34:13] {"kind": "action", "what": "attack_move", "name": null, "qty": null, "ts": "12:34:13"}
[12:34:15] jev budget exhausted: max calls reached: 600 (继续纯确定性运行)
[12:34:16] jev budget exhausted: max calls reached: 600 (继续纯确定性运行)
[12:34:18] jev budget exhausted: max calls reached: 600 (继续纯确定性运行)
[12:34:19] jev budget exhausted: max calls reached: 600 (继续纯确定性运行)
[12:34:21] jev budget exhausted: max calls reached: 600 (继续纯确定性运行)
[12:34:22] jev budget exhausted: max calls reached: 600 (继续纯确定性运行)
[12:34:24] jev budget exhausted: max calls reached: 600 (继续纯确定性运行)
[12:34:25] jev budget exhausted: max calls reached: 600 (继续纯确定性运行)
[12:34:25] t=1938 MOVE forward-post@(122, 85)(20)
[12:34:25] {"kind": "action", "what": "attack_move", "name": null, "qty": null, "ts": "12:34:25"}
[12:34:27] jev budget exhausted: max calls reached: 600 (继续纯确定性运行)
[12:34:28] jev budget exhausted: max calls reached: 600 (继续纯确定性运行)
[12:34:30] jev budget exhausted: max calls reached: 600 (继续纯确定性运行)
[12:34:31] jev budget exhausted: max calls reached: 600 (继续纯确定性运行)
[12:34:33] jev budget exhausted: max calls reached: 600 (继续纯确定性运行)
[12:34:34] jev budget exhausted: max calls reached: 600 (继续纯确定性运行)
[12:34:36] jev budget exhausted: max calls reached: 600 (继续纯确定性运行)
[12:34:37] jev budget exhausted: max calls reached: 600 (继续纯确定性运行)
[12:34:37] t=1950 MOVE forward-post@(122, 85)(20)
[12:34:37] {"kind": "action", "what": "attack_move", "name": null, "qty": null, "ts": "12:34:37"}
[12:34:39] jev budget exhausted: max calls reached: 600 (继续纯确定性运行)
[12:34:39] t=1951 tick#1300 credits=525 stance=defend | jev 600 decisions p50=915ms
[12:34:40] jev budget exhausted: max calls reached: 600 (继续纯确定性运行)
[12:34:42] jev budget exhausted: max calls reached: 600 (继续纯确定性运行)
[12:34:43] jev budget exhausted: max calls reached: 600 (继续纯确定性运行)
[12:34:45] jev budget exhausted: max calls reached: 600 (继续纯确定性运行)
[12:34:46] jev budget exhausted: max calls reached: 600 (继续纯确定性运行)
[12:34:48] jev budget exhausted: max calls reached: 600 (继续纯确定性运行)
[12:34:49] jev budget exhausted: max calls reached: 600 (继续纯确定性运行)
[12:34:49] t=1962 MOVE forward-post@(122, 85)(20)
[12:34:49] {"kind": "action", "what": "attack_move", "name": null, "qty": null, "ts": "12:34:49"}
[12:34:51] jev budget exhausted: max calls reached: 600 (继续纯确定性运行)
[12:34:52] jev budget exhausted: max calls reached: 600 (继续纯确定性运行)
[12:34:54] jev budget exhausted: max calls reached: 600 (继续纯确定性运行)
[12:34:55] jev budget exhausted: max calls reached: 600 (继续纯确定性运行)
[12:34:57] jev budget exhausted: max calls reached: 600 (继续纯确定性运行)
[12:34:58] jev budget exhausted: max calls reached: 600 (继续纯确定性运行)
[12:35:00] jev budget exhausted: max calls reached: 600 (继续纯确定性运行)
[12:35:01] jev budget exhausted: max calls reached: 600 (继续纯确定性运行)
[12:35:01] t=1974 MOVE forward-post@(122, 85)(21)
[12:35:01] {"kind": "action", "what": "attack_move", "name": null, "qty": null, "ts": "12:35:01"}
[12:35:03] jev budget exhausted: max calls reached: 600 (继续纯确定性运行)
[12:35:04] jev budget exhausted: max calls reached: 600 (继续纯确定性运行)
[12:35:06] jev budget exhausted: max calls reached: 600 (继续纯确定性运行)
[12:35:07] jev budget exhausted: max calls reached: 600 (继续纯确定性运行)
[12:35:09] jev budget exhausted: max calls reached: 600 (继续纯确定性运行)
[12:35:10] jev budget exhausted: max calls reached: 600 (继续纯确定性运行)
[12:35:12] jev budget exhausted: max calls reached: 600 (继续纯确定性运行)
[12:35:13] jev budget exhausted: max calls reached: 600 (继续纯确定性运行)
[12:35:13] t=1986 MOVE forward-post@(122, 85)(21)
[12:35:13] {"kind": "action", "what": "attack_move", "name": null, "qty": null, "ts": "12:35:13"}
[12:35:15] jev budget exhausted: max calls reached: 600 (继续纯确定性运行)
[12:35:16] jev budget exhausted: max calls reached: 600 (继续纯确定性运行)
[12:35:16] t=1989 tick#1325 credits=1125 stance=defend | jev 600 decisions p50=915ms
[12:35:18] jev budget exhausted: max calls reached: 600 (继续纯确定性运行)
[12:35:19] jev budget exhausted: max calls reached: 600 (继续纯确定性运行)
[12:35:21] jev budget exhausted: max calls reached: 600 (继续纯确定性运行)
[12:35:22] jev budget exhausted: max calls reached: 600 (继续纯确定性运行)
[12:35:24] jev budget exhausted: max calls reached: 600 (继续纯确定性运行)
[12:35:25] jev budget exhausted: max calls reached: 600 (继续纯确定性运行)
[12:35:25] t=1998 MOVE forward-post@(122, 85)(21)
[12:35:25] {"kind": "action", "what": "attack_move", "name": null, "qty": null, "ts": "12:35:25"}
[12:35:27] jev budget exhausted: max calls reached: 600 (继续纯确定性运行)
[12:35:28] jev budget exhausted: max calls reached: 600 (继续纯确定性运行)
[12:35:30] jev budget exhausted: max calls reached: 600 (继续纯确定性运行)
[12:35:31] jev budget exhausted: max calls reached: 600 (继续纯确定性运行)
[12:35:33] jev budget exhausted: max calls reached: 600 (继续纯确定性运行)
[12:35:34] jev budget exhausted: max calls reached: 600 (继续纯确定性运行)
[12:35:36] jev budget exhausted: max calls reached: 600 (继续纯确定性运行)
[12:35:37] jev budget exhausted: max calls reached: 600 (继续纯确定性运行)
[12:35:37] t=2010 MOVE forward-post@(122, 85)(21)
[12:35:37] {"kind": "action", "what": "attack_move", "name": null, "qty": null, "ts": "12:35:37"}
[12:35:39] jev budget exhausted: max calls reached: 600 (继续纯确定性运行)
[12:35:40] jev budget exhausted: max calls reached: 600 (继续纯确定性运行)
[12:35:42] jev budget exhausted: max calls reached: 600 (继续纯确定性运行)
[12:35:43] jev budget exhausted: max calls reached: 600 (继续纯确定性运行)
[12:35:45] jev budget exhausted: max calls reached: 600 (继续纯确定性运行)
[12:35:46] jev budget exhausted: max calls reached: 600 (继续纯确定性运行)
[12:35:48] jev budget exhausted: max calls reached: 600 (继续纯确定性运行)
[12:35:49] jev budget exhausted: max calls reached: 600 (继续纯确定性运行)
[12:35:49] t=2022 MOVE forward-post@(122, 85)(21)
[12:35:49] {"kind": "action", "what": "attack_move", "name": null, "qty": null, "ts": "12:35:49"}
[12:35:51] jev budget exhausted: max calls reached: 600 (继续纯确定性运行)
[12:35:52] jev budget exhausted: max calls reached: 600 (继续纯确定性运行)
[12:35:54] t=2026 TANK HTNK x1
[12:35:54] {"kind": "action", "what": "produce", "name": "HTNK", "qty": 1, "ts": "12:35:54"}
[12:35:54] jev budget exhausted: max calls reached: 600 (继续纯确定性运行)
[12:35:54] t=2026 tick#1350 credits=1575 stance=defend | jev 600 decisions p50=915ms
[12:35:55] jev budget exhausted: max calls reached: 600 (继续纯确定性运行)
[12:35:57] jev budget exhausted: max calls reached: 600 (继续纯确定性运行)
[12:35:58] jev budget exhausted: max calls reached: 600 (继续纯确定性运行)
[12:36:00] jev budget exhausted: max calls reached: 600 (继续纯确定性运行)
[12:36:01] jev budget exhausted: max calls reached: 600 (继续纯确定性运行)
[12:36:01] t=2034 MOVE forward-post@(122, 85)(21)
[12:36:01] {"kind": "action", "what": "attack_move", "name": null, "qty": null, "ts": "12:36:01"}
[12:36:03] jev budget exhausted: max calls reached: 600 (继续纯确定性运行)
[12:36:04] jev budget exhausted: max calls reached: 600 (继续纯确定性运行)
[12:36:06] jev budget exhausted: max calls reached: 600 (继续纯确定性运行)
[12:36:07] jev budget exhausted: max calls reached: 600 (继续纯确定性运行)
[12:36:09] jev budget exhausted: max calls reached: 600 (继续纯确定性运行)
[12:36:10] jev budget exhausted: max calls reached: 600 (继续纯确定性运行)
[12:36:12] jev budget exhausted: max calls reached: 600 (继续纯确定性运行)
[12:36:13] jev budget exhausted: max calls reached: 600 (继续纯确定性运行)
[12:36:13] t=2046 MOVE forward-post@(122, 85)(21)
[12:36:13] {"kind": "action", "what": "attack_move", "name": null, "qty": null, "ts": "12:36:13"}
[12:36:15] jev budget exhausted: max calls reached: 600 (继续纯确定性运行)
[12:36:16] jev budget exhausted: max calls reached: 600 (继续纯确定性运行)
[12:36:18] jev budget exhausted: max calls reached: 600 (继续纯确定性运行)
[12:36:19] jev budget exhausted: max calls reached: 600 (继续纯确定性运行)
[12:36:21] jev budget exhausted: max calls reached: 600 (继续纯确定性运行)
[12:36:22] jev budget exhausted: max calls reached: 600 (继续纯确定性运行)
[12:36:24] jev budget exhausted: max calls reached: 600 (继续纯确定性运行)
[12:36:25] jev budget exhausted: max calls reached: 600 (继续纯确定性运行)
[12:36:25] t=2058 MOVE forward-post@(122, 85)(21)
[12:36:26] {"kind": "action", "what": "attack_move", "name": null, "qty": null, "ts": "12:36:26"}
[12:36:27] t=2059 RETREAT E2(4%)
[12:36:27] {"kind": "action", "what": "move", "name": null, "qty": null, "ts": "12:36:27"}
[12:36:27] jev budget exhausted: max calls reached: 600 (继续纯确定性运行)
[12:36:28] jev budget exhausted: max calls reached: 600 (继续纯确定性运行)
[12:36:30] jev budget exhausted: max calls reached: 600 (继续纯确定性运行)
[12:36:31] jev budget exhausted: max calls reached: 600 (继续纯确定性运行)
[12:36:31] t=2064 tick#1375 credits=675 stance=defend | jev 600 decisions p50=915ms
[12:36:33] jev budget exhausted: max calls reached: 600 (继续纯确定性运行)
[12:36:34] jev budget exhausted: max calls reached: 600 (继续纯确定性运行)
[12:36:36] jev budget exhausted: max calls reached: 600 (继续纯确定性运行)
[12:36:37] jev budget exhausted: max calls reached: 600 (继续纯确定性运行)
[12:36:39] jev budget exhausted: max calls reached: 600 (继续纯确定性运行)
[12:36:39] t=2071 MOVE forward-post@(122, 85)(22)
[12:36:39] {"kind": "action", "what": "attack_move", "name": null, "qty": null, "ts": "12:36:39"}
[12:36:40] jev budget exhausted: max calls reached: 600 (继续纯确定性运行)
[12:36:42] t=2074 TANK HTNK x1
[12:36:42] {"kind": "action", "what": "produce", "name": "HTNK", "qty": 1, "ts": "12:36:42"}
[12:36:42] jev budget exhausted: max calls reached: 600 (继续纯确定性运行)
[12:36:43] jev budget exhausted: max calls reached: 600 (继续纯确定性运行)
[12:36:45] jev budget exhausted: max calls reached: 600 (继续纯确定性运行)
[12:36:46] jev budget exhausted: max calls reached: 600 (继续纯确定性运行)
[12:36:48] jev budget exhausted: max calls reached: 600 (继续纯确定性运行)
[12:36:49] jev budget exhausted: max calls reached: 600 (继续纯确定性运行)
[12:36:51] jev budget exhausted: max calls reached: 600 (继续纯确定性运行)
[12:36:51] t=2083 MOVE forward-post@(122, 85)(22)
[12:36:51] {"kind": "action", "what": "attack_move", "name": null, "qty": null, "ts": "12:36:51"}
[12:36:52] jev budget exhausted: max calls reached: 600 (继续纯确定性运行)
[12:36:54] jev budget exhausted: max calls reached: 600 (继续纯确定性运行)
[12:36:55] jev budget exhausted: max calls reached: 600 (继续纯确定性运行)
[12:36:57] jev budget exhausted: max calls reached: 600 (继续纯确定性运行)
[12:36:58] jev budget exhausted: max calls reached: 600 (继续纯确定性运行)
[12:37:00] jev budget exhausted: max calls reached: 600 (继续纯确定性运行)
[12:37:01] jev budget exhausted: max calls reached: 600 (继续纯确定性运行)
[12:37:03] jev budget exhausted: max calls reached: 600 (继续纯确定性运行)
[12:37:03] t=2095 MOVE forward-post@(122, 85)(22)
[12:37:03] {"kind": "action", "what": "attack_move", "name": null, "qty": null, "ts": "12:37:03"}
[12:37:04] jev budget exhausted: max calls reached: 600 (继续纯确定性运行)
[12:37:06] jev budget exhausted: max calls reached: 600 (继续纯确定性运行)
[12:37:08] jev budget exhausted: max calls reached: 600 (继续纯确定性运行)
[12:37:09] jev budget exhausted: max calls reached: 600 (继续纯确定性运行)
[12:37:09] t=2101 tick#1400 credits=1650 stance=defend | jev 600 decisions p50=915ms
[12:37:11] jev budget exhausted: max calls reached: 600 (继续纯确定性运行)
[12:37:12] jev budget exhausted: max calls reached: 600 (继续纯确定性运行)
[12:37:14] jev budget exhausted: max calls reached: 600 (继续纯确定性运行)
[12:37:15] jev budget exhausted: max calls reached: 600 (继续纯确定性运行)
[12:37:15] t=2107 MOVE forward-post@(122, 85)(22)
[12:37:15] {"kind": "action", "what": "attack_move", "name": null, "qty": null, "ts": "12:37:15"}
[12:37:17] jev budget exhausted: max calls reached: 600 (继续纯确定性运行)
[12:37:18] jev budget exhausted: max calls reached: 600 (继续纯确定性运行)
[12:37:19] t=2112 TANK HTNK x1
[12:37:20] {"kind": "action", "what": "produce", "name": "HTNK", "qty": 1, "ts": "12:37:20"}
[12:37:20] jev budget exhausted: max calls reached: 600 (继续纯确定性运行)
[12:37:21] jev budget exhausted: max calls reached: 600 (继续纯确定性运行)
[12:37:23] jev budget exhausted: max calls reached: 600 (继续纯确定性运行)
[12:37:24] jev budget exhausted: max calls reached: 600 (继续纯确定性运行)
[12:37:26] jev budget exhausted: max calls reached: 600 (继续纯确定性运行)
[12:37:27] jev budget exhausted: max calls reached: 600 (继续纯确定性运行)
[12:37:27] t=2119 MOVE forward-post@(122, 85)(23)
[12:37:27] {"kind": "action", "what": "attack_move", "name": null, "qty": null, "ts": "12:37:27"}
[12:37:29] jev budget exhausted: max calls reached: 600 (继续纯确定性运行)
[12:37:30] jev budget exhausted: max calls reached: 600 (继续纯确定性运行)
[12:37:32] jev budget exhausted: max calls reached: 600 (继续纯确定性运行)
[12:37:33] jev budget exhausted: max calls reached: 600 (继续纯确定性运行)
[12:37:35] jev budget exhausted: max calls reached: 600 (继续纯确定性运行)
[12:37:36] jev budget exhausted: max calls reached: 600 (继续纯确定性运行)
[12:37:38] jev budget exhausted: max calls reached: 600 (继续纯确定性运行)
[12:37:39] jev budget exhausted: max calls reached: 600 (继续纯确定性运行)
[12:37:41] jev budget exhausted: max calls reached: 600 (继续纯确定性运行)
[12:37:41] t=2133 MOVE forward-post@(122, 85)(23)
[12:37:41] {"kind": "action", "what": "attack_move", "name": null, "qty": null, "ts": "12:37:41"}
[12:37:42] jev budget exhausted: max calls reached: 600 (继续纯确定性运行)
[12:37:44] jev budget exhausted: max calls reached: 600 (继续纯确定性运行)
[12:37:45] jev budget exhausted: max calls reached: 600 (继续纯确定性运行)
[12:37:47] jev budget exhausted: max calls reached: 600 (继续纯确定性运行)
[12:37:47] t=2139 tick#1425 credits=1125 stance=defend | jev 600 decisions p50=915ms
[12:37:48] jev budget exhausted: max calls reached: 600 (继续纯确定性运行)
[12:37:50] jev budget exhausted: max calls reached: 600 (继续纯确定性运行)
[12:37:51] jev budget exhausted: max calls reached: 600 (继续纯确定性运行)
[12:37:53] jev budget exhausted: max calls reached: 600 (继续纯确定性运行)
[12:37:53] t=2145 MOVE forward-post@(122, 85)(23)
[12:37:53] {"kind": "action", "what": "attack_move", "name": null, "qty": null, "ts": "12:37:53"}
[12:37:54] jev budget exhausted: max calls reached: 600 (继续纯确定性运行)
[12:37:56] jev budget exhausted: max calls reached: 600 (继续纯确定性运行)
[12:37:57] jev budget exhausted: max calls reached: 600 (继续纯确定性运行)
[12:37:59] jev budget exhausted: max calls reached: 600 (继续纯确定性运行)
[12:38:00] jev budget exhausted: max calls reached: 600 (继续纯确定性运行)
[12:38:02] jev budget exhausted: max calls reached: 600 (继续纯确定性运行)
[12:38:03] jev budget exhausted: max calls reached: 600 (继续纯确定性运行)
[12:38:05] jev budget exhausted: max calls reached: 600 (继续纯确定性运行)
[12:38:05] t=2157 MOVE forward-post@(122, 85)(24)
[12:38:05] {"kind": "action", "what": "attack_move", "name": null, "qty": null, "ts": "12:38:05"}
[12:38:06] jev budget exhausted: max calls reached: 600 (继续纯确定性运行)
[12:38:08] jev budget exhausted: max calls reached: 600 (继续纯确定性运行)
[12:38:09] jev budget exhausted: max calls reached: 600 (继续纯确定性运行)
[12:38:11] jev budget exhausted: max calls reached: 600 (继续纯确定性运行)
[12:38:12] jev budget exhausted: max calls reached: 600 (继续纯确定性运行)
[12:38:14] jev budget exhausted: max calls reached: 600 (继续纯确定性运行)
[12:38:15] jev budget exhausted: max calls reached: 600 (继续纯确定性运行)
[12:38:17] jev budget exhausted: max calls reached: 600 (继续纯确定性运行)
[12:38:17] t=2169 MOVE forward-post@(122, 85)(24)
[12:38:17] {"kind": "action", "what": "attack_move", "name": null, "qty": null, "ts": "12:38:17"}
[12:38:18] jev budget exhausted: max calls reached: 600 (继续纯确定性运行)
[12:38:20] jev budget exhausted: max calls reached: 600 (继续纯确定性运行)
[12:38:21] jev budget exhausted: max calls reached: 600 (继续纯确定性运行)
[12:38:23] jev budget exhausted: max calls reached: 600 (继续纯确定性运行)
[12:38:24] jev budget exhausted: max calls reached: 600 (继续纯确定性运行)
[12:38:24] t=2177 tick#1450 credits=900 stance=defend | jev 600 decisions p50=915ms
[12:38:26] jev budget exhausted: max calls reached: 600 (继续纯确定性运行)
[12:38:27] jev budget exhausted: max calls reached: 600 (继续纯确定性运行)
[12:38:29] jev budget exhausted: max calls reached: 600 (继续纯确定性运行)
[12:38:29] t=2181 MOVE forward-post@(122, 85)(24)
[12:38:29] {"kind": "action", "what": "attack_move", "name": null, "qty": null, "ts": "12:38:29"}
[12:38:30] jev budget exhausted: max calls reached: 600 (继续纯确定性运行)
[12:38:32] jev budget exhausted: max calls reached: 600 (继续纯确定性运行)
[12:38:33] jev budget exhausted: max calls reached: 600 (继续纯确定性运行)
[12:38:35] jev budget exhausted: max calls reached: 600 (继续纯确定性运行)
[12:38:36] jev budget exhausted: max calls reached: 600 (继续纯确定性运行)
[12:38:38] jev budget exhausted: max calls reached: 600 (继续纯确定性运行)
[12:38:39] jev budget exhausted: max calls reached: 600 (继续纯确定性运行)
[12:38:41] jev budget exhausted: max calls reached: 600 (继续纯确定性运行)
[12:38:41] t=2193 MOVE forward-post@(122, 85)(24)
[12:38:41] {"kind": "action", "what": "attack_move", "name": null, "qty": null, "ts": "12:38:41"}
[12:38:42] jev budget exhausted: max calls reached: 600 (继续纯确定性运行)
[12:38:44] jev budget exhausted: max calls reached: 600 (继续纯确定性运行)
[12:38:45] t=2198 TANK HTNK x2
[12:38:45] {"kind": "action", "what": "produce", "name": "HTNK", "qty": 2, "ts": "12:38:45"}
[12:38:45] jev budget exhausted: max calls reached: 600 (继续纯确定性运行)
[12:38:47] jev budget exhausted: max calls reached: 600 (继续纯确定性运行)
[12:38:48] jev budget exhausted: max calls reached: 600 (继续纯确定性运行)
[12:38:50] jev budget exhausted: max calls reached: 600 (继续纯确定性运行)
[12:38:51] jev budget exhausted: max calls reached: 600 (继续纯确定性运行)
[12:38:53] jev budget exhausted: max calls reached: 600 (继续纯确定性运行)
[12:38:53] t=2205 MOVE forward-post@(122, 85)(24)
[12:38:53] {"kind": "action", "what": "attack_move", "name": null, "qty": null, "ts": "12:38:53"}
[12:38:54] jev budget exhausted: max calls reached: 600 (继续纯确定性运行)
[12:38:56] jev budget exhausted: max calls reached: 600 (继续纯确定性运行)
[12:38:57] jev budget exhausted: max calls reached: 600 (继续纯确定性运行)
[12:38:59] jev budget exhausted: max calls reached: 600 (继续纯确定性运行)
[12:39:00] jev budget exhausted: max calls reached: 600 (继续纯确定性运行)
[12:39:02] jev budget exhausted: max calls reached: 600 (继续纯确定性运行)
[12:39:02] t=2214 tick#1475 credits=1612 stance=defend | jev 600 decisions p50=915ms
[12:39:03] jev budget exhausted: max calls reached: 600 (继续纯确定性运行)
[12:39:05] jev budget exhausted: max calls reached: 600 (继续纯确定性运行)
[12:39:05] t=2217 MOVE forward-post@(122, 85)(24)
[12:39:05] {"kind": "action", "what": "attack_move", "name": null, "qty": null, "ts": "12:39:05"}
[12:39:06] jev budget exhausted: max calls reached: 600 (继续纯确定性运行)
[12:39:08] jev budget exhausted: max calls reached: 600 (继续纯确定性运行)
[12:39:09] jev budget exhausted: max calls reached: 600 (继续纯确定性运行)
[12:39:11] jev budget exhausted: max calls reached: 600 (继续纯确定性运行)
[12:39:12] jev budget exhausted: max calls reached: 600 (继续纯确定性运行)
[12:39:14] jev budget exhausted: max calls reached: 600 (继续纯确定性运行)
[12:39:15] jev budget exhausted: max calls reached: 600 (继续纯确定性运行)
[12:39:17] jev budget exhausted: max calls reached: 600 (继续纯确定性运行)
[12:39:17] t=2229 MOVE forward-post@(122, 85)(24)
[12:39:17] {"kind": "action", "what": "attack_move", "name": null, "qty": null, "ts": "12:39:17"}
[12:39:18] jev budget exhausted: max calls reached: 600 (继续纯确定性运行)
[12:39:20] jev budget exhausted: max calls reached: 600 (继续纯确定性运行)
[12:39:21] jev budget exhausted: max calls reached: 600 (继续纯确定性运行)
[12:39:23] jev budget exhausted: max calls reached: 600 (继续纯确定性运行)
[12:39:24] jev budget exhausted: max calls reached: 600 (继续纯确定性运行)
[12:39:26] jev budget exhausted: max calls reached: 600 (继续纯确定性运行)
[12:39:27] jev budget exhausted: max calls reached: 600 (继续纯确定性运行)
[12:39:29] jev budget exhausted: max calls reached: 600 (继续纯确定性运行)
[12:39:29] t=2241 MOVE forward-post@(122, 85)(25)
[12:39:29] {"kind": "action", "what": "attack_move", "name": null, "qty": null, "ts": "12:39:29"}
[12:39:30] jev budget exhausted: max calls reached: 600 (继续纯确定性运行)
[12:39:32] jev budget exhausted: max calls reached: 600 (继续纯确定性运行)
[12:39:33] jev budget exhausted: max calls reached: 600 (继续纯确定性运行)
[12:39:35] jev budget exhausted: max calls reached: 600 (继续纯确定性运行)
[12:39:36] jev budget exhausted: max calls reached: 600 (继续纯确定性运行)
[12:39:38] jev budget exhausted: max calls reached: 600 (继续纯确定性运行)
[12:39:39] jev budget exhausted: max calls reached: 600 (继续纯确定性运行)
[12:39:39] t=2252 tick#1500 credits=1274 stance=defend | jev 600 decisions p50=915ms
[12:39:41] jev budget exhausted: max calls reached: 600 (继续纯确定性运行)
[12:39:41] t=2253 MOVE forward-post@(122, 85)(25)
[12:39:41] {"kind": "action", "what": "attack_move", "name": null, "qty": null, "ts": "12:39:41"}
[12:39:42] jev budget exhausted: max calls reached: 600 (继续纯确定性运行)
[12:39:44] jev budget exhausted: max calls reached: 600 (继续纯确定性运行)
[12:39:45] jev budget exhausted: max calls reached: 600 (继续纯确定性运行)
[12:39:47] jev budget exhausted: max calls reached: 600 (继续纯确定性运行)
[12:39:48] jev budget exhausted: max calls reached: 600 (继续纯确定性运行)
[12:39:50] jev budget exhausted: max calls reached: 600 (继续纯确定性运行)
[12:39:51] jev budget exhausted: max calls reached: 600 (继续纯确定性运行)
[12:39:53] jev budget exhausted: max calls reached: 600 (继续纯确定性运行)
[12:39:53] t=2265 MOVE forward-post@(122, 85)(25)
[12:39:53] {"kind": "action", "what": "attack_move", "name": null, "qty": null, "ts": "12:39:53"}
[12:39:54] jev budget exhausted: max calls reached: 600 (继续纯确定性运行)
[12:39:56] jev budget exhausted: max calls reached: 600 (继续纯确定性运行)
[12:39:57] jev budget exhausted: max calls reached: 600 (继续纯确定性运行)
[12:39:59] jev budget exhausted: max calls reached: 600 (继续纯确定性运行)
[12:40:00] jev budget exhausted: max calls reached: 600 (继续纯确定性运行)
[12:40:02] jev budget exhausted: max calls reached: 600 (继续纯确定性运行)
[12:40:03] jev budget exhausted: max calls reached: 600 (继续纯确定性运行)
[12:40:05] jev budget exhausted: max calls reached: 600 (继续纯确定性运行)
[12:40:05] t=2277 MOVE forward-post@(122, 85)(26)
[12:40:05] {"kind": "action", "what": "attack_move", "name": null, "qty": null, "ts": "12:40:05"}
[12:40:06] jev budget exhausted: max calls reached: 600 (继续纯确定性运行)
[12:40:08] jev budget exhausted: max calls reached: 600 (继续纯确定性运行)
[12:40:09] jev budget exhausted: max calls reached: 600 (继续纯确定性运行)
[12:40:11] jev budget exhausted: max calls reached: 600 (继续纯确定性运行)
[12:40:12] jev budget exhausted: max calls reached: 600 (继续纯确定性运行)
[12:40:14] jev budget exhausted: max calls reached: 600 (继续纯确定性运行)
[12:40:15] jev budget exhausted: max calls reached: 600 (继续纯确定性运行)
[12:40:17] jev budget exhausted: max calls reached: 600 (继续纯确定性运行)
[12:40:17] t=2289 MOVE forward-post@(122, 85)(26)
[12:40:17] {"kind": "action", "what": "attack_move", "name": null, "qty": null, "ts": "12:40:17"}
[12:40:17] t=2289 tick#1525 credits=825 stance=defend | jev 600 decisions p50=915ms
[12:40:18] jev budget exhausted: max calls reached: 600 (继续纯确定性运行)
[12:40:20] jev budget exhausted: max calls reached: 600 (继续纯确定性运行)
[12:40:21] jev budget exhausted: max calls reached: 600 (继续纯确定性运行)
[12:40:23] jev budget exhausted: max calls reached: 600 (继续纯确定性运行)
[12:40:24] jev budget exhausted: max calls reached: 600 (继续纯确定性运行)
[12:40:26] jev budget exhausted: max calls reached: 600 (继续纯确定性运行)
[12:40:27] jev budget exhausted: max calls reached: 600 (继续纯确定性运行)
[12:40:29] jev budget exhausted: max calls reached: 600 (继续纯确定性运行)
[12:40:29] t=2301 MOVE forward-post@(122, 85)(26)
[12:40:29] {"kind": "action", "what": "attack_move", "name": null, "qty": null, "ts": "12:40:29"}
[12:40:30] jev budget exhausted: max calls reached: 600 (继续纯确定性运行)
[12:40:32] jev budget exhausted: max calls reached: 600 (继续纯确定性运行)
[12:40:33] jev budget exhausted: max calls reached: 600 (继续纯确定性运行)
[12:40:35] jev budget exhausted: max calls reached: 600 (继续纯确定性运行)
[12:40:36] jev budget exhausted: max calls reached: 600 (继续纯确定性运行)
[12:40:38] jev budget exhausted: max calls reached: 600 (继续纯确定性运行)
[12:40:39] jev budget exhausted: max calls reached: 600 (继续纯确定性运行)
[12:40:41] jev budget exhausted: max calls reached: 600 (继续纯确定性运行)
[12:40:41] t=2313 MOVE forward-post@(122, 85)(26)
[12:40:41] {"kind": "action", "what": "attack_move", "name": null, "qty": null, "ts": "12:40:41"}
[12:40:42] jev budget exhausted: max calls reached: 600 (继续纯确定性运行)
[12:40:44] jev budget exhausted: max calls reached: 600 (继续纯确定性运行)
[12:40:45] jev budget exhausted: max calls reached: 600 (继续纯确定性运行)
[12:40:47] jev budget exhausted: max calls reached: 600 (继续纯确定性运行)
[12:40:48] jev budget exhausted: max calls reached: 600 (继续纯确定性运行)
[12:40:50] jev budget exhausted: max calls reached: 600 (继续纯确定性运行)
[12:40:51] jev budget exhausted: max calls reached: 600 (继续纯确定性运行)
[12:40:53] jev budget exhausted: max calls reached: 600 (继续纯确定性运行)
[12:40:53] t=2325 MOVE forward-post@(122, 85)(26)
[12:40:53] {"kind": "action", "what": "attack_move", "name": null, "qty": null, "ts": "12:40:53"}
[12:40:54] jev budget exhausted: max calls reached: 600 (继续纯确定性运行)
[12:40:54] t=2327 tick#1550 credits=825 stance=defend | jev 600 decisions p50=915ms
[12:40:56] jev budget exhausted: max calls reached: 600 (继续纯确定性运行)
[12:40:57] jev budget exhausted: max calls reached: 600 (继续纯确定性运行)
[12:40:59] jev budget exhausted: max calls reached: 600 (继续纯确定性运行)
[12:41:00] jev budget exhausted: max calls reached: 600 (继续纯确定性运行)
[12:41:02] jev budget exhausted: max calls reached: 600 (继续纯确定性运行)
[12:41:03] jev budget exhausted: max calls reached: 600 (继续纯确定性运行)
[12:41:05] jev budget exhausted: max calls reached: 600 (继续纯确定性运行)
[12:41:05] t=2337 MOVE forward-post@(122, 85)(26)
[12:41:05] {"kind": "action", "what": "attack_move", "name": null, "qty": null, "ts": "12:41:05"}
[12:41:06] jev budget exhausted: max calls reached: 600 (继续纯确定性运行)
[12:41:08] jev budget exhausted: max calls reached: 600 (继续纯确定性运行)
[12:41:09] jev budget exhausted: max calls reached: 600 (继续纯确定性运行)
[12:41:11] jev budget exhausted: max calls reached: 600 (继续纯确定性运行)
[12:41:12] jev budget exhausted: max calls reached: 600 (继续纯确定性运行)
[12:41:14] jev budget exhausted: max calls reached: 600 (继续纯确定性运行)
[12:41:15] jev budget exhausted: max calls reached: 600 (继续纯确定性运行)
[12:41:17] t=2349 TANK HTNK x2
[12:41:17] {"kind": "action", "what": "produce", "name": "HTNK", "qty": 2, "ts": "12:41:17"}
[12:41:17] jev budget exhausted: max calls reached: 600 (继续纯确定性运行)
[12:41:17] t=2349 MOVE forward-post@(122, 85)(26)
[12:41:17] {"kind": "action", "what": "attack_move", "name": null, "qty": null, "ts": "12:41:17"}
[12:41:18] jev budget exhausted: max calls reached: 600 (继续纯确定性运行)
[12:41:20] jev budget exhausted: max calls reached: 600 (继续纯确定性运行)
[12:41:21] jev budget exhausted: max calls reached: 600 (继续纯确定性运行)
[12:41:23] jev budget exhausted: max calls reached: 600 (继续纯确定性运行)
[12:41:24] jev budget exhausted: max calls reached: 600 (继续纯确定性运行)
[12:41:26] jev budget exhausted: max calls reached: 600 (继续纯确定性运行)
[12:41:27] t=2360 RETREAT E2(4%)
[12:41:27] {"kind": "action", "what": "move", "name": null, "qty": null, "ts": "12:41:27"}
[12:41:27] jev budget exhausted: max calls reached: 600 (继续纯确定性运行)
[12:41:29] jev budget exhausted: max calls reached: 600 (继续纯确定性运行)
[12:41:30] jev budget exhausted: max calls reached: 600 (继续纯确定性运行)
[12:41:30] t=2363 MOVE forward-post@(122, 85)(26)
[12:41:30] {"kind": "action", "what": "attack_move", "name": null, "qty": null, "ts": "12:41:30"}
[12:41:32] jev budget exhausted: max calls reached: 600 (继续纯确定性运行)
[12:41:32] t=2364 tick#1575 credits=1952 stance=defend | jev 600 decisions p50=915ms
[12:41:33] jev budget exhausted: max calls reached: 600 (继续纯确定性运行)
[12:41:35] jev budget exhausted: max calls reached: 600 (继续纯确定性运行)
[12:41:36] jev budget exhausted: max calls reached: 600 (继续纯确定性运行)
[12:41:38] jev budget exhausted: max calls reached: 600 (继续纯确定性运行)
[12:41:39] jev budget exhausted: max calls reached: 600 (继续纯确定性运行)
[12:41:41] jev budget exhausted: max calls reached: 600 (继续纯确定性运行)
[12:41:42] jev budget exhausted: max calls reached: 600 (继续纯确定性运行)
[12:41:42] t=2375 MOVE forward-post@(122, 85)(26)
[12:41:42] {"kind": "action", "what": "attack_move", "name": null, "qty": null, "ts": "12:41:42"}
[12:41:44] jev budget exhausted: max calls reached: 600 (继续纯确定性运行)
[12:41:45] jev budget exhausted: max calls reached: 600 (继续纯确定性运行)
[12:41:47] jev budget exhausted: max calls reached: 600 (继续纯确定性运行)
[12:41:48] jev budget exhausted: max calls reached: 600 (继续纯确定性运行)
[12:41:50] jev budget exhausted: max calls reached: 600 (继续纯确定性运行)
[12:41:51] jev budget exhausted: max calls reached: 600 (继续纯确定性运行)
[12:41:53] jev budget exhausted: max calls reached: 600 (继续纯确定性运行)
[12:41:54] jev budget exhausted: max calls reached: 600 (继续纯确定性运行)
[12:41:54] t=2387 MOVE forward-post@(122, 85)(27)
[12:41:55] {"kind": "action", "what": "attack_move", "name": null, "qty": null, "ts": "12:41:55"}
[12:41:56] jev budget exhausted: max calls reached: 600 (继续纯确定性运行)
[12:41:57] jev budget exhausted: max calls reached: 600 (继续纯确定性运行)
[12:41:59] jev budget exhausted: max calls reached: 600 (继续纯确定性运行)
[12:42:00] jev budget exhausted: max calls reached: 600 (继续纯确定性运行)
[12:42:02] jev budget exhausted: max calls reached: 600 (继续纯确定性运行)
[12:42:03] jev budget exhausted: max calls reached: 600 (继续纯确定性运行)
[12:42:05] jev budget exhausted: max calls reached: 600 (继续纯确定性运行)
[12:42:06] jev budget exhausted: max calls reached: 600 (继续纯确定性运行)
[12:42:06] t=2399 MOVE forward-post@(122, 85)(27)
[12:42:06] {"kind": "action", "what": "attack_move", "name": null, "qty": null, "ts": "12:42:06"}
[12:42:08] jev budget exhausted: max calls reached: 600 (继续纯确定性运行)
[12:42:09] jev budget exhausted: max calls reached: 600 (继续纯确定性运行)
[12:42:09] t=2402 tick#1600 credits=1014 stance=defend | jev 600 decisions p50=915ms
[12:42:11] jev budget exhausted: max calls reached: 600 (继续纯确定性运行)
[12:42:12] jev budget exhausted: max calls reached: 600 (继续纯确定性运行)
[12:42:14] jev budget exhausted: max calls reached: 600 (继续纯确定性运行)
[12:42:15] jev budget exhausted: max calls reached: 600 (继续纯确定性运行)
[12:42:17] jev budget exhausted: max calls reached: 600 (继续纯确定性运行)
[12:42:18] jev budget exhausted: max calls reached: 600 (继续纯确定性运行)
[12:42:18] t=2411 MOVE forward-post@(122, 85)(27)
[12:42:18] {"kind": "action", "what": "attack_move", "name": null, "qty": null, "ts": "12:42:18"}
[12:42:20] jev budget exhausted: max calls reached: 600 (继续纯确定性运行)
[12:42:21] jev budget exhausted: max calls reached: 600 (继续纯确定性运行)
[12:42:23] jev budget exhausted: max calls reached: 600 (继续纯确定性运行)
[12:42:24] jev budget exhausted: max calls reached: 600 (继续纯确定性运行)
[12:42:26] jev budget exhausted: max calls reached: 600 (继续纯确定性运行)
[12:42:27] jev budget exhausted: max calls reached: 600 (继续纯确定性运行)
[12:42:29] jev budget exhausted: max calls reached: 600 (继续纯确定性运行)
[12:42:30] jev budget exhausted: max calls reached: 600 (继续纯确定性运行)
[12:42:30] t=2423 MOVE forward-post@(122, 85)(28)
[12:42:31] {"kind": "action", "what": "attack_move", "name": null, "qty": null, "ts": "12:42:31"}
[12:42:32] jev budget exhausted: max calls reached: 600 (继续纯确定性运行)
[12:42:33] jev budget exhausted: max calls reached: 600 (继续纯确定性运行)
[12:42:35] jev budget exhausted: max calls reached: 600 (继续纯确定性运行)
[12:42:36] jev budget exhausted: max calls reached: 600 (继续纯确定性运行)
[12:42:38] jev budget exhausted: max calls reached: 600 (继续纯确定性运行)
[12:42:39] jev budget exhausted: max calls reached: 600 (继续纯确定性运行)
[12:42:41] t=2433 TANK HTNK x2
[12:42:41] {"kind": "action", "what": "produce", "name": "HTNK", "qty": 2, "ts": "12:42:41"}
[12:42:41] jev budget exhausted: max calls reached: 600 (继续纯确定性运行)
[12:42:42] jev budget exhausted: max calls reached: 600 (继续纯确定性运行)
[12:42:42] t=2435 MOVE forward-post@(122, 85)(28)
[12:42:42] {"kind": "action", "what": "attack_move", "name": null, "qty": null, "ts": "12:42:42"}
[12:42:44] jev budget exhausted: max calls reached: 600 (继续纯确定性运行)
[12:42:45] jev budget exhausted: max calls reached: 600 (继续纯确定性运行)
[12:42:47] jev budget exhausted: max calls reached: 600 (继续纯确定性运行)
[12:42:47] t=2439 tick#1625 credits=1502 stance=defend | jev 600 decisions p50=915ms
[12:42:48] jev budget exhausted: max calls reached: 600 (继续纯确定性运行)
[12:42:50] jev budget exhausted: max calls reached: 600 (继续纯确定性运行)
[12:42:51] jev budget exhausted: max calls reached: 600 (继续纯确定性运行)
[12:42:53] jev budget exhausted: max calls reached: 600 (继续纯确定性运行)
[12:42:54] jev budget exhausted: max calls reached: 600 (继续纯确定性运行)
[12:42:54] t=2447 MOVE forward-post@(122, 85)(28)
[12:42:54] {"kind": "action", "what": "attack_move", "name": null, "qty": null, "ts": "12:42:54"}
[12:42:56] jev budget exhausted: max calls reached: 600 (继续纯确定性运行)
[12:42:57] jev budget exhausted: max calls reached: 600 (继续纯确定性运行)
[12:42:59] jev budget exhausted: max calls reached: 600 (继续纯确定性运行)
[12:43:00] jev budget exhausted: max calls reached: 600 (继续纯确定性运行)
[12:43:02] jev budget exhausted: max calls reached: 600 (继续纯确定性运行)
[12:43:03] jev budget exhausted: max calls reached: 600 (继续纯确定性运行)
[12:43:05] jev budget exhausted: max calls reached: 600 (继续纯确定性运行)
[12:43:06] jev budget exhausted: max calls reached: 600 (继续纯确定性运行)
[12:43:06] t=2459 MOVE forward-post@(122, 85)(28)
[12:43:06] {"kind": "action", "what": "attack_move", "name": null, "qty": null, "ts": "12:43:06"}
[12:43:08] jev budget exhausted: max calls reached: 600 (继续纯确定性运行)
[12:43:09] jev budget exhausted: max calls reached: 600 (继续纯确定性运行)
[12:43:11] jev budget exhausted: max calls reached: 600 (继续纯确定性运行)
[12:43:12] jev budget exhausted: max calls reached: 600 (继续纯确定性运行)
[12:43:14] jev budget exhausted: max calls reached: 600 (继续纯确定性运行)
[12:43:15] jev budget exhausted: max calls reached: 600 (继续纯确定性运行)
[12:43:17] jev budget exhausted: max calls reached: 600 (继续纯确定性运行)
[12:43:18] jev budget exhausted: max calls reached: 600 (继续纯确定性运行)
[12:43:18] t=2471 MOVE forward-post@(122, 85)(29)
[12:43:19] {"kind": "action", "what": "attack_move", "name": null, "qty": null, "ts": "12:43:19"}
[12:43:20] jev budget exhausted: max calls reached: 600 (继续纯确定性运行)
[12:43:21] jev budget exhausted: max calls reached: 600 (继续纯确定性运行)
[12:43:23] jev budget exhausted: max calls reached: 600 (继续纯确定性运行)
[12:43:24] jev budget exhausted: max calls reached: 600 (继续纯确定性运行)
[12:43:24] t=2477 tick#1650 credits=1614 stance=defend | jev 600 decisions p50=915ms
[12:43:26] jev budget exhausted: max calls reached: 600 (继续纯确定性运行)
[12:43:27] jev budget exhausted: max calls reached: 600 (继续纯确定性运行)
[12:43:29] jev budget exhausted: max calls reached: 600 (继续纯确定性运行)
[12:43:30] jev budget exhausted: max calls reached: 600 (继续纯确定性运行)
[12:43:30] t=2483 MOVE forward-post@(122, 85)(29)
[12:43:30] {"kind": "action", "what": "attack_move", "name": null, "qty": null, "ts": "12:43:30"}
[12:43:32] jev budget exhausted: max calls reached: 600 (继续纯确定性运行)
[12:43:33] jev budget exhausted: max calls reached: 600 (继续纯确定性运行)
[12:43:35] jev budget exhausted: max calls reached: 600 (继续纯确定性运行)
[12:43:36] jev budget exhausted: max calls reached: 600 (继续纯确定性运行)
[12:43:38] jev budget exhausted: max calls reached: 600 (继续纯确定性运行)
[12:43:39] jev budget exhausted: max calls reached: 600 (继续纯确定性运行)
[12:43:41] jev budget exhausted: max calls reached: 600 (继续纯确定性运行)
[12:43:42] jev budget exhausted: max calls reached: 600 (继续纯确定性运行)
[12:43:42] t=2495 MOVE forward-post@(122, 85)(29)
[12:43:42] {"kind": "action", "what": "attack_move", "name": null, "qty": null, "ts": "12:43:42"}
[12:43:44] jev budget exhausted: max calls reached: 600 (继续纯确定性运行)
[12:43:45] jev budget exhausted: max calls reached: 600 (继续纯确定性运行)
[12:43:47] jev budget exhausted: max calls reached: 600 (继续纯确定性运行)
[12:43:48] jev budget exhausted: max calls reached: 600 (继续纯确定性运行)
[12:43:50] jev budget exhausted: max calls reached: 600 (继续纯确定性运行)
[12:43:51] jev budget exhausted: max calls reached: 600 (继续纯确定性运行)
[12:43:53] jev budget exhausted: max calls reached: 600 (继续纯确定性运行)
[12:43:54] t=2507 TANK HTNK x2
[12:43:54] {"kind": "action", "what": "produce", "name": "HTNK", "qty": 2, "ts": "12:43:54"}
[12:43:54] jev budget exhausted: max calls reached: 600 (继续纯确定性运行)
[12:43:54] t=2507 MOVE forward-post@(122, 85)(30)
[12:43:55] {"kind": "action", "what": "attack_move", "name": null, "qty": null, "ts": "12:43:55"}
[12:43:56] jev budget exhausted: max calls reached: 600 (继续纯确定性运行)
[12:43:57] jev budget exhausted: max calls reached: 600 (继续纯确定性运行)
[12:43:59] jev budget exhausted: max calls reached: 600 (继续纯确定性运行)
[12:44:00] jev budget exhausted: max calls reached: 600 (继续纯确定性运行)
[12:44:02] jev budget exhausted: max calls reached: 600 (继续纯确定性运行)
[12:44:02] t=2514 tick#1675 credits=1839 stance=defend | jev 600 decisions p50=915ms
[12:44:03] jev budget exhausted: max calls reached: 600 (继续纯确定性运行)
[12:44:05] jev budget exhausted: max calls reached: 600 (继续纯确定性运行)
[12:44:06] jev budget exhausted: max calls reached: 600 (继续纯确定性运行)
[12:44:08] jev budget exhausted: max calls reached: 600 (继续纯确定性运行)
[12:44:08] t=2520 MOVE forward-post@(122, 85)(30)
[12:44:08] {"kind": "action", "what": "attack_move", "name": null, "qty": null, "ts": "12:44:08"}
[12:44:09] jev budget exhausted: max calls reached: 600 (继续纯确定性运行)
[12:44:11] jev budget exhausted: max calls reached: 600 (继续纯确定性运行)
[12:44:12] jev budget exhausted: max calls reached: 600 (继续纯确定性运行)
[12:44:14] jev budget exhausted: max calls reached: 600 (继续纯确定性运行)
[12:44:15] jev budget exhausted: max calls reached: 600 (继续纯确定性运行)
[12:44:17] jev budget exhausted: max calls reached: 600 (继续纯确定性运行)
[12:44:18] jev budget exhausted: max calls reached: 600 (继续纯确定性运行)
[12:44:20] jev budget exhausted: max calls reached: 600 (继续纯确定性运行)
[12:44:20] t=2532 MOVE forward-post@(122, 85)(30)
[12:44:20] {"kind": "action", "what": "attack_move", "name": null, "qty": null, "ts": "12:44:20"}
[12:44:21] jev budget exhausted: max calls reached: 600 (继续纯确定性运行)
[12:44:23] jev budget exhausted: max calls reached: 600 (继续纯确定性运行)
[12:44:24] jev budget exhausted: max calls reached: 600 (继续纯确定性运行)
[12:44:26] jev budget exhausted: max calls reached: 600 (继续纯确定性运行)
[12:44:27] jev budget exhausted: max calls reached: 600 (继续纯确定性运行)
[12:44:29] jev budget exhausted: max calls reached: 600 (继续纯确定性运行)
[12:44:30] jev budget exhausted: max calls reached: 600 (继续纯确定性运行)
[12:44:32] jev budget exhausted: max calls reached: 600 (继续纯确定性运行)
[12:44:32] t=2544 MOVE forward-post@(122, 85)(31)
[12:44:32] {"kind": "action", "what": "attack_move", "name": null, "qty": null, "ts": "12:44:32"}
[12:44:33] jev budget exhausted: max calls reached: 600 (继续纯确定性运行)
[12:44:35] jev budget exhausted: max calls reached: 600 (继续纯确定性运行)
[12:44:36] jev budget exhausted: max calls reached: 600 (继续纯确定性运行)
[12:44:38] jev budget exhausted: max calls reached: 600 (继续纯确定性运行)
[12:44:39] jev budget exhausted: max calls reached: 600 (继续纯确定性运行)
[12:44:39] t=2552 tick#1700 credits=900 stance=defend | jev 600 decisions p50=915ms
[12:44:41] jev budget exhausted: max calls reached: 600 (继续纯确定性运行)
[12:44:42] jev budget exhausted: max calls reached: 600 (继续纯确定性运行)
[12:44:44] jev budget exhausted: max calls reached: 600 (继续纯确定性运行)
[12:44:44] t=2556 MOVE forward-post@(122, 85)(31)
[12:44:44] {"kind": "action", "what": "attack_move", "name": null, "qty": null, "ts": "12:44:44"}
[12:44:45] jev budget exhausted: max calls reached: 600 (继续纯确定性运行)
[12:44:47] jev budget exhausted: max calls reached: 600 (继续纯确定性运行)
[12:44:48] jev budget exhausted: max calls reached: 600 (继续纯确定性运行)
[12:44:50] jev budget exhausted: max calls reached: 600 (继续纯确定性运行)
[12:44:51] jev budget exhausted: max calls reached: 600 (继续纯确定性运行)
[12:44:53] jev budget exhausted: max calls reached: 600 (继续纯确定性运行)
[12:44:54] jev budget exhausted: max calls reached: 600 (继续纯确定性运行)
[12:44:56] jev budget exhausted: max calls reached: 600 (继续纯确定性运行)
[12:44:56] t=2568 MOVE forward-post@(122, 85)(31)
[12:44:56] {"kind": "action", "what": "attack_move", "name": null, "qty": null, "ts": "12:44:56"}
[12:44:57] jev budget exhausted: max calls reached: 600 (继续纯确定性运行)
[12:44:59] jev budget exhausted: max calls reached: 600 (继续纯确定性运行)
[12:45:00] jev budget exhausted: max calls reached: 600 (继续纯确定性运行)
[12:45:02] jev budget exhausted: max calls reached: 600 (继续纯确定性运行)
[12:45:03] jev budget exhausted: max calls reached: 600 (继续纯确定性运行)
[12:45:05] jev budget exhausted: max calls reached: 600 (继续纯确定性运行)
[12:45:06] jev budget exhausted: max calls reached: 600 (继续纯确定性运行)
[12:45:08] jev budget exhausted: max calls reached: 600 (继续纯确定性运行)
[12:45:08] t=2580 MOVE forward-post@(122, 85)(32)
[12:45:08] {"kind": "action", "what": "attack_move", "name": null, "qty": null, "ts": "12:45:08"}
[12:45:09] jev budget exhausted: max calls reached: 600 (继续纯确定性运行)
[12:45:11] jev budget exhausted: max calls reached: 600 (继续纯确定性运行)
[12:45:12] jev budget exhausted: max calls reached: 600 (继续纯确定性运行)
[12:45:14] jev budget exhausted: max calls reached: 600 (继续纯确定性运行)
[12:45:15] jev budget exhausted: max calls reached: 600 (继续纯确定性运行)
[12:45:17] jev budget exhausted: max calls reached: 600 (继续纯确定性运行)
[12:45:17] t=2589 tick#1725 credits=600 stance=defend | jev 600 decisions p50=915ms
[12:45:18] jev budget exhausted: max calls reached: 600 (继续纯确定性运行)
[12:45:20] jev budget exhausted: max calls reached: 600 (继续纯确定性运行)
[12:45:20] t=2592 MOVE forward-post@(122, 85)(32)
[12:45:20] {"kind": "action", "what": "attack_move", "name": null, "qty": null, "ts": "12:45:20"}
[12:45:21] jev budget exhausted: max calls reached: 600 (继续纯确定性运行)
[12:45:23] jev budget exhausted: max calls reached: 600 (继续纯确定性运行)
[12:45:24] jev budget exhausted: max calls reached: 600 (继续纯确定性运行)
[12:45:26] jev budget exhausted: max calls reached: 600 (继续纯确定性运行)
[12:45:27] jev budget exhausted: max calls reached: 600 (继续纯确定性运行)
[12:45:29] jev budget exhausted: max calls reached: 600 (继续纯确定性运行)
[12:45:30] jev budget exhausted: max calls reached: 600 (继续纯确定性运行)
[12:45:32] jev budget exhausted: max calls reached: 600 (继续纯确定性运行)
[12:45:32] t=2604 MOVE forward-post@(122, 85)(32)
[12:45:32] {"kind": "action", "what": "attack_move", "name": null, "qty": null, "ts": "12:45:32"}
[12:45:33] jev budget exhausted: max calls reached: 600 (继续纯确定性运行)
[12:45:35] jev budget exhausted: max calls reached: 600 (继续纯确定性运行)
[12:45:36] jev budget exhausted: max calls reached: 600 (继续纯确定性运行)
[12:45:38] jev budget exhausted: max calls reached: 600 (继续纯确定性运行)
[12:45:39] jev budget exhausted: max calls reached: 600 (继续纯确定性运行)
[12:45:41] jev budget exhausted: max calls reached: 600 (继续纯确定性运行)
[12:45:42] jev budget exhausted: max calls reached: 600 (继续纯确定性运行)
[12:45:44] jev budget exhausted: max calls reached: 600 (继续纯确定性运行)
[12:45:44] t=2616 MOVE forward-post@(122, 85)(32)
[12:45:44] {"kind": "action", "what": "attack_move", "name": null, "qty": null, "ts": "12:45:44"}
[12:45:45] jev budget exhausted: max calls reached: 600 (继续纯确定性运行)
[12:45:47] jev budget exhausted: max calls reached: 600 (继续纯确定性运行)
[12:45:48] jev budget exhausted: max calls reached: 600 (继续纯确定性运行)
[12:45:50] jev budget exhausted: max calls reached: 600 (继续纯确定性运行)
[12:45:51] jev budget exhausted: max calls reached: 600 (继续纯确定性运行)
[12:45:53] jev budget exhausted: max calls reached: 600 (继续纯确定性运行)
[12:45:54] jev budget exhausted: max calls reached: 600 (继续纯确定性运行)
[12:45:54] t=2627 tick#1750 credits=600 stance=defend | jev 600 decisions p50=915ms
[12:45:56] jev budget exhausted: max calls reached: 600 (继续纯确定性运行)
[12:45:56] t=2628 MOVE forward-post@(122, 85)(32)
[12:45:56] {"kind": "action", "what": "attack_move", "name": null, "qty": null, "ts": "12:45:56"}
[12:45:57] jev budget exhausted: max calls reached: 600 (继续纯确定性运行)
[12:45:59] jev budget exhausted: max calls reached: 600 (继续纯确定性运行)
[12:46:00] jev budget exhausted: max calls reached: 600 (继续纯确定性运行)
[12:46:02] jev budget exhausted: max calls reached: 600 (继续纯确定性运行)
[12:46:03] jev budget exhausted: max calls reached: 600 (继续纯确定性运行)
[12:46:05] jev budget exhausted: max calls reached: 600 (继续纯确定性运行)
[12:46:06] jev budget exhausted: max calls reached: 600 (继续纯确定性运行)
[12:46:08] jev budget exhausted: max calls reached: 600 (继续纯确定性运行)
[12:46:08] t=2640 MOVE forward-post@(122, 85)(32)
[12:46:08] {"kind": "action", "what": "attack_move", "name": null, "qty": null, "ts": "12:46:08"}
[12:46:09] jev budget exhausted: max calls reached: 600 (继续纯确定性运行)
[12:46:11] jev budget exhausted: max calls reached: 600 (继续纯确定性运行)
[12:46:12] jev budget exhausted: max calls reached: 600 (继续纯确定性运行)
[12:46:14] jev budget exhausted: max calls reached: 600 (继续纯确定性运行)
[12:46:15] jev budget exhausted: max calls reached: 600 (继续纯确定性运行)
[12:46:17] jev budget exhausted: max calls reached: 600 (继续纯确定性运行)
[12:46:18] jev budget exhausted: max calls reached: 600 (继续纯确定性运行)
[12:46:20] jev budget exhausted: max calls reached: 600 (继续纯确定性运行)
[12:46:20] t=2652 MOVE forward-post@(122, 85)(32)
[12:46:20] {"kind": "action", "what": "attack_move", "name": null, "qty": null, "ts": "12:46:20"}
[12:46:21] jev budget exhausted: max calls reached: 600 (继续纯确定性运行)
[12:46:23] t=2655 TANK HTNK x1
[12:46:23] {"kind": "action", "what": "produce", "name": "HTNK", "qty": 1, "ts": "12:46:23"}
[12:46:23] jev budget exhausted: max calls reached: 600 (继续纯确定性运行)
[12:46:24] jev budget exhausted: max calls reached: 600 (继续纯确定性运行)
[12:46:26] jev budget exhausted: max calls reached: 600 (继续纯确定性运行)
[12:46:27] jev budget exhausted: max calls reached: 600 (继续纯确定性运行)
[12:46:29] t=2661 RETREAT E2(4%)
[12:46:29] {"kind": "action", "what": "move", "name": null, "qty": null, "ts": "12:46:29"}
[12:46:29] jev budget exhausted: max calls reached: 600 (继续纯确定性运行)
[12:46:30] jev budget exhausted: max calls reached: 600 (继续纯确定性运行)
[12:46:32] jev budget exhausted: max calls reached: 600 (继续纯确定性运行)
[12:46:32] t=2664 MOVE forward-post@(122, 85)(32)
[12:46:32] {"kind": "action", "what": "attack_move", "name": null, "qty": null, "ts": "12:46:32"}
[12:46:32] t=2664 tick#1775 credits=2252 stance=defend | jev 600 decisions p50=915ms
[12:46:33] jev budget exhausted: max calls reached: 600 (继续纯确定性运行)
[12:46:35] jev budget exhausted: max calls reached: 600 (继续纯确定性运行)
[12:46:36] jev budget exhausted: max calls reached: 600 (继续纯确定性运行)
[12:46:38] jev budget exhausted: max calls reached: 600 (继续纯确定性运行)
[12:46:39] jev budget exhausted: max calls reached: 600 (继续纯确定性运行)
[12:46:41] jev budget exhausted: max calls reached: 600 (继续纯确定性运行)
[12:46:42] jev budget exhausted: max calls reached: 600 (继续纯确定性运行)
[12:46:44] jev budget exhausted: max calls reached: 600 (继续纯确定性运行)
[12:46:44] t=2676 MOVE forward-post@(122, 85)(32)
[12:46:44] {"kind": "action", "what": "attack_move", "name": null, "qty": null, "ts": "12:46:44"}
[12:46:45] jev budget exhausted: max calls reached: 600 (继续纯确定性运行)
[12:46:47] jev budget exhausted: max calls reached: 600 (继续纯确定性运行)
[12:46:48] jev budget exhausted: max calls reached: 600 (继续纯确定性运行)
[12:46:50] jev budget exhausted: max calls reached: 600 (继续纯确定性运行)
[12:46:51] jev budget exhausted: max calls reached: 600 (继续纯确定性运行)
[12:46:53] jev budget exhausted: max calls reached: 600 (继续纯确定性运行)
[12:46:54] jev budget exhausted: max calls reached: 600 (继续纯确定性运行)
[12:46:56] jev budget exhausted: max calls reached: 600 (继续纯确定性运行)
[12:46:56] t=2688 MOVE forward-post@(122, 85)(32)
[12:46:56] {"kind": "action", "what": "attack_move", "name": null, "qty": null, "ts": "12:46:56"}
[12:46:57] jev budget exhausted: max calls reached: 600 (继续纯确定性运行)
[12:46:59] jev budget exhausted: max calls reached: 600 (继续纯确定性运行)
[12:47:00] t=2693 TANK HTNK x1
[12:47:00] {"kind": "action", "what": "produce", "name": "HTNK", "qty": 1, "ts": "12:47:00"}
[12:47:01] jev budget exhausted: max calls reached: 600 (继续纯确定性运行)
[12:47:02] jev budget exhausted: max calls reached: 600 (继续纯确定性运行)
[12:47:03] jev budget exhausted: max calls reached: 600 (继续纯确定性运行)
[12:47:05] jev budget exhausted: max calls reached: 600 (继续纯确定性运行)
[12:47:06] jev budget exhausted: max calls reached: 600 (继续纯确定性运行)
[12:47:08] jev budget exhausted: max calls reached: 600 (继续纯确定性运行)
[12:47:08] t=2700 MOVE forward-post@(122, 85)(33)
[12:47:09] {"kind": "action", "what": "attack_move", "name": null, "qty": null, "ts": "12:47:09"}
[12:47:09] jev budget exhausted: max calls reached: 600 (继续纯确定性运行)
[12:47:09] t=2702 tick#1800 credits=1725 stance=defend | jev 600 decisions p50=915ms
[12:47:11] jev budget exhausted: max calls reached: 600 (继续纯确定性运行)
[12:47:12] jev budget exhausted: max calls reached: 600 (继续纯确定性运行)
[12:47:14] jev budget exhausted: max calls reached: 600 (继续纯确定性运行)
[12:47:15] jev budget exhausted: max calls reached: 600 (继续纯确定性运行)
[12:47:17] jev budget exhausted: max calls reached: 600 (继续纯确定性运行)
[12:47:18] jev budget exhausted: max calls reached: 600 (继续纯确定性运行)
[12:47:20] jev budget exhausted: max calls reached: 600 (继续纯确定性运行)
[12:47:20] t=2712 MOVE forward-post@(122, 85)(33)
[12:47:20] {"kind": "action", "what": "attack_move", "name": null, "qty": null, "ts": "12:47:20"}
[12:47:22] jev budget exhausted: max calls reached: 600 (继续纯确定性运行)
[12:47:23] jev budget exhausted: max calls reached: 600 (继续纯确定性运行)
[12:47:25] jev budget exhausted: max calls reached: 600 (继续纯确定性运行)
[12:47:26] jev budget exhausted: max calls reached: 600 (继续纯确定性运行)
[12:47:27] jev budget exhausted: max calls reached: 600 (继续纯确定性运行)
[12:47:29] jev budget exhausted: max calls reached: 600 (继续纯确定性运行)
[12:47:31] jev budget exhausted: max calls reached: 600 (继续纯确定性运行)
[12:47:32] jev budget exhausted: max calls reached: 600 (继续纯确定性运行)
[12:47:32] t=2724 MOVE forward-post@(122, 85)(33)
[12:47:32] {"kind": "action", "what": "attack_move", "name": null, "qty": null, "ts": "12:47:32"}
[12:47:34] jev budget exhausted: max calls reached: 600 (继续纯确定性运行)
[12:47:35] jev budget exhausted: max calls reached: 600 (继续纯确定性运行)
[12:47:37] jev budget exhausted: max calls reached: 600 (继续纯确定性运行)
[12:47:38] jev budget exhausted: max calls reached: 600 (继续纯确定性运行)
[12:47:40] jev budget exhausted: max calls reached: 600 (继续纯确定性运行)
[12:47:41] jev budget exhausted: max calls reached: 600 (继续纯确定性运行)
[12:47:43] jev budget exhausted: max calls reached: 600 (继续纯确定性运行)
[12:47:44] jev budget exhausted: max calls reached: 600 (继续纯确定性运行)
[12:47:44] t=2736 MOVE forward-post@(122, 85)(34)
[12:47:44] {"kind": "action", "what": "attack_move", "name": null, "qty": null, "ts": "12:47:44"}
[12:47:46] jev budget exhausted: max calls reached: 600 (继续纯确定性运行)
[12:47:47] jev budget exhausted: max calls reached: 600 (继续纯确定性运行)
[12:47:47] t=2739 tick#1825 credits=1050 stance=defend | jev 600 decisions p50=915ms
[12:47:49] jev budget exhausted: max calls reached: 600 (继续纯确定性运行)
[12:47:50] jev budget exhausted: max calls reached: 600 (继续纯确定性运行)
[12:47:52] jev budget exhausted: max calls reached: 600 (继续纯确定性运行)
[12:47:53] jev budget exhausted: max calls reached: 600 (继续纯确定性运行)
[12:47:55] jev budget exhausted: max calls reached: 600 (继续纯确定性运行)
[12:47:56] jev budget exhausted: max calls reached: 600 (继续纯确定性运行)
[12:47:56] t=2748 MOVE forward-post@(122, 85)(34)
[12:47:56] {"kind": "action", "what": "attack_move", "name": null, "qty": null, "ts": "12:47:56"}
[12:47:58] jev budget exhausted: max calls reached: 600 (继续纯确定性运行)
[12:47:59] jev budget exhausted: max calls reached: 600 (继续纯确定性运行)
[12:48:01] jev budget exhausted: max calls reached: 600 (继续纯确定性运行)
[12:48:02] t=2754 TANK HTNK x2
[12:48:02] {"kind": "action", "what": "produce", "name": "HTNK", "qty": 2, "ts": "12:48:02"}
[12:48:02] jev budget exhausted: max calls reached: 600 (继续纯确定性运行)
[12:48:04] jev budget exhausted: max calls reached: 600 (继续纯确定性运行)
[12:48:05] jev budget exhausted: max calls reached: 600 (继续纯确定性运行)
[12:48:07] jev budget exhausted: max calls reached: 600 (继续纯确定性运行)
[12:48:08] jev budget exhausted: max calls reached: 600 (继续纯确定性运行)
[12:48:08] t=2760 MOVE forward-post@(122, 85)(34)
[12:48:08] {"kind": "action", "what": "attack_move", "name": null, "qty": null, "ts": "12:48:08"}
[12:48:10] jev budget exhausted: max calls reached: 600 (继续纯确定性运行)
[12:48:11] jev budget exhausted: max calls reached: 600 (继续纯确定性运行)
[12:48:13] jev budget exhausted: max calls reached: 600 (继续纯确定性运行)
[12:48:14] jev budget exhausted: max calls reached: 600 (继续纯确定性运行)
[12:48:16] jev budget exhausted: max calls reached: 600 (继续纯确定性运行)
[12:48:17] jev budget exhausted: max calls reached: 600 (继续纯确定性运行)
[12:48:19] jev budget exhausted: max calls reached: 600 (继续纯确定性运行)
[12:48:20] jev budget exhausted: max calls reached: 600 (继续纯确定性运行)
[12:48:20] t=2772 MOVE forward-post@(122, 85)(34)
[12:48:20] {"kind": "action", "what": "attack_move", "name": null, "qty": null, "ts": "12:48:20"}
[12:48:22] jev budget exhausted: max calls reached: 600 (继续纯确定性运行)
[12:48:23] jev budget exhausted: max calls reached: 600 (继续纯确定性运行)
[12:48:25] jev budget exhausted: max calls reached: 600 (继续纯确定性运行)
[12:48:25] t=2777 tick#1850 credits=1614 stance=defend | jev 600 decisions p50=915ms
[12:48:26] jev budget exhausted: max calls reached: 600 (继续纯确定性运行)
[12:48:28] jev budget exhausted: max calls reached: 600 (继续纯确定性运行)
[12:48:29] jev budget exhausted: max calls reached: 600 (继续纯确定性运行)
[12:48:31] jev budget exhausted: max calls reached: 600 (继续纯确定性运行)
[12:48:32] jev budget exhausted: max calls reached: 600 (继续纯确定性运行)
[12:48:32] t=2784 MOVE forward-post@(122, 85)(34)
[12:48:32] {"kind": "action", "what": "attack_move", "name": null, "qty": null, "ts": "12:48:32"}
[12:48:34] jev budget exhausted: max calls reached: 600 (继续纯确定性运行)
[12:48:35] jev budget exhausted: max calls reached: 600 (继续纯确定性运行)
[12:48:37] jev budget exhausted: max calls reached: 600 (继续纯确定性运行)
[12:48:38] jev budget exhausted: max calls reached: 600 (继续纯确定性运行)
[12:48:40] jev budget exhausted: max calls reached: 600 (继续纯确定性运行)
[12:48:41] jev budget exhausted: max calls reached: 600 (继续纯确定性运行)
[12:48:43] jev budget exhausted: max calls reached: 600 (继续纯确定性运行)
[12:48:44] jev budget exhausted: max calls reached: 600 (继续纯确定性运行)
[12:48:44] t=2796 MOVE forward-post@(122, 85)(35)
[12:48:44] {"kind": "action", "what": "attack_move", "name": null, "qty": null, "ts": "12:48:44"}
[12:48:46] jev budget exhausted: max calls reached: 600 (继续纯确定性运行)
[12:48:47] jev budget exhausted: max calls reached: 600 (继续纯确定性运行)
[12:48:49] jev budget exhausted: max calls reached: 600 (继续纯确定性运行)
[12:48:50] jev budget exhausted: max calls reached: 600 (继续纯确定性运行)
[12:48:52] jev budget exhausted: max calls reached: 600 (继续纯确定性运行)
[12:48:53] jev budget exhausted: max calls reached: 600 (继续纯确定性运行)
[12:48:55] jev budget exhausted: max calls reached: 600 (继续纯确定性运行)
[12:48:56] jev budget exhausted: max calls reached: 600 (继续纯确定性运行)
[12:48:56] t=2809 MOVE forward-post@(122, 85)(35)
[12:48:56] {"kind": "action", "what": "attack_move", "name": null, "qty": null, "ts": "12:48:56"}
[12:48:58] jev budget exhausted: max calls reached: 600 (继续纯确定性运行)
[12:48:59] jev budget exhausted: max calls reached: 600 (继续纯确定性运行)
[12:49:01] jev budget exhausted: max calls reached: 600 (继续纯确定性运行)
[12:49:02] jev budget exhausted: max calls reached: 600 (继续纯确定性运行)
[12:49:02] t=2815 tick#1875 credits=1050 stance=defend | jev 600 decisions p50=915ms
[12:49:04] jev budget exhausted: max calls reached: 600 (继续纯确定性运行)
[12:49:05] jev budget exhausted: max calls reached: 600 (继续纯确定性运行)
[12:49:07] jev budget exhausted: max calls reached: 600 (继续纯确定性运行)
[12:49:08] jev budget exhausted: max calls reached: 600 (继续纯确定性运行)
[12:49:08] t=2821 MOVE forward-post@(122, 85)(35)
[12:49:08] {"kind": "action", "what": "attack_move", "name": null, "qty": null, "ts": "12:49:08"}
[12:49:10] jev budget exhausted: max calls reached: 600 (继续纯确定性运行)
[12:49:11] jev budget exhausted: max calls reached: 600 (继续纯确定性运行)
[12:49:13] jev budget exhausted: max calls reached: 600 (继续纯确定性运行)
[12:49:14] jev budget exhausted: max calls reached: 600 (继续纯确定性运行)
[12:49:16] jev budget exhausted: max calls reached: 600 (继续纯确定性运行)
[12:49:17] jev budget exhausted: max calls reached: 600 (继续纯确定性运行)
[12:49:19] jev budget exhausted: max calls reached: 600 (继续纯确定性运行)
[12:49:20] jev budget exhausted: max calls reached: 600 (继续纯确定性运行)
[12:49:20] t=2833 MOVE forward-post@(122, 85)(36)
[12:49:20] {"kind": "action", "what": "attack_move", "name": null, "qty": null, "ts": "12:49:20"}
[12:49:22] jev budget exhausted: max calls reached: 600 (继续纯确定性运行)
[12:49:23] jev budget exhausted: max calls reached: 600 (继续纯确定性运行)
[12:49:25] jev budget exhausted: max calls reached: 600 (继续纯确定性运行)
[12:49:26] jev budget exhausted: max calls reached: 600 (继续纯确定性运行)
[12:49:28] jev budget exhausted: max calls reached: 600 (继续纯确定性运行)
[12:49:29] jev budget exhausted: max calls reached: 600 (继续纯确定性运行)
[12:49:31] jev budget exhausted: max calls reached: 600 (继续纯确定性运行)
[12:49:32] jev budget exhausted: max calls reached: 600 (继续纯确定性运行)
[12:49:32] t=2845 MOVE forward-post@(122, 85)(36)
[12:49:32] {"kind": "action", "what": "attack_move", "name": null, "qty": null, "ts": "12:49:32"}
[12:49:34] jev budget exhausted: max calls reached: 600 (继续纯确定性运行)
[12:49:35] jev budget exhausted: max calls reached: 600 (继续纯确定性运行)
[12:49:37] jev budget exhausted: max calls reached: 600 (继续纯确定性运行)
[12:49:38] jev budget exhausted: max calls reached: 600 (继续纯确定性运行)
[12:49:40] jev budget exhausted: max calls reached: 600 (继续纯确定性运行)
[12:49:40] t=2852 tick#1900 credits=750 stance=defend | jev 600 decisions p50=915ms
[12:49:41] jev budget exhausted: max calls reached: 600 (继续纯确定性运行)
[12:49:43] t=2855 TANK HTNK x2
[12:49:43] {"kind": "action", "what": "produce", "name": "HTNK", "qty": 2, "ts": "12:49:43"}
[12:49:43] jev budget exhausted: max calls reached: 600 (继续纯确定性运行)
[12:49:44] jev budget exhausted: max calls reached: 600 (继续纯确定性运行)
[12:49:46] jev budget exhausted: max calls reached: 600 (继续纯确定性运行)
[12:49:46] t=2858 MOVE forward-post@(122, 85)(36)
[12:49:46] {"kind": "action", "what": "attack_move", "name": null, "qty": null, "ts": "12:49:46"}
[12:49:47] jev budget exhausted: max calls reached: 600 (继续纯确定性运行)
[12:49:49] jev budget exhausted: max calls reached: 600 (继续纯确定性运行)
[12:49:50] jev budget exhausted: max calls reached: 600 (继续纯确定性运行)
[12:49:52] jev budget exhausted: max calls reached: 600 (继续纯确定性运行)
[12:49:53] jev budget exhausted: max calls reached: 600 (继续纯确定性运行)
[12:49:55] jev budget exhausted: max calls reached: 600 (继续纯确定性运行)
[12:49:56] jev budget exhausted: max calls reached: 600 (继续纯确定性运行)
[12:49:58] jev budget exhausted: max calls reached: 600 (继续纯确定性运行)
[12:49:58] t=2870 MOVE forward-post@(122, 85)(36)
[12:49:58] {"kind": "action", "what": "attack_move", "name": null, "qty": null, "ts": "12:49:58"}
[12:49:59] jev budget exhausted: max calls reached: 600 (继续纯确定性运行)
[12:50:01] jev budget exhausted: max calls reached: 600 (继续纯确定性运行)
[12:50:02] jev budget exhausted: max calls reached: 600 (继续纯确定性运行)
[12:50:04] jev budget exhausted: max calls reached: 600 (继续纯确定性运行)
[12:50:05] jev budget exhausted: max calls reached: 600 (继续纯确定性运行)
[12:50:07] jev budget exhausted: max calls reached: 600 (继续纯确定性运行)
[12:50:08] jev budget exhausted: max calls reached: 600 (继续纯确定性运行)
[12:50:10] jev budget exhausted: max calls reached: 600 (继续纯确定性运行)
[12:50:10] t=2882 MOVE forward-post@(122, 85)(36)
[12:50:10] {"kind": "action", "what": "attack_move", "name": null, "qty": null, "ts": "12:50:10"}
[12:50:11] jev budget exhausted: max calls reached: 600 (继续纯确定性运行)
[12:50:13] jev budget exhausted: max calls reached: 600 (继续纯确定性运行)
[12:50:14] jev budget exhausted: max calls reached: 600 (继续纯确定性运行)
[12:50:16] jev budget exhausted: max calls reached: 600 (继续纯确定性运行)
[12:50:17] jev budget exhausted: max calls reached: 600 (继续纯确定性运行)
[12:50:17] t=2890 tick#1925 credits=1762 stance=defend | jev 600 decisions p50=915ms
[12:50:19] jev budget exhausted: max calls reached: 600 (继续纯确定性运行)
[12:50:20] jev budget exhausted: max calls reached: 600 (继续纯确定性运行)
[12:50:22] jev budget exhausted: max calls reached: 600 (继续纯确定性运行)
[12:50:22] t=2894 MOVE forward-post@(122, 85)(37)
[12:50:22] {"kind": "action", "what": "attack_move", "name": null, "qty": null, "ts": "12:50:22"}
[12:50:23] jev budget exhausted: max calls reached: 600 (继续纯确定性运行)
[12:50:25] jev budget exhausted: max calls reached: 600 (继续纯确定性运行)
[12:50:26] jev budget exhausted: max calls reached: 600 (继续纯确定性运行)
[12:50:28] jev budget exhausted: max calls reached: 600 (继续纯确定性运行)
[12:50:29] jev budget exhausted: max calls reached: 600 (继续纯确定性运行)
[12:50:31] jev budget exhausted: max calls reached: 600 (继续纯确定性运行)
[12:50:32] jev budget exhausted: max calls reached: 600 (继续纯确定性运行)
[12:50:34] jev budget exhausted: max calls reached: 600 (继续纯确定性运行)
[12:50:35] jev budget exhausted: max calls reached: 600 (继续纯确定性运行)
[12:50:35] t=2908 MOVE forward-post@(122, 85)(37)
[12:50:35] {"kind": "action", "what": "attack_move", "name": null, "qty": null, "ts": "12:50:35"}
[12:50:37] jev budget exhausted: max calls reached: 600 (继续纯确定性运行)
[12:50:38] jev budget exhausted: max calls reached: 600 (继续纯确定性运行)
[12:50:40] jev budget exhausted: max calls reached: 600 (继续纯确定性运行)
[12:50:41] jev budget exhausted: max calls reached: 600 (继续纯确定性运行)
[12:50:43] jev budget exhausted: max calls reached: 600 (继续纯确定性运行)
[12:50:44] jev budget exhausted: max calls reached: 600 (继续纯确定性运行)
[12:50:46] jev budget exhausted: max calls reached: 600 (继续纯确定性运行)
[12:50:47] jev budget exhausted: max calls reached: 600 (继续纯确定性运行)
[12:50:47] t=2920 MOVE forward-post@(122, 85)(37)
[12:50:47] {"kind": "action", "what": "attack_move", "name": null, "qty": null, "ts": "12:50:47"}
[12:50:49] jev budget exhausted: max calls reached: 600 (继续纯确定性运行)
[12:50:50] jev budget exhausted: max calls reached: 600 (继续纯确定性运行)
[12:50:52] jev budget exhausted: max calls reached: 600 (继续纯确定性运行)
[12:50:53] jev budget exhausted: max calls reached: 600 (继续纯确定性运行)
[12:50:55] jev budget exhausted: max calls reached: 600 (继续纯确定性运行)
[12:50:55] t=2927 tick#1950 credits=1200 stance=defend | jev 600 decisions p50=915ms
[12:50:56] t=2929 TANK HTNK x1
[12:50:56] {"kind": "action", "what": "produce", "name": "HTNK", "qty": 1, "ts": "12:50:56"}
[12:50:56] jev budget exhausted: max calls reached: 600 (继续纯确定性运行)
[12:50:58] jev budget exhausted: max calls reached: 600 (继续纯确定性运行)
[12:50:59] jev budget exhausted: max calls reached: 600 (继续纯确定性运行)
[12:50:59] t=2932 MOVE forward-post@(122, 85)(38)
[12:50:59] {"kind": "action", "what": "attack_move", "name": null, "qty": null, "ts": "12:50:59"}
[12:51:01] jev budget exhausted: max calls reached: 600 (继续纯确定性运行)
[12:51:02] jev budget exhausted: max calls reached: 600 (继续纯确定性运行)
[12:51:04] jev budget exhausted: max calls reached: 600 (继续纯确定性运行)
[12:51:05] jev budget exhausted: max calls reached: 600 (继续纯确定性运行)
[12:51:07] jev budget exhausted: max calls reached: 600 (继续纯确定性运行)
[12:51:08] jev budget exhausted: max calls reached: 600 (继续纯确定性运行)
[12:51:10] jev budget exhausted: max calls reached: 600 (继续纯确定性运行)
[12:51:11] jev budget exhausted: max calls reached: 600 (继续纯确定性运行)
[12:51:11] t=2944 MOVE forward-post@(122, 85)(38)
[12:51:11] {"kind": "action", "what": "attack_move", "name": null, "qty": null, "ts": "12:51:11"}
[12:51:13] jev budget exhausted: max calls reached: 600 (继续纯确定性运行)
[12:51:14] jev budget exhausted: max calls reached: 600 (继续纯确定性运行)
[12:51:16] jev budget exhausted: max calls reached: 600 (继续纯确定性运行)
[12:51:17] jev budget exhausted: max calls reached: 600 (继续纯确定性运行)
[12:51:19] jev budget exhausted: max calls reached: 600 (继续纯确定性运行)
[12:51:20] jev budget exhausted: max calls reached: 600 (继续纯确定性运行)
[12:51:22] jev budget exhausted: max calls reached: 600 (继续纯确定性运行)
[12:51:23] jev budget exhausted: max calls reached: 600 (继续纯确定性运行)
[12:51:23] t=2956 MOVE forward-post@(122, 85)(38)
[12:51:23] {"kind": "action", "what": "attack_move", "name": null, "qty": null, "ts": "12:51:23"}
[12:51:25] jev budget exhausted: max calls reached: 600 (继续纯确定性运行)
[12:51:26] jev budget exhausted: max calls reached: 600 (继续纯确定性运行)
[12:51:28] jev budget exhausted: max calls reached: 600 (继续纯确定性运行)
[12:51:29] t=2962 RETREAT E2(4%)
[12:51:29] {"kind": "action", "what": "move", "name": null, "qty": null, "ts": "12:51:29"}
[12:51:29] jev budget exhausted: max calls reached: 600 (继续纯确定性运行)
[12:51:31] jev budget exhausted: max calls reached: 600 (继续纯确定性运行)
[12:51:32] jev budget exhausted: max calls reached: 600 (继续纯确定性运行)
[12:51:32] t=2965 tick#1975 credits=300 stance=defend | jev 600 decisions p50=915ms
[12:51:34] jev budget exhausted: max calls reached: 600 (继续纯确定性运行)
[12:51:35] jev budget exhausted: max calls reached: 600 (继续纯确定性运行)
[12:51:35] t=2968 MOVE forward-post@(122, 85)(39)
[12:51:35] {"kind": "action", "what": "attack_move", "name": null, "qty": null, "ts": "12:51:35"}
[12:51:37] jev budget exhausted: max calls reached: 600 (继续纯确定性运行)
[12:51:38] jev budget exhausted: max calls reached: 600 (继续纯确定性运行)
[12:51:40] jev budget exhausted: max calls reached: 600 (继续纯确定性运行)
[12:51:41] jev budget exhausted: max calls reached: 600 (继续纯确定性运行)
[12:51:43] jev budget exhausted: max calls reached: 600 (继续纯确定性运行)
[12:51:44] jev budget exhausted: max calls reached: 600 (继续纯确定性运行)
[12:51:46] jev budget exhausted: max calls reached: 600 (继续纯确定性运行)
[12:51:47] jev budget exhausted: max calls reached: 600 (继续纯确定性运行)
[12:51:49] jev budget exhausted: max calls reached: 600 (继续纯确定性运行)
[12:51:49] t=2981 MOVE forward-post@(122, 85)(39)
[12:51:49] {"kind": "action", "what": "attack_move", "name": null, "qty": null, "ts": "12:51:49"}
[12:51:50] jev budget exhausted: max calls reached: 600 (继续纯确定性运行)
[12:51:52] jev budget exhausted: max calls reached: 600 (继续纯确定性运行)
[12:51:53] jev budget exhausted: max calls reached: 600 (继续纯确定性运行)
[12:51:55] jev budget exhausted: max calls reached: 600 (继续纯确定性运行)
[12:51:56] jev budget exhausted: max calls reached: 600 (继续纯确定性运行)
[12:51:58] jev budget exhausted: max calls reached: 600 (继续纯确定性运行)
[12:51:59] jev budget exhausted: max calls reached: 600 (继续纯确定性运行)
[12:52:01] jev budget exhausted: max calls reached: 600 (继续纯确定性运行)
[12:52:01] t=2993 MOVE forward-post@(122, 85)(39)
[12:52:01] {"kind": "action", "what": "attack_move", "name": null, "qty": null, "ts": "12:52:01"}
[12:52:02] jev budget exhausted: max calls reached: 600 (继续纯确定性运行)
[12:52:04] jev budget exhausted: max calls reached: 600 (继续纯确定性运行)
[12:52:05] jev budget exhausted: max calls reached: 600 (继续纯确定性运行)
[12:52:07] jev budget exhausted: max calls reached: 600 (继续纯确定性运行)
[12:52:08] jev budget exhausted: max calls reached: 600 (继续纯确定性运行)
[12:52:10] jev budget exhausted: max calls reached: 600 (继续纯确定性运行)
[12:52:10] t=3002 tick#2000 credits=300 stance=defend | jev 600 decisions p50=915ms
[12:52:11] jev budget exhausted: max calls reached: 600 (继续纯确定性运行)
[12:52:13] jev budget exhausted: max calls reached: 600 (继续纯确定性运行)
[12:52:13] t=3005 MOVE forward-post@(122, 85)(39)
[12:52:13] {"kind": "action", "what": "attack_move", "name": null, "qty": null, "ts": "12:52:13"}
[12:52:14] jev budget exhausted: max calls reached: 600 (继续纯确定性运行)
[12:52:16] jev budget exhausted: max calls reached: 600 (继续纯确定性运行)
[12:52:17] jev budget exhausted: max calls reached: 600 (继续纯确定性运行)
[12:52:19] jev budget exhausted: max calls reached: 600 (继续纯确定性运行)
[12:52:20] jev budget exhausted: max calls reached: 600 (继续纯确定性运行)
[12:52:22] jev budget exhausted: max calls reached: 600 (继续纯确定性运行)
[12:52:23] jev budget exhausted: max calls reached: 600 (继续纯确定性运行)
[12:52:25] jev budget exhausted: max calls reached: 600 (继续纯确定性运行)
[12:52:25] t=3017 MOVE forward-post@(122, 85)(39)
[12:52:25] {"kind": "action", "what": "attack_move", "name": null, "qty": null, "ts": "12:52:25"}
[12:52:26] jev budget exhausted: max calls reached: 600 (继续纯确定性运行)
[12:52:28] jev budget exhausted: max calls reached: 600 (继续纯确定性运行)
[12:52:29] jev budget exhausted: max calls reached: 600 (继续纯确定性运行)
[12:52:31] jev budget exhausted: max calls reached: 600 (继续纯确定性运行)
[12:52:32] jev budget exhausted: max calls reached: 600 (继续纯确定性运行)
[12:52:34] jev budget exhausted: max calls reached: 600 (继续纯确定性运行)
[12:52:35] jev budget exhausted: max calls reached: 600 (继续纯确定性运行)
[12:52:37] jev budget exhausted: max calls reached: 600 (继续纯确定性运行)
[12:52:37] t=3029 MOVE forward-post@(122, 85)(39)
[12:52:37] {"kind": "action", "what": "attack_move", "name": null, "qty": null, "ts": "12:52:37"}
[12:52:38] jev budget exhausted: max calls reached: 600 (继续纯确定性运行)
[12:52:40] jev budget exhausted: max calls reached: 600 (继续纯确定性运行)
[12:52:41] jev budget exhausted: max calls reached: 600 (继续纯确定性运行)
[12:52:43] jev budget exhausted: max calls reached: 600 (继续纯确定性运行)
[12:52:44] jev budget exhausted: max calls reached: 600 (继续纯确定性运行)
[12:52:46] jev budget exhausted: max calls reached: 600 (继续纯确定性运行)
[12:52:47] t=3040 TANK HTNK x1
[12:52:47] {"kind": "action", "what": "produce", "name": "HTNK", "qty": 1, "ts": "12:52:47"}
[12:52:47] jev budget exhausted: max calls reached: 600 (继续纯确定性运行)
[12:52:47] t=3040 tick#2025 credits=1550 stance=defend | jev 600 decisions p50=915ms
[12:52:49] jev budget exhausted: max calls reached: 600 (继续纯确定性运行)
[12:52:50] jev budget exhausted: max calls reached: 600 (继续纯确定性运行)
[12:52:50] t=3043 MOVE forward-post@(122, 85)(39)
[12:52:50] {"kind": "action", "what": "attack_move", "name": null, "qty": null, "ts": "12:52:50"}
[12:52:52] jev budget exhausted: max calls reached: 600 (继续纯确定性运行)
[12:52:53] jev budget exhausted: max calls reached: 600 (继续纯确定性运行)
[12:52:55] jev budget exhausted: max calls reached: 600 (继续纯确定性运行)
[12:52:56] jev budget exhausted: max calls reached: 600 (继续纯确定性运行)
[12:52:58] jev budget exhausted: max calls reached: 600 (继续纯确定性运行)
[12:52:59] jev budget exhausted: max calls reached: 600 (继续纯确定性运行)
[12:53:01] jev budget exhausted: max calls reached: 600 (继续纯确定性运行)
[12:53:02] jev budget exhausted: max calls reached: 600 (继续纯确定性运行)
[12:53:04] jev budget exhausted: max calls reached: 600 (继续纯确定性运行)
[12:53:04] t=3056 MOVE forward-post@(122, 85)(39)
[12:53:04] {"kind": "action", "what": "attack_move", "name": null, "qty": null, "ts": "12:53:04"}
[12:53:05] jev budget exhausted: max calls reached: 600 (继续纯确定性运行)
[12:53:07] jev budget exhausted: max calls reached: 600 (继续纯确定性运行)
[12:53:08] jev budget exhausted: max calls reached: 600 (继续纯确定性运行)
[12:53:10] jev budget exhausted: max calls reached: 600 (继续纯确定性运行)
[12:53:11] jev budget exhausted: max calls reached: 600 (继续纯确定性运行)
[12:53:13] jev budget exhausted: max calls reached: 600 (继续纯确定性运行)
[12:53:14] jev budget exhausted: max calls reached: 600 (继续纯确定性运行)
[12:53:16] jev budget exhausted: max calls reached: 600 (继续纯确定性运行)
[12:53:16] t=3068 MOVE forward-post@(122, 85)(39)
[12:53:16] {"kind": "action", "what": "attack_move", "name": null, "qty": null, "ts": "12:53:16"}
[12:53:17] jev budget exhausted: max calls reached: 600 (继续纯确定性运行)
[12:53:19] jev budget exhausted: max calls reached: 600 (继续纯确定性运行)
[12:53:20] jev budget exhausted: max calls reached: 600 (继续纯确定性运行)
[12:53:22] jev budget exhausted: max calls reached: 600 (继续纯确定性运行)
[12:53:23] jev budget exhausted: max calls reached: 600 (继续纯确定性运行)
[12:53:25] t=3077 TANK HTNK x2
[12:53:25] {"kind": "action", "what": "produce", "name": "HTNK", "qty": 2, "ts": "12:53:25"}
[12:53:25] jev budget exhausted: max calls reached: 600 (继续纯确定性运行)
[12:53:25] t=3077 tick#2050 credits=1775 stance=defend | jev 600 decisions p50=915ms
[12:53:26] jev budget exhausted: max calls reached: 600 (继续纯确定性运行)
[12:53:28] jev budget exhausted: max calls reached: 600 (继续纯确定性运行)
[12:53:28] t=3080 MOVE forward-post@(122, 85)(40)
[12:53:28] {"kind": "action", "what": "attack_move", "name": null, "qty": null, "ts": "12:53:28"}
[12:53:29] jev budget exhausted: max calls reached: 600 (继续纯确定性运行)
[12:53:31] jev budget exhausted: max calls reached: 600 (继续纯确定性运行)
[12:53:32] jev budget exhausted: max calls reached: 600 (继续纯确定性运行)
[12:53:34] jev budget exhausted: max calls reached: 600 (继续纯确定性运行)
[12:53:35] jev budget exhausted: max calls reached: 600 (继续纯确定性运行)
[12:53:37] jev budget exhausted: max calls reached: 600 (继续纯确定性运行)
[12:53:38] jev budget exhausted: max calls reached: 600 (继续纯确定性运行)
[12:53:40] jev budget exhausted: max calls reached: 600 (继续纯确定性运行)
[12:53:40] t=3092 MOVE forward-post@(122, 85)(40)
[12:53:40] {"kind": "action", "what": "attack_move", "name": null, "qty": null, "ts": "12:53:40"}
[12:53:41] jev budget exhausted: max calls reached: 600 (继续纯确定性运行)
[12:53:43] jev budget exhausted: max calls reached: 600 (继续纯确定性运行)
[12:53:44] jev budget exhausted: max calls reached: 600 (继续纯确定性运行)
[12:53:46] jev budget exhausted: max calls reached: 600 (继续纯确定性运行)
[12:53:47] jev budget exhausted: max calls reached: 600 (继续纯确定性运行)
[12:53:49] jev budget exhausted: max calls reached: 600 (继续纯确定性运行)
[12:53:50] jev budget exhausted: max calls reached: 600 (继续纯确定性运行)
[12:53:52] jev budget exhausted: max calls reached: 600 (继续纯确定性运行)
[12:53:52] t=3104 MOVE forward-post@(122, 85)(40)
[12:53:52] {"kind": "action", "what": "attack_move", "name": null, "qty": null, "ts": "12:53:52"}
[12:53:53] jev budget exhausted: max calls reached: 600 (继续纯确定性运行)
[12:53:55] jev budget exhausted: max calls reached: 600 (继续纯确定性运行)
[12:53:56] jev budget exhausted: max calls reached: 600 (继续纯确定性运行)
[12:53:58] jev budget exhausted: max calls reached: 600 (继续纯确定性运行)
[12:53:59] jev budget exhausted: max calls reached: 600 (继续纯确定性运行)
[12:54:01] jev budget exhausted: max calls reached: 600 (继续纯确定性运行)
[12:54:02] jev budget exhausted: max calls reached: 600 (继续纯确定性运行)
[12:54:02] t=3115 tick#2075 credits=1514 stance=defend | jev 600 decisions p50=915ms
[12:54:04] jev budget exhausted: max calls reached: 600 (继续纯确定性运行)
[12:54:04] t=3116 MOVE forward-post@(122, 85)(41)
[12:54:04] {"kind": "action", "what": "attack_move", "name": null, "qty": null, "ts": "12:54:04"}
[12:54:05] jev budget exhausted: max calls reached: 600 (继续纯确定性运行)
