[20:32:10] 进局中(全自动)...
[20:32:34] {"kind": "start", "policy": "ra2web-jev-player/1.0", "maxDecisions": 1200, "micro": {"events": [{"kind": "micro", "t": 1, "what": "start"}], "loopN": 1, "on": true, "outcome": null, "stall": false}, "ts": "20:32:34"}
[20:32:34] === ra2web-jev-player start (tick=1.5s, max_decisions=1200) ===
[20:32:34] t=1 DEPLOY mcv
[20:32:34] {"kind": "action", "what": "deploy", "ids": [1042], "ts": "20:32:34"}
[20:32:34] {"kind": "action", "what": "deploy", "name": null, "qty": null, "ts": "20:32:34"}
[20:32:36] t=3 DEPLOY mcv
[20:32:36] {"kind": "action", "what": "deploy", "ids": [1042], "ts": "20:32:36"}
[20:32:36] {"kind": "action", "what": "deploy", "name": null, "qty": null, "ts": "20:32:36"}
[20:32:37] t=4 POWER plant (reserve 0)
[20:32:37] {"kind": "action", "what": "produce", "name": "NAPOWR", "qty": 1, "ts": "20:32:37"}
[20:32:38] t=4 jev STANCE defend->develop (conf 0.93)
[20:33:06] {"kind": "action", "what": "produce", "name": "NAREFN", "qty": 1, "ts": "20:33:06"}
[20:33:06] t=33 OPENING BUILD NAREFN
[20:33:11] t=38 tick#25 credits=9286 stance=develop | jev 25 decisions p50=791ms
[20:33:49] t=75 tick#50 credits=8381 stance=develop | jev 50 decisions p50=819ms
[20:34:26] t=113 tick#75 credits=7475 stance=develop | jev 75 decisions p50=811ms
[20:34:31] {"kind": "action", "what": "produce", "name": "NAHAND", "qty": 1, "ts": "20:34:31"}
[20:34:31] t=119 OPENING BUILD NAHAND
[20:34:51] t=138 DEFLINE NALASR (have 0)
[20:34:51] {"kind": "action", "what": "produce", "name": "NALASR", "qty": 1, "ts": "20:34:51"}
[20:34:51] {"kind": "action", "what": "produce", "name": "NAWEAP", "qty": 1, "ts": "20:34:51"}
[20:34:51] t=138 OPENING BUILD NAWEAP
[20:34:52] t=138 jev INF DOG (conf 0.32)
[20:34:52] {"kind": "action", "what": "produce", "name": "DOG", "qty": 1, "ts": "20:34:52"}
[20:35:00] t=147 SCOUT dog->mirror [130, 83]
[20:35:00] {"kind": "action", "what": "attack_move", "name": null, "qty": null, "ts": "20:35:00"}
[20:35:04] t=150 tick#100 credits=6079 stance=develop | jev 100 decisions p50=818ms
[20:35:41] t=188 tick#125 credits=5006 stance=develop | jev 125 decisions p50=811ms
[20:36:18] t=225 ECON harv#2
[20:36:18] t=225 TANK HTNK x3
[20:36:18] {"kind": "action", "what": "produce", "name": "HARV", "qty": 1, "ts": "20:36:18"}
[20:36:19] t=225 jev BUILD NAPOWR (conf 0.41)
[20:36:19] {"kind": "action", "what": "produce", "name": "NAPOWR", "qty": 1, "ts": "20:36:19"}
[20:36:19] t=225 tick#150 credits=4200 stance=develop | jev 150 decisions p50=815ms
[20:36:19] t=227 INSURE AA building
[20:36:19] {"kind": "action", "what": "produce", "name": "NAFLAK", "qty": 1, "ts": "20:36:19"}
[20:36:43] t=249 jev BUILD NAREFN (conf 0.27)
[20:36:43] {"kind": "action", "what": "produce", "name": "NAREFN", "qty": 1, "ts": "20:36:43"}
[20:36:56] t=263 tick#175 credits=2602 stance=develop | jev 175 decisions p50=815ms
[20:37:16] t=284 TANK HTNK x2
[20:37:16] {"kind": "action", "what": "produce", "name": "HTNK", "qty": 2, "ts": "20:37:16"}
[20:37:22] t=288 jev INF DOG (conf 0.17)
[20:37:22] t=288 jev STANCE defend->develop (conf 0.65)
[20:37:22] {"kind": "action", "what": "produce", "name": "DOG", "qty": 1, "ts": "20:37:22"}
[20:37:34] t=300 jev INF E2 HOLD (预算保护 gate=False e2=0)
[20:37:34] t=300 tick#200 credits=504 stance=develop | jev 200 decisions p50=821ms
[20:37:35] t=302 jev INF E2 HOLD (预算保护 gate=False e2=0)
[20:37:37] t=303 jev INF E2 HOLD (预算保护 gate=False e2=0)
[20:37:38] t=305 jev INF E2 HOLD (预算保护 gate=False e2=0)
[20:37:40] t=306 jev INF E2 HOLD (预算保护 gate=False e2=0)
[20:37:41] t=308 jev INF E2 HOLD (预算保护 gate=False e2=0)
[20:38:12] t=339 tick#225 credits=0 stance=develop | jev 225 decisions p50=826ms
[20:38:22] t=349 SCOUT #1097->[185, 43] (敌影)
[20:38:22] {"kind": "action", "what": "attack_move", "name": null, "qty": null, "ts": "20:38:22"}
[20:38:26] t=352 jev INF E2 HOLD (预算保护 gate=False e2=0)
[20:38:27] t=354 jev INF E2 HOLD (预算保护 gate=False e2=0)
[20:38:29] t=355 jev INF E2 HOLD (预算保护 gate=False e2=0)
[20:38:30] t=357 jev INF E2 HOLD (预算保护 gate=False e2=0)
[20:38:32] t=358 jev INF E2 HOLD (预算保护 gate=False e2=0)
[20:38:33] t=360 jev INF E2 HOLD (预算保护 gate=False e2=0)
[20:38:50] t=376 tick#250 credits=0 stance=develop | jev 250 decisions p50=833ms
[20:38:56] t=384 ALARM 敌军逼近 -> TURTLE (1 v 6, 守塔阵不打野战)
[20:38:56] {"kind": "action", "what": "attack_move", "name": null, "qty": null, "ts": "20:38:56"}
[20:38:57] t=384 jev INF DOG (conf 0.25)
[20:38:57] {"kind": "action", "what": "produce", "name": "DOG", "qty": 1, "ts": "20:38:57"}
[20:39:05] t=393 ALARM 敌军逼近 -> TURTLE (1 v 3, 守塔阵不打野战)
[20:39:05] {"kind": "action", "what": "attack_move", "name": null, "qty": null, "ts": "20:39:05"}
[20:39:19] t=405 jev INF DOG (conf 0.23)
[20:39:19] {"kind": "action", "what": "produce", "name": "DOG", "qty": 1, "ts": "20:39:19"}
[20:39:28] t=414 jev INF E2 HOLD (预算保护 gate=False e2=0)
[20:39:28] t=414 tick#275 credits=290 stance=defend | jev 275 decisions p50=840ms
[20:39:29] t=416 jev INF DOG (conf 0.21)
[20:39:29] {"kind": "action", "what": "produce", "name": "DOG", "qty": 1, "ts": "20:39:29"}
[20:39:34] t=420 jev VEH HTNK (conf 0.38)
[20:39:34] {"kind": "action", "what": "produce", "name": "HTNK", "qty": 1, "ts": "20:39:34"}
[20:39:34] t=420 MOVE assault x1 -> (73,120)
[20:39:34] {"kind": "action", "what": "attack_move", "name": null, "qty": null, "ts": "20:39:34"}
[20:40:09] t=423 MOVE assault x1 -> (73,120)
[20:40:09] {"kind": "action", "what": "attack_move", "name": null, "qty": null, "ts": "20:40:09"}
[20:40:22] t=468 MOVE assault x1 -> (73,120)
[20:40:22] {"kind": "action", "what": "attack_move", "name": null, "qty": null, "ts": "20:40:22"}
[20:40:26] t=473 jev INF E2 HOLD (预算保护 gate=False e2=0)
[20:40:28] t=474 jev INF E2 HOLD (预算保护 gate=False e2=0)
[20:40:29] t=476 jev INF E2 HOLD (预算保护 gate=False e2=0)
[20:40:31] t=477 jev INF E2 HOLD (预算保护 gate=False e2=0)
[20:40:32] t=479 jev INF E2 HOLD (预算保护 gate=False e2=0)
[20:40:34] t=480 jev INF E2 HOLD (预算保护 gate=False e2=0)
[20:40:34] t=480 MOVE assault x1 -> (73,120)
[20:40:34] {"kind": "action", "what": "attack_move", "name": null, "qty": null, "ts": "20:40:34"}
[20:40:36] t=482 jev INF E2 HOLD (预算保护 gate=False e2=0)
[20:40:36] t=482 jev VEH HTNK (conf 0.37)
[20:40:36] {"kind": "action", "what": "produce", "name": "HTNK", "qty": 1, "ts": "20:40:36"}
[20:40:37] t=483 jev INF E2 HOLD (预算保护 gate=False e2=0)
[20:40:37] t=483 tick#300 credits=192 stance=defend | jev 300 decisions p50=841ms
[20:40:38] t=485 jev INF E2 HOLD (预算保护 gate=False e2=0)
[20:40:40] t=486 jev INF E2 HOLD (预算保护 gate=False e2=0)
[20:40:42] t=489 ALARM 单位损失 -> counter 5 vs 2 -> [70, 117]
[20:40:42] {"kind": "action", "what": "attack_move", "name": null, "qty": null, "ts": "20:40:42"}
[20:40:43] t=489 jev INF DOG (conf 0.23)
[20:40:43] {"kind": "action", "what": "produce", "name": "DOG", "qty": 1, "ts": "20:40:43"}
[20:40:50] t=497 MOVE assault x2 -> (73,120)
[20:40:50] {"kind": "action", "what": "attack_move", "name": null, "qty": null, "ts": "20:40:50"}
[20:40:52] t=498 jev INF E2 HOLD (预算保护 gate=False e2=0)
[20:40:52] t=500 SCOUT #1097->[185, 43] (敌影)
[20:40:52] {"kind": "action", "what": "attack_move", "name": null, "qty": null, "ts": "20:40:52"}
[20:40:55] t=501 jev INF E2 HOLD (预算保护 gate=False e2=0)
[20:40:56] t=503 jev INF E2 HOLD (预算保护 gate=False e2=0)
[20:40:58] t=504 jev INF E2 HOLD (预算保护 gate=False e2=0)
[20:40:59] t=506 jev INF E2 HOLD (预算保护 gate=False e2=0)
[20:41:01] t=507 jev BUILD NAHAND HOLD (资金闸门: 坦克优先, cash=517)
[20:41:01] t=507 jev INF E2 HOLD (预算保护 gate=False e2=0)
[20:41:02] t=509 jev INF E2 HOLD (预算保护 gate=False e2=0)
[20:41:04] t=510 jev INF E2 HOLD (预算保护 gate=False e2=0)
[20:41:04] t=510 MOVE assault x2 -> (73,120)
[20:41:04] {"kind": "action", "what": "attack_move", "name": null, "qty": null, "ts": "20:41:04"}
[20:41:05] t=512 jev INF E2 HOLD (预算保护 gate=False e2=0)
[20:41:07] t=513 jev INF E2 HOLD (预算保护 gate=False e2=0)
[20:41:08] t=515 jev INF E2 HOLD (预算保护 gate=False e2=0)
[20:41:10] t=516 jev INF E2 (conf 0.26)
[20:41:10] {"kind": "action", "what": "produce", "name": "E2", "qty": 1, "ts": "20:41:10"}
[20:41:12] t=519 TANK HTNK x1
[20:41:12] {"kind": "action", "what": "produce", "name": "HTNK", "qty": 1, "ts": "20:41:12"}
[20:41:12] t=519 SCOUT2 #1130->[130, 83]
[20:41:12] {"kind": "action", "what": "attack_move", "name": null, "qty": null, "ts": "20:41:12"}
[20:41:13] t=519 MOVE guard x2 -> (73,120)
[20:41:13] {"kind": "action", "what": "attack_move", "name": null, "qty": null, "ts": "20:41:13"}
[20:41:13] t=521 ALARM 敌军逼近 -> counter 7 vs 2 -> [87, 112]
[20:41:13] {"kind": "action", "what": "attack_move", "name": null, "qty": null, "ts": "20:41:13"}
[20:41:14] t=521 tick#325 credits=1224 stance=defend | jev 325 decisions p50=843ms
[20:41:16] t=522 jev INF E2 (conf 0.30)
[20:41:19] t=525 jev INF E2 (conf 0.26)
[20:41:19] {"kind": "action", "what": "produce", "name": "E2", "qty": 1, "ts": "20:41:19"}
[20:41:22] t=528 MOVE assault x2 -> (73,120)
[20:41:22] {"kind": "action", "what": "attack_move", "name": null, "qty": null, "ts": "20:41:22"}
[20:41:23] t=530 jev INF E2 HOLD (预算保护 gate=False e2=2)
[20:41:25] t=531 jev INF E2 HOLD (预算保护 gate=False e2=2)
[20:41:26] t=533 jev INF E2 HOLD (预算保护 gate=False e2=2)
[20:41:28] t=534 jev INF E2 HOLD (预算保护 gate=False e2=2)
[20:41:29] t=536 jev INF E2 HOLD (预算保护 gate=False e2=2)
[20:41:31] t=537 jev INF E2 HOLD (预算保护 gate=False e2=2)
[20:41:32] t=539 jev INF E2 HOLD (预算保护 gate=False e2=2)
[20:41:34] t=540 jev INF E2 HOLD (预算保护 gate=False e2=2)
[20:41:34] t=540 MOVE assault x3 -> (73,120)
[20:41:34] {"kind": "action", "what": "attack_move", "name": null, "qty": null, "ts": "20:41:34"}
[20:41:35] t=542 jev INF E2 HOLD (预算保护 gate=False e2=2)
[20:41:37] t=543 jev INF E2 HOLD (预算保护 gate=False e2=2)
[20:41:38] t=545 jev INF E2 HOLD (预算保护 gate=False e2=2)
[20:41:40] t=546 jev INF E2 HOLD (预算保护 gate=False e2=2)
[20:41:41] t=548 jev INF E2 HOLD (预算保护 gate=False e2=2)
[20:41:43] t=549 jev INF E2 HOLD (预算保护 gate=False e2=2)
[20:41:43] t=549 MOVE guard x2 -> (73,120)
[20:41:43] {"kind": "action", "what": "attack_move", "name": null, "qty": null, "ts": "20:41:43"}
[20:41:44] t=551 jev INF E2 HOLD (预算保护 gate=False e2=2)
[20:41:46] t=552 jev INF E2 HOLD (预算保护 gate=False e2=2)
[20:41:47] t=554 jev INF E2 HOLD (预算保护 gate=False e2=2)
[20:41:47] t=554 MOVE assault x3 -> (73,120)
[20:41:47] {"kind": "action", "what": "attack_move", "name": null, "qty": null, "ts": "20:41:47"}
[20:41:49] t=555 jev INF E2 HOLD (预算保护 gate=False e2=2)
[20:41:50] t=557 jev INF E2 HOLD (预算保护 gate=False e2=2)
[20:41:50] t=557 jev VEH HTNK (conf 0.47)
[20:41:50] {"kind": "action", "what": "produce", "name": "HTNK", "qty": 1, "ts": "20:41:50"}
[20:41:50] t=557 MOVE assault x4 -> (82,116)
[20:41:50] {"kind": "action", "what": "attack_move", "name": null, "qty": null, "ts": "20:41:50"}
[20:41:51] t=558 ALARM 单位损失 -> counter 8 vs 4 -> [70, 117]
[20:41:51] {"kind": "action", "what": "attack_move", "name": null, "qty": null, "ts": "20:41:51"}
[20:41:51] t=558 ESCORT 坦克#1130 -> 护航矿车@[92, 129]
[20:41:51] {"kind": "action", "what": "attack_move", "name": null, "qty": null, "ts": "20:41:51"}
[20:41:52] t=558 jev INF DOG (conf 0.15)
[20:41:52] {"kind": "action", "what": "produce", "name": "DOG", "qty": 1, "ts": "20:41:52"}
[20:41:52] t=558 tick#350 credits=1380 stance=defend | jev 350 decisions p50=851ms
[20:41:59] t=566 MOVE assault x4 -> (70,117)
[20:42:00] {"kind": "action", "what": "attack_move", "name": null, "qty": null, "ts": "20:42:00"}
[20:42:01] t=567 jev INF SHK HOLD (预算保护 gate=False e2=2)
[20:42:01] t=569 RETREAT DOG(17%)
[20:42:01] {"kind": "action", "what": "move", "name": null, "qty": null, "ts": "20:42:01"}
[20:42:02] t=569 jev INF SHK HOLD (预算保护 gate=False e2=2)
[20:42:04] t=570 jev INF SHK HOLD (预算保护 gate=False e2=2)
[20:42:04] t=572 ALARM 单位损失 -> counter 10 vs 4 -> [70, 117]
[20:42:04] {"kind": "action", "what": "attack_move", "name": null, "qty": null, "ts": "20:42:04"}
[20:42:05] t=572 jev INF SHK HOLD (预算保护 gate=False e2=2)
[20:42:07] t=573 jev INF SHK HOLD (预算保护 gate=False e2=2)
[20:42:09] t=575 jev INF SHK HOLD (预算保护 gate=False e2=2)
[20:42:10] t=576 jev INF SHK HOLD (预算保护 gate=False e2=2)
[20:42:11] t=578 jev INF DOG (conf 0.14)
[20:42:11] {"kind": "action", "what": "produce", "name": "DOG", "qty": 1, "ts": "20:42:11"}
[20:42:12] t=579 RETREAT HTNK(29%)
[20:42:12] {"kind": "action", "what": "move", "name": null, "qty": null, "ts": "20:42:12"}
[20:42:13] t=579 MOVE assault x4 -> (70,117); guard x2 -> (73,120)
[20:42:13] {"kind": "action", "what": "attack_move", "name": null, "qty": null, "ts": "20:42:13"}
[20:42:13] {"kind": "action", "what": "attack_move", "name": null, "qty": null, "ts": "20:42:13"}
[20:42:16] t=584 ALARM 单位损失 -> TURTLE (9 v 11, 守塔阵不打野战)
[20:42:16] {"kind": "action", "what": "attack_move", "name": null, "qty": null, "ts": "20:42:16"}
[20:42:16] t=584 SCOUT #1130->[185, 43] (敌影)
[20:42:17] {"kind": "action", "what": "attack_move", "name": null, "qty": null, "ts": "20:42:17"}
[20:42:20] t=587 jev INF E2 HOLD (预算保护 gate=False e2=2)
[20:42:22] t=588 jev INF E2 HOLD (预算保护 gate=False e2=2)
[20:42:22] t=590 ESCORT 坦克#1154 -> 护航矿车@[93, 128]
[20:42:23] {"kind": "action", "what": "attack_move", "name": null, "qty": null, "ts": "20:42:23"}
[20:42:23] t=590 jev INF E2 HOLD (预算保护 gate=False e2=2)
[20:42:25] t=591 jev INF E2 HOLD (预算保护 gate=False e2=2)
[20:42:25] t=591 MOVE assault x3 -> (73,120)
[20:42:25] {"kind": "action", "what": "attack_move", "name": null, "qty": null, "ts": "20:42:25"}
[20:42:26] t=593 jev INF E2 HOLD (预算保护 gate=False e2=2)
[20:42:28] t=594 jev VEH HTNK (conf 0.49)
[20:42:28] {"kind": "action", "what": "produce", "name": "HTNK", "qty": 1, "ts": "20:42:28"}
[20:42:28] t=594 MOVE assault x4 -> (70,117)
[20:42:28] {"kind": "action", "what": "attack_move", "name": null, "qty": null, "ts": "20:42:28"}
[20:42:29] t=596 tick#375 credits=84 stance=defend | jev 375 decisions p50=881ms
[20:42:32] t=599 jev INF E2 HOLD (预算保护 gate=False e2=2)
[20:42:42] t=608 MOVE assault x4 -> (70,117)
[20:42:42] {"kind": "action", "what": "attack_move", "name": null, "qty": null, "ts": "20:42:42"}
[20:42:44] t=611 MOVE guard x2 -> (73,120)
[20:42:44] {"kind": "action", "what": "attack_move", "name": null, "qty": null, "ts": "20:42:44"}
[20:42:51] t=617 jev INF SHK (conf 0.20)
[20:42:51] {"kind": "action", "what": "produce", "name": "SHK", "qty": 1, "ts": "20:42:51"}
[20:42:55] t=621 MOVE assault x4 -> (70,117)
[20:42:55] {"kind": "action", "what": "attack_move", "name": null, "qty": null, "ts": "20:42:55"}
[20:42:55] t=623 ALARM 敌军逼近 -> TURTLE (10 v 11, 守塔阵不打野战)
[20:42:56] {"kind": "action", "what": "attack_move", "name": null, "qty": null, "ts": "20:42:56"}
[20:43:04] t=630 MOVE assault x4 -> (73,120)
[20:43:04] {"kind": "action", "what": "attack_move", "name": null, "qty": null, "ts": "20:43:04"}
[20:43:04] t=632 ALARM 敌军逼近 -> TURTLE (10 v 11, 守塔阵不打野战)
[20:43:05] {"kind": "action", "what": "attack_move", "name": null, "qty": null, "ts": "20:43:05"}
[20:43:07] t=633 tick#400 credits=253 stance=defend | jev 400 decisions p50=912ms
[20:43:07] t=635 RETREAT E2(37%)
[20:43:08] {"kind": "action", "what": "move", "name": null, "qty": null, "ts": "20:43:08"}
[20:43:13] t=641 ALARM 苏联矿石精炼场被攻击 -> TURTLE (9 v 10, 守塔阵不打野战)
[20:43:14] {"kind": "action", "what": "attack_move", "name": null, "qty": null, "ts": "20:43:14"}
[20:43:14] t=641 jev INF DOG (conf 0.26)
[20:43:15] {"kind": "action", "what": "produce", "name": "DOG", "qty": 1, "ts": "20:43:15"}
[20:43:22] t=648 MOVE assault x5 -> (73,120); guard x2 -> (73,120)
[20:43:22] {"kind": "action", "what": "attack_move", "name": null, "qty": null, "ts": "20:43:22"}
[20:43:22] {"kind": "action", "what": "attack_move", "name": null, "qty": null, "ts": "20:43:22"}
[20:43:22] t=650 ALARM 敌军逼近 -> counter 10 vs 8 -> [75, 116]
[20:43:23] {"kind": "action", "what": "attack_move", "name": null, "qty": null, "ts": "20:43:23"}
[20:43:24] t=650 jev INF SHK HOLD (预算保护 gate=False e2=2)
[20:43:24] t=650 jev VEH HTNK (conf 0.60)
[20:43:24] {"kind": "action", "what": "produce", "name": "HTNK", "qty": 1, "ts": "20:43:24"}
[20:43:24] t=650 ATTACK (tanks=6)
[20:43:25] t=651 jev INF SHK HOLD (预算保护 gate=False e2=2)
[20:43:25] t=651 THREAT 0.64 -> force defend
[20:43:25] t=651 ATTACK (tanks=6)
[20:43:26] t=653 jev INF SHK HOLD (预算保护 gate=False e2=2)
[20:43:26] t=653 jev STANCE attack->defend (conf 0.45)
[20:43:26] t=653 ATTACK (tanks=6)
[20:43:28] t=654 jev INF SHK HOLD (预算保护 gate=False e2=2)
[20:43:28] t=654 jev STANCE attack->defend (conf 0.47)
[20:43:28] t=654 ATTACK (tanks=6)
[20:43:30] t=656 jev INF SHK HOLD (预算保护 gate=False e2=2)
[20:43:30] t=656 jev STANCE attack->defend (conf 0.54)
[20:43:30] t=656 ATTACK (tanks=6)
[20:43:30] t=657 ESCORT 坦克#1279 -> 护航矿车@[92, 129]
[20:43:30] {"kind": "action", "what": "attack_move", "name": null, "qty": null, "ts": "20:43:30"}
[20:43:31] t=657 jev INF SHK HOLD (预算保护 gate=False e2=2)
[20:43:31] t=657 jev STANCE attack->defend (conf 0.56)
[20:43:31] t=657 ATTACK (tanks=6)
[20:43:31] t=657 MOVE assault x6 -> (86,113)
[20:43:31] {"kind": "action", "what": "attack_move", "name": null, "qty": null, "ts": "20:43:31"}
[20:43:31] t=659 ALARM 敌军逼近 -> 攻势保持（塔阵守家, 前线 10 个单位继续进攻）
[20:43:32] t=659 jev INF DOG (conf 0.08)
[20:43:32] t=659 THREAT 0.73 -> force defend
[20:43:32] {"kind": "action", "what": "produce", "name": "DOG", "qty": 1, "ts": "20:43:32"}
[20:43:32] t=659 ATTACK (tanks=6)
[20:43:33] t=660 ALARM 敌军逼近 -> 攻势保持（塔阵守家, 前线 10 个单位继续进攻）
[20:43:34] t=660 jev STANCE attack->defend (conf 0.52)
[20:43:34] t=660 ATTACK (tanks=6)
[20:43:34] t=660 MOVE assault x6 -> (85,114)
[20:43:34] {"kind": "action", "what": "attack_move", "name": null, "qty": null, "ts": "20:43:34"}
[20:43:34] t=662 ALARM 敌军逼近 -> 攻势保持（塔阵守家, 前线 10 个单位继续进攻）
[20:43:36] t=663 ALARM 敌军逼近 -> 攻势保持（塔阵守家, 前线 10 个单位继续进攻）
[20:43:37] t=663 jev STANCE attack->defend (conf 0.45)
[20:43:37] t=663 ATTACK (tanks=6)
[20:43:37] t=663 MOVE assault x6 -> (84,115)
[20:43:37] {"kind": "action", "what": "attack_move", "name": null, "qty": null, "ts": "20:43:37"}
[20:43:37] t=665 ALARM 敌军逼近 -> 攻势保持（塔阵守家, 前线 10 个单位继续进攻）
[20:43:38] t=665 jev STANCE attack->defend (conf 0.50)
[20:43:38] t=665 ATTACK (tanks=6)
[20:43:38] t=665 MOVE assault x6 -> (83,116)
[20:43:39] {"kind": "action", "what": "attack_move", "name": null, "qty": null, "ts": "20:43:39"}
[20:43:39] t=666 ALARM 敌军逼近 -> 攻势保持（塔阵守家, 前线 10 个单位继续进攻）
[20:43:40] t=666 jev STANCE attack->defend (conf 0.51)
[20:43:40] t=666 ATTACK (tanks=6)
[20:43:40] t=668 RETREAT E2(39%)
[20:43:41] {"kind": "action", "what": "move", "name": null, "qty": null, "ts": "20:43:41"}
[20:43:41] t=668 jev INF E2 HOLD (预算保护 gate=False e2=2)
[20:43:41] t=668 jev STANCE attack->defend (conf 0.48)
[20:43:41] t=668 ATTACK (tanks=6)
[20:43:41] t=668 MOVE assault x6 -> (98,102)
[20:43:42] {"kind": "action", "what": "attack_move", "name": null, "qty": null, "ts": "20:43:42"}
[20:43:43] t=669 jev STANCE attack->defend (conf 0.48)
[20:43:43] t=669 ATTACK (tanks=6)
[20:43:43] t=669 MOVE assault x6 -> (97,99)
[20:43:43] {"kind": "action", "what": "attack_move", "name": null, "qty": null, "ts": "20:43:43"}
[20:43:44] t=671 jev STANCE attack->defend (conf 0.49)
[20:43:44] t=671 ATTACK (tanks=6)
[20:43:44] t=671 MOVE assault x6 -> (98,99)
[20:43:44] {"kind": "action", "what": "attack_move", "name": null, "qty": null, "ts": "20:43:44"}
[20:43:44] t=671 tick#425 credits=47 stance=attack | jev 425 decisions p50=932ms
[20:43:46] t=672 jev INF E2 HOLD (预算保护 gate=False e2=2)
[20:43:48] t=674 jev STANCE attack->defend (conf 0.46)
[20:43:48] t=674 ATTACK (tanks=6)
[20:43:48] t=674 MOVE assault x6 -> (99,99)
[20:43:48] {"kind": "action", "what": "attack_move", "name": null, "qty": null, "ts": "20:43:48"}
[20:43:49] t=675 jev STANCE attack->defend (conf 0.50)
[20:43:49] t=675 ATTACK (tanks=6)
[20:43:51] t=677 jev STANCE attack->defend (conf 0.52)
[20:43:51] t=677 ATTACK (tanks=6)
[20:43:51] t=677 MOVE assault x6 -> (100,98)
[20:43:51] {"kind": "action", "what": "attack_move", "name": null, "qty": null, "ts": "20:43:51"}
[20:43:52] t=678 jev STANCE attack->defend (conf 0.47)
[20:43:52] t=678 ATTACK (tanks=6)
[20:43:52] t=678 MOVE assault x6 -> (101,97); guard x2 -> (73,120)
[20:43:52] {"kind": "action", "what": "attack_move", "name": null, "qty": null, "ts": "20:43:52"}
[20:43:52] {"kind": "action", "what": "attack_move", "name": null, "qty": null, "ts": "20:43:52"}
[20:43:53] t=680 jev STANCE attack->defend (conf 0.52)
[20:43:53] t=680 ATTACK (tanks=6)
[20:43:55] t=681 jev STANCE attack->defend (conf 0.46)
[20:43:55] t=681 ATTACK (tanks=6)
[20:43:55] t=681 MOVE assault x6 -> (102,97)
[20:43:55] {"kind": "action", "what": "attack_move", "name": null, "qty": null, "ts": "20:43:55"}
[20:43:56] t=683 jev STANCE attack->defend (conf 0.45)
[20:43:56] t=683 ATTACK (tanks=6)
[20:43:56] t=683 MOVE assault x6 -> (103,97)
[20:43:57] {"kind": "action", "what": "attack_move", "name": null, "qty": null, "ts": "20:43:57"}
[20:43:58] t=684 jev STANCE attack->defend (conf 0.46)
[20:43:58] t=684 ATTACK (tanks=6)
[20:43:58] t=684 MOVE assault x6 -> (103,96)
[20:43:58] {"kind": "action", "what": "attack_move", "name": null, "qty": null, "ts": "20:43:58"}
[20:44:00] t=686 jev STANCE attack->defend (conf 0.50)
[20:44:00] t=686 ATTACK (tanks=6)
[20:44:00] t=686 MOVE assault x6 -> (104,95)
[20:44:00] {"kind": "action", "what": "attack_move", "name": null, "qty": null, "ts": "20:44:00"}
[20:44:00] t=687 ESCORT 坦克#1154 -> 护航矿车@[92, 131]
[20:44:00] {"kind": "action", "what": "attack_move", "name": null, "qty": null, "ts": "20:44:00"}
[20:44:01] t=687 jev STANCE attack->defend (conf 0.52)
[20:44:01] t=687 ATTACK (tanks=6)
[20:44:01] t=687 MOVE assault x6 -> (105,95)
[20:44:01] {"kind": "action", "what": "attack_move", "name": null, "qty": null, "ts": "20:44:01"}
[20:44:03] t=689 jev STANCE attack->defend (conf 0.50)
[20:44:03] t=689 ATTACK (tanks=6)
[20:44:03] t=689 MOVE assault x6 -> (105,94)
[20:44:03] {"kind": "action", "what": "attack_move", "name": null, "qty": null, "ts": "20:44:03"}
[20:44:04] t=690 jev STANCE attack->defend (conf 0.46)
[20:44:04] t=690 ATTACK (tanks=6)
[20:44:04] t=690 MOVE assault x6 -> (106,94)
[20:44:04] {"kind": "action", "what": "attack_move", "name": null, "qty": null, "ts": "20:44:04"}
[20:44:05] t=692 jev STANCE attack->defend (conf 0.49)
[20:44:05] t=692 ATTACK (tanks=6)
[20:44:05] t=692 MOVE assault x6 -> (106,93)
[20:44:05] {"kind": "action", "what": "attack_move", "name": null, "qty": null, "ts": "20:44:05"}
[20:44:08] t=693 jev STANCE attack->defend (conf 0.50)
[20:44:08] t=693 ATTACK (tanks=6)
[20:44:08] t=693 MOVE assault x6 -> (107,92)
[20:44:08] {"kind": "action", "what": "attack_move", "name": null, "qty": null, "ts": "20:44:08"}
[20:44:09] t=695 jev STANCE attack->defend (conf 0.47)
[20:44:09] t=695 ATTACK (tanks=6)
[20:44:09] t=695 MOVE assault x6 -> (108,90)
[20:44:09] {"kind": "action", "what": "attack_move", "name": null, "qty": null, "ts": "20:44:09"}
[20:44:10] t=697 jev STANCE attack->defend (conf 0.46)
[20:44:10] t=697 ATTACK (tanks=6)
[20:44:10] t=697 MOVE assault x6 -> (108,89)
[20:44:10] {"kind": "action", "what": "attack_move", "name": null, "qty": null, "ts": "20:44:10"}
[20:44:12] t=698 jev STANCE attack->defend (conf 0.50)
[20:44:12] t=698 ATTACK (tanks=6)
[20:44:12] t=698 MOVE assault x6 -> (108,90)
[20:44:12] {"kind": "action", "what": "attack_move", "name": null, "qty": null, "ts": "20:44:12"}
[20:44:13] t=700 jev STANCE attack->defend (conf 0.53)
[20:44:13] t=700 ATTACK (tanks=6)
[20:44:13] t=700 MOVE assault x6 -> (108,89)
[20:44:13] {"kind": "action", "what": "attack_move", "name": null, "qty": null, "ts": "20:44:13"}
[20:44:15] t=701 jev STANCE attack->defend (conf 0.50)
[20:44:15] t=701 ATTACK (tanks=6)
[20:44:16] t=703 jev STANCE attack->defend (conf 0.49)
[20:44:16] t=703 ATTACK (tanks=6)
[20:44:16] t=703 MOVE assault x6 -> (108,88)
[20:44:17] {"kind": "action", "what": "attack_move", "name": null, "qty": null, "ts": "20:44:17"}
[20:44:18] t=704 jev STANCE attack->defend (conf 0.52)
[20:44:18] t=704 ATTACK (tanks=6)
[20:44:18] t=704 MOVE assault x6 -> (109,87)
[20:44:18] {"kind": "action", "what": "attack_move", "name": null, "qty": null, "ts": "20:44:18"}
[20:44:19] t=706 jev STANCE attack->defend (conf 0.49)
[20:44:19] t=706 ATTACK (tanks=6)
[20:44:19] t=706 MOVE assault x6 -> (110,87)
[20:44:19] {"kind": "action", "what": "attack_move", "name": null, "qty": null, "ts": "20:44:19"}
[20:44:21] t=707 jev STANCE attack->defend (conf 0.51)
[20:44:21] t=707 ATTACK (tanks=6)
[20:44:22] t=709 jev STANCE attack->defend (conf 0.48)
[20:44:22] t=709 ATTACK (tanks=6)
[20:44:22] t=709 MOVE guard x2 -> (73,120)
[20:44:22] {"kind": "action", "what": "attack_move", "name": null, "qty": null, "ts": "20:44:22"}
[20:44:22] t=709 tick#450 credits=0 stance=attack | jev 450 decisions p50=948ms
[20:44:24] t=710 jev STANCE attack->defend (conf 0.50)
[20:44:24] t=710 ATTACK (tanks=6)
[20:44:25] t=712 jev STANCE attack->defend (conf 0.49)
[20:44:25] t=712 ATTACK (tanks=6)
[20:44:27] t=713 jev STANCE attack->defend (conf 0.48)
[20:44:27] t=713 ATTACK (tanks=6)
[20:44:27] t=713 MOVE assault x6 -> (111,87)
[20:44:27] {"kind": "action", "what": "attack_move", "name": null, "qty": null, "ts": "20:44:27"}
[20:44:29] t=715 jev STANCE attack->defend (conf 0.50)
[20:44:29] t=715 ATTACK (tanks=6)
[20:44:30] t=716 jev STANCE attack->defend (conf 0.46)
[20:44:30] t=716 ATTACK (tanks=6)
[20:44:31] t=718 jev INF E2 HOLD (预算保护 gate=False e2=2)
[20:44:31] t=718 jev STANCE attack->defend (conf 0.49)
[20:44:31] t=718 ATTACK (tanks=6)
[20:44:31] t=718 MOVE assault x6 -> (112,84)
[20:44:32] {"kind": "action", "what": "attack_move", "name": null, "qty": null, "ts": "20:44:32"}
[20:44:33] t=719 jev STANCE attack->defend (conf 0.50)
[20:44:33] t=719 ATTACK (tanks=6)
[20:44:33] t=721 RETREAT DOG(31%)
[20:44:34] {"kind": "action", "what": "move", "name": null, "qty": null, "ts": "20:44:34"}
[20:44:35] t=721 jev STANCE attack->defend (conf 0.70)
[20:44:35] t=721 ATTACK (tanks=6)
[20:44:35] t=722 ALARM 单位损失 -> 攻势保持（塔阵守家, 前线 8 个单位继续进攻）
[20:44:35] t=722 RETREAT DOG(11%)
[20:44:35] {"kind": "action", "what": "move", "name": null, "qty": null, "ts": "20:44:35"}
[20:44:36] t=722 jev INF DOG (conf 0.28)
[20:44:36] t=722 jev STANCE attack->defend (conf 0.66)
[20:44:36] {"kind": "action", "what": "produce", "name": "DOG", "qty": 1, "ts": "20:44:36"}
[20:44:36] t=722 ATTACK (tanks=6)
[20:44:36] t=724 ALARM 单位损失 -> 攻势保持（塔阵守家, 前线 8 个单位继续进攻）
[20:44:37] t=724 jev STANCE attack->defend (conf 0.57)
[20:44:37] t=724 ATTACK (tanks=6)
[20:44:39] t=725 jev STANCE attack->defend (conf 0.67)
[20:44:39] t=725 ATTACK (tanks=6)
[20:44:41] t=727 jev STANCE attack->defend (conf 0.56)
[20:44:41] t=727 ATTACK (tanks=6)
[20:44:41] t=727 MOVE assault x6 -> (114,86)
[20:44:41] {"kind": "action", "what": "attack_move", "name": null, "qty": null, "ts": "20:44:41"}
[20:44:43] t=729 jev STANCE attack->defend (conf 0.63)
[20:44:43] t=729 ATTACK (tanks=6)
[20:44:43] t=730 RETREAT HTNK(38%)
[20:44:43] {"kind": "action", "what": "move", "name": null, "qty": null, "ts": "20:44:43"}
[20:44:44] t=730 jev STANCE attack->defend (conf 0.60)
[20:44:44] t=730 ATTACK (tanks=6)
[20:44:46] t=732 jev STANCE attack->defend (conf 0.60)
[20:44:46] t=732 ATTACK (tanks=6)
[20:44:46] t=732 MOVE assault x6 -> (114,87)
[20:44:46] {"kind": "action", "what": "attack_move", "name": null, "qty": null, "ts": "20:44:46"}
[20:44:46] t=733 ALARM 单位损失 -> 攻势保持（塔阵守家, 前线 7 个单位继续进攻）
[20:44:47] t=733 jev STANCE attack->defend (conf 0.65)
[20:44:47] t=733 MOVE assault x5 -> (70,117)
[20:44:47] {"kind": "action", "what": "attack_move", "name": null, "qty": null, "ts": "20:44:47"}
[20:44:48] t=735 SCOUT #1130->[185, 43] (敌影)
[20:44:48] {"kind": "action", "what": "attack_move", "name": null, "qty": null, "ts": "20:44:48"}
[20:44:51] t=738 RETREAT HTNK(24%)
[20:44:51] {"kind": "action", "what": "move", "name": null, "qty": null, "ts": "20:44:51"}
[20:44:53] t=739 MOVE guard x2 -> (73,120)
[20:44:53] {"kind": "action", "what": "attack_move", "name": null, "qty": null, "ts": "20:44:53"}
[20:44:57] t=744 RETREAT HTNK(4%)
[20:44:57] {"kind": "action", "what": "move", "name": null, "qty": null, "ts": "20:44:57"}
[20:44:58] t=745 ALARM 单位损失 -> TURTLE (5 v 15, 守塔阵不打野战)
[20:44:58] {"kind": "action", "what": "attack_move", "name": null, "qty": null, "ts": "20:44:58"}
[20:45:01] t=747 tick#475 credits=458 stance=defend | jev 475 decisions p50=961ms
[20:45:02] t=748 jev INF DOG (conf 0.25)
[20:45:02] {"kind": "action", "what": "produce", "name": "DOG", "qty": 1, "ts": "20:45:02"}
[20:45:06] t=753 RETREAT HTNK(35%)
[20:45:06] {"kind": "action", "what": "move", "name": null, "qty": null, "ts": "20:45:06"}
[20:45:07] t=753 MOVE assault x5 -> (70,117)
[20:45:07] {"kind": "action", "what": "attack_move", "name": null, "qty": null, "ts": "20:45:07"}
[20:45:08] t=754 jev VEH HTNK (conf 0.24)
[20:45:08] {"kind": "action", "what": "produce", "name": "HTNK", "qty": 1, "ts": "20:45:08"}
[20:45:11] t=757 jev INF E2 HOLD (预算保护 gate=False e2=2)
[20:45:12] t=759 ALARM 单位损失 -> TURTLE (8 v 15, 守塔阵不打野战)
[20:45:12] {"kind": "action", "what": "attack_move", "name": null, "qty": null, "ts": "20:45:12"}
[20:45:12] t=759 SCOUT #1142->[185, 43] (敌影)
[20:45:12] {"kind": "action", "what": "attack_move", "name": null, "qty": null, "ts": "20:45:12"}
[20:45:17] t=763 jev INF E2 (conf 0.22)
[20:45:17] {"kind": "action", "what": "produce", "name": "E2", "qty": 1, "ts": "20:45:17"}
[20:45:20] t=766 MOVE assault x5 -> (70,117)
[20:45:20] {"kind": "action", "what": "attack_move", "name": null, "qty": null, "ts": "20:45:20"}
[20:45:23] t=769 jev INF E2 HOLD (预算保护 gate=False e2=3)
[20:45:25] t=771 jev INF E2 HOLD (预算保护 gate=False e2=3)
[20:45:26] t=772 jev INF E2 HOLD (预算保护 gate=False e2=3)
[20:45:28] t=774 jev INF E2 HOLD (预算保护 gate=False e2=3)
[20:45:29] t=776 jev INF E2 HOLD (预算保护 gate=False e2=3)
[20:45:31] t=777 jev INF E2 HOLD (预算保护 gate=False e2=3)
[20:45:32] t=779 jev INF E2 HOLD (预算保护 gate=False e2=3)
[20:45:32] t=779 MOVE assault x6 -> (70,117)
[20:45:32] {"kind": "action", "what": "attack_move", "name": null, "qty": null, "ts": "20:45:32"}
[20:45:33] t=780 ALARM 单位损失 -> TURTLE (8 v 15, 守塔阵不打野战)
[20:45:33] {"kind": "action", "what": "attack_move", "name": null, "qty": null, "ts": "20:45:33"}
[20:45:34] t=780 jev INF E2 HOLD (预算保护 gate=False e2=2)
[20:45:35] t=782 jev INF E2 HOLD (预算保护 gate=False e2=2)
[20:45:37] t=783 jev INF E2 HOLD (预算保护 gate=False e2=2)
[20:45:38] t=785 jev INF E2 HOLD (预算保护 gate=False e2=2)
[20:45:38] t=785 tick#500 credits=499 stance=defend | jev 500 decisions p50=965ms
[20:45:40] t=786 jev INF E2 HOLD (预算保护 gate=False e2=1)
[20:45:41] t=788 jev INF E2 HOLD (预算保护 gate=False e2=1)
[20:45:42] t=789 ALARM 敌军逼近 -> TURTLE (8 v 14, 守塔阵不打野战)
[20:45:42] {"kind": "action", "what": "attack_move", "name": null, "qty": null, "ts": "20:45:42"}
[20:45:43] t=789 jev INF E2 HOLD (预算保护 gate=False e2=1)
[20:45:44] t=791 jev INF E2 HOLD (预算保护 gate=False e2=1)
[20:45:46] t=792 jev INF E2 HOLD (预算保护 gate=False e2=1)
[20:45:47] t=794 jev INF E2 HOLD (预算保护 gate=False e2=1)
[20:45:49] t=795 jev INF E2 HOLD (预算保护 gate=False e2=1)
[20:45:49] t=797 SCOUT2 #1154->[100, 100]
[20:45:49] {"kind": "action", "what": "attack_move", "name": null, "qty": null, "ts": "20:45:49"}
[20:45:50] t=797 jev INF E2 HOLD (预算保护 gate=False e2=1)
[20:45:50] t=797 jev VEH HTK (conf 0.36)
[20:45:50] {"kind": "action", "what": "produce", "name": "HTK", "qty": 1, "ts": "20:45:50"}
[20:45:50] t=797 MOVE assault x3 -> (73,120); guard x2 -> (73,120)
[20:45:50] {"kind": "action", "what": "attack_move", "name": null, "qty": null, "ts": "20:45:50"}
[20:45:50] {"kind": "action", "what": "attack_move", "name": null, "qty": null, "ts": "20:45:50"}
[20:45:51] t=798 ALARM 敌军逼近 -> TURTLE (9 v 13, 守塔阵不打野战)
[20:45:51] {"kind": "action", "what": "attack_move", "name": null, "qty": null, "ts": "20:45:51"}
[20:45:52] t=798 jev INF E2 HOLD (预算保护 gate=False e2=1)
[20:45:52] t=800 RETREAT SHK(34%)
[20:45:52] {"kind": "action", "what": "move", "name": null, "qty": null, "ts": "20:45:52"}
[20:45:53] t=800 jev INF E2 HOLD (预算保护 gate=False e2=1)
[20:45:55] t=801 jev INF E2 HOLD (预算保护 gate=False e2=1)
[20:45:58] t=804 jev INF E2 HOLD (预算保护 gate=False e2=1)
[20:46:00] t=807 ALARM 敌军逼近 -> TURTLE (7 v 12, 守塔阵不打野战)
[20:46:00] {"kind": "action", "what": "attack_move", "name": null, "qty": null, "ts": "20:46:00"}
[20:46:00] t=807 RETREAT HTNK(36%)
[20:46:00] {"kind": "action", "what": "move", "name": null, "qty": null, "ts": "20:46:00"}
[20:46:09] t=815 MOVE assault x4 -> (82,108)
[20:46:09] {"kind": "action", "what": "attack_move", "name": null, "qty": null, "ts": "20:46:09"}
[20:46:09] t=817 ALARM 敌军逼近 -> TURTLE (7 v 12, 守塔阵不打野战)
[20:46:09] {"kind": "action", "what": "attack_move", "name": null, "qty": null, "ts": "20:46:09"}
[20:46:16] t=823 tick#525 credits=0 stance=defend | jev 525 decisions p50=971ms
[20:46:18] t=824 jev INF E2 HOLD (预算保护 gate=False e2=1)
[20:46:18] t=824 MOVE assault x4 -> (82,112)
[20:46:18] {"kind": "action", "what": "attack_move", "name": null, "qty": null, "ts": "20:46:18"}
[20:46:18] t=826 ALARM 敌军逼近 -> TURTLE (7 v 12, 守塔阵不打野战)
[20:46:18] {"kind": "action", "what": "attack_move", "name": null, "qty": null, "ts": "20:46:18"}
[20:46:22] t=829 jev INF E2 HOLD (预算保护 gate=False e2=1)
[20:46:25] t=832 jev INF E2 HOLD (预算保护 gate=False e2=1)
[20:46:26] t=833 RETREAT HTNK(39%)
[20:46:26] t=833 RETREAT E2(23%)
[20:46:26] {"kind": "action", "what": "move", "name": null, "qty": null, "ts": "20:46:26"}
[20:46:26] {"kind": "action", "what": "move", "name": null, "qty": null, "ts": "20:46:26"}
[20:46:27] t=833 jev INF E2 HOLD (预算保护 gate=False e2=1)
[20:46:27] t=835 ALARM 敌军逼近 -> TURTLE (6 v 11, 守塔阵不打野战)
[20:46:27] {"kind": "action", "what": "attack_move", "name": null, "qty": null, "ts": "20:46:27"}
[20:46:28] t=835 jev INF E2 HOLD (预算保护 gate=False e2=1)
[20:46:30] t=836 jev INF E2 HOLD (预算保护 gate=False e2=0)
[20:46:30] t=838 ESCORT 坦克#1534 -> 护航矿车@[103, 94]
[20:46:30] {"kind": "action", "what": "attack_move", "name": null, "qty": null, "ts": "20:46:30"}
[20:46:31] t=838 jev INF E2 HOLD (预算保护 gate=False e2=0)
[20:46:31] t=838 jev VEH HTK (conf 0.42)
[20:46:31] {"kind": "action", "what": "produce", "name": "HTK", "qty": 1, "ts": "20:46:31"}
[20:46:33] t=839 jev INF E2 HOLD (预算保护 gate=False e2=0)
[20:46:36] t=842 MOVE assault x1 -> (73,120); guard x2 -> (73,120)
[20:46:36] {"kind": "action", "what": "attack_move", "name": null, "qty": null, "ts": "20:46:36"}
[20:46:36] {"kind": "action", "what": "attack_move", "name": null, "qty": null, "ts": "20:46:36"}
[20:46:36] t=844 ALARM 敌军逼近 -> TURTLE (6 v 11, 守塔阵不打野战)
[20:46:36] {"kind": "action", "what": "attack_move", "name": null, "qty": null, "ts": "20:46:36"}
[20:46:36] t=844 RETREAT HTNK(37%)
[20:46:36] {"kind": "action", "what": "move", "name": null, "qty": null, "ts": "20:46:36"}
[20:46:45] t=853 ALARM 敌军逼近 -> TURTLE (6 v 11, 守塔阵不打野战)
[20:46:45] {"kind": "action", "what": "attack_move", "name": null, "qty": null, "ts": "20:46:45"}
[20:46:54] t=860 MOVE assault x2 -> (73,120)
[20:46:54] {"kind": "action", "what": "attack_move", "name": null, "qty": null, "ts": "20:46:54"}
[20:46:54] t=860 tick#550 credits=0 stance=defend | jev 550 decisions p50=973ms
[20:46:54] t=862 ALARM 敌军逼近 -> TURTLE (6 v 11, 守塔阵不打野战)
[20:46:54] {"kind": "action", "what": "attack_move", "name": null, "qty": null, "ts": "20:46:54"}
[20:47:00] t=868 RETREAT HTK(37%)
[20:47:00] {"kind": "action", "what": "move", "name": null, "qty": null, "ts": "20:47:00"}
[20:47:03] t=871 ALARM 敌军逼近 -> TURTLE (5 v 9, 守塔阵不打野战)
[20:47:03] {"kind": "action", "what": "attack_move", "name": null, "qty": null, "ts": "20:47:03"}
[20:47:12] t=878 MOVE assault x2 -> (73,120)
[20:47:12] {"kind": "action", "what": "attack_move", "name": null, "qty": null, "ts": "20:47:12"}
[20:47:12] t=880 ALARM 单位损失 -> TURTLE (5 v 7, 守塔阵不打野战)
[20:47:12] {"kind": "action", "what": "attack_move", "name": null, "qty": null, "ts": "20:47:12"}
[20:47:21] t=889 ALARM 敌军逼近 -> TURTLE (5 v 7, 守塔阵不打野战)
[20:47:21] {"kind": "action", "what": "attack_move", "name": null, "qty": null, "ts": "20:47:21"}
[20:47:30] t=896 MOVE assault x1 -> (73,120)
[20:47:30] {"kind": "action", "what": "attack_move", "name": null, "qty": null, "ts": "20:47:30"}
[20:47:30] t=898 ALARM 敌军逼近 -> TURTLE (5 v 8, 守塔阵不打野战)
[20:47:30] {"kind": "action", "what": "attack_move", "name": null, "qty": null, "ts": "20:47:30"}
[20:47:31] t=898 tick#575 credits=0 stance=defend | jev 575 decisions p50=976ms
[20:47:39] t=907 ALARM 敌军逼近 -> TURTLE (5 v 7, 守塔阵不打野战)
[20:47:39] {"kind": "action", "what": "attack_move", "name": null, "qty": null, "ts": "20:47:39"}
[20:47:42] t=910 SCOUT #1142->[185, 43] (敌影)
[20:47:42] {"kind": "action", "what": "attack_move", "name": null, "qty": null, "ts": "20:47:42"}
[20:47:48] t=914 MOVE assault x1 -> (73,120)
[20:47:48] {"kind": "action", "what": "attack_move", "name": null, "qty": null, "ts": "20:47:48"}
[20:47:48] t=916 ALARM 敌军逼近 -> TURTLE (5 v 7, 守塔阵不打野战)
[20:47:48] {"kind": "action", "what": "attack_move", "name": null, "qty": null, "ts": "20:47:48"}
[20:47:52] t=919 jev INF E2 HOLD (预算保护 gate=False e2=0)
[20:47:57] t=925 ALARM 单位损失 -> TURTLE (5 v 6, 守塔阵不打野战)
[20:47:57] {"kind": "action", "what": "attack_move", "name": null, "qty": null, "ts": "20:47:57"}
[20:47:57] t=925 SCOUT #1154->[185, 43] (敌影)
[20:47:57] {"kind": "action", "what": "attack_move", "name": null, "qty": null, "ts": "20:47:57"}
[20:47:58] t=925 jev INF E2 HOLD (预算保护 gate=False e2=0)
[20:48:00] t=926 jev INF E2 HOLD (预算保护 gate=False e2=0)
[20:48:00] t=926 jev VEH HTK (conf 0.51)
[20:48:00] {"kind": "action", "what": "produce", "name": "HTK", "qty": 1, "ts": "20:48:00"}
[20:48:01] t=928 jev INF E2 HOLD (预算保护 gate=False e2=0)
[20:48:06] t=932 MOVE assault x1 -> (73,120)
[20:48:06] {"kind": "action", "what": "attack_move", "name": null, "qty": null, "ts": "20:48:06"}
[20:48:06] t=934 ALARM 敌军逼近 -> TURTLE (5 v 6, 守塔阵不打野战)
[20:48:06] {"kind": "action", "what": "attack_move", "name": null, "qty": null, "ts": "20:48:06"}
[20:48:09] t=935 tick#600 credits=0 stance=defend | jev 600 decisions p50=978ms
[20:48:19] t=946 MOVE assault x1 -> (73,120)
[20:48:19] {"kind": "action", "what": "attack_move", "name": null, "qty": null, "ts": "20:48:19"}
[20:48:33] t=959 MOVE assault x1 -> (73,120)
[20:48:33] {"kind": "action", "what": "attack_move", "name": null, "qty": null, "ts": "20:48:33"}
[20:48:42] t=968 jev INF E2 HOLD (预算保护 gate=False e2=0)
[20:48:43] t=970 jev INF E2 HOLD (预算保护 gate=False e2=0)
[20:48:46] t=973 MOVE assault x1 -> (73,120)
[20:48:46] {"kind": "action", "what": "attack_move", "name": null, "qty": null, "ts": "20:48:46"}
[20:48:46] t=973 tick#625 credits=23 stance=defend | jev 625 decisions p50=983ms
[20:48:58] t=985 MOVE assault x1 -> (73,120)
[20:48:58] {"kind": "action", "what": "attack_move", "name": null, "qty": null, "ts": "20:48:58"}
[20:49:10] t=997 MOVE assault x1 -> (73,120)
[20:49:10] {"kind": "action", "what": "attack_move", "name": null, "qty": null, "ts": "20:49:10"}
[20:49:23] t=1009 MOVE assault x1 -> (73,120)
[20:49:23] {"kind": "action", "what": "attack_move", "name": null, "qty": null, "ts": "20:49:23"}
[20:49:24] t=1011 tick#650 credits=0 stance=defend | jev 650 decisions p50=988ms
[20:49:35] t=1022 MOVE assault x1 -> (73,120)
[20:49:36] {"kind": "action", "what": "attack_move", "name": null, "qty": null, "ts": "20:49:36"}
[20:49:37] t=1023 jev INF E2 HOLD (预算保护 gate=False e2=0)
[20:49:49] t=1035 MOVE assault x1 -> (73,120)
[20:49:49] {"kind": "action", "what": "attack_move", "name": null, "qty": null, "ts": "20:49:49"}
[20:50:01] t=1047 MOVE assault x1 -> (73,120)
[20:50:01] {"kind": "action", "what": "attack_move", "name": null, "qty": null, "ts": "20:50:01"}
[20:50:04] t=1050 tick#675 credits=0 stance=defend | jev 675 decisions p50=991ms
[20:50:14] t=1061 MOVE assault x1 -> (73,120)
[20:50:14] {"kind": "action", "what": "attack_move", "name": null, "qty": null, "ts": "20:50:14"}
[20:50:27] t=1074 ALARM 单位损失 -> TURTLE (5 v 6, 守塔阵不打野战)
[20:50:27] {"kind": "action", "what": "attack_move", "name": null, "qty": null, "ts": "20:50:27"}
[20:50:28] t=1076 SCOUT #1154->[185, 43] (敌影)
[20:50:28] {"kind": "action", "what": "attack_move", "name": null, "qty": null, "ts": "20:50:28"}
[20:50:35] t=1082 MOVE assault x1 -> (73,120)
[20:50:35] {"kind": "action", "what": "attack_move", "name": null, "qty": null, "ts": "20:50:35"}
[20:50:41] t=1088 jev INF SHK (conf 0.23)
[20:50:41] {"kind": "action", "what": "produce", "name": "SHK", "qty": 1, "ts": "20:50:41"}
[20:50:41] t=1088 tick#700 credits=1109 stance=defend | jev 700 decisions p50=990ms
[20:50:43] t=1091 TANK HTNK x1
[20:50:43] {"kind": "action", "what": "produce", "name": "HTNK", "qty": 1, "ts": "20:50:43"}
[20:50:47] t=1094 MOVE assault x2 -> (73,120)
[20:50:47] {"kind": "action", "what": "attack_move", "name": null, "qty": null, "ts": "20:50:47"}
[20:51:01] t=1107 jev INF E2 HOLD (预算保护 gate=False e2=0)
[20:51:01] t=1107 MOVE assault x3 -> (73,120)
[20:51:01] {"kind": "action", "what": "attack_move", "name": null, "qty": null, "ts": "20:51:01"}
[20:51:08] t=1115 jev INF E2 HOLD (预算保护 gate=False e2=0)
[20:51:11] t=1118 jev INF E2 HOLD (预算保护 gate=False e2=0)
[20:51:14] t=1121 MOVE assault x3 -> (73,120)
[20:51:14] {"kind": "action", "what": "attack_move", "name": null, "qty": null, "ts": "20:51:14"}
[20:51:19] t=1125 tick#725 credits=0 stance=defend | jev 725 decisions p50=993ms
[20:51:28] t=1134 MOVE assault x3 -> (73,120)
[20:51:28] {"kind": "action", "what": "attack_move", "name": null, "qty": null, "ts": "20:51:28"}
[20:51:40] t=1146 MOVE assault x3 -> (73,120)
[20:51:40] {"kind": "action", "what": "attack_move", "name": null, "qty": null, "ts": "20:51:40"}
[20:51:53] t=1159 MOVE assault x3 -> (73,120)
[20:51:53] {"kind": "action", "what": "attack_move", "name": null, "qty": null, "ts": "20:51:53"}
[20:51:54] t=1160 jev INF E2 HOLD (预算保护 gate=False e2=0)
[20:51:54] t=1162 ESCORT 坦克#2100 -> 护航矿车@[120, 93]
[20:51:55] {"kind": "action", "what": "attack_move", "name": null, "qty": null, "ts": "20:51:55"}
[20:51:55] t=1162 jev VEH DRON (conf 0.28)
[20:51:56] {"kind": "action", "what": "produce", "name": "DRON", "qty": 1, "ts": "20:51:56"}
[20:51:56] t=1162 MOVE guard x2 -> (73,120)
[20:51:56] {"kind": "action", "what": "attack_move", "name": null, "qty": null, "ts": "20:51:56"}
[20:51:57] t=1163 tick#750 credits=93 stance=defend | jev 750 decisions p50=994ms
[20:52:00] t=1166 jev INF SHK HOLD (预算保护 gate=False e2=0)
[20:52:05] t=1171 MOVE assault x2 -> (73,120)
[20:52:05] {"kind": "action", "what": "attack_move", "name": null, "qty": null, "ts": "20:52:05"}
[20:52:18] t=1185 MOVE assault x2 -> (73,120)
[20:52:18] {"kind": "action", "what": "attack_move", "name": null, "qty": null, "ts": "20:52:18"}
[20:52:25] t=1192 ESCORT 坦克#2100 -> 护航矿车@[114, 121]
[20:52:25] {"kind": "action", "what": "attack_move", "name": null, "qty": null, "ts": "20:52:25"}
[20:52:26] t=1192 MOVE guard x2 -> (73,120)
[20:52:26] {"kind": "action", "what": "attack_move", "name": null, "qty": null, "ts": "20:52:26"}
[20:52:31] t=1197 MOVE assault x2 -> (73,120)
[20:52:31] {"kind": "action", "what": "attack_move", "name": null, "qty": null, "ts": "20:52:31"}
[20:52:35] t=1202 tick#775 credits=0 stance=defend | jev 775 decisions p50=992ms
[20:52:43] t=1211 ALARM 单位损失 -> TURTLE (8 v 11, 守塔阵不打野战)
[20:52:43] {"kind": "action", "what": "attack_move", "name": null, "qty": null, "ts": "20:52:43"}
[20:52:52] t=1218 MOVE assault x2 -> (73,120)
[20:52:52] {"kind": "action", "what": "attack_move", "name": null, "qty": null, "ts": "20:52:52"}
[20:52:53] t=1220 jev INF E2 HOLD (预算保护 gate=False e2=0)
[20:52:55] t=1221 jev INF E2 HOLD (预算保护 gate=False e2=0)
[20:52:56] t=1223 jev INF E2 HOLD (预算保护 gate=False e2=0)
[20:52:56] t=1223 MOVE guard x2 -> (73,120)
[20:52:57] {"kind": "action", "what": "attack_move", "name": null, "qty": null, "ts": "20:52:57"}
[20:52:58] t=1226 SCOUT #1154->[185, 43] (敌影)
[20:52:58] {"kind": "action", "what": "attack_move", "name": null, "qty": null, "ts": "20:52:58"}
[20:52:59] t=1226 jev INF SHK HOLD (预算保护 gate=False e2=0)
[20:53:04] t=1230 MOVE assault x2 -> (73,120)
[20:53:04] {"kind": "action", "what": "attack_move", "name": null, "qty": null, "ts": "20:53:04"}
[20:53:13] t=1239 tick#800 credits=0 stance=defend | jev 800 decisions p50=991ms
[20:53:16] t=1242 MOVE assault x2 -> (73,120)
[20:53:16] {"kind": "action", "what": "attack_move", "name": null, "qty": null, "ts": "20:53:16"}
[20:53:28] t=1254 MOVE guard x2 -> (73,120)
[20:53:28] {"kind": "action", "what": "attack_move", "name": null, "qty": null, "ts": "20:53:28"}
[20:53:30] t=1256 MOVE assault x2 -> (73,120)
[20:53:30] {"kind": "action", "what": "attack_move", "name": null, "qty": null, "ts": "20:53:30"}
[20:53:43] t=1269 jev INF E2 HOLD (预算保护 gate=False e2=0)
[20:53:43] t=1269 MOVE assault x2 -> (73,120)
[20:53:43] {"kind": "action", "what": "attack_move", "name": null, "qty": null, "ts": "20:53:43"}
[20:53:46] t=1272 jev VEH DRON (conf 0.24)
[20:53:46] {"kind": "action", "what": "produce", "name": "DRON", "qty": 1, "ts": "20:53:46"}
[20:53:49] t=1275 jev INF SHK HOLD (预算保护 gate=False e2=0)
[20:53:51] t=1277 tick#825 credits=0 stance=defend | jev 825 decisions p50=991ms
[20:53:56] t=1282 MOVE assault x3 -> (73,120)
[20:53:56] {"kind": "action", "what": "attack_move", "name": null, "qty": null, "ts": "20:53:56"}
[20:53:58] t=1285 MOVE guard x2 -> (73,120)
[20:53:58] {"kind": "action", "what": "attack_move", "name": null, "qty": null, "ts": "20:53:58"}
[20:54:09] t=1295 MOVE assault x3 -> (73,120)
[20:54:09] {"kind": "action", "what": "attack_move", "name": null, "qty": null, "ts": "20:54:09"}
[20:54:22] t=1309 MOVE assault x3 -> (73,120)
[20:54:22] {"kind": "action", "what": "attack_move", "name": null, "qty": null, "ts": "20:54:22"}
[20:54:29] t=1315 MOVE guard x2 -> (73,120)
[20:54:29] {"kind": "action", "what": "attack_move", "name": null, "qty": null, "ts": "20:54:29"}
[20:54:29] t=1315 tick#850 credits=0 stance=defend | jev 850 decisions p50=991ms
[20:54:36] t=1322 MOVE assault x3 -> (73,120)
[20:54:36] {"kind": "action", "what": "attack_move", "name": null, "qty": null, "ts": "20:54:36"}
[20:54:45] t=1331 jev INF E2 HOLD (预算保护 gate=False e2=0)
[20:54:46] t=1333 jev INF E2 HOLD (预算保护 gate=False e2=0)
[20:54:47] t=1334 jev INF E2 HOLD (预算保护 gate=False e2=0)
[20:54:49] t=1335 MOVE assault x3 -> (73,120)
[20:54:49] {"kind": "action", "what": "attack_move", "name": null, "qty": null, "ts": "20:54:49"}
[20:54:51] t=1337 jev INF SHK HOLD (预算保护 gate=False e2=0)
[20:55:00] t=1346 MOVE guard x2 -> (73,120)
[20:55:00] {"kind": "action", "what": "attack_move", "name": null, "qty": null, "ts": "20:55:00"}
[20:55:03] t=1349 MOVE assault x3 -> (73,120)
[20:55:03] {"kind": "action", "what": "attack_move", "name": null, "qty": null, "ts": "20:55:03"}
[20:55:07] t=1354 tick#875 credits=0 stance=defend | jev 875 decisions p50=1000ms
[20:55:16] t=1362 MOVE assault x3 -> (73,120)
[20:55:16] {"kind": "action", "what": "attack_move", "name": null, "qty": null, "ts": "20:55:16"}
[20:55:29] t=1376 MOVE assault x3 -> (73,120)
[20:55:29] {"kind": "action", "what": "attack_move", "name": null, "qty": null, "ts": "20:55:29"}
[20:55:30] t=1377 SCOUT #1154->[185, 43] (敌影)
[20:55:30] {"kind": "action", "what": "attack_move", "name": null, "qty": null, "ts": "20:55:30"}
[20:55:31] t=1377 MOVE guard x2 -> (73,120)
[20:55:31] {"kind": "action", "what": "attack_move", "name": null, "qty": null, "ts": "20:55:31"}
[20:55:35] t=1382 jev INF E2 HOLD (预算保护 gate=False e2=0)
[20:55:38] t=1385 jev VEH DRON (conf 0.28)
[20:55:38] {"kind": "action", "what": "produce", "name": "DRON", "qty": 1, "ts": "20:55:38"}
[20:55:38] t=1385 ATTACK (tanks=6)
[20:55:38] t=1385 MOVE assault x4 -> (113,127)
[20:55:38] {"kind": "action", "what": "attack_move", "name": null, "qty": null, "ts": "20:55:38"}
[20:55:40] t=1386 jev INF SHK HOLD (预算保护 gate=False e2=0)
[20:55:40] t=1386 jev STANCE attack->defend (conf 0.77)
[20:55:40] t=1386 ATTACK (tanks=6)
[20:55:42] t=1388 jev STANCE attack->defend (conf 0.79)
[20:55:42] t=1388 ATTACK (tanks=6)
[20:55:43] t=1389 jev STANCE attack->defend (conf 0.75)
[20:55:43] t=1389 ATTACK (tanks=6)
[20:55:44] t=1391 jev STANCE attack->defend (conf 0.78)
[20:55:44] t=1391 ATTACK (tanks=6)
[20:55:46] t=1392 jev STANCE attack->defend (conf 0.77)
[20:55:46] t=1392 ATTACK (tanks=6)
[20:55:46] t=1392 tick#900 credits=0 stance=attack | jev 900 decisions p50=1007ms
[20:55:48] t=1394 jev STANCE attack->defend (conf 0.77)
[20:55:48] t=1394 ATTACK (tanks=6)
[20:55:49] t=1395 jev STANCE attack->defend (conf 0.79)
[20:55:49] t=1395 ATTACK (tanks=6)
[20:55:51] t=1397 jev STANCE attack->defend (conf 0.80)
[20:55:51] t=1397 ATTACK (tanks=6)
[20:55:51] t=1397 MOVE assault x4 -> (113,127)
[20:55:51] {"kind": "action", "what": "attack_move", "name": null, "qty": null, "ts": "20:55:51"}
[20:55:52] t=1398 jev STANCE attack->defend (conf 0.77)
[20:55:52] t=1398 ATTACK (tanks=6)
[20:55:54] t=1400 jev STANCE attack->defend (conf 0.75)
[20:55:54] t=1400 ATTACK (tanks=6)
[20:55:55] t=1401 jev STANCE attack->defend (conf 0.78)
[20:55:55] t=1401 ATTACK (tanks=6)
[20:55:57] t=1403 jev STANCE attack->defend (conf 0.77)
[20:55:57] t=1403 ATTACK (tanks=6)
[20:55:58] t=1405 jev STANCE attack->defend (conf 0.78)
[20:55:58] t=1405 ATTACK (tanks=6)
[20:56:00] t=1406 jev STANCE attack->defend (conf 0.77)
[20:56:00] t=1406 ATTACK (tanks=6)
[20:56:01] t=1408 jev STANCE attack->defend (conf 0.76)
[20:56:01] t=1408 ATTACK (tanks=6)
[20:56:01] t=1408 MOVE guard x2 -> (73,120)
[20:56:01] {"kind": "action", "what": "attack_move", "name": null, "qty": null, "ts": "20:56:01"}
[20:56:04] t=1409 jev STANCE attack->defend (conf 0.79)
[20:56:04] t=1409 ATTACK (tanks=6)
[20:56:04] t=1409 MOVE assault x4 -> (113,127)
[20:56:04] {"kind": "action", "what": "attack_move", "name": null, "qty": null, "ts": "20:56:04"}
[20:56:05] t=1411 jev STANCE attack->defend (conf 0.80)
[20:56:05] t=1411 ATTACK (tanks=6)
[20:56:06] t=1413 jev STANCE attack->defend (conf 0.78)
[20:56:06] t=1413 ATTACK (tanks=6)
[20:56:06] t=1413 MOVE assault x4 -> (113,126)
[20:56:07] {"kind": "action", "what": "attack_move", "name": null, "qty": null, "ts": "20:56:07"}
[20:56:08] t=1414 jev STANCE attack->defend (conf 0.77)
[20:56:08] t=1414 ATTACK (tanks=6)
[20:56:08] t=1414 MOVE assault x4 -> (114,125)
[20:56:08] {"kind": "action", "what": "attack_move", "name": null, "qty": null, "ts": "20:56:08"}
[20:56:10] t=1416 jev STANCE attack->defend (conf 0.77)
[20:56:10] t=1416 ATTACK (tanks=6)
[20:56:10] t=1416 MOVE assault x4 -> (115,123)
[20:56:10] {"kind": "action", "what": "attack_move", "name": null, "qty": null, "ts": "20:56:10"}
[20:56:12] t=1418 jev STANCE attack->defend (conf 0.73)
[20:56:12] t=1418 ATTACK (tanks=6)
[20:56:12] t=1418 MOVE assault x4 -> (117,121)
[20:56:12] {"kind": "action", "what": "attack_move", "name": null, "qty": null, "ts": "20:56:12"}
[20:56:13] t=1419 jev STANCE attack->defend (conf 0.77)
[20:56:13] t=1419 ATTACK (tanks=6)
[20:56:13] t=1419 MOVE assault x4 -> (118,121)
[20:56:13] {"kind": "action", "what": "attack_move", "name": null, "qty": null, "ts": "20:56:13"}
[20:56:15] t=1421 jev STANCE attack->defend (conf 0.80)
[20:56:15] t=1421 ATTACK (tanks=6)
[20:56:15] t=1421 MOVE assault x4 -> (119,117)
[20:56:15] {"kind": "action", "what": "attack_move", "name": null, "qty": null, "ts": "20:56:15"}
[20:56:16] t=1422 jev STANCE attack->defend (conf 0.81)
[20:56:16] t=1422 ATTACK (tanks=6)
[20:56:16] t=1422 MOVE assault x4 -> (118,117)
[20:56:16] {"kind": "action", "what": "attack_move", "name": null, "qty": null, "ts": "20:56:16"}
[20:56:17] t=1424 jev STANCE attack->defend (conf 0.77)
[20:56:17] t=1424 ATTACK (tanks=6)
[20:56:18] t=1425 ALARM 单位损失 -> 攻势保持（塔阵守家, 前线 9 个单位继续进攻）
[20:56:19] t=1425 jev STANCE attack->defend (conf 0.75)
[20:56:19] t=1425 MOVE assault x3 -> (73,120)
[20:56:19] {"kind": "action", "what": "attack_move", "name": null, "qty": null, "ts": "20:56:19"}
[20:56:20] t=1427 ALARM 单位损失 -> TURTLE (8 v 10, 守塔阵不打野战)
[20:56:20] {"kind": "action", "what": "attack_move", "name": null, "qty": null, "ts": "20:56:20"}
[20:56:25] t=1431 tick#925 credits=0 stance=defend | jev 925 decisions p50=1005ms
[20:56:31] t=1437 MOVE guard x2 -> (73,120)
[20:56:31] {"kind": "action", "what": "attack_move", "name": null, "qty": null, "ts": "20:56:31"}
[20:56:32] t=1439 MOVE assault x2 -> (73,120)
[20:56:33] {"kind": "action", "what": "attack_move", "name": null, "qty": null, "ts": "20:56:33"}
[20:56:36] t=1442 jev INF E2 HOLD (预算保护 gate=False e2=0)
[20:56:39] t=1445 jev INF E2 HOLD (预算保护 gate=False e2=0)
[20:56:45] t=1451 MOVE assault x2 -> (73,120)
[20:56:45] {"kind": "action", "what": "attack_move", "name": null, "qty": null, "ts": "20:56:45"}
[20:56:58] t=1464 MOVE assault x2 -> (73,120)
[20:56:58] {"kind": "action", "what": "attack_move", "name": null, "qty": null, "ts": "20:56:58"}
[20:57:03] t=1469 MOVE guard x2 -> (73,120)
[20:57:03] {"kind": "action", "what": "attack_move", "name": null, "qty": null, "ts": "20:57:03"}
[20:57:03] t=1469 tick#950 credits=0 stance=defend | jev 950 decisions p50=993ms
[20:57:12] t=1478 MOVE assault x2 -> (73,120)
[20:57:12] {"kind": "action", "what": "attack_move", "name": null, "qty": null, "ts": "20:57:12"}
[20:57:24] t=1490 MOVE assault x2 -> (73,120)
[20:57:24] {"kind": "action", "what": "attack_move", "name": null, "qty": null, "ts": "20:57:24"}
[20:57:30] t=1496 jev INF SHK HOLD (预算保护 gate=False e2=0)
[20:57:31] t=1498 jev INF SHK HOLD (预算保护 gate=False e2=0)
[20:57:31] t=1498 jev VEH DRON (conf 0.23)
[20:57:31] {"kind": "action", "what": "produce", "name": "DRON", "qty": 1, "ts": "20:57:31"}
[20:57:33] t=1499 jev INF SHK HOLD (预算保护 gate=False e2=0)
[20:57:33] t=1499 MOVE guard x2 -> (73,120)
[20:57:33] {"kind": "action", "what": "attack_move", "name": null, "qty": null, "ts": "20:57:33"}
[20:57:37] t=1504 MOVE assault x3 -> (73,120)
[20:57:37] {"kind": "action", "what": "attack_move", "name": null, "qty": null, "ts": "20:57:37"}
[20:57:40] t=1507 tick#975 credits=0 stance=defend | jev 975 decisions p50=990ms
[20:57:49] t=1516 MOVE assault x3 -> (73,120)
[20:57:49] {"kind": "action", "what": "attack_move", "name": null, "qty": null, "ts": "20:57:49"}
[20:58:01] t=1528 SCOUT #1154->[185, 43] (敌影)
[20:58:01] {"kind": "action", "what": "attack_move", "name": null, "qty": null, "ts": "20:58:01"}
[20:58:02] t=1528 MOVE assault x3 -> (73,120)
[20:58:02] {"kind": "action", "what": "attack_move", "name": null, "qty": null, "ts": "20:58:02"}
[20:58:03] t=1530 MOVE guard x2 -> (73,120)
[20:58:03] {"kind": "action", "what": "attack_move", "name": null, "qty": null, "ts": "20:58:03"}
[20:58:15] t=1542 MOVE assault x3 -> (73,120)
[20:58:15] {"kind": "action", "what": "attack_move", "name": null, "qty": null, "ts": "20:58:15"}
[20:58:18] t=1545 tick#1000 credits=0 stance=defend | jev 1000 decisions p50=990ms
[20:58:29] t=1555 jev INF E2 HOLD (预算保护 gate=False e2=0)
[20:58:29] t=1555 MOVE assault x3 -> (73,120)
[20:58:29] {"kind": "action", "what": "attack_move", "name": null, "qty": null, "ts": "20:58:29"}
[20:58:30] t=1557 jev INF E2 HOLD (预算保护 gate=False e2=0)
[20:58:33] t=1560 MOVE guard x2 -> (73,120)
[20:58:33] {"kind": "action", "what": "attack_move", "name": null, "qty": null, "ts": "20:58:33"}
[20:58:35] t=1561 jev INF SHK HOLD (预算保护 gate=False e2=0)
[20:58:42] t=1569 MOVE assault x3 -> (73,120)
[20:58:42] {"kind": "action", "what": "attack_move", "name": null, "qty": null, "ts": "20:58:42"}
[20:58:56] t=1582 MOVE assault x3 -> (73,120)
[20:58:56] {"kind": "action", "what": "attack_move", "name": null, "qty": null, "ts": "20:58:56"}
[20:58:56] t=1582 tick#1025 credits=0 stance=defend | jev 1025 decisions p50=987ms
[20:59:05] t=1591 MOVE guard x2 -> (73,120)
[20:59:05] {"kind": "action", "what": "attack_move", "name": null, "qty": null, "ts": "20:59:05"}
[20:59:08] t=1594 MOVE assault x3 -> (73,120)
[20:59:08] {"kind": "action", "what": "attack_move", "name": null, "qty": null, "ts": "20:59:08"}
[20:59:18] t=1605 jev INF E2 HOLD (预算保护 gate=False e2=0)
[20:59:21] t=1608 jev INF SHK HOLD (预算保护 gate=False e2=0)
[20:59:21] t=1608 MOVE assault x3 -> (73,120)
[20:59:21] {"kind": "action", "what": "attack_move", "name": null, "qty": null, "ts": "20:59:21"}
[20:59:23] t=1609 jev INF SHK HOLD (预算保护 gate=False e2=0)
[20:59:23] t=1609 jev VEH HTK (conf 0.16)
[20:59:23] {"kind": "action", "what": "produce", "name": "HTK", "qty": 1, "ts": "20:59:23"}
[20:59:23] t=1609 ATTACK (tanks=6)
[20:59:23] t=1609 MOVE assault x4 -> (125,102)
[20:59:23] {"kind": "action", "what": "attack_move", "name": null, "qty": null, "ts": "20:59:23"}
[20:59:24] t=1611 jev STANCE attack->defend (conf 0.77)
[20:59:24] t=1611 ATTACK (tanks=6)
[20:59:26] t=1612 jev STANCE attack->defend (conf 0.73)
[20:59:26] t=1612 ATTACK (tanks=6)
[20:59:27] t=1614 jev STANCE attack->defend (conf 0.79)
[20:59:27] t=1614 ATTACK (tanks=6)
[20:59:29] t=1615 jev STANCE attack->defend (conf 0.74)
[20:59:29] t=1615 ATTACK (tanks=6)
[20:59:30] t=1617 jev STANCE attack->defend (conf 0.75)
[20:59:30] t=1617 ATTACK (tanks=6)
[20:59:30] t=1617 MOVE assault x4 -> (118,117)
[20:59:30] {"kind": "action", "what": "attack_move", "name": null, "qty": null, "ts": "20:59:30"}
[20:59:32] t=1618 jev STANCE attack->defend (conf 0.82)
[20:59:32] t=1618 ATTACK (tanks=6)
[20:59:34] t=1620 jev STANCE attack->defend (conf 0.79)
[20:59:34] t=1620 ATTACK (tanks=6)
[20:59:34] t=1620 tick#1050 credits=0 stance=attack | jev 1050 decisions p50=988ms
[20:59:36] t=1622 jev STANCE attack->defend (conf 0.74)
[20:59:36] t=1622 ATTACK (tanks=6)
[20:59:36] t=1622 MOVE guard x2 -> (73,120)
[20:59:36] {"kind": "action", "what": "attack_move", "name": null, "qty": null, "ts": "20:59:36"}
[20:59:37] t=1623 jev STANCE attack->defend (conf 0.82)
[20:59:37] t=1623 ATTACK (tanks=6)
[20:59:39] t=1625 jev STANCE attack->defend (conf 0.77)
[20:59:39] t=1625 ATTACK (tanks=6)
[20:59:40] t=1626 jev STANCE attack->defend (conf 0.76)
[20:59:40] t=1626 ATTACK (tanks=6)
[20:59:42] t=1628 jev STANCE attack->defend (conf 0.76)
[20:59:42] t=1628 ATTACK (tanks=6)
[20:59:43] t=1629 jev STANCE attack->defend (conf 0.75)
[20:59:43] t=1629 ATTACK (tanks=6)
[20:59:43] t=1629 MOVE assault x4 -> (118,117)
[20:59:43] {"kind": "action", "what": "attack_move", "name": null, "qty": null, "ts": "20:59:43"}
[20:59:45] t=1631 jev STANCE attack->defend (conf 0.79)
[20:59:45] t=1631 ATTACK (tanks=6)
[20:59:46] t=1632 jev STANCE attack->defend (conf 0.80)
[20:59:46] t=1632 ATTACK (tanks=6)
[20:59:47] t=1634 jev STANCE attack->defend (conf 0.79)
[20:59:47] t=1634 ATTACK (tanks=6)
[20:59:49] t=1635 jev STANCE attack->defend (conf 0.80)
[20:59:49] t=1635 ATTACK (tanks=6)
[20:59:49] t=1635 MOVE assault x4 -> (118,115)
[20:59:49] {"kind": "action", "what": "attack_move", "name": null, "qty": null, "ts": "20:59:49"}
[20:59:51] t=1637 jev STANCE attack->defend (conf 0.78)
[20:59:51] t=1637 ATTACK (tanks=6)
[20:59:52] t=1638 jev STANCE attack->defend (conf 0.75)
[20:59:52] t=1638 ATTACK (tanks=6)
[20:59:54] t=1640 jev STANCE attack->defend (conf 0.81)
[20:59:54] t=1640 ATTACK (tanks=6)
[20:59:54] t=1641 ALARM 单位损失 -> 攻势保持（塔阵守家, 前线 9 个单位继续进攻）
[20:59:55] t=1641 jev STANCE attack->defend (conf 0.79)
[20:59:55] t=1641 MOVE assault x3 -> (73,120)
[20:59:55] {"kind": "action", "what": "attack_move", "name": null, "qty": null, "ts": "20:59:55"}
[21:00:01] t=1649 RETREAT DRON(24%)
[21:00:02] {"kind": "action", "what": "move", "name": null, "qty": null, "ts": "21:00:02"}
[21:00:07] t=1653 MOVE guard x2 -> (73,120)
[21:00:07] {"kind": "action", "what": "attack_move", "name": null, "qty": null, "ts": "21:00:07"}
[21:00:09] t=1655 MOVE assault x3 -> (73,120)
[21:00:09] {"kind": "action", "what": "attack_move", "name": null, "qty": null, "ts": "21:00:09"}
[21:00:11] t=1658 tick#1075 credits=0 stance=defend | jev 1075 decisions p50=988ms
[21:00:19] t=1665 jev INF E2 HOLD (预算保护 gate=False e2=0)
[21:00:20] t=1667 jev INF E2 HOLD (预算保护 gate=False e2=0)
[21:00:22] t=1668 MOVE assault x3 -> (73,120)
[21:00:22] {"kind": "action", "what": "attack_move", "name": null, "qty": null, "ts": "21:00:22"}
[21:00:25] t=1671 jev INF SHK HOLD (预算保护 gate=False e2=0)
[21:00:26] t=1673 jev INF SHK HOLD (预算保护 gate=False e2=0)
[21:00:31] t=1679 SCOUT #1154->[185, 43] (敌影)
[21:00:32] {"kind": "action", "what": "attack_move", "name": null, "qty": null, "ts": "21:00:32"}
[21:00:36] t=1682 MOVE assault x3 -> (73,120)
[21:00:36] {"kind": "action", "what": "attack_move", "name": null, "qty": null, "ts": "21:00:36"}
[21:00:38] t=1684 MOVE guard x2 -> (73,120)
[21:00:38] {"kind": "action", "what": "attack_move", "name": null, "qty": null, "ts": "21:00:38"}
[21:00:48] t=1695 MOVE assault x3 -> (73,120)
[21:00:48] {"kind": "action", "what": "attack_move", "name": null, "qty": null, "ts": "21:00:48"}
[21:00:50] t=1696 tick#1100 credits=0 stance=defend | jev 1100 decisions p50=990ms
[21:01:02] t=1708 MOVE assault x3 -> (73,120)
[21:01:02] {"kind": "action", "what": "attack_move", "name": null, "qty": null, "ts": "21:01:02"}
[21:01:09] t=1716 jev INF E2 HOLD (预算保护 gate=False e2=0)
[21:01:09] t=1716 MOVE guard x2 -> (73,120)
[21:01:09] {"kind": "action", "what": "attack_move", "name": null, "qty": null, "ts": "21:01:09"}
[21:01:11] t=1717 jev INF E2 HOLD (预算保护 gate=False e2=0)
[21:01:14] t=1720 jev INF SHK HOLD (预算保护 gate=False e2=0)
[21:01:14] t=1720 MOVE assault x3 -> (73,120)
[21:01:14] {"kind": "action", "what": "attack_move", "name": null, "qty": null, "ts": "21:01:14"}
[21:01:26] t=1732 MOVE assault x3 -> (73,120)
[21:01:26] {"kind": "action", "what": "attack_move", "name": null, "qty": null, "ts": "21:01:26"}
[21:01:27] t=1734 tick#1125 credits=0 stance=defend | jev 1125 decisions p50=990ms
[21:01:39] t=1746 MOVE assault x3 -> (73,120); guard x2 -> (73,120)
[21:01:39] {"kind": "action", "what": "attack_move", "name": null, "qty": null, "ts": "21:01:39"}
[21:01:39] {"kind": "action", "what": "attack_move", "name": null, "qty": null, "ts": "21:01:39"}
[21:01:51] t=1758 MOVE assault x3 -> (73,120)
[21:01:51] {"kind": "action", "what": "attack_move", "name": null, "qty": null, "ts": "21:01:51"}
[21:02:06] t=1771 MOVE assault x3 -> (73,120)
[21:02:06] {"kind": "action", "what": "attack_move", "name": null, "qty": null, "ts": "21:02:06"}
[21:02:06] t=1771 tick#1150 credits=0 stance=defend | jev 1150 decisions p50=990ms
[21:02:10] t=1776 MOVE guard x2 -> (73,120)
[21:02:10] {"kind": "action", "what": "attack_move", "name": null, "qty": null, "ts": "21:02:10"}
[21:02:12] t=1778 jev INF E2 HOLD (预算保护 gate=False e2=0)
[21:02:13] t=1779 jev INF E2 HOLD (预算保护 gate=False e2=0)
[21:02:14] t=1781 jev INF E2 HOLD (预算保护 gate=False e2=0)
[21:02:16] t=1782 jev INF E2 HOLD (预算保护 gate=False e2=0)
[21:02:16] t=1782 jev VEH HTK (conf 0.30)
[21:02:16] {"kind": "action", "what": "produce", "name": "HTK", "qty": 1, "ts": "21:02:16"}
[21:02:16] t=1782 ATTACK (tanks=6)
[21:02:16] t=1782 MOVE assault x4 -> (109,87)
[21:02:16] {"kind": "action", "what": "attack_move", "name": null, "qty": null, "ts": "21:02:16"}
[21:02:18] t=1784 jev INF E2 HOLD (预算保护 gate=False e2=0)
[21:02:18] t=1784 jev STANCE attack->defend (conf 0.82)
[21:02:18] t=1784 ATTACK (tanks=6)
[21:02:19] t=1785 jev STANCE attack->defend (conf 0.82)
[21:02:19] t=1785 ATTACK (tanks=6)
[21:02:21] t=1787 jev INF SHK HOLD (预算保护 gate=False e2=0)
[21:02:21] t=1787 jev STANCE attack->defend (conf 0.83)
[21:02:21] t=1787 ATTACK (tanks=6)
[21:02:22] t=1788 jev STANCE attack->defend (conf 0.82)
[21:02:22] t=1788 ATTACK (tanks=6)
[21:02:24] t=1790 jev STANCE attack->defend (conf 0.83)
[21:02:24] t=1790 ATTACK (tanks=6)
[21:02:25] t=1791 jev STANCE attack->defend (conf 0.83)
[21:02:25] t=1791 ATTACK (tanks=6)
[21:02:27] t=1793 jev STANCE attack->defend (conf 0.83)
[21:02:27] t=1793 ATTACK (tanks=6)
[21:02:28] t=1794 jev STANCE attack->defend (conf 0.79)
[21:02:28] t=1794 ATTACK (tanks=6)
[21:02:30] t=1796 jev STANCE attack->defend (conf 0.81)
[21:02:30] t=1796 ATTACK (tanks=6)
[21:02:30] t=1796 MOVE assault x4 -> (109,87)
[21:02:30] {"kind": "action", "what": "attack_move", "name": null, "qty": null, "ts": "21:02:30"}
[21:02:31] t=1798 jev STANCE attack->defend (conf 0.80)
[21:02:31] t=1798 ATTACK (tanks=6)
[21:02:33] t=1799 jev STANCE attack->defend (conf 0.80)
[21:02:33] t=1799 ATTACK (tanks=6)
[21:02:34] t=1801 jev STANCE attack->defend (conf 0.86)
[21:02:34] t=1801 ATTACK (tanks=6)
[21:02:36] t=1802 jev STANCE attack->defend (conf 0.83)
[21:02:36] t=1802 ATTACK (tanks=6)
[21:02:38] t=1804 jev STANCE attack->defend (conf 0.85)
[21:02:38] t=1804 ATTACK (tanks=6)
[21:02:39] t=1805 jev STANCE attack->defend (conf 0.83)
[21:02:39] t=1805 ATTACK (tanks=6)
[21:02:40] t=1807 jev STANCE attack->defend (conf 0.81)
[21:02:40] t=1807 ATTACK (tanks=6)
[21:02:40] t=1807 MOVE guard x2 -> (73,120)
[21:02:41] {"kind": "action", "what": "attack_move", "name": null, "qty": null, "ts": "21:02:41"}
[21:02:42] t=1808 jev STANCE attack->defend (conf 0.83)
[21:02:42] t=1808 ATTACK (tanks=6)
[21:02:42] t=1808 MOVE assault x4 -> (109,87)
[21:02:42] {"kind": "action", "what": "attack_move", "name": null, "qty": null, "ts": "21:02:42"}
[21:02:43] t=1810 ALARM 单位损失 -> 攻势保持（塔阵守家, 前线 9 个单位继续进攻）
[21:02:44] t=1810 jev STANCE attack->defend (conf 0.85)
[21:02:44] t=1810 MOVE assault x3 -> (73,120)
[21:02:44] {"kind": "action", "what": "attack_move", "name": null, "qty": null, "ts": "21:02:44"}
[21:02:44] t=1810 tick#1175 credits=0 stance=defend | jev 1175 decisions p50=987ms
[21:02:56] t=1822 MOVE assault x3 -> (73,120)
[21:02:56] {"kind": "action", "what": "attack_move", "name": null, "qty": null, "ts": "21:02:56"}
[21:03:02] t=1828 jev INF E2 HOLD (预算保护 gate=False e2=0)
[21:03:02] t=1829 SCOUT #1154->[185, 43] (敌影)
[21:03:02] {"kind": "action", "what": "attack_move", "name": null, "qty": null, "ts": "21:03:02"}
[21:03:09] t=1835 MOVE assault x3 -> (73,120)
[21:03:09] {"kind": "action", "what": "attack_move", "name": null, "qty": null, "ts": "21:03:09"}
[21:03:11] t=1837 MOVE guard x2 -> (73,120)
[21:03:11] {"kind": "action", "what": "attack_move", "name": null, "qty": null, "ts": "21:03:11"}
[21:03:22] t=1848 MOVE assault x3 -> (73,120)
[21:03:22] {"kind": "action", "what": "attack_move", "name": null, "qty": null, "ts": "21:03:22"}
[21:03:22] t=1848 tick#1200 credits=0 stance=defend | jev 1200 decisions p50=987ms
[21:03:22] jev budget exhausted: max calls reached: 1200 (继续纯确定性运行)
[21:03:34] t=1862 MOVE assault x3 -> (73,120)
[21:03:34] {"kind": "action", "what": "attack_move", "name": null, "qty": null, "ts": "21:03:34"}
[21:03:42] t=1869 MOVE guard x2 -> (73,120)
[21:03:42] {"kind": "action", "what": "attack_move", "name": null, "qty": null, "ts": "21:03:42"}
[21:03:46] t=1874 MOVE assault x3 -> (73,120)
[21:03:46] {"kind": "action", "what": "attack_move", "name": null, "qty": null, "ts": "21:03:46"}
[21:03:58] t=1886 tick#1225 credits=0 stance=defend | jev 1200 decisions p50=987ms
[21:04:00] t=1887 MOVE assault x3 -> (73,120)
[21:04:00] {"kind": "action", "what": "attack_move", "name": null, "qty": null, "ts": "21:04:00"}
[21:04:12] t=1899 MOVE assault x3 -> (73,120); guard x2 -> (73,120)
[21:04:12] {"kind": "action", "what": "attack_move", "name": null, "qty": null, "ts": "21:04:12"}
[21:04:12] {"kind": "action", "what": "attack_move", "name": null, "qty": null, "ts": "21:04:12"}
[21:04:24] t=1911 MOVE assault x3 -> (73,120)
[21:04:24] {"kind": "action", "what": "attack_move", "name": null, "qty": null, "ts": "21:04:24"}
[21:04:36] t=1923 MOVE assault x3 -> (73,120)
[21:04:36] {"kind": "action", "what": "attack_move", "name": null, "qty": null, "ts": "21:04:36"}
[21:04:36] t=1923 tick#1250 credits=0 stance=defend | jev 1200 decisions p50=987ms
[21:04:42] t=1929 MOVE guard x2 -> (73,120)
[21:04:42] {"kind": "action", "what": "attack_move", "name": null, "qty": null, "ts": "21:04:42"}
[21:04:48] t=1935 MOVE assault x3 -> (73,120)
[21:04:48] {"kind": "action", "what": "attack_move", "name": null, "qty": null, "ts": "21:04:48"}
[21:04:52] t=1940 ATTACK (tanks=6)
[21:04:52] t=1940 MOVE assault x4 -> (125,101)
[21:04:52] {"kind": "action", "what": "attack_move", "name": null, "qty": null, "ts": "21:04:52"}
[21:04:54] t=1941 MOVE assault x4 -> (109,87)
[21:04:54] {"kind": "action", "what": "attack_move", "name": null, "qty": null, "ts": "21:04:54"}
[21:04:55] t=1943 MOVE assault x4 -> (124,92)
[21:04:55] {"kind": "action", "what": "attack_move", "name": null, "qty": null, "ts": "21:04:55"}
[21:04:57] t=1944 MOVE assault x4 -> (123,94)
[21:04:57] {"kind": "action", "what": "attack_move", "name": null, "qty": null, "ts": "21:04:57"}
[21:04:58] t=1946 MOVE assault x4 -> (123,96)
[21:04:58] {"kind": "action", "what": "attack_move", "name": null, "qty": null, "ts": "21:04:58"}
[21:05:00] t=1947 MOVE assault x4 -> (123,97)
[21:05:00] {"kind": "action", "what": "attack_move", "name": null, "qty": null, "ts": "21:05:00"}
[21:05:01] t=1949 MOVE assault x4 -> (124,99)
[21:05:01] {"kind": "action", "what": "attack_move", "name": null, "qty": null, "ts": "21:05:01"}
[21:05:03] t=1950 MOVE assault x4 -> (125,100)
[21:05:03] {"kind": "action", "what": "attack_move", "name": null, "qty": null, "ts": "21:05:03"}
[21:05:04] t=1952 MOVE assault x4 -> (109,87)
[21:05:04] {"kind": "action", "what": "attack_move", "name": null, "qty": null, "ts": "21:05:04"}
[21:05:12] t=1959 MOVE guard x2 -> (73,120)
[21:05:12] {"kind": "action", "what": "attack_move", "name": null, "qty": null, "ts": "21:05:12"}
[21:05:13] t=1961 tick#1275 credits=130 stance=attack | jev 1200 decisions p50=987ms
[21:05:16] t=1964 MOVE assault x4 -> (109,87)
[21:05:16] {"kind": "action", "what": "attack_move", "name": null, "qty": null, "ts": "21:05:16"}
[21:05:28] t=1976 MOVE assault x4 -> (109,87)
[21:05:28] {"kind": "action", "what": "attack_move", "name": null, "qty": null, "ts": "21:05:28"}
[21:05:30] t=1977 MOVE assault x4 -> (110,86)
[21:05:30] {"kind": "action", "what": "attack_move", "name": null, "qty": null, "ts": "21:05:30"}
[21:05:33] t=1980 SCOUT #1154->[185, 43] (敌影)
[21:05:33] {"kind": "action", "what": "attack_move", "name": null, "qty": null, "ts": "21:05:33"}
[21:05:37] t=1985 MOVE assault x4 -> (111,86)
[21:05:37] {"kind": "action", "what": "attack_move", "name": null, "qty": null, "ts": "21:05:37"}
[21:05:42] t=1989 MOVE guard x2 -> (73,120)
[21:05:42] {"kind": "action", "what": "attack_move", "name": null, "qty": null, "ts": "21:05:42"}
[21:05:46] t=1994 RETREAT HTNK(35%)
[21:05:46] {"kind": "action", "what": "move", "name": null, "qty": null, "ts": "21:05:46"}
[21:05:48] t=1995 MOVE assault x4 -> (112,87)
[21:05:48] {"kind": "action", "what": "attack_move", "name": null, "qty": null, "ts": "21:05:48"}
[21:05:51] t=1998 tick#1300 credits=130 stance=attack | jev 1200 decisions p50=987ms
[21:05:54] t=2001 ALARM 单位损失 -> 攻势保持（塔阵守家, 前线 9 个单位继续进攻）
[21:05:55] t=2003 MOVE assault x3 -> (113,87)
[21:05:55] {"kind": "action", "what": "attack_move", "name": null, "qty": null, "ts": "21:05:55"}
[21:06:07] t=2015 MOVE assault x3 -> (113,87)
[21:06:07] {"kind": "action", "what": "attack_move", "name": null, "qty": null, "ts": "21:06:07"}
[21:06:12] t=2019 MOVE guard x2 -> (73,120)
[21:06:12] {"kind": "action", "what": "attack_move", "name": null, "qty": null, "ts": "21:06:12"}
[21:06:19] t=2027 MOVE assault x3 -> (113,87)
[21:06:19] {"kind": "action", "what": "attack_move", "name": null, "qty": null, "ts": "21:06:19"}
[21:06:24] t=2031 MOVE assault x3 -> (130,83)
[21:06:24] {"kind": "action", "what": "attack_move", "name": null, "qty": null, "ts": "21:06:24"}
[21:06:27] t=2034 MOVE assault x3 -> (123,93)
[21:06:27] {"kind": "action", "what": "attack_move", "name": null, "qty": null, "ts": "21:06:27"}
[21:06:28] t=2036 MOVE assault x3 -> (123,94)
[21:06:28] {"kind": "action", "what": "attack_move", "name": null, "qty": null, "ts": "21:06:28"}
[21:06:28] t=2036 tick#1325 credits=355 stance=attack | jev 1200 decisions p50=987ms
[21:06:30] t=2037 MOVE assault x3 -> (123,96)
[21:06:30] {"kind": "action", "what": "attack_move", "name": null, "qty": null, "ts": "21:06:30"}
[21:06:31] t=2039 ENEMY BASE spotted @[130, 89]
[21:06:31] t=2039 MOVE raid x2 -> (123,97); assault x3 -> (130,89)
[21:06:31] {"kind": "action", "what": "attack_move", "name": null, "qty": null, "ts": "21:06:31"}
[21:06:31] {"kind": "action", "what": "attack_move", "name": null, "qty": null, "ts": "21:06:31"}
[21:06:33] t=2040 MOVE raid x2 -> (124,99)
[21:06:33] {"kind": "action", "what": "attack_move", "name": null, "qty": null, "ts": "21:06:33"}
[21:06:34] t=2042 MOVE raid x2 -> (125,100)
[21:06:34] {"kind": "action", "what": "attack_move", "name": null, "qty": null, "ts": "21:06:34"}
[21:06:36] t=2043 MOVE raid x2 -> (130,89)
[21:06:36] {"kind": "action", "what": "attack_move", "name": null, "qty": null, "ts": "21:06:36"}
[21:06:39] t=2046 RETREAT HTK(33%)
[21:06:39] {"kind": "action", "what": "move", "name": null, "qty": null, "ts": "21:06:39"}
[21:06:45] t=2052 ALARM 单位损失 -> 攻势保持（塔阵守家, 前线 7 个单位继续进攻）
[21:06:45] t=2052 MOVE assault x2 -> (130,89)
[21:06:45] {"kind": "action", "what": "attack_move", "name": null, "qty": null, "ts": "21:06:45"}
[21:06:52] t=2060 ALARM 单位损失 -> 攻势保持（塔阵守家, 前线 7 个单位继续进攻）
[21:06:57] t=2064 ALARM 单位损失 -> 攻势保持（塔阵守家, 前线 6 个单位继续进攻）
[21:06:58] t=2066 MOVE raid x2 -> (128,80)
[21:06:58] {"kind": "action", "what": "attack_move", "name": null, "qty": null, "ts": "21:06:58"}
[21:07:00] t=2067 MOVE raid x2 -> (128,82)
[21:07:00] {"kind": "action", "what": "attack_move", "name": null, "qty": null, "ts": "21:07:00"}
[21:07:01] t=2069 MOVE raid x2 -> (128,83)
[21:07:01] {"kind": "action", "what": "attack_move", "name": null, "qty": null, "ts": "21:07:01"}
[21:07:03] t=2070 MOVE raid x2 -> (128,85)
[21:07:03] {"kind": "action", "what": "attack_move", "name": null, "qty": null, "ts": "21:07:03"}
[21:07:04] t=2072 MOVE raid x2 -> (128,87)
[21:07:04] {"kind": "action", "what": "attack_move", "name": null, "qty": null, "ts": "21:07:04"}
[21:07:06] t=2073 MOVE raid x2 -> (128,88)
[21:07:06] {"kind": "action", "what": "attack_move", "name": null, "qty": null, "ts": "21:07:06"}
[21:07:06] t=2073 tick#1350 credits=505 stance=attack | jev 1200 decisions p50=987ms
[21:07:07] t=2075 MOVE raid x2 -> (126,90)
[21:07:07] {"kind": "action", "what": "attack_move", "name": null, "qty": null, "ts": "21:07:07"}
[21:07:09] t=2076 MOVE raid x2 -> (125,91)
[21:07:09] {"kind": "action", "what": "attack_move", "name": null, "qty": null, "ts": "21:07:09"}
[21:07:10] t=2078 MOVE raid x2 -> (124,92)
[21:07:10] {"kind": "action", "what": "attack_move", "name": null, "qty": null, "ts": "21:07:10"}
[21:07:12] t=2079 MOVE raid x2 -> (123,93)
[21:07:12] {"kind": "action", "what": "attack_move", "name": null, "qty": null, "ts": "21:07:12"}
[21:07:13] t=2081 MOVE raid x2 -> (123,95)
[21:07:13] {"kind": "action", "what": "attack_move", "name": null, "qty": null, "ts": "21:07:13"}
[21:07:15] t=2082 MOVE raid x2 -> (123,97)
[21:07:15] {"kind": "action", "what": "attack_move", "name": null, "qty": null, "ts": "21:07:15"}
[21:07:16] t=2084 MOVE raid x2 -> (123,98)
[21:07:16] {"kind": "action", "what": "attack_move", "name": null, "qty": null, "ts": "21:07:16"}
[21:07:18] t=2085 MOVE raid x2 -> (124,100)
[21:07:18] {"kind": "action", "what": "attack_move", "name": null, "qty": null, "ts": "21:07:18"}
[21:07:19] t=2087 MOVE raid x2 -> (125,101)
[21:07:19] {"kind": "action", "what": "attack_move", "name": null, "qty": null, "ts": "21:07:19"}
[21:07:21] t=2088 MOVE raid x2 -> (130,89)
[21:07:21] {"kind": "action", "what": "attack_move", "name": null, "qty": null, "ts": "21:07:21"}
[21:07:28] t=2096 RETREAT HTK(6%)
[21:07:28] {"kind": "action", "what": "move", "name": null, "qty": null, "ts": "21:07:28"}
[21:07:30] t=2097 ALARM 单位损失 -> 攻势保持（塔阵守家, 前线 5 个单位继续进攻）
[21:07:30] t=2097 RECOVER (only 2 tanks)
[21:07:30] t=2097 MOVE assault x1 -> (130,89)
[21:07:30] {"kind": "action", "what": "attack_move", "name": null, "qty": null, "ts": "21:07:30"}
[21:07:31] {"kind": "action", "what": "produce", "name": "NAREFN", "qty": 1, "ts": "21:07:31"}
[21:07:31] t=2099 OPENING BUILD NAREFN
[21:07:34] t=2102 RETREAT HTK(6%)
[21:07:34] {"kind": "action", "what": "move", "name": null, "qty": null, "ts": "21:07:34"}
[21:07:36] t=2103 ALARM 单位损失 -> TURTLE (4 v 7, 守塔阵不打野战)
[21:07:36] {"kind": "action", "what": "attack_move", "name": null, "qty": null, "ts": "21:07:36"}
[21:07:43] t=2111 tick#1375 credits=217 stance=defend | jev 1200 decisions p50=987ms
[21:08:21] t=2148 tick#1400 credits=0 stance=defend | jev 1200 decisions p50=987ms
[21:08:58] t=2186 tick#1425 credits=0 stance=defend | jev 1200 decisions p50=987ms
[21:09:36] t=2223 tick#1450 credits=0 stance=defend | jev 1200 decisions p50=987ms
[21:10:13] t=2261 tick#1475 credits=0 stance=defend | jev 1200 decisions p50=987ms
[21:10:51] t=2298 tick#1500 credits=0 stance=defend | jev 1200 decisions p50=987ms
[21:11:28] t=2336 tick#1525 credits=214 stance=defend | jev 1200 decisions p50=987ms
[21:12:06] t=2373 tick#1550 credits=0 stance=defend | jev 1200 decisions p50=987ms
[21:12:43] t=2411 tick#1575 credits=0 stance=defend | jev 1200 decisions p50=987ms
[21:13:21] t=2448 tick#1600 credits=195 stance=defend | jev 1200 decisions p50=987ms
[21:13:59] t=2486 tick#1625 credits=0 stance=defend | jev 1200 decisions p50=987ms
[21:14:36] t=2523 tick#1650 credits=5 stance=defend | jev 1200 decisions p50=987ms
[21:15:14] t=2561 tick#1675 credits=230 stance=defend | jev 1200 decisions p50=987ms
[21:15:51] t=2599 tick#1700 credits=230 stance=defend | jev 1200 decisions p50=987ms
[21:16:17] t=2624 HARASS DRON x2 (have 0)
[21:16:17] t=2624 TANK HTNK x2
[21:16:17] {"kind": "action", "what": "produce", "name": "DRON", "qty": 2, "ts": "21:16:17"}
[21:16:18] t=2626 DEFLINE NALASR (have 1)
[21:16:18] {"kind": "action", "what": "produce", "name": "NALASR", "qty": 1, "ts": "21:16:18"}
[21:16:29] t=2636 tick#1725 credits=2007 stance=defend | jev 1200 decisions p50=987ms
[21:16:32] t=2639 MOVE raid x2 -> (120,114)
[21:16:32] {"kind": "action", "what": "attack_move", "name": null, "qty": null, "ts": "21:16:32"}
[21:16:33] t=2641 MOVE raid x2 -> (120,116)
[21:16:33] {"kind": "action", "what": "attack_move", "name": null, "qty": null, "ts": "21:16:33"}
[21:16:35] t=2642 MOVE raid x2 -> (120,118)
[21:16:35] {"kind": "action", "what": "attack_move", "name": null, "qty": null, "ts": "21:16:35"}
[21:16:36] t=2644 MOVE raid x2 -> (120,119)
[21:16:36] {"kind": "action", "what": "attack_move", "name": null, "qty": null, "ts": "21:16:36"}
[21:16:38] t=2645 MOVE raid x2 -> (120,121)
[21:16:38] {"kind": "action", "what": "attack_move", "name": null, "qty": null, "ts": "21:16:38"}
[21:16:39] t=2647 MOVE raid x2 -> (120,123)
[21:16:39] {"kind": "action", "what": "attack_move", "name": null, "qty": null, "ts": "21:16:39"}
[21:16:41] t=2648 MOVE raid x2 -> (120,124)
[21:16:41] {"kind": "action", "what": "attack_move", "name": null, "qty": null, "ts": "21:16:41"}
[21:16:42] t=2650 MOVE raid x2 -> (118,126)
[21:16:42] {"kind": "action", "what": "attack_move", "name": null, "qty": null, "ts": "21:16:42"}
[21:16:44] t=2651 MOVE raid x2 -> (117,127)
[21:16:44] {"kind": "action", "what": "attack_move", "name": null, "qty": null, "ts": "21:16:44"}
[21:16:45] t=2653 MOVE raid x2 -> (117,128)
[21:16:45] {"kind": "action", "what": "attack_move", "name": null, "qty": null, "ts": "21:16:45"}
[21:16:47] t=2654 TANK HTNK x1
[21:16:47] {"kind": "action", "what": "produce", "name": "HTNK", "qty": 1, "ts": "21:16:47"}
[21:16:47] t=2654 MOVE raid x2 -> (117,130)
[21:16:47] {"kind": "action", "what": "attack_move", "name": null, "qty": null, "ts": "21:16:47"}
[21:16:48] t=2656 MOVE raid x2 -> (117,132)
[21:16:48] {"kind": "action", "what": "attack_move", "name": null, "qty": null, "ts": "21:16:48"}
[21:16:50] t=2657 MOVE raid x2 -> (116,133)
[21:16:50] {"kind": "action", "what": "attack_move", "name": null, "qty": null, "ts": "21:16:50"}
[21:16:53] t=2660 MOVE raid x2 -> (115,134)
[21:16:53] {"kind": "action", "what": "attack_move", "name": null, "qty": null, "ts": "21:16:53"}
[21:17:06] t=2674 tick#1750 credits=1069 stance=defend | jev 1200 decisions p50=987ms
[21:17:09] t=2677 MOVE raid x2 -> (115,135)
[21:17:09] {"kind": "action", "what": "attack_move", "name": null, "qty": null, "ts": "21:17:09"}
[21:17:18] t=2686 ALARM 单位损失 -> TURTLE (5 v 12, 守塔阵不打野战)
[21:17:18] {"kind": "action", "what": "attack_move", "name": null, "qty": null, "ts": "21:17:18"}
[21:17:27] t=2695 MOVE assault x1 -> (130,89)
[21:17:27] {"kind": "action", "what": "attack_move", "name": null, "qty": null, "ts": "21:17:27"}
[21:17:32] t=2699 RETREAT DRON(24%)
[21:17:32] {"kind": "action", "what": "move", "name": null, "qty": null, "ts": "21:17:32"}
[21:17:32] t=2699 MOVE raid x2 -> (114,136)
[21:17:32] {"kind": "action", "what": "attack_move", "name": null, "qty": null, "ts": "21:17:32"}
[21:17:36] t=2704 MOVE raid x2 -> (114,135)
[21:17:36] {"kind": "action", "what": "attack_move", "name": null, "qty": null, "ts": "21:17:36"}
[21:17:38] t=2705 MOVE raid x2 -> (114,134)
[21:17:38] {"kind": "action", "what": "attack_move", "name": null, "qty": null, "ts": "21:17:38"}
[21:17:39] t=2707 MOVE raid x2 -> (115,133); assault x1 -> (130,89)
[21:17:39] {"kind": "action", "what": "attack_move", "name": null, "qty": null, "ts": "21:17:39"}
[21:17:39] {"kind": "action", "what": "attack_move", "name": null, "qty": null, "ts": "21:17:39"}
[21:17:41] t=2708 MOVE raid x2 -> (116,132)
[21:17:41] {"kind": "action", "what": "attack_move", "name": null, "qty": null, "ts": "21:17:41"}
[21:17:42] t=2710 ALARM 单位损失 -> TURTLE (5 v 11, 守塔阵不打野战)
[21:17:42] {"kind": "action", "what": "attack_move", "name": null, "qty": null, "ts": "21:17:42"}
[21:17:44] t=2711 tick#1775 credits=655 stance=defend | jev 1200 decisions p50=987ms
[21:17:51] t=2719 MOVE raid x2 -> (116,136); assault x1 -> (130,89)
[21:17:51] {"kind": "action", "what": "attack_move", "name": null, "qty": null, "ts": "21:17:51"}
[21:17:51] {"kind": "action", "what": "attack_move", "name": null, "qty": null, "ts": "21:17:51"}
[21:18:03] t=2731 MOVE assault x1 -> (130,89)
[21:18:03] {"kind": "action", "what": "attack_move", "name": null, "qty": null, "ts": "21:18:03"}
[21:18:05] t=2732 ALARM 单位损失 -> TURTLE (5 v 10, 守塔阵不打野战)
[21:18:05] {"kind": "action", "what": "attack_move", "name": null, "qty": null, "ts": "21:18:05"}
[21:18:05] t=2732 HARASS DRON x2 (have 1)
[21:18:05] {"kind": "action", "what": "produce", "name": "DRON", "qty": 2, "ts": "21:18:05"}
[21:18:14] t=2741 MOVE raid x2 -> (116,129)
[21:18:14] {"kind": "action", "what": "attack_move", "name": null, "qty": null, "ts": "21:18:14"}
[21:18:15] t=2743 MOVE raid x2 -> (117,128); assault x1 -> (130,89)
[21:18:15] {"kind": "action", "what": "attack_move", "name": null, "qty": null, "ts": "21:18:15"}
[21:18:15] {"kind": "action", "what": "attack_move", "name": null, "qty": null, "ts": "21:18:15"}
[21:18:17] t=2744 MOVE raid x2 -> (117,127)
[21:18:17] {"kind": "action", "what": "attack_move", "name": null, "qty": null, "ts": "21:18:17"}
[21:18:18] t=2746 MOVE raid x2 -> (118,126)
[21:18:18] {"kind": "action", "what": "attack_move", "name": null, "qty": null, "ts": "21:18:18"}
[21:18:20] t=2747 MOVE raid x2 -> (121,102)
[21:18:20] {"kind": "action", "what": "attack_move", "name": null, "qty": null, "ts": "21:18:20"}
[21:18:21] t=2749 MOVE raid x2 -> (121,104)
[21:18:21] {"kind": "action", "what": "attack_move", "name": null, "qty": null, "ts": "21:18:21"}
[21:18:21] t=2749 tick#1800 credits=350 stance=defend | jev 1200 decisions p50=987ms
[21:18:23] t=2750 MOVE raid x2 -> (120,106)
[21:18:23] {"kind": "action", "what": "attack_move", "name": null, "qty": null, "ts": "21:18:23"}
[21:18:26] t=2753 MOVE raid x2 -> (120,108)
[21:18:26] {"kind": "action", "what": "attack_move", "name": null, "qty": null, "ts": "21:18:26"}
[21:18:27] t=2755 MOVE raid x2 -> (120,110)
[21:18:27] {"kind": "action", "what": "attack_move", "name": null, "qty": null, "ts": "21:18:27"}
[21:18:29] t=2756 MOVE raid x2 -> (120,112); assault x2 -> (130,89)
[21:18:29] {"kind": "action", "what": "attack_move", "name": null, "qty": null, "ts": "21:18:29"}
[21:18:29] {"kind": "action", "what": "attack_move", "name": null, "qty": null, "ts": "21:18:29"}
[21:18:30] t=2758 ALARM 单位损失 -> TURTLE (7 v 10, 守塔阵不打野战)
[21:18:30] {"kind": "action", "what": "attack_move", "name": null, "qty": null, "ts": "21:18:30"}
[21:18:35] t=2762 TANK HTNK x2
[21:18:35] {"kind": "action", "what": "produce", "name": "HTNK", "qty": 2, "ts": "21:18:35"}
[21:18:39] t=2767 MOVE raid x2 -> (120,120)
[21:18:39] {"kind": "action", "what": "attack_move", "name": null, "qty": null, "ts": "21:18:39"}
[21:18:41] t=2768 MOVE raid x2 -> (120,122); assault x2 -> (130,89)
[21:18:41] {"kind": "action", "what": "attack_move", "name": null, "qty": null, "ts": "21:18:41"}
[21:18:41] {"kind": "action", "what": "attack_move", "name": null, "qty": null, "ts": "21:18:41"}
[21:18:42] t=2770 MOVE raid x2 -> (120,123)
[21:18:42] {"kind": "action", "what": "attack_move", "name": null, "qty": null, "ts": "21:18:42"}
[21:18:44] t=2771 MOVE raid x2 -> (120,125)
[21:18:44] {"kind": "action", "what": "attack_move", "name": null, "qty": null, "ts": "21:18:44"}
[21:18:45] t=2773 MOVE raid x2 -> (120,126)
[21:18:45] {"kind": "action", "what": "attack_move", "name": null, "qty": null, "ts": "21:18:45"}
[21:18:47] t=2774 MOVE raid x2 -> (120,127)
[21:18:47] {"kind": "action", "what": "attack_move", "name": null, "qty": null, "ts": "21:18:47"}
[21:18:48] t=2776 MOVE raid x2 -> (120,128)
[21:18:48] {"kind": "action", "what": "attack_move", "name": null, "qty": null, "ts": "21:18:48"}
[21:18:50] t=2777 MOVE raid x2 -> (120,129)
[21:18:50] {"kind": "action", "what": "attack_move", "name": null, "qty": null, "ts": "21:18:50"}
[21:18:51] t=2779 MOVE raid x2 -> (119,130)
[21:18:51] {"kind": "action", "what": "attack_move", "name": null, "qty": null, "ts": "21:18:51"}
[21:18:53] t=2780 MOVE raid x2 -> (118,131); assault x2 -> (130,89)
[21:18:53] {"kind": "action", "what": "attack_move", "name": null, "qty": null, "ts": "21:18:53"}
[21:18:53] {"kind": "action", "what": "attack_move", "name": null, "qty": null, "ts": "21:18:53"}
[21:18:54] t=2782 MOVE raid x2 -> (117,132)
[21:18:54] {"kind": "action", "what": "attack_move", "name": null, "qty": null, "ts": "21:18:54"}
[21:18:56] t=2783 MOVE raid x2 -> (116,133)
[21:18:56] {"kind": "action", "what": "attack_move", "name": null, "qty": null, "ts": "21:18:56"}
[21:18:59] t=2786 MOVE raid x2 -> (115,134)
[21:18:59] {"kind": "action", "what": "attack_move", "name": null, "qty": null, "ts": "21:18:59"}
[21:18:59] t=2786 tick#1825 credits=1880 stance=defend | jev 1200 decisions p50=987ms
[21:19:02] t=2789 MOVE raid x2 -> (114,135)
[21:19:02] {"kind": "action", "what": "attack_move", "name": null, "qty": null, "ts": "21:19:02"}
[21:19:03] t=2791 MOVE raid x2 -> (114,136)
[21:19:03] {"kind": "action", "what": "attack_move", "name": null, "qty": null, "ts": "21:19:03"}
[21:19:05] t=2792 MOVE assault x2 -> (130,89)
[21:19:05] {"kind": "action", "what": "attack_move", "name": null, "qty": null, "ts": "21:19:05"}
[21:19:12] t=2800 ATTACK (tanks=6)
[21:19:12] t=2800 MOVE guard x2 -> (73,120)
[21:19:12] {"kind": "action", "what": "attack_move", "name": null, "qty": null, "ts": "21:19:12"}
[21:19:15] t=2803 AIR-DEFENSE 2nd AA
[21:19:15] {"kind": "action", "what": "produce", "name": "NAFLAK", "qty": 1, "ts": "21:19:15"}
[21:19:17] t=2804 MOVE raid x2 -> (115,135); assault x1 -> (130,89)
[21:19:17] {"kind": "action", "what": "attack_move", "name": null, "qty": null, "ts": "21:19:17"}
[21:19:17] {"kind": "action", "what": "attack_move", "name": null, "qty": null, "ts": "21:19:17"}
[21:19:18] t=2806 ALARM 单位损失 -> 攻势保持（塔阵守家, 前线 8 个单位继续进攻）
[21:19:26] t=2813 MOVE raid x2 -> (116,136)
[21:19:26] {"kind": "action", "what": "attack_move", "name": null, "qty": null, "ts": "21:19:26"}
[21:19:29] t=2816 MOVE assault x1 -> (130,89)
[21:19:29] {"kind": "action", "what": "attack_move", "name": null, "qty": null, "ts": "21:19:29"}
[21:19:33] t=2821 MOVE raid x2 -> (117,136)
[21:19:33] {"kind": "action", "what": "attack_move", "name": null, "qty": null, "ts": "21:19:33"}
[21:19:36] t=2824 tick#1850 credits=412 stance=attack | jev 1200 decisions p50=987ms
[21:19:41] t=2828 MOVE assault x1 -> (130,89)
[21:19:41] {"kind": "action", "what": "attack_move", "name": null, "qty": null, "ts": "21:19:41"}
[21:19:42] t=2830 MOVE guard x2 -> (73,120)
[21:19:42] {"kind": "action", "what": "attack_move", "name": null, "qty": null, "ts": "21:19:42"}
[21:19:50] t=2837 MOVE raid x3 -> (118,136)
[21:19:50] {"kind": "action", "what": "attack_move", "name": null, "qty": null, "ts": "21:19:50"}
[21:19:53] t=2840 MOVE assault x1 -> (130,89)
[21:19:53] {"kind": "action", "what": "attack_move", "name": null, "qty": null, "ts": "21:19:53"}
[21:20:05] t=2852 MOVE assault x1 -> (130,89)
[21:20:05] {"kind": "action", "what": "attack_move", "name": null, "qty": null, "ts": "21:20:05"}
[21:20:06] t=2854 MOVE raid x3 -> (119,137)
[21:20:06] {"kind": "action", "what": "attack_move", "name": null, "qty": null, "ts": "21:20:06"}
[21:20:12] t=2860 MOVE guard x2 -> (73,120)
[21:20:12] {"kind": "action", "what": "attack_move", "name": null, "qty": null, "ts": "21:20:12"}
[21:20:14] t=2861 tick#1875 credits=0 stance=attack | jev 1200 decisions p50=987ms
[21:20:17] t=2864 MOVE assault x1 -> (130,89)
[21:20:17] {"kind": "action", "what": "attack_move", "name": null, "qty": null, "ts": "21:20:17"}
[21:20:18] t=2866 MOVE raid x3 -> (119,136)
[21:20:18] {"kind": "action", "what": "attack_move", "name": null, "qty": null, "ts": "21:20:18"}
[21:20:20] t=2867 ALARM 单位损失 -> 攻势保持（塔阵守家, 前线 8 个单位继续进攻）
[21:20:20] t=2867 MOVE raid x2 -> (119,134)
[21:20:20] {"kind": "action", "what": "attack_move", "name": null, "qty": null, "ts": "21:20:20"}
[21:20:23] t=2870 MOVE raid x2 -> (119,132)
[21:20:23] {"kind": "action", "what": "attack_move", "name": null, "qty": null, "ts": "21:20:23"}
[21:20:26] t=2873 MOVE raid x2 -> (119,131)
[21:20:26] {"kind": "action", "what": "attack_move", "name": null, "qty": null, "ts": "21:20:26"}
[21:20:27] t=2875 MOVE raid x2 -> (119,130)
[21:20:27] {"kind": "action", "what": "attack_move", "name": null, "qty": null, "ts": "21:20:27"}
[21:20:29] t=2876 MOVE raid x2 -> (119,129); assault x1 -> (130,89)
[21:20:29] {"kind": "action", "what": "attack_move", "name": null, "qty": null, "ts": "21:20:29"}
[21:20:29] {"kind": "action", "what": "attack_move", "name": null, "qty": null, "ts": "21:20:29"}
[21:20:30] t=2878 MOVE raid x3 -> (130,89)
[21:20:30] {"kind": "action", "what": "attack_move", "name": null, "qty": null, "ts": "21:20:30"}
[21:20:41] t=2888 MOVE assault x1 -> (130,89)
[21:20:41] {"kind": "action", "what": "attack_move", "name": null, "qty": null, "ts": "21:20:41"}
[21:20:42] t=2890 MOVE guard x2 -> (73,120)
[21:20:42] {"kind": "action", "what": "attack_move", "name": null, "qty": null, "ts": "21:20:42"}
[21:20:51] t=2899 MOVE raid x3 -> (131,80); assault x1 -> (131,80)
[21:20:51] {"kind": "action", "what": "attack_move", "name": null, "qty": null, "ts": "21:20:51"}
[21:20:51] {"kind": "action", "what": "attack_move", "name": null, "qty": null, "ts": "21:20:51"}
[21:20:51] t=2899 tick#1900 credits=109 stance=attack | jev 1200 decisions p50=987ms
[21:20:53] t=2900 TANK HTNK x2
[21:20:53] t=2900 AA HTK x2 (enemy air)
[21:20:53] {"kind": "action", "what": "produce", "name": "HTNK", "qty": 2, "ts": "21:20:53"}
[21:20:54] t=2902 ALARM 单位损失 -> 攻势保持（塔阵守家, 前线 8 个单位继续进攻）
[21:21:00] t=2908 POWER plant (reserve 15)
[21:21:00] {"kind": "action", "what": "produce", "name": "NAPOWR", "qty": 1, "ts": "21:21:00"}
[21:21:05] t=2912 MOVE assault x1 -> (131,80)
[21:21:05] {"kind": "action", "what": "attack_move", "name": null, "qty": null, "ts": "21:21:05"}
[21:21:11] t=2918 ALARM 单位损失 -> 攻势保持（塔阵守家, 前线 7 个单位继续进攻）
[21:21:12] t=2920 ALARM 单位损失 -> 攻势保持（塔阵守家, 前线 6 个单位继续进攻）
[21:21:21] t=2929 MOVE raid x2 -> (131,80)
[21:21:21] {"kind": "action", "what": "attack_move", "name": null, "qty": null, "ts": "21:21:21"}
[21:21:29] t=2936 tick#1925 credits=807 stance=attack | jev 1200 decisions p50=987ms
[21:21:30] t=2938 MOVE assault x1 -> (131,80)
[21:21:30] {"kind": "action", "what": "attack_move", "name": null, "qty": null, "ts": "21:21:30"}
[21:21:42] t=2950 MOVE assault x1 -> (131,80)
[21:21:42] {"kind": "action", "what": "attack_move", "name": null, "qty": null, "ts": "21:21:42"}
[21:21:51] t=2959 MOVE raid x2 -> (131,80)
[21:21:51] {"kind": "action", "what": "attack_move", "name": null, "qty": null, "ts": "21:21:51"}
[21:21:54] t=2962 MOVE assault x1 -> (131,80)
[21:21:54] {"kind": "action", "what": "attack_move", "name": null, "qty": null, "ts": "21:21:54"}
[21:22:06] t=2974 ALARM 单位损失 -> 攻势保持（塔阵守家, 前线 7 个单位继续进攻）
[21:22:06] t=2974 tick#1950 credits=55 stance=attack | jev 1200 decisions p50=987ms
[21:22:08] t=2975 MOVE assault x1 -> (131,80)
[21:22:08] {"kind": "action", "what": "attack_move", "name": null, "qty": null, "ts": "21:22:08"}
[21:22:20] t=2987 MOVE assault x1 -> (131,80)
[21:22:20] {"kind": "action", "what": "attack_move", "name": null, "qty": null, "ts": "21:22:20"}
[21:22:21] t=2989 MOVE raid x2 -> (131,80)
[21:22:21] {"kind": "action", "what": "attack_move", "name": null, "qty": null, "ts": "21:22:21"}
[21:22:27] t=2995 MOVE raid x2 -> (134,79); assault x1 -> (134,79)
[21:22:27] {"kind": "action", "what": "attack_move", "name": null, "qty": null, "ts": "21:22:27"}
[21:22:27] {"kind": "action", "what": "attack_move", "name": null, "qty": null, "ts": "21:22:27"}
[21:22:32] t=2999 ALARM 单位损失 -> 攻势保持（塔阵守家, 前线 6 个单位继续进攻）
[21:22:44] t=3011 tick#1975 credits=280 stance=attack | jev 1200 decisions p50=987ms
[21:22:47] t=3014 ALARM 单位损失 -> 攻势保持（塔阵守家, 前线 5 个单位继续进攻）
[21:22:47] t=3014 RECOVER (only 2 tanks)
[21:22:47] t=3014 MOVE assault x1 -> (134,79)
[21:22:47] {"kind": "action", "what": "attack_move", "name": null, "qty": null, "ts": "21:22:47"}
[21:23:00] t=3028 MOVE assault x1 -> (134,79)
[21:23:00] {"kind": "action", "what": "attack_move", "name": null, "qty": null, "ts": "21:23:00"}
[21:23:11] t=3038 ALARM 单位损失 -> TURTLE (4 v 21, 守塔阵不打野战)
[21:23:11] {"kind": "action", "what": "attack_move", "name": null, "qty": null, "ts": "21:23:11"}
[21:23:11] t=3038 HARASS DRON x2 (have 0)
[21:23:11] t=3038 TANK HTNK x2
[21:23:11] {"kind": "action", "what": "produce", "name": "DRON", "qty": 2, "ts": "21:23:11"}
[21:23:21] t=3049 tick#2000 credits=2242 stance=defend | jev 1200 decisions p50=987ms
[21:23:26] t=3053 MOVE raid x2 -> (134,79)
[21:23:26] {"kind": "action", "what": "attack_move", "name": null, "qty": null, "ts": "21:23:26"}
[21:23:41] t=3068 TANK HTNK x2
[21:23:41] {"kind": "action", "what": "produce", "name": "HTNK", "qty": 2, "ts": "21:23:41"}
[21:23:54] t=3082 ALARM 单位损失 -> TURTLE (5 v 21, 守塔阵不打野战)
[21:23:54] {"kind": "action", "what": "attack_move", "name": null, "qty": null, "ts": "21:23:54"}
[21:23:59] t=3086 tick#2025 credits=1430 stance=defend | jev 1200 decisions p50=987ms
[21:24:03] t=3091 MOVE raid x2 -> (134,79)
[21:24:03] {"kind": "action", "what": "attack_move", "name": null, "qty": null, "ts": "21:24:03"}
[21:24:18] t=3106 MOVE assault x1 -> (134,79)
[21:24:19] {"kind": "action", "what": "attack_move", "name": null, "qty": null, "ts": "21:24:19"}
[21:24:30] t=3118 MOVE assault x1 -> (134,79)
[21:24:30] {"kind": "action", "what": "attack_move", "name": null, "qty": null, "ts": "21:24:30"}
[21:24:33] t=3121 ALARM 单位损失 -> TURTLE (5 v 21, 守塔阵不打野战)
[21:24:33] {"kind": "action", "what": "attack_move", "name": null, "qty": null, "ts": "21:24:33"}
[21:24:36] t=3124 tick#2050 credits=967 stance=defend | jev 1200 decisions p50=987ms
[21:24:42] t=3130 MOVE assault x1 -> (134,79)
[21:24:42] {"kind": "action", "what": "attack_move", "name": null, "qty": null, "ts": "21:24:42"}
[21:24:54] t=3142 AA HTK x2 (enemy air)
[21:24:54] {"kind": "action", "what": "produce", "name": "HTK", "qty": 2, "ts": "21:24:54"}
[21:24:55] t=3142 MOVE raid x2 -> (134,79)
[21:24:55] {"kind": "action", "what": "attack_move", "name": null, "qty": null, "ts": "21:24:55"}
[21:25:14] t=3161 ESCORT 坦克#2800 -> 护航矿车@[76, 76]
[21:25:14] {"kind": "action", "what": "attack_move", "name": null, "qty": null, "ts": "21:25:14"}
[21:25:14] t=3161 MOVE assault x1 -> (134,79)
[21:25:14] {"kind": "action", "what": "attack_move", "name": null, "qty": null, "ts": "21:25:14"}
[21:25:14] t=3161 tick#2075 credits=17 stance=defend | jev 1200 decisions p50=987ms
[21:25:26] t=3173 MOVE raid x2 -> (134,79)
[21:25:26] {"kind": "action", "what": "attack_move", "name": null, "qty": null, "ts": "21:25:26"}
[21:25:27] t=3175 MOVE assault x1 -> (134,79)
[21:25:28] {"kind": "action", "what": "attack_move", "name": null, "qty": null, "ts": "21:25:28"}
[21:25:39] t=3187 MOVE assault x1 -> (134,79)
[21:25:40] {"kind": "action", "what": "attack_move", "name": null, "qty": null, "ts": "21:25:40"}
[21:25:42] t=3190 ALARM 单位损失 -> TURTLE (6 v 21, 守塔阵不打野战)
[21:25:42] {"kind": "action", "what": "attack_move", "name": null, "qty": null, "ts": "21:25:42"}
[21:25:51] t=3199 tick#2100 credits=0 stance=defend | jev 1200 decisions p50=987ms
[21:25:56] t=3203 MOVE raid x2 -> (134,79)
[21:25:56] {"kind": "action", "what": "attack_move", "name": null, "qty": null, "ts": "21:25:56"}
[21:26:26] t=3233 MOVE raid x2 -> (134,79)
[21:26:26] {"kind": "action", "what": "attack_move", "name": null, "qty": null, "ts": "21:26:26"}
[21:26:29] t=3236 tick#2125 credits=27 stance=defend | jev 1200 decisions p50=987ms
[21:26:36] t=3244 RETREAT HTK(25%)
[21:26:37] {"kind": "action", "what": "move", "name": null, "qty": null, "ts": "21:26:37"}
[21:26:39] t=3247 HARASS DRON x2 (have 0)
[21:26:40] {"kind": "action", "what": "produce", "name": "DRON", "qty": 2, "ts": "21:26:40"}
[21:26:40] t=3247 MOVE assault x1 -> (134,79)
[21:26:40] {"kind": "action", "what": "attack_move", "name": null, "qty": null, "ts": "21:26:40"}
[21:26:42] t=3250 ALARM 单位损失 -> TURTLE (6 v 18, 守塔阵不打野战)
[21:26:43] {"kind": "action", "what": "attack_move", "name": null, "qty": null, "ts": "21:26:43"}
[21:26:55] t=3262 MOVE assault x1 -> (134,79)
[21:26:55] {"kind": "action", "what": "attack_move", "name": null, "qty": null, "ts": "21:26:55"}
[21:26:56] t=3263 ESCORT 坦克#2800 -> 护航矿车@[80, 94]
[21:26:56] {"kind": "action", "what": "attack_move", "name": null, "qty": null, "ts": "21:26:56"}
[21:26:56] t=3263 MOVE raid x2 -> (134,79)
[21:26:56] {"kind": "action", "what": "attack_move", "name": null, "qty": null, "ts": "21:26:56"}
[21:27:07] t=3274 tick#2150 credits=305 stance=defend | jev 1200 decisions p50=987ms
[21:27:08] t=3275 MOVE assault x1 -> (134,79)
[21:27:08] {"kind": "action", "what": "attack_move", "name": null, "qty": null, "ts": "21:27:08"}
[21:27:12] t=3280 RETREAT HTNK(39%)
[21:27:13] {"kind": "action", "what": "move", "name": null, "qty": null, "ts": "21:27:13"}
[21:27:20] t=3287 MOVE assault x2 -> (134,79)
[21:27:20] {"kind": "action", "what": "attack_move", "name": null, "qty": null, "ts": "21:27:20"}
[21:27:26] t=3293 ESCORT 坦克#2862 -> 护航矿车@[74, 74]
[21:27:26] {"kind": "action", "what": "attack_move", "name": null, "qty": null, "ts": "21:27:26"}
[21:27:26] t=3293 MOVE raid x2 -> (134,79)
[21:27:26] {"kind": "action", "what": "attack_move", "name": null, "qty": null, "ts": "21:27:26"}
[21:27:32] t=3299 MOVE assault x2 -> (134,79)
[21:27:32] {"kind": "action", "what": "attack_move", "name": null, "qty": null, "ts": "21:27:32"}
[21:27:35] t=3302 ALARM 单位损失 -> TURTLE (7 v 18, 守塔阵不打野战)
[21:27:35] {"kind": "action", "what": "attack_move", "name": null, "qty": null, "ts": "21:27:35"}
[21:27:44] t=3311 tick#2175 credits=405 stance=defend | jev 1200 decisions p50=987ms
[21:27:46] t=3313 MOVE assault x1 -> (134,79)
[21:27:46] {"kind": "action", "what": "attack_move", "name": null, "qty": null, "ts": "21:27:46"}
[21:27:56] t=3323 ESCORT 坦克#2862 -> 护航矿车@[74, 72]
[21:27:56] {"kind": "action", "what": "attack_move", "name": null, "qty": null, "ts": "21:27:56"}
[21:27:58] t=3325 MOVE raid x2 -> (134,79); assault x1 -> (134,79)
[21:27:58] {"kind": "action", "what": "attack_move", "name": null, "qty": null, "ts": "21:27:58"}
[21:27:58] {"kind": "action", "what": "attack_move", "name": null, "qty": null, "ts": "21:27:58"}
[21:28:10] t=3337 MOVE assault x1 -> (134,79)
[21:28:10] {"kind": "action", "what": "attack_move", "name": null, "qty": null, "ts": "21:28:10"}
[21:28:22] t=3349 MOVE assault x1 -> (134,79)
[21:28:22] {"kind": "action", "what": "attack_move", "name": null, "qty": null, "ts": "21:28:22"}
[21:28:22] t=3349 tick#2200 credits=630 stance=defend | jev 1200 decisions p50=987ms
[21:28:26] t=3353 ESCORT 坦克#2862 -> 护航矿车@[73, 72]
[21:28:26] {"kind": "action", "what": "attack_move", "name": null, "qty": null, "ts": "21:28:26"}
[21:28:28] t=3355 MOVE raid x2 -> (134,79)
[21:28:28] {"kind": "action", "what": "attack_move", "name": null, "qty": null, "ts": "21:28:28"}
[21:28:32] t=3359 ALARM 单位损失 -> TURTLE (6 v 15, 守塔阵不打野战)
[21:28:32] {"kind": "action", "what": "attack_move", "name": null, "qty": null, "ts": "21:28:32"}
[21:28:58] t=3385 MOVE raid x2 -> (134,79)
[21:28:58] {"kind": "action", "what": "attack_move", "name": null, "qty": null, "ts": "21:28:58"}
[21:28:59] t=3386 tick#2225 credits=630 stance=defend | jev 1200 decisions p50=987ms
[21:29:17] t=3404 HARASS DRON x2 (have 1)
[21:29:17] t=3404 TANK HTNK x1
[21:29:17] {"kind": "action", "what": "produce", "name": "DRON", "qty": 2, "ts": "21:29:17"}
[21:29:26] t=3413 ALARM 单位损失 -> TURTLE (5 v 15, 守塔阵不打野战)
[21:29:26] {"kind": "action", "what": "attack_move", "name": null, "qty": null, "ts": "21:29:26"}
[21:29:35] t=3422 MOVE raid x2 -> (134,79)
[21:29:35] {"kind": "action", "what": "attack_move", "name": null, "qty": null, "ts": "21:29:35"}
[21:29:37] t=3424 tick#2250 credits=1365 stance=defend | jev 1200 decisions p50=987ms
[21:29:47] t=3434 TANK HTNK x1
[21:29:47] t=3434 ESCORT 坦克#2862 -> 护航矿车@[78, 79]
[21:29:47] {"kind": "action", "what": "produce", "name": "HTNK", "qty": 1, "ts": "21:29:47"}
[21:29:47] {"kind": "action", "what": "attack_move", "name": null, "qty": null, "ts": "21:29:47"}
[21:29:47] t=3434 MOVE assault x1 -> (134,79)
[21:29:47] {"kind": "action", "what": "attack_move", "name": null, "qty": null, "ts": "21:29:47"}
[21:30:01] t=3448 MOVE assault x1 -> (134,79)
[21:30:01] {"kind": "action", "what": "attack_move", "name": null, "qty": null, "ts": "21:30:01"}
[21:30:05] t=3452 ALARM 单位损失 -> TURTLE (6 v 15, 守塔阵不打野战)
[21:30:05] {"kind": "action", "what": "attack_move", "name": null, "qty": null, "ts": "21:30:05"}
[21:30:14] t=3461 MOVE raid x2 -> (134,79)
[21:30:14] {"kind": "action", "what": "attack_move", "name": null, "qty": null, "ts": "21:30:14"}
[21:30:14] t=3461 tick#2275 credits=655 stance=defend | jev 1200 decisions p50=987ms
[21:30:25] t=3472 ESCORT 坦克#2862 -> 护航矿车@[74, 71]
[21:30:25] {"kind": "action", "what": "attack_move", "name": null, "qty": null, "ts": "21:30:25"}
[21:30:25] t=3472 MOVE assault x1 -> (134,79)
[21:30:25] {"kind": "action", "what": "attack_move", "name": null, "qty": null, "ts": "21:30:25"}
[21:30:38] t=3485 MOVE assault x1 -> (134,79)
[21:30:38] {"kind": "action", "what": "attack_move", "name": null, "qty": null, "ts": "21:30:38"}
[21:30:44] t=3491 MOVE raid x2 -> (134,79)
[21:30:44] {"kind": "action", "what": "attack_move", "name": null, "qty": null, "ts": "21:30:44"}
[21:30:50] t=3497 MOVE assault x1 -> (134,79)
[21:30:50] {"kind": "action", "what": "attack_move", "name": null, "qty": null, "ts": "21:30:50"}
[21:30:52] t=3499 tick#2300 credits=430 stance=defend | jev 1200 decisions p50=987ms
[21:30:55] t=3502 ESCORT 坦克#2954 -> 护航矿车@[75, 73]
[21:30:55] {"kind": "action", "what": "attack_move", "name": null, "qty": null, "ts": "21:30:55"}
[21:31:04] t=3511 MOVE assault x1 -> (134,79)
[21:31:04] {"kind": "action", "what": "attack_move", "name": null, "qty": null, "ts": "21:31:04"}
[21:31:14] t=3521 MOVE raid x2 -> (134,79)
[21:31:14] {"kind": "action", "what": "attack_move", "name": null, "qty": null, "ts": "21:31:14"}
[21:31:16] t=3523 MOVE assault x1 -> (134,79)
[21:31:16] {"kind": "action", "what": "attack_move", "name": null, "qty": null, "ts": "21:31:16"}
[21:31:25] t=3532 ESCORT 坦克#2954 -> 护航矿车@[80, 85]
[21:31:25] {"kind": "action", "what": "attack_move", "name": null, "qty": null, "ts": "21:31:25"}
[21:31:28] t=3535 MOVE assault x1 -> (134,79)
[21:31:28] {"kind": "action", "what": "attack_move", "name": null, "qty": null, "ts": "21:31:28"}
[21:31:29] t=3537 tick#2325 credits=580 stance=defend | jev 1200 decisions p50=987ms
[21:31:40] t=3547 MOVE assault x1 -> (134,79)
[21:31:40] {"kind": "action", "what": "attack_move", "name": null, "qty": null, "ts": "21:31:40"}
[21:31:41] t=3549 RETREAT HTNK(25%)
[21:31:41] {"kind": "action", "what": "move", "name": null, "qty": null, "ts": "21:31:41"}
[21:31:44] t=3552 MOVE raid x2 -> (134,79)
[21:31:44] {"kind": "action", "what": "attack_move", "name": null, "qty": null, "ts": "21:31:44"}
[21:31:47] t=3555 ALARM 单位损失 -> TURTLE (6 v 15, 守塔阵不打野战)
[21:31:47] {"kind": "action", "what": "attack_move", "name": null, "qty": null, "ts": "21:31:47"}
[21:31:58] t=3565 HARASS DRON x2 (have 1)
[21:31:58] {"kind": "action", "what": "produce", "name": "DRON", "qty": 2, "ts": "21:31:58"}
[21:32:07] t=3574 tick#2350 credits=1682 stance=defend | jev 1200 decisions p50=987ms
[21:32:13] t=3580 MOVE assault x1 -> (134,79)
[21:32:13] {"kind": "action", "what": "attack_move", "name": null, "qty": null, "ts": "21:32:13"}
[21:32:14] t=3582 MOVE raid x2 -> (134,79)
[21:32:14] {"kind": "action", "what": "attack_move", "name": null, "qty": null, "ts": "21:32:14"}
[21:32:17] t=3585 ESCORT 坦克#2974 -> 护航矿车@[80, 94]
[21:32:17] {"kind": "action", "what": "attack_move", "name": null, "qty": null, "ts": "21:32:17"}
[21:32:25] t=3592 MOVE assault x1 -> (134,79)
[21:32:25] {"kind": "action", "what": "attack_move", "name": null, "qty": null, "ts": "21:32:25"}
[21:32:28] t=3595 TANK HTNK x1
[21:32:28] {"kind": "action", "what": "produce", "name": "HTNK", "qty": 1, "ts": "21:32:28"}
[21:32:38] t=3606 MOVE assault x2 -> (134,79)
[21:32:38] {"kind": "action", "what": "attack_move", "name": null, "qty": null, "ts": "21:32:38"}
[21:32:44] t=3612 MOVE raid x2 -> (134,79)
[21:32:44] {"kind": "action", "what": "attack_move", "name": null, "qty": null, "ts": "21:32:44"}
[21:32:44] t=3612 tick#2375 credits=719 stance=defend | jev 1200 decisions p50=987ms
[21:32:47] t=3615 ESCORT 坦克#2974 -> 护航矿车@[77, 73]
[21:32:47] {"kind": "action", "what": "attack_move", "name": null, "qty": null, "ts": "21:32:47"}
[21:32:52] t=3619 MOVE assault x2 -> (134,79)
[21:32:52] {"kind": "action", "what": "attack_move", "name": null, "qty": null, "ts": "21:32:52"}
[21:32:59] t=3627 ALARM 单位损失 -> TURTLE (7 v 15, 守塔阵不打野战)
[21:32:59] {"kind": "action", "what": "attack_move", "name": null, "qty": null, "ts": "21:32:59"}
[21:33:08] t=3636 MOVE assault x2 -> (134,79)
[21:33:08] {"kind": "action", "what": "attack_move", "name": null, "qty": null, "ts": "21:33:08"}
[21:33:14] t=3642 MOVE raid x2 -> (134,79)
[21:33:14] {"kind": "action", "what": "attack_move", "name": null, "qty": null, "ts": "21:33:14"}
[21:33:17] t=3645 ESCORT 坦克#2975 -> 护航矿车@[75, 75]
[21:33:17] {"kind": "action", "what": "attack_move", "name": null, "qty": null, "ts": "21:33:17"}
[21:33:20] t=3648 MOVE assault x2 -> (134,79)
[21:33:20] {"kind": "action", "what": "attack_move", "name": null, "qty": null, "ts": "21:33:20"}
[21:33:22] t=3649 tick#2400 credits=380 stance=defend | jev 1200 decisions p50=987ms
[21:33:34] t=3661 MOVE assault x2 -> (134,79)
[21:33:34] {"kind": "action", "what": "attack_move", "name": null, "qty": null, "ts": "21:33:34"}
[21:33:35] t=3663 ALARM 单位损失 -> TURTLE (7 v 15, 守塔阵不打野战)
[21:33:35] {"kind": "action", "what": "attack_move", "name": null, "qty": null, "ts": "21:33:35"}
[21:33:44] t=3672 MOVE raid x2 -> (134,79)
[21:33:44] {"kind": "action", "what": "attack_move", "name": null, "qty": null, "ts": "21:33:44"}
[21:33:46] t=3673 MOVE assault x1 -> (134,79)
[21:33:46] {"kind": "action", "what": "attack_move", "name": null, "qty": null, "ts": "21:33:46"}
[21:33:47] t=3675 ESCORT 坦克#2983 -> 护航矿车@[74, 75]
[21:33:47] {"kind": "action", "what": "attack_move", "name": null, "qty": null, "ts": "21:33:47"}
[21:33:58] t=3685 MOVE assault x1 -> (134,79)
[21:33:58] {"kind": "action", "what": "attack_move", "name": null, "qty": null, "ts": "21:33:58"}
[21:33:59] t=3687 tick#2425 credits=605 stance=defend | jev 1200 decisions p50=987ms
[21:34:10] t=3697 MOVE assault x1 -> (134,79)
[21:34:10] {"kind": "action", "what": "attack_move", "name": null, "qty": null, "ts": "21:34:10"}
[21:34:14] t=3702 MOVE raid x2 -> (134,79)
[21:34:14] {"kind": "action", "what": "attack_move", "name": null, "qty": null, "ts": "21:34:14"}
[21:34:22] t=3709 MOVE assault x1 -> (134,79)
[21:34:22] {"kind": "action", "what": "attack_move", "name": null, "qty": null, "ts": "21:34:22"}
[21:34:34] t=3721 MOVE assault x1 -> (134,79)
[21:34:34] {"kind": "action", "what": "attack_move", "name": null, "qty": null, "ts": "21:34:34"}
[21:34:37] t=3724 tick#2450 credits=605 stance=defend | jev 1200 decisions p50=987ms
[21:34:38] t=3726 TANK HTNK x2
[21:34:38] {"kind": "action", "what": "produce", "name": "HTNK", "qty": 2, "ts": "21:34:38"}
[21:34:44] t=3732 MOVE raid x2 -> (134,79)
[21:34:44] {"kind": "action", "what": "attack_move", "name": null, "qty": null, "ts": "21:34:44"}
[21:34:46] t=3733 MOVE assault x1 -> (134,79)
[21:34:46] {"kind": "action", "what": "attack_move", "name": null, "qty": null, "ts": "21:34:46"}
[21:34:56] t=3744 ESCORT 坦克#2954 -> 护航矿车@[80, 94]
[21:34:56] {"kind": "action", "what": "attack_move", "name": null, "qty": null, "ts": "21:34:56"}
[21:34:59] t=3747 RETREAT HTNK(25%)
[21:34:59] {"kind": "action", "what": "move", "name": null, "qty": null, "ts": "21:34:59"}
[21:34:59] t=3747 MOVE assault x1 -> (134,79)
[21:34:59] {"kind": "action", "what": "attack_move", "name": null, "qty": null, "ts": "21:34:59"}
[21:35:05] t=3753 ALARM 单位损失 -> TURTLE (6 v 15, 守塔阵不打野战)
[21:35:05] {"kind": "action", "what": "attack_move", "name": null, "qty": null, "ts": "21:35:05"}
[21:35:14] t=3762 MOVE raid x2 -> (134,79)
[21:35:14] {"kind": "action", "what": "attack_move", "name": null, "qty": null, "ts": "21:35:14"}
[21:35:14] t=3762 tick#2475 credits=980 stance=defend | jev 1200 decisions p50=987ms
[21:35:16] t=3763 MOVE assault x1 -> (134,79)
[21:35:16] {"kind": "action", "what": "attack_move", "name": null, "qty": null, "ts": "21:35:16"}
[21:35:26] t=3774 ESCORT 坦克#2954 -> 护航矿车@[74, 75]
[21:35:26] {"kind": "action", "what": "attack_move", "name": null, "qty": null, "ts": "21:35:26"}
[21:35:28] t=3775 MOVE assault x1 -> (134,79)
[21:35:28] {"kind": "action", "what": "attack_move", "name": null, "qty": null, "ts": "21:35:28"}
[21:35:40] t=3787 MOVE assault x1 -> (134,79)
[21:35:40] {"kind": "action", "what": "attack_move", "name": null, "qty": null, "ts": "21:35:40"}
[21:35:44] t=3792 MOVE raid x2 -> (134,79)
[21:35:44] {"kind": "action", "what": "attack_move", "name": null, "qty": null, "ts": "21:35:44"}
[21:35:50] t=3798 ALARM 单位损失 -> TURTLE (6 v 15, 守塔阵不打野战)
[21:35:50] {"kind": "action", "what": "attack_move", "name": null, "qty": null, "ts": "21:35:50"}
[21:35:52] t=3799 tick#2500 credits=305 stance=defend | jev 1200 decisions p50=987ms
[21:35:56] t=3804 ESCORT 坦克#2954 -> 护航矿车@[76, 75]
[21:35:56] {"kind": "action", "what": "attack_move", "name": null, "qty": null, "ts": "21:35:56"}
[21:35:59] t=3807 MOVE assault x2 -> (134,79)
[21:35:59] {"kind": "action", "what": "attack_move", "name": null, "qty": null, "ts": "21:35:59"}
[21:36:11] t=3819 MOVE assault x2 -> (134,79)
[21:36:11] {"kind": "action", "what": "attack_move", "name": null, "qty": null, "ts": "21:36:11"}
[21:36:14] t=3822 MOVE raid x2 -> (134,79)
[21:36:14] {"kind": "action", "what": "attack_move", "name": null, "qty": null, "ts": "21:36:14"}
[21:36:25] t=3832 MOVE assault x2 -> (134,79)
[21:36:25] {"kind": "action", "what": "attack_move", "name": null, "qty": null, "ts": "21:36:25"}
[21:36:29] t=3837 tick#2525 credits=305 stance=defend | jev 1200 decisions p50=987ms
[21:36:37] t=3844 MOVE assault x2 -> (134,79)
[21:36:37] {"kind": "action", "what": "attack_move", "name": null, "qty": null, "ts": "21:36:37"}
[21:36:40] t=3847 ESCORT 坦克#2954 -> 护航矿车@[80, 81]
[21:36:40] {"kind": "action", "what": "attack_move", "name": null, "qty": null, "ts": "21:36:40"}
[21:36:44] t=3852 MOVE raid x2 -> (134,79)
[21:36:44] {"kind": "action", "what": "attack_move", "name": null, "qty": null, "ts": "21:36:44"}
[21:36:49] t=3856 MOVE assault x2 -> (134,79)
[21:36:49] {"kind": "action", "what": "attack_move", "name": null, "qty": null, "ts": "21:36:49"}
[21:36:50] t=3858 RETREAT HTNK(25%)
[21:36:50] {"kind": "action", "what": "move", "name": null, "qty": null, "ts": "21:36:50"}
[21:36:56] t=3864 ALARM 单位损失 -> TURTLE (6 v 15, 守塔阵不打野战)
[21:36:56] {"kind": "action", "what": "attack_move", "name": null, "qty": null, "ts": "21:36:56"}
[21:37:05] t=3873 MOVE assault x1 -> (134,79)
[21:37:05] {"kind": "action", "what": "attack_move", "name": null, "qty": null, "ts": "21:37:05"}
[21:37:07] t=3874 tick#2550 credits=455 stance=defend | jev 1200 decisions p50=987ms
[21:37:14] t=3882 MOVE raid x2 -> (134,79)
[21:37:14] {"kind": "action", "what": "attack_move", "name": null, "qty": null, "ts": "21:37:14"}
[21:37:17] t=3885 HARASS DRON x2 (have 1)
[21:37:17] {"kind": "action", "what": "produce", "name": "DRON", "qty": 2, "ts": "21:37:17"}
[21:37:17] t=3885 MOVE assault x1 -> (134,79)
[21:37:17] {"kind": "action", "what": "attack_move", "name": null, "qty": null, "ts": "21:37:17"}
[21:37:19] t=3886 RETREAT HTNK(25%)
[21:37:19] {"kind": "action", "what": "move", "name": null, "qty": null, "ts": "21:37:19"}
[21:37:25] t=3892 ALARM 单位损失 -> TURTLE (5 v 15, 守塔阵不打野战)
[21:37:25] {"kind": "action", "what": "attack_move", "name": null, "qty": null, "ts": "21:37:25"}
[21:37:44] t=3912 tick#2575 credits=1057 stance=defend | jev 1200 decisions p50=987ms
[21:37:46] t=3913 MOVE raid x2 -> (134,79)
[21:37:46] {"kind": "action", "what": "attack_move", "name": null, "qty": null, "ts": "21:37:46"}
[21:37:47] t=3915 TANK HTNK x1
[21:37:47] t=3915 ESCORT 坦克#3037 -> 护航矿车@[78, 79]
[21:37:47] {"kind": "action", "what": "produce", "name": "HTNK", "qty": 1, "ts": "21:37:47"}
[21:37:47] {"kind": "action", "what": "attack_move", "name": null, "qty": null, "ts": "21:37:47"}
[21:37:47] t=3915 MOVE assault x1 -> (134,79)
[21:37:48] {"kind": "action", "what": "attack_move", "name": null, "qty": null, "ts": "21:37:48"}
[21:38:01] t=3928 MOVE assault x1 -> (134,79)
[21:38:01] {"kind": "action", "what": "attack_move", "name": null, "qty": null, "ts": "21:38:01"}
[21:38:13] t=3940 MOVE assault x1 -> (134,79)
[21:38:13] {"kind": "action", "what": "attack_move", "name": null, "qty": null, "ts": "21:38:13"}
[21:38:16] t=3943 MOVE raid x2 -> (134,79)
[21:38:16] {"kind": "action", "what": "attack_move", "name": null, "qty": null, "ts": "21:38:16"}
[21:38:17] t=3945 ESCORT 坦克#3037 -> 护航矿车@[77, 72]
[21:38:17] {"kind": "action", "what": "attack_move", "name": null, "qty": null, "ts": "21:38:17"}
[21:38:22] t=3949 ALARM 单位损失 -> TURTLE (6 v 15, 守塔阵不打野战)
[21:38:22] {"kind": "action", "what": "attack_move", "name": null, "qty": null, "ts": "21:38:22"}
[21:38:22] t=3949 tick#2600 credits=144 stance=defend | jev 1200 decisions p50=987ms
[21:38:31] t=3958 MOVE assault x1 -> (134,79)
[21:38:31] {"kind": "action", "what": "attack_move", "name": null, "qty": null, "ts": "21:38:31"}
[21:38:43] t=3970 MOVE assault x1 -> (134,79)
[21:38:43] {"kind": "action", "what": "attack_move", "name": null, "qty": null, "ts": "21:38:43"}
[21:38:46] t=3973 MOVE raid x2 -> (134,79)
[21:38:46] {"kind": "action", "what": "attack_move", "name": null, "qty": null, "ts": "21:38:46"}
[21:38:47] t=3975 ESCORT 坦克#3048 -> 护航矿车@[78, 74]
[21:38:47] {"kind": "action", "what": "attack_move", "name": null, "qty": null, "ts": "21:38:47"}
[21:38:55] t=3982 MOVE assault x1 -> (134,79)
[21:38:55] {"kind": "action", "what": "attack_move", "name": null, "qty": null, "ts": "21:38:55"}
[21:38:59] t=3987 tick#2625 credits=255 stance=defend | jev 1200 decisions p50=987ms
[21:39:08] t=3996 MOVE assault x1 -> (134,79)
[21:39:08] {"kind": "action", "what": "attack_move", "name": null, "qty": null, "ts": "21:39:08"}
[21:39:16] t=4003 MOVE raid x2 -> (134,79)
[21:39:16] {"kind": "action", "what": "attack_move", "name": null, "qty": null, "ts": "21:39:16"}
[21:39:17] t=4005 ESCORT 坦克#3048 -> 护航矿车@[80, 90]
[21:39:17] {"kind": "action", "what": "attack_move", "name": null, "qty": null, "ts": "21:39:17"}
[21:39:20] t=4008 MOVE assault x1 -> (134,79)
[21:39:21] {"kind": "action", "what": "attack_move", "name": null, "qty": null, "ts": "21:39:21"}
[21:39:32] t=4020 MOVE assault x1 -> (134,79)
[21:39:33] {"kind": "action", "what": "attack_move", "name": null, "qty": null, "ts": "21:39:33"}
[21:39:37] t=4024 tick#2650 credits=480 stance=defend | jev 1200 decisions p50=987ms
[21:39:45] t=4032 MOVE assault x1 -> (134,79)
[21:39:45] {"kind": "action", "what": "attack_move", "name": null, "qty": null, "ts": "21:39:45"}
[21:39:46] t=4033 MOVE raid x2 -> (134,79)
[21:39:46] {"kind": "action", "what": "attack_move", "name": null, "qty": null, "ts": "21:39:46"}
[21:39:49] t=4036 TANK HTNK x2
[21:39:49] {"kind": "action", "what": "produce", "name": "HTNK", "qty": 2, "ts": "21:39:49"}
[21:39:53] t=4041 RETREAT HTNK(25%)
[21:39:53] {"kind": "action", "what": "move", "name": null, "qty": null, "ts": "21:39:53"}
[21:39:58] t=4045 MOVE assault x1 -> (134,79)
[21:39:58] {"kind": "action", "what": "attack_move", "name": null, "qty": null, "ts": "21:39:58"}
[21:39:59] t=4047 ALARM 单位损失 -> TURTLE (6 v 15, 守塔阵不打野战)
[21:39:59] {"kind": "action", "what": "attack_move", "name": null, "qty": null, "ts": "21:39:59"}
[21:40:15] t=4062 tick#2675 credits=969 stance=defend | jev 1200 decisions p50=987ms
[21:40:16] t=4063 MOVE raid x2 -> (134,79)
[21:40:16] {"kind": "action", "what": "attack_move", "name": null, "qty": null, "ts": "21:40:16"}
[21:40:26] t=4074 ESCORT 坦克#3041 -> 护航矿车@[77, 75]
[21:40:27] {"kind": "action", "what": "attack_move", "name": null, "qty": null, "ts": "21:40:27"}
[21:40:27] t=4074 MOVE assault x1 -> (134,79)
[21:40:27] {"kind": "action", "what": "attack_move", "name": null, "qty": null, "ts": "21:40:27"}
[21:40:40] t=4087 MOVE assault x1 -> (134,79)
[21:40:40] {"kind": "action", "what": "attack_move", "name": null, "qty": null, "ts": "21:40:40"}
[21:40:46] t=4093 MOVE raid x2 -> (134,79)
[21:40:46] {"kind": "action", "what": "attack_move", "name": null, "qty": null, "ts": "21:40:46"}
[21:40:52] t=4099 ALARM 单位损失 -> TURTLE (6 v 15, 守塔阵不打野战)
[21:40:52] {"kind": "action", "what": "attack_move", "name": null, "qty": null, "ts": "21:40:52"}
[21:40:52] t=4099 tick#2700 credits=180 stance=defend | jev 1200 decisions p50=987ms
[21:41:01] t=4108 MOVE assault x1 -> (134,79)
[21:41:01] {"kind": "action", "what": "attack_move", "name": null, "qty": null, "ts": "21:41:01"}
[21:41:15] t=4122 MOVE assault x1 -> (134,79)
[21:41:15] {"kind": "action", "what": "attack_move", "name": null, "qty": null, "ts": "21:41:15"}
[21:41:16] t=4123 MOVE raid x2 -> (134,79)
[21:41:16] {"kind": "action", "what": "attack_move", "name": null, "qty": null, "ts": "21:41:16"}
[21:41:19] t=4126 ESCORT 坦克#3068 -> 护航矿车@[74, 74]
[21:41:19] {"kind": "action", "what": "attack_move", "name": null, "qty": null, "ts": "21:41:19"}
[21:41:28] t=4135 MOVE assault x2 -> (134,79)
[21:41:28] {"kind": "action", "what": "attack_move", "name": null, "qty": null, "ts": "21:41:28"}
[21:41:30] t=4137 tick#2725 credits=180 stance=defend | jev 1200 decisions p50=987ms
[21:41:42] t=4149 MOVE assault x2 -> (134,79)
[21:41:42] {"kind": "action", "what": "attack_move", "name": null, "qty": null, "ts": "21:41:42"}
[21:41:46] t=4153 MOVE raid x2 -> (134,79)
[21:41:46] {"kind": "action", "what": "attack_move", "name": null, "qty": null, "ts": "21:41:46"}
[21:41:49] t=4156 ESCORT 坦克#3078 -> 护航矿车@[77, 78]
[21:41:49] {"kind": "action", "what": "attack_move", "name": null, "qty": null, "ts": "21:41:49"}
[21:41:54] t=4161 MOVE assault x2 -> (134,79)
[21:41:54] {"kind": "action", "what": "attack_move", "name": null, "qty": null, "ts": "21:41:54"}
[21:42:06] t=4173 MOVE assault x2 -> (134,79)
[21:42:06] {"kind": "action", "what": "attack_move", "name": null, "qty": null, "ts": "21:42:06"}
[21:42:07] t=4174 tick#2750 credits=330 stance=defend | jev 1200 decisions p50=987ms
[21:42:16] t=4183 MOVE raid x2 -> (134,79)
[21:42:16] {"kind": "action", "what": "attack_move", "name": null, "qty": null, "ts": "21:42:16"}
[21:42:18] t=4185 RETREAT HTNK(25%)
[21:42:18] {"kind": "action", "what": "move", "name": null, "qty": null, "ts": "21:42:18"}
[21:42:18] t=4185 MOVE assault x2 -> (134,79)
[21:42:18] {"kind": "action", "what": "attack_move", "name": null, "qty": null, "ts": "21:42:18"}
[21:42:30] t=4197 HARASS DRON x2 (have 1)
[21:42:30] {"kind": "action", "what": "produce", "name": "DRON", "qty": 2, "ts": "21:42:30"}
[21:42:31] t=4198 MOVE assault x2 -> (134,79)
[21:42:31] {"kind": "action", "what": "attack_move", "name": null, "qty": null, "ts": "21:42:31"}
[21:42:40] t=4207 RETREAT HTNK(25%)
[21:42:40] {"kind": "action", "what": "move", "name": null, "qty": null, "ts": "21:42:40"}
[21:42:45] t=4212 MOVE assault x2 -> (134,79)
[21:42:45] {"kind": "action", "what": "attack_move", "name": null, "qty": null, "ts": "21:42:45"}
[21:42:45] t=4212 tick#2775 credits=1041 stance=defend | jev 1200 decisions p50=987ms
[21:42:46] t=4213 ALARM 单位损失 -> TURTLE (6 v 15, 守塔阵不打野战)
[21:42:46] {"kind": "action", "what": "attack_move", "name": null, "qty": null, "ts": "21:42:46"}
[21:42:49] t=4216 ESCORT 坦克#3041 -> 护航矿车@[80, 94]
[21:42:49] {"kind": "action", "what": "attack_move", "name": null, "qty": null, "ts": "21:42:49"}
[21:42:55] t=4222 MOVE raid x2 -> (134,79)
[21:42:55] {"kind": "action", "what": "attack_move", "name": null, "qty": null, "ts": "21:42:55"}
[21:43:00] t=4227 MOVE assault x1 -> (134,79)
[21:43:00] {"kind": "action", "what": "attack_move", "name": null, "qty": null, "ts": "21:43:00"}
[21:43:12] t=4239 MOVE assault x1 -> (134,79)
[21:43:12] {"kind": "action", "what": "attack_move", "name": null, "qty": null, "ts": "21:43:12"}
[21:43:19] t=4246 ESCORT 坦克#3041 -> 护航矿车@[75, 73]
[21:43:19] {"kind": "action", "what": "attack_move", "name": null, "qty": null, "ts": "21:43:19"}
[21:43:22] t=4249 tick#2800 credits=880 stance=defend | jev 1200 decisions p50=987ms
[21:43:24] t=4251 MOVE assault x1 -> (134,79)
[21:43:24] {"kind": "action", "what": "attack_move", "name": null, "qty": null, "ts": "21:43:24"}
[21:43:25] t=4252 MOVE raid x2 -> (134,79)
[21:43:25] {"kind": "action", "what": "attack_move", "name": null, "qty": null, "ts": "21:43:25"}
[21:43:34] t=4261 ALARM 单位损失 -> TURTLE (6 v 15, 守塔阵不打野战)
[21:43:34] {"kind": "action", "what": "attack_move", "name": null, "qty": null, "ts": "21:43:34"}
[21:43:55] t=4282 MOVE raid x2 -> (134,79)
[21:43:55] {"kind": "action", "what": "attack_move", "name": null, "qty": null, "ts": "21:43:55"}
[21:43:58] t=4285 TANK HTNK x1
[21:43:58] {"kind": "action", "what": "produce", "name": "HTNK", "qty": 1, "ts": "21:43:58"}
[21:44:00] t=4287 tick#2825 credits=994 stance=defend | jev 1200 decisions p50=987ms
[21:44:25] t=4312 ALARM 单位损失 -> TURTLE (5 v 15, 守塔阵不打野战)
[21:44:25] {"kind": "action", "what": "attack_move", "name": null, "qty": null, "ts": "21:44:25"}
[21:44:34] t=4321 MOVE raid x2 -> (134,79)
[21:44:34] {"kind": "action", "what": "attack_move", "name": null, "qty": null, "ts": "21:44:34"}
[21:44:36] t=4323 MOVE assault x1 -> (134,79)
[21:44:36] {"kind": "action", "what": "attack_move", "name": null, "qty": null, "ts": "21:44:36"}
[21:44:37] t=4324 tick#2850 credits=130 stance=defend | jev 1200 decisions p50=987ms
[21:44:48] t=4335 MOVE assault x1 -> (134,79)
[21:44:48] {"kind": "action", "what": "attack_move", "name": null, "qty": null, "ts": "21:44:48"}
[21:44:51] t=4338 ALARM 单位损失 -> TURTLE (5 v 15, 守塔阵不打野战)
[21:44:51] {"kind": "action", "what": "attack_move", "name": null, "qty": null, "ts": "21:44:51"}
[21:45:00] t=4347 MOVE assault x1 -> (134,79)
[21:45:00] {"kind": "action", "what": "attack_move", "name": null, "qty": null, "ts": "21:45:00"}
[21:45:13] t=4360 MOVE assault x1 -> (134,79)
[21:45:13] {"kind": "action", "what": "attack_move", "name": null, "qty": null, "ts": "21:45:13"}
[21:45:15] t=4362 tick#2875 credits=355 stance=defend | jev 1200 decisions p50=987ms
[21:45:25] t=4372 MOVE assault x1 -> (134,79)
[21:45:25] {"kind": "action", "what": "attack_move", "name": null, "qty": null, "ts": "21:45:25"}
[21:45:37] t=4384 MOVE assault x1 -> (134,79)
[21:45:37] {"kind": "action", "what": "attack_move", "name": null, "qty": null, "ts": "21:45:37"}
[21:45:48] t=4395 HARASS DRON x2 (have 0)
[21:45:48] {"kind": "action", "what": "produce", "name": "DRON", "qty": 2, "ts": "21:45:48"}
[21:45:49] t=4396 MOVE assault x1 -> (134,79)
[21:45:49] {"kind": "action", "what": "attack_move", "name": null, "qty": null, "ts": "21:45:49"}
[21:45:52] t=4399 tick#2900 credits=1508 stance=defend | jev 1200 decisions p50=987ms
[21:46:01] t=4408 MOVE assault x1 -> (134,79)
[21:46:01] {"kind": "action", "what": "attack_move", "name": null, "qty": null, "ts": "21:46:01"}
[21:46:03] t=4410 MOVE raid x2 -> (134,79)
[21:46:03] {"kind": "action", "what": "attack_move", "name": null, "qty": null, "ts": "21:46:03"}
[21:46:09] t=4416 RETREAT HTNK(25%)
[21:46:09] {"kind": "action", "what": "move", "name": null, "qty": null, "ts": "21:46:09"}
[21:46:15] t=4422 ALARM 单位损失 -> TURTLE (5 v 15, 守塔阵不打野战)
[21:46:15] {"kind": "action", "what": "attack_move", "name": null, "qty": null, "ts": "21:46:15"}
[21:46:30] t=4437 tick#2925 credits=830 stance=defend | jev 1200 decisions p50=987ms
[21:46:33] t=4440 MOVE raid x2 -> (134,79)
[21:46:33] {"kind": "action", "what": "attack_move", "name": null, "qty": null, "ts": "21:46:33"}
[21:46:52] t=4459 TANK HTNK x1
[21:46:52] {"kind": "action", "what": "produce", "name": "HTNK", "qty": 1, "ts": "21:46:52"}
[21:47:03] t=4470 ALARM 单位损失 -> TURTLE (5 v 15, 守塔阵不打野战)
[21:47:03] {"kind": "action", "what": "attack_move", "name": null, "qty": null, "ts": "21:47:03"}
[21:47:07] t=4474 tick#2950 credits=682 stance=defend | jev 1200 decisions p50=987ms
[21:47:12] t=4479 MOVE raid x2 -> (134,79)
[21:47:12] {"kind": "action", "what": "attack_move", "name": null, "qty": null, "ts": "21:47:12"}
[21:47:27] t=4494 ALARM 单位损失 -> TURTLE (4 v 15, 守塔阵不打野战)
[21:47:27] {"kind": "action", "what": "attack_move", "name": null, "qty": null, "ts": "21:47:27"}
[21:47:36] t=4503 MOVE assault x1 -> (134,79)
[21:47:36] {"kind": "action", "what": "attack_move", "name": null, "qty": null, "ts": "21:47:36"}
[21:47:45] t=4512 tick#2975 credits=305 stance=defend | jev 1200 decisions p50=987ms
[21:47:48] t=4515 MOVE assault x1 -> (134,79)
[21:47:48] {"kind": "action", "what": "attack_move", "name": null, "qty": null, "ts": "21:47:48"}
[21:48:01] t=4528 MOVE assault x1 -> (134,79)
[21:48:01] {"kind": "action", "what": "attack_move", "name": null, "qty": null, "ts": "21:48:01"}
[21:48:13] t=4540 MOVE assault x1 -> (134,79)
[21:48:13] {"kind": "action", "what": "attack_move", "name": null, "qty": null, "ts": "21:48:13"}
[21:48:22] t=4549 tick#3000 credits=305 stance=defend | jev 1200 decisions p50=987ms
[21:48:25] t=4552 MOVE assault x1 -> (134,79)
[21:48:25] {"kind": "action", "what": "attack_move", "name": null, "qty": null, "ts": "21:48:25"}
[21:48:37] t=4564 MOVE assault x1 -> (134,79)
[21:48:37] {"kind": "action", "what": "attack_move", "name": null, "qty": null, "ts": "21:48:37"}
[21:48:39] t=4566 RETREAT HTNK(25%)
[21:48:39] {"kind": "action", "what": "move", "name": null, "qty": null, "ts": "21:48:39"}
[21:48:43] t=4570 HARASS DRON x2 (have 0)
[21:48:43] {"kind": "action", "what": "produce", "name": "DRON", "qty": 2, "ts": "21:48:43"}
[21:48:45] t=4572 ALARM 单位损失 -> TURTLE (4 v 15, 守塔阵不打野战)
[21:48:45] {"kind": "action", "what": "attack_move", "name": null, "qty": null, "ts": "21:48:45"}
[21:48:58] t=4585 MOVE raid x2 -> (134,79)
[21:48:58] {"kind": "action", "what": "attack_move", "name": null, "qty": null, "ts": "21:48:58"}
[21:49:00] t=4587 tick#3025 credits=1198 stance=defend | jev 1200 decisions p50=987ms
[21:49:28] t=4615 MOVE raid x2 -> (134,79)
[21:49:28] {"kind": "action", "what": "attack_move", "name": null, "qty": null, "ts": "21:49:28"}
[21:49:31] t=4618 ALARM 单位损失 -> TURTLE (5 v 15, 守塔阵不打野战)
[21:49:31] {"kind": "action", "what": "attack_move", "name": null, "qty": null, "ts": "21:49:31"}
[21:49:31] t=4618 HARASS DRON x2 (have 1)
[21:49:31] {"kind": "action", "what": "produce", "name": "DRON", "qty": 2, "ts": "21:49:31"}
[21:49:37] t=4624 tick#3050 credits=841 stance=defend | jev 1200 decisions p50=987ms
[21:49:58] t=4646 MOVE raid x2 -> (134,79)
[21:49:58] {"kind": "action", "what": "attack_move", "name": null, "qty": null, "ts": "21:49:58"}
[21:50:01] t=4649 ESCORT 坦克#3159 -> 护航矿车@[75, 73]
[21:50:01] {"kind": "action", "what": "attack_move", "name": null, "qty": null, "ts": "21:50:01"}
[21:50:01] t=4649 MOVE assault x1 -> (134,79)
[21:50:01] {"kind": "action", "what": "attack_move", "name": null, "qty": null, "ts": "21:50:01"}
[21:50:15] t=4662 MOVE assault x1 -> (134,79)
[21:50:15] {"kind": "action", "what": "attack_move", "name": null, "qty": null, "ts": "21:50:15"}
[21:50:15] t=4662 tick#3075 credits=205 stance=defend | jev 1200 decisions p50=987ms
[21:50:27] t=4674 MOVE assault x1 -> (134,79)
[21:50:27] {"kind": "action", "what": "attack_move", "name": null, "qty": null, "ts": "21:50:27"}
[21:50:28] t=4676 MOVE raid x2 -> (134,79)
[21:50:28] {"kind": "action", "what": "attack_move", "name": null, "qty": null, "ts": "21:50:28"}
[21:50:31] t=4679 ALARM 单位损失 -> TURTLE (6 v 15, 守塔阵不打野战)
[21:50:31] {"kind": "action", "what": "attack_move", "name": null, "qty": null, "ts": "21:50:31"}
[21:50:52] t=4700 tick#3100 credits=430 stance=defend | jev 1200 decisions p50=987ms
[21:50:58] t=4706 MOVE raid x2 -> (134,79)
[21:50:58] {"kind": "action", "what": "attack_move", "name": null, "qty": null, "ts": "21:50:58"}
[21:51:28] t=4736 MOVE raid x2 -> (134,79)
[21:51:28] {"kind": "action", "what": "attack_move", "name": null, "qty": null, "ts": "21:51:28"}
[21:51:30] t=4737 tick#3125 credits=580 stance=defend | jev 1200 decisions p50=987ms
[21:51:33] t=4740 ALARM 单位损失 -> TURTLE (5 v 15, 守塔阵不打野战)
[21:51:33] {"kind": "action", "what": "attack_move", "name": null, "qty": null, "ts": "21:51:33"}
[21:51:58] t=4766 MOVE raid x2 -> (134,79)
[21:51:58] {"kind": "action", "what": "attack_move", "name": null, "qty": null, "ts": "21:51:58"}
[21:52:06] t=4773 HARASS DRON x2 (have 1)
[21:52:06] {"kind": "action", "what": "produce", "name": "DRON", "qty": 2, "ts": "21:52:06"}
[21:52:07] t=4775 tick#3150 credits=1667 stance=defend | jev 1200 decisions p50=987ms
[21:52:27] t=4794 ALARM 单位损失 -> TURTLE (5 v 15, 守塔阵不打野战)
[21:52:27] {"kind": "action", "what": "attack_move", "name": null, "qty": null, "ts": "21:52:27"}
[21:52:36] t=4803 TANK HTNK x1
[21:52:36] {"kind": "action", "what": "produce", "name": "HTNK", "qty": 1, "ts": "21:52:36"}
[21:52:36] t=4803 MOVE raid x2 -> (134,79)
[21:52:36] {"kind": "action", "what": "attack_move", "name": null, "qty": null, "ts": "21:52:36"}
