[11:30:02] 进局中(全自动)...
[11:32:48] {"kind": "start", "policy": "ra2web-jev-player/1.0", "maxDecisions": 1200, "micro": {"events": [{"kind": "micro", "t": 0, "what": "start"}], "loopN": 1, "on": true, "outcome": null, "stall": false}, "ts": "11:32:48"}
[11:32:48] === ra2web-jev-player start (tick=1.5s, max_decisions=1200) ===
[11:32:48] t=0 DEPLOY mcv
[11:32:48] {"kind": "action", "what": "deploy", "ids": [1042], "ts": "11:32:48"}
[11:32:48] {"kind": "action", "what": "deploy", "name": null, "qty": null, "ts": "11:32:48"}
[11:32:50] t=2 POWER plant (reserve 0)
[11:32:50] {"kind": "action", "what": "produce", "name": "NAPOWR", "qty": 1, "ts": "11:32:50"}
[11:32:51] t=2 jev STANCE defend->develop (conf 0.91)
[11:33:14] t=26 OPENING BUILD NAREFN
[11:33:14] {"kind": "action", "what": "produce", "name": "NAREFN", "qty": 1, "ts": "11:33:14"}
[11:33:25] t=36 tick#25 credits=9159 stance=develop | jev 25 decisions p50=820ms
[11:34:02] t=74 tick#50 credits=8241 stance=develop | jev 50 decisions p50=827ms
[11:34:40] t=111 tick#75 credits=7400 stance=develop | jev 75 decisions p50=820ms
[11:34:41] t=113 OPENING BUILD NAHAND
[11:34:41] {"kind": "action", "what": "produce", "name": "NAHAND", "qty": 1, "ts": "11:34:41"}
[11:35:00] t=132 DEFLINE NALASR (have 0)
[11:35:00] {"kind": "action", "what": "produce", "name": "NALASR", "qty": 1, "ts": "11:35:00"}
[11:35:00] t=132 OPENING BUILD NAWEAP
[11:35:00] {"kind": "action", "what": "produce", "name": "NAWEAP", "qty": 1, "ts": "11:35:00"}
[11:35:01] t=132 jev INF DOG (conf 0.30)
[11:35:01] {"kind": "action", "what": "produce", "name": "DOG", "qty": 1, "ts": "11:35:01"}
[11:35:09] t=141 SCOUT dog->mirror [130, 83]
[11:35:09] {"kind": "action", "what": "attack_move", "name": null, "qty": null, "ts": "11:35:09"}
[11:35:17] t=149 tick#100 credits=5842 stance=develop | jev 100 decisions p50=820ms
[11:35:52] t=183 jev INF DOG (conf 0.29)
[11:35:52] t=183 jev STANCE defend->develop (conf 0.53)
[11:35:52] {"kind": "action", "what": "produce", "name": "DOG", "qty": 1, "ts": "11:35:52"}
[11:35:55] t=186 tick#125 credits=4865 stance=develop | jev 125 decisions p50=813ms
[11:36:01] t=192 jev INF DOG (conf 0.25)
[11:36:01] {"kind": "action", "what": "produce", "name": "DOG", "qty": 1, "ts": "11:36:01"}
[11:36:10] t=201 jev INF DOG (conf 0.23)
[11:36:10] {"kind": "action", "what": "produce", "name": "DOG", "qty": 1, "ts": "11:36:10"}
[11:36:19] t=210 jev INF DOG (conf 0.26)
[11:36:19] {"kind": "action", "what": "produce", "name": "DOG", "qty": 1, "ts": "11:36:19"}
[11:36:27] t=219 ECON harv#2
[11:36:27] t=219 TANK HTNK x2
[11:36:27] {"kind": "action", "what": "produce", "name": "HARV", "qty": 1, "ts": "11:36:27"}
[11:36:28] t=219 jev BUILD NAPOWR (conf 0.40)
[11:36:28] {"kind": "action", "what": "produce", "name": "NAPOWR", "qty": 1, "ts": "11:36:28"}
[11:36:29] t=221 INSURE AA building
[11:36:29] {"kind": "action", "what": "produce", "name": "NAFLAK", "qty": 1, "ts": "11:36:29"}
[11:36:32] t=224 tick#150 credits=3117 stance=develop | jev 150 decisions p50=811ms
[11:36:52] t=244 jev BUILD NAREFN HOLD (资金闸门: 坦克优先, cash=2762)
[11:36:53] t=245 jev BUILD NAREFN HOLD (资金闸门: 坦克优先, cash=2712)
[11:36:55] t=247 jev BUILD NAREFN HOLD (资金闸门: 坦克优先, cash=2613)
[11:36:55] t=247 jev INF E2 (conf 0.23)
[11:36:55] {"kind": "action", "what": "produce", "name": "E2", "qty": 1, "ts": "11:36:55"}
[11:36:57] t=248 jev BUILD NAREFN HOLD (资金闸门: 坦克优先, cash=2539)
[11:36:58] t=250 jev BUILD NAREFN HOLD (资金闸门: 坦克优先, cash=2389)
[11:36:59] t=251 jev BUILD NAREFN HOLD (资金闸门: 坦克优先, cash=2325)
[11:36:59] t=251 jev INF E2 (conf 0.36)
[11:36:59] t=251 MOVE assault x1 -> (73,120)
[11:37:00] {"kind": "action", "what": "attack_move", "name": null, "qty": null, "ts": "11:37:00"}
[11:37:01] t=253 jev BUILD NAREFN HOLD (资金闸门: 坦克优先, cash=2225)
[11:37:01] t=253 jev INF E2 (conf 0.38)
[11:37:01] {"kind": "action", "what": "produce", "name": "E2", "qty": 1, "ts": "11:37:01"}
[11:37:02] t=254 jev BUILD NAREFN HOLD (资金闸门: 坦克优先, cash=2151)
[11:37:04] t=256 jev BUILD NAREFN HOLD (资金闸门: 坦克优先, cash=2002)
[11:37:05] t=257 jev BUILD NAHAND (conf 0.24)
[11:37:05] t=257 jev INF E2 (conf 0.49)
[11:37:06] {"kind": "action", "what": "produce", "name": "NAHAND", "qty": 1, "ts": "11:37:06"}
[11:37:07] t=259 jev INF E2 (conf 0.46)
[11:37:07] {"kind": "action", "what": "produce", "name": "E2", "qty": 1, "ts": "11:37:07"}
[11:37:10] t=262 tick#175 credits=1539 stance=develop | jev 175 decisions p50=809ms
[11:37:11] t=263 jev INF E2 (conf 0.46)
[11:37:11] t=263 MOVE assault x3 -> (73,120)
[11:37:12] {"kind": "action", "what": "attack_move", "name": null, "qty": null, "ts": "11:37:12"}
[11:37:13] t=265 jev INF E2 (conf 0.47)
[11:37:13] {"kind": "action", "what": "produce", "name": "E2", "qty": 1, "ts": "11:37:13"}
[11:37:14] t=266 jev INF E2 (conf 0.50)
[11:37:19] t=271 jev INF E2 HOLD (预算保护 gate=False e2=4)
[11:37:19] t=271 MOVE assault x4 -> (70,117)
[11:37:19] {"kind": "action", "what": "attack_move", "name": null, "qty": null, "ts": "11:37:19"}
[11:37:20] t=272 jev INF E2 HOLD (预算保护 gate=False e2=4)
[11:37:22] t=274 jev INF E2 HOLD (预算保护 gate=False e2=4)
[11:37:23] t=275 jev INF E2 HOLD (预算保护 gate=False e2=4)
[11:37:25] t=277 jev INF E2 HOLD (预算保护 gate=False e2=4)
[11:37:26] t=278 jev INF E2 HOLD (预算保护 gate=False e2=4)
[11:37:26] t=278 jev VEH DRON (conf 0.34)
[11:37:27] {"kind": "action", "what": "produce", "name": "DRON", "qty": 1, "ts": "11:37:27"}
[11:37:28] t=280 jev INF E2 HOLD (预算保护 gate=False e2=4)
[11:37:30] t=281 jev INF E2 HOLD (预算保护 gate=False e2=4)
[11:37:31] t=283 jev INF E2 HOLD (预算保护 gate=False e2=4)
[11:37:31] t=283 MOVE assault x4 -> (70,117)
[11:37:31] {"kind": "action", "what": "attack_move", "name": null, "qty": null, "ts": "11:37:31"}
[11:37:33] t=284 jev INF E2 HOLD (预算保护 gate=False e2=4)
[11:37:34] t=286 jev INF E2 HOLD (预算保护 gate=False e2=4)
[11:37:35] t=287 jev BUILD NAREFN HOLD (资金闸门: 坦克优先, cash=443)
[11:37:35] t=287 jev INF E2 HOLD (预算保护 gate=False e2=4)
[11:37:37] t=289 jev INF E2 HOLD (预算保护 gate=False e2=4)
[11:37:39] t=290 jev INF E2 HOLD (预算保护 gate=False e2=4)
[11:37:40] t=292 jev INF E2 HOLD (预算保护 gate=False e2=4)
[11:37:41] t=293 jev INF E2 HOLD (预算保护 gate=False e2=4)
[11:37:42] t=295 SCOUT #1088->[130, 83] (visit 1)
[11:37:42] {"kind": "action", "what": "attack_move", "name": null, "qty": null, "ts": "11:37:42"}
[11:37:43] t=295 jev INF E2 HOLD (预算保护 gate=False e2=4)
[11:37:43] t=295 jev VEH DRON (conf 0.30)
[11:37:43] {"kind": "action", "what": "produce", "name": "DRON", "qty": 1, "ts": "11:37:43"}
[11:37:43] t=295 MOVE assault x4 -> (70,117)
[11:37:43] {"kind": "action", "what": "attack_move", "name": null, "qty": null, "ts": "11:37:43"}
[11:37:46] t=298 jev INF E2 HOLD (预算保护 gate=False e2=4)
[11:37:48] t=299 jev INF E2 HOLD (预算保护 gate=False e2=4)
[11:37:48] t=299 tick#200 credits=154 stance=develop | jev 200 decisions p50=809ms
[11:37:48] t=301 ALARM 敌军逼近 -> counter 8 vs 1 -> [86, 111]
[11:37:48] {"kind": "action", "what": "attack_move", "name": null, "qty": null, "ts": "11:37:48"}
[11:37:49] t=301 jev INF E2 HOLD (预算保护 gate=False e2=4)
[11:37:55] t=307 jev INF DOG (conf 0.27)
[11:37:55] {"kind": "action", "what": "produce", "name": "DOG", "qty": 1, "ts": "11:37:55"}
[11:37:57] t=308 MOVE assault x4 -> (70,117)
[11:37:57] {"kind": "action", "what": "attack_move", "name": null, "qty": null, "ts": "11:37:57"}
[11:38:09] t=322 RETREAT DRON(10%)
[11:38:09] {"kind": "action", "what": "move", "name": null, "qty": null, "ts": "11:38:09"}
[11:38:10] t=322 MOVE assault x4 -> (70,117)
[11:38:10] {"kind": "action", "what": "attack_move", "name": null, "qty": null, "ts": "11:38:10"}
[11:38:11] t=323 ALARM 单位损失 -> counter 8 vs 5 -> [70, 117]
[11:38:11] {"kind": "action", "what": "attack_move", "name": null, "qty": null, "ts": "11:38:11"}
[11:38:23] t=334 MOVE assault x4 -> (70,117)
[11:38:23] {"kind": "action", "what": "attack_move", "name": null, "qty": null, "ts": "11:38:23"}
[11:38:26] t=337 tick#225 credits=860 stance=defend | jev 225 decisions p50=811ms
[11:38:27] t=339 jev INF E2 HOLD (预算保护 gate=False e2=4)
[11:38:27] t=339 jev VEH DRON (conf 0.39)
[11:38:27] {"kind": "action", "what": "produce", "name": "DRON", "qty": 1, "ts": "11:38:27"}
[11:38:29] t=340 jev INF E2 HOLD (预算保护 gate=False e2=4)
[11:38:29] t=340 jev VEH DRON (conf 0.46)
[11:38:30] t=342 jev INF E2 HOLD (预算保护 gate=False e2=4)
[11:38:32] t=343 jev INF E2 HOLD (预算保护 gate=False e2=4)
[11:38:33] t=345 jev INF E2 HOLD (预算保护 gate=False e2=4)
[11:38:35] t=346 jev INF E2 HOLD (预算保护 gate=False e2=4)
[11:38:35] t=346 MOVE assault x5 -> (70,117)
[11:38:35] {"kind": "action", "what": "attack_move", "name": null, "qty": null, "ts": "11:38:35"}
[11:38:36] t=348 jev INF E2 HOLD (预算保护 gate=False e2=4)
[11:38:38] t=349 jev INF E2 HOLD (预算保护 gate=False e2=4)
[11:38:39] t=351 jev INF E2 HOLD (预算保护 gate=False e2=4)
[11:38:41] t=352 jev INF E2 HOLD (预算保护 gate=False e2=4)
[11:38:42] t=354 jev INF E2 HOLD (预算保护 gate=False e2=4)
[11:38:44] t=355 jev INF E2 HOLD (预算保护 gate=False e2=4)
[11:38:44] t=355 jev VEH DRON (conf 0.45)
[11:38:44] {"kind": "action", "what": "produce", "name": "DRON", "qty": 1, "ts": "11:38:44"}
[11:38:45] t=357 jev INF E2 HOLD (预算保护 gate=False e2=4)
[11:38:47] t=358 jev INF E2 HOLD (预算保护 gate=False e2=4)
[11:38:48] t=360 jev INF E2 HOLD (预算保护 gate=False e2=4)
[11:38:48] t=360 MOVE assault x6 -> (70,117)
[11:38:48] {"kind": "action", "what": "attack_move", "name": null, "qty": null, "ts": "11:38:48"}
[11:38:50] t=361 jev INF E2 HOLD (预算保护 gate=False e2=4)
[11:38:50] t=363 ALARM 敌军逼近 -> counter 11 vs 5 -> [73, 108]
[11:38:50] {"kind": "action", "what": "attack_move", "name": null, "qty": null, "ts": "11:38:50"}
[11:38:52] t=363 jev INF E2 HOLD (预算保护 gate=False e2=4)
[11:38:53] t=364 jev INF E2 HOLD (预算保护 gate=False e2=4)
[11:38:54] t=366 jev INF E2 HOLD (预算保护 gate=False e2=4)
[11:38:57] t=369 jev INF E2 HOLD (预算保护 gate=False e2=4)
[11:38:59] t=370 jev INF E2 HOLD (预算保护 gate=False e2=4)
[11:39:02] t=373 MOVE assault x6 -> (70,117)
[11:39:02] {"kind": "action", "what": "attack_move", "name": null, "qty": null, "ts": "11:39:02"}
[11:39:03] t=375 tick#250 credits=0 stance=defend | jev 250 decisions p50=818ms
[11:39:15] t=387 MOVE assault x6 -> (70,117)
[11:39:15] {"kind": "action", "what": "attack_move", "name": null, "qty": null, "ts": "11:39:15"}
[11:39:22] t=394 TANK HTNK x1
[11:39:22] {"kind": "action", "what": "produce", "name": "HTNK", "qty": 1, "ts": "11:39:22"}
[11:39:23] t=394 jev INF E2 (conf 0.38)
[11:39:23] {"kind": "action", "what": "produce", "name": "E2", "qty": 1, "ts": "11:39:23"}
[11:39:23] t=394 MOVE guard x2 -> (73,120)
[11:39:23] {"kind": "action", "what": "attack_move", "name": null, "qty": null, "ts": "11:39:23"}
[11:39:27] t=399 jev INF E2 HOLD (预算保护 gate=False e2=5)
[11:39:27] t=399 MOVE reserve x1 -> (70,125)
[11:39:27] {"kind": "action", "what": "attack_move", "name": null, "qty": null, "ts": "11:39:27"}
[11:39:29] t=400 jev INF E2 HOLD (预算保护 gate=False e2=5)
[11:39:29] t=400 MOVE assault x5 -> (70,117)
[11:39:29] {"kind": "action", "what": "attack_move", "name": null, "qty": null, "ts": "11:39:29"}
[11:39:30] t=402 jev INF E2 HOLD (预算保护 gate=False e2=5)
[11:39:32] t=403 jev INF E2 HOLD (预算保护 gate=False e2=5)
[11:39:33] t=405 jev INF E2 HOLD (预算保护 gate=False e2=5)
[11:39:35] t=406 jev INF E2 HOLD (预算保护 gate=False e2=5)
[11:39:36] t=408 jev INF E2 HOLD (预算保护 gate=False e2=5)
[11:39:38] t=409 jev INF E2 HOLD (预算保护 gate=False e2=5)
[11:39:39] t=411 jev INF E2 HOLD (预算保护 gate=False e2=5)
[11:39:41] t=412 jev INF E2 HOLD (预算保护 gate=False e2=5)
[11:39:41] t=412 MOVE assault x5 -> (70,117)
[11:39:41] {"kind": "action", "what": "attack_move", "name": null, "qty": null, "ts": "11:39:41"}
[11:39:41] t=412 tick#275 credits=575 stance=defend | jev 275 decisions p50=816ms
[11:39:42] t=414 jev INF E2 HOLD (预算保护 gate=False e2=5)
[11:39:44] t=415 jev INF E2 HOLD (预算保护 gate=False e2=5)
[11:39:45] t=417 jev INF E2 HOLD (预算保护 gate=False e2=5)
[11:39:47] t=418 jev INF E2 HOLD (预算保护 gate=False e2=5)
[11:39:48] t=420 jev INF E2 HOLD (预算保护 gate=False e2=5)
[11:39:50] t=421 jev INF E2 HOLD (预算保护 gate=False e2=5)
[11:39:51] t=423 jev INF E2 HOLD (预算保护 gate=False e2=5)
[11:39:53] t=424 jev INF E2 HOLD (预算保护 gate=False e2=5)
[11:39:53] t=424 MOVE assault x5 -> (70,117); guard x2 -> (73,120)
[11:39:53] {"kind": "action", "what": "attack_move", "name": null, "qty": null, "ts": "11:39:53"}
[11:39:53] {"kind": "action", "what": "attack_move", "name": null, "qty": null, "ts": "11:39:53"}
[11:39:54] t=426 jev INF E2 HOLD (预算保护 gate=False e2=5)
[11:39:56] t=427 jev INF E2 HOLD (预算保护 gate=False e2=5)
[11:39:57] t=429 jev INF E2 HOLD (预算保护 gate=False e2=5)
[11:39:59] t=430 jev INF E2 HOLD (预算保护 gate=False e2=5)
[11:40:00] t=432 jev INF E2 HOLD (预算保护 gate=False e2=5)
[11:40:00] t=432 jev VEH DRON (conf 0.40)
[11:40:00] {"kind": "action", "what": "produce", "name": "DRON", "qty": 1, "ts": "11:40:00"}
[11:40:02] t=433 jev INF E2 HOLD (预算保护 gate=False e2=5)
[11:40:02] t=433 jev VEH DRON (conf 0.45)
[11:40:06] t=438 MOVE assault x6 -> (70,117)
[11:40:06] {"kind": "action", "what": "attack_move", "name": null, "qty": null, "ts": "11:40:06"}
[11:40:11] t=442 jev INF E2 (conf 0.33)
[11:40:11] {"kind": "action", "what": "produce", "name": "E2", "qty": 1, "ts": "11:40:11"}
[11:40:13] t=445 SCOUT #1103->[100, 100] (visit 2)
[11:40:13] {"kind": "action", "what": "attack_move", "name": null, "qty": null, "ts": "11:40:13"}
[11:40:15] t=447 jev INF E2 HOLD (预算保护 gate=False e2=6)
[11:40:17] t=448 jev INF E2 HOLD (预算保护 gate=False e2=6)
[11:40:18] t=450 jev INF E2 HOLD (预算保护 gate=False e2=6)
[11:40:18] t=450 tick#300 credits=789 stance=defend | jev 300 decisions p50=818ms
[11:40:20] t=451 jev INF E2 HOLD (预算保护 gate=False e2=6)
[11:40:20] t=451 MOVE assault x5 -> (70,117)
[11:40:20] {"kind": "action", "what": "attack_move", "name": null, "qty": null, "ts": "11:40:20"}
[11:40:21] t=453 jev INF E2 HOLD (预算保护 gate=False e2=6)
[11:40:21] t=453 jev VEH DRON (conf 0.45)
[11:40:21] {"kind": "action", "what": "produce", "name": "DRON", "qty": 1, "ts": "11:40:21"}
[11:40:23] t=454 jev INF E2 HOLD (预算保护 gate=False e2=6)
[11:40:23] t=454 jev VEH DRON (conf 0.40)
[11:40:24] t=456 jev INF E2 HOLD (预算保护 gate=False e2=6)
[11:40:24] t=456 MOVE guard x2 -> (73,120)
[11:40:24] {"kind": "action", "what": "attack_move", "name": null, "qty": null, "ts": "11:40:24"}
[11:40:26] t=457 jev INF E2 HOLD (预算保护 gate=False e2=6)
[11:40:27] t=459 jev INF E2 HOLD (预算保护 gate=False e2=6)
[11:40:27] t=459 MOVE reserve x2 -> (70,125)
[11:40:27] {"kind": "action", "what": "attack_move", "name": null, "qty": null, "ts": "11:40:27"}
[11:40:29] t=460 jev INF E2 HOLD (预算保护 gate=False e2=6)
[11:40:30] t=462 jev INF E2 HOLD (预算保护 gate=False e2=6)
[11:40:32] t=463 jev INF E2 HOLD (预算保护 gate=False e2=6)
[11:40:32] t=463 MOVE assault x6 -> (70,117)
[11:40:32] {"kind": "action", "what": "attack_move", "name": null, "qty": null, "ts": "11:40:32"}
[11:40:33] t=465 jev INF E2 HOLD (预算保护 gate=False e2=6)
[11:40:35] t=466 jev INF E2 HOLD (预算保护 gate=False e2=6)
[11:40:36] t=468 jev INF E2 HOLD (预算保护 gate=False e2=6)
[11:40:38] t=469 jev INF E2 HOLD (预算保护 gate=False e2=6)
[11:40:38] t=469 jev VEH DRON (conf 0.45)
[11:40:38] {"kind": "action", "what": "produce", "name": "DRON", "qty": 1, "ts": "11:40:38"}
[11:40:39] t=471 jev INF E2 HOLD (预算保护 gate=False e2=6)
[11:40:41] t=472 jev INF E2 HOLD (预算保护 gate=False e2=6)
[11:40:42] t=474 jev INF E2 HOLD (预算保护 gate=False e2=6)
[11:40:44] t=475 jev INF E2 HOLD (预算保护 gate=False e2=6)
[11:40:44] t=475 MOVE assault x7 -> (70,117)
[11:40:44] {"kind": "action", "what": "attack_move", "name": null, "qty": null, "ts": "11:40:44"}
[11:40:45] t=477 jev INF E2 HOLD (预算保护 gate=False e2=6)
[11:40:47] t=478 jev INF E2 HOLD (预算保护 gate=False e2=6)
[11:40:54] t=486 MOVE guard x2 -> (73,120)
[11:40:54] {"kind": "action", "what": "attack_move", "name": null, "qty": null, "ts": "11:40:54"}
[11:40:56] t=487 MOVE assault x7 -> (70,117)
[11:40:56] {"kind": "action", "what": "attack_move", "name": null, "qty": null, "ts": "11:40:56"}
[11:40:56] t=487 tick#325 credits=0 stance=defend | jev 325 decisions p50=813ms
[11:41:08] t=499 jev INF E2 (conf 0.32)
[11:41:08] {"kind": "action", "what": "produce", "name": "E2", "qty": 1, "ts": "11:41:08"}
[11:41:08] t=501 TANK HTNK x1
[11:41:09] {"kind": "action", "what": "produce", "name": "HTNK", "qty": 1, "ts": "11:41:09"}
[11:41:09] t=501 MOVE assault x8 -> (70,117)
[11:41:09] {"kind": "action", "what": "attack_move", "name": null, "qty": null, "ts": "11:41:09"}
[11:41:12] t=504 jev INF E2 HOLD (预算保护 gate=False e2=7)
[11:41:14] t=505 jev INF E2 HOLD (预算保护 gate=False e2=7)
[11:41:15] t=507 jev INF E2 HOLD (预算保护 gate=False e2=7)
[11:41:17] t=508 jev INF E2 HOLD (预算保护 gate=False e2=7)
[11:41:18] t=510 jev INF E2 HOLD (预算保护 gate=False e2=7)
[11:41:20] t=511 jev INF E2 HOLD (预算保护 gate=False e2=7)
[11:41:21] t=513 jev INF E2 HOLD (预算保护 gate=False e2=7)
[11:41:21] t=513 MOVE assault x8 -> (70,117)
[11:41:21] {"kind": "action", "what": "attack_move", "name": null, "qty": null, "ts": "11:41:21"}
[11:41:23] t=514 jev INF E2 HOLD (预算保护 gate=False e2=7)
[11:41:24] t=516 jev INF E2 HOLD (预算保护 gate=False e2=7)
[11:41:26] t=517 jev INF E2 HOLD (预算保护 gate=False e2=7)
[11:41:26] t=517 MOVE guard x2 -> (73,120)
[11:41:26] {"kind": "action", "what": "attack_move", "name": null, "qty": null, "ts": "11:41:26"}
[11:41:27] t=519 jev INF E2 HOLD (预算保护 gate=False e2=7)
[11:41:27] t=519 MOVE reserve x3 -> (70,125)
[11:41:27] {"kind": "action", "what": "attack_move", "name": null, "qty": null, "ts": "11:41:27"}
[11:41:29] t=520 jev INF E2 HOLD (预算保护 gate=False e2=7)
[11:41:30] t=522 jev INF E2 HOLD (预算保护 gate=False e2=7)
[11:41:32] t=523 jev INF E2 HOLD (预算保护 gate=False e2=7)
[11:41:33] t=525 jev INF E2 HOLD (预算保护 gate=False e2=7)
[11:41:33] t=525 MOVE assault x8 -> (70,117)
[11:41:33] {"kind": "action", "what": "attack_move", "name": null, "qty": null, "ts": "11:41:33"}
[11:41:33] t=525 tick#350 credits=395 stance=defend | jev 350 decisions p50=811ms
[11:41:35] t=526 jev INF E2 HOLD (预算保护 gate=False e2=7)
[11:41:36] t=528 jev INF E2 HOLD (预算保护 gate=False e2=7)
[11:41:38] t=529 jev INF E2 HOLD (预算保护 gate=False e2=7)
[11:41:39] t=531 jev INF E2 HOLD (预算保护 gate=False e2=7)
[11:41:41] t=532 jev INF E2 HOLD (预算保护 gate=False e2=7)
[11:41:42] t=534 jev INF E2 HOLD (预算保护 gate=False e2=7)
[11:41:44] t=535 jev INF E2 HOLD (预算保护 gate=False e2=7)
[11:41:45] t=537 jev INF E2 HOLD (预算保护 gate=False e2=7)
[11:41:47] t=538 jev VEH DRON (conf 0.31)
[11:41:47] {"kind": "action", "what": "produce", "name": "DRON", "qty": 1, "ts": "11:41:47"}
[11:41:47] t=538 RUSH window (8 tanks)
[11:41:47] t=538 ATTACK (tanks=8)
[11:41:47] t=538 MOVE assault x9 -> (125,86)
[11:41:47] {"kind": "action", "what": "attack_move", "name": null, "qty": null, "ts": "11:41:47"}
[11:41:48] t=540 jev STANCE attack->defend (conf 0.61)
[11:41:48] t=540 RUSH window (8 tanks)
[11:41:48] t=540 ATTACK (tanks=8)
[11:41:50] t=541 jev BUILD NAREFN HOLD (资金闸门: 坦克优先, cash=40)
[11:41:50] t=541 jev STANCE attack->defend (conf 0.61)
[11:41:50] t=541 RUSH window (8 tanks)
[11:41:50] t=541 ATTACK (tanks=8)
[11:41:51] t=543 jev STANCE attack->defend (conf 0.59)
[11:41:51] t=543 RUSH window (8 tanks)
[11:41:51] t=543 ATTACK (tanks=8)
[11:41:53] t=544 jev STANCE attack->defend (conf 0.55)
[11:41:53] t=544 RUSH window (8 tanks)
[11:41:53] t=544 ATTACK (tanks=8)
[11:41:54] t=546 jev STANCE attack->defend (conf 0.60)
[11:41:54] t=546 RUSH window (8 tanks)
[11:41:54] t=546 ATTACK (tanks=8)
[11:41:56] t=547 jev STANCE attack->defend (conf 0.59)
[11:41:56] t=547 RUSH window (8 tanks)
[11:41:56] t=547 ATTACK (tanks=8)
[11:41:56] t=547 MOVE guard x2 -> (73,120)
[11:41:56] {"kind": "action", "what": "attack_move", "name": null, "qty": null, "ts": "11:41:56"}
[11:41:57] t=549 jev STANCE attack->defend (conf 0.61)
[11:41:57] t=549 RUSH window (8 tanks)
[11:41:57] t=549 ATTACK (tanks=8)
[11:41:59] t=550 jev STANCE attack->defend (conf 0.53)
[11:41:59] t=550 RUSH window (8 tanks)
[11:41:59] t=550 ATTACK (tanks=8)
[11:42:00] t=552 jev STANCE attack->defend (conf 0.58)
[11:42:00] t=552 RUSH window (8 tanks)
[11:42:00] t=552 ATTACK (tanks=8)
[11:42:00] t=552 MOVE assault x9 -> (125,86)
[11:42:00] {"kind": "action", "what": "attack_move", "name": null, "qty": null, "ts": "11:42:00"}
[11:42:02] t=553 jev STANCE attack->defend (conf 0.53)
[11:42:02] t=553 RUSH window (8 tanks)
[11:42:02] t=553 ATTACK (tanks=8)
[11:42:03] t=555 jev STANCE attack->defend (conf 0.58)
[11:42:03] t=555 RUSH window (8 tanks)
[11:42:03] t=555 ATTACK (tanks=8)
[11:42:05] t=556 jev STANCE attack->defend (conf 0.58)
[11:42:05] t=556 RUSH window (8 tanks)
[11:42:05] t=556 ATTACK (tanks=8)
[11:42:06] t=558 jev STANCE attack->defend (conf 0.60)
[11:42:06] t=558 RUSH window (8 tanks)
[11:42:06] t=558 ATTACK (tanks=8)
[11:42:08] t=559 jev STANCE attack->defend (conf 0.54)
[11:42:08] t=559 RUSH window (8 tanks)
[11:42:08] t=559 ATTACK (tanks=8)
[11:42:09] t=561 jev STANCE attack->defend (conf 0.56)
[11:42:09] t=561 RUSH window (8 tanks)
[11:42:09] t=561 ATTACK (tanks=8)
[11:42:11] t=562 jev STANCE attack->defend (conf 0.59)
[11:42:11] t=562 RUSH window (8 tanks)
[11:42:11] t=562 ATTACK (tanks=8)
[11:42:11] t=562 tick#375 credits=0 stance=attack | jev 375 decisions p50=815ms
[11:42:12] t=564 jev INF E2 (conf 0.36)
[11:42:12] t=564 jev STANCE attack->defend (conf 0.59)
[11:42:12] {"kind": "action", "what": "produce", "name": "E2", "qty": 1, "ts": "11:42:12"}
[11:42:12] t=564 RUSH window (8 tanks)
[11:42:12] t=564 ATTACK (tanks=8)
[11:42:12] t=564 MOVE assault x9 -> (125,86)
[11:42:12] {"kind": "action", "what": "attack_move", "name": null, "qty": null, "ts": "11:42:12"}
[11:42:14] t=565 jev INF E2 (conf 0.30)
[11:42:14] t=565 jev STANCE attack->defend (conf 0.58)
[11:42:14] t=565 RUSH window (8 tanks)
[11:42:14] t=565 ATTACK (tanks=8)
[11:42:15] t=567 jev STANCE attack->defend (conf 0.56)
[11:42:15] t=567 RUSH window (8 tanks)
[11:42:15] t=567 ATTACK (tanks=8)
[11:42:17] t=568 jev STANCE attack->defend (conf 0.58)
[11:42:17] t=568 RUSH window (8 tanks)
[11:42:17] t=568 ATTACK (tanks=8)
[11:42:18] t=570 jev INF E2 HOLD (预算保护 gate=False e2=8)
[11:42:18] t=570 jev STANCE attack->defend (conf 0.58)
[11:42:18] t=570 RUSH window (8 tanks)
[11:42:18] t=570 ATTACK (tanks=8)
[11:42:18] t=570 MOVE hold_a x2 -> (78,105); hold_b x2 -> (78,128)
[11:42:18] {"kind": "action", "what": "attack_move", "name": null, "qty": null, "ts": "11:42:18"}
[11:42:18] {"kind": "action", "what": "attack_move", "name": null, "qty": null, "ts": "11:42:18"}
[11:42:20] t=571 jev INF E2 HOLD (预算保护 gate=False e2=8)
[11:42:20] t=571 jev STANCE attack->defend (conf 0.59)
[11:42:20] t=571 RUSH window (8 tanks)
[11:42:20] t=571 ATTACK (tanks=8)
[11:42:21] t=573 jev INF E2 HOLD (预算保护 gate=False e2=8)
[11:42:21] t=573 jev STANCE attack->defend (conf 0.63)
[11:42:21] t=573 RUSH window (8 tanks)
[11:42:21] t=573 ATTACK (tanks=8)
[11:42:21] t=573 MOVE assault x9 -> (128,83)
[11:42:22] {"kind": "action", "what": "attack_move", "name": null, "qty": null, "ts": "11:42:22"}
[11:42:23] t=574 jev INF E2 HOLD (预算保护 gate=False e2=8)
[11:42:23] t=574 jev VEH DRON (conf 0.46)
[11:42:23] t=574 jev STANCE attack->defend (conf 0.63)
[11:42:23] {"kind": "action", "what": "produce", "name": "DRON", "qty": 1, "ts": "11:42:23"}
[11:42:23] t=574 RUSH window (9 tanks)
[11:42:23] t=574 ATTACK (tanks=9)
[11:42:23] t=574 MOVE assault x10 -> (128,85)
[11:42:23] {"kind": "action", "what": "attack_move", "name": null, "qty": null, "ts": "11:42:23"}
[11:42:24] t=576 jev INF E2 HOLD (预算保护 gate=False e2=8)
[11:42:24] t=576 jev STANCE attack->defend (conf 0.62)
[11:42:24] t=576 RUSH window (9 tanks)
[11:42:24] t=576 ATTACK (tanks=9)
[11:42:24] t=576 MOVE assault x10 -> (125,86)
[11:42:25] {"kind": "action", "what": "attack_move", "name": null, "qty": null, "ts": "11:42:25"}
[11:42:26] t=577 jev INF E2 HOLD (预算保护 gate=False e2=8)
[11:42:26] t=577 jev STANCE attack->defend (conf 0.63)
[11:42:26] t=577 RUSH window (9 tanks)
[11:42:26] t=577 ATTACK (tanks=9)
[11:42:26] t=577 MOVE guard x2 -> (73,120)
[11:42:26] {"kind": "action", "what": "attack_move", "name": null, "qty": null, "ts": "11:42:26"}
[11:42:27] t=579 jev INF E2 HOLD (预算保护 gate=False e2=8)
[11:42:27] t=579 jev STANCE attack->defend (conf 0.58)
[11:42:27] t=579 RUSH window (9 tanks)
[11:42:27] t=579 ATTACK (tanks=9)
[11:42:28] t=580 ALARM 单位损失 -> 攻势保持（塔阵守家, 前线 20 个单位继续进攻）
[11:42:29] t=580 jev INF E2 HOLD (预算保护 gate=False e2=8)
[11:42:29] t=580 jev STANCE attack->defend (conf 0.62)
[11:42:29] t=580 RUSH window (8 tanks)
[11:42:29] t=580 ATTACK (tanks=8)
[11:42:29] t=580 MOVE assault x9 -> (124,86)
[11:42:29] {"kind": "action", "what": "attack_move", "name": null, "qty": null, "ts": "11:42:29"}
[11:42:30] t=582 jev INF E2 HOLD (预算保护 gate=False e2=8)
[11:42:30] t=582 jev STANCE attack->defend (conf 0.69)
[11:42:30] t=582 RUSH window (9 tanks)
[11:42:30] t=582 ATTACK (tanks=9)
[11:42:30] t=582 MOVE assault x10 -> (125,85)
[11:42:30] {"kind": "action", "what": "attack_move", "name": null, "qty": null, "ts": "11:42:30"}
[11:42:31] t=583 RETREAT DRON(10%)
[11:42:31] {"kind": "action", "what": "move", "name": null, "qty": null, "ts": "11:42:31"}
[11:42:32] t=583 jev INF E2 HOLD (预算保护 gate=False e2=8)
[11:42:32] t=583 jev STANCE attack->defend (conf 0.68)
[11:42:32] t=583 RUSH window (9 tanks)
[11:42:32] t=583 ATTACK (tanks=9)
[11:42:33] t=585 ALARM 单位损失 -> 攻势保持（塔阵守家, 前线 20 个单位继续进攻）
[11:42:33] t=585 jev INF E2 HOLD (预算保护 gate=False e2=8)
[11:42:33] t=585 jev STANCE attack->defend (conf 0.69)
[11:42:33] t=585 RUSH window (8 tanks)
[11:42:33] t=585 ATTACK (tanks=8)
[11:42:34] t=586 ALARM 单位损失 -> 攻势保持（塔阵守家, 前线 19 个单位继续进攻）
[11:42:34] t=586 ENEMY BASE spotted @[134, 79]
[11:42:35] t=586 jev INF E2 HOLD (预算保护 gate=False e2=8)
[11:42:35] t=586 MOVE raid x2 -> (134,79); assault x6 -> (134,79); hold_a x2 -> (71,103); hold_b x2 -> (82,122)
[11:42:35] {"kind": "action", "what": "attack_move", "name": null, "qty": null, "ts": "11:42:35"}
[11:42:35] {"kind": "action", "what": "attack_move", "name": null, "qty": null, "ts": "11:42:35"}
[11:42:35] {"kind": "action", "what": "attack_move", "name": null, "qty": null, "ts": "11:42:35"}
[11:42:35] {"kind": "action", "what": "attack_move", "name": null, "qty": null, "ts": "11:42:35"}
[11:42:40] t=591 jev VEH DRON (conf 0.41)
[11:42:40] {"kind": "action", "what": "produce", "name": "DRON", "qty": 1, "ts": "11:42:40"}
[11:42:42] t=594 ALARM 单位损失 -> 攻势保持（塔阵守家, 前线 19 个单位继续进攻）
[11:42:46] t=597 jev INF E2 HOLD (预算保护 gate=False e2=8)
[11:42:46] t=598 ALARM 单位损失 -> 攻势保持（塔阵守家, 前线 19 个单位继续进攻）
[11:42:47] t=598 MOVE assault x6 -> (134,79)
[11:42:47] {"kind": "action", "what": "attack_move", "name": null, "qty": null, "ts": "11:42:47"}
[11:42:49] t=600 tick#400 credits=108 stance=attack | jev 400 decisions p50=817ms
[11:42:50] t=601 jev BUILD NAREFN HOLD (资金闸门: 坦克优先, cash=66)
[11:42:52] t=603 jev BUILD NAREFN HOLD (资金闸门: 坦克优先, cash=25)
[11:42:56] t=607 MOVE guard x2 -> (73,120)
[11:42:56] {"kind": "action", "what": "attack_move", "name": null, "qty": null, "ts": "11:42:56"}
[11:43:00] t=612 ALARM 单位损失 -> 攻势保持（塔阵守家, 前线 18 个单位继续进攻）
[11:43:01] t=612 MOVE assault x5 -> (134,79)
[11:43:01] {"kind": "action", "what": "attack_move", "name": null, "qty": null, "ts": "11:43:01"}
[11:43:05] t=616 jev STANCE attack->rush (conf 0.46)
[11:43:05] t=616 MOVE raid x2 -> (134,79)
[11:43:05] {"kind": "action", "what": "attack_move", "name": null, "qty": null, "ts": "11:43:05"}
[11:43:06] t=618 ALARM 单位损失 -> 攻势保持（塔阵守家, 前线 17 个单位继续进攻）
[11:43:10] t=621 MOVE raid x2 -> (125,75); assault x6 -> (125,75); hold_a x2 -> (69,103); hold_b x2 -> (83,121)
[11:43:10] {"kind": "action", "what": "attack_move", "name": null, "qty": null, "ts": "11:43:10"}
[11:43:10] {"kind": "action", "what": "attack_move", "name": null, "qty": null, "ts": "11:43:10"}
[11:43:10] {"kind": "action", "what": "attack_move", "name": null, "qty": null, "ts": "11:43:10"}
[11:43:10] {"kind": "action", "what": "attack_move", "name": null, "qty": null, "ts": "11:43:10"}
[11:43:10] t=622 ALARM 单位损失 -> 攻势保持（塔阵守家, 前线 16 个单位继续进攻）
[11:43:18] t=630 ALARM 单位损失 -> 攻势保持（塔阵守家, 前线 15 个单位继续进攻）
[11:43:22] t=633 MOVE assault x4 -> (125,75)
[11:43:22] {"kind": "action", "what": "attack_move", "name": null, "qty": null, "ts": "11:43:22"}
[11:43:22] t=635 TANK HTNK x1
[11:43:23] {"kind": "action", "what": "produce", "name": "HTNK", "qty": 1, "ts": "11:43:23"}
[11:43:23] t=635 jev INF SHK (conf 0.13)
[11:43:24] {"kind": "action", "what": "produce", "name": "SHK", "qty": 1, "ts": "11:43:24"}
[11:43:27] t=638 tick#425 credits=842 stance=rush | jev 425 decisions p50=824ms
[11:43:32] t=644 RETREAT HTNK(38%)
[11:43:32] {"kind": "action", "what": "move", "name": null, "qty": null, "ts": "11:43:32"}
[11:43:33] t=644 jev INF E2 HOLD (预算保护 gate=False e2=8)
[11:43:33] t=644 MOVE reserve x1 -> (70,125)
[11:43:33] {"kind": "action", "what": "attack_move", "name": null, "qty": null, "ts": "11:43:33"}
[11:43:34] t=645 jev INF E2 HOLD (预算保护 gate=False e2=8)
[11:43:36] t=647 jev INF E2 HOLD (预算保护 gate=False e2=8)
[11:43:36] t=647 jev STANCE rush->defend (conf 0.49)
[11:43:36] t=647 MOVE raid x2 -> (118,69); assault x5 -> (125,75)
[11:43:36] {"kind": "action", "what": "attack_move", "name": null, "qty": null, "ts": "11:43:36"}
[11:43:36] {"kind": "action", "what": "attack_move", "name": null, "qty": null, "ts": "11:43:36"}
[11:43:37] t=648 jev INF E2 HOLD (预算保护 gate=False e2=8)
[11:43:37] t=648 MOVE raid x2 -> (117,68)
[11:43:37] {"kind": "action", "what": "attack_move", "name": null, "qty": null, "ts": "11:43:37"}
[11:43:38] t=650 jev INF E2 HOLD (预算保护 gate=False e2=8)
[11:43:40] t=651 jev INF E2 HOLD (预算保护 gate=False e2=8)
[11:43:45] t=656 jev BUILD NAREFN HOLD (资金闸门: 坦克优先, cash=30)
[11:43:46] t=657 MOVE raid x2 -> (128,83)
[11:43:46] {"kind": "action", "what": "attack_move", "name": null, "qty": null, "ts": "11:43:46"}
[11:43:48] t=659 MOVE raid x2 -> (128,84)
[11:43:48] {"kind": "action", "what": "attack_move", "name": null, "qty": null, "ts": "11:43:48"}
[11:43:48] t=660 ALARM 单位损失 -> counter 16 vs 12 -> [70, 117]
[11:43:48] {"kind": "action", "what": "attack_move", "name": null, "qty": null, "ts": "11:43:48"}
[11:43:56] t=668 MOVE raid x2 -> (116,69); assault x4 -> (125,75)
[11:43:57] {"kind": "action", "what": "attack_move", "name": null, "qty": null, "ts": "11:43:57"}
[11:43:57] {"kind": "action", "what": "attack_move", "name": null, "qty": null, "ts": "11:43:57"}
[11:43:58] t=669 MOVE raid x2 -> (116,70)
[11:43:58] {"kind": "action", "what": "attack_move", "name": null, "qty": null, "ts": "11:43:58"}
[11:44:03] t=675 RETREAT HTNK(32%)
[11:44:03] {"kind": "action", "what": "move", "name": null, "qty": null, "ts": "11:44:03"}
[11:44:04] t=675 tick#450 credits=0 stance=defend | jev 450 decisions p50=839ms
[11:44:09] t=680 MOVE assault x4 -> (125,75)
[11:44:09] {"kind": "action", "what": "attack_move", "name": null, "qty": null, "ts": "11:44:09"}
[11:44:10] t=681 MOVE raid x2 -> (115,71); hold_a x2 -> (69,103); hold_b x2 -> (83,121)
[11:44:10] {"kind": "action", "what": "attack_move", "name": null, "qty": null, "ts": "11:44:10"}
[11:44:10] {"kind": "action", "what": "attack_move", "name": null, "qty": null, "ts": "11:44:10"}
[11:44:10] {"kind": "action", "what": "attack_move", "name": null, "qty": null, "ts": "11:44:10"}
[11:44:12] t=683 jev INF SHK (conf 0.27)
[11:44:12] {"kind": "action", "what": "produce", "name": "SHK", "qty": 1, "ts": "11:44:12"}
[11:44:14] t=686 ALARM 单位损失 -> TURTLE (14 v 12, 守塔阵不打野战)
[11:44:14] {"kind": "action", "what": "attack_move", "name": null, "qty": null, "ts": "11:44:14"}
[11:44:22] t=693 jev INF E2 HOLD (预算保护 gate=False e2=7)
[11:44:22] t=693 MOVE raid x2 -> (115,72); assault x4 -> (125,75)
[11:44:22] {"kind": "action", "what": "attack_move", "name": null, "qty": null, "ts": "11:44:22"}
[11:44:22] {"kind": "action", "what": "attack_move", "name": null, "qty": null, "ts": "11:44:22"}
[11:44:24] t=696 ESCORT 坦克#1336 -> 护航矿车@[93, 128]
[11:44:24] {"kind": "action", "what": "attack_move", "name": null, "qty": null, "ts": "11:44:24"}
[11:44:25] t=696 jev INF E2 HOLD (预算保护 gate=False e2=7)
[11:44:25] t=696 jev VEH DRON (conf 0.36)
[11:44:25] {"kind": "action", "what": "produce", "name": "DRON", "qty": 1, "ts": "11:44:25"}
[11:44:25] t=696 MOVE raid x2 -> (116,68)
[11:44:25] {"kind": "action", "what": "attack_move", "name": null, "qty": null, "ts": "11:44:25"}
[11:44:31] t=702 MOVE raid x2 -> (115,69)
[11:44:31] {"kind": "action", "what": "attack_move", "name": null, "qty": null, "ts": "11:44:31"}
[11:44:33] t=704 MOVE reserve x1 -> (70,125)
[11:44:33] {"kind": "action", "what": "attack_move", "name": null, "qty": null, "ts": "11:44:33"}
[11:44:34] t=705 jev BUILD NAREFN HOLD (资金闸门: 坦克优先, cash=58)
[11:44:34] t=705 MOVE assault x5 -> (125,75)
[11:44:34] {"kind": "action", "what": "attack_move", "name": null, "qty": null, "ts": "11:44:34"}
[11:44:36] t=707 jev BUILD NAREFN HOLD (资金闸门: 坦克优先, cash=18)
[11:44:36] t=707 jev INF SHK HOLD (预算保护 gate=False e2=7)
[11:44:39] t=710 MOVE raid x2 -> (114,70)
[11:44:39] {"kind": "action", "what": "attack_move", "name": null, "qty": null, "ts": "11:44:39"}
[11:44:39] t=711 ALARM 单位损失 -> TURTLE (15 v 13, 守塔阵不打野战)
[11:44:39] {"kind": "action", "what": "attack_move", "name": null, "qty": null, "ts": "11:44:39"}
[11:44:42] t=713 tick#475 credits=0 stance=defend | jev 475 decisions p50=866ms
[11:44:48] t=719 MOVE raid x2 -> (113,71); assault x4 -> (125,75)
[11:44:48] {"kind": "action", "what": "attack_move", "name": null, "qty": null, "ts": "11:44:48"}
[11:44:48] {"kind": "action", "what": "attack_move", "name": null, "qty": null, "ts": "11:44:48"}
[11:44:52] t=722 MOVE raid x2 -> (114,72)
[11:44:52] {"kind": "action", "what": "attack_move", "name": null, "qty": null, "ts": "11:44:52"}
[11:44:58] t=729 MOVE raid x2 -> (113,73)
[11:44:58] {"kind": "action", "what": "attack_move", "name": null, "qty": null, "ts": "11:44:58"}
[11:45:01] t=732 MOVE assault x4 -> (125,75)
[11:45:01] {"kind": "action", "what": "attack_move", "name": null, "qty": null, "ts": "11:45:01"}
[11:45:03] t=734 MOVE raid x2 -> (112,72)
[11:45:03] {"kind": "action", "what": "attack_move", "name": null, "qty": null, "ts": "11:45:03"}
[11:45:04] t=735 MOVE raid x2 -> (116,72)
[11:45:04] {"kind": "action", "what": "attack_move", "name": null, "qty": null, "ts": "11:45:04"}
[11:45:12] t=743 MOVE raid x2 -> (117,71); hold_a x2 -> (69,103); hold_b x2 -> (83,121)
[11:45:12] {"kind": "action", "what": "attack_move", "name": null, "qty": null, "ts": "11:45:12"}
[11:45:12] {"kind": "action", "what": "attack_move", "name": null, "qty": null, "ts": "11:45:12"}
[11:45:12] {"kind": "action", "what": "attack_move", "name": null, "qty": null, "ts": "11:45:12"}
[11:45:13] t=744 MOVE assault x4 -> (125,75)
[11:45:13] {"kind": "action", "what": "attack_move", "name": null, "qty": null, "ts": "11:45:13"}
[11:45:21] t=752 tick#500 credits=0 stance=defend | jev 500 decisions p50=890ms
[11:45:22] t=753 MOVE raid x2 -> (125,75)
[11:45:22] {"kind": "action", "what": "attack_move", "name": null, "qty": null, "ts": "11:45:22"}
[11:45:23] t=755 ALARM 单位损失 -> TURTLE (13 v 11, 守塔阵不打野战)
[11:45:23] {"kind": "action", "what": "attack_move", "name": null, "qty": null, "ts": "11:45:23"}
[11:45:31] t=762 MOVE assault x5 -> (125,75)
[11:45:31] {"kind": "action", "what": "attack_move", "name": null, "qty": null, "ts": "11:45:31"}
[11:45:34] t=765 MOVE reserve x3 -> (70,125)
[11:45:34] {"kind": "action", "what": "attack_move", "name": null, "qty": null, "ts": "11:45:34"}
[11:45:43] t=774 jev INF SHK (conf 0.25)
[11:45:43] {"kind": "action", "what": "produce", "name": "SHK", "qty": 1, "ts": "11:45:43"}
[11:45:45] t=776 MOVE assault x5 -> (125,75)
[11:45:45] {"kind": "action", "what": "attack_move", "name": null, "qty": null, "ts": "11:45:45"}
[11:45:47] t=779 AA HTK x2 (enemy air)
[11:45:47] {"kind": "action", "what": "produce", "name": "HTK", "qty": 2, "ts": "11:45:47"}
[11:45:52] t=783 jev INF E2 HOLD (预算保护 gate=False e2=5)
[11:45:52] t=783 MOVE raid x2 -> (125,75)
[11:45:52] {"kind": "action", "what": "attack_move", "name": null, "qty": null, "ts": "11:45:52"}
[11:45:58] t=789 jev INF E2 HOLD (预算保护 gate=False e2=5)
[11:45:58] t=789 MOVE assault x4 -> (125,75)
[11:45:58] {"kind": "action", "what": "attack_move", "name": null, "qty": null, "ts": "11:45:58"}
[11:45:58] t=789 tick#525 credits=215 stance=defend | jev 525 decisions p50=908ms
[11:46:01] t=792 jev INF E2 HOLD (预算保护 gate=False e2=5)
[11:46:04] t=795 jev BUILD NAREFN HOLD (资金闸门: 坦克优先, cash=48)
[11:46:07] t=798 jev INF E2 HOLD (预算保护 gate=False e2=5)
[11:46:09] t=800 jev INF E2 HOLD (预算保护 gate=False e2=5)
[11:46:10] t=801 MOVE raid x2 -> (128,76); assault x5 -> (125,75)
[11:46:10] {"kind": "action", "what": "attack_move", "name": null, "qty": null, "ts": "11:46:10"}
[11:46:10] {"kind": "action", "what": "attack_move", "name": null, "qty": null, "ts": "11:46:10"}
[11:46:13] t=804 jev INF E2 HOLD (预算保护 gate=False e2=5)
[11:46:13] t=804 MOVE hold_a x2 -> (69,103); hold_b x2 -> (83,121)
[11:46:13] {"kind": "action", "what": "attack_move", "name": null, "qty": null, "ts": "11:46:13"}
[11:46:13] {"kind": "action", "what": "attack_move", "name": null, "qty": null, "ts": "11:46:13"}
[11:46:15] t=806 jev INF E2 HOLD (预算保护 gate=False e2=5)
[11:46:16] t=807 jev INF E2 HOLD (预算保护 gate=False e2=5)
[11:46:17] t=809 RETREAT HTNK(37%)
[11:46:17] {"kind": "action", "what": "move", "name": null, "qty": null, "ts": "11:46:17"}
[11:46:18] t=809 jev INF E2 HOLD (预算保护 gate=False e2=5)
[11:46:18] t=809 MOVE raid x2 -> (128,78)
[11:46:18] {"kind": "action", "what": "attack_move", "name": null, "qty": null, "ts": "11:46:18"}
[11:46:19] t=810 MOVE raid x2 -> (128,80)
[11:46:19] {"kind": "action", "what": "attack_move", "name": null, "qty": null, "ts": "11:46:19"}
[11:46:21] t=812 jev INF E2 HOLD (预算保护 gate=False e2=5)
[11:46:21] t=812 MOVE raid x2 -> (128,81)
[11:46:21] {"kind": "action", "what": "attack_move", "name": null, "qty": null, "ts": "11:46:21"}
[11:46:22] t=813 MOVE raid x2 -> (128,83)
[11:46:22] {"kind": "action", "what": "attack_move", "name": null, "qty": null, "ts": "11:46:22"}
[11:46:23] t=815 ALARM 单位损失 -> TURTLE (15 v 13, 守塔阵不打野战)
[11:46:23] {"kind": "action", "what": "attack_move", "name": null, "qty": null, "ts": "11:46:23"}
[11:46:25] t=816 jev BUILD NAREFN HOLD (资金闸门: 坦克优先, cash=55)
[11:46:25] t=816 jev VEH DRON (conf 0.22)
[11:46:25] {"kind": "action", "what": "produce", "name": "DRON", "qty": 1, "ts": "11:46:25"}
[11:46:27] t=818 jev BUILD NAREFN HOLD (资金闸门: 坦克优先, cash=43)
[11:46:28] t=819 jev BUILD NAREFN HOLD (资金闸门: 坦克优先, cash=2)
[11:46:28] t=819 jev INF SHK HOLD (预算保护 gate=False e2=5)
[11:46:31] t=822 MOVE raid x2 -> (125,75); assault x5 -> (125,75)
[11:46:31] {"kind": "action", "what": "attack_move", "name": null, "qty": null, "ts": "11:46:31"}
[11:46:31] {"kind": "action", "what": "attack_move", "name": null, "qty": null, "ts": "11:46:31"}
[11:46:36] t=827 tick#550 credits=0 stance=defend | jev 550 decisions p50=913ms
[11:46:41] t=833 ALARM 单位损失 -> counter 15 vs 12 -> [70, 117]
[11:46:41] {"kind": "action", "what": "attack_move", "name": null, "qty": null, "ts": "11:46:41"}
[11:46:49] t=840 MOVE assault x4 -> (125,75)
[11:46:49] {"kind": "action", "what": "attack_move", "name": null, "qty": null, "ts": "11:46:49"}
[11:47:01] t=852 MOVE raid x2 -> (125,75)
[11:47:01] {"kind": "action", "what": "attack_move", "name": null, "qty": null, "ts": "11:47:01"}
[11:47:03] t=854 MOVE assault x4 -> (125,75)
[11:47:03] {"kind": "action", "what": "attack_move", "name": null, "qty": null, "ts": "11:47:03"}
[11:47:13] t=864 MOVE hold_a x2 -> (69,103); hold_b x2 -> (83,121)
[11:47:13] {"kind": "action", "what": "attack_move", "name": null, "qty": null, "ts": "11:47:13"}
[11:47:13] {"kind": "action", "what": "attack_move", "name": null, "qty": null, "ts": "11:47:13"}
[11:47:13] t=864 tick#575 credits=0 stance=defend | jev 575 decisions p50=938ms
[11:47:16] t=867 MOVE assault x4 -> (125,75)
[11:47:16] {"kind": "action", "what": "attack_move", "name": null, "qty": null, "ts": "11:47:16"}
[11:47:26] t=878 RETREAT E2(23%)
[11:47:26] {"kind": "action", "what": "move", "name": null, "qty": null, "ts": "11:47:26"}
[11:47:27] t=878 MOVE raid x2 -> (128,76)
[11:47:27] {"kind": "action", "what": "attack_move", "name": null, "qty": null, "ts": "11:47:27"}
[11:47:27] t=879 ALARM 单位损失 -> TURTLE (14 v 13, 守塔阵不打野战)
[11:47:27] {"kind": "action", "what": "attack_move", "name": null, "qty": null, "ts": "11:47:27"}
[11:47:36] t=887 MOVE raid x2 -> (128,80); assault x4 -> (125,75); reserve x3 -> (70,125)
[11:47:36] {"kind": "action", "what": "attack_move", "name": null, "qty": null, "ts": "11:47:36"}
[11:47:36] {"kind": "action", "what": "attack_move", "name": null, "qty": null, "ts": "11:47:36"}
[11:47:36] {"kind": "action", "what": "attack_move", "name": null, "qty": null, "ts": "11:47:36"}
[11:47:37] t=888 MOVE raid x2 -> (128,82)
[11:47:37] {"kind": "action", "what": "attack_move", "name": null, "qty": null, "ts": "11:47:37"}
[11:47:39] t=890 MOVE raid x2 -> (128,83)
[11:47:39] {"kind": "action", "what": "attack_move", "name": null, "qty": null, "ts": "11:47:39"}
[11:47:40] t=891 MOVE raid x2 -> (128,85)
[11:47:40] {"kind": "action", "what": "attack_move", "name": null, "qty": null, "ts": "11:47:40"}
[11:47:42] t=893 MOVE raid x2 -> (128,86)
[11:47:42] {"kind": "action", "what": "attack_move", "name": null, "qty": null, "ts": "11:47:42"}
[11:47:43] t=894 MOVE raid x2 -> (126,88)
[11:47:43] {"kind": "action", "what": "attack_move", "name": null, "qty": null, "ts": "11:47:43"}
[11:47:45] t=896 MOVE raid x2 -> (126,89)
[11:47:45] {"kind": "action", "what": "attack_move", "name": null, "qty": null, "ts": "11:47:45"}
[11:47:46] t=897 MOVE raid x2 -> (125,91)
[11:47:46] {"kind": "action", "what": "attack_move", "name": null, "qty": null, "ts": "11:47:46"}
[11:47:48] t=899 MOVE raid x2 -> (125,75); assault x4 -> (125,75)
[11:47:48] {"kind": "action", "what": "attack_move", "name": null, "qty": null, "ts": "11:47:48"}
[11:47:48] {"kind": "action", "what": "attack_move", "name": null, "qty": null, "ts": "11:47:48"}
[11:47:50] t=902 ALARM 单位损失 -> TURTLE (13 v 12, 守塔阵不打野战)
[11:47:50] {"kind": "action", "what": "attack_move", "name": null, "qty": null, "ts": "11:47:50"}
[11:47:51] t=902 tick#600 credits=0 stance=defend | jev 600 decisions p50=948ms
[11:48:00] t=912 RETREAT HTK(35%)
[11:48:00] {"kind": "action", "what": "move", "name": null, "qty": null, "ts": "11:48:00"}
[11:48:01] t=912 MOVE assault x4 -> (125,75)
[11:48:01] {"kind": "action", "what": "attack_move", "name": null, "qty": null, "ts": "11:48:01"}
[11:48:06] t=918 ALARM 单位损失 -> counter 12 vs 6 -> [70, 117]
[11:48:06] {"kind": "action", "what": "attack_move", "name": null, "qty": null, "ts": "11:48:06"}
[11:48:15] t=926 MOVE assault x4 -> (125,75)
[11:48:15] {"kind": "action", "what": "attack_move", "name": null, "qty": null, "ts": "11:48:15"}
[11:48:28] t=939 MOVE assault x4 -> (125,75)
[11:48:28] {"kind": "action", "what": "attack_move", "name": null, "qty": null, "ts": "11:48:28"}
[11:48:28] t=939 tick#625 credits=0 stance=defend | jev 625 decisions p50=958ms
[11:48:36] t=947 MOVE reserve x2 -> (70,125)
[11:48:36] {"kind": "action", "what": "attack_move", "name": null, "qty": null, "ts": "11:48:36"}
[11:48:40] t=951 MOVE assault x4 -> (125,75)
[11:48:40] {"kind": "action", "what": "attack_move", "name": null, "qty": null, "ts": "11:48:40"}
[11:48:46] t=957 jev INF E2 (conf 0.14)
[11:48:46] {"kind": "action", "what": "produce", "name": "E2", "qty": 1, "ts": "11:48:46"}
[11:48:52] t=964 jev INF E2 HOLD (预算保护 gate=False e2=5)
[11:48:52] t=964 MOVE assault x4 -> (125,75)
[11:48:52] {"kind": "action", "what": "attack_move", "name": null, "qty": null, "ts": "11:48:52"}
[11:48:54] t=965 jev INF E2 HOLD (预算保护 gate=False e2=5)
[11:48:55] t=967 jev INF E2 HOLD (预算保护 gate=False e2=5)
[11:48:57] t=968 jev INF E2 HOLD (预算保护 gate=False e2=5)
[11:48:58] t=970 jev INF E2 HOLD (预算保护 gate=False e2=5)
[11:48:58] t=970 jev VEH DRON (conf 0.40)
[11:48:58] {"kind": "action", "what": "produce", "name": "DRON", "qty": 1, "ts": "11:48:58"}
[11:49:00] t=971 jev INF E2 HOLD (预算保护 gate=False e2=5)
[11:49:01] t=973 jev INF E2 HOLD (预算保护 gate=False e2=5)
[11:49:02] t=974 DEFLINE NALASR (have 1)
[11:49:02] {"kind": "action", "what": "produce", "name": "NALASR", "qty": 1, "ts": "11:49:02"}
[11:49:03] t=974 jev INF E2 (conf 0.19)
[11:49:03] {"kind": "action", "what": "produce", "name": "E2", "qty": 1, "ts": "11:49:03"}
[11:49:06] t=977 MOVE assault x5 -> (125,75)
[11:49:06] {"kind": "action", "what": "attack_move", "name": null, "qty": null, "ts": "11:49:06"}
[11:49:06] t=977 tick#650 credits=1509 stance=defend | jev 650 decisions p50=964ms
[11:49:07] t=978 jev BUILD NARADR HOLD (资金闸门: 坦克优先, cash=1390)
[11:49:09] t=980 jev INF E2 (conf 0.20)
[11:49:09] t=980 MOVE hold_a x2 -> (69,103); hold_b x2 -> (83,121)
[11:49:09] {"kind": "action", "what": "attack_move", "name": null, "qty": null, "ts": "11:49:09"}
[11:49:09] {"kind": "action", "what": "attack_move", "name": null, "qty": null, "ts": "11:49:09"}
[11:49:10] t=982 jev INF E2 (conf 0.20)
[11:49:10] {"kind": "action", "what": "produce", "name": "E2", "qty": 1, "ts": "11:49:10"}
[11:49:15] t=986 jev VEH HTNK (conf 0.45)
[11:49:15] {"kind": "action", "what": "produce", "name": "HTNK", "qty": 1, "ts": "11:49:15"}
[11:49:15] t=986 MOVE raid x2 -> (125,75)
[11:49:15] {"kind": "action", "what": "attack_move", "name": null, "qty": null, "ts": "11:49:15"}
[11:49:16] t=988 jev INF E2 HOLD (预算保护 gate=False e2=7)
[11:49:18] t=989 jev INF E2 HOLD (预算保护 gate=False e2=7)
[11:49:18] t=989 MOVE assault x4 -> (125,75)
[11:49:18] {"kind": "action", "what": "attack_move", "name": null, "qty": null, "ts": "11:49:18"}
[11:49:21] t=992 jev INF E2 HOLD (预算保护 gate=False e2=7)
[11:49:22] t=994 jev INF E2 HOLD (预算保护 gate=False e2=7)
[11:49:24] t=995 jev INF E2 HOLD (预算保护 gate=False e2=7)
[11:49:25] t=997 jev INF E2 HOLD (预算保护 gate=False e2=7)
[11:49:27] t=998 jev INF E2 HOLD (预算保护 gate=False e2=7)
[11:49:28] t=1000 jev INF E2 HOLD (预算保护 gate=False e2=7)
[11:49:30] t=1001 jev INF E2 HOLD (预算保护 gate=False e2=7)
[11:49:30] t=1001 MOVE assault x4 -> (125,75)
[11:49:30] {"kind": "action", "what": "attack_move", "name": null, "qty": null, "ts": "11:49:30"}
[11:49:31] t=1003 jev INF E2 HOLD (预算保护 gate=False e2=7)
[11:49:33] t=1004 jev INF E2 HOLD (预算保护 gate=False e2=7)
[11:49:34] t=1006 jev INF E2 HOLD (预算保护 gate=False e2=7)
[11:49:36] t=1007 jev INF E2 HOLD (预算保护 gate=False e2=7)
[11:49:37] t=1009 jev INF E2 HOLD (预算保护 gate=False e2=7)
[11:49:37] t=1009 MOVE reserve x1 -> (70,125)
[11:49:37] {"kind": "action", "what": "attack_move", "name": null, "qty": null, "ts": "11:49:37"}
[11:49:39] t=1010 jev INF E2 HOLD (预算保护 gate=False e2=7)
[11:49:40] t=1012 jev INF E2 HOLD (预算保护 gate=False e2=7)
[11:49:43] t=1015 jev BUILD NAREFN HOLD (资金闸门: 坦克优先, cash=49)
[11:49:43] t=1015 MOVE assault x4 -> (125,75)
[11:49:43] {"kind": "action", "what": "attack_move", "name": null, "qty": null, "ts": "11:49:43"}
[11:49:43] t=1015 tick#675 credits=49 stance=defend | jev 675 decisions p50=971ms
[11:49:45] t=1016 jev BUILD NAREFN HOLD (资金闸门: 坦克优先, cash=10)
[11:49:45] t=1016 MOVE raid x2 -> (125,75)
[11:49:45] {"kind": "action", "what": "attack_move", "name": null, "qty": null, "ts": "11:49:45"}
[11:49:54] t=1025 jev BUILD NAREFN HOLD (资金闸门: 坦克优先, cash=64)
[11:49:55] t=1027 jev BUILD NAREFN HOLD (资金闸门: 坦克优先, cash=25)
[11:49:57] t=1028 MOVE assault x4 -> (125,75)
[11:49:57] {"kind": "action", "what": "attack_move", "name": null, "qty": null, "ts": "11:49:57"}
[11:50:00] t=1031 MOVE raid x2 -> (128,76)
[11:50:00] {"kind": "action", "what": "attack_move", "name": null, "qty": null, "ts": "11:50:00"}
[11:50:02] t=1034 ALARM 单位损失 -> counter 15 vs 5 -> [70, 117]
[11:50:02] {"kind": "action", "what": "attack_move", "name": null, "qty": null, "ts": "11:50:02"}
[11:50:10] t=1042 MOVE assault x5 -> (125,75); hold_a x2 -> (69,103); hold_b x2 -> (83,121)
[11:50:10] {"kind": "action", "what": "attack_move", "name": null, "qty": null, "ts": "11:50:10"}
[11:50:10] {"kind": "action", "what": "attack_move", "name": null, "qty": null, "ts": "11:50:10"}
[11:50:10] {"kind": "action", "what": "attack_move", "name": null, "qty": null, "ts": "11:50:10"}
[11:50:12] t=1043 jev INF E2 HOLD (预算保护 gate=False e2=7)
[11:50:13] t=1045 jev INF E2 HOLD (预算保护 gate=False e2=7)
[11:50:15] t=1046 jev INF E2 HOLD (预算保护 gate=False e2=7)
[11:50:15] t=1046 jev VEH DRON (conf 0.42)
[11:50:15] {"kind": "action", "what": "produce", "name": "DRON", "qty": 1, "ts": "11:50:15"}
[11:50:15] t=1046 MOVE raid x2 -> (128,87)
[11:50:15] {"kind": "action", "what": "attack_move", "name": null, "qty": null, "ts": "11:50:15"}
[11:50:16] t=1048 jev INF E2 HOLD (预算保护 gate=False e2=7)
[11:50:16] t=1048 MOVE raid x2 -> (127,89)
[11:50:16] {"kind": "action", "what": "attack_move", "name": null, "qty": null, "ts": "11:50:16"}
[11:50:18] t=1049 jev INF E2 HOLD (预算保护 gate=False e2=7)
[11:50:18] t=1049 MOVE raid x2 -> (126,90)
[11:50:18] {"kind": "action", "what": "attack_move", "name": null, "qty": null, "ts": "11:50:18"}
[11:50:19] t=1051 jev INF E2 HOLD (预算保护 gate=False e2=7)
[11:50:19] t=1051 MOVE raid x2 -> (125,91)
[11:50:19] {"kind": "action", "what": "attack_move", "name": null, "qty": null, "ts": "11:50:19"}
[11:50:21] t=1052 jev INF E2 HOLD (预算保护 gate=False e2=7)
[11:50:21] t=1052 MOVE raid x2 -> (125,75)
[11:50:21] {"kind": "action", "what": "attack_move", "name": null, "qty": null, "ts": "11:50:21"}
[11:50:21] t=1052 tick#700 credits=223 stance=defend | jev 700 decisions p50=975ms
[11:50:22] t=1054 jev INF E2 HOLD (预算保护 gate=False e2=7)
[11:50:22] t=1054 MOVE assault x4 -> (125,75)
[11:50:22] {"kind": "action", "what": "attack_move", "name": null, "qty": null, "ts": "11:50:22"}
[11:50:24] t=1055 jev INF E2 HOLD (预算保护 gate=False e2=7)
[11:50:27] t=1058 jev BUILD NAREFN HOLD (资金闸门: 坦克优先, cash=57)
[11:50:28] t=1060 jev BUILD NAREFN HOLD (资金闸门: 坦克优先, cash=16)
[11:50:36] t=1067 MOVE assault x4 -> (125,75)
[11:50:36] {"kind": "action", "what": "attack_move", "name": null, "qty": null, "ts": "11:50:36"}
[11:50:37] t=1069 MOVE reserve x1 -> (70,125)
[11:50:37] {"kind": "action", "what": "attack_move", "name": null, "qty": null, "ts": "11:50:37"}
[11:50:45] t=1076 MOVE raid x2 -> (124,92)
[11:50:45] {"kind": "action", "what": "attack_move", "name": null, "qty": null, "ts": "11:50:45"}
[11:50:45] t=1078 ALARM 单位损失 -> counter 15 vs 7 -> [70, 117]
[11:50:45] {"kind": "action", "what": "attack_move", "name": null, "qty": null, "ts": "11:50:45"}
[11:50:47] t=1079 RETREAT SHK(36%)
[11:50:47] {"kind": "action", "what": "move", "name": null, "qty": null, "ts": "11:50:47"}
[11:50:54] t=1085 MOVE assault x5 -> (125,75)
[11:50:54] {"kind": "action", "what": "attack_move", "name": null, "qty": null, "ts": "11:50:54"}
[11:50:54] t=1087 ALARM 单位损失 -> counter 14 vs 6 -> [70, 117]
[11:50:54] {"kind": "action", "what": "attack_move", "name": null, "qty": null, "ts": "11:50:54"}
[11:50:58] t=1090 tick#725 credits=0 stance=defend | jev 725 decisions p50=976ms
[11:51:06] t=1097 MOVE assault x5 -> (125,75)
[11:51:06] {"kind": "action", "what": "attack_move", "name": null, "qty": null, "ts": "11:51:06"}
[11:51:09] t=1100 jev INF E2 HOLD (预算保护 gate=False e2=7)
[11:51:09] t=1100 jev VEH DRON (conf 0.37)
[11:51:09] {"kind": "action", "what": "produce", "name": "DRON", "qty": 1, "ts": "11:51:09"}
[11:51:09] t=1100 MOVE raid x2 -> (125,75)
[11:51:09] {"kind": "action", "what": "attack_move", "name": null, "qty": null, "ts": "11:51:09"}
[11:51:10] t=1102 jev INF E2 HOLD (预算保护 gate=False e2=7)
[11:51:12] t=1103 jev BUILD NAREFN HOLD (资金闸门: 坦克优先, cash=59)
[11:51:12] t=1103 MOVE hold_a x2 -> (69,103); hold_b x2 -> (83,121)
[11:51:12] {"kind": "action", "what": "attack_move", "name": null, "qty": null, "ts": "11:51:12"}
[11:51:12] {"kind": "action", "what": "attack_move", "name": null, "qty": null, "ts": "11:51:12"}
[11:51:13] t=1105 jev BUILD NAREFN HOLD (资金闸门: 坦克优先, cash=16)
[11:51:13] t=1105 jev INF SHK HOLD (预算保护 gate=False e2=7)
[11:51:19] t=1111 MOVE assault x4 -> (125,75)
[11:51:19] {"kind": "action", "what": "attack_move", "name": null, "qty": null, "ts": "11:51:19"}
[11:51:20] t=1112 ESCORT 坦克#1525 -> 护航矿车@[112, 131]
[11:51:20] {"kind": "action", "what": "attack_move", "name": null, "qty": null, "ts": "11:51:20"}
[11:51:21] t=1112 MOVE raid x2 -> (129,103)
[11:51:21] {"kind": "action", "what": "attack_move", "name": null, "qty": null, "ts": "11:51:21"}
[11:51:33] t=1124 MOVE raid x2 -> (129,104); assault x5 -> (125,75)
[11:51:33] {"kind": "action", "what": "attack_move", "name": null, "qty": null, "ts": "11:51:33"}
[11:51:33] {"kind": "action", "what": "attack_move", "name": null, "qty": null, "ts": "11:51:33"}
[11:51:36] t=1127 tick#750 credits=0 stance=defend | jev 750 decisions p50=976ms
[11:51:41] t=1133 RETREAT E2(29%)
[11:51:41] {"kind": "action", "what": "move", "name": null, "qty": null, "ts": "11:51:41"}
[11:51:42] t=1133 MOVE raid x2 -> (126,88)
[11:51:42] {"kind": "action", "what": "attack_move", "name": null, "qty": null, "ts": "11:51:42"}
[11:51:43] t=1135 MOVE raid x2 -> (126,90)
[11:51:43] {"kind": "action", "what": "attack_move", "name": null, "qty": null, "ts": "11:51:43"}
[11:51:44] t=1136 ALARM 单位损失 -> counter 16 vs 8 -> [70, 117]
[11:51:44] {"kind": "action", "what": "attack_move", "name": null, "qty": null, "ts": "11:51:44"}
[11:51:50] t=1142 ESCORT 坦克#1531 -> 护航矿车@[114, 133]
[11:51:50] {"kind": "action", "what": "attack_move", "name": null, "qty": null, "ts": "11:51:50"}
[11:51:52] t=1144 MOVE raid x2 -> (123,96); assault x5 -> (125,75); reserve x3 -> (70,125)
[11:51:52] {"kind": "action", "what": "attack_move", "name": null, "qty": null, "ts": "11:51:52"}
[11:51:52] {"kind": "action", "what": "attack_move", "name": null, "qty": null, "ts": "11:51:52"}
[11:51:52] {"kind": "action", "what": "attack_move", "name": null, "qty": null, "ts": "11:51:52"}
[11:51:54] t=1145 MOVE raid x2 -> (128,83)
[11:51:54] {"kind": "action", "what": "attack_move", "name": null, "qty": null, "ts": "11:51:54"}
[11:51:55] t=1147 MOVE raid x2 -> (128,84)
[11:51:55] {"kind": "action", "what": "attack_move", "name": null, "qty": null, "ts": "11:51:55"}
[11:51:57] t=1148 MOVE raid x2 -> (128,85)
[11:51:57] {"kind": "action", "what": "attack_move", "name": null, "qty": null, "ts": "11:51:57"}
[11:51:58] t=1150 MOVE raid x2 -> (128,87)
[11:51:58] {"kind": "action", "what": "attack_move", "name": null, "qty": null, "ts": "11:51:58"}
[11:52:00] t=1151 MOVE raid x2 -> (128,88)
[11:52:00] {"kind": "action", "what": "attack_move", "name": null, "qty": null, "ts": "11:52:00"}
[11:52:01] t=1153 MOVE raid x2 -> (127,89)
[11:52:01] {"kind": "action", "what": "attack_move", "name": null, "qty": null, "ts": "11:52:01"}
[11:52:03] t=1154 jev INF E2 HOLD (预算保护 gate=False e2=6)
[11:52:03] t=1154 MOVE raid x2 -> (126,90)
[11:52:03] {"kind": "action", "what": "attack_move", "name": null, "qty": null, "ts": "11:52:03"}
[11:52:03] t=1156 ALARM 单位损失 -> counter 14 vs 8 -> [70, 117]
[11:52:03] {"kind": "action", "what": "attack_move", "name": null, "qty": null, "ts": "11:52:03"}
[11:52:04] t=1156 jev INF E2 HOLD (预算保护 gate=False e2=6)
[11:52:06] t=1157 jev INF E2 HOLD (预算保护 gate=False e2=6)
[11:52:09] t=1160 jev BUILD NAREFN HOLD (资金闸门: 坦克优先, cash=25)
[11:52:09] t=1160 jev INF SHK HOLD (预算保护 gate=False e2=6)
[11:52:12] t=1163 MOVE raid x2 -> (125,75); assault x4 -> (125,75)
[11:52:12] {"kind": "action", "what": "attack_move", "name": null, "qty": null, "ts": "11:52:12"}
[11:52:12] {"kind": "action", "what": "attack_move", "name": null, "qty": null, "ts": "11:52:12"}
[11:52:12] t=1165 RETREAT HTNK(39%)
[11:52:12] {"kind": "action", "what": "move", "name": null, "qty": null, "ts": "11:52:12"}
[11:52:13] t=1165 tick#775 credits=0 stance=defend | jev 775 decisions p50=975ms
[11:52:15] t=1166 MOVE raid x2 -> (131,80); assault x4 -> (131,80)
[11:52:15] {"kind": "action", "what": "attack_move", "name": null, "qty": null, "ts": "11:52:15"}
[11:52:15] {"kind": "action", "what": "attack_move", "name": null, "qty": null, "ts": "11:52:15"}
[11:52:24] t=1177 ALARM 单位损失 -> TURTLE (13 v 12, 守塔阵不打野战)
[11:52:24] {"kind": "action", "what": "attack_move", "name": null, "qty": null, "ts": "11:52:24"}
[11:52:33] t=1184 MOVE assault x5 -> (131,80)
[11:52:33] {"kind": "action", "what": "attack_move", "name": null, "qty": null, "ts": "11:52:33"}
[11:52:46] t=1198 MOVE assault x5 -> (131,80)
[11:52:46] {"kind": "action", "what": "attack_move", "name": null, "qty": null, "ts": "11:52:46"}
[11:52:50] t=1202 ALARM 单位损失 -> TURTLE (12 v 12, 守塔阵不打野战)
[11:52:50] {"kind": "action", "what": "attack_move", "name": null, "qty": null, "ts": "11:52:50"}
[11:52:51] t=1202 tick#800 credits=0 stance=defend | jev 800 decisions p50=975ms
[11:52:52] t=1204 jev INF E2 HOLD (预算保护 gate=False e2=6)
[11:52:54] t=1205 jev INF E2 HOLD (预算保护 gate=False e2=6)
[11:52:55] t=1207 jev VEH DRON (conf 0.28)
[11:52:55] {"kind": "action", "what": "produce", "name": "DRON", "qty": 1, "ts": "11:52:55"}
[11:52:58] t=1210 MOVE raid x2 -> (131,80); reserve x3 -> (70,125)
[11:52:58] {"kind": "action", "what": "attack_move", "name": null, "qty": null, "ts": "11:52:58"}
[11:52:58] {"kind": "action", "what": "attack_move", "name": null, "qty": null, "ts": "11:52:58"}
[11:52:59] t=1211 ALARM 单位损失 -> TURTLE (13 v 11, 守塔阵不打野战)
[11:52:59] {"kind": "action", "what": "attack_move", "name": null, "qty": null, "ts": "11:52:59"}
[11:53:07] t=1219 MOVE assault x5 -> (131,80)
[11:53:07] {"kind": "action", "what": "attack_move", "name": null, "qty": null, "ts": "11:53:07"}
[11:53:19] t=1231 MOVE assault x5 -> (131,80)
[11:53:19] {"kind": "action", "what": "attack_move", "name": null, "qty": null, "ts": "11:53:19"}
[11:53:28] t=1240 tick#825 credits=0 stance=defend | jev 825 decisions p50=974ms
[11:53:33] t=1244 MOVE assault x5 -> (131,80)
[11:53:33] {"kind": "action", "what": "attack_move", "name": null, "qty": null, "ts": "11:53:33"}
[11:53:45] t=1256 MOVE assault x5 -> (131,80)
[11:53:45] {"kind": "action", "what": "attack_move", "name": null, "qty": null, "ts": "11:53:45"}
[11:53:48] t=1261 ALARM 单位损失 -> TURTLE (12 v 12, 守塔阵不打野战)
[11:53:48] {"kind": "action", "what": "attack_move", "name": null, "qty": null, "ts": "11:53:48"}
[11:53:54] t=1265 jev INF E2 HOLD (预算保护 gate=False e2=6)
[11:53:55] t=1267 jev INF E2 HOLD (预算保护 gate=False e2=6)
[11:53:57] t=1268 jev INF E2 HOLD (预算保护 gate=False e2=6)
[11:53:57] t=1268 MOVE assault x4 -> (134,79)
[11:53:57] {"kind": "action", "what": "attack_move", "name": null, "qty": null, "ts": "11:53:57"}
[11:54:00] t=1271 jev BUILD NAREFN HOLD (资金闸门: 坦克优先, cash=44)
[11:54:00] t=1271 MOVE reserve x3 -> (70,125)
[11:54:00] {"kind": "action", "what": "attack_move", "name": null, "qty": null, "ts": "11:54:00"}
[11:54:01] t=1273 jev BUILD NAREFN HOLD (资金闸门: 坦克优先, cash=1)
[11:54:06] t=1278 tick#850 credits=0 stance=defend | jev 850 decisions p50=973ms
[11:54:09] t=1281 MOVE assault x4 -> (134,79)
[11:54:09] {"kind": "action", "what": "attack_move", "name": null, "qty": null, "ts": "11:54:09"}
[11:54:20] t=1291 jev INF E2 (conf 0.11)
[11:54:20] {"kind": "action", "what": "produce", "name": "E2", "qty": 1, "ts": "11:54:20"}
[11:54:20] t=1293 TANK HTNK x1
[11:54:20] {"kind": "action", "what": "produce", "name": "HTNK", "qty": 1, "ts": "11:54:20"}
[11:54:21] t=1293 MOVE assault x5 -> (134,79)
[11:54:21] {"kind": "action", "what": "attack_move", "name": null, "qty": null, "ts": "11:54:21"}
[11:54:26] t=1297 MOVE hold_a x2 -> (71,103); hold_b x2 -> (82,122)
[11:54:26] {"kind": "action", "what": "attack_move", "name": null, "qty": null, "ts": "11:54:26"}
[11:54:26] {"kind": "action", "what": "attack_move", "name": null, "qty": null, "ts": "11:54:26"}
[11:54:27] t=1299 jev INF E2 HOLD (预算保护 gate=False e2=7)
[11:54:29] t=1300 jev INF E2 HOLD (预算保护 gate=False e2=7)
[11:54:30] t=1302 jev INF E2 HOLD (预算保护 gate=False e2=7)
[11:54:35] t=1306 MOVE assault x5 -> (134,79)
[11:54:35] {"kind": "action", "what": "attack_move", "name": null, "qty": null, "ts": "11:54:35"}
[11:54:37] t=1309 ALARM 单位损失 -> TURTLE (13 v 12, 守塔阵不打野战)
[11:54:37] {"kind": "action", "what": "attack_move", "name": null, "qty": null, "ts": "11:54:37"}
[11:54:39] t=1311 jev INF E2 HOLD (预算保护 gate=False e2=6)
[11:54:41] t=1312 jev INF E2 HOLD (预算保护 gate=False e2=6)
[11:54:42] t=1314 jev INF E2 HOLD (预算保护 gate=False e2=6)
[11:54:44] t=1315 tick#875 credits=534 stance=defend | jev 875 decisions p50=973ms
[11:54:45] t=1317 jev INF E2 HOLD (预算保护 gate=False e2=6)
[11:54:47] t=1318 jev INF E2 HOLD (预算保护 gate=False e2=6)
[11:54:48] t=1320 jev INF E2 HOLD (预算保护 gate=False e2=6)
[11:54:48] t=1320 MOVE assault x5 -> (134,79)
[11:54:48] {"kind": "action", "what": "attack_move", "name": null, "qty": null, "ts": "11:54:48"}
[11:54:50] t=1321 jev INF E2 HOLD (预算保护 gate=False e2=6)
[11:54:51] t=1323 jev INF E2 HOLD (预算保护 gate=False e2=6)
[11:54:53] t=1324 jev INF E2 HOLD (预算保护 gate=False e2=6)
[11:54:54] t=1326 jev INF E2 HOLD (预算保护 gate=False e2=6)
[11:54:56] t=1327 jev INF E2 HOLD (预算保护 gate=False e2=6)
[11:54:59] t=1330 jev VEH DRON (conf 0.24)
[11:54:59] {"kind": "action", "what": "produce", "name": "DRON", "qty": 1, "ts": "11:54:59"}
[11:54:59] t=1330 MOVE raid x2 -> (134,79)
[11:54:59] {"kind": "action", "what": "attack_move", "name": null, "qty": null, "ts": "11:54:59"}
[11:55:00] t=1332 MOVE reserve x3 -> (70,125)
[11:55:00] {"kind": "action", "what": "attack_move", "name": null, "qty": null, "ts": "11:55:00"}
[11:55:02] t=1333 MOVE assault x4 -> (134,79)
[11:55:02] {"kind": "action", "what": "attack_move", "name": null, "qty": null, "ts": "11:55:02"}
[11:55:06] t=1338 jev BUILD NAREFN HOLD (资金闸门: 坦克优先, cash=20)
[11:55:07] t=1339 ALARM 单位损失 -> TURTLE (13 v 12, 守塔阵不打野战)
[11:55:07] {"kind": "action", "what": "attack_move", "name": null, "qty": null, "ts": "11:55:07"}
[11:55:15] t=1347 MOVE assault x5 -> (134,79)
[11:55:15] {"kind": "action", "what": "attack_move", "name": null, "qty": null, "ts": "11:55:15"}
[11:55:21] t=1353 tick#900 credits=0 stance=defend | jev 900 decisions p50=971ms
[11:55:23] t=1356 ALARM 单位损失 -> TURTLE (12 v 12, 守塔阵不打野战)
[11:55:23] {"kind": "action", "what": "attack_move", "name": null, "qty": null, "ts": "11:55:23"}
[11:55:32] t=1363 MOVE assault x5 -> (134,79)
[11:55:32] {"kind": "action", "what": "attack_move", "name": null, "qty": null, "ts": "11:55:32"}
[11:55:45] t=1377 jev INF E2 HOLD (预算保护 gate=False e2=5)
[11:55:45] t=1377 MOVE assault x5 -> (134,79)
[11:55:45] {"kind": "action", "what": "attack_move", "name": null, "qty": null, "ts": "11:55:45"}
[11:55:47] t=1378 jev INF E2 HOLD (预算保护 gate=False e2=5)
[11:55:48] t=1380 jev INF E2 HOLD (预算保护 gate=False e2=5)
[11:55:53] t=1384 jev BUILD NAREFN HOLD (资金闸门: 坦克优先, cash=20)
[11:55:53] t=1384 jev VEH HTNK (conf 0.32)
[11:55:53] {"kind": "action", "what": "produce", "name": "HTNK", "qty": 1, "ts": "11:55:53"}
[11:55:53] t=1384 MOVE raid x2 -> (134,79)
[11:55:53] {"kind": "action", "what": "attack_move", "name": null, "qty": null, "ts": "11:55:53"}
[11:55:54] t=1386 jev BUILD NAREFN HOLD (资金闸门: 坦克优先, cash=7)
[11:55:54] t=1386 jev INF SHK HOLD (预算保护 gate=False e2=5)
[11:55:57] t=1389 MOVE assault x4 -> (134,79)
[11:55:57] {"kind": "action", "what": "attack_move", "name": null, "qty": null, "ts": "11:55:57"}
[11:55:59] t=1390 tick#925 credits=0 stance=defend | jev 925 decisions p50=971ms
[11:56:00] t=1392 MOVE reserve x2 -> (70,125)
[11:56:00] {"kind": "action", "what": "attack_move", "name": null, "qty": null, "ts": "11:56:00"}
[11:56:04] t=1396 RETREAT SHK(11%)
[11:56:04] {"kind": "action", "what": "move", "name": null, "qty": null, "ts": "11:56:04"}
[11:56:05] t=1398 ALARM 单位损失 -> TURTLE (12 v 12, 守塔阵不打野战)
[11:56:05] {"kind": "action", "what": "attack_move", "name": null, "qty": null, "ts": "11:56:05"}
[11:56:14] t=1405 MOVE assault x4 -> (134,79)
[11:56:14] {"kind": "action", "what": "attack_move", "name": null, "qty": null, "ts": "11:56:14"}
[11:56:23] t=1414 MOVE raid x2 -> (134,79)
[11:56:23] {"kind": "action", "what": "attack_move", "name": null, "qty": null, "ts": "11:56:23"}
[11:56:26] t=1417 MOVE assault x4 -> (134,79)
[11:56:26] {"kind": "action", "what": "attack_move", "name": null, "qty": null, "ts": "11:56:26"}
[11:56:36] t=1428 jev INF E2 HOLD (预算保护 gate=False e2=5)
[11:56:36] t=1428 tick#950 credits=125 stance=defend | jev 950 decisions p50=971ms
[11:56:38] t=1429 MOVE assault x4 -> (134,79)
[11:56:38] {"kind": "action", "what": "attack_move", "name": null, "qty": null, "ts": "11:56:38"}
[11:56:41] t=1432 jev BUILD NAREFN HOLD (资金闸门: 坦克优先, cash=12)
[11:56:41] t=1432 jev INF SHK HOLD (预算保护 gate=False e2=5)
[11:56:51] t=1443 MOVE assault x4 -> (134,79)
[11:56:52] {"kind": "action", "what": "attack_move", "name": null, "qty": null, "ts": "11:56:52"}
[11:56:54] t=1446 MOVE raid x2 -> (134,79)
[11:56:54] {"kind": "action", "what": "attack_move", "name": null, "qty": null, "ts": "11:56:54"}
[11:57:02] t=1453 MOVE reserve x1 -> (70,125)
[11:57:02] {"kind": "action", "what": "attack_move", "name": null, "qty": null, "ts": "11:57:02"}
[11:57:05] t=1456 MOVE assault x4 -> (134,79)
[11:57:05] {"kind": "action", "what": "attack_move", "name": null, "qty": null, "ts": "11:57:05"}
[11:57:14] t=1465 tick#975 credits=0 stance=defend | jev 975 decisions p50=973ms
[11:57:18] t=1470 MOVE assault x4 -> (134,79)
[11:57:18] {"kind": "action", "what": "attack_move", "name": null, "qty": null, "ts": "11:57:18"}
[11:57:26] t=1477 MOVE raid x2 -> (134,79)
[11:57:26] {"kind": "action", "what": "attack_move", "name": null, "qty": null, "ts": "11:57:26"}
[11:57:29] t=1482 ALARM 单位损失 -> TURTLE (11 v 12, 守塔阵不打野战)
[11:57:29] {"kind": "action", "what": "attack_move", "name": null, "qty": null, "ts": "11:57:29"}
[11:57:38] t=1489 jev INF E2 HOLD (预算保护 gate=False e2=4)
[11:57:38] t=1489 MOVE assault x4 -> (134,79)
[11:57:38] {"kind": "action", "what": "attack_move", "name": null, "qty": null, "ts": "11:57:38"}
[11:57:40] t=1491 jev INF E2 HOLD (预算保护 gate=False e2=4)
[11:57:44] t=1495 jev BUILD NAREFN HOLD (资金闸门: 坦克优先, cash=47)
[11:57:45] t=1497 jev BUILD NAREFN HOLD (资金闸门: 坦克优先, cash=9)
[11:57:45] t=1497 jev INF SHK HOLD (预算保护 gate=False e2=4)
[11:57:51] t=1503 MOVE assault x4 -> (134,79)
[11:57:51] {"kind": "action", "what": "attack_move", "name": null, "qty": null, "ts": "11:57:51"}
[11:57:51] t=1503 tick#1000 credits=0 stance=defend | jev 1000 decisions p50=970ms
[11:57:56] t=1507 MOVE raid x2 -> (134,79)
[11:57:56] {"kind": "action", "what": "attack_move", "name": null, "qty": null, "ts": "11:57:56"}
[11:58:03] t=1515 MOVE assault x4 -> (134,79)
[11:58:03] {"kind": "action", "what": "attack_move", "name": null, "qty": null, "ts": "11:58:03"}
[11:58:04] t=1516 ALARM 单位损失 -> TURTLE (10 v 12, 守塔阵不打野战)
[11:58:04] {"kind": "action", "what": "attack_move", "name": null, "qty": null, "ts": "11:58:04"}
[11:58:15] t=1527 MOVE assault x3 -> (134,79)
[11:58:16] {"kind": "action", "what": "attack_move", "name": null, "qty": null, "ts": "11:58:16"}
[11:58:17] t=1530 ALARM 单位损失 -> TURTLE (9 v 12, 守塔阵不打野战)
[11:58:17] {"kind": "action", "what": "attack_move", "name": null, "qty": null, "ts": "11:58:17"}
[11:58:27] t=1539 jev INF E2 HOLD (预算保护 gate=False e2=2)
[11:58:27] t=1539 MOVE raid x2 -> (134,79)
[11:58:27] {"kind": "action", "what": "attack_move", "name": null, "qty": null, "ts": "11:58:27"}
[11:58:29] t=1540 MOVE assault x2 -> (134,79)
[11:58:29] {"kind": "action", "what": "attack_move", "name": null, "qty": null, "ts": "11:58:29"}
[11:58:29] t=1540 tick#1025 credits=104 stance=defend | jev 1025 decisions p50=969ms
[11:58:32] t=1543 jev BUILD NAREFN HOLD (资金闸门: 坦克优先, cash=29)
[11:58:32] t=1543 jev INF SHK HOLD (预算保护 gate=False e2=2)
[11:58:41] t=1552 MOVE assault x2 -> (134,79)
[11:58:41] {"kind": "action", "what": "attack_move", "name": null, "qty": null, "ts": "11:58:41"}
[11:58:44] t=1555 jev INF SHK (conf 0.16)
[11:58:44] {"kind": "action", "what": "produce", "name": "SHK", "qty": 1, "ts": "11:58:44"}
[11:58:53] t=1564 jev INF E2 HOLD (预算保护 gate=False e2=2)
[11:58:53] t=1564 MOVE assault x3 -> (134,79)
[11:58:53] {"kind": "action", "what": "attack_move", "name": null, "qty": null, "ts": "11:58:53"}
[11:58:54] t=1566 jev INF E2 HOLD (预算保护 gate=False e2=2)
[11:58:56] t=1567 jev INF E2 HOLD (预算保护 gate=False e2=2)
[11:58:58] t=1569 jev INF E2 HOLD (预算保护 gate=False e2=2)
[11:58:58] t=1569 jev VEH DRON (conf 0.26)
[11:58:58] {"kind": "action", "what": "produce", "name": "DRON", "qty": 1, "ts": "11:58:58"}
[11:58:58] t=1569 MOVE raid x2 -> (134,79)
[11:58:58] {"kind": "action", "what": "attack_move", "name": null, "qty": null, "ts": "11:58:58"}
[11:58:59] t=1570 jev INF E2 HOLD (预算保护 gate=False e2=2)
[11:58:59] t=1572 ESCORT 坦克#1673 -> 护航矿车@[92, 105]
[11:59:00] {"kind": "action", "what": "attack_move", "name": null, "qty": null, "ts": "11:59:00"}
[11:59:02] t=1575 ALARM 单位损失 -> TURTLE (10 v 12, 守塔阵不打野战)
[11:59:03] {"kind": "action", "what": "attack_move", "name": null, "qty": null, "ts": "11:59:03"}
[11:59:04] t=1575 jev INF E2 HOLD (预算保护 gate=False e2=2)
[11:59:05] t=1576 jev INF E2 HOLD (预算保护 gate=False e2=2)
[11:59:06] t=1578 tick#1050 credits=52 stance=defend | jev 1050 decisions p50=968ms
[11:59:08] t=1579 jev BUILD NAREFN HOLD (资金闸门: 坦克优先, cash=9)
[11:59:08] t=1579 jev INF E2 HOLD (预算保护 gate=False e2=2)
[11:59:11] t=1582 MOVE assault x3 -> (134,79)
[11:59:11] {"kind": "action", "what": "attack_move", "name": null, "qty": null, "ts": "11:59:11"}
[11:59:23] t=1594 MOVE assault x3 -> (134,79)
[11:59:23] {"kind": "action", "what": "attack_move", "name": null, "qty": null, "ts": "11:59:23"}
[11:59:29] t=1600 jev INF E2 HOLD (预算保护 gate=False e2=2)
[11:59:29] t=1600 MOVE raid x2 -> (134,79)
[11:59:29] {"kind": "action", "what": "attack_move", "name": null, "qty": null, "ts": "11:59:29"}
[11:59:30] t=1602 jev INF E2 HOLD (预算保护 gate=False e2=2)
[11:59:32] t=1603 jev INF E2 HOLD (预算保护 gate=False e2=2)
[11:59:33] t=1605 jev INF E2 HOLD (预算保护 gate=False e2=2)
[11:59:33] t=1605 jev VEH HTNK (conf 0.25)
[11:59:34] {"kind": "action", "what": "produce", "name": "HTNK", "qty": 1, "ts": "11:59:34"}
[11:59:36] t=1608 jev BUILD NAREFN HOLD (资金闸门: 坦克优先, cash=45)
[11:59:36] t=1608 MOVE assault x4 -> (134,79)
[11:59:36] {"kind": "action", "what": "attack_move", "name": null, "qty": null, "ts": "11:59:36"}
[11:59:38] t=1609 jev BUILD NAREFN HOLD (资金闸门: 坦克优先, cash=9)
[11:59:38] t=1609 jev INF E2 HOLD (预算保护 gate=False e2=2)
[11:59:44] t=1615 tick#1075 credits=0 stance=defend | jev 1075 decisions p50=966ms
[11:59:46] t=1618 ESCORT 坦克#1673 -> 护航矿车@[93, 129]
[11:59:46] {"kind": "action", "what": "attack_move", "name": null, "qty": null, "ts": "11:59:46"}
[11:59:48] t=1620 MOVE assault x4 -> (134,79)
[11:59:49] {"kind": "action", "what": "attack_move", "name": null, "qty": null, "ts": "11:59:49"}
[11:59:50] t=1623 ALARM 单位损失 -> TURTLE (10 v 12, 守塔阵不打野战)
[11:59:51] {"kind": "action", "what": "attack_move", "name": null, "qty": null, "ts": "11:59:51"}
[12:00:00] t=1632 MOVE raid x2 -> (134,79)
[12:00:00] {"kind": "action", "what": "attack_move", "name": null, "qty": null, "ts": "12:00:00"}
[12:00:02] t=1633 MOVE assault x3 -> (134,79)
[12:00:02] {"kind": "action", "what": "attack_move", "name": null, "qty": null, "ts": "12:00:02"}
[12:00:14] t=1645 MOVE assault x3 -> (134,79)
[12:00:14] {"kind": "action", "what": "attack_move", "name": null, "qty": null, "ts": "12:00:14"}
[12:00:20] t=1651 jev INF E2 HOLD (预算保护 gate=False e2=1)
[12:00:22] t=1653 tick#1100 credits=84 stance=defend | jev 1100 decisions p50=965ms
[12:00:23] t=1654 jev BUILD NAREFN HOLD (资金闸门: 坦克优先, cash=45)
[12:00:25] t=1656 jev BUILD NAREFN HOLD (资金闸门: 坦克优先, cash=9)
[12:00:25] t=1656 jev INF SHK HOLD (预算保护 gate=False e2=1)
[12:00:28] t=1659 MOVE assault x3 -> (134,79)
[12:00:28] {"kind": "action", "what": "attack_move", "name": null, "qty": null, "ts": "12:00:28"}
[12:00:31] t=1662 MOVE raid x2 -> (134,79)
[12:00:31] {"kind": "action", "what": "attack_move", "name": null, "qty": null, "ts": "12:00:31"}
[12:00:42] t=1673 MOVE assault x3 -> (134,79)
[12:00:42] {"kind": "action", "what": "attack_move", "name": null, "qty": null, "ts": "12:00:42"}
[12:00:55] t=1686 MOVE assault x3 -> (134,79)
[12:00:55] {"kind": "action", "what": "attack_move", "name": null, "qty": null, "ts": "12:00:55"}
[12:00:59] t=1691 tick#1125 credits=0 stance=defend | jev 1125 decisions p50=966ms
[12:01:01] t=1692 MOVE raid x2 -> (134,79)
[12:01:01] {"kind": "action", "what": "attack_move", "name": null, "qty": null, "ts": "12:01:01"}
[12:01:01] t=1694 ALARM 单位损失 -> TURTLE (9 v 12, 守塔阵不打野战)
[12:01:02] {"kind": "action", "what": "attack_move", "name": null, "qty": null, "ts": "12:01:02"}
[12:01:10] t=1701 MOVE assault x2 -> (134,79)
[12:01:10] {"kind": "action", "what": "attack_move", "name": null, "qty": null, "ts": "12:01:10"}
[12:01:21] t=1712 jev INF E2 HOLD (预算保护 gate=False e2=1)
[12:01:22] t=1713 jev INF E2 HOLD (预算保护 gate=False e2=1)
[12:01:22] t=1713 MOVE assault x2 -> (134,79)
[12:01:22] {"kind": "action", "what": "attack_move", "name": null, "qty": null, "ts": "12:01:22"}
[12:01:23] t=1715 jev INF E2 HOLD (预算保护 gate=False e2=1)
[12:01:25] t=1716 jev INF E2 HOLD (预算保护 gate=False e2=1)
[12:01:28] t=1719 jev BUILD NAREFN HOLD (资金闸门: 坦克优先, cash=32)
[12:01:28] t=1719 jev INF SHK HOLD (预算保护 gate=False e2=1)
[12:01:31] t=1722 MOVE raid x2 -> (134,79)
[12:01:31] {"kind": "action", "what": "attack_move", "name": null, "qty": null, "ts": "12:01:31"}
[12:01:34] t=1725 MOVE assault x2 -> (134,79)
[12:01:34] {"kind": "action", "what": "attack_move", "name": null, "qty": null, "ts": "12:01:34"}
[12:01:37] t=1728 tick#1150 credits=0 stance=defend | jev 1150 decisions p50=967ms
[12:01:48] t=1739 MOVE assault x2 -> (134,79)
[12:01:48] {"kind": "action", "what": "attack_move", "name": null, "qty": null, "ts": "12:01:48"}
[12:02:00] t=1751 MOVE assault x2 -> (134,79)
[12:02:00] {"kind": "action", "what": "attack_move", "name": null, "qty": null, "ts": "12:02:00"}
[12:02:03] t=1754 MOVE raid x2 -> (134,79)
[12:02:03] {"kind": "action", "what": "attack_move", "name": null, "qty": null, "ts": "12:02:03"}
[12:02:09] t=1761 ALARM 单位损失 -> TURTLE (8 v 12, 守塔阵不打野战)
[12:02:09] {"kind": "action", "what": "attack_move", "name": null, "qty": null, "ts": "12:02:09"}
[12:02:13] t=1763 jev INF E2 HOLD (预算保护 gate=False e2=0)
[12:02:16] t=1767 jev BUILD NAREFN HOLD (资金闸门: 坦克优先, cash=25)
[12:02:16] t=1767 tick#1175 credits=25 stance=defend | jev 1175 decisions p50=968ms
[12:02:17] t=1768 MOVE assault x1 -> (134,79)
[12:02:17] {"kind": "action", "what": "attack_move", "name": null, "qty": null, "ts": "12:02:17"}
[12:02:31] t=1782 MOVE assault x1 -> (134,79)
[12:02:31] {"kind": "action", "what": "attack_move", "name": null, "qty": null, "ts": "12:02:31"}
[12:02:34] t=1785 MOVE raid x2 -> (134,79)
[12:02:34] {"kind": "action", "what": "attack_move", "name": null, "qty": null, "ts": "12:02:34"}
[12:02:34] t=1786 RETREAT SHK(23%)
[12:02:34] {"kind": "action", "what": "move", "name": null, "qty": null, "ts": "12:02:34"}
[12:02:36] t=1788 ALARM 单位损失 -> TURTLE (7 v 12, 守塔阵不打野战)
[12:02:36] {"kind": "action", "what": "attack_move", "name": null, "qty": null, "ts": "12:02:36"}
[12:02:57] t=1807 tick#1200 credits=0 stance=defend | jev 1200 decisions p50=973ms
[12:02:57] jev budget exhausted: max calls reached: 1200 (继续纯确定性运行)
[12:03:04] t=1817 MOVE raid x2 -> (134,79)
[12:03:04] {"kind": "action", "what": "attack_move", "name": null, "qty": null, "ts": "12:03:04"}
[12:03:33] t=1845 tick#1225 credits=0 stance=defend | jev 1200 decisions p50=973ms
[12:03:34] t=1847 MOVE raid x2 -> (134,79)
[12:03:34] {"kind": "action", "what": "attack_move", "name": null, "qty": null, "ts": "12:03:34"}
[12:04:04] t=1877 ESCORT 坦克#1706 -> 护航矿车@[107, 86]
[12:04:04] {"kind": "action", "what": "attack_move", "name": null, "qty": null, "ts": "12:04:04"}
[12:04:04] t=1877 MOVE raid x2 -> (134,79); assault x1 -> (134,79)
[12:04:04] {"kind": "action", "what": "attack_move", "name": null, "qty": null, "ts": "12:04:04"}
[12:04:05] {"kind": "action", "what": "attack_move", "name": null, "qty": null, "ts": "12:04:05"}
[12:04:10] t=1883 tick#1250 credits=95 stance=defend | jev 1200 decisions p50=973ms
[12:04:18] t=1890 MOVE assault x1 -> (134,79)
[12:04:18] {"kind": "action", "what": "attack_move", "name": null, "qty": null, "ts": "12:04:18"}
[12:04:22] t=1895 RETREAT HTNK(22%)
[12:04:22] {"kind": "action", "what": "move", "name": null, "qty": null, "ts": "12:04:22"}
[12:04:28] t=1901 ALARM 单位损失 -> TURTLE (7 v 14, 守塔阵不打野战)
[12:04:28] {"kind": "action", "what": "attack_move", "name": null, "qty": null, "ts": "12:04:28"}
[12:04:37] t=1910 MOVE raid x2 -> (134,79)
[12:04:37] {"kind": "action", "what": "attack_move", "name": null, "qty": null, "ts": "12:04:37"}
[12:04:48] t=1920 tick#1275 credits=95 stance=defend | jev 1200 decisions p50=973ms
[12:04:51] t=1923 TANK HTNK x1
[12:04:51] {"kind": "action", "what": "produce", "name": "HTNK", "qty": 1, "ts": "12:04:51"}
[12:04:55] t=1928 RETREAT HTNK(39%)
[12:04:55] {"kind": "action", "what": "move", "name": null, "qty": null, "ts": "12:04:55"}
[12:05:07] t=1940 MOVE raid x2 -> (134,79)
[12:05:08] {"kind": "action", "what": "attack_move", "name": null, "qty": null, "ts": "12:05:08"}
[12:05:15] t=1947 ALARM 单位损失 -> TURTLE (6 v 14, 守塔阵不打野战)
[12:05:15] {"kind": "action", "what": "attack_move", "name": null, "qty": null, "ts": "12:05:15"}
[12:05:24] t=1956 MOVE assault x1 -> (134,79)
[12:05:24] {"kind": "action", "what": "attack_move", "name": null, "qty": null, "ts": "12:05:24"}
[12:05:25] t=1958 tick#1300 credits=584 stance=defend | jev 1200 decisions p50=973ms
[12:05:28] t=1961 AA HTK x2 (enemy air)
[12:05:28] {"kind": "action", "what": "produce", "name": "HTK", "qty": 2, "ts": "12:05:28"}
[12:05:39] t=1971 MOVE raid x2 -> (134,79)
[12:05:39] {"kind": "action", "what": "attack_move", "name": null, "qty": null, "ts": "12:05:39"}
[12:05:48] t=1980 MOVE assault x1 -> (134,79)
[12:05:48] {"kind": "action", "what": "attack_move", "name": null, "qty": null, "ts": "12:05:48"}
[12:05:49] t=1982 ESCORT 坦克#1743 -> 护航矿车@[119, 91]
[12:05:49] {"kind": "action", "what": "attack_move", "name": null, "qty": null, "ts": "12:05:49"}
[12:06:00] t=1992 MOVE assault x1 -> (134,79)
[12:06:00] {"kind": "action", "what": "attack_move", "name": null, "qty": null, "ts": "12:06:00"}
[12:06:03] t=1995 tick#1325 credits=0 stance=defend | jev 1200 decisions p50=973ms
[12:06:09] t=2001 MOVE raid x2 -> (134,79)
[12:06:09] {"kind": "action", "what": "attack_move", "name": null, "qty": null, "ts": "12:06:09"}
[12:06:12] t=2004 MOVE assault x1 -> (134,79)
[12:06:12] {"kind": "action", "what": "attack_move", "name": null, "qty": null, "ts": "12:06:12"}
[12:06:15] t=2007 RETREAT HTNK(25%)
[12:06:15] {"kind": "action", "what": "move", "name": null, "qty": null, "ts": "12:06:15"}
[12:06:19] t=2012 ESCORT 坦克#1822 -> 护航矿车@[118, 129]
[12:06:20] {"kind": "action", "what": "attack_move", "name": null, "qty": null, "ts": "12:06:20"}
[12:06:24] t=2016 MOVE assault x1 -> (134,79)
[12:06:24] {"kind": "action", "what": "attack_move", "name": null, "qty": null, "ts": "12:06:24"}
[12:06:36] t=2028 MOVE assault x1 -> (134,79)
[12:06:36] {"kind": "action", "what": "attack_move", "name": null, "qty": null, "ts": "12:06:36"}
[12:06:39] t=2031 MOVE raid x2 -> (134,79)
[12:06:39] {"kind": "action", "what": "attack_move", "name": null, "qty": null, "ts": "12:06:39"}
[12:06:41] t=2033 tick#1350 credits=0 stance=defend | jev 1200 decisions p50=973ms
[12:06:48] t=2040 MOVE assault x1 -> (134,79)
[12:06:48] {"kind": "action", "what": "attack_move", "name": null, "qty": null, "ts": "12:06:48"}
[12:06:49] t=2042 ESCORT 坦克#1743 -> 护航矿车@[115, 133]
[12:06:49] t=2042 RETREAT HTNK(22%)
[12:06:50] {"kind": "action", "what": "attack_move", "name": null, "qty": null, "ts": "12:06:50"}
[12:06:50] {"kind": "action", "what": "move", "name": null, "qty": null, "ts": "12:06:50"}
[12:06:55] t=2048 ALARM 单位损失 -> TURTLE (6 v 13, 守塔阵不打野战)
[12:06:56] {"kind": "action", "what": "attack_move", "name": null, "qty": null, "ts": "12:06:56"}
[12:07:09] t=2061 MOVE raid x2 -> (134,79)
[12:07:09] {"kind": "action", "what": "attack_move", "name": null, "qty": null, "ts": "12:07:09"}
[12:07:18] t=2070 tick#1375 credits=0 stance=defend | jev 1200 decisions p50=973ms
[12:07:30] t=2082 ALARM 单位损失 -> TURTLE (6 v 11, 守塔阵不打野战)
[12:07:30] {"kind": "action", "what": "attack_move", "name": null, "qty": null, "ts": "12:07:30"}
[12:07:39] t=2091 MOVE assault x1 -> (134,79)
[12:07:39] {"kind": "action", "what": "attack_move", "name": null, "qty": null, "ts": "12:07:39"}
[12:07:48] t=2100 MOVE raid x2 -> (134,79)
[12:07:48] {"kind": "action", "what": "attack_move", "name": null, "qty": null, "ts": "12:07:48"}
[12:07:51] t=2103 RETREAT HTK(33%)
[12:07:51] {"kind": "action", "what": "move", "name": null, "qty": null, "ts": "12:07:51"}
[12:07:56] t=2108 tick#1400 credits=70 stance=defend | jev 1200 decisions p50=973ms
[12:08:20] t=2132 MOVE raid x2 -> (134,79)
[12:08:20] {"kind": "action", "what": "attack_move", "name": null, "qty": null, "ts": "12:08:20"}
[12:08:33] t=2145 tick#1425 credits=70 stance=defend | jev 1200 decisions p50=973ms
[12:08:50] t=2162 MOVE raid x2 -> (134,79)
[12:08:50] {"kind": "action", "what": "attack_move", "name": null, "qty": null, "ts": "12:08:50"}
[12:08:56] t=2168 ALARM 单位损失 -> TURTLE (6 v 13, 守塔阵不打野战)
[12:08:56] {"kind": "action", "what": "attack_move", "name": null, "qty": null, "ts": "12:08:56"}
[12:09:05] t=2177 MOVE assault x1 -> (134,79)
[12:09:05] {"kind": "action", "what": "attack_move", "name": null, "qty": null, "ts": "12:09:05"}
[12:09:11] t=2183 tick#1450 credits=295 stance=defend | jev 1200 decisions p50=973ms
[12:09:15] t=2187 TANK HTNK x2
[12:09:15] {"kind": "action", "what": "produce", "name": "HTNK", "qty": 2, "ts": "12:09:15"}
[12:09:17] t=2189 MOVE assault x1 -> (134,79)
[12:09:17] {"kind": "action", "what": "attack_move", "name": null, "qty": null, "ts": "12:09:17"}
[12:09:27] t=2199 RETREAT HTK(6%)
[12:09:27] {"kind": "action", "what": "move", "name": null, "qty": null, "ts": "12:09:27"}
[12:09:29] t=2201 ALARM 单位损失 -> TURTLE (5 v 13, 守塔阵不打野战)
[12:09:29] {"kind": "action", "what": "attack_move", "name": null, "qty": null, "ts": "12:09:29"}
[12:09:48] t=2220 tick#1475 credits=745 stance=defend | jev 1200 decisions p50=973ms
[12:09:53] t=2225 MOVE assault x1 -> (134,79)
[12:09:53] {"kind": "action", "what": "attack_move", "name": null, "qty": null, "ts": "12:09:53"}
[12:10:05] t=2237 MOVE assault x1 -> (134,79)
[12:10:05] {"kind": "action", "what": "attack_move", "name": null, "qty": null, "ts": "12:10:05"}
[12:10:17] t=2249 MOVE assault x1 -> (134,79)
[12:10:17] {"kind": "action", "what": "attack_move", "name": null, "qty": null, "ts": "12:10:17"}
[12:10:26] t=2258 tick#1500 credits=0 stance=defend | jev 1200 decisions p50=973ms
[12:10:29] t=2261 MOVE assault x1 -> (134,79)
[12:10:29] {"kind": "action", "what": "attack_move", "name": null, "qty": null, "ts": "12:10:29"}
[12:10:41] t=2273 MOVE assault x1 -> (134,79)
[12:10:41] {"kind": "action", "what": "attack_move", "name": null, "qty": null, "ts": "12:10:41"}
[12:10:53] t=2285 MOVE assault x1 -> (134,79)
[12:10:53] {"kind": "action", "what": "attack_move", "name": null, "qty": null, "ts": "12:10:53"}
[12:11:00] t=2292 RETREAT HTNK(28%)
[12:11:00] {"kind": "action", "what": "move", "name": null, "qty": null, "ts": "12:11:00"}
[12:11:03] t=2295 tick#1525 credits=0 stance=defend | jev 1200 decisions p50=973ms
[12:11:05] t=2297 MOVE assault x1 -> (134,79)
[12:11:05] {"kind": "action", "what": "attack_move", "name": null, "qty": null, "ts": "12:11:05"}
[12:11:06] t=2298 ALARM 单位损失 -> TURTLE (5 v 12, 守塔阵不打野战)
[12:11:06] {"kind": "action", "what": "attack_move", "name": null, "qty": null, "ts": "12:11:06"}
[12:11:29] t=2321 MOVE assault x1 -> (134,79)
[12:11:29] {"kind": "action", "what": "attack_move", "name": null, "qty": null, "ts": "12:11:29"}
[12:11:41] t=2333 MOVE assault x1 -> (134,79)
[12:11:41] {"kind": "action", "what": "attack_move", "name": null, "qty": null, "ts": "12:11:41"}
[12:11:41] t=2333 tick#1550 credits=145 stance=defend | jev 1200 decisions p50=973ms
[12:11:53] t=2345 MOVE assault x1 -> (134,79)
[12:11:53] {"kind": "action", "what": "attack_move", "name": null, "qty": null, "ts": "12:11:53"}
[12:12:05] t=2357 MOVE assault x1 -> (134,79)
[12:12:05] {"kind": "action", "what": "attack_move", "name": null, "qty": null, "ts": "12:12:05"}
[12:12:17] t=2369 MOVE assault x1 -> (134,79)
[12:12:17] {"kind": "action", "what": "attack_move", "name": null, "qty": null, "ts": "12:12:17"}
[12:12:18] t=2370 tick#1575 credits=145 stance=defend | jev 1200 decisions p50=973ms
[12:12:29] t=2381 MOVE assault x1 -> (134,79)
[12:12:29] {"kind": "action", "what": "attack_move", "name": null, "qty": null, "ts": "12:12:29"}
[12:12:36] t=2388 RETREAT HTNK(16%)
[12:12:36] {"kind": "action", "what": "move", "name": null, "qty": null, "ts": "12:12:36"}
[12:12:41] t=2393 MOVE assault x1 -> (134,79)
[12:12:41] {"kind": "action", "what": "attack_move", "name": null, "qty": null, "ts": "12:12:41"}
[12:12:42] t=2394 ALARM 单位损失 -> TURTLE (5 v 12, 守塔阵不打野战)
[12:12:42] {"kind": "action", "what": "attack_move", "name": null, "qty": null, "ts": "12:12:42"}
[12:12:56] t=2408 tick#1600 credits=370 stance=defend | jev 1200 decisions p50=973ms
[12:13:21] t=2433 AA HTK x2 (enemy air)
[12:13:21] {"kind": "action", "what": "produce", "name": "HTK", "qty": 2, "ts": "12:13:21"}
[12:13:33] t=2445 tick#1625 credits=1312 stance=defend | jev 1200 decisions p50=973ms
[12:13:41] t=2453 MOVE assault x1 -> (134,79)
[12:13:41] {"kind": "action", "what": "attack_move", "name": null, "qty": null, "ts": "12:13:41"}
[12:13:54] t=2466 MOVE assault x1 -> (134,79)
[12:13:54] {"kind": "action", "what": "attack_move", "name": null, "qty": null, "ts": "12:13:54"}
[12:13:59] t=2471 AA HTK x2 (enemy air)
[12:13:59] {"kind": "action", "what": "produce", "name": "HTK", "qty": 2, "ts": "12:13:59"}
[12:13:59] t=2471 MOVE raid x2 -> (134,79)
[12:13:59] {"kind": "action", "what": "attack_move", "name": null, "qty": null, "ts": "12:13:59"}
[12:14:11] t=2483 tick#1650 credits=314 stance=defend | jev 1200 decisions p50=973ms
[12:14:18] t=2490 MOVE assault x1 -> (134,79)
[12:14:18] {"kind": "action", "what": "attack_move", "name": null, "qty": null, "ts": "12:14:18"}
[12:14:23] t=2495 ESCORT 坦克#1982 -> 护航矿车@[119, 90]
[12:14:23] {"kind": "action", "what": "attack_move", "name": null, "qty": null, "ts": "12:14:23"}
[12:14:30] t=2502 MOVE raid x2 -> (134,79); assault x1 -> (134,79)
[12:14:30] {"kind": "action", "what": "attack_move", "name": null, "qty": null, "ts": "12:14:30"}
[12:14:30] {"kind": "action", "what": "attack_move", "name": null, "qty": null, "ts": "12:14:30"}
[12:14:36] t=2508 RETREAT HTK(26%)
[12:14:36] {"kind": "action", "what": "move", "name": null, "qty": null, "ts": "12:14:36"}
[12:14:41] t=2513 ALARM 单位损失 -> TURTLE (7 v 12, 守塔阵不打野战)
[12:14:41] {"kind": "action", "what": "attack_move", "name": null, "qty": null, "ts": "12:14:41"}
[12:14:48] t=2520 tick#1675 credits=0 stance=defend | jev 1200 decisions p50=973ms
[12:15:00] t=2532 MOVE raid x2 -> (134,79)
[12:15:00] {"kind": "action", "what": "attack_move", "name": null, "qty": null, "ts": "12:15:00"}
[12:15:15] t=2547 ESCORT 坦克#1984 -> 护航矿车@[114, 136]
[12:15:15] {"kind": "action", "what": "attack_move", "name": null, "qty": null, "ts": "12:15:15"}
[12:15:15] t=2547 MOVE assault x1 -> (134,79)
[12:15:15] {"kind": "action", "what": "attack_move", "name": null, "qty": null, "ts": "12:15:15"}
[12:15:26] t=2558 tick#1700 credits=20 stance=defend | jev 1200 decisions p50=973ms
[12:15:29] t=2561 MOVE assault x1 -> (134,79)
[12:15:29] {"kind": "action", "what": "attack_move", "name": null, "qty": null, "ts": "12:15:29"}
[12:15:30] t=2563 MOVE raid x2 -> (134,79)
[12:15:30] {"kind": "action", "what": "attack_move", "name": null, "qty": null, "ts": "12:15:30"}
[12:15:41] t=2573 MOVE assault x1 -> (134,79)
[12:15:41] {"kind": "action", "what": "attack_move", "name": null, "qty": null, "ts": "12:15:41"}
[12:15:45] t=2578 ESCORT 坦克#1999 -> 护航矿车@[116, 136]
[12:15:45] {"kind": "action", "what": "attack_move", "name": null, "qty": null, "ts": "12:15:45"}
[12:15:51] t=2584 RETREAT HTK(13%)
[12:15:51] {"kind": "action", "what": "move", "name": null, "qty": null, "ts": "12:15:51"}
[12:15:53] t=2585 ALARM 单位损失 -> TURTLE (7 v 12, 守塔阵不打野战)
[12:15:53] {"kind": "action", "what": "attack_move", "name": null, "qty": null, "ts": "12:15:53"}
[12:16:02] t=2594 MOVE raid x2 -> (134,79)
[12:16:02] {"kind": "action", "what": "attack_move", "name": null, "qty": null, "ts": "12:16:02"}
[12:16:03] t=2596 tick#1725 credits=20 stance=defend | jev 1200 decisions p50=973ms
[12:16:15] t=2608 RETREAT HTK(20%)
[12:16:15] {"kind": "action", "what": "move", "name": null, "qty": null, "ts": "12:16:15"}
[12:16:18] t=2611 ALARM 单位损失 -> TURTLE (6 v 12, 守塔阵不打野战)
[12:16:18] {"kind": "action", "what": "attack_move", "name": null, "qty": null, "ts": "12:16:18"}
[12:16:27] t=2620 MOVE assault x1 -> (134,79)
[12:16:27] {"kind": "action", "what": "attack_move", "name": null, "qty": null, "ts": "12:16:27"}
[12:16:39] t=2632 MOVE assault x1 -> (134,79)
[12:16:39] {"kind": "action", "what": "attack_move", "name": null, "qty": null, "ts": "12:16:39"}
[12:16:41] t=2633 RETREAT HTK(6%)
[12:16:41] {"kind": "action", "what": "move", "name": null, "qty": null, "ts": "12:16:41"}
[12:16:41] t=2633 tick#1750 credits=245 stance=defend | jev 1200 decisions p50=973ms
[12:16:42] t=2635 ALARM 单位损失 -> TURTLE (5 v 12, 守塔阵不打野战)
[12:16:42] {"kind": "action", "what": "attack_move", "name": null, "qty": null, "ts": "12:16:42"}
[12:17:18] t=2671 tick#1775 credits=395 stance=defend | jev 1200 decisions p50=973ms
[12:17:53] t=2705 TANK HTNK x2
[12:17:53] {"kind": "action", "what": "produce", "name": "HTNK", "qty": 2, "ts": "12:17:53"}
[12:17:54] t=2707 AIR-DEFENSE 2nd AA
[12:17:54] {"kind": "action", "what": "produce", "name": "NAFLAK", "qty": 1, "ts": "12:17:54"}
[12:17:56] t=2708 tick#1800 credits=1412 stance=defend | jev 1200 decisions p50=973ms
[12:18:33] t=2746 tick#1825 credits=0 stance=defend | jev 1200 decisions p50=973ms
[12:18:54] t=2767 MOVE assault x1 -> (134,79)
[12:18:54] {"kind": "action", "what": "attack_move", "name": null, "qty": null, "ts": "12:18:54"}
[12:19:06] t=2779 MOVE assault x1 -> (134,79)
[12:19:06] {"kind": "action", "what": "attack_move", "name": null, "qty": null, "ts": "12:19:06"}
[12:19:11] t=2783 tick#1850 credits=0 stance=defend | jev 1200 decisions p50=973ms
[12:19:18] t=2791 MOVE assault x1 -> (134,79)
[12:19:18] {"kind": "action", "what": "attack_move", "name": null, "qty": null, "ts": "12:19:18"}
[12:19:30] t=2803 MOVE assault x1 -> (134,79)
[12:19:30] {"kind": "action", "what": "attack_move", "name": null, "qty": null, "ts": "12:19:30"}
[12:19:42] t=2815 MOVE assault x1 -> (134,79)
[12:19:43] {"kind": "action", "what": "attack_move", "name": null, "qty": null, "ts": "12:19:43"}
[12:19:48] t=2821 tick#1875 credits=0 stance=defend | jev 1200 decisions p50=973ms
[12:19:54] t=2827 MOVE assault x1 -> (134,79)
[12:19:55] {"kind": "action", "what": "attack_move", "name": null, "qty": null, "ts": "12:19:55"}
[12:20:03] t=2836 RETREAT HTNK(13%)
[12:20:03] {"kind": "action", "what": "move", "name": null, "qty": null, "ts": "12:20:03"}
[12:20:06] t=2839 MOVE assault x1 -> (134,79)
[12:20:07] {"kind": "action", "what": "attack_move", "name": null, "qty": null, "ts": "12:20:07"}
[12:20:11] t=2843 ALARM 单位损失 -> TURTLE (5 v 13, 守塔阵不打野战)
[12:20:11] {"kind": "action", "what": "attack_move", "name": null, "qty": null, "ts": "12:20:11"}
[12:20:26] t=2858 tick#1900 credits=0 stance=defend | jev 1200 decisions p50=973ms
[12:21:04] t=2896 tick#1925 credits=0 stance=defend | jev 1200 decisions p50=973ms
[12:21:41] t=2933 tick#1950 credits=0 stance=defend | jev 1200 decisions p50=973ms
[12:22:19] t=2971 tick#1975 credits=0 stance=defend | jev 1200 decisions p50=973ms
[12:22:32] t=2984 AA HTK x2 (enemy air)
[12:22:32] {"kind": "action", "what": "produce", "name": "HTK", "qty": 2, "ts": "12:22:32"}
[12:22:32] t=2984 MOVE assault x1 -> (134,79)
[12:22:32] {"kind": "action", "what": "attack_move", "name": null, "qty": null, "ts": "12:22:32"}
[12:22:46] t=2998 MOVE assault x1 -> (134,79)
[12:22:46] {"kind": "action", "what": "attack_move", "name": null, "qty": null, "ts": "12:22:46"}
[12:22:52] t=3004 MOVE raid x2 -> (134,79)
[12:22:52] {"kind": "action", "what": "attack_move", "name": null, "qty": null, "ts": "12:22:52"}
[12:22:56] t=3008 tick#2000 credits=304 stance=defend | jev 1200 decisions p50=973ms
[12:23:22] t=3034 MOVE raid x2 -> (134,79)
[12:23:22] {"kind": "action", "what": "attack_move", "name": null, "qty": null, "ts": "12:23:22"}
[12:23:34] t=3046 tick#2025 credits=0 stance=defend | jev 1200 decisions p50=973ms
[12:23:40] t=3052 ESCORT 坦克#2072 -> 护航矿车@[120, 125]
[12:23:40] {"kind": "action", "what": "attack_move", "name": null, "qty": null, "ts": "12:23:40"}
[12:23:40] t=3052 MOVE assault x1 -> (134,79)
[12:23:40] {"kind": "action", "what": "attack_move", "name": null, "qty": null, "ts": "12:23:40"}
[12:23:52] t=3064 MOVE raid x2 -> (134,79)
[12:23:52] {"kind": "action", "what": "attack_move", "name": null, "qty": null, "ts": "12:23:52"}
[12:23:53] t=3065 MOVE assault x1 -> (134,79)
[12:23:53] {"kind": "action", "what": "attack_move", "name": null, "qty": null, "ts": "12:23:53"}
[12:24:05] t=3077 MOVE assault x1 -> (134,79)
[12:24:05] {"kind": "action", "what": "attack_move", "name": null, "qty": null, "ts": "12:24:05"}
[12:24:10] t=3082 ESCORT 坦克#2077 -> 护航矿车@[118, 135]
[12:24:10] {"kind": "action", "what": "attack_move", "name": null, "qty": null, "ts": "12:24:10"}
[12:24:11] t=3083 tick#2050 credits=195 stance=defend | jev 1200 decisions p50=973ms
[12:24:16] t=3088 RETREAT HTNK(37%)
[12:24:16] {"kind": "action", "what": "move", "name": null, "qty": null, "ts": "12:24:16"}
[12:24:17] t=3089 MOVE assault x1 -> (134,79)
[12:24:17] {"kind": "action", "what": "attack_move", "name": null, "qty": null, "ts": "12:24:17"}
[12:24:22] t=3094 MOVE raid x2 -> (134,79)
[12:24:22] {"kind": "action", "what": "attack_move", "name": null, "qty": null, "ts": "12:24:22"}
[12:24:29] t=3101 MOVE assault x1 -> (134,79)
[12:24:29] {"kind": "action", "what": "attack_move", "name": null, "qty": null, "ts": "12:24:29"}
[12:24:40] t=3112 ESCORT 坦克#2070 -> 护航矿车@[117, 135]
[12:24:40] {"kind": "action", "what": "attack_move", "name": null, "qty": null, "ts": "12:24:40"}
[12:24:41] t=3113 RETREAT HTK(33%)
[12:24:41] {"kind": "action", "what": "move", "name": null, "qty": null, "ts": "12:24:41"}
[12:24:41] t=3113 MOVE assault x1 -> (134,79)
[12:24:41] {"kind": "action", "what": "attack_move", "name": null, "qty": null, "ts": "12:24:41"}
[12:24:49] t=3121 tick#2075 credits=345 stance=defend | jev 1200 decisions p50=973ms
[12:24:52] t=3124 MOVE raid x2 -> (134,79)
[12:24:52] {"kind": "action", "what": "attack_move", "name": null, "qty": null, "ts": "12:24:52"}
[12:24:55] t=3127 MOVE assault x1 -> (134,79)
[12:24:55] {"kind": "action", "what": "attack_move", "name": null, "qty": null, "ts": "12:24:55"}
[12:25:07] t=3139 MOVE assault x1 -> (134,79)
[12:25:07] {"kind": "action", "what": "attack_move", "name": null, "qty": null, "ts": "12:25:07"}
[12:25:10] t=3142 ESCORT 坦克#2070 -> 护航矿车@[115, 134]
[12:25:10] {"kind": "action", "what": "attack_move", "name": null, "qty": null, "ts": "12:25:10"}
[12:25:19] t=3151 MOVE assault x1 -> (134,79)
[12:25:19] {"kind": "action", "what": "attack_move", "name": null, "qty": null, "ts": "12:25:19"}
[12:25:22] t=3154 MOVE raid x2 -> (134,79)
[12:25:22] {"kind": "action", "what": "attack_move", "name": null, "qty": null, "ts": "12:25:22"}
[12:25:26] t=3158 tick#2100 credits=345 stance=defend | jev 1200 decisions p50=973ms
[12:25:31] t=3163 MOVE assault x1 -> (134,79)
[12:25:31] {"kind": "action", "what": "attack_move", "name": null, "qty": null, "ts": "12:25:31"}
[12:25:40] t=3172 ESCORT 坦克#2077 -> 护航矿车@[120, 104]
[12:25:40] {"kind": "action", "what": "attack_move", "name": null, "qty": null, "ts": "12:25:40"}
[12:25:43] t=3175 MOVE assault x1 -> (134,79)
[12:25:43] {"kind": "action", "what": "attack_move", "name": null, "qty": null, "ts": "12:25:43"}
[12:25:49] t=3181 RETREAT HTK(33%)
[12:25:49] {"kind": "action", "what": "move", "name": null, "qty": null, "ts": "12:25:49"}
[12:25:52] t=3184 MOVE raid x2 -> (134,79)
[12:25:52] {"kind": "action", "what": "attack_move", "name": null, "qty": null, "ts": "12:25:52"}
[12:25:55] t=3187 MOVE assault x1 -> (134,79)
[12:25:55] {"kind": "action", "what": "attack_move", "name": null, "qty": null, "ts": "12:25:55"}
[12:25:59] t=3191 ALARM 单位损失 -> TURTLE (5 v 11, 守塔阵不打野战)
[12:25:59] {"kind": "action", "what": "attack_move", "name": null, "qty": null, "ts": "12:25:59"}
[12:26:04] t=3196 tick#2125 credits=570 stance=defend | jev 1200 decisions p50=973ms
[12:26:22] t=3214 MOVE raid x2 -> (134,79)
[12:26:22] {"kind": "action", "what": "attack_move", "name": null, "qty": null, "ts": "12:26:22"}
[12:26:41] t=3233 tick#2150 credits=720 stance=defend | jev 1200 decisions p50=973ms
[12:26:52] t=3244 MOVE raid x2 -> (134,79)
[12:26:52] {"kind": "action", "what": "attack_move", "name": null, "qty": null, "ts": "12:26:52"}
[12:26:53] t=3245 TANK HTNK x2
[12:26:53] {"kind": "action", "what": "produce", "name": "HTNK", "qty": 2, "ts": "12:26:53"}
[12:26:55] t=3247 DEFLINE NALASR (have 2)
[12:26:55] {"kind": "action", "what": "produce", "name": "NALASR", "qty": 1, "ts": "12:26:55"}
[12:27:19] t=3271 tick#2175 credits=709 stance=defend | jev 1200 decisions p50=973ms
[12:27:22] t=3274 MOVE raid x2 -> (134,79)
[12:27:22] {"kind": "action", "what": "attack_move", "name": null, "qty": null, "ts": "12:27:22"}
[12:27:28] t=3280 ALARM 单位损失 -> TURTLE (5 v 11, 守塔阵不打野战)
[12:27:28] {"kind": "action", "what": "attack_move", "name": null, "qty": null, "ts": "12:27:28"}
[12:27:52] t=3304 MOVE raid x2 -> (134,79)
[12:27:52] {"kind": "action", "what": "attack_move", "name": null, "qty": null, "ts": "12:27:52"}
[12:27:56] t=3308 tick#2200 credits=0 stance=defend | jev 1200 decisions p50=973ms
[12:28:22] t=3334 MOVE raid x2 -> (134,79)
[12:28:22] {"kind": "action", "what": "attack_move", "name": null, "qty": null, "ts": "12:28:22"}
[12:28:34] t=3346 tick#2225 credits=0 stance=defend | jev 1200 decisions p50=973ms
[12:28:52] t=3364 MOVE raid x2 -> (134,79)
[12:28:52] {"kind": "action", "what": "attack_move", "name": null, "qty": null, "ts": "12:28:52"}
[12:29:11] t=3384 tick#2250 credits=0 stance=defend | jev 1200 decisions p50=973ms
[12:29:17] t=3389 ESCORT 坦克#2314 -> 护航矿车@[116, 131]
[12:29:17] {"kind": "action", "what": "attack_move", "name": null, "qty": null, "ts": "12:29:17"}
[12:29:17] t=3389 MOVE assault x1 -> (134,79)
[12:29:17] {"kind": "action", "what": "attack_move", "name": null, "qty": null, "ts": "12:29:17"}
[12:29:22] t=3394 MOVE raid x2 -> (134,79)
[12:29:22] {"kind": "action", "what": "attack_move", "name": null, "qty": null, "ts": "12:29:22"}
[12:29:26] t=3398 RETREAT HTNK(37%)
[12:29:26] {"kind": "action", "what": "move", "name": null, "qty": null, "ts": "12:29:26"}
[12:29:31] t=3403 MOVE assault x1 -> (134,79)
[12:29:31] {"kind": "action", "what": "attack_move", "name": null, "qty": null, "ts": "12:29:31"}
[12:29:43] t=3415 RETREAT HTK(20%)
[12:29:43] {"kind": "action", "what": "move", "name": null, "qty": null, "ts": "12:29:43"}
[12:29:43] t=3415 MOVE assault x1 -> (134,79)
[12:29:43] {"kind": "action", "what": "attack_move", "name": null, "qty": null, "ts": "12:29:43"}
[12:29:47] t=3420 ESCORT 坦克#2314 -> 护航矿车@[117, 135]
[12:29:47] {"kind": "action", "what": "attack_move", "name": null, "qty": null, "ts": "12:29:47"}
[12:29:49] t=3421 tick#2275 credits=145 stance=defend | jev 1200 decisions p50=973ms
[12:29:52] t=3424 MOVE raid x2 -> (134,79)
[12:29:52] {"kind": "action", "what": "attack_move", "name": null, "qty": null, "ts": "12:29:52"}
[12:29:56] t=3429 MOVE assault x1 -> (134,79)
[12:29:56] {"kind": "action", "what": "attack_move", "name": null, "qty": null, "ts": "12:29:56"}
[12:30:08] t=3441 MOVE assault x1 -> (134,79)
[12:30:08] {"kind": "action", "what": "attack_move", "name": null, "qty": null, "ts": "12:30:08"}
[12:30:17] t=3450 ESCORT 坦克#2314 -> 护航矿车@[120, 122]
[12:30:17] {"kind": "action", "what": "attack_move", "name": null, "qty": null, "ts": "12:30:17"}
[12:30:22] t=3454 MOVE raid x2 -> (134,79); assault x1 -> (134,79)
[12:30:22] {"kind": "action", "what": "attack_move", "name": null, "qty": null, "ts": "12:30:22"}
[12:30:22] {"kind": "action", "what": "attack_move", "name": null, "qty": null, "ts": "12:30:22"}
[12:30:26] t=3459 tick#2300 credits=295 stance=defend | jev 1200 decisions p50=973ms
[12:30:32] t=3465 ALARM 单位损失 -> TURTLE (6 v 11, 守塔阵不打野战)
[12:30:32] {"kind": "action", "what": "attack_move", "name": null, "qty": null, "ts": "12:30:32"}
[12:30:43] t=3475 ALARM 单位损失 -> TURTLE (6 v 11, 守塔阵不打野战)
[12:30:43] {"kind": "action", "what": "attack_move", "name": null, "qty": null, "ts": "12:30:43"}
[12:30:52] t=3484 MOVE assault x1 -> (134,79)
[12:30:52] {"kind": "action", "what": "attack_move", "name": null, "qty": null, "ts": "12:30:52"}
[12:31:04] t=3496 MOVE assault x1 -> (134,79)
[12:31:04] {"kind": "action", "what": "attack_move", "name": null, "qty": null, "ts": "12:31:04"}
[12:31:04] t=3496 tick#2325 credits=295 stance=defend | jev 1200 decisions p50=973ms
[12:31:16] t=3508 MOVE assault x1 -> (134,79)
[12:31:16] {"kind": "action", "what": "attack_move", "name": null, "qty": null, "ts": "12:31:16"}
[12:31:28] t=3520 MOVE assault x1 -> (134,79)
[12:31:28] {"kind": "action", "what": "attack_move", "name": null, "qty": null, "ts": "12:31:28"}
[12:31:35] t=3528 RETREAT HTNK(36%)
[12:31:35] {"kind": "action", "what": "move", "name": null, "qty": null, "ts": "12:31:35"}
[12:31:40] t=3532 MOVE assault x1 -> (134,79)
[12:31:40] {"kind": "action", "what": "attack_move", "name": null, "qty": null, "ts": "12:31:40"}
[12:31:41] t=3534 tick#2350 credits=520 stance=defend | jev 1200 decisions p50=973ms
[12:31:43] t=3535 TANK HTNK x2
[12:31:43] {"kind": "action", "what": "produce", "name": "HTNK", "qty": 2, "ts": "12:31:43"}
[12:31:52] t=3544 MOVE assault x1 -> (134,79)
[12:31:52] {"kind": "action", "what": "attack_move", "name": null, "qty": null, "ts": "12:31:52"}
[12:32:04] t=3556 MOVE assault x1 -> (134,79)
[12:32:04] {"kind": "action", "what": "attack_move", "name": null, "qty": null, "ts": "12:32:04"}
[12:32:16] t=3568 MOVE assault x1 -> (135,76)
[12:32:16] {"kind": "action", "what": "attack_move", "name": null, "qty": null, "ts": "12:32:16"}
[12:32:19] t=3571 tick#2375 credits=897 stance=defend | jev 1200 decisions p50=973ms
[12:32:20] t=3573 MOVE raid x2 -> (135,76)
[12:32:20] {"kind": "action", "what": "attack_move", "name": null, "qty": null, "ts": "12:32:20"}
[12:32:22] t=3574 ALARM 单位损失 -> TURTLE (6 v 14, 守塔阵不打野战)
[12:32:22] {"kind": "action", "what": "attack_move", "name": null, "qty": null, "ts": "12:32:22"}
[12:32:31] t=3583 MOVE assault x1 -> (135,76)
[12:32:31] {"kind": "action", "what": "attack_move", "name": null, "qty": null, "ts": "12:32:31"}
[12:32:43] t=3595 MOVE assault x1 -> (135,76)
[12:32:43] {"kind": "action", "what": "attack_move", "name": null, "qty": null, "ts": "12:32:43"}
[12:32:55] t=3607 MOVE assault x1 -> (135,76)
[12:32:55] {"kind": "action", "what": "attack_move", "name": null, "qty": null, "ts": "12:32:55"}
[12:32:56] t=3609 tick#2400 credits=0 stance=defend | jev 1200 decisions p50=973ms
[12:33:01] t=3613 MOVE raid x2 -> (135,76)
[12:33:01] {"kind": "action", "what": "attack_move", "name": null, "qty": null, "ts": "12:33:01"}
[12:33:31] t=3643 MOVE raid x2 -> (135,76)
[12:33:31] {"kind": "action", "what": "attack_move", "name": null, "qty": null, "ts": "12:33:31"}
[12:33:34] t=3646 tick#2425 credits=220 stance=defend | jev 1200 decisions p50=973ms
[12:33:52] t=3664 RETREAT HTNK(36%)
[12:33:52] {"kind": "action", "what": "move", "name": null, "qty": null, "ts": "12:33:52"}
[12:33:58] t=3670 ALARM 单位损失 -> TURTLE (6 v 14, 守塔阵不打野战)
[12:33:58] {"kind": "action", "what": "attack_move", "name": null, "qty": null, "ts": "12:33:58"}
[12:34:07] t=3679 MOVE assault x1 -> (135,76)
[12:34:07] {"kind": "action", "what": "attack_move", "name": null, "qty": null, "ts": "12:34:07"}
[12:34:11] t=3684 tick#2450 credits=370 stance=defend | jev 1200 decisions p50=973ms
[12:34:19] t=3691 MOVE assault x1 -> (135,76)
[12:34:19] {"kind": "action", "what": "attack_move", "name": null, "qty": null, "ts": "12:34:19"}
[12:34:31] t=3703 MOVE assault x1 -> (135,76)
[12:34:31] {"kind": "action", "what": "attack_move", "name": null, "qty": null, "ts": "12:34:31"}
[12:34:43] t=3715 MOVE assault x1 -> (135,76)
[12:34:43] {"kind": "action", "what": "attack_move", "name": null, "qty": null, "ts": "12:34:43"}
[12:34:49] t=3721 tick#2475 credits=370 stance=defend | jev 1200 decisions p50=973ms
[12:34:53] t=3726 RETREAT HTNK(36%)
[12:34:54] {"kind": "action", "what": "move", "name": null, "qty": null, "ts": "12:34:54"}
[12:34:55] t=3727 MOVE assault x1 -> (135,76)
[12:34:55] {"kind": "action", "what": "attack_move", "name": null, "qty": null, "ts": "12:34:55"}
[12:34:58] t=3730 ALARM 单位损失 -> TURTLE (5 v 13, 守塔阵不打野战)
[12:34:58] {"kind": "action", "what": "attack_move", "name": null, "qty": null, "ts": "12:34:58"}
[12:35:27] t=3759 tick#2500 credits=595 stance=defend | jev 1200 decisions p50=973ms
[12:36:04] t=3796 tick#2525 credits=745 stance=defend | jev 1200 decisions p50=973ms
[12:36:42] t=3834 tick#2550 credits=745 stance=defend | jev 1200 decisions p50=973ms
[12:36:54] t=3846 TANK HTNK x2
[12:36:54] {"kind": "action", "what": "produce", "name": "HTNK", "qty": 2, "ts": "12:36:54"}
[12:37:19] t=3871 tick#2575 credits=1459 stance=defend | jev 1200 decisions p50=973ms
[12:37:31] t=3883 MOVE assault x1 -> (135,76)
[12:37:31] {"kind": "action", "what": "attack_move", "name": null, "qty": null, "ts": "12:37:31"}
[12:37:43] t=3895 MOVE assault x1 -> (135,76)
[12:37:43] {"kind": "action", "what": "attack_move", "name": null, "qty": null, "ts": "12:37:43"}
[12:37:55] t=3907 MOVE assault x1 -> (135,76)
[12:37:55] {"kind": "action", "what": "attack_move", "name": null, "qty": null, "ts": "12:37:55"}
[12:37:57] t=3909 tick#2600 credits=745 stance=defend | jev 1200 decisions p50=973ms
[12:38:07] t=3919 MOVE raid x2 -> (135,76)
[12:38:07] {"kind": "action", "what": "attack_move", "name": null, "qty": null, "ts": "12:38:07"}
[12:38:34] t=3946 tick#2625 credits=520 stance=defend | jev 1200 decisions p50=973ms
[12:38:37] t=3949 MOVE raid x2 -> (135,76)
[12:38:37] {"kind": "action", "what": "attack_move", "name": null, "qty": null, "ts": "12:38:37"}
[12:38:51] t=3963 RETREAT HTNK(32%)
[12:38:51] {"kind": "action", "what": "move", "name": null, "qty": null, "ts": "12:38:51"}
[12:38:55] t=3967 ALARM 单位损失 -> TURTLE (6 v 12, 守塔阵不打野战)
[12:38:55] {"kind": "action", "what": "attack_move", "name": null, "qty": null, "ts": "12:38:55"}
[12:39:04] t=3976 MOVE assault x1 -> (135,76)
[12:39:04] {"kind": "action", "what": "attack_move", "name": null, "qty": null, "ts": "12:39:04"}
[12:39:12] t=3984 tick#2650 credits=670 stance=defend | jev 1200 decisions p50=973ms
[12:39:16] t=3988 MOVE assault x1 -> (135,76)
[12:39:16] {"kind": "action", "what": "attack_move", "name": null, "qty": null, "ts": "12:39:16"}
[12:39:28] t=4000 MOVE assault x1 -> (135,76)
[12:39:28] {"kind": "action", "what": "attack_move", "name": null, "qty": null, "ts": "12:39:28"}
[12:39:40] t=4012 MOVE assault x1 -> (135,76)
[12:39:40] {"kind": "action", "what": "attack_move", "name": null, "qty": null, "ts": "12:39:40"}
[12:39:42] t=4014 RETREAT HTNK(36%)
[12:39:42] {"kind": "action", "what": "move", "name": null, "qty": null, "ts": "12:39:42"}
[12:39:48] t=4020 ALARM 单位损失 -> TURTLE (5 v 11, 守塔阵不打野战)
[12:39:48] {"kind": "action", "what": "attack_move", "name": null, "qty": null, "ts": "12:39:48"}
[12:39:49] t=4021 tick#2675 credits=895 stance=defend | jev 1200 decisions p50=973ms
[12:40:27] t=4059 tick#2700 credits=895 stance=defend | jev 1200 decisions p50=973ms
[12:40:31] t=4063 TANK HTNK x1
[12:40:31] {"kind": "action", "what": "produce", "name": "HTNK", "qty": 1, "ts": "12:40:31"}
[12:41:04] t=4096 tick#2725 credits=220 stance=defend | jev 1200 decisions p50=973ms
[12:41:09] t=4101 MOVE assault x1 -> (135,76)
[12:41:09] {"kind": "action", "what": "attack_move", "name": null, "qty": null, "ts": "12:41:09"}
[12:41:21] t=4113 MOVE assault x1 -> (135,76)
[12:41:21] {"kind": "action", "what": "attack_move", "name": null, "qty": null, "ts": "12:41:21"}
[12:41:28] t=4120 TANK HTNK x1
[12:41:28] {"kind": "action", "what": "produce", "name": "HTNK", "qty": 1, "ts": "12:41:28"}
[12:41:34] t=4126 MOVE assault x1 -> (135,76)
[12:41:34] {"kind": "action", "what": "attack_move", "name": null, "qty": null, "ts": "12:41:34"}
[12:41:42] t=4134 tick#2750 credits=1159 stance=defend | jev 1200 decisions p50=973ms
[12:41:46] t=4138 MOVE assault x1 -> (135,76)
[12:41:46] {"kind": "action", "what": "attack_move", "name": null, "qty": null, "ts": "12:41:46"}
[12:41:58] t=4150 MOVE assault x1 -> (135,76)
[12:41:58] {"kind": "action", "what": "attack_move", "name": null, "qty": null, "ts": "12:41:58"}
[12:42:06] t=4158 MOVE raid x2 -> (135,76)
[12:42:06] {"kind": "action", "what": "attack_move", "name": null, "qty": null, "ts": "12:42:06"}
[12:42:13] t=4165 RETREAT HTNK(32%)
[12:42:13] {"kind": "action", "what": "move", "name": null, "qty": null, "ts": "12:42:13"}
[12:42:18] t=4170 ALARM 单位损失 -> TURTLE (6 v 11, 守塔阵不打野战)
[12:42:18] {"kind": "action", "what": "attack_move", "name": null, "qty": null, "ts": "12:42:18"}
[12:42:19] t=4171 tick#2775 credits=595 stance=defend | jev 1200 decisions p50=973ms
[12:42:27] t=4179 MOVE assault x1 -> (135,76)
[12:42:27] {"kind": "action", "what": "attack_move", "name": null, "qty": null, "ts": "12:42:27"}
[12:42:39] t=4191 MOVE assault x1 -> (135,76)
[12:42:39] {"kind": "action", "what": "attack_move", "name": null, "qty": null, "ts": "12:42:39"}
[12:42:51] t=4203 MOVE assault x1 -> (135,76)
[12:42:51] {"kind": "action", "what": "attack_move", "name": null, "qty": null, "ts": "12:42:51"}
[12:42:57] t=4209 tick#2800 credits=820 stance=defend | jev 1200 decisions p50=973ms
[12:43:03] t=4215 MOVE assault x1 -> (135,76)
[12:43:03] {"kind": "action", "what": "attack_move", "name": null, "qty": null, "ts": "12:43:03"}
[12:43:15] t=4227 MOVE assault x1 -> (135,76)
[12:43:15] {"kind": "action", "what": "attack_move", "name": null, "qty": null, "ts": "12:43:15"}
[12:43:27] t=4239 MOVE assault x1 -> (135,76)
[12:43:27] {"kind": "action", "what": "attack_move", "name": null, "qty": null, "ts": "12:43:27"}
[12:43:33] t=4245 RETREAT HTNK(35%)
[12:43:33] {"kind": "action", "what": "move", "name": null, "qty": null, "ts": "12:43:33"}
[12:43:34] t=4246 tick#2825 credits=970 stance=defend | jev 1200 decisions p50=973ms
[12:43:39] t=4251 MOVE assault x1 -> (135,76)
[12:43:39] {"kind": "action", "what": "attack_move", "name": null, "qty": null, "ts": "12:43:39"}
[12:43:51] t=4263 MOVE assault x1 -> (135,76)
[12:43:51] {"kind": "action", "what": "attack_move", "name": null, "qty": null, "ts": "12:43:51"}
[12:44:03] t=4275 MOVE assault x1 -> (135,76)
[12:44:03] {"kind": "action", "what": "attack_move", "name": null, "qty": null, "ts": "12:44:03"}
[12:44:12] t=4284 tick#2850 credits=970 stance=defend | jev 1200 decisions p50=973ms
[12:44:15] t=4287 MOVE assault x1 -> (135,76)
[12:44:15] {"kind": "action", "what": "attack_move", "name": null, "qty": null, "ts": "12:44:15"}
[12:44:27] t=4299 MOVE assault x1 -> (135,76)
[12:44:27] {"kind": "action", "what": "attack_move", "name": null, "qty": null, "ts": "12:44:27"}
[12:44:28] t=4301 TANK HTNK x1
[12:44:28] {"kind": "action", "what": "produce", "name": "HTNK", "qty": 1, "ts": "12:44:28"}
[12:44:40] t=4313 MOVE assault x1 -> (135,76)
[12:44:40] {"kind": "action", "what": "attack_move", "name": null, "qty": null, "ts": "12:44:40"}
[12:44:49] t=4322 tick#2875 credits=672 stance=defend | jev 1200 decisions p50=973ms
[12:44:52] t=4325 MOVE assault x1 -> (135,76)
[12:44:52] {"kind": "action", "what": "attack_move", "name": null, "qty": null, "ts": "12:44:52"}
[12:45:04] t=4337 MOVE assault x1 -> (135,76)
[12:45:04] {"kind": "action", "what": "attack_move", "name": null, "qty": null, "ts": "12:45:04"}
[12:45:06] t=4338 MOVE raid x2 -> (135,76)
[12:45:06] {"kind": "action", "what": "attack_move", "name": null, "qty": null, "ts": "12:45:06"}
[12:45:07] t=4340 MOVE raid x2 -> (125,75)
[12:45:07] {"kind": "action", "what": "attack_move", "name": null, "qty": null, "ts": "12:45:07"}
[12:45:27] t=4359 tick#2900 credits=445 stance=defend | jev 1200 decisions p50=973ms
[12:45:37] t=4370 MOVE raid x2 -> (125,75)
[12:45:37] {"kind": "action", "what": "attack_move", "name": null, "qty": null, "ts": "12:45:37"}
[12:46:04] t=4397 tick#2925 credits=445 stance=defend | jev 1200 decisions p50=973ms
[12:46:07] t=4400 MOVE raid x2 -> (125,75)
[12:46:07] {"kind": "action", "what": "attack_move", "name": null, "qty": null, "ts": "12:46:07"}
[12:46:13] t=4406 MOVE raid x2 -> (135,84)
[12:46:13] {"kind": "action", "what": "attack_move", "name": null, "qty": null, "ts": "12:46:13"}
[12:46:28] t=4421 TANK HTNK x2
[12:46:28] {"kind": "action", "what": "produce", "name": "HTNK", "qty": 2, "ts": "12:46:28"}
[12:46:42] t=4434 tick#2950 credits=1459 stance=defend | jev 1200 decisions p50=973ms
[12:46:43] t=4436 MOVE raid x2 -> (135,84)
[12:46:43] {"kind": "action", "what": "attack_move", "name": null, "qty": null, "ts": "12:46:43"}
[12:47:06] t=4458 ESCORT 坦克#2877 -> 护航矿车@[107, 86]
[12:47:06] {"kind": "action", "what": "attack_move", "name": null, "qty": null, "ts": "12:47:06"}
[12:47:06] t=4458 MOVE assault x1 -> (135,84)
[12:47:06] {"kind": "action", "what": "attack_move", "name": null, "qty": null, "ts": "12:47:06"}
[12:47:13] t=4466 MOVE raid x2 -> (135,84)
[12:47:13] {"kind": "action", "what": "attack_move", "name": null, "qty": null, "ts": "12:47:13"}
[12:47:19] t=4472 MOVE assault x1 -> (135,84)
[12:47:19] {"kind": "action", "what": "attack_move", "name": null, "qty": null, "ts": "12:47:19"}
[12:47:19] t=4472 tick#2975 credits=670 stance=defend | jev 1200 decisions p50=973ms
[12:47:33] t=4485 MOVE assault x1 -> (135,84)
[12:47:33] {"kind": "action", "what": "attack_move", "name": null, "qty": null, "ts": "12:47:33"}
[12:47:36] t=4488 ESCORT 坦克#2987 -> 护航矿车@[120, 111]
[12:47:36] {"kind": "action", "what": "attack_move", "name": null, "qty": null, "ts": "12:47:36"}
[12:47:43] t=4496 MOVE raid x2 -> (135,84)
[12:47:43] {"kind": "action", "what": "attack_move", "name": null, "qty": null, "ts": "12:47:43"}
[12:47:45] t=4497 MOVE assault x2 -> (135,84)
[12:47:45] {"kind": "action", "what": "attack_move", "name": null, "qty": null, "ts": "12:47:45"}
[12:47:57] t=4509 MOVE assault x2 -> (135,84)
[12:47:57] {"kind": "action", "what": "attack_move", "name": null, "qty": null, "ts": "12:47:57"}
[12:47:57] t=4509 tick#3000 credits=145 stance=defend | jev 1200 decisions p50=973ms
[12:48:06] t=4518 ESCORT 坦克#3019 -> 护航矿车@[115, 135]
[12:48:06] {"kind": "action", "what": "attack_move", "name": null, "qty": null, "ts": "12:48:06"}
[12:48:10] t=4523 MOVE assault x2 -> (135,84)
[12:48:11] {"kind": "action", "what": "attack_move", "name": null, "qty": null, "ts": "12:48:11"}
[12:48:13] t=4526 MOVE raid x2 -> (135,84)
[12:48:14] {"kind": "action", "what": "attack_move", "name": null, "qty": null, "ts": "12:48:14"}
[12:48:21] t=4533 MOVE raid x2 -> (139,80); assault x2 -> (139,80)
[12:48:21] {"kind": "action", "what": "attack_move", "name": null, "qty": null, "ts": "12:48:21"}
[12:48:21] {"kind": "action", "what": "attack_move", "name": null, "qty": null, "ts": "12:48:21"}
[12:48:27] t=4539 ALARM 单位损失 -> TURTLE (8 v 9, 守塔阵不打野战)
[12:48:27] {"kind": "action", "what": "attack_move", "name": null, "qty": null, "ts": "12:48:27"}
[12:48:34] t=4547 RETREAT HTNK(36%)
[12:48:34] {"kind": "action", "what": "move", "name": null, "qty": null, "ts": "12:48:34"}
[12:48:35] t=4547 tick#3025 credits=370 stance=defend | jev 1200 decisions p50=973ms
[12:48:36] t=4548 ESCORT 坦克#3019 -> 护航矿车@[117, 135]
[12:48:36] {"kind": "action", "what": "attack_move", "name": null, "qty": null, "ts": "12:48:36"}
[12:48:36] t=4548 MOVE assault x1 -> (139,80)
[12:48:36] {"kind": "action", "what": "attack_move", "name": null, "qty": null, "ts": "12:48:36"}
[12:48:39] t=4551 ALARM 单位损失 -> TURTLE (7 v 9, 守塔阵不打野战)
[12:48:39] {"kind": "action", "what": "attack_move", "name": null, "qty": null, "ts": "12:48:39"}
[12:48:51] t=4563 MOVE raid x2 -> (139,80)
[12:48:51] {"kind": "action", "what": "attack_move", "name": null, "qty": null, "ts": "12:48:51"}
[12:49:12] t=4584 tick#3050 credits=520 stance=defend | jev 1200 decisions p50=973ms
[12:49:21] t=4593 MOVE raid x2 -> (139,80)
[12:49:21] {"kind": "action", "what": "attack_move", "name": null, "qty": null, "ts": "12:49:21"}
[12:49:25] t=4598 RETREAT HTNK(34%)
[12:49:26] {"kind": "action", "what": "move", "name": null, "qty": null, "ts": "12:49:26"}
[12:49:39] t=4611 RETREAT HTNK(28%)
[12:49:39] {"kind": "action", "what": "move", "name": null, "qty": null, "ts": "12:49:39"}
[12:49:49] t=4622 ALARM 单位损失 -> TURTLE (5 v 6, 守塔阵不打野战)
[12:49:50] {"kind": "action", "what": "attack_move", "name": null, "qty": null, "ts": "12:49:50"}
[12:49:50] t=4622 tick#3075 credits=520 stance=defend | jev 1200 decisions p50=973ms
[12:49:59] t=4631 MOVE assault x1 -> (139,80)
[12:49:59] {"kind": "action", "what": "attack_move", "name": null, "qty": null, "ts": "12:49:59"}
[12:50:11] t=4643 MOVE assault x1 -> (139,80)
[12:50:11] {"kind": "action", "what": "attack_move", "name": null, "qty": null, "ts": "12:50:11"}
[12:50:12] t=4644 ALARM 单位损失 -> TURTLE (5 v 6, 守塔阵不打野战)
[12:50:12] {"kind": "action", "what": "attack_move", "name": null, "qty": null, "ts": "12:50:12"}
[12:50:27] t=4659 tick#3100 credits=745 stance=defend | jev 1200 decisions p50=973ms
[12:51:05] t=4697 tick#3125 credits=895 stance=defend | jev 1200 decisions p50=973ms
[12:51:41] t=4733 TANK HTNK x2
[12:51:41] {"kind": "action", "what": "produce", "name": "HTNK", "qty": 2, "ts": "12:51:41"}
[12:51:42] t=4734 tick#3150 credits=1984 stance=defend | jev 1200 decisions p50=973ms
[12:52:18] t=4770 MOVE assault x1 -> (139,80)
[12:52:18] {"kind": "action", "what": "attack_move", "name": null, "qty": null, "ts": "12:52:18"}
[12:52:20] t=4772 tick#3175 credits=1270 stance=defend | jev 1200 decisions p50=973ms
[12:52:30] t=4782 MOVE assault x1 -> (139,80)
[12:52:30] {"kind": "action", "what": "attack_move", "name": null, "qty": null, "ts": "12:52:30"}
[12:52:42] t=4794 MOVE assault x1 -> (139,80)
[12:52:42] {"kind": "action", "what": "attack_move", "name": null, "qty": null, "ts": "12:52:42"}
[12:52:54] t=4806 MOVE raid x2 -> (139,80)
[12:52:54] {"kind": "action", "what": "attack_move", "name": null, "qty": null, "ts": "12:52:54"}
[12:52:57] t=4809 tick#3200 credits=595 stance=defend | jev 1200 decisions p50=973ms
[12:53:24] t=4836 MOVE raid x2 -> (139,80)
[12:53:24] {"kind": "action", "what": "attack_move", "name": null, "qty": null, "ts": "12:53:24"}
[12:53:35] t=4847 tick#3225 credits=595 stance=defend | jev 1200 decisions p50=973ms
[12:53:54] t=4866 MOVE raid x2 -> (139,80)
[12:53:54] {"kind": "action", "what": "attack_move", "name": null, "qty": null, "ts": "12:53:54"}
[12:54:00] t=4872 RETREAT HTNK(37%)
[12:54:00] {"kind": "action", "what": "move", "name": null, "qty": null, "ts": "12:54:00"}
[12:54:02] t=4874 RETREAT HTNK(26%)
[12:54:02] {"kind": "action", "what": "move", "name": null, "qty": null, "ts": "12:54:02"}
[12:54:06] t=4878 ALARM 单位损失 -> TURTLE (5 v 6, 守塔阵不打野战)
[12:54:06] {"kind": "action", "what": "attack_move", "name": null, "qty": null, "ts": "12:54:06"}
[12:54:12] t=4884 tick#3250 credits=820 stance=defend | jev 1200 decisions p50=973ms
[12:54:50] t=4922 tick#3275 credits=970 stance=defend | jev 1200 decisions p50=973ms
[12:55:27] t=4959 tick#3300 credits=970 stance=defend | jev 1200 decisions p50=973ms
[12:55:41] t=4973 TANK HTNK x1
[12:55:41] {"kind": "action", "what": "produce", "name": "HTNK", "qty": 1, "ts": "12:55:41"}
[12:56:05] t=4997 tick#3325 credits=595 stance=defend | jev 1200 decisions p50=973ms
[12:56:18] t=5010 MOVE assault x1 -> (139,80)
[12:56:18] {"kind": "action", "what": "attack_move", "name": null, "qty": null, "ts": "12:56:18"}
[12:56:30] t=5022 MOVE assault x1 -> (139,80)
[12:56:30] {"kind": "action", "what": "attack_move", "name": null, "qty": null, "ts": "12:56:30"}
